m_sdw,V,E_GS,E_p_bits,E_p,coh_1rdm,S,Q_2_bits,m_cdw,coh_2rdm,Q_2,U
0.09026992094996228,-4.0,-36.57324117718904,0.009449560144667135,0.00654993597180753,0.2510247755290871,0.23309718766985132,0.014389355054944986,0.3963475521719076,0.5798357350852487,0.00997394088641057,-6.0
0.08953050625621492,-3.836734693877551,-35.612308521740246,0.00981185569274512,0.0068010601094874445,0.25521371429822953,0.23512072641939707,0.014949580598007106,0.3964869494785127,0.5915339494047575,0.010362259642061833,-6.0
0.08870311421018803,-3.673469387755102,-34.65274649278699,0.010248421019447562,0.007103664134821441,0.25966953269524884,0.23735488472630256,0.015623922923525768,0.39665742039831137,0.6040535561773912,0.010829678123728037,-6.0
0.08777403388337204,-3.510204081632653,-33.69471385429547,0.010777346866100768,0.007470287594154357,0.26441801485662797,0.23982931558237178,0.016440094331065858,0.39686398183720833,0.6174834464018664,0.011395405033717498,-6.0
0.08672698986809162,-3.3469387755102042,-32.73839396896094,0.011421537121822478,0.007916806253652098,0.26948810704935783,0.24257864387358524,0.017433244641354317,0.39711238282161876,0.6319255182009322,0.012083804371166629,-6.0
0.08554263964228037,-3.183673469387755,-31.783999415788895,0.012209610224088063,0.008463056902562327,0.27491207493354725,0.2456432381195081,0.018647325522770597,0.397409219446981,0.647496008931126,0.012925341111091893,-6.0
0.08419794560883019,-3.020408163265306,-30.831777576956146,0.013177337170089398,0.009133834106735295,0.2807258907843221,0.24907016704969404,0.020137296432997775,0.39776197409652736,0.6643283993881253,0.01395811024663196,-6.0
0.08266542151328966,-2.857142857142857,-29.882017400085928,0.014369467719129059,0.009960156035661472,0.28696971906181945,0.25291428319744946,0.021971944199561833,0.39817897181728157,0.68257645394675,0.015229791173346552,-6.0
0.08091228439720835,-2.693877551020408,-28.935057577898807,0.01584152724054899,0.010980509942549954,0.29368813874945215,0.25723925946410364,0.024236709113598653,0.3986692871004346,0.7024449141498436,0.01679960658814217,-6.0
0.07889943927843025,-2.5306122448979593,-27.99129642341239,0.017662926504967924,0.012243007707356313,0.30093084013432114,0.2621187966016759,0.02703874504256465,0.3992423226390683,0.7241386234940167,0.018741829892133133,-6.0
0.07658041280366605,-2.36734693877551,-27.051203752628396,0.019920596883975517,0.013807905565198952,0.30875301271403244,0.2676375780819864,0.030513080662533998,0.3999071021344677,0.7478862118022017,0.0211500558314337,-6.0
0.07390024633258147,-2.204081632653061,-26.115335116680622,0.022724489604394105,0.01575141589894935,0.3172160889432772,0.2738920470829121,0.0348319420098151,0.400670863719255,0.7739791972606921,0.02414366239753063,-6.0
0.07079446192016325,-2.0408163265306123,-25.18434875958287,0.02621595981699354,0.01817151863282196,0.32638934636745126,0.2809909677330341,0.0402188990312089,0.40153640332784735,0.8027837503650218,0.027877616468707345,-6.0
0.06718836420907238,-1.8775510204081634,-24.259025754984343,0.030579803643661307,0.02119630467768041,0.3363527574202296,0.28905569493584704,0.04696931276410643,0.40249738871543295,0.8347182046787175,0.03255664671527825,-6.0
0.06299698254760361,-1.7142857142857142,-23.340294024689115,0.03606323169937564,0.024997127374302153,0.3472030961569423,0.29822098039478784,0.055482752873359686,0.403529933788338,0.8703360058984269,0.03845771372387308,-6.0
0.058126103011514926,-1.5510204081632653,-22.429257735674973,0.043007829301739964,0.02981075562250446,0.35906682638774085,0.3086386984962631,0.06631779345223876,0.4045773233267761,0.9103832558935391,0.0459679915523763,-6.0
0.052474852730681296,-1.3877551020408163,-21.527235929502694,0.05190816284500066,0.03597999672405883,0.37212703274562814,0.3204911235583319,0.08029234294429122,0.405521537480821,0.9559331417756461,0.05565441113238778,-6.0
0.04594001879383063,-1.2244897959183674,-20.635820919533092,0.06352930940089241,0.04403516169414878,0.38667916427448806,0.3340308433753231,0.09868378834109581,0.40612749342991544,1.0086542276035895,0.06840238965560408,-6.0
0.03842137010884562,-1.0612244897959184,-19.756985720312855,0.07916357917395755,0.05487201170746281,0.4032456900203696,0.34969082625041736,0.12366334554604208,0.40592546401411783,1.0713646467421265,0.08571689930384929,-6.0
0.029825431825010285,-0.8979591836734694,-18.89332372866669,0.10123584852952394,0.07017134297983318,0.42281087736631495,0.36837948228404754,0.1593143951115903,0.40393691422414096,1.149064136164167,0.11042832379421164,-6.0
0.020064162733139303,-0.7346938775510204,-18.04867010658209,0.1348148361676924,0.09344652358728656,0.447289429025576,0.3922828912006275,0.21416496001865148,0.3979524703709893,1.25162507850989,0.1484478382116614,-6.0
0.009062391543835022,-0.5714285714285714,-17.229916159684635,0.1913360316611148,0.13262403088543007,0.48030205148946353,0.4270853774337363,0.307419748177463,0.38238082474383017,1.3984445091656006,0.21308713169765703,-6.0
0.003047034337954907,-0.40816326530612246,-16.4527867644044,0.29442296750003516,0.20407844981474166,0.5267125792921905,0.4870249748251137,0.47876761107413435,0.341597365436805,1.6218408011685803,0.3318564197594567,-6.0
0.014574210957512157,-0.24489795918367346,-15.75777072438782,0.4530713252287666,0.3140451116748775,0.5767394721692858,0.5873355411666143,0.7431643635981735,0.2395611099499826,1.91601778322221,0.5151222833206996,-6.0
0.0213456992787426,-0.08163265306122448,-15.209596174615761,0.5497957555201043,0.38108937782258523,0.6107706587609006,0.6629716952739999,0.8974635089881491,0.07617444196821768,2.0607622328525967,0.6220743009105707,-6.0
0.02520837777634864,0.08163265306122448,-14.80307776307521,0.5525849204325546,0.3830226796177669,0.6108951909858203,0.6648563177700576,0.8951650245718619,0.06664142792731649,2.038361577984107,0.6204811129178607,-6.0
0.0300612707930292,0.24489795918367346,-14.478639491526238,0.5293797071668167,0.3669380514683287,0.5974795931391838,0.639979930927137,0.856605123480541,0.1836620064010705,1.9502901954500402,0.5937534261937403,-6.0
0.036481246782560185,0.40816326530612246,-14.205809430654181,0.48801924388286455,0.3382691629564041,0.5778011790021506,0.6031031183715714,0.7883970032024625,0.29126660013383904,1.8449712172819095,0.5464751599316973,-6.0
0.043942839101720275,0.5714285714285714,-13.974415040450486,0.4308708923393856,0.29865694421039324,0.5542099676236015,0.5577744752178726,0.6939040685448394,0.3897452457635143,1.7321224764898968,0.4809776486909305,-6.0
0.05164329014978801,0.7346938775510204,-13.779430142516182,0.36611969919894083,0.25377483724720085,0.5312068133304645,0.5094565850086352,0.5872363423164697,0.4741177543553288,1.6179624621466324,0.4070412149989955,-6.0
0.05889210925676043,0.8979591836734694,-13.616071043652875,0.3030391123008962,0.21005070629075528,0.5082042257365478,0.46385725783559195,0.48401999822404473,0.5418048241702149,1.509018252088753,0.3354970971036262,-6.0
0.06530248187128267,1.0612244897959184,-13.479236586078686,0.24753684317322877,0.17157946493023268,0.4854038220348402,0.4243311392796918,0.393844668436758,0.5938789112070288,1.4079797229207454,0.2729923215055048,-6.0
0.0707604950654555,1.2244897959183674,-13.364058812831468,0.20156183672561845,0.13971201883484619,0.46415096838710185,0.3917379629893979,0.31961930682442885,0.633255001190389,1.3182465377864594,0.22154322137787652,-6.0
0.07531199124342618,1.3877551020408163,-13.266330568956096,0.16464126270721646,0.11412062704933645,0.44498708551825744,0.3655202832327825,0.2603289630585781,0.6630204103292007,1.2400056090737521,0.18044628676214725,-6.0
0.07907003742968016,1.5510204081632653,-13.182623611987838,0.13536577462922672,0.0938284050285616,0.42797676692224773,0.34462598620171647,0.2135227643753299,0.6857265410815018,1.172362167808058,0.14800270211212485,-6.0
0.08216282765102946,1.7142857142857142,-13.110225531834276,0.11220213292445047,0.07777259208939524,0.41296224548560995,0.3279801395112832,0.1766230593123943,0.7032818370827013,1.1139113959791798,0.12242577558425749,-6.0
0.0847100755147038,1.8775510204081634,-13.047015390775295,0.09380884236156328,0.06502333459450971,0.3997083664799013,0.3146576981683983,0.14741104339725108,0.7170586845056242,1.0632478842195083,0.10217754911420407,-6.0
0.0868146985708157,2.0408163265306123,-12.991337595068327,0.07910849553983956,0.054833830641778825,0.3879722169797582,0.30391725192367264,0.12412308912339132,0.7280330309682542,1.0190980629016084,0.08603556926826883,-6.0
0.08856161862820242,2.204081632653061,-12.941894810569321,0.0672673552509564,0.04662617763592469,0.3775317833185,0.2951833528587381,0.10540455875467014,0.7369006298922264,0.9803782218280923,0.07306087271896455,-6.0
0.09001944292621153,2.36734693877551,-12.897663437970834,0.05764982297058019,0.039959812251837645,0.3681948455097948,0.28801546652991145,0.09022862446383195,0.7441619742495337,0.9461982823507906,0.06254171665290675,-6.0
0.09124302656983986,2.5306122448979593,-12.857829041085159,0.04977316971344958,0.03450013225440918,0.35979920156561856,0.28207774457090745,0.07781896965233637,0.7501814293698164,0.9158244635079534,0.05393999940859695,-6.0
0.0922760498836371,2.693877551020408,-12.821737693721273,0.04326998998568854,0.029992471561436806,0.35220956389996555,0.27711384976557063,0.06758694293143597,0.7552277547190529,0.888688082244494,0.04684769893558993,-6.0
0.09315328547213551,2.857142857142857,-12.78885946396808,0.03785918538792199,0.02624198760993446,0.3453135462148585,0.2729273008148951,0.05908357724479529,0.7595018416558972,0.8642706020860239,0.04095361498462502,-6.0
0.09390247341326222,3.020408163265306,-12.75876096492991,0.03332421688224363,0.02309858697629541,0.3390177577273435,0.2693665867738678,0.05196393319607839,0.7631558165911546,0.8421805443944015,0.03601865378566638,-6.0
0.09454582135963033,3.183673469387755,-12.731084623526055,0.029497004692464746,0.02044576563754541,0.33324437551628977,0.26631404378796,0.04596087293450779,0.7663063260551898,0.8220960447129992,0.031857649490627526,-6.0
0.0951011896665243,3.3469387755102042,-12.705532921058445,0.026246063762060956,0.01819238509746901,0.32792827664517027,0.26367759313157624,0.040865830957113936,0.7690438790731671,0.8037508983960577,0.028326035509162573,-6.0
0.09558301499344521,3.510204081632653,-12.681856323115651,0.02346773315726125,0.016266593072088664,0.3230146721698788,0.26138462657561157,0.036514656049053684,0.7714394853972355,0.7869234185064319,0.025310030889517332,-6.0
0.09600303038611262,3.673469387755102,-12.659843960927885,0.02107966359332636,0.014611309386866278,0.31845723178202345,0.2593774298361352,0.03277714210789018,0.7735494439112569,0.7714279071950728,0.022719383638896584,-6.0
0.09637080260539246,3.836734693877551,-12.639316376467933,0.01901589362726508,0.013180813053566665,0.31421625973035733,0.2576096515612326,0.02954913388728242,0.7754189468362814,0.7571069553054783,0.020481898841957502,-6.0
0.09669423037538752,4.0,-12.620119837612402,0.017223353727613855,0.011938319076082227,0.31025890548859486,0.25604414941373366,0.026746933725873223,0.7770841813357008,0.743830247064564,0.018539561700712248,-6.0
0.090187850749286,-4.0,-36.088815823648325,0.009866281832320745,0.00683878543468297,0.2534373226164729,0.23385292759411777,0.015019664282939438,0.3958438547063427,0.5869237050756931,0.010410837950675322,-5.755102040816326
0.08944315868059045,-3.836734693877551,-35.12809595832481,0.01020683847686854,0.007074841312671998,0.2577214956974034,0.23591839368813794,0.015547334455519923,0.3959601232278354,0.5989446673764809,0.010776591043065498,-5.755102040816326
0.08860958337397724,-3.673469387755102,-34.168762201139735,0.01061817348583105,0.007359957014400065,0.26228082562012495,0.23819905463903587,0.01618400862702085,0.3961055182164297,0.6118185072018515,0.011217899949977017,-5.755102040816326
0.08767359398563263,-3.510204081632653,-33.2109752160744,0.011113204308648594,0.007703086233526335,0.26713896448186136,0.24072400745253614,0.01694950108013238,0.3962855945913925,0.6256259609430546,0.01174849888559093,-5.755102040816326
0.0866183396671363,-3.3469387755102042,-32.25492061149796,0.011718639391568697,0.008122741854264204,0.27232913842818895,0.24352994003876,0.017884774360280797,0.3965050625602063,0.640485779294713,0.012396780922779183,-5.755102040816326
0.0854243384359021,-3.183673469387755,-31.3008136393614,0.012460712181947553,0.008637107516686005,0.2778838210617115,0.24665775714045277,0.019030185417835188,0.3967704684991823,0.6565152757802823,0.013190719367905057,-5.755102040816326
0.08406821760959243,-3.020408163265306,-30.34890488611828,0.013374562828595504,0.009270540515862624,0.283840577306275,0.2501557272895697,0.02043981011110052,0.3970888875751334,0.6738541987783457,0.014167796749689376,-5.755102040816326
0.08252207875516052,-2.857142857142857,-29.399487168904862,0.014504496962767899,0.010053751175183256,0.290241412829079,0.25408014696943215,0.022181887932693822,0.3974681432694732,0.6926642798025817,0.015375313080042474,-5.755102040816326
0.08075260922614276,-2.693877551020408,-28.452903888434992,0.015906221659201414,0.011025352696436785,0.2971332536634792,0.25849651539515417,0.024342313889998746,0.39791662561573526,0.7131434382939557,0.016872806241157612,-5.755102040816326
0.07872006768829085,-2.5306122448979593,-27.509559129981866,0.017649690661596384,0.01223383331984107,0.3045684977422009,0.26348073338541533,0.027029186646285286,0.39844286730611345,0.7355425062734975,0.018735204516700854,-5.755102040816326
0.07637717068698217,-2.36734693877551,-26.569929842970215,0.019822985715278296,0.013740246658825228,0.31260569654303194,0.2691202335782045,0.030379265879861173,0.39905469796968995,0.7600872893911691,0.02105730249210591,-5.755102040816326
0.07366794434238999,-2.204081632653061,-25.6345804683878,0.022537979376171524,0.01562213686011149,0.32131056111939094,0.2755149418237508,0.034567584006771845,0.3997576600593842,0.787085093264734,0.023960423393063035,-5.755102040816326
0.07052666966933391,-2.0408163265306123,-24.704180432384998,0.025938777983706363,0.01797939082657618,0.3307576952185799,0.2827780019315264,0.03982179503642502,0.40055214114945753,0.8169324253541128,0.027602364954334213,-5.755102040816326
0.06687714292277906,-1.8775510204081634,-23.77952502996456,0.030214523424696438,0.020943111723790597,0.3410339325221585,0.29103641414719017,0.04644391487464672,0.40142825860624304,0.8500753800582795,0.032192468649527406,-5.755102040816326
0.06263258988306106,-1.7142857142857142,-22.86156052958565,0.035619605236948626,0.024689628942649255,0.3522451140925191,0.3004324222705136,0.054844749746132404,0.40235673664182753,0.8871089185053531,0.03801548365504681,-5.755102040816326
0.05769668395897909,-1.5510204081632653,-21.951415248377057,0.042507789469294455,0.029464154422477185,0.36453007396090314,0.3111283119745831,0.0656021826938944,0.4032724123693763,0.928836242016282,0.0454719679728508,-5.755102040816326
0.05196613246472974,-1.3877551020408163,-21.050440989456817,0.0513947498255507,0.03562412593716435,0.37808943536577444,0.32332182621148703,0.07956783525768918,0.4040435269862366,0.9764118841168735,0.05515222067212511,-5.755102040816326
0.045335009073069935,-1.2244897959183674,-20.160276590292423,0.06308292443150076,0.043725751211170616,0.39324452156282663,0.3372905485293281,0.09807902190773676,0.4044116485339659,1.0316197874646638,0.0679831975074241,-5.755102040816326
0.03770010368888325,-1.0612244897959184,-19.282965728825076,0.07893207703224947,0.05471154665064448,0.4105571200826433,0.3535115659796336,0.12341523608280625,0.403865188892697,1.0974779929120073,0.0855449229289369,-5.755102040816326
0.02896490536661504,-0.8979591836734694,-18.421219363730287,0.10148891731206211,0.07034675689293768,0.43107067676687433,0.3729770285604051,0.15985458705470945,0.40134570643184003,1.179276969251005,0.1108027563165459,-5.755102040816326
0.01903990278058011,-0.7346938775510204,-17.57909043258535,0.13602221440033002,0.09428341440510923,0.4567755757986533,0.3980353330262604,0.2162399291362922,0.3944819824602483,1.28734123280025,0.14988609720530244,-5.755102040816326
0.007859963765168291,-0.5714285714285714,-16.763913288903748,0.1941063047363305,0.13454423785689684,0.49129421475512314,0.43463015824165313,0.3119648596734397,0.3773593516233208,1.4413954691253452,0.21623756291642282,-5.755102040816326
0.004373361526318539,-0.40816326530612246,-15.992273467509152,0.2979631911359122,0.2065323458465016,0.538828044689674,0.4967729727721758,0.484289718478506,0.334019278162934,1.6713788136147965,0.335684052937546,-5.755102040816326
0.015785157838602463,-0.24489795918367346,-15.305003309994559,0.44929820700423884,0.3114297854156267,0.5870439010908651,0.5955262331750774,0.735826998709793,0.23088425483269076,1.9599633351440084,0.5100364095355792,-5.755102040816326
0.0223916054700913,-0.08163265306122448,-14.761718948091715,0.5364431950907034,0.3718340882076896,0.6201270731005023,0.6656451401210209,0.8739553038934695,0.07336663770361478,2.094126614811227,0.6057796548291678,-5.755102040816326
0.02621683997080835,0.08163265306122448,-14.35410860803297,0.539510759006212,0.3739603614869118,0.6200654657469437,0.6671095415236618,0.8726444410846077,0.06490123467257303,2.071064167457195,0.6048710339691055,-5.755102040816326
0.030979236676200124,0.24489795918367346,-14.026767834340406,0.5184509112428102,0.3593627873866885,0.6063248707581828,0.642983199495381,0.8377599335347115,0.18003455703104623,1.983065537464792,0.5806909359156731,-5.755102040816326
0.03727031705923102,0.40816326530612246,-13.75088954852866,0.4797571462721457,0.3325423132920231,0.5863494997225067,0.6069882300092084,0.7741116431808988,0.2865064339489138,1.8766350399635265,0.5365733029094661,-5.755102040816326
0.04459823628276396,0.5714285714285714,-13.516499004139654,0.425372845595827,0.29484598861150846,0.5623968655135454,0.5625249498031912,0.6843725084079266,0.3844391455058817,1.7624630786870417,0.4743708746556914,-5.755102040816326
0.05218452195296275,0.7346938775510204,-13.318628974575654,0.36290069267253466,0.2515435919492184,0.5384967151115334,0.5147804100891594,0.5816187878110619,0.4688991664641248,1.6462678813038092,0.40314742293193007,-5.755102040816326
0.059345928590194705,0.8979591836734694,-13.152584531566333,0.30132538633584893,0.20886284196982996,0.5151868159445616,0.46935110304187055,0.48098248251343234,0.5371079699190925,1.535338240892077,0.33339165165290785,-5.755102040816326
0.0656905609611694,1.0612244897959184,-13.013330292288062,0.2466486596539097,0.17096382302799729,0.4919907365678794,0.42968391553670626,0.3922277060848751,0.5898612666620703,1.4322153539266118,0.27187152861022623,-5.755102040816326
0.07109721778259791,1.2244897959183674,-12.896016257490418,0.20106082134832848,0.13936474143866096,0.47029311974905563,0.3967832375656502,0.3186800426701524,0.629892919061341,1.3403457209167287,0.2208921730775395,-5.755102040816326
0.0756067392232611,1.3877551020408163,-12.796418762619936,0.1642944939909463,0.11388026529134732,0.4506751911248526,0.3701964561053424,0.25967269044546226,0.6602184660136061,1.260029971848189,0.17999139325068692,-5.755102040816326
0.07932945489457735,1.5510204081632653,-12.71107818166347,0.13506626201849148,0.093620798706888,0.43322781336120764,0.3489275798166638,0.2129663144731131,0.6833792323245522,1.1905068024945589,0.14761700043128068,-5.755102040816326
0.08239207922954003,1.7142857142857142,-12.637248210274995,0.11190803678898087,0.07756874018228044,0.41780656395914006,0.3319266194294083,0.17609245940866414,0.7012970929140454,1.130365409838294,0.12205799175698173,-5.755102040816326
0.08491341387741626,1.8775510204081634,-12.572776944378642,0.0935083679951898,0.06481506163462769,0.40418116999552606,0.318277586269445,0.14688292828144034,0.7153628195973867,1.07820268637653,0.10181148761066838,-5.755102040816326
0.08699571214688719,2.0408163265306123,-12.515982361135306,0.07880215025181991,0.05462148826911006,0.3921089411662541,0.30724090453697545,0.12359518474251363,0.7265689771187003,1.032731576653906,0.08566965383505876,-5.755102040816326
0.08872335662345109,2.204081632653061,-12.46554519812724,0.06695971319530392,0.0464129364124275,0.3813658294222784,0.2982399342071342,0.10488195672467171,0.7356245700663346,0.9928485141625005,0.0726986325953165,-5.755102040816326
0.0901644976342449,2.36734693877551,-12.420423836841598,0.05734600604828133,0.039749222408739904,0.3717566616228544,0.2908318172670628,0.089717861518674,0.7430401650998902,0.9576448197348699,0.062187682757536056,-5.755102040816326
0.0913735998986815,2.5306122448979593,-12.379789041523548,0.04947752929104565,0.03429520992916024,0.3631160560766311,0.2846780771058815,0.07732575002749664,0.749187660866663,0.9263691453211765,0.05359812561624144,-5.755102040816326
0.09239401159175611,2.693877551020408,-12.342974682151818,0.04298575971022567,0.029795458147370057,0.35530565316658563,0.27951979394919435,0.06711547568647136,0.7543414408818323,0.898433059682375,0.046520902744016546,-5.755102040816326
0.09326022435882152,2.857142857142857,-12.309440702072083,0.03758852710321392,0.02605438158299389,0.3482102466157241,0.27515808894769045,0.05863657641524922,0.7587066200107522,0.8733040824496702,0.040643777619917554,-5.755102040816326
0.09399974212875381,3.020408163265306,-12.278745256359178,0.0330684025770851,0.022921270011927453,0.34173392254975443,0.2714392817726399,0.051542856883856736,0.7624385266053006,0.8505786561168196,0.03572678592704914,-5.755102040816326
0.0946345728502766,3.183673469387755,-12.250523656222224,0.029256611319643522,0.020279137648949064,0.33579665720173263,0.26824378314743696,0.04556619483267488,0.7656562612830375,0.8299246967987546,0.03158407947711339,-5.755102040816326
0.09518241293632036,3.3469387755102042,-12.224472355259145,0.026021172132574044,0.01803650209855867,0.3303313718902696,0.26547780748277594,0.040497329973198326,0.7684522336394789,0.8110672419992284,0.02807061009112788,-5.755102040816326
0.09565755982061097,3.510204081632653,-12.200336679598694,0.023258058705401652,0.016121257816946732,0.32528159790433553,0.2630672301960105,0.03617160555310894,0.7708989490501958,0.7937772887392845,0.025072246405464238,-5.755102040816326
0.09607162136918793,3.673469387755102,-12.177901351601282,0.020884671611886674,0.014476151244699365,0.3205995454383493,0.2609530318656057,0.03245847156521231,0.7730539025435048,0.7778628361466133,0.02249849805071147,-5.755102040816326
0.09643408840970163,3.836734693877551,-12.156983110827964,0.018834944615474747,0.013055388756219033,0.31624453007292985,0.25908776641122877,0.029253653272099722,0.7749631318265962,0.7631621006286877,0.02027708728663402,-5.755102040816326
0.0967527428884257,4.0,-12.137424921809096,0.017055636021631404,0.011822066021050404,0.31218178723446555,0.2574331194052998,0.026473207467287097,0.7766638387071291,0.7495375892725645,0.01834982911632821,-5.755102040816326
0.09009788913639963,-4.0,-35.60466530965323,0.0103569205582974,0.007178870284267225,0.25598299947031466,0.2346709891358328,0.015761590800401848,0.3952983958299551,0.5944288092699181,0.010925102224437655,-5.510204081632653
0.08934739943103917,-3.836734693877551,-34.644174086213475,0.01067822186484868,0.007401579379013201,0.26036986609176743,0.2367826254688233,0.01626033358770096,0.3953889911885449,0.6067988791212687,0.011270804381278587,-5.510204081632653
0.08850729736477278,-3.673469387755102,-33.68508584620971,0.011063631146838837,0.007668724736186627,0.26503865688513856,0.23911362037022724,0.016858122893506966,0.39550707412018443,0.6200474637817354,0.011685160353167134,-5.510204081632653
0.08756348937356515,-3.510204081632653,-32.72756333679438,0.01153006697134673,0.007992033412856259,0.27001735522589226,0.24169511663269133,0.017580920410633638,0.39565714601145513,0.634272317318257,0.012186165414279415,-5.510204081632653
0.08649925742617327,-3.3469387755102042,-31.77179462970881,0.012098738262499076,0.00838620631498399,0.27533719675538393,0.24456342241129142,0.018461295116901866,0.39584440418816536,0.6495846799955725,0.012796394659765564,-5.510204081632653
0.08529470755041267,-3.183673469387755,-30.817997910252085,0.012796500626118146,0.008869858330027736,0.28103316072982776,0.24776094731455825,0.0195405508723967,0.39607476962708105,0.6661119320238418,0.013544477743789418,-5.510204081632653
0.08392610046077346,-3.020408163265306,-29.866427283372968,0.013657641943883636,0.009466756006500043,0.287144550399205,0.2513372910954236,0.02087154586652895,0.396354855847903,0.6840009583527829,0.014467053171311584,-5.510204081632653
0.08236508395848695,-2.857142857142857,-28.91737981806654,0.014725730364631318,0.010207098483929977,0.2937154069006455,0.25535036205766504,0.02252149257373315,0.3966919127112369,0.7034216682818811,0.015610709079484142,-5.510204081632653
0.08057777092573026,-2.693877551020408,-27.971204092418922,0.016056206626641423,0.011129314353744535,0.30079515916499033,0.2598676644671588,0.024576046208887092,0.3970935733144199,0.7245731576900183,0.01703481713900068,-5.510204081632653
0.07852370174503052,-2.5306122448979593,-27.028310545529596,0.017719380155956088,0.012282138396370712,0.3084392378083055,0.2649675759041756,0.027144047226507872,0.397567369582901,0.7477305114895874,0.01881481980403965,-5.510204081632653
0.07615469441438033,-2.36734693877551,-26.089183987851467,0.019804488886093985,0.013727425633826895,0.316709931450859,0.270740617056821,0.03036412678786382,0.3981197682240705,0.7731440995443676,0.021046808873172118,-5.510204081632653
0.07341365799259374,-2.204081632653061,-25.154398670025447,0.022425435294837204,0.015544127247445916,0.3256776001112938,0.2772905877594752,0.03441436290055977,0.3987544113063036,0.8011319792866195,0.023854218615289025,-5.510204081632653
0.07023349688898946,-2.0408163265306123,-24.22463637648662,0.025729443086361492,0.01783429093268918,0.33542271320043854,0.28473554271554385,0.03952703711600902,0.39946896725530057,0.8321152369879324,0.027398054332849586,-5.510204081632653
0.06653633170046008,-1.8775510204081634,-23.300708147669233,0.029910476162356314,0.02073236222114261,0.34603964637227397,0.29320881574666047,0.0460114830511289,0.40024955415412056,0.86657950266064,0.031892729750271354,-5.510204081632653
0.06223338203715284,-1.7142857142857142,-22.383580606483903,0.03523073137149213,0.024420082119214204,0.3576441822440861,0.30286105575723477,0.054290638486858445,0.40106083817541976,0.9051624962141545,0.03763140299796497,-5.510204081632653
0.05722596984243605,-1.5510204081632653,-21.474408923784907,0.04205708798677721,0.02915175196059594,0.37038867045323165,0.31386621483005656,0.06496306955336761,0.40182818147378424,0.948730085480724,0.04502896850143667,-5.510204081632653
0.05140811366816352,-1.3877551020408163,-20.574581417031418,0.0509278071957624,0.035300465969843264,0.38449278423550814,0.3264393120047029,0.07891631649470376,0.4024044569461103,0.9985256014644479,0.05470062227847983,-5.510204081632653
0.0446708954347695,-1.2244897959183674,-19.685788882524953,0.06268501336654264,0.04344994027838145,0.4003056752159811,0.34088567001241366,0.09755104621152721,0.40250521482235485,1.0564620049030315,0.06761723264219288,-5.510204081632653
0.03690789918550209,-1.0612244897959184,-18.810153986074646,0.07875911884113984,0.05459166116812186,0.4184306818179133,0.3577308080358012,0.12325951202741114,0.401572510511628,1.1257578501385923,0.08543698323899473,-5.510204081632653
0.028019600048455422,-0.8979591836734694,-17.950518841532794,0.10182060730694742,0.07057666687771191,0.43997151633333414,0.37805705304976656,0.16051617800141793,0.39846040293264706,1.2120204264562848,0.11126133621594114,-5.510204081632653
0.017916005121675495,-0.7346938775510204,-17.11117735293749,0.13732506335440586,0.09518648048432232,0.4669870806015198,0.40438057134821204,0.21845380713842077,0.39062451029528367,1.3260116042565382,0.15142064050058224,-5.510204081632653
0.0065465570605416174,-0.5714285714285714,-16.299942846352113,0.1968872820143539,0.13647186441636028,0.5030556000463331,0.4428775983352498,0.3164873443684364,0.3718245074188392,1.4876200610087393,0.21937231043188632,-5.510204081632653
0.005804939711458823,-0.40816326530612246,-15.53426719173692,0.3009370085112786,0.20859363897573724,0.5515509356178554,0.5071111963348548,0.4888005197166736,0.3258848511068181,1.724149001783082,0.33881070209784747,-5.510204081632653
0.017079143859899663,-0.24489795918367346,-14.855031699886652,0.44406099357177853,0.30779962569092634,0.5975978220181062,0.6037261117205736,0.725999561424929,0.22208508685559164,2.0049313449099984,0.5032245490894458,-5.510204081632653
0.0235200411693475,-0.08163265306122448,-14.316471363864599,0.522112831698955,0.3619010372262996,0.6298468390138885,0.6684126901728689,0.848866434545124,0.07059232586339967,2.12896839355979,0.5883893757769263,-5.510204081632653
0.027303618932426783,0.08163265306122448,-13.907631275343606,0.5255477867267122,0.3642819666191395,0.6295748499895334,0.6694744720084295,0.8486791093254333,0.06314013273580263,2.105080314280953,0.58825953182905,-5.510204081632653
0.03196843196573344,0.24489795918367346,-13.5772244465307,0.5066794251660043,0.3512034150015495,0.6155276072800783,0.6460976851422671,0.8175380943903598,0.17630961162820794,2.0171707385717026,0.5666742251270276,-5.510204081632653
0.03812090875588978,0.40816326530612246,-13.29810873060659,0.47072586910211944,0.3262823089847642,0.5952520819803451,0.6109894348494294,0.7585589487919688,0.2815874769990122,1.90966714537991,0.5257929966436685,-5.510204081632653
0.045304239710208416,0.5714285714285714,-13.060529622353277,0.41921240241645163,0.29057589479072443,0.5709210697843065,0.5674035930108616,0.6737404886756928,0.37891961002460933,1.7941164382572041,0.4670013201546359,-5.510204081632653
0.052765816612738006,0.7346938775510204,-12.859583911008754,0.35915638565909536,0.2489482360997024,0.546046032411524,0.5202530936713691,0.5751241497904758,0.46342726611784696,1.6757394747469336,0.398645682899204,-5.510204081632653
0.05983104410725023,0.8979591836734694,-12.690669049526868,0.29922548685668193,0.20740730256638584,0.5224138847662239,0.47500997967149594,0.4772982329455453,0.5321456799887805,1.562724952293376,0.3308379244524482,-5.510204081632653
0.06610339117762995,1.0612244897959184,-12.548821176077638,0.24548880474154844,0.1701598728656355,0.49880504362993405,0.4352038851986082,0.39015460750475883,0.5855914271714056,1.4574588248569396,0.27043456617439565,-5.510204081632653
0.0714540002396835,1.2244897959183674,-12.429213016117508,0.20037060711378718,0.13888632138800627,0.4766434019420305,0.4019851825694585,0.31742231610992455,0.6263056693015617,1.3633222540292627,0.2200203834584018,-5.510204081632653
0.07591814276099537,1.3877551020408163,-12.327606414732335,0.16381429826226146,0.11354741897589249,0.4565512689349557,0.3750118758211681,0.25879131393742627,0.6572221316316942,1.2808326537162134,0.17938046960913034,-5.510204081632653
0.07960296651656214,1.5510204081632653,-12.240510077766626,0.1346705126122285,0.0933464861217288,0.43864717855448876,0.35334900299275873,0.2122471882862138,0.6808666266422974,1.2093391134708558,0.14711854014236447,-5.510204081632653
0.08263342299893763,1.7142857142857142,-12.165142272756501,0.1115428646309673,0.07731562213053489,0.4228009717138275,0.3359743189983993,0.1754415161391658,0.6991724141146504,1.1474247199887397,0.12160679226502502,-5.510204081632653
0.08512723140078743,1.8775510204081634,-12.099318147272864,0.0931543138347628,0.064569649991562,0.40878767112339165,0.3219821036077892,0.14626394979445356,0.7135483350288592,1.0936900306626234,0.10138244441758637,-5.510204081632653
0.08718587644845072,2.0408163265306123,-12.041327256547286,0.07845476823228337,0.05438070140169127,0.3963648846945167,0.3106349378120254,0.1229975614634582,0.7250039485847048,1.0468343845926313,0.08525541294414385,-5.510204081632653
0.0888931342392141,2.204081632653061,-11.989826597270627,0.06662028345674109,0.046177661646144674,0.3853064247238731,0.30135489324563075,0.10430522254840024,0.7342620822986199,1.0057342210593692,0.07229887092710108,-5.510204081632653
0.09031665212282441,2.36734693877551,-11.94375495930328,0.057017385375133234,0.039521439915673584,0.37541398194393505,0.29369652983829964,0.08916472631901762,0.7418439389872973,0.9694591212068379,0.06180427865342608,-5.510204081632653
0.09151047118863556,2.5306122448979593,-11.90226697465488,0.04916246002189739,0.03407682055356931,0.36651879172706153,0.28731844610082274,0.0767991994328181,0.74812943621079,0.9372415687486138,0.05323314855611816,-5.510204081632653
0.09251758236395238,2.693877551020408,-11.864683192275512,0.04268629866615514,0.029587887568985005,0.3584792268644725,0.2819588582233189,0.06661773230668055,0.7533989793833197,0.9084710225246944,0.046175893323673556,-5.510204081632653
0.09337217695216005,2.857142857142857,-11.830452498112232,0.03730595442496121,0.02585851712775944,0.3511770859949257,0.27741624390085046,0.058168868592229916,0.7578622242665307,0.8826004536980815,0.040319587261066214,-5.510204081632653
0.09410150645651741,3.020408163265306,-11.799123810914011,0.032803312546617835,0.02273752360471515,0.3445137893469725,0.27353455052297926,0.05110550274868331,0.7616779524649395,0.8592135258930585,0.035423635141348164,-5.510204081632653
0.09472737001406516,3.183673469387755,-11.770324675511418,0.029009068429623586,0.020107553992664062,0.33840694777101343,0.27019208303047015,0.04515880820395024,0.7649679180636173,0.837967244040564,0.03130170058401527,-5.510204081632653
0.09526728526753718,3.3469387755102042,-11.74374497220727,0.025790835756339447,0.017876845088791393,0.3327874581097298,0.2672932148925779,0.04011898484295262,0.7678265923101346,0.8185775053658724,0.027808361230819756,-5.510204081632653
0.09573540272749068,3.510204081632653,-11.719124428494034,0.023044323829697344,0.015973108090465038,0.32759705413534523,0.2647622112103799,0.03582103708413875,0.7703280979872728,0.8008074446490022,0.024829250859603746,-5.510204081632653
0.0961432094608506,3.673469387755102,-11.696242969699982,0.020686752034600353,0.014338963847725816,0.32278642016980036,0.2625386117003782,0.03213419239169468,0.772531216602077,0.7844585738603441,0.0222737248558742,-5.510204081632653
0.09650008849035516,3.836734693877551,-11.67491320237156,0.018651967141598558,0.012928558436095638,0.31831348509163254,0.2605737627571335,0.028954080565171125,0.77448302552568,0.769363201745259,0.020069439309453596,-5.510204081632653
0.09681373380499989,4.0,-11.654974511306827,0.01688664995833644,0.011704933807723306,0.3141424056071283,0.2588282912193736,0.026196681809689704,0.7762215396507262,0.7553793250815777,0.018158156136411918,-5.510204081632653
0.08999893184525348,-4.0,-35.12081118980938,0.010931587209037641,0.007577198852989575,0.2586732611698771,0.23555862606077732,0.016630608134519775,0.39470638474120684,0.6023896016018463,0.011527459139439422,-5.26530612244898
0.08924206914201682,-3.836734693877551,-34.160566099894346,0.011236336431729388,0.007788434917476161,0.26317086741113344,0.23772116676110508,0.01710434184891163,0.3947684617997216,0.615137283541056,0.011855826327906271,-5.26530612244898
0.08839469286049804,-3.673469387755102,-33.201742434185824,0.01159976528145279,0.008040344599996141,0.2679587446318918,0.24010806885117625,0.017669067570965424,0.3948559272253458,0.6287953205401029,0.012247264369937838,-5.26530612244898
0.08744242985423802,-3.510204081632653,-32.244505231111354,0.012038841332165262,0.008344688926598787,0.2730666182279419,0.24275154947687208,0.018350863983758625,0.3949728469958424,0.6434684108093219,0.012719849631180669,-5.26530612244898
0.08636833114352119,-3.3469387755102042,-31.289045273052757,0.01257355199969279,0.0087153221182108,0.27852686130584436,0.2456888279259327,0.019180471155043843,0.39512412783923906,0.6592725192140199,0.013294889502929674,-5.26530612244898
0.08515222059106498,-3.183673469387755,-30.335583974928912,0.013229293633508998,0.00916984758286632,0.2843757317980446,0.24896339365584197,0.02019698098265943,0.39531535290073466,0.6763403573642405,0.013999480423953159,-5.26530612244898
0.08376992279388681,-3.020408163265306,-29.384379317983,0.014039716091350574,0.00973158962458176,0.29065471518088015,0.252626443472896,0.02145227444889919,0.3955525392115756,0.6948278333987631,0.014869583550852106,-5.26530612244898
0.08219259314460205,-2.857142857142857,-28.435733058908852,0.015047288015533677,0.010429985263040509,0.29741003367610463,0.2567376608299078,0.023012011213269457,0.3958422977305637,0.714913667298086,0.015950710691491565,-5.26530612244898
0.08038571300958787,-2.693877551020408,-27.4899994888275,0.01630676683281207,0.011302989454212042,0.304693850291812,0.2613667820737203,0.024960926841891773,0.3961914055798531,0.7368088487542989,0.01730159606462056,-5.26530612244898
0.07830802797378668,-2.5306122448979593,-26.5475960651781,0.01788841345626402,0.012399303351900093,0.3125649417174355,0.2665949590337717,0.0274079958358997,0.39660625554597495,0.7607814568620155,0.018997775038452236,-5.26530612244898
0.0759103605881684,-2.36734693877551,-25.60901629191086,0.01988234963270985,0.013781394590820284,0.32108971287241456,0.27251617265505185,0.030493420695256734,0.39709176752453884,0.7871441001643321,0.021136428580544653,-5.26530612244898
0.07313437982396717,-2.204081632653061,-24.67484528314666,0.022404522125028414,0.015529631342756423,0.33034364477234446,0.27923856960877397,0.03439849225948466,0.39764943030740213,0.816215072824766,0.02384321792517463,-5.26530612244898
0.06991145855255657,-2.0408163265306123,-23.745778531069526,0.02560558505746613,0.017748439089170676,0.34041366648602434,0.28688572199523293,0.03936065574640146,0.3982738360092958,0.8484416666588216,0.02728272755560779,-5.26530612244898
0.06616184958072566,-1.8775510204081634,-22.822644572677223,0.029684857433519785,0.02057597523536825,0.3514024492221403,0.2955980845438915,0.0456973283154376,0.39894658611052963,0.884354114697693,0.03167497428096677,-5.26530612244898
0.061794533476875114,-1.7142857142857142,-21.906432695141323,0.03491306746225442,0.02419989427616076,0.3634366808606123,0.3055357528299146,0.05384458951705229,0.3996255195712258,0.924636970731856,0.03732222541215169,-5.26530612244898
0.056708207474210084,-1.5510204081632653,-20.998328035920604,0.04167122444661109,0.028884291735649326,0.3766834706046625,0.3168857661695294,0.06442314167018859,0.4002253465190444,0.9702248952966204,0.04465471901150453,-5.26530612244898
0.05079389748031802,-1.3877551020408163,-20.09975974756047,0.05052169703554954,0.035018971857294856,0.39138314155395454,0.32988243924969307,0.07835864734995068,0.4005817173896283,1.0224580445780662,0.05431407548310885,-5.26530612244898
0.04393938985079646,-1.2244897959183674,-19.212476830811788,0.062348527299775025,0.04321670590990356,0.4079146402244531,0.34486183360800593,0.09711830821964895,0.40038116095157184,1.083389736624874,0.06731728152320082,-5.26530612244898
0.036034846285924585,-1.0612244897959184,-18.338690453196172,0.07865539582006109,0.05451976584850193,0.42692480705405456,0.3624024319739572,0.12321053810383464,0.3990144140822616,1.156448130814185,0.08540303710194674,-5.26530612244898
0.026977870295497353,-0.8979591836734694,-17.481389215282736,0.10223614888148136,0.07086469834850573,0.4495774163661419,0.38368286373456845,0.1613037122926424,0.3952399880323162,1.2475683379659221,0.11180721338949695,-5.26530612244898
0.016679419220553486,-0.7346938775510204,-16.645133322414754,0.13871125658743333,0.09614731641550622,0.4779880935022274,0.4113892588032285,0.2207810923796698,0.3863297186585323,1.3679395916491748,0.15303379170391285,-5.26530612244898
0.0051093070971976766,-0.5714285714285714,-15.83825057570905,0.1996104468762252,0.13835941846256605,0.5156310511023617,0.45188740954156587,0.32086725988136644,0.3657233930997907,1.537344765348983,0.22240823652076402,-5.26530612244898
0.007351323982379573,-0.40816326530612246,-15.079044543665686,0.3031599729518142,0.21013448051017902,0.5648705454312484,0.5180303667141088,0.4919919964333519,0.31717855296022124,1.7798006749799793,0.3410228651858356,-5.26530612244898
0.0184646092217975,-0.24489795918367346,-14.408100632125633,0.43724450174128204,0.3030747935973077,0.6083833874585035,0.6119076551021239,0.7135071642188175,0.21319463544022463,2.050888873430441,0.4945654791875951,-5.26530612244898
0.02473963043370108,-0.08163265306122448,-13.874069355879492,0.506743861646707,0.35124807896647403,0.6399334516567844,0.6712782572247782,0.8221111429587711,0.06785205893484643,2.165318690178421,0.569844020848786,-5.26530612244898
0.02847670121483662,0.08163265306122448,-13.463849411700258,0.5106345090048956,0.3539448702133552,0.6394257513131213,0.6719545806810057,0.8231790817513898,0.06135797625763395,2.1404231411639483,0.5705842596118993,-5.26530612244898
0.03303607329866838,0.24489795918367346,-13.130200494013133,0.4940045334484826,0.34241784954364674,0.6250947055024263,0.649327360925501,0.7958490029616816,0.1724826976595797,2.052628259285215,0.5516404925543328,-5.26530612244898
0.039039282591660326,0.40816326530612246,-12.847642908794894,0.4608684523049704,0.31944966832421606,0.6045193672034814,0.6151124860788267,0.7416527444789085,0.2764999637909345,1.9440624052634965,0.5140745087901011,-5.26530612244898
0.04606606947442966,0.5714285714285714,-12.606666328071327,0.4123384940511339,0.285811264587877,0.5797957856313602,0.5724179019005801,0.6619293820864796,0.3731726128205857,1.8270963872459531,0.45881448492303,-5.26530612244898
0.053391365851393646,0.7346938775510204,-12.402437810427127,0.35484372448165535,0.24595892716384893,0.5538636940014968,0.5258840843737161,0.5676849707030271,0.4576843342364062,1.7064482428893795,0.39348923688905835,-5.26530612244898
0.06035072432639196,0.8979591836734694,-12.230451238749259,0.2967062022286826,0.20566106752946034,0.5298957429193129,0.48084548702596497,0.4729145283308167,0.5268977410984161,1.5912340972430188,0.3277993719583421,-5.26530612244898
0.06654350183155569,1.0612244897959184,-12.08582040062723,0.24403385960170043,0.16915138174407973,0.5058577712486393,0.4409041352921406,0.3875878377934012,0.5810486679082163,1.4837373861957066,0.2686554169858213,-5.26530612244898
0.07183282710025297,1.2244897959183674,-11.963745965937294,0.19947579120298542,0.1382660822623134,0.4832129328972298,0.4073572152470343,0.3158212237748921,0.6224737536848634,1.387229614439569,0.21891059082055753,-5.26530612244898
0.07624779662659058,1.3877551020408163,-11.85997763066024,0.16319103164615756,0.11311540347820248,0.46262603540938785,0.37997932779554794,0.2576690840935383,0.6540140756443312,1.3024929263352396,0.1786025991568989,-5.26530612244898
0.07989188397975092,1.5510204081632653,-11.770992252135915,0.13417272595452223,0.09300144670341948,0.4442448745210399,0.35790187866513523,0.211355783300605,0.6781738168402297,1.2289038594178117,0.14650066528985262,-5.26530612244898
0.08288795789136331,1.7142857142857142,-11.693971071020616,0.11110328993546004,0.07701093216969812,0.42795463622253394,0.3401335166604735,0.1746646056160288,0.6968951927821572,1.1651292060167537,0.12106827892636485,-5.26530612244898
0.0853524611316632,1.8775510204081634,-11.62669415048794,0.09274492238462395,0.06428588146215297,0.4135361623013868,0.32578020447413925,0.14555102195578495,0.7116046417865393,1.1097451133356324,0.10088828049627097,-5.26530612244898
0.08738599119657933,2.0408163265306123,-11.567420447203594,0.0780655823028078,0.054110938271961784,0.4007474970512367,0.3141070956866846,0.12232874580536457,0.7233290629728689,1.0614374027644293,0.08479182525642237,-5.26530612244898
0.08907164164090477,2.204081632653061,-11.514781223719345,0.06624892230484525,0.04592025371073816,0.3893602384220835,0.304534908465463,0.10367390596089887,0.7328057009398693,1.0190617992277398,0.07186127561443323,-5.26530612244898
0.09047650514840697,2.36734693877551,-11.467693943048687,0.056664207299868874,0.039276635528568304,0.37917276959098006,0.29661536267233124,0.08856941575150179,0.7405669976520147,0.9816649674304805,0.06139164081199544,-5.26530612244898
0.0916541620826529,2.5306122448979593,-11.42529563187991,0.0488284483922139,0.033845301334179956,0.3700127408685366,0.2900038226637379,0.07623991923808537,0.7470014177871194,0.9484636289058924,0.05284548506599629,-5.26530612244898
0.09264721841625198,2.693877551020408,-11.386892282596692,0.04237223687337277,0.029370196522796377,0.36173505758501295,0.28443534288592043,0.0660945616575499,0.7523958240217183,0.9188204035593448,0.04581325906327649,-5.26530612244898
0.09348954356126088,2.857142857142857,-11.351920692539673,0.03701217772472676,0.02565488663627824,0.3542183421536516,0.27970549455479976,0.057681446803495184,0.7569647629863139,0.8921759941073033,0.03998173222246093,-5.26530612244898
0.0942081201147564,3.020408163265306,-11.319919684201704,0.032529701784248743,0.022547871076207926,0.3473611821485022,0.2756556288542911,0.050652949966750516,0.760870747725053,0.868099527637913,0.035109949456496814,-5.26530612244898
0.09482452326677908,3.183673469387755,-11.290508317879542,0.028755132607685585,0.019931539093644535,0.3410787055511542,0.2721617667440934,0.04473980672501687,0.7642384045569932,0.8462365044803661,0.031011270890242137,-5.26530612244898
0.09535608395815555,3.3469387755102042,-11.263369299116354,0.025555813356220813,0.017713939974780546,0.33529963807521623,0.2691262856815796,0.03973190400394522,0.7671644395519936,0.8262930530221166,0.027540057238613525,-5.26530612244898
0.09581679326315876,3.510204081632653,-11.238236251215696,0.022827263347487303,0.01582265322921006,0.3299638575088728,0.26647170870808906,0.03546403346636051,0.7697247388806181,0.8080241361124217,0.02458179480849143,-5.26530612244898
0.09621800984930368,3.673469387755102,-11.21488387592941,0.020486599273926487,0.014200228525983682,0.325020412832524,0.26413606571554654,0.03180532966288885,0.7719794752517942,0.7912242497988207,0.02204577458261081,-5.26530612244898
0.09656900368556637,3.836734693877551,-11.193120285275192,0.01846761004271169,0.012800771832785829,0.32042585736132284,0.26206940399027134,0.028651385296730947,0.7739768422870327,0.7757198220116015,0.01985962693756571,-5.26530612244898
0.09687738136716925,4.0,-11.172780976778697,0.01671701192068209,0.011587349680207915,0.3161430168105822,0.2602311378291897,0.025918273298514816,0.7757557927578649,0.7613636834479339,0.017965178061847276,-5.26530612244898
0.08988983791034458,-4.0,-34.63727732042187,0.011599884514564618,0.008040427246091442,0.26151956089382283,0.236523629772268,0.017641474482046338,0.39406266820991676,0.6108442864018325,0.012228138298149727,-5.020408163265306
0.08912597774386248,-3.836734693877551,-33.6772977134682,0.01189102379727025,0.008242229619048969,0.2661365353825605,0.2387423354559151,0.018094444853069547,0.39409305736248407,0.6240002480563142,0.012542113433702262,-5.020408163265306
0.08827049992193219,-3.673469387755102,-32.71875973547696,0.012236762101528242,0.008481877149856931,0.271053861557333,0.24119137125731926,0.018632395269187363,0.3941462075501784,0.6381051548358969,0.012914992247915702,-5.020408163265306
0.08730891356758477,-3.510204081632653,-31.761830953279073,0.01265192912307711,0.008769649000305302,0.2763016364301482,0.24390350799189714,0.019278197457380575,0.3942260839162561,0.6532654427257867,0.013362628213860805,-5.020408163265306
0.08622396863108464,-3.3469387755102042,-30.806705142022942,0.013155773671963189,0.0091188874288064,0.2819138720643809,0.24691714314781138,0.02006151894942132,0.3943371622212714,0.6696037631270217,0.013905585297540934,-5.020408163265306
0.08499510135231397,-3.183673469387755,-29.853607284553274,0.01377301848438428,0.009546728930251325,0.2879288716098289,0.25027723963732573,0.021020470055901352,0.39448447087475874,0.6872612546214848,0.014570279553292487,-5.020408163265306
0.08359772895866972,-3.020408163265306,-28.90279964743304,0.014535690909194265,0.010075373171198887,0.2943899087072951,0.2540365246533248,0.022204469915906078,0.3946735058012239,0.7064013678354804,0.015390965718037997,-5.020408163265306
0.08200244337413456,-2.857142857142857,-27.954589173854135,0.015485153369718674,0.010733490398758594,0.3013457780517687,0.2582567375045577,0.0236774967203095,0.39491010575497904,0.7272136491266591,0.01641199009439953,-5.020408163265306
0.08017402389020872,-2.693877551020408,-27.009336481751273,0.016675146458823065,0.011558330753357327,0.30885167752176174,0.2630101260559435,0.025522910299875967,0.395200065000593,0.7499209731626527,0.017691133314042595,-5.020408163265306
0.07807033380533651,-2.5306122448979593,-26.0674668092946,0.018175404375959214,0.012598230298733304,0.3169700783323409,0.2683809574902816,0.027849035272397238,0.3955484771394563,0.7747854516107692,0.019303480280376206,-5.020408163265306
0.07564108850124691,-2.36734693877551,-25.129483310301673,0.020076455066676324,0.013915938225105284,0.32577192958077267,0.2744671026902049,0.0307969507122432,0.395958500994948,0.8021861048063668,0.021346819556034013,-5.020408163265306
0.0728265747009107,-2.204081632653061,-24.195983174733623,0.022496034792298225,0.015593063090060033,0.33533836465845357,0.2813816008110164,0.034550923252054666,0.39642917766661734,0.832444508611157,0.02394887503790466,-5.020408163265306
0.06955645477096647,-2.0408163265306123,-23.267677157159984,0.025588356416312852,0.017736497105130145,0.34576343573327467,0.2892542390576412,0.03935390932237848,0.3969516087341668,0.8660358010206678,0.027278051290818173,-5.020408163265306
0.06574889185088623,-1.8775510204081634,-22.345413311145737,0.029558598654971124,0.020488459318996455,0.35715894434321793,0.298233495393058,0.045532204551034905,0.3975022809983682,0.9035394006261637,0.031560519209227866,-5.020408163265306
0.06131035897025955,-1.7142857142857142,-21.430206255355085,0.034686820679656005,0.024043071956691975,0.36966353942420394,0.3084900988749145,0.053536152241067114,0.3980313199921531,0.9456915812936014,0.0371084329839233,-5.020408163265306
0.05613661560149569,-1.5510204081632653,-20.523274690066756,0.04136926451456269,0.02867498906010768,0.3834604256805903,0.32022577823480025,0.0640101175290817,0.39844143514255004,0.9935024858092892,0.04436843249259326,-5.020408163265306
0.050115352487920574,-1.3877551020408163,-19.626093590968487,0.05019393802579142,0.03479178662377769,0.3988122345913082,0.3336963826456892,0.0779200193015015,0.3985489476572176,1.0484176170810573,0.054010041688012045,-5.020408163265306
0.043130733323932066,-1.2244897959183674,-18.740477351743206,0.062088817575945754,0.04303668884706768,0.4161295976711369,0.34927194314810156,0.09680231423273833,0.39800799842246953,1.1126408491880433,0.06709825118210055,-5.020408163265306
0.035069309738043314,-1.0612244897959184,-17.86873650909331,0.0786325391110041,0.05450392278506233,0.4361042864899375,0.36758852087653404,0.12328329714726438,0.396152580717003,1.1898328404187137,0.08545346982775914,-5.020408163265306
0.025826135826725306,-0.8979591836734694,-17.014023364855646,0.10273856556870387,0.07121294705872039,0.45995800309931945,0.3899263559317173,0.16221714401819343,0.39163732140844876,1.286222610348669,0.11244035601469715,-5.020408163265306
0.015315150520909893,-0.7346938775510204,-16.181191718560964,0.14015915240976629,0.0971509213225008,0.489845077213683,0.41913874978703475,0.22317977609067796,0.38154119808177583,1.4134975181182174,0.15469643255525334,-5.020408163265306
0.0035338774836373614,-0.5714285714285714,-15.37911700029565,0.2021830804536715,0.14014263217338674,0.5290591973789738,0.46171728408681273,0.32494478129027593,0.3590010015345185,1.5907785112499648,0.225234558989023,-5.020408163265306
0.009022855356284545,-0.40816326530612246,-14.626912735562321,0.3044209816542498,0.21100854513693434,0.5787618307639619,0.5295064174295643,0.49351510115284025,0.3078932952055485,1.8381711460834744,0.3420786009278469,-5.020408163265306
0.019951078449344992,-0.24489795918367346,-13.964475541728463,0.4287405162854081,0.2971802800550458,0.6211983715937113,0.6200432581826794,0.6981910787790455,0.20424587774547173,2.0980342057896526,0.4839491777478009,-5.020408163265306
0.026059976806226126,-0.08163265306122448,-13.43474846962307,0.49027488785309403,0.3398326562147156,0.6507006589893705,0.6742443858142142,0.7936050412615931,0.06514638858100996,2.203013952252107,0.5500850968286324,-5.020408163265306
0.02974497413898176,0.08163265306122448,-13.022985383311456,0.4947079456216299,0.34290541770823535,0.6496169255290009,0.6745522326970528,0.7960540757381831,0.05955468911378503,2.177091178951552,0.5517826381711748,-5.020408163265306
0.034190202251347904,0.24489795918367346,-12.68590505492388,0.4803631173806733,0.3329623404573996,0.6350302367256726,0.6526752908691493,0.7725999076378609,0.1685493497095612,2.089517853737977,0.5355254476800573,-5.020408163265306
0.040032436702738816,0.40816326530612246,-12.399684862541699,0.4501248327193488,0.3120027586994334,0.6141597890406509,0.6193625481554992,0.7233032542693363,0.27123371447638656,1.9799750312545281,0.5013556113866233,-5.020408163265306
0.046889582048691744,0.5714285714285714,-12.15508404730065,0.40469663867337147,0.28051433407853454,0.5890330917292798,0.5775751850591033,0.6488561507123998,0.36718326130119266,1.8614479689028085,0.4497528114552787,-5.020408163265306
0.05406589286458548,0.7346938775510204,-11.947347533887962,0.3499163050940033,0.24254350030786243,0.5619576069943009,0.5316830665765294,0.5592291692055325,0.4516513631734577,1.7384428181792402,0.38762812192169527,-5.020408163265306
0.060908666996942695,0.8979591836734694,-11.772070211764932,0.2937314150048316,0.20359910215248211,0.537642295925057,0.4868699174954644,0.46777447055359067,0.5213422691599165,1.6209217135754992,0.324236555402142,-5.020408163265306
0.0670137605087883,1.0612244897959184,-11.624450080440425,0.2422582110105176,0.1679205959294363,0.5131600059906859,0.44679885865520336,0.38448663559018215,0.5762103569138707,1.511109285204766,0.2665058274223142,-5.020408163265306
0.07223594819343147,1.2244897959183674,-11.499721481176545,0.19835951635600102,0.13749233949939654,0.49001319757419437,0.41291411999023203,0.3138496985972714,0.6183757360052968,1.412124108931294,0.21754403370228736,-5.020408163265306
0.07659750558177267,1.3877551020408163,-11.39362467663631,0.1624141967313788,0.11257694254726358,0.46891074752047013,0.3851130509927208,0.25628897454208754,0.6505751590970504,1.3250397343918408,0.1776459801124477,-5.020408163265306
0.08019768799611254,1.5510204081632653,-11.302604631803437,0.1335666688697401,0.09258135994384387,0.4500315276220164,0.36259923932558336,0.21028184852665666,0.6752843006994045,1.2492490536991068,0.14575627042918526,-5.020408163265306
0.08315692102949365,1.7142857142857142,-11.223803905602656,0.11058582262927708,0.07665225116538577,0.43327734909487975,0.3444157836121412,0.1737558597251092,0.6944514585422681,1.1835218317234,0.12043838427422937,-5.020408163265306
0.08559015050593273,1.8775510204081634,-11.154965179102533,0.0922784344913139,0.06396253669413965,0.4184355334327803,0.32968198972196405,0.14474105838558904,0.7095200073974501,1.12640594101065,0.10032685653123341,-5.020408163265306
0.08759695167898487,2.0408163265306123,-11.094314434063406,0.07763391589251034,0.05381172991672112,0.4052647804374724,0.3176661189857641,0.12158740265326129,0.7215344862287442,1.0765740494726324,0.08427796534071419,-5.020408163265306
0.08925964938982114,2.204081632653061,-11.040455006493087,0.06584562566280328,0.04564070978037793,0.3935344407366498,0.3077875151942333,0.10298776923665232,0.7312471704787998,1.0328605634030645,0.07138568187854366,-5.020408163265306
0.0906447234539461,2.36734693877551,-10.992281116476233,0.05628688070360566,0.039015092662218365,0.38303943634122717,0.2995948060029293,0.08793237369993667,0.7392023869134254,0.9942880555065972,0.06095007691005394,-5.020408163265306
0.09180525201482519,2.5306122448979593,-10.948910555656195,0.04847615108650549,0.033601107450009104,0.37360363464324775,0.29273980111367337,0.07564876935525566,0.7457977217430433,0.9600571957546313,0.052435731191425194,-5.020408163265306
0.09278342507332345,2.693877551020408,-10.909633392022904,0.042044372455345425,0.029142938225835024,0.36507827170542084,0.28695407783371485,0.06554706779833541,0.7513269728850271,0.9295010830117209,0.045433765238387824,-5.020408163265306
0.09361276639146537,2.857142857142857,-10.873873192833726,0.036708067383352194,0.025444093410575075,0.357338605799255,0.2820300204671642,0.0571755470384403,0.7560099625472603,0.9020482392555959,0.03963106922666704,-5.020408163265306
0.0943199711730375,3.020408163265306,-10.841157733053516,0.0322484680896995,0.02235293473375255,0.3502802263816991,0.27780614426664413,0.05018649290085753,0.7600132421555147,0.8772521932237001,0.03478662605642091,-5.020408163265306
0.094926374880553,3.183673469387755,-10.81109679478019,0.028495705137312477,0.01975171767399564,0.3438156319596111,0.2741559863106193,0.044310503981944915,0.763464555204674,0.854746240092961,0.030713700904275054,-5.020408163265306
0.09544910864317746,3.3469387755102042,-10.783365244899054,0.02531697769835395,0.017548391711913025,0.3378712608759092,0.2709797634552049,0.03933736732609949,0.7664630373813723,0.8342261837101015,0.027266585252736508,-5.020408163265306
0.09590199731791448,3.510204081632653,-10.75769004526962,0.022607731156211397,0.01567048510978508,0.33238501145941696,0.26819812774964613,0.03510185416458267,0.7690864869547145,0.815438259067027,0.024330751246605775,-5.020408163265306
0.09629625911429693,3.673469387755102,-10.733840204508322,0.020285035057515888,0.014060514857676898,0.32730421307857416,0.26574749072523635,0.03147310265431713,0.7713965966544947,0.7981695161817233,0.021815492368313816,-5.020408163265306
0.09664104695635274,3.836734693877551,-10.711618942777301,0.01828267912809256,0.012672587490719422,0.3225839692721689,0.2635764947452862,0.028346761029428347,0.7734427782604005,0.7822403026941612,0.019648477485554317,-5.020408163265306
0.09694386687716836,4.0,-10.690857532365317,0.01654743626971289,0.011469808795846914,0.31818593587276933,0.261643339924425,0.02563904433219033,0.775264973829717,0.7675049771880345,0.017771631291108925,-5.020408163265306
0.08976917878482751,-4.0,-34.154090172681336,0.012374010624371934,0.008577010576502175,0.2645353998351633,0.23757525828746448,0.018812994592614096,0.39336115731623567,0.6198386397587999,0.01304017415976011,-4.775510204081633
0.08899751602913095,-3.836734693877551,-33.194397509270964,0.012656092136298813,0.008772534581182212,0.2692819734767109,0.2398564094374656,0.019251868246649373,0.3933560655646512,0.6334396188170606,0.013344378195675688,-4.775510204081633
0.08813310283974919,-3.673469387755102,-32.23616867367026,0.012987871267883921,0.009002506350809014,0.2743392868526904,0.2423742785176235,0.019768430141430482,0.39337091900434784,0.6480294439015768,0.013702431616628097,-4.775510204081633
0.08716118269058673,-3.510204081632653,-31.279574032388556,0.013383502754964027,0.009276737200619722,0.2797389503924348,0.2451627245989391,0.020384584653359017,0.39340927385307384,0.6637207411794384,0.014129517379360745,-4.775510204081633
0.08606421815087739,-3.3469387755102042,-30.32481067644865,0.013860937391135142,0.009607669672582864,0.28551643381451347,0.24826131369064677,0.02112808898459706,0.3934752051386792,0.6806422287728406,0.014644875310292793,-4.775510204081633
0.08482125383476824,-3.183673469387755,-29.372107544493133,0.014443743335581072,0.010011639969789599,0.2917119854664948,0.25171653132234667,0.022035362054843244,0.3935731873675324,0.6989431460669365,0.015273749080932042,-4.775510204081633
0.08340722118032505,-3.020408163265306,-28.421731657885235,0.015162602351062482,0.010509915069590425,0.2983711593146365,0.2555829472064533,0.023153826949656064,0.3937080405713832,0.7187965251489156,0.01604900986932689,-4.775510204081633
0.08179209082484315,-2.857142857142857,-27.47399571952587,0.016057518613248334,0.011130223753561763,0.3055455385980246,0.2599245933301987,0.024545397151262804,0.393884728519457,0.7404037256945234,0.017013572831121593,-4.775510204081633
0.07993986455116485,-2.693877551020408,-26.529267380389474,0.01718088286836439,0.011908880519737597,0.31329365855695057,0.2648165337249125,0.026291403445282135,0.3941079264824635,0.7640010561724028,0.01822381217106095,-4.775510204081633
0.07780742282278309,-2.5306122448979593,-25.587980537752042,0.018601433103991205,0.012893530910406126,0.32168207380849,0.27034654351779575,0.028498883202052294,0.39438124310471057,0.789869808081535,0.019753920540609204,-4.775510204081633
0.0753432444188609,-2.36734693877551,-24.650649098660626,0.02040951262084212,0.014146796129739014,0.33078676021058373,0.2766168806334445,0.03130882484109776,0.39470582586571357,0.8183819976541694,0.021701623665251635,-4.775510204081633
0.07248606910612385,-2.204081632653061,-23.717883729535505,0.02272410939795444,0.015751152359928078,0.3406950985908256,0.28374610628964214,0.034907716621478624,0.39507792551442694,0.8499455204348301,0.024196185355962907,-4.775510204081633
0.06916364112656774,-2.0408163265306123,-22.79041224574946,0.025702791443540374,0.017815817421610536,0.351509003285383,0.2918710260334317,0.039543900800039555,0.39548467190703385,0.8850385229474954,0.027409743347889037,-4.775510204081633
0.0652917767298031,-1.8775510204081634,-21.86910455686776,0.029556897897065948,0.020487280443449274,0.3633503264314075,0.30114917463520374,0.04555314861045767,0.39589674485287957,0.9242946647667233,0.03157503652496718,-4.775510204081633
0.06077413105754671,-1.7142857142857142,-20.955003704360216,0.03457659066027219,0.02396666632954303,0.37637082362664487,0.3117632629408838,0.05340120647929458,0.39625553524702894,0.9685073514483223,0.03701489570962213,-4.775510204081633
0.05550316700459953,-1.5510204081632653,-20.049366119100686,0.04117449281716734,0.02853998360720511,0.39077120581384206,0.3239315043649884,0.06375766067468502,0.39645020813717974,1.0187694279893194,0.044193442735755095,-4.775510204081633
0.04936285582737308,-1.3877551020408163,-19.153718371562604,0.049965741587084445,0.03463361290567435,0.4068380769779616,0.33793373462196363,0.077630648435556,0.39627536906102623,1.0766405872405191,0.05380946508814555,-4.775510204081633
0.042233393850615725,-1.2244897959183674,-18.26994852861965,0.0619238787611458,0.04292236197262378,0.4250154279392609,0.35417735439406056,0.09662783659298269,0.3953490231769216,1.1444863892864108,0.0669773124980324,-4.775510204081633
0.033997592433912385,-1.0612244897959184,-17.40047888651865,0.07870276855492353,0.05455260212610691,0.4460405167022729,0.37336046996602745,0.12349264098951407,0.39294257232731156,1.2262074232654583,0.08559857592178277,-4.775510204081633
0.024548543439451675,-0.8979591836734694,-16.548644638981035,0.1033271540802363,0.07162092552599897,0.47118803447525226,0.39686866261368836,0.16324923583611683,0.38759842329769534,1.3283127149167044,0.11315574754836932,-4.775510204081633
0.013806003463247608,-0.7346938775510204,-15.719621978885332,0.1416339729155185,0.0981731889978954,0.5026247739104713,0.4277122985891058,0.22558547904946247,0.376196368399283,1.4629443276262182,0.15636393877839927,-4.775510204081633
0.001804390842307302,-0.5714285714285714,-14.922861954162292,0.20448299173087836,0.14173680919072096,0.5433681966991568,0.4724191860436995,0.32851212869400603,0.35160188255958874,1.6480958214630506,0.22770725578399542,-4.775510204081633
0.010830700068363484,-0.40816326530612246,-14.178211436430153,0.30448461414040295,0.21105265181530308,0.5931824515005565,0.5414977827938999,0.4929848792399092,0.298032778046298,1.8991182611519581,0.34171107910382803,-4.775510204081633
0.021549273605710347,-0.24489795918367346,-13.524443749133495,0.41845088847011924,0.2900480535458674,0.6348906850178601,0.6281053796826704,0.6799141500626251,0.1952731472894878,2.1459269780643564,0.47128057613871954,-4.775510204081633
0.02749175445360061,-0.08163265306122448,-12.998765324591709,0.47264536549123237,0.3276128024949727,0.6618640889101767,0.6773117542337075,0.7632677028235402,0.06247587496091733,2.2422561047380363,0.5290568562246034,-4.775510204081633
0.031118312427978283,0.08163265306122448,-12.585281788249684,0.4777047465588349,0.33111969821735987,0.6601424690317264,0.6772682610734729,0.7672155402188348,0.05773028444389652,2.215064146784134,0.5317932885844594,-4.775510204081633
0.03543977113299059,0.24489795918367346,-12.244566680578647,0.4656904415759744,0.3227920165921023,0.6453345492097781,0.6561432579047305,0.7476974301664971,0.1645051807064006,2.1280185513131085,0.5182643656318238,-4.775510204081633
0.041108191803781405,0.40816326530612246,-11.95444580325739,0.43843228778553645,0.3038981041449911,0.6241790255206937,0.6237438739483991,0.7034180346981045,0.26577820904350435,2.017373561110939,0.4875722275060079,-4.775510204081633
0.04778135098126561,0.5714285714285714,-11.705974750455779,0.3962290887274995,0.2746450757073027,0.5986433667746357,0.58288229956114,0.6344337619410703,0.360935835146089,1.8972090468460396,0.43975597334149175,-4.775510204081633
0.05479472486995043,0.7346938775510204,-11.494485415769828,0.34432430301272277,0.23866741983153705,0.5705813204318393,0.5376597629162893,0.5496800643868336,0.4453080412231798,1.772295041535044,0.3810091868397425,-4.775510204081633
0.06150906108935598,0.8979591836734694,-11.31567891134744,0.290261912931689,0.2011942265725366,0.5456627190538352,0.49309613693451837,0.46181677745073246,0.5154556267021236,1.651843088499662,0.32010699722525526,-4.775510204081633
0.06751742363913055,1.0612244897959184,-11.16484450715081,0.24013384143126615,0.16644809514511105,0.5207226825867416,0.45290332127376304,0.3808067396208288,0.5710518087520098,1.5396341410022,0.26395511790640214,-4.775510204081633
0.07266591858238901,1.2244897959183674,-11.037256514212489,0.19700330235848762,0.13655228359078397,0.4970559266895755,0.4186720913354156,0.3114782792095423,0.6139880560205059,1.4380646078039003,0.21590029103975716,-4.775510204081633
0.07696931586984805,1.3877551020408163,-10.92864891563836,0.1614723339933346,0.11192409304591378,0.4754171441851284,0.3904288303176012,0.25463253167656674,0.6468842389260377,1.348526300666734,0.1764978214104529,-4.775510204081633
0.08052205319277879,1.5510204081632653,-10.835434918236428,0.13284561950137208,0.09208156660711553,0.4560183602354832,0.36745564239083717,0.2090144084003409,0.6721797946210506,1.270426047388679,0.14487774787910057,-4.775510204081633
0.08344170760994762,1.7142857142857142,-10.754716702573198,0.10998679068033068,0.07623703385890823,0.43877953148585735,0.34883410332727116,0.1727091439758861,0.6918257130869472,1.2026487920761957,0.11971285620380678,-4.775510204081633
0.08584147740856614,1.8775510204081634,-10.68419710264475,0.0917530946675047,0.0635983988764306,0.42349529006010544,0.3336988196864016,0.14383098405220052,0.7072814144632533,1.1437135014241595,0.09969604107294439,-4.775510204081633
0.0878197618412869,2.0408163265306123,-10.622066533094433,0.07715920193470893,0.05348268327529904,0.409925313908077,0.32132184678082193,0.12077236710645156,0.7196093142299548,1.0922804172962408,0.083713025749387,-4.775510204081633
0.08945801918887449,2.204081632653061,-10.566897991850963,0.06541055485646208,0.045339141677618544,0.39783672904955436,0.3111211939186428,0.10224682833390375,0.729577347537154,1.047162189270515,0.0708721007808415,-4.775510204081633
0.09082205065895567,2.36734693877551,-10.517560339178779,0.05588600546771216,0.038737227122702445,0.38702086853146633,0.3026421575229879,0.08725433584192688,0.7377424159251498,1.0073561458360134,0.060480096880461964,-4.775510204081633
0.09196438552432835,2.5306122448979593,-10.473150327177981,0.04810642314827929,0.0333448315720537,0.3772976279000096,0.29553266304026715,0.07502691220183166,0.7445118517834871,0.9720464898277216,0.052004692658817575,-4.775510204081633
0.09292676319511371,2.693877551020408,-10.432940583620365,0.04170369842019106,0.028906800978877545,0.3685143724992542,0.2895204782534752,0.06497665189513002,0.7501869119890536,0.9405345062009496,0.04503838306333385,-4.775510204081633
0.09374233519512801,2.857142857142857,-10.396340180689217,0.03639468211891295,0.025226871298099862,0.36054280089990387,0.2843944976103622,0.056652692459166154,0.7549931209828527,0.9122360850411063,0.03926865404919999,-4.775510204081633
0.09443748811232103,3.020408163265306,-10.362864792201732,0.03196068644014671,0.022153459694748134,0.3532753322037042,0.27999014383226795,0.04970769622504001,0.7591014075469552,0.8866882019172035,0.03445474949051652,-4.775510204081633
0.0950333012474526,3.183673469387755,-10.332114043814537,0.028231846365631252,0.01956882471033894,0.3466216854126819,0.2761782536933361,0.04387245578102217,0.7626429014163979,0.8635112222490979,0.030410069028856235,-4.775510204081633
0.0955466922667916,3.3469387755102042,-10.303754229970103,0.02507536354448492,0.017380917542375363,0.3405058842416804,0.2728567068666215,0.03893690251059345,0.76571938255992,0.8423899996457204,0.026989004194954536,-4.775510204081633
0.09599130848726632,3.510204081632653,-10.277505035990012,0.02238669656658354,0.015517275607178194,0.3348637386856716,0.26994413948118956,0.034735937182397425,0.7684107303104399,0.8230615313582533,0.024077116922085473,-4.775510204081633
0.09637821859214346,3.673469387755102,-10.253129259779111,0.02008298260045205,0.013920462766737751,0.3296407549874549,0.26737521920107793,0.031138883566221853,0.7707803005349277,0.8053049932919187,0.02158382934971126,-4.775510204081633
0.09671644993494989,3.836734693877551,-10.230424792405719,0.018098059450266213,0.012544618881558112,0.3247904989377024,0.2650970922700183,0.028041534611254804,0.772878830438317,0.7889396482520619,0.01943691065436548,-4.775510204081633
0.09701340512143054,4.0,-10.209218311003962,0.016378793897946498,0.01135291481133427,0.3202731021411097,0.2630666555458746,0.025360298420299632,0.7747473503417741,0.7738047196440322,0.017578419348188934,-4.775510204081633
0.0896353356375381,-4.0,-33.67127919778353,0.013267249201884379,0.009196156378072029,0.26773535348097166,0.23872397190891004,0.020165749306262803,0.3925949884435217,0.6294222504560392,0.013977832275514412,-4.530612244897959
0.08885495309184899,-3.836734693877551,-32.71189734526654,0.013545494799506841,0.00938902152956711,0.27262273502857476,0.24107469451245986,0.020598175311623113,0.39255010641705523,0.6435086992659989,0.014277567141931069,-4.530612244897959
0.08798053606254104,-3.673469387755102,-31.75400378120452,0.013869047371275922,0.009613291082451791,0.27783251566424416,0.24366940951854127,0.02110174354803318,0.39252188535923815,0.6586289746751296,0.014626614045218034,-4.530612244897959
0.08699716408604938,-3.510204081632653,-30.79777198337635,0.014249886033742332,0.00987726832758895,0.2833970328165427,0.24654276233525813,0.021695098035792615,0.3925136809553477,0.6748988642757827,0.015037896035480447,-4.530612244897959
0.08588684234450782,-3.3469387755102042,-29.843402730218603,0.014706174177352427,0.010193543167855035,0.2893543772838301,0.24973609936927793,0.022406397091623287,0.39252881920516874,0.6924577863317762,0.015530930970564238,-4.530612244897959
0.08462822050077103,-3.183673469387755,-28.891129362706508,0.015259812201258605,0.010577295803176678,0.2957466660116546,0.25329748818073716,0.02326960476188944,0.39257121815927853,0.7114628791549081,0.016129260933447576,-4.530612244897959
0.0831956891704679,-3.020408163265306,-27.941224198142045,0.015940019650339643,0.011048779678703102,0.30262197525040646,0.25728357494449733,0.024330003141479484,0.39264491909685717,0.7320978328700188,0.016864273080530623,-4.530612244897959
0.08155853110884632,-2.857142857142857,-26.994006360660673,0.016785245915327263,0.011634645881214434,0.31003495232659334,0.2617609640806585,0.02564720291531808,0.3927538889176507,0.7545770617399451,0.0177772863900012,-4.530612244897959
0.07967987863311946,-2.693877551020408,-26.049851350370208,0.01784628321553683,0.012370100894323555,0.3180478373284486,0.26680790261287246,0.027300082409299264,0.39290151516663707,0.7791522137962542,0.018922975151059784,-4.530612244897959
0.07751551218122367,-2.5306122448979593,-25.109202740034398,0.019190465045899607,0.013301816740199479,0.32673171069562196,0.2725161303540581,0.029393614129299195,0.3930897029463863,0.8061246762839246,0.02037410076019075,-4.530612244897959
0.07501252373331559,-2.36734693877551,-24.172586468379688,0.020907345372223052,0.014491867497749444,0.33616811500872806,0.2789928667038322,0.032067871811789495,0.39331729665680293,0.8358586885513335,0.022227754932898858,-4.530612244897959
0.07210791427925174,-2.204081632653061,-23.240628303313535,0.023116438807671447,0.01602309438412397,0.34645134410330963,0.28636292247782197,0.035510382639654114,0.3935773570191309,0.8688603404203628,0.02461392160728071,-4.530612244897959
0.0687272681624302,-2.0408163265306123,-22.314075210085246,0.025978080360225864,0.018006633158049956,0.3576919931593915,0.2947710457016417,0.03997407799907693,0.3938524828935339,0.9056100090166551,0.02770791946054363,-4.530612244897959
0.06478375554487895,-1.8775510204081634,-21.393821674283224,0.02970965907843981,0.020593166425617593,0.3700229708395514,0.304385009211417,0.045804239681946246,0.39410674560416903,0.9468011314795791,0.031749079593232477,-4.530612244897959
0.060177854231478214,-1.7142857142857142,-20.480942755652702,0.03461196387606558,0.023991185174337293,0.38361036462055614,0.3154010295219395,0.053482901894372326,0.39427162570015123,0.9932901833269999,0.03707152265624769,-4.530612244897959
0.0547983195656353,-1.5510204081632653,-19.57673745960694,0.04111505181475161,0.028498782243971066,0.3986738432267487,0.32805579635903265,0.06370631194747656,0.3942209813971438,1.046260367009069,0.044157850510265106,-4.530612244897959
0.04852497536716397,-1.3877551020408163,-18.682790641121166,0.04986251981222578,0.0345620650234586,0.41552556468499924,0.34265576795580077,0.07752644091984884,0.3937250134186413,1.1073944190151919,0.05373723394244001,-4.530612244897959
0.04123369964758902,-1.2244897959183674,-17.801073575678405,0.06187447480406627,0.04288811775906609,0.4346441245415793,0.3596491640204322,0.09662293812841227,0.392361461191889,1.179230310359801,0.0669739171411261,-4.530612244897959
0.0328035351387667,-1.0612244897959184,-16.934134392225616,0.07887823006929606,0.054674222780091375,0.4568114425658336,0.3798000776636775,0.12385205037788127,0.3893329641372486,1.265909861872583,0.08584769952599602,-4.530612244897959
0.02312658389461055,-0.8979591836734694,-16.08551233465111,0.10399532243626997,0.07208406453812288,0.4833462772007911,0.4046004692920738,0.16438196335332078,0.3830618418832492,1.3742242483687375,0.1139408944332625,-4.530612244897959
0.012132326019421496,-0.7346938775510204,-15.260735435062992,0.1430832323234017,0.09917773907036964,0.5163910076933594,0.4371973031600396,0.22790417959406817,0.3702267914387181,1.5165997395794433,0.15797113952345487,-4.530612244897959
9.659218091820354e-5,-0.5714285714285714,-14.469849221015721,0.2063532653918818,0.14303318410572108,0.5585701896198059,0.48403427288677275,0.3313058314926711,0.34347262489873154,1.7095397049893926,0.22964370300221315,-4.530612244897959
0.012786890593173825,-0.40816326530612246,-13.733314114965111,0.3030962942033484,0.2100903417652189,0.6080698995918791,0.5539430604671974,0.4899904056656781,0.2876138155657342,1.9624123905037458,0.3396354681885887,-4.530612244897959
0.02327122227048982,-0.24489795918367346,-13.088315534761412,0.4062910067265504,0.28161946579937025,0.6489133342383655,0.636066505826043,0.6585666652901221,0.1863114714173159,2.1947824701443994,0.4564836272566133,-4.530612244897959
0.029046795941401787,-0.08163265306122448,-12.56639903111508,0.4537975655935633,0.314548503136145,0.6733351220759686,0.6804785682127065,0.7310260552157248,0.05984109764580627,2.282923389655299,0.5067086490886381,-4.530612244897959
0.03260766354121784,0.08163265306122448,-12.151002970914885,0.459562750331695,0.31854462468278855,0.6709906258591563,0.6801014424047735,0.7365794211748908,0.05588488848490496,2.2548945921142853,0.510557949045852,-4.530612244897959
0.036794730647782846,0.24489795918367346,-11.806435000843388,0.44992130475279346,0.3118616838632502,0.6560031918368199,0.6597313008254352,0.7210496760839002,0.16034597301283607,2.1678824906826977,0.4997935500212165,-4.530612244897959
0.042275281771475284,0.40816326530612246,-11.512157042951653,0.425726152467484,0.2950908822734699,0.6345790797352329,0.6282593956569064,0.6819033586794627,0.2601226940363446,2.0562047202211486,0.4726593904830261,-4.530612244897959
0.04874875554899778,0.5714285714285714,-11.259549118052645,0.38687516003534217,0.268161426407175,0.6086345684858583,0.5883453086239608,0.618571912253719,0.35441385950868176,1.9344073237209596,0.4287613769522389,-4.530612244897959
0.055583874649559196,0.7346938775510204,-11.044040866721257,0.33801450496082985,0.23429380110196507,0.5800839081353989,0.5438236658451048,0.5389565793728237,0.4386327670433678,1.8076596423269766,0.3735762334365047,-4.530612244897959
0.06215665756279909,0.8979591836734694,-10.86144560867927,0.286255241025307,0.19841701323719918,0.5539650415976931,0.4995374051467344,0.4549756551791493,0.5092123592708397,1.6840513211689403,0.3153650926108411,-4.530612244897959
0.06805819479854236,1.0612244897959184,-10.70715151308879,0.2376301242994603,0.16471265067427976,0.5285563052471054,0.45923378547604476,0.3765001337440248,0.565546142456607,1.5693720920858638,0.26097000618511323,-4.530612244897959
0.07312564498843734,1.2244897959183674,-10.576479806196284,0.19538686901596503,0.1354318573768516,0.5043529272061021,0.424648750668079,0.3086748727268658,0.6092848343974607,1.4651171223208173,0.21395711774032655,-4.530612244897959
0.07736555174355778,1.3877551020408163,-10.46516186002604,0.16035290402564284,0.11114816331997379,0.4821573555950918,0.39594407803416604,0.2526797142605277,0.6429179539111839,1.373011804520847,0.17514423152437741,-4.530612244897959
0.08086687695093889,1.5510204081632653,-10.369579488660051,0.13200230622843456,0.09149702638964996,0.46221715213691494,0.3724872851198676,0.207541681456755,0.6688400266049009,1.2925026724347575,0.14385693135041944,-4.530612244897959
0.08374389389632622,1.7142857142857142,-10.28679277763814,0.10930232095884085,0.07576259560127863,0.44447222727321517,0.3534029966351947,0.17151803575596558,0.6890007441616252,1.2225596343906244,0.1188872428994272,-4.530612244897959
0.08610776870090475,1.8775510204081634,-10.2144620792237,0.09116715887702176,0.06319225913526805,0.4287255645577727,0.33784343543349726,0.14281775245897776,0.7048744005319522,1.1617119253085073,0.09899372245084814,-4.530612244897959
0.0880555493526543,2.0408163265306123,-10.15073941693711,0.07664100611256419,0.053123497302201894,0.41473827383697975,0.32508532688160596,0.11988268338123964,0.7175414382592243,1.1085954455997384,0.08309634398366628,-4.530612244897959
0.08966771622660016,2.204081632653061,-10.094164798662758,0.06494406763403937,0.045015797374628796,0.40227535233457756,0.31454546745950596,0.101451402866096,0.7277860893333428,1.062000880694052,0.07032075386048575,-4.530612244897959
0.09100931742189074,2.36734693877551,-10.043579385219328,0.055462406434399814,0.03844361064707402,0.39112445246788297,0.3057656060847481,0.08653638347575132,0.7361785652867768,1.020899216347402,0.059982450222070494,-4.530612244897959
0.09213228072034059,2.5306122448979593,-9.998056889652878,0.04772035243637829,0.03307722774660249,0.3811013234122611,0.298389448500549,0.07437586688820685,0.7431366235655786,0.9844578367695958,0.051553422435262064,-4.530612244897959
0.09307785601881041,2.693877551020408,-9.956850818021097,0.041351438216499226,0.028662632811865096,0.37204925933639516,0.29214060175744716,0.06438506767662,0.7489695558251797,0.9519437917075381,0.04462832813021045,-4.530612244897959
0.09387879270453763,2.857142857142857,-9.919354343953446,0.03607329764691025,0.025004104557455387,0.3638362047170942,0.28680414909889,0.05611473792209187,0.7539090574932424,0.9227598859214358,0.03889577237855768,-4.530612244897959
0.09456114529309513,3.020408163265306,-9.885069871677391,0.03166763378832993,0.02195033107538591,0.35635122824588894,0.2822121403528657,0.04921843388260472,0.758130811274389,0.8964255327437115,0.034115618677303505,-4.530612244897959
0.09514571817086208,3.183673469387755,-9.853585897291074,0.027964806162734668,0.019383726546604807,0.349501108950752,0.2782324776178119,0.04342750798332329,0.7617696338650847,0.8725473567428943,0.030101654717384907,-4.530612244897959
0.09564920007995739,3.3469387755102042,-9.824559330658568,0.024832171060447994,0.017212349357731638,0.34320731906672297,0.27476050781417527,0.03853229067726138,0.7649301869518688,0.8507986111498149,0.026708548643460173,-4.530612244897959
0.09608504798331943,3.510204081632653,-9.797701900675772,0.022165324786826535,0.015363832382184306,0.33740345300497937,0.27171268953790084,0.0343680176072616,0.7676946239411938,0.8309064507951968,0.023822094505907554,-4.530612244897959
0.09646417110072722,3.673469387755102,-9.772769623283786,0.01988152800658627,0.013780825082988946,0.33203312843563415,0.2690218211043267,0.030804297891159127,0.7701281084515242,0.8126460096877153,0.021351912232384862,-4.530612244897959
0.09679546323873268,3.836734693877551,-9.749554578560714,0.017914766661440318,0.012417570001766798,0.3270482277769459,0.2666334346242884,0.027737227610304505,0.7722828369921714,0.795825648789569,0.01922598111463225,-4.530612244897959
0.09708621442157132,4.0,-9.727878439811834,0.016212012668066933,0.011237310872072692,0.32240748803446895,0.26450304955055415,0.025083433932511223,0.7742010114113244,0.7802732921603297,0.017386511509081437,-4.530612244897959
0.0894863468079362,-4.0,-33.18887725412551,0.014295451854620556,0.009908852147860747,0.2711360372421151,0.2399820206362253,0.02172443139467939,0.39175616308471595,0.6396546919615342,0.015058228370489868,-4.285714285714286
0.08869620732204646,-3.836734693877551,-32.22983283281833,0.014575726415996915,0.010103123669861658,0.27617647266129364,0.24241039060503802,0.02215898050793852,0.39166660256136215,0.6542686146414193,0.015359434863159827,-4.285714285714286
0.08781067416222581,-3.673469387755102,-31.272303735061932,0.014896419239872838,0.010325410996556483,0.2815516822274955,0.2450907186447818,0.02265733863453745,0.3915900795596538,0.6699666880200421,0.015704870393521198,-4.285714285714286
0.08681442428904236,-3.510204081632653,-30.316466909264804,0.015269666610385535,0.010584126359079127,0.2872963963800559,0.24805928131888733,0.023238431850264973,0.3915292564184124,0.6868720630127987,0.01610765351764476,-4.285714285714286
0.08568918326823426,-3.3469387755102042,-29.36252725031088,0.015711347970282397,0.010890276548397582,0.29344996218481734,0.2513586627092021,0.023927004255696716,0.39148707303541563,0.7051295969947761,0.016584935539081247,-4.285714285714286
0.08441308795639427,-3.183673469387755,-28.41072301776654,0.016242399716461353,0.011258373568992619,0.3000570909952336,0.2550389621067567,0.02475564480239889,0.3914666538293855,0.7249072904299451,0.017159305397725255,-4.285714285714286
0.08295992287469914,-3.020408163265306,-27.461332451301498,0.01689049764655781,0.011707600821965647,0.3071686739768127,0.2591591809556088,0.025767393907227376,0.3914711366899471,0.7464007929706282,0.01786059643717186,-4.285714285714286
0.08129820177357737,-2.857142857142857,-26.514681863072145,0.017692375339042332,0.012263420083665544,0.31484275367866543,0.26378883209431003,0.0270193585361187,0.39150334098490547,0.769839071158347,0.018728392189848897,-4.285714285714286
0.07939008146995438,-2.693877551020408,-25.57115554952646,0.018696999178710705,0.012959772265654923,0.32314568540584093,0.26900976902973656,0.02858771060255494,0.3915651704210371,0.7954915805010692,0.019815491002824537,-4.285714285714286
0.07719010602546503,-2.5306122448979593,-24.631207940176598,0.019969936402236765,0.013842105113171632,0.3321535710601899,0.27491822532875126,0.03057466624178673,0.3916565711403837,0.8236810712178777,0.021192743702055594,-4.285714285714286
0.07464380500629388,-2.36734693877551,-23.695378493238866,0.0215993934563099,0.01497155867604616,0.3419541262050862,0.2816270480970962,0.03311840472207406,0.39177374283708655,0.8547896503313764,0.022955928857748997,-4.285714285714286
0.0716862164902058,-2.204081632653061,-22.764309971591537,0.02370462107029958,0.016430791261120126,0.35264929668487843,0.28926813748253943,0.036406382949353944,0.39190609037228835,0.8893507096867139,0.025234981695729797,-4.285714285714286
0.06824048226544599,-2.0408163265306123,-21.838770927047634,0.02644782865951889,0.01833223786727811,0.3643592583074244,0.297995245373011,0.04069467255791448,0.3920310316359706,0.9279325442157578,0.028207397547328483,-4.285714285714286
0.06421677730903057,-1.8775510204081634,-20.919683595753444,0.03005181405554902,0.020830330183315704,0.3772290618705224,0.3079877270438578,0.04633721238920607,0.3921051024258696,0.971265060347067,0.03211850812258499,-4.285714285714286
0.05951198526387441,-1.7142857142857142,-20.008159251199235,0.03482797814836269,0.024140914858141294,0.3914404082687961,0.31945701252710146,0.05383248040904309,0.39204852261961554,1.020274227310123,0.037313832018076365,-4.285714285714286
0.05401068436745817,-1.5510204081632653,-19.10554511641874,0.04122447287299469,0.02857462714198644,0.40723335613615225,0.33266044319419336,0.06390433649857741,0.39171784054185954,1.0762414997990482,0.04429511066954239,-4.285714285714286
0.047588080307197515,-1.3877551020408163,-18.21349209129212,0.04991427006215199,0.03459793556328861,0.42494697572870455,0.3479338514411835,0.07764952320085161,0.3908558469032889,1.1409809982726948,0.05382254807849396,-4.285714285714286
0.040115396148985225,-1.2244897959183674,-17.334065621598466,0.06196403683557561,0.042950197428692105,0.44509496482836536,0.36576956275882616,0.09681867416145096,0.38899553422215366,1.217216196795249,0.06710959102056169,-4.285714285714286
0.03146804676924055,-1.0612244897959184,-16.46995554944598,0.07916987056725366,0.054876372568987586,0.4685009838203482,0.3870004831903896,0.12437169835755668,0.3852644775069617,1.3093108387101495,0.0862078920579914,-4.285714285714286
0.021538670535024795,-0.8979591836734694,-15.624928106888479,0.10472760304959428,0.07259164278062746,0.49651339840807596,0.41322170723591434,0.16558167828593673,0.3779582295083314,1.4244038277133189,0.11477247345628028,-4.285714285714286
0.010271780575590948,-0.7346938775510204,-14.804891794597387,0.14443119502069157,0.10011207561349589,0.531199907355693,0.44768214627802394,0.23000358149452493,0.3635591277316018,1.5747655304507808,0.1594263340316191,-4.285714285714286
0.002188023322638434,-0.5714285714285714,-14.02049099519665,0.20759783540098553,0.14389585429854068,0.5746543707542209,0.49658628243916675,0.3330007277846425,0.33456532305771286,1.7755300343097522,0.23081851558833444,-4.285714285714286
0.014904369397347956,-0.40816326530612246,-13.2926286588996,0.29999091770039055,0.20793785879761617,0.6233389962283725,0.566759406865064,0.4841104790901931,0.27666838872510774,2.0277236916551207,0.3355598136608906,-4.285714285714286
0.025130352893729058,-0.24489795918367346,-12.65642502871546,0.39219369775929014,0.27184795583523136,0.6632252271474351,0.6438988883942909,0.6340727169328133,0.1773958643756872,2.244321249044979,0.439505716011964,-4.285714285714286
0.03073817071615257,-0.08163265306122448,-12.137952501458136,0.4336791735324419,0.3006034964015796,0.6850899020149785,0.6837398378961951,0.6968187296311155,0.057242668241096584,2.3248011069763908,0.482997937805171,-4.285714285714286
0.03422512685587274,0.08163265306122448,-11.720436492016626,0.44022309702198426,0.3051393985181554,0.682142395725879,0.683047862128382,0.7040697805752356,0.054018769352477645,2.2959970325501096,0.4880239833231834,-4.285714285714286
0.038266115932332465,0.24489795918367346,-11.371782339519271,0.43299165785501037,0.3001269468481771,0.6670256306147002,0.6634371463572161,0.6925690815072536,0.1560677930655819,2.2090814299260604,0.48005230618974437,-4.285714285714286
0.04354344770452639,0.40816326530612246,-11.07307172531959,0.41194089722859717,0.28553567147133596,0.6453571621108003,0.6329102136411219,0.658666180830874,0.25425632965616374,2.0964527005171942,0.4565526061731071,-4.285714285714286
0.04980007681012032,0.5714285714285714,-10.816038310854521,0.3765718107683509,0.2610196889124359,0.6190113367933179,0.5939690430326724,0.601178163048727,0.3476002233154543,1.973056637707952,0.4167049487314314,-4.285714285714286
0.056440131469856616,0.7346938775510204,-10.59622210839497,0.33093048982940054,0.22938353598657057,0.5899662921034082,0.5501836813034072,0.5269736992371943,0.43160270479444673,1.8444911800994914,0.36527033385550567,-4.285714285714286
0.06285684979543514,0.8979591836734694,-10.409555547403759,0.28166562370357484,0.19523573293079166,0.5625556211824301,0.5062071202417354,0.44718079694507695,0.5025851605029599,1.717766895108485,0.30996210860302886,-4.285714285714286
0.06864029178307474,1.0612244897959184,-10.25153398373244,0.23471363926583555,0.16269109729607778,0.5366705843342985,0.46580737482096674,0.3715148351619839,0.559664150742931,1.6003826211457843,0.2575144605287223,-4.285714285714286
0.07361843954374046,1.2244897959183674,-10.117533240555115,0.19348795681756137,0.1341156317403971,0.5119158518259423,0.4308631259397102,0.3054045219188253,0.6042376721939692,1.493340520789934,0.21169028329829143,-4.285714285714286
0.07778885784866918,1.3877551020408163,-10.003286354840858,0.15904216289130524,0.11023962679826371,0.48914377114521956,0.4016778973251922,0.2504087275695137,0.6386504939023475,1.3985582106380596,0.1735701035024113,-4.285714285714286
0.08123431285105681,1.5510204081632653,-9.905144412671286,0.13102884251690128,0.09082227276262311,0.46864017514924217,0.3777121153527845,0.2058509963125248,0.6652425073542411,1.315542844844959,0.14268503770948193,-4.285714285714286
0.08406526383806187,1.7142857142857142,-9.820123699467128,0.10852832024890091,0.07522609919143242,0.45036707970601364,0.35813865080264895,0.17017580514757746,0.6859574169265953,1.2433073400651529,0.1179568795375614,-4.285714285714286
0.0863905216220452,1.8775510204081634,-9.745839283686767,0.09051890578950195,0.06274292433536455,0.4341371175430516,0.34213008810103684,0.141698369733938,0.7022828769984735,1.1804486313521898,0.0982178254710191,-4.285714285714286
0.08830558296804174,2.0408163265306123,-9.680401727014825,0.07607905557182715,0.05273398286927544,0.4197134489157809,0.3289689359221075,0.11891765365667606,0.7153173921541753,1.1255610890435785,0.08242743635092875,-4.285714285714286
0.08988982336403838,2.204081632653061,-9.622315132512567,0.06444675552840318,0.0446710868907485,0.4068591328677111,0.31807100780264347,0.10060217687356632,0.7258621266561075,1.0774135401339053,0.06973211525810541,-4.285714285714286
0.09120745310622752,2.36734693877551,-9.570390375248277,0.05501717387710503,0.03813499895529193,0.3953580987118481,0.30897432437526273,0.08578000820685494,0.7345013823091164,1.0349496231802762,0.05945817083699012,-4.285714285714286
0.09230973888713308,2.5306122448979593,-9.52367591217384,0.04731929970961124,0.032799239179788,0.38502179664618985,0.3013180352233883,0.07369757274135136,0.741664078642492,0.9973196430224519,0.05108326475977876,-4.285714285714286
0.09323739713323118,2.693877551020408,-9.481404260599671,0.040989080346716555,0.02841146547607143,0.375689256382772,0.29482121869441236,0.06377447617508158,0.7476681740965645,0.9637538781758809,0.04420509835244468,-4.285714285714286
0.09402274147511035,2.857142857142857,-9.442951136704103,0.035745442587229004,0.02477685274720498,0.3672244705607645,0.2892648017657137,0.055563926595147084,0.7527520539535242,0.9336415743397313,0.038513979060265324,-4.285714285714286
0.09469146799111787,3.020408163265306,-9.407804377711631,0.03137082599407082,0.021744599589626823,0.3595129716584218,0.28447715880002955,0.04872094596021048,0.7570965724807138,0.9064835044163767,0.0337707863265333,-4.285714285714286
0.09526408479317225,3.183673469387755,-9.375540270472172,0.027696051792601928,0.019197440212684214,0.35245843410111793,0.2803230009037738,0.04297784015961659,0.7608405659187572,0.8818717190317304,0.029789968733193284,-4.285714285714286
0.09575703502574884,3.3469387755102042,-9.345805440165435,0.024588802688848777,0.01704365925712037,0.3459796296176231,0.2766949295063612,0.03812562349324233,0.7640918429705662,0.859467132583339,0.026426668431430933,-4.285714285714286
0.09618357034340028,3.510204081632653,-9.318302906658142,0.021944916541257964,0.015211057028196251,0.34000781789485934,0.27350704938325215,0.03400004141431978,0.7669350467381032,0.8389887441901708,0.02356703284525663,-4.285714285714286
0.09655443030393548,3.673469387755102,-9.292781272610767,0.019681920539610154,0.013642467730035746,0.33448461539894253,0.27069014329559027,0.030471219111361858,0.7694373070963139,0.8202061492075507,0.021121039615264348,-4.285714285714286
0.09687836389094016,3.836734693877551,-9.269026275144693,0.017733952273718767,0.012292239018712792,0.3293601496625025,0.26818801781533674,0.027435569685624994,0.7716524227988945,0.8029065183738411,0.019016887774646385,-4.285714285714286
0.0971625386226656,4.0,-9.246854133974473,0.01604818704902966,0.011123755606133434,0.3245916327116806,0.2659546954893197,0.024810098134029346,0.7736238864358003,0.7869195852815905,0.017197049571017864,-4.285714285714286
0.08931995353916822,-4.0,-32.706921108982506,0.015476173323605291,0.010727265905114303,0.27475556624275166,0.24136339197405038,0.02351662254636766,0.39083557907149025,0.6505985900103689,0.016300480614306778,-4.040816326530612
0.08851882670138632,-3.836734693877551,-31.748243899128486,0.015765639773742457,0.010927908758893379,0.2799628118674322,0.24387876268743597,0.023963778092497723,0.39069567616898093,0.6657919271375321,0.01661042522037892,-4.040816326530612
0.08762075467966586,-3.673469387755102,-30.79111198893597,0.016091291787731166,0.011153633534233487,0.2855187544141441,0.24665521163534837,0.024468370820382113,0.39056457448212945,0.6821202641256078,0.016960182247042876,-4.040816326530612
0.08661007435269066,-3.510204081632653,-29.835706213671465,0.016464299015718886,0.011412182442641639,0.2914599982297064,0.2497304928329307,0.02504789589409695,0.3904443646835757,0.6997219485469667,0.017361878417951893,-4.040816326530612
0.08546808906412398,-3.3469387755102042,-28.88223608221179,0.016899324860852882,0.011713719380666898,0.2978280736337632,0.2531489651587798,0.025725293198424648,0.3903373068487256,0.718746979308292,0.017831414449565486,-4.040816326530612
0.08417239781901152,-3.183673469387755,-27.930945372203414,0.01741590777861335,0.01207178737363801,0.3046703159952651,0.2569629087742988,0.0265311016081351,0.3902456833389805,0.7393744795633235,0.018389958276827656,-4.040816326530612
0.0826961069038382,-3.020408163265306,-26.98211897405883,0.01804005920097751,0.012504416172292032,0.3120407357412369,0.2612339921400898,0.027505940743580037,0.3901715902773789,0.7618134376421628,0.019065665275060706,-4.040816326530612
0.08100686114152318,-2.857142857142857,-26.036091280720367,0.018806691206132875,0.013035804985192412,0.3200011789551431,0.26603504528403166,0.02870428224408972,0.3901165111989934,0.7863092238548153,0.01989629230748724,-4.040816326530612
0.07906572284615501,-2.693877551020408,-25.093256489285075,0.01976266838502827,0.013698437871423552,0.32862254582673267,0.2714520042054134,0.03019923281007486,0.39008064630697253,0.8131510986642831,0.020932513077376758,-4.040816326530612
0.07682583832882763,-2.5306122448979593,-24.15408126502096,0.02097146767872049,0.014536313693708669,0.33798652619477937,0.2775862162425156,0.03208989707962706,0.39006167992451746,0.8426856981966673,0.022243021685201647,-4.040816326530612
0.07423096881207429,-2.36734693877551,-23.219120324691293,0.022519426282348043,0.015609276835437003,0.34818768332433325,0.2845569275749553,0.03451144322183897,0.3900527678242169,0.8753264204448677,0.02392150956627237,-4.040816326530612
0.07121392628791691,-2.204081632653061,-22.289035641800698,0.02452474550962025,0.016999258203943324,0.3593364304008629,0.29250409599370863,0.0376500235404178,0.3900391159807423,0.9116006918389553,0.026097007665055738,-4.040816326530612
0.06769507835561137,-2.0408163265306123,-21.36462020819908,0.027150445272317913,0.018819254591454282,0.3715635006787823,0.3015916916508712,0.04176327848082373,0.38999220700412146,0.9522136393146409,0.028948098729922656,-4.040816326530612
0.06358119654236147,-1.8775510204081634,-20.446827728729108,0.030623592777626385,0.021226656992427984,0.3850272352645561,0.31201217100535883,0.04721195738167916,0.3898599718161471,0.9979211285743061,0.03272483514782687,-4.040816326530612
0.05876508691317195,-1.7142857142857142,-19.536810600029202,0.035265412896452464,0.024444121520458273,0.39992624243043917,0.32399406631826766,0.0545098877797936,0.3895498256536579,1.0497254196459682,0.037783375027202304,-4.040816326530612
0.053126616774833525,-1.5510204081632653,-18.63597084747111,0.041541991115323196,0.028794714016432854,0.41652228321795887,0.33781768906999987,0.06440834523034988,0.388898747393737,1.109014000109967,0.04464446290094859,-4.040816326530612
0.046535866105092374,-1.3877551020408163,-17.746034414841297,0.05015570222994503,0.03476528358969033,0.43518225665202986,0.35385098157064787,0.07804847777834656,0.38761880202259646,1.1777393572656927,0.05409908231905636,-4.040816326530612
0.03885911574759039,-1.2244897959183674,-16.869173470756355,0.0622181756423279,0.04312635302606305,0.4564542435321927,0.3726331470103125,0.09724827685748894,0.38519348654225416,1.258829378952862,0.06740736891808075,-4.040816326530612
0.029968563584293555,-1.0612244897959184,-16.008237302914623,0.0795856600157796,0.05516457585293999,0.48119763190682496,0.39506671843658614,0.12505556811694252,0.3806692100722072,1.3568103721459246,0.08668191445357998,-4.040816326530612
0.01975969695216622,-0.8979591836734694,-15.16724336294568,0.10549566661760545,0.07312402387728523,0.5107684101552203,0.4228401946126371,0.16679282226481051,0.3722103262469877,1.4791877265029125,0.11561197449048954,-4.040816326530612
0.008199180088946777,-0.7346938775510204,-14.352506108685388,0.14557254664241004,0.10090320027211752,0.5470930754244295,0.4592510738114057,0.23170352496047952,0.35611704669006505,1.6376992643034465,0.1606046450521572,-4.040816326530612
0.004490221538416099,-0.5714285714285714,-13.575251735779586,0.20797916210632117,0.14416016982921653,0.5915787644117956,0.5100733974887952,0.333207838493057,0.32484213359704056,1.8455603855564453,0.230962073791936,-4.040816326530612
0.017197035188895766,-0.40816326530612246,-12.856597045294063,0.2949053762391989,0.20441283007217037,0.6388800930622656,0.5798420472252543,0.4749355907026689,0.26524510959315606,2.094612022431969,0.3292002656431272,-4.040816326530612
0.02714156779341475,-0.24489795918367346,-12.229130827956226,0.37611363304679424,0.26070210431654317,0.6777746800627209,0.6515740303038854,0.6063971182949763,0.16856060623434854,2.2941396922123762,0.4203224528458378,-4.040816326530612
0.032580246108274355,-0.08163265306122448,-11.713753579312204,0.41224664902351504,0.2857476024659349,0.6970945668192428,0.6870865342299988,0.6606015249428432,0.05468124474731131,2.3677717550886124,0.4578940844877324,-4.040816326530612
0.035984019836684054,0.08163265306122448,-11.293894492855793,0.4196330240879207,0.2908674475163857,0.6935699374660387,0.6861001605022212,0.6696234380583275,0.05213237136457016,2.3383380678883023,0.4641475981269867,-4.040816326530612
0.039866125791619036,0.24489795918367346,-10.940905292231214,0.41484081214266544,0.2875457393178862,0.6783837396652329,0.6672555237430405,0.6621761665709824,0.1516671334116901,2.2517410167569794,0.45898554289266924,-4.040816326530612
0.044923532253002024,0.40816326530612246,-10.637466586571346,0.39701167560841055,0.2751875235973493,0.6565043478559646,0.6376949669069809,0.633616841617286,0.24816838615006453,2.1383727764103657,0.4391897273223182,-4.040816326530612
0.050944599699544055,0.5714285714285714,-10.375695826426774,0.3652545575523187,0.2531751667540598,0.6297738906504747,0.5997565476450969,0.5821596194512129,0.3404773549120938,2.013287149248569,0.4035222988584586,-4.040816326530612
0.05737116136457939,0.7346938775510204,-10.15125803424597,0.32301302229537,0.22389556568818247,0.6002359379245684,0.5567476648856353,0.5136432811901082,0.4241938933814245,1.8828188706138413,0.35603039217048194,-4.040816326530612
0.06361576444040418,0.8979591836734694,-9.960212737143241,0.27644399736368097,0.19161637735535675,0.5714384861097839,0.5131184673719728,0.43835757231460093,0.49554487841351014,1.7530215671523004,0.30384631532696726,-4.040816326530612
0.06926852352904042,1.0612244897959184,-9.798171528986275,0.23134802928024056,0.16035823422369844,0.5450739690237213,0.47264186305366973,0.36579476163888547,0.5533741900560957,1.6327229719344478,0.25354960769359014,-4.040816326530612
0.07414808194803901,1.2244897959183674,-9.660573352942484,0.19128215535361992,0.13258668667479112,0.5197558919314736,0.4373355805833522,0.3016291940340867,0.5988154503327967,1.5227974198019967,0.20907342541929586,-4.040816326530612
0.07824224839493087,1.3877551020408163,-9.543157906663035,0.1575250348008952,0.10918803373984787,0.4963888543776839,0.4076511187253235,0.2477958600220762,0.6340533540635951,1.4252298167801523,0.17175900172872893,-4.040816326530612
0.08162680948118207,1.5510204081632653,-9.442246598736169,0.1299166596900787,0.090051366371944,0.47530009291546077,0.38314993276053155,0.20392870773139604,0.6613622787706108,1.3395922343987252,0.1413526087992496,-4.040816326530612
0.08440783991562653,1.7142857142857142,-9.35481026560602,0.107660457811523,0.07462454278984998,0.45647628601309775,0.3630590501347789,0.1686754018741925,0.682674440676508,1.264948348648376,0.11691687923891214,-4.040816326530612
0.0866914285389534,1.8775510204081634,-9.278415731516075,0.08980665286199896,0.06224922822682011,0.43974132587195774,0.3465746756068973,0.14046992856059415,0.6994889245700868,1.199974443306977,0.0973663349352325,-4.040816326530612
0.08857129256338667,2.0408163265306123,-9.211128766090205,0.07547327449655139,0.05231408742491128,0.4248612473316891,0.33298650929659923,0.11787689934397738,0.7129221786891435,1.143222475778797,0.081706040433426,-4.040816326530612
0.09012555747233014,2.204081632653061,-9.151414366930826,0.06391948899883815,0.04430561358237717,0.4115974836294096,0.32170975330130025,0.09970027309241747,0.7237929191476518,1.093439938522037,0.06910696319506515,-4.040816326530612
0.09141749917906697,2.36734693877551,-9.098050264439246,0.05455171184905527,0.03781236526289167,0.39973026427968894,0.3122785714742913,0.08498719001543131,0.7327003615384624,1.0495422660336016,0.058908631142908785,-4.040816326530612
0.09249765553922044,2.5306122448979593,-9.05005719995033,0.04690494648132315,0.03251203140784442,0.3890666195090578,0.3043272267519874,0.07299446585101999,0.7400853862322709,1.0106625485739855,0.05059590820111337,-4.040816326530612
0.09340615968440343,2.693877551020408,-9.00664462716798,0.040618425575514205,0.02815454716645127,0.3794411333190819,0.29756988539939694,0.06314752078863028,0.7462753122860957,0.9759926113926085,0.04377052599398912,-4.040816326530612
0.09417485145898656,2.857142857142857,-8.967169071375903,0.035412940017238714,0.024546379528287643,0.3707136499765108,0.2917829494705068,0.055002955914932095,0.7515157885446776,0.944904782819921,0.03812514381489773,-4.040816326530612
0.09482903866216073,3.020408163265306,-8.931102360360537,0.031072049216475328,0.02153750330861981,0.36276597639529556,0.2867907902727607,0.04821788962756557,0.7559933043628462,0.9168829330408437,0.03342209424789777,-4.040816326530612
0.09538890929904557,3.183673469387755,-8.898007372160858,0.02742729946975775,0.019011155297836035,0.35549850966576685,0.2824546479169074,0.04252601571015635,0.7598510861542618,0.8915026817943844,0.029476787889942013,-4.040816326530612
0.09587064135845723,3.3469387755102042,-8.867519448249256,0.02434688429041776,0.016875974201322252,0.34882716975299805,0.27866414340669265,0.03771933712595965,0.7632003856348704,0.8684118379486073,0.026145052181448136,-4.040816326530612
0.09628726637126847,3.510204081632653,-8.839332065313453,0.02172704600886899,0.015060040682943532,0.34268075784108637,0.2753308342531789,0.033634374827999025,0.7661285621894219,0.8473296978627035,0.023313572081923972,-4.040816326530612
0.0966493389948943,3.673469387755102,-8.813185713531016,0.01948558310931814,0.013506376993790425,0.33699874305245164,0.2723833299866669,0.030141789952964793,0.7687049247614812,0.8279933603804728,0.020892696722926818,-4.040816326530612
0.09696545470435469,3.836734693877551,-8.788859199438974,0.017556947390938493,0.012169548583268242,0.3317294336103493,0.26976357459461553,0.02713857077276005,0.770985003254137,0.8101937551179935,0.018811023815564543,-4.040816326530612
0.09724265336849305,4.0,-8.766162792757655,0.015888534107891594,0.011013092620115739,0.326828488530081,0.26742402179897956,0.024542133704178237,0.7730136930359894,0.7937540203733855,0.017011310781976263,-4.040816326530612
0.08913345548344427,-4.0,-32.22545202987845,0.016829881362758314,0.011665584815754526,0.2786143083200081,0.24288439933482436,0.02557429856683724,0.38982267303083046,0.6623237824420248,0.01772675294640136,-3.795918367346939
0.08831990919662139,-3.836734693877551,-31.26717545188853,0.017136864114958072,0.01187836904492201,0.2840036216796621,0.24549752963268787,0.02604668416984124,0.3896259147844724,0.6781536709905087,0.018054185695260294,-3.795918367346939
0.08740765930535385,-3.673469387755102,-30.310477522191608,0.01747640571578346,0.012113721348216755,0.28975716058211526,0.24838214381314666,0.026570586833210008,0.3894330404721849,0.6951792800910943,0.01841732734926227,-3.795918367346939
0.08638068462219449,-3.510204081632653,-29.35554344709781,0.017858447061730676,0.012378532230017614,0.2959134714900933,0.251577599850196,0.027162077090702397,0.38924552346145935,0.7135419303661463,0.018827317153571776,-3.795918367346939
0.0852198084016099,-3.3469387755102042,-28.40258792903946,0.018296461312244272,0.012682140572806366,0.30251655352696744,0.25513029496742273,0.027842331238654427,0.3890648221965106,0.7334108572947062,0.019298833398289084,-3.795918367346939
0.08390202757624682,-3.183673469387755,-27.451860962990498,0.018808500997391064,0.013037059436900256,0.3096166455396198,0.25909498168258793,0.028639690565054998,0.3888922476058165,0.7549754569608373,0.019851520767276476,-3.795918367346939
0.08239967988592674,-3.020408163265306,-26.503654940838064,0.019418852135125952,0.013460122607172886,0.31727125802700756,0.26353637861731,0.029592241346589443,0.3887286788715515,0.7784583661238519,0.02051177865583753,-3.795918367346939
0.08067943836415285,-2.857142857142857,-25.55831338045522,0.02016034982646664,0.013974089641317855,0.3255464095426317,0.2685310619367198,0.030751432123993894,0.3885740726171377,0.804123092145082,0.02131526847492715,-3.795918367346939
0.07870111655534592,-2.693877551020408,-24.61624167286322,0.021077616752837702,0.01460989062515261,0.33451811853491553,0.27416965220960365,0.032187128400466225,0.3884266371591157,0.832281351437882,0.022310417301103946,-3.795918367346939
0.07641627792337244,-2.5306122448979593,-23.677920336112845,0.022231654564665693,0.01540980868068087,0.3442742639064492,0.2805593144691435,0.03399482603119486,0.3882814504973015,0.8633062707003473,0.02356341781714777,-3.795918367346939
0.07376667269142888,-2.36734693877551,-22.74392138704849,0.023706404383654345,0.016432027359744028,0.35491700215962013,0.28782658601139754,0.03630608025060145,0.3881281583140136,0.8976480721633233,0.025165457162887428,-3.795918367346939
0.07068257658317992,-2.204081632653061,-21.814928613104232,0.02561822443784978,0.01775720004004744,0.366566102115602,0.2961205946809823,0.03930388519410899,0.38794713613107523,0.9358471234097813,0.02724337720734793,-3.795918367346939
0.06708119270666199,-2.0408163265306123,-20.89176280022004,0.028129783196396474,0.019498079912344757,0.37936389497877027,0.30561690912153205,0.04324583830448203,0.38770305871467003,0.9786893913722985,0.02997573089170258,-3.795918367346939
0.06286541093913511,-1.8775510204081634,-19.975413490428245,0.03147088980903501,0.021813958540845224,0.39348318869831883,0.31652278258218647,0.048497101025629874,0.3873340245972015,1.0270359626181143,0.033615628841245915,-3.795918367346939
0.0579233999997687,-1.7142857142857142,-19.067079960730513,0.035970951993578026,0.02493316395640588,0.40914072909979177,0.3290858947178966,0.05558417112652103,0.3867328920865753,1.0819449714903688,0.038528011500109205,-3.795918367346939
0.05212971465407283,-1.5510204081632653,-18.16822672653657,0.042112568217653745,0.02919020792620519,0.42662101202898994,0.3436119011335815,0.06528355158074106,0.38571455140312827,1.1449170071144974,0.0452511097151298,-3.795918367346939
0.04534877926873944,-1.3877551020408163,-17.28066518837437,0.050625956539044115,0.03509123903818878,0.4463189093436697,0.3605033421663716,0.07877808210548265,0.38395675453713596,1.2180513644038187,0.054604805501335285,-3.795918367346939
0.037441752174093866,-1.2244897959183674,-16.406688512333485,0.06266361402279008,0.043435107383593685,0.468814272992421,0.3803479937181321,0.0979455760639838,0.38088865456823867,1.304472797164032,0.06789069989706986,-3.795918367346939
0.028278444727839747,-1.0612244897959184,-15.54932490798562,0.08012794778819554,0.05554046109344202,0.4949917643461428,0.4041154971163531,0.12589736189847178,0.3754701280062398,1.408832107780378,0.08726540143986083,-3.795918367346939
0.017760608167944482,-0.8979591836734694,-14.712867612412337,0.1062532376910732,0.07364913213093294,0.5261830630464772,0.4335686079764728,0.16793013399495127,0.3657336462866018,1.539022574990329,0.11640029890965353,-3.795918367346939
0.005886446186575749,-0.7346938775510204,-13.90405589036432,0.1463658330853974,0.10145306453345082,0.5640882371911362,0.4719764791579665,0.23276646711004867,0.34782446610729717,1.705707392845555,0.16134142040623,-3.795918367346939
0.007024608909873123,-0.5714285714285714,-13.13465082069528,0.20721982353610358,0.14363383644017969,0.6092611017798623,0.5244589215191678,0.33147905718468973,0.31428088187665526,1.919384802478544,0.22976377390223668,-3.795918367346939
0.019679788665956287,-0.40816326530612246,-12.425693850621549,0.2875950139033083,0.19934567303017658,0.6545583324620157,0.5930652355237566,0.46209596028548594,0.25340974809267036,2.1625211359657297,0.32030051202002463,-3.795918367346939
0.029321281377284635,-0.24489795918367346,-11.806816237523934,0.35803232420572817,0.24816909607252513,0.692497686168275,0.6590619140271843,0.5755529372054919,0.15983853898439124,2.3455091263469527,0.39894289568698094,-3.795918367346939
0.03458871995836474,-0.08163265306122448,-11.294155895443003,0.38946947735178084,0.269959670140542,0.7093033633712972,0.6905046298862197,0.6223541357850957,0.052157547574150476,2.411783856682147,0.43138301452926076,-3.795918367346939
0.037898921838890556,0.08163265306122448,-10.87171487639994,0.3977494858467048,0.2756989346838117,0.7052347753699453,0.6892466564406817,0.6331958122884442,0.050226355364794806,2.3818932336496603,0.43889789203009943,-3.795918367346939
0.0416081877737746,0.24489795918367346,-10.514126203825164,0.3954143793695617,0.27408036221287246,0.6900500563408959,0.6711773526489875,0.6298043857819553,0.14714108588436678,2.2960470472144383,0.4365471343090501,-3.795918367346939
0.046427569285871814,0.40816326530612246,-10.205643699679488,0.3808764730609018,0.26400345344378007,0.6680039864680635,0.6426090700465514,0.6066726962166498,0.24184849922050872,2.1817471767872387,0.42051346890526986,-3.795918367346939
0.05219271864926299,0.5714285714285714,-9.938799413326537,0.35285883892509995,0.2445831093365889,0.6409166870472649,0.6057083932862082,0.5614253141621162,0.33302746933013067,2.055039802202503,0.3891503736064519,-3.795918367346939
0.05838561612229383,0.7346938775510204,-9.709400183115465,0.3142007422806725,0.21778735864168985,0.6108964504217876,0.5635218284291501,0.4988753435827027,0.41638142609271445,1.9226562738781834,0.345794037855224,-3.795918367346939
0.06444036320836584,0.8979591836734694,-9.513641895410341,0.27053820883497215,0.1875227966876989,0.5806145212769429,0.5202839488826753,0.428427493925577,0.48806057883681386,1.7900147023842194,0.2969633094888766,-3.795918367346939
0.06994837792617761,1.0612244897959184,-9.347262320984289,0.22749393122392725,0.1576867770223631,0.5537730533545131,0.4797553654741386,0.3592797288274512,0.5466421043339882,1.6664460553989473,0.24903373106908955,-3.795918367346939
0.07471889118833282,1.2244897959183674,-9.205773010762039,0.18874275509439986,0.1308265085447995,0.5278833751980571,0.44408767396805626,0.297307617473781,0.5929841371037412,1.5535502615841803,0.20607793681094533,-3.795918367346939
0.07872916416202372,1.3877551020408163,-9.084926173644932,0.15578498913893446,0.10798192599521417,0.5039048906184086,0.4138862970890222,0.24481533471199013,0.6290950774874021,1.4530925669397488,0.16969305901345422,-3.795918367346939
0.082047155476549,1.5510204081632653,-8.981015086510087,0.12865644099089568,0.08917784933371631,0.4822098155354946,0.3888224731756031,0.20176012187014658,0.65717163987144,1.3647153142770867,0.13984945962372297,-3.795918367346939
0.08477391890761468,1.7142857142857142,-8.89096360590486,0.10669415164231211,0.07395475039310395,0.4628125229348331,0.36818410431085946,0.16700945191927197,0.6791281091135198,1.287553347726626,0.11576213072470498,-3.795918367346939
0.08701240559743484,1.8775510204081634,-8.812287211743808,0.08902877907361173,0.0617100472035681,0.44555015252702634,0.3511948852885243,0.13912965576114056,0.6964725627353734,1.2203436644815768,0.0964373286231095,-3.795918367346939
0.08885429228238105,2.0408163265306123,-8.743003282702663,0.07482382829467049,0.05186392562115216,0.4301926930522712,0.3371534808647486,0.11676043833513194,0.7103390725068168,1.161628046591855,0.0809321686329394,-3.795918367346939
0.09037628826704827,2.204081632653061,-8.681534201402638,0.06336347199257242,0.043920211962140465,0.41650041945502264,0.32547503688001844,0.09874734395854468,0.7215644904034937,1.1101228797745757,0.06844644305264858,-3.795918367346939
0.0916406246269911,2.36734693877551,-8.626621394283365,0.05406779593171063,0.03747694030915527,0.4042499715074027,0.31568980622671394,0.08416049166401818,0.7307638083661736,1.06471491190532,0.058335607511452725,-3.795918367346939
0.09269703309536602,2.5306122448979593,-8.577255157549608,0.0464793516451949,0.032217031547120856,0.39324388263682925,0.30742685051723195,0.07226957070295459,0.7383907310479894,1.02451958559983,0.05009344917303071,-3.795918367346939
0.0935850068185247,2.693877551020408,-8.532619573667466,0.040241639690915765,0.027893379092867487,0.3833121290335988,0.3003950282421261,0.06250741222028822,0.744782699348416,0.9886880941534589,0.043326836544590464,-3.795918367346939
0.09433586866670733,2.857142857142857,-8.492050047443522,0.03507795603358943,0.02431418632448845,0.3743102153169879,0.29436582401255196,0.054435055508708086,0.7501932602468206,0.9565749737963958,0.037731505249484876,-3.795918367346939
0.0949745043468624,3.020408163265306,-8.455000791559856,0.030773407014045073,0.02133050030800887,0.3661160312465718,0.28915925151357874,0.047712414058158625,0.7548150532206673,0.9276462251181474,0.0330717252821211,-3.795918367346939
0.09552075473749558,3.183673469387755,-8.421019940679603,0.0271605546612963,0.018826261885921847,0.3586265181739633,0.28463277383155894,0.04207504640589832,0.7587961078324509,0.9014600052869363,0.029164199788177303,-3.795918367346939
0.09599051084595923,3.3469387755102042,-8.38973044215888,0.02410830514365747,0.01671060373840505,0.35175458550200833,0.28067277399922014,0.037316276168565476,0.7622514481962547,0.8776624660156905,0.025865671615236785,-3.795918367346939
0.09639656585358179,3.510204081632653,-8.36081530334336,0.021513433388730796,0.014911975697562863,0.34542642760549636,0.27718804776851363,0.03327361292929476,0.7652714173213814,0.8559368616219643,0.023063510988983182,-3.795918367346939
0.09674927524039692,3.673469387755102,-8.334006127140619,0.019294160151089645,0.013373692709999663,0.33957926973363683,0.2741048502251188,0.029818497563546487,0.7679277027750239,0.8360215200664699,0.020668607514705784,-3.795918367346939
0.09705706851133798,3.836734693877551,-8.309074138644132,0.017385272439073507,0.012050552574410345,0.3341594629992438,0.2713631245647473,0.026848534007752445,0.7702777456828436,0.8176996818544812,0.01860998564964067,-3.795918367346939
0.09732684513228608,4.0,-8.285823108974967,0.015734465339778403,0.01090630028788575,0.3291210220165865,0.26891361606454556,0.024281679954277102,0.772367982510074,0.8007875049038866,0.01683077799956534,-3.795918367346939
0.08892369880971547,-4.0,-31.744516484386512,0.018379559440258486,0.012739739805949446,0.2827346571271901,0.24456385101319905,0.027931641579404864,0.388705322917978,0.6749093430165063,0.019360738609174533,-3.5510204081632653
0.0880959952003682,-3.836734693877551,-30.786678167790566,0.01871440059230567,0.012971834006425986,0.28832336624248844,0.2472873635465406,0.02844617656793691,0.38844407374506085,0.691440191111323,0.019717387085775417,-3.5510204081632653
0.08716763592342938,-3.673469387755102,-29.830455730663992,0.019078390303357118,0.013224132448393933,0.2942933371192987,0.25029410771614463,0.029006049976261217,0.38818109108136695,0.7092337762138585,0.02010546176022565,-3.5510204081632653
0.08612216139632073,-3.510204081632653,-28.876039316110575,0.019480584585052974,0.013502912280789259,0.3006855000803319,0.2536253868620347,0.029625928487003073,0.38791705782392494,0.7284414675590406,0.020535128802236624,-3.5510204081632653
0.08493985910988673,-3.3469387755102042,-27.923649498254253,0.01993319018698303,0.013816634577672238,0.30754657135250024,0.2573299061475159,0.030325970937408187,0.38765251126627237,0.7492390079180008,0.021020361253007103,-3.5510204081632653
0.08359704393737381,-3.183673469387755,-26.973543308704244,0.020452730398442753,0.014176752410433258,0.31493003697129907,0.2614652457076193,0.03113236554350074,0.3873876294691863,0.7718359990557714,0.021579311400639067,-3.5510204081632653
0.08206518510404262,-3.020408163265306,-26.02602163898657,0.02106164931434673,0.01459882284018188,0.3228972965518444,0.26609960129360777,0.03208048720152945,0.38712188165139605,0.7964744013568551,0.02223649925472948,-3.5510204081632653
0.08030984749317409,-2.857142857142857,-25.081438358638298,0.02179058947156376,0.01510408565495358,0.3315190488395935,0.27131384557330707,0.033218564002647444,0.3868534411179055,0.8234346469448413,0.023025353980684837,-3.5510204081632653
0.07828942900340405,-2.693877551020408,-24.140211573970557,0.02268162717435196,0.015721705926413865,0.34087697533146727,0.2772039338889978,0.03461275428136945,0.38657821837199713,0.8530535160095732,0.023991733041544894,-3.5510204081632653
0.07595368634212633,-2.5306122448979593,-23.20283756023419,0.02379291618323931,0.01649199276971136,0.35106583951353315,0.28388368151984367,0.03635442629667951,0.38628827184720654,0.8857336495693047,0.02519896808841704,-3.5510204081632653
0.07324207164827312,-2.36734693877551,-22.269908040984813,0.025205419629351855,0.0174710655509156,0.3621962043222965,0.291487944570326,0.03857077119165275,0.3859691945216376,0.9219668725624376,0.026735221303516354,-3.5510204081632653
0.07008195748102249,-2.204081632653061,-21.342131688144335,0.02703278465701686,0.018737698467695685,0.37439814407368327,0.30017629073897717,0.0414405697199931,0.38559579992837734,0.9623374778072865,0.028724414062210712,-3.5510204081632653
0.06638692203160021,-2.0408163265306123,-20.420361037335027,0.02943603463114952,0.020403504411446338,0.3878266634765489,0.3101374386949655,0.04521822459236757,0.38512495145818076,1.007629440016514,0.03134288488612569,-3.5510204081632653
0.06205541326366241,-1.8775510204081634,-19.505626613243546,0.03264585223947236,0.02262838043676685,0.40267018061947685,0.32159529624249555,0.05027094826433798,0.3844835175322148,1.0589115851059063,0.03484516605350052,-3.5510204081632653
0.05697031696386943,-1.7142857142857142,-18.599181332606605,0.03699734659358489,0.025644606479542364,0.4191646197252993,0.33481883060641415,0.05713381478180013,0.38354783406989995,1.117272416210211,0.03960214263063877,-3.5510204081632653
0.051000207134535694,-1.5510204081632653,-17.70256116731949,0.042986626831001296,0.029796059189691082,0.43761771414543993,0.350141306968845,0.0666035997365717,0.38210794427061834,1.184329523837259,0.04616609737254773,-3.5510204081632653
0.0440033294937675,-1.3877551020408163,-16.817674966824416,0.05136778393855179,0.035605434608619424,0.4584511893314273,0.3680017177469176,0.07989834584781086,0.3798035227913674,1.2623375486230741,0.055381313155813405,-3.5510204081632653
0.03583573880383779,-1.2244897959183674,-15.946952942034319,0.06332633603198712,0.0438944712757634,0.4822712107573828,0.38903616257552354,0.0989423935638829,0.37600472631612136,1.3545886471113844,0.06858164113665755,-3.5510204081632653
0.026366328001927973,-1.0612244897959184,-15.093623068516791,0.0807897654395977,0.05599919813255627,0.5099710478601954,0.41427365755114254,0.12687499985424022,0.36958108380199767,1.465857977952737,0.08794304843250966,-3.5510204081632653
0.015508045505440868,-0.8979591836734694,-14.262277593627452,0.10693001283842207,0.07411823691619124,0.5428134547885589,0.4455189497611906,0.16886964879296196,0.3584382817330291,1.60417511072459,0.1170515209429892,-3.5510204081632653
0.0033027652879569604,-0.7346938775510204,-13.4600877940132,0.14662782573243893,0.10163466399807497,0.5821670528197426,0.4859080106764283,0.23289003630622584,0.3386105214368382,1.779168154231001,0.16142707204616435,-3.5510204081632653
0.009813312608258979,-0.5714285714285714,-12.699263248355786,0.20501029419725647,0.14210230740859275,0.6275696470537365,0.539661583671832,0.32732222215395,0.30288143295083836,1.9965500069298843,0.22688247542062623,-3.5510204081632653
0.022368570091532026,-0.40816326530612246,-12.000423435534033,0.2778534925147196,0.19259336494531176,0.6702142836795549,0.6062848638997689,0.44529444636224635,0.24124449862977895,2.2307786891117627,0.3086545900149926,-3.5510204081632653
0.031687408248065554,-0.24489795918367346,-11.389889020459654,0.3379637849937409,0.2342586446997792,0.7073160717493647,0.6663299969177616,0.5416096992520694,0.1512604097941735,2.398162387546093,0.3754152360004923,-3.5510204081632653
0.03678061085867561,-0.08163265306122448,-10.879539342110728,0.3653354343951434,0.25323122630963657,0.7216566428298887,0.6939740432189438,0.5820882685286008,0.04967237695709374,2.456705181231861,0.40347284216761947,-3.5510204081632653
0.03998568320409508,0.08163265306122448,-10.454262210640508,0.37454374437715154,0.2596139404113871,0.7170858350036117,0.6924703560556182,0.59476813542175,0.04830164524699156,2.4263316870261336,0.4122618561544811,-3.5510204081632653
0.04350699898291108,0.24489795918367346,-10.091794464774289,0.3746681035637547,0.25970013963095817,0.7019858035452028,0.6751888016304524,0.5954062799017548,0.14248754913598044,2.34139836979685,0.41270418420158617,-3.5510204081632653
0.0480688616738149,0.40816326530612246,-9.777932139304145,0.36347901327065424,0.25194445324126513,0.6798298476217324,0.6476438047433571,0.5777628824108971,0.23528699455783847,2.2266142679955405,0.40047471297530013,-3.5510204081632653
0.05355604257236587,0.5714285714285714,-9.505653000479949,0.3393219631415483,0.23520006205362987,0.6524268124552315,0.6118218347485715,0.5388894935906157,0.32523290330642807,2.098423565189169,0.3735297331157117,-3.5510204081632653
0.05949324933083069,0.7346938775510204,-9.270924802144773,0.3044312580584867,0.21101566819755724,0.6219462812186318,0.5705099931621893,0.4825799950595573,0.4081397200427158,1.9639960040082185,0.33449896297016446,-3.5510204081632653
0.06533855560535143,0.8979591836734694,-9.070090530108185,0.2638934547355487,0.18291700411816914,0.5903632872250931,0.527714769462642,0.417309077521955,0.4800996859257447,1.8288182293470623,0.28925661050641427,-3.5510204081632653
0.07068612143713111,1.0612244897959184,-8.89902510239713,0.22310902518145426,0.15464739176200282,0.5627718298627715,0.4871659065423627,0.3519056494362789,0.5394311994660772,1.7016072307471148,0.24392240872987303,-3.5510204081632653
0.07533580802374742,1.2244897959183674,-8.753323274043856,0.18584064599968064,0.12881491980811743,0.5363072455180621,0.45114193108177564,0.29239520558648335,0.5867066151275745,1.5857274178965182,0.20267291236151586,-3.5510204081632653
0.07925353849695384,1.3877551020408163,-8.628756632616119,0.1538039329804506,0.10660876250443008,0.5117036497464134,0.4204076528490418,0.2414391921916632,0.6237409917869031,1.4822130584763475,0.16735289534432196,-3.5510204081632653
0.08249853177615366,1.5510204081632653,-8.521592502129424,0.12723806236694335,0.08819470418955722,0.48938229623019464,0.3947534657692853,0.19932943955765303,0.6526398513550794,1.3909789905672039,0.1381646390319804,-3.5510204081632653
0.08516611338009669,1.7142857142857142,-8.4287064300152,0.1056245616370508,0.07321336709660176,0.4693888342375918,0.37353576888518464,0.16517027086656144,0.6752920128107549,1.3111931423326642,0.11448730756347958,-3.5510204081632653
0.08735562591360797,1.8775510204081634,-8.347559343871218,0.08818375677027568,0.06112432237650034,0.45157609236197904,0.3560103400134732,0.13767497873346013,0.6932114906798564,1.2416140898726882,0.09542902334274839,-3.5510204081632653
0.08915640730472665,2.0408163265306123,-8.27611636052786,0.07413117857252471,0.05138381741913167,0.43571940722314123,0.34148703182254697,0.11556878281426464,0.7075493967093286,1.180829663061733,0.08010617596845204,-3.5510204081632653
0.09064356004785955,2.204081632653061,-8.212753407227957,0.06278030793975686,0.04351599344312729,0.42157855931014915,0.3293817256340025,0.0977456835090047,0.7191612401167358,1.12750835291907,0.0677521449361711,-3.5510204081632653
0.09187814371310248,2.36734693877551,-8.15617211750579,0.05356764219808463,0.03713026015884613,0.4089268218761811,0.31922081229482346,0.08330317315502134,0.728678683267513,1.0805090727080264,0.05774135960409987,-3.5510204081632653
0.09290899545612781,2.5306122448979593,-8.105329312825342,0.04604501860133636,0.03191597482234676,0.3975622150143244,0.3106278668888588,0.0715266103641925,0.7365691850679602,1.0389263405944658,0.0495784683089493,-3.5510204081632653
0.09377490369735132,2.693877551020408,-8.059381136188978,0.039861316168025684,0.027629758915275637,0.3873099736635264,0.30330603720461513,0.06185803072525298,0.7431811424514168,1.001871549154494,0.0428767195921993,-3.5510204081632653
0.09450662511788278,2.857142857142857,-8.017639721866196,0.034743056817775564,0.02408205187727508,0.37802108209767915,0.29702147462385503,0.05386408003560961,0.7487767024161494,0.9686795778568116,0.03733573521013778,-3.5510204081632653
0.09512858484299283,3.020408163265306,-7.97953987788824,0.030477370574861773,0.021125303484846203,0.3695693220196568,0.29158945210675796,0.0472082421721125,0.7535552273129882,0.9387975047360003,0.03272225996079037,-3.5510204081632653
0.0956602459498483,3.183673469387755,-7.944613508758851,0.02689815678219709,0.01864438153583925,0.36184799648706145,0.2868633212454522,0.04162846508242213,0.7576700104160545,0.9117747238961945,0.028854653202919245,-3.5510204081632653
0.09611718787432158,3.3469387755102042,-7.912469931708261,0.02387524891435877,0.016549061470154447,0.3547668422970384,0.28272594614623586,0.03691974487080518,0.7612402147250874,0.8872276958152995,0.025590817064189864,-3.5510204081632653
0.09651194429692832,3.510204081632653,-7.882780655043178,0.021306128309538597,0.014768282766405072,0.34824928601476407,0.27908311421002097,0.03292086333871991,0.76435946664175,0.8648268799248551,0.022819003604832577,-3.5510204081632653
0.09685465605953664,3.673469387755102,-7.855267533998912,0.019109523588035415,0.013245712396890541,0.3422301833279774,0.2758585405381194,0.029504184102143505,0.767102062643682,0.8443053670204308,0.02045074202512165,-3.5510204081632653
0.09715357167218898,3.836734693877551,-7.829693490739795,0.017220660580390845,0.011936452328677793,0.33665384834276224,0.27298999690628634,0.026568096711152567,0.7695275427416848,0.8254375284286484,0.018415601328178877,-3.5510204081632653
0.09741543286884115,4.0,-7.805855190495085,0.015587568854092293,0.010804479402998002,0.33147250389289046,0.27042638214067355,0.02403115741913764,0.7716840460663531,0.8080318307344606,0.016657129010667404,-3.5510204081632653
0.08868685603451197,-4.0,-31.264166971490553,0.02015245610324623,0.013968618129323263,0.28714202785973786,0.24642392054474582,0.03062936205423128,0.3874693241491157,0.6884461005253532,0.02123065595024043,-3.306122448979592
0.08784453682891516,-3.836734693877551,-30.306809430356505,0.020512008837845208,0.014217841093573158,0.29294058632672704,0.24926747517768605,0.031181996959915637,0.3871377806970636,0.7057155634977446,0.02161371327699335,-3.306122448979592
0.08689619947913675,-3.673469387755102,-29.351109490387653,0.020927989549876624,0.014506176951284644,0.2991568351538662,0.2524175435013799,0.0318211986413508,0.3867919889027786,0.724391335596617,0.022056774120290168,-3.306122448979592
0.0858296062229808,-3.510204081632653,-28.397262891546408,0.021363590034986224,0.014808112199389045,0.30580815629865754,0.2559028929292376,0.032491135698447415,0.3864407126458695,0.7445333148495853,0.022521139102569254,-3.306122448979592
0.08462286672917314,-3.3469387755102042,-27.445496878056147,0.021844699283695146,0.015141591718673242,0.31295301939389947,0.25977978390802203,0.033232103342706765,0.3860804198007665,0.7663644683053551,0.023034738736073646,-3.306122448979592
0.08325152159247949,-3.183673469387755,-26.496076482516088,0.022386262039186366,0.015516974415738183,0.32064853117081077,0.2641090336432037,0.03406871187538618,0.3857099695994367,0.7901055181040569,0.02361463158173205,-3.306122448979592
0.08168605153572513,-3.020408163265306,-25.54931227254942,0.023008782832902863,0.015948472948742465,0.3289604268831296,0.2689628196959795,0.03503419288397369,0.38532719081371736,0.8160192847288644,0.024283852020719365,-3.306122448979592
0.07989075703618456,-2.857142857142857,-24.60556991706218,0.023740543248999657,0.01645569061800556,0.3379646187976453,0.2744269354138838,0.03617326247945707,0.3849281838975034,0.8444187880643221,0.025073394899289614,-3.306122448979592
0.07782241707595434,-2.693877551020408,-23.665282035158647,0.024620794424968562,0.017065834238812805,0.34774908480963845,0.2806034431805855,0.037547939226856286,0.3845061929831145,0.8756621416359883,0.026026248210931247,-3.306122448979592
0.07542871760328104,-2.5306122448979593,-22.72896291155951,0.025704400747762257,0.01781693290629427,0.3584162203656411,0.28761376362294183,0.039244789359381915,0.38404977988507083,0.910185936742647,0.027202415096123644,-3.306122448979592
0.07264647172771026,-2.36734693877551,-21.79722682457837,0.027068668629583126,0.018762571342106904,0.3700858648538145,0.2956022478780123,0.04138567378192359,0.3835398566591289,0.9485254950328298,0.02868636309751338,-3.306122448979592
0.06939971371629333,-2.204081632653061,-20.870810964701207,0.028823507932861592,0.01997893325750999,0.38289938351470726,0.3047403371779157,0.044143812740847554,0.3829448337112831,0.9913188483166023,0.03059815934048382,-3.306122448979592
0.06559785298667138,-2.0408163265306123,-19.95060429483823,0.031126756360620345,0.021575423411340333,0.3970255123848484,0.31523161388491616,0.04776833999476304,0.3822126196577807,1.0393594778016426,0.03311049018739887,-3.306122448979592
0.061134240220005576,-1.8775510204081634,-19.037684392421347,0.034207666987418506,0.02371094792586237,0.41266928581248075,0.3273186147521461,0.05262301587137541,0.3812572814697666,1.0938883553145258,0.036475495083804876,-3.306122448979592
0.05588573935532559,-1.7142857142857142,-18.133365747880877,0.038403670662670475,0.026619396042982357,0.43008645836855025,0.3412937064532257,0.05924727660386431,0.37993646794867464,1.156087543400401,0.04106708273382331,-3.306122448979592
0.04971421894270879,-1.5510204081632653,-17.239266213594647,0.044219562634642884,0.030650665165796953,0.4496075951276901,0.35751963528007497,0.06845004356209428,0.37801243886545355,1.227670158948467,0.04744595470427093,-3.306122448979592
0.04247128299908735,-1.3877551020408163,-16.357405782724125,0.05242612386747547,0.0363390199464273,0.47167818071230744,0.37647244699513543,0.08147271851954097,0.3750830325432976,1.3110643571299876,0.056472585134373254,-3.306122448979592
0.03400824517647309,-1.2244897959183674,-15.490369421781256,0.06422879649464575,0.04452000920102184,0.4969210849306333,0.39883307823943037,0.10026471544985549,0.3704554359056338,1.4096364280978195,0.0694982048237116,-3.306122448979592
0.024195497144191943,-1.0612244897959184,-14.641606265987294,0.08155001020600183,0.05652615964892482,0.5262131020517933,0.42567440095083803,0.12794373025546735,0.3629077568648294,1.5282637414016023,0.08868383589689843,-3.306122448979592
0.012964160787863218,-0.8979591836734694,-13.816026745604626,0.10742509298275182,0.07446140032238424,0.5606880651062572,0.45879347928123837,0.16943948332291292,0.3502323625694682,1.674956157979207,0.11744650014081115,-3.306122448979592
0.00041503463769714254,-0.7346938775510204,-13.021222932253002,0.14613083841187136,0.10129017863804912,0.6012601740270204,0.5010582071152345,0.23170502233816848,0.3284165898479338,1.857629744397693,0.16060568295528066,-3.306122448979592
0.01287863543984237,-0.5714285714285714,-12.269717527786973,0.20102533185328264,0.13934014199523004,0.6463153719835185,0.5555469004670415,0.32023017919654784,0.29067218633458236,2.076615308413699,0.2219666458402929,-3.306122448979592
0.02528037443110804,-0.40816326530612246,-11.581315721082479,0.26553488463043307,0.1840547566218953,0.6856661638381225,0.6193426989166188,0.4243420390206074,0.22884576762789638,2.298607901878159,0.2941314879401915,-3.306122448979592
0.03425928289951443,-0.24489795918367346,-10.978780536959281,0.31596091340033894,0.21900741629058995,0.722135636736306,0.6733420311478215,0.5047022722610124,0.14285428794804422,2.450668985811174,0.34983295703991857,-3.306122448979592
0.039174188643297324,-0.08163265306122448,-10.470310047483645,0.3398569675038208,0.23557089881892623,0.734078816856768,0.6974675218663494,0.5398572238030783,0.047226631323929145,2.502054222272176,0.37420051258402287,-3.306122448979592
0.042261383908207564,0.08163265306122448,-10.041928243608218,0.3500070770786152,0.24260641865306987,0.7290573611114216,0.6957478669839972,0.5543561954522387,0.04635948047424945,2.471373162572022,0.3842504339036572,-3.306122448979592
0.04557852921477645,0.24489795918367346,-9.674287527403838,0.3525727564325818,0.24438481206349238,0.7141387027059116,0.6792702248339062,0.558961138760953,0.13770547261982932,2.387580910562645,0.3874423373747309,-3.306122448979592
0.049862037008889026,0.40816326530612246,-9.354689485624192,0.34477260250768627,0.23897815736251715,0.6919440009995309,0.6527852605310718,0.5468344674260437,0.22847529118243845,2.2732651687639125,0.3790367693293617,-3.306122448979592
0.05504749278589917,0.5714285714285714,-9.076588582394358,0.3245858075254122,0.22498573733601246,0.6642820825038812,0.6180897983063971,0.5144760418375975,0.31707655555881653,2.1435858952699625,0.35660761786537076,-3.306122448979592
0.060705036367865284,0.7346938775510204,-8.836134962249382,0.2936427807533617,0.20353766557097486,0.633377156358038,0.5777126650652317,0.46467020671955606,0.39944289792544285,2.006823931229831,0.32208484367786694,-3.306122448979592
0.06631932187603887,0.8979591836734694,-8.629831145443193,0.25645306194437234,0.17775971683270675,0.6012173737378611,0.5354200468941314,0.4049192482226833,0.4716282240603151,1.8693640452257405,0.28066863526000585,-3.306122448979592
0.07148891113617013,1.0612244897959184,-8.4537013635302,0.21814826547196375,0.15120885515593407,0.572070762165074,0.4948908327102471,0.3436050336900913,0.5317022904152184,1.7382651491319678,0.2381688603284906,-3.306122448979592
0.07600448940762,1.2244897959183674,-8.303435446809875,0.18254429746411338,0.126530065114546,0.545034399057604,0.45852149364851413,0.28684412079360255,0.5799425436149805,1.6193414418329404,0.19882519358828166,-3.306122448979592
0.07981987354535126,1.3877551020408163,-8.174832438717203,0.15156213620820802,0.10505486739236147,0.5197959428038812,0.4272409364283084,0.2376372419015742,0.6179529483773413,1.5126571539379714,0.16471758422011673,-3.306122448979592
0.08298457219918967,1.5510204081632653,-8.064136694538124,0.1256505484286614,0.08709432337913703,0.4968302540873262,0.4009686491717268,0.19661973299235713,0.6477328218090881,1.4184518650811753,0.1362864135661015,-3.306122448979592
0.0855873998112627,1.7142857142857142,-7.96817443710238,0.10444659441632265,0.07239686243876187,0.47621846891412134,0.3791381499603742,0.163149903617954,0.6711367232793244,1.3359184967452855,0.11308689570141173,-3.306122448979592
0.0877235580426914,1.8775510204081634,-7.8843487755916035,0.08727019592877783,0.06049109025494648,0.45783208597891345,0.36104274385552393,0.13610361792656267,0.6896807972583914,1.2638469297088275,0.09433983902980492,-3.306122448979592
0.089479704826336,2.0408163265306123,-7.8105684274796054,0.07339615161574997,0.05087433555640741,0.4414535695131711,0.3460062473572002,0.11430306364186427,0.7045322700676697,1.2008826685851552,0.0792288462927222,-3.306122448979592
0.0909291168161938,2.204081632653061,-7.7451586739224005,0.06217207956160076,0.04309440165767198,0.426843116289339,0.33344637186173126,0.09669836543509769,0.7165657302056276,1.1456456622074755,0.06702619936609278,-3.306122448979592
0.09213153645611542,2.36734693877551,-7.6867775067690305,0.05305398949764273,0.036774223237747705,0.4137710025872607,0.32288583564718426,0.0824193308676624,0.726430423878513,1.0969719091642025,0.05712872681455705,-3.306122448979592
0.09313480477613581,2.5306122448979593,-7.634344910395853,0.045604974649914976,0.03161095959809601,0.40203079957642346,0.3139424902584055,0.07077013914072783,0.7346085608520699,1.0539211170455585,0.04905412241323015,-3.306122448979592
0.09397693129535728,2.693877551020408,-7.586986228634924,0.03948054982179272,0.027365831795931994,0.39144290857194486,0.3063133704210762,0.06120404839364291,0.7414604065395485,1.0155766189430386,0.0424234135829078,-3.306122448979592
0.09468805022206035,2.857142857142857,-7.543987927310892,0.034411275245316286,0.023852078415763422,0.3818536305735904,0.29975885713130523,0.05329461943858371,0.7472574840326247,0.9812481384998124,0.036941015202868854,-3.306122448979592
0.09529208216585305,3.020408163265306,-7.5047634129806085,0.030186838097688184,0.02092392171743196,0.37313245309574294,0.2940890700068145,0.04670976885371836,0.7522065157271383,0.9503682506707422,0.03237674458556139,-3.306122448979592
0.09580807739535022,3.183673469387755,-7.468826701394635,0.026642831765502528,0.018467403720390907,0.36516885584007513,0.2891528838273598,0.04119041264939183,0.756466572912152,0.9224667700578001,0.028551018394026073,-3.306122448979592
0.09625127497372302,3.3469387755102042,-7.435772101835302,0.023650272428434427,0.01639311965324386,0.35786922168004537,0.2848293251116987,0.03653363420819611,0.7601613729936055,0.8971268956514771,0.02532318554701929,-3.306122448979592
0.09663392761202207,3.510204081632653,-7.405258476963013,0.02110747692021686,0.01463058811598228,0.35115408356725647,0.28102092763031494,0.032579702303678015,0.7633881443733498,0.8740177047689743,0.02258252879527678,-3.306122448979592
0.09696594076181492,3.673469387755102,-7.376996977507409,0.018933840035818772,0.01312393783800081,0.3449557683800692,0.2776486293235162,0.02920215822101202,0.76622406616152,0.8528609287769244,0.02024139363715971,-3.306122448979592
0.0972553671195555,3.836734693877551,-7.350741421537528,0.01706508830360498,0.011828617843650413,0.3392164240809634,0.27464785540578873,0.02630027843406957,0.7687309881898543,0.8334214342939297,0.018229963844516917,-3.306122448979592
0.09750878931500795,4.0,-7.326280695077972,0.015449661138152049,0.010708889058516524,0.33388638624482664,0.27196550515341106,0.02379334388024601,0.7709589234661225,0.8154995359893533,0.01649228922668522,-3.306122448979592
0.0884184047398022,-4.0,-30.784463013144457,0.0221794797691639,0.015373643868282327,0.2918644786106229,0.24849038672370255,0.03371392789688654,0.38609826102975664,0.7030353496217802,0.023368714067327545,-3.061224489795918
0.08755590109066631,-3.836734693877551,-29.827634459568323,0.02260774004743249,0.01567049127271014,0.29791184788918085,0.2514808481269526,0.03437237617025701,0.38568016980761266,0.7211932461946481,0.023825115631559868,-3.061224489795918
0.086587974478649,-3.673469387755102,-28.872510432827493,0.023060733543493583,0.01598448243731676,0.3043806630588252,0.25478347033974824,0.03506887935352809,0.3852462272128859,0.7407735860315591,0.024307894849294964,-3.061224489795918
0.08549713438228504,-3.510204081632653,-27.91929306063974,0.023545512314279815,0.016320505475482472,0.31131730491824045,0.2584442441732816,0.03581432565799991,0.3847951801467978,0.7619510722379231,0.024824598853497637,-3.061224489795918
0.08426236399090432,-3.3469387755102042,-26.96821719581895,0.02407173360552939,0.01668525427986256,0.3187749333714656,0.2625175656848625,0.03662377405733297,0.38432523050983547,0.7849292553753607,0.025385665729304563,-3.061224489795918
0.08285831913987912,-3.183673469387755,-26.019557012149807,0.024652725326892888,0.017087967053454056,0.32681469802132906,0.2670679709551372,0.03751829982237398,0.3838336986252889,0.8099465342497733,0.026005703741281305,-3.061224489795918
0.08125434934791832,-3.020408163265306,-25.07363414610959,0.02530695727951926,0.01754144608684971,0.33550716607246145,0.2721722085991881,0.038527795149920774,0.38331650271089446,0.8372835269056319,0.02670543258135849,-3.061224489795918
0.07941330493740056,-2.857142857142857,-24.13082778184101,0.026060171160798618,0.018063534165017492,0.34493404938140754,0.2779217174656693,0.03969482812105518,0.3827673329025615,0.8672740556643476,0.027514358194920874,-3.061224489795918
0.07729010400026848,-2.693877551020408,-23.1915871837896,0.026948483664498646,0.018679265472413276,0.35519031004640556,0.2844255589028015,0.04107693450061456,0.38217633912420373,0.900328070945748,0.02847236133514608,-3.061224489795918
0.07483004718892379,-2.5306122448979593,-22.25644732005912,0.028022960937182706,0.0194240363645497,0.3663867727729567,0.2918138531695388,0.0427551067016112,0.38152803561239323,0.9369091592448292,0.0296355816647611,-3.061224489795918
0.07196690254856428,-2.36734693877551,-21.326048405654458,0.02935644137148241,0.020348334567916515,0.3786534552644307,0.30024177742675084,0.04484465620396616,0.3807979329074826,0.977598870792668,0.03108394701095829,-3.061224489795918
0.06862084906163698,-2.204081632653061,-20.401160462485755,0.031053833821931498,0.021524877359248462,0.39214398670681383,0.30989423727367943,0.047511422084340005,0.3799470820487002,1.0230969742297304,0.03293240826215316,-3.061224489795918
0.06469648518664922,-2.0408163265306123,-19.482714421822383,0.0332678517336058,0.023059517632435078,0.4070417836725989,0.32099151816427857,0.050996686615867315,0.3789131532405094,1.074263123428818,0.035348209545687403,-3.061224489795918
0.06008130097123735,-1.8775510204081634,-18.571842076004376,0.0362233613937577,0.02510812082048708,0.42356919765462797,0.33379677865632645,0.05565627743284729,0.37759568016642564,1.1323466867784124,0.03857799178303978,-3.061224489795918
0.05464530375809347,-1.7142857142857142,-17.66992878017596,0.040255593237011666,0.027903050954002806,0.44200176839257477,0.34862764507090616,0.06202397311349861,0.37583130715142,1.1988101216887668,0.0429917420907473,-3.061224489795918
0.048242901640796323,-1.5510204081632653,-16.778686306938372,0.04587105513866341,0.03179539253867403,0.4626910175094664,0.36587735051928805,0.07091169075243897,0.3733515229878412,1.2753998984652326,0.04915223851379169,-3.061224489795918
0.04071874510434435,-1.3877551020408163,-15.900261214067932,0.053846071745560664,0.037323252814663865,0.4861001147518104,0.3860573870128766,0.08356551610475949,0.36970889110576566,1.3646934985076042,0.05792320188005107,-3.061224489795918
0.031920333036550896,-1.2244897959183674,-15.037412201494792,0.06538615567787032,0.04532222945576936,0.512853155577913,0.4098849462192155,0.10192767755722087,0.3641450777402905,1.470126809408036,0.07065088231981065,-3.061224489795918
0.021723354062916717,-1.0612244897959184,-14.193829995979838,0.08236773673339703,0.05709296448585821,0.543774419271307,0.4384501441349588,0.12902838630398294,0.35535007769175564,1.5966850524081164,0.08943566217880505,-3.061224489795918
0.010086738878821885,-0.8979591836734694,-13.37475421089455,0.10760116606086534,0.07458344488005175,0.5797915718014378,0.47347100713726,0.16941258171037,0.34102779534662125,1.7518804025556036,0.11742785336392414,-3.061224489795918
0.0028113078553427236,-0.7346938775510204,-12.588159515194697,0.14460608290180943,0.1002332986552068,0.6212303940740729,0.5173850504709023,0.22878374949168556,0.31720543560373693,1.9407078034407632,0.15858081091809462,-3.061224489795918
0.016242424645137903,-0.5714285714285714,-11.846689916259718,0.1949508837231373,0.13512965540036248,0.6652474057921357,0.5719216146506036,0.3097263668208905,0.2777156406344745,2.158662852140068,0.21468595790697576,-3.061224489795918
0.028433221897814675,-0.40816326530612246,-11.168920589149543,0.2505762047991631,0.1736861898719515,0.7007136786459873,0.6320719464480634,0.3991926926377305,0.21632044706927855,2.366059288738457,0.2766992894019751,-3.061224489795918
0.0370574900337997,-0.24489795918367346,-10.5739441617984,0.2921226046490717,0.20248395979033162,0.7368444173498828,0.6800568015678389,0.4650403823462761,0.1346450771285247,2.502645518781078,0.3223414298698404,-3.061224489795918
0.0417888244257809,-0.08163265306122448,-10.066899727057589,0.31307875891713977,0.21700965903662217,0.7464763897381399,0.7009495251921959,0.4957669602485675,0.04482132594731185,2.547758891494932,0.3436394707110688,-3.061224489795918
0.044744222389134856,0.08163265306122448,-9.635131906609253,0.32415773109730406,0.2246890173668057,0.7410668032392924,0.6990482588088038,0.512020724790998,0.044401473804020444,2.516691120443811,0.35490572177713986,-3.061224489795918
0.047839969177909426,0.24489795918367346,-9.262011524356497,0.329120272666652,0.22812878906401024,0.7264406294957925,0.6833949999790988,0.5204843757445268,0.13279513718824587,2.4344941741239463,0.3607722775728215,-3.061224489795918
0.05182306740236864,0.40816326530612246,-8.93630306427542,0.3247251142802092,0.2250822974203328,0.7042944485293666,0.6580131305061065,0.5138602330678377,0.22140639166643603,2.321159602802411,0.35618077175284757,-3.061224489795918
0.056681384422206715,0.5714285714285714,-8.65196798065317,0.30860046922457895,0.21390554516249294,0.676448837012601,0.624499688267425,0.4881243178760566,0.30854245023715887,2.1903565413218136,0.33834199469853443,-3.061224489795918
0.062033293132023604,0.7346938775510204,-8.405362672467982,0.28177647354252766,0.195312568184127,0.6451721907440808,0.585125909868737,0.44506567856956325,0.3902653073053863,2.051563632480438,0.3084960202644922,-3.061224489795918
0.06739284418777045,0.8979591836734694,-8.193163541437656,0.2481597412550225,0.17201122497940435,0.6124662341937518,0.5434058171415701,0.39117549232705073,0.46261119025323305,1.9114607593872917,0.27114218961064385,-3.061224489795918
0.07236491922523441,1.0612244897959184,-8.011557678213402,0.21256438055310278,0.14733840106785445,0.5816656460086745,0.5029460346969377,0.3343079289136397,0.5234138488520905,1.7767802444768026,0.23172459836532333,-3.061224489795918
0.076731415865033,1.2244897959183674,-7.856343323619208,0.17881986942772254,0.12394848832192329,0.5540688464848684,0.4662496186365903,0.2806035576941328,0.5726482773347569,1.6544357657170035,0.19449956487077813,-3.061224489795918
0.08043332799731664,1.3877551020408163,-7.723356491505426,0.14903821489917135,0.1033054184530473,0.5281910469844007,0.43441318865593137,0.23337711823594498,0.6116890773450818,1.544490123156347,0.1617646915124502,-3.061224489795918
0.08350943354984262,1.5510204081632653,-7.6088225713110305,0.12388205642369154,0.08586849813204966,0.5045658032639789,0.4074957278940383,0.19361297997502858,0.6424127811156379,1.4472031646371513,0.13420229118950022,-3.061224489795918
0.08604117438017714,1.7142857142857142,-7.509517907359431,0.10315492676260263,0.07150154664636532,0.4833146558877773,0.3850175817894953,0.16094020466743864,0.6666294493089749,1.3617981800704222,0.1115552491039753,-3.061224489795918
0.08811901056724328,1.8775510204081634,-7.422784539992425,0.08628690530099625,0.05980952512862858,0.46433139190184514,0.36631602141984193,0.1344137153280367,0.6858526380523926,1.2871226156341347,0.09316848780821552,-3.061224489795918
0.08982652993163728,2.0408163265306123,-7.3464704013132565,0.07262002375688725,0.05033636471928271,0.4474078527564028,0.35073227856972833,0.11296518925961196,0.7012643217645681,1.2218460587172153,0.07830150243671996,-3.061224489795918
0.091234931318429,2.204081632653061,-7.2788455706582855,0.06154144530223471,0.04265727929882801,0.43230587091110223,0.33768737499372603,0.0956094140243966,0.713758441605153,1.1645875220332498,0.06627139576599861,-3.061224489795918
0.09240247227118595,2.36734693877551,-7.2185201594263795,0.05253019746464327,0.03641115826687491,0.4187932829661283,0.32670073499497887,0.08151406718705845,0.7240027417972337,1.1141478076507092,0.056501245846682924,-3.061224489795918
0.09337588079602574,2.5306122448979593,-7.1643735848987165,0.04516286474575848,0.03130451236453258,0.4066593828425754,0.31738432315903353,0.07000570280087359,0.7324952436560943,1.0695450940493196,0.04852425551954287,-3.061224489795918
0.09419230226730199,2.693877551020408,-7.115497206481069,0.03910302318695402,0.02710415027340729,0.39571970305152837,0.30942867085096243,0.06055107581366448,0.73960907640228,1.0298395107918246,0.04197080748011306,-3.061224489795918
0.09488118385455424,2.857142857142857,-7.071149145114278,0.034086188571637255,0.023626745504464974,0.38581572578907153,0.30258793395298167,0.05273213053070158,0.7456259965960658,0.9943124629230027,0.0365511276022743,-3.061224489795918
0.09546589133188638,3.020408163265306,-7.030719175307366,0.02990520354076409,0.020728707518351763,0.37681246849697864,0.29666663641597923,0.04622217756803515,0.7507607956836468,0.9623946150213422,0.03203877206062433,-3.061224489795918
0.09596502214080478,3.183673469387755,-6.993701571365966,0.02639775177007664,0.018297527212549625,0.3685954035525143,0.29150877819511845,0.04076574037630465,0.7551788975503914,0.9335556272675304,0.02825665800527366,-3.061224489795918
0.09639344293826455,3.3469387755102042,-6.959674096486663,0.023436292398572256,0.01624479999884909,0.36106738855684933,0.2869892068821492,0.03616241160628997,0.759009033627913,0.9073819939049703,0.02506587364714763,-3.061224489795918
0.09676309835372345,3.510204081632653,-6.928281688937767,0.020920179186524557,0.01450076321994831,0.35414588728167334,0.2830069023733272,0.03225426821537214,0.7623524089429281,0.8835286268738441,0.02235695507450952,-3.061224489795918
0.09708363769971903,3.673469387755102,-6.8992237291765175,0.01876958010133345,0.013010081527533357,0.34776056934936955,0.2794797902336309,0.028916206242922016,0.7652893756784283,0.8617052577157411,0.02004318682977102,-3.061224489795918
0.09736289950872765,3.836734693877551,-6.872244040084105,0.01692081704580417,0.011728616628069899,0.341851285877875,0.27634074469473974,0.026048548091593293,0.7678843320423379,0.841666582927104,0.01805547766736737,-3.061224489795918
0.09760728770504688,4.0,-6.847122980751814,0.015322800336521336,0.01062095585154288,0.33636638952511294,0.2735345003388863,0.023571399617400512,0.7701893526418723,0.8232042884127986,0.016338449186652504,-3.061224489795918
0.088112906054064,-4.0,-30.30547234154359,0.024496523391069225,0.016979696122040533,0.29693340941468593,0.2507935471869803,0.03723944270516233,0.38457297327705636,0.7187924427833764,0.025812414716706478,-2.816326530612245
0.08722887162081189,-3.836734693877551,-29.34922764669788,0.02499514190555674,0.017325312139532256,0.3032450111933275,0.25394597578653677,0.038006666943505074,0.38405934268207165,0.7378962994394576,0.026344214034371483,-2.816326530612245
0.08623649282205097,-3.673469387755102,-28.394740479550567,0.025517758578252447,0.017687562412724844,0.3100016821714631,0.2574283836231098,0.03881090628586259,0.38352102455995096,0.7585181531318046,0.026901670267021505,-2.816326530612245
0.08511765457161162,-3.510204081632653,-27.442220278886975,0.0260704242148333,0.01807064104051359,0.3172529984924743,0.2612896381390911,0.039661398636489764,0.382955553032943,0.7808460089975288,0.027491186641946275,-2.816326530612245
0.08385054453949525,-3.3469387755102042,-26.491910623618985,0.02666151030639563,0.01848035069834797,0.3250559098116481,0.26558763609711655,0.0405709993216834,0.38235966252047293,0.8051000264807222,0.028121673792323776,-2.816326530612245
0.08240880284638565,-3.183673469387755,-25.54409618270351,0.027302687775381695,0.01892478105321449,0.333476071402062,0.27039119289294683,0.041557782954625644,0.38172887867446165,0.8315385274780407,0.028805660085320817,-2.816326530612245
0.08076047768349204,-3.020408163265306,-24.59911131727782,0.028010289667520727,0.01941525330970917,0.3425894250193061,0.27578231255825364,0.042647352578443876,0.38105689525590297,0.8604661236213941,0.029560892198094102,-2.816326530612245
0.0788667475630165,-2.857142857142857,-23.657350768630014,0.02880731770017997,0.019967711043374692,0.3524841146961651,0.2818589162292834,0.04387641278329113,0.38033460187126594,0.8922439327897826,0.03041281181382205,-2.816326530612245
0.07668038065898435,-2.693877551020408,-22.719282986052534,0.029726399170802775,0.020604769773441278,0.3632628158681718,0.2887380856361209,0.04529870855554785,0.37954856236763723,0.9273024835560998,0.031398672118283955,-2.816326530612245
0.07414391659916306,-2.5306122448979593,-21.785466806033764,0.030814202484457986,0.021358777573305066,0.37504560418969435,0.2965598789004683,0.04699008291066109,0.3786786146445399,0.9661810888652619,0.032571043483802686,-2.816326530612245
0.07118759394048643,-2.36734693877551,-20.856572406944885,0.03213811515067144,0.022276443905198562,0.38797356291729024,0.3054917780831259,0.04905767154545204,0.3776940529916324,1.0094969368180733,0.03400418671656524,-2.816326530612245
0.06772712199656795,-2.204081632653061,-19.933407769525903,0.03379646664879932,0.023425925570503603,0.4022134622344611,0.3157338689837813,0.05165760513409223,0.3765475012979195,1.0580168991947851,0.03580632335317446,-2.816326530612245
0.06366153192994753,-2.0408163265306123,-19.016952359644506,0.035934352292693816,0.024907794976928743,0.4179640913829469,0.32752502185377996,0.055019702362783196,0.37516498296618594,1.1126735371873047,0.038136751568009775,-2.816326530612245
0.05887157128299163,-1.8775510204081634,-18.10840061986306,0.03876835260159828,0.026872174300751617,0.4354652517825137,0.3411508436796595,0.05948659393684741,0.37342964801589507,1.1747096932867838,0.041232964868439304,-2.816326530612245
0.053219467993217286,-1.7142857142857142,-17.20921959231008,0.04262540176193541,0.029545677051520558,0.45501106278436376,0.3569554488113197,0.06557620955622623,0.37115476649849305,1.2458956814977238,0.04545396476570618,-2.816326530612245
0.0465514377384963,-1.5510204081632653,-16.321228718605887,0.04800404388697688,0.03327386767573359,0.47696985054359,0.37536194801977674,0.07408412694194588,0.36803824546630565,1.3280160064832802,0.05135120371405444,-2.816326530612245
0.03870516703608071,-1.3877551020408163,-15.446718094914697,0.055670243002326814,0.03858767197814994,0.5018120505578539,0.3969120438323671,0.08623889361789105,0.3635847600604613,1.4237038321569606,0.05977624596585018,-2.816326530612245
0.029526157673209492,-1.2244897959183674,-14.588639521812912,0.06680172725708511,0.046303428904783006,0.5301395112463791,0.4223429704325376,0.10392989751590864,0.3569704056711201,1.5364546417835194,0.07203871543903562,-2.816326530612245
0.018901148570228326,-1.0612244897959184,-13.750942249005949,0.08317634976876276,0.057653452331485555,0.5626744905300534,0.4527205118818567,0.13001630934613218,0.34680685925847804,1.671422655247049,0.09012043825008131,-2.816326530612245
0.006829810137696726,-0.8979591836734694,-12.939192021601183,0.10728179519762415,0.07436207386664262,0.600044337245904,0.4895877231435353,0.16850537333052973,0.3307488569405197,1.8344116435103401,0.11679902443325707,-2.816326530612245
0.0064110033146896174,-0.7346938775510204,-12.161671131099645,0.14175712507400107,0.09825855156932728,0.6418559435241756,0.5347730348079043,0.22366510122913752,0.3049720142296668,2.0275763141570824,0.15503283430663117,-2.816326530612245
0.019925401224954904,-0.5714285714285714,-11.430894388963406,0.18652193400046402,0.12928715266500945,0.6840539562630745,0.5885335411895322,0.2954268021192039,0.2641116217618803,2.241213078673272,0.20477425495076673,-2.816326530612245
0.03184605380885284,-0.40816326530612246,-10.763801080983074,0.23301821764592967,0.16151592058037978,0.7155553687927266,0.6443035824791978,0.36997377631113304,0.20378088103139333,2.432490258236449,0.2564462799311773,-2.816326530612245
0.04010358250251868,-0.24489795918367346,-10.175852895158588,0.26660155426716114,0.18479411567318182,0.7513112458657367,0.6864269078251419,0.42291864769159737,0.12665413938724465,2.5546656118591717,0.29314486825365504,-2.816326530612245
0.04464473657682315,-0.08163265306122448,-9.669764296094176,0.2850864908776649,0.1976068973675822,0.7587362188348336,0.7043751902337243,0.44998858017191123,0.042457611056501546,2.5932565989117133,0.31190831563033283,-2.816326530612245
0.04745331165386009,0.08163265306122448,-9.234318675907437,0.29704922583265203,0.20589883337341708,0.7530127936340244,0.7023319337919073,0.4678795006466041,0.042429672679449484,2.5619366062992044,0.3243093567149882,-2.816326530612245
0.05030960242772784,0.24489795918367346,-8.855401355897271,0.30433129420037286,0.21094637853114784,0.7388052020286101,0.6875283115478017,0.4800387900032006,0.12775846957919723,2.482273237702306,0.3327375338501253,-2.816326530612245
0.053969235112226156,0.40816326530612246,-8.523190797819835,0.30332533252309757,0.21024909903079259,0.7168125579023553,0.6632993843057122,0.4788483680947171,0.2140754639991151,2.3697995860685905,0.3319123962605839,-2.816326530612245
0.05847347796166606,0.5714285714285714,-8.232184378959339,0.29132910063626705,0.20193394472109283,0.6888794367871317,0.6310320130003503,0.4597967201263189,0.29961644029774587,2.239043758453679,0.31870680018626807,-2.816326530612245
0.06349178539832914,0.7346938775510204,-7.978970918662456,0.26877972992983645,0.18630391199252938,0.6573036645150923,0.5927400103852215,0.4236981065802201,0.38058220444463203,2.0979399757974915,0.2936851479846667,-2.816326530612245
0.06857064227137236,0.8979591836734694,-7.7604171606881645,0.23895748584528054,0.16563270758734872,0.624098944155793,0.5516738027901926,0.3759990115438656,0.4530130907921587,1.955284248220263,0.26062265474495616,-2.816326530612245
0.07332346915422018,1.0612244897959184,-7.5728881768827545,0.20630876041662782,0.1430023356076029,0.591546228310092,0.5113449393505192,0.32394346863197754,0.5145222858325889,1.81706187837277,0.22454050194306419,-2.816326530612245
0.07752401249262739,1.2244897959183674,-7.4123056290898015,0.17463152552719263,0.12104534955605573,0.5634106681272617,0.4743489833336717,0.27362037363312997,0.5647768706211835,1.6910780169920827,0.18965919052756197,-2.816326530612245
0.08109981757973098,1.3877551020408163,-7.274553718397713,0.14620921079880844,0.10134450223708913,0.5368959690929441,0.4419523628295413,0.2286245075150295,0.6049035763442555,1.5777730855926613,0.15847043279094875,-2.816326530612245
0.08407787653436079,1.5510204081632653,-7.155844151996622,0.12191990740907999,0.08450844007473313,0.5125999647645376,0.41436424439008795,0.1902901906756207,0.6366379502139764,1.4773012370404919,0.13189910915502034,-2.816326530612245
0.08653131755917204,1.7142857142857142,-7.052903496017418,0.10174405776535744,0.07052360677878533,0.49069029755518395,0.3912026617559544,0.15853297964223456,0.6617336681842916,1.3889025804074084,0.10988668786478195,-2.816326530612245
0.0885451837570293,1.8775510204081634,-6.963009592756411,0.0852329764579558,0.059078997322564275,0.4710874045938907,0.3718564421384326,0.1326040129130912,0.6816958783326138,1.3115041309616897,0.09191409768164327,-2.816326530612245
0.09019954713580909,2.0408163265306123,-6.883944990558848,0.07180462782280816,0.04977117532653552,0.45359532236947087,0.3556885055291005,0.11155804975502237,0.6977193707185496,1.2437819803397723,0.07732614765645973,-2.816326530612245
0.0915632386449454,2.204081632653061,-6.813919639252497,0.06089175565508942,0.0422069487516703,0.43797912198290945,0.34212515301490437,0.0944840167468941,0.7107174982054605,1.1843900988161837,0.06549132981608796,-2.816326530612245
0.09269283728245109,2.36734693877551,-6.751491112398204,0.05200036293973875,0.03604390495977361,0.42400499689287335,0.3306831452873416,0.08059369808710493,0.7213773906581278,1.132085073518932,0.055863294599975966,-2.816326530612245
0.09363382313978251,2.5306122448979593,-6.695494125814242,0.044723061831978494,0.030999664214844236,0.41145827608764585,0.32096850428310847,0.06924003279750801,0.7302139992535188,1.085842474453519,0.04799353351547042,-2.816326530612245
0.09442237922060129,2.693877551020408,-6.644982506414914,0.03873310749293557,0.026847744253053474,0.40014966612071484,0.31266489627049454,0.05990583887854184,0.7376143985822513,1.0446991546065787,0.041523563317739764,-2.816326530612245
0.0950871913807333,2.857142857142857,-6.599183041039301,0.03377200876756481,0.02340897265908315,0.38991573489990783,0.30551978616796766,0.052183095525701884,0.7438715244918317,1.0079274921850006,0.036170565536529864,-2.816326530612245
0.09565101276642074,3.020408163265306,-6.557459377935138,0.02963643616023859,0.02054241216631425,0.38061687171959235,0.29933163134946833,0.045751582564672155,0.7492090262525678,0.9748950426309407,0.03171258046085779,-2.816326530612245
0.09613194209554521,3.183673469387755,-6.519283977838648,0.026166605063322468,0.018137308524467155,0.37213436272233996,0.29393912462130894,0.04036013329183108,0.7537993227428681,0.9450679258286395,0.027975512598255925,-2.816326530612245
0.09654443665237875,3.3469387755102042,-6.48421633829665,0.023236711274946753,0.016106460905714437,0.36436736240431816,0.28921255629078535,0.0358113172054324,0.757776676640032,0.9180164274458135,0.024822513553083514,-2.816326530612245
0.09690010288411657,3.510204081632653,-6.451886044872735,0.0207473434042873,0.01438096258479038,0.35723009937418476,0.28504702974453167,0.031949347456015964,0.7612466841500395,0.8933803737451567,0.022145600109867214,-2.816326530612245
0.09720830946754641,3.673469387755102,-6.421979518752544,0.01861957763594191,0.012906107741570194,0.35064943447880753,0.2813571867975814,0.028650696390851937,0.7642932027475565,0.8708566956994952,0.019859149424397593,-2.816326530612245
0.09747665992530012,3.836734693877551,-6.394229594895398,0.016790423145398137,0.011638234463640984,0.3445627932851345,0.27807312470308954,0.02581688066001897,0.7669834453786242,0.8501892507680351,0.017894898040344387,-2.816326530612245
0.09771136470435343,4.0,-6.36840727373219,0.01520932645113282,0.010542301747818561,0.33891640797964456,0.2751372175329222,0.02336893866011014,0.7693717681707214,0.8311604452115081,0.016198113944932757,-2.816326530612245
0.08776383694248327,-4.0,-29.82727232620763,0.027144969799829166,0.01881545928313666,0.30238373195135415,0.25336898313324374,0.041268363715698975,0.3828711306915838,0.7358464884457885,0.028605049955858775,-2.5714285714285716
0.08685475353276194,-3.836734693877551,-28.871674191941928,0.027733595728284488,0.01922346368584993,0.30898664214738075,0.2567068595754522,0.042174734264904146,0.38224793242652594,0.7560015983592503,0.029233298146583042,-2.5714285714285716
0.08583395224436954,-3.673469387755102,-27.917893695888385,0.028346710531804487,0.019648442483269024,0.31606096901063824,0.2603953054394874,0.043119130671080086,0.3815897477460971,0.7777806658079394,0.029887903852855224,-2.5714285714285716
0.08468259768796106,-3.510204081632653,-26.966148690934073,0.028989400074488803,0.020093920927756193,0.32365986129012575,0.26448651359852154,0.044109274444575686,0.38089269035439494,0.8013892624922587,0.030574219217802234,-2.5714285714285716
0.08337796017130668,-3.3469387755102042,-26.016692811502935,0.029668760425052287,0.0205648176393336,0.3318444948672663,0.26904242170267645,0.0451559615310857,0.38015178025572516,0.8270653805284841,0.031299727420745604,-2.5714285714285716
0.08189250785432825,-3.183673469387755,-25.069822836182624,0.03039475415030557,0.02106803814309699,0.34068553079758257,0.2741367736275427,0.046274415800164004,0.3793604532659587,0.8550897533345561,0.03207498084394178,-2.5714285714285716
0.0801927841916284,-3.020408163265306,-24.12588782693554,0.03118145513896975,0.02161333771533336,0.3502648656186987,0.27985761761505534,0.04748629654590131,0.3785098178864647,0.8857939435666937,0.032914992566024814,-2.5714285714285716
0.0782380306653413,-2.857142857142857,-23.18530052074352,0.03204888390390259,0.02221459351808286,0.3606777390418552,0.28631031323257494,0.0488227389625524,0.3775875178010473,0.9195715451809711,0.0338413438591072,-2.5714285714285716
0.0759785195991939,-2.693877551020408,-22.248551585286638,0.03302574839040151,0.022891704382688616,0.3720352826613883,0.2936211155961673,0.050329071702739814,0.37657597408296833,0.9568922775986359,0.0348854541509529,-2.5714285714285716
0.0733535801255013,-2.5306122448979593,-21.316227528655936,0.034153588413936564,0.023673463515124782,0.38446762202617046,0.30194139389204255,0.05207254588667887,0.37544964391750807,0.9983198090948034,0.03609393836592911,-2.5714285714285716
0.07028934325570046,-2.36734693877551,-20.389033294562203,0.0354931279371411,0.024601961558882834,0.3981276980374318,0.3114525300555487,0.05415355800999988,0.37417070465700597,1.0445663353700065,0.03753638605192089,-2.5714285714285716
0.066696319902614,-2.204081632653061,-19.467820920125767,0.03713413351677897,0.025739419949691866,0.41319606579228846,0.3223715545676042,0.05671563221921305,0.3726821935613255,1.0964618812039186,0.03931228056642189,-2.5714285714285716
0.06246708831821309,-2.0408163265306123,-18.553626173896095,0.03921087204803264,0.02717890540739032,0.4298870883544991,0.33495768485699823,0.05997235574963744,0.37089699694185246,1.155009201486006,0.04156966929939898,-2.5714285714285716
0.057474648916395935,-1.8775510204081634,-17.647716036545656,0.04192649139480498,0.029061229301079683,0.44845718301825616,0.3495203148665263,0.06424570868558188,0.3686800012164616,1.2215450132843422,0.0445317318384868,-2.5714285714285716
0.05157246612012909,-1.7142857142857142,-16.751651720549148,0.04559142428927787,0.03160156720382523,0.4692160073770941,0.3664300268088807,0.0700265372520823,0.3658188626734389,1.297828203023737,0.04853869686065648,-2.5714285714285716
0.044597951961923135,-1.5510204081632653,-15.867375745455636,0.05068309940165472,0.03513084745229644,0.4925411426491273,0.38613644352000476,0.07807061230128243,0.3619756466999634,1.3860068061062965,0.05411442480122197,-2.5714285714285716
0.03638235793605725,-1.3877551020408163,-14.997339748244373,0.05793556630194763,0.04015787443633867,0.5188937665150039,0.4092006005372976,0.08955017186851544,0.356606108154436,1.488617142646208,0.06207144914931906,-2.5714285714285716
0.026772366999457252,-1.2244897959183674,-14.144706749855125,0.06846222426806836,0.04745439772627402,0.5488196472398097,0.4363527197581691,0.10624860661707114,0.3488246821336937,1.6090378621867216,0.07364592211504561,-2.5714285714285716
0.015674190152560257,-1.0612244897959184,-13.31369399366756,0.08387944614138076,0.05814080159982793,0.5828743743911887,0.46857391649893476,0.13075411055253516,0.33718344398142835,1.7525651542005232,0.0906318430761126,-2.5714285714285716
0.003144955387531348,-0.8979591836734694,-12.510168470937234,0.10625563835241936,0.0736507961425763,0.6212786243475015,0.5071126445640786,0.16638854653173052,0.3193438997274403,1.9220609103569515,0.11533175190593514,-2.5714285714285716
0.010417248034197213,-0.7346938775510204,-11.742598808355,0.13728780148264486,0.0951606525229689,0.6628175120630878,0.5530160436647054,0.21590256652663564,0.29175463840659094,2.117048580366038,0.14965225526359305,-2.5714285714285716
0.023946539343675514,-0.5714285714285714,-11.023068221847208,0.17556917446101794,0.12169527827089133,0.7023706046886987,0.6050788338249434,0.27711412701502436,0.24999667189432903,2.322732955095838,0.19208087583379374,-2.5714285714285716
0.035538517249813925,-0.40816326530612246,-10.366525718057947,0.21302241197771066,0.14765588425842946,0.7341310629426924,0.6558727114705134,0.3370087089423732,0.1913389829129484,2.4959170963514956,0.2335966364275528,-2.5714285714285716
0.04341966285770829,-0.24489795918367346,-9.784996129440453,0.23961267285106347,0.16608684861314704,0.7653848065989499,0.6923977414257383,0.37872698969879304,0.11889904243989272,2.6058276808856298,0.2625135451116738,-2.5714285714285716
0.04776260708275619,-0.08163265306122448,-9.27938164924651,0.2560167823575874,0.17745731086719085,0.7707241891911407,0.7076894909817729,0.4027721152681196,0.04013678855993839,2.6378578728328756,0.279180356106262,-2.5714285714285716
0.05040835685357079,0.08163265306122448,-8.839959166903746,0.26878006445789593,0.18630414386971106,0.7647733838281366,0.705549599203197,0.4221211627769823,0.04044662187345065,2.606825113674549,0.2925920938335502,-2.5714285714285716
0.05300657557211992,0.24489795918367346,-8.4549201024426,0.27826427221744465,0.19287809573808667,0.7511254374022388,0.6916259493246384,0.43774785312991815,0.12259938410660512,2.5298755404432947,0.3034236901931715,-2.5714285714285716
0.05631902080376707,0.40816326530612246,-8.115801523667647,0.2805908787290101,0.19449077648185087,0.7294103875570348,0.6686068637643137,0.44185433403273633,0.20648051436432793,2.4189010319842716,0.30627008585298343,-2.5714285714285716
0.060440982638355976,0.5714285714285714,-7.817663503702415,0.2727541945751475,0.1890588009556622,0.7015094982515804,0.637658848069863,0.42948832791545,0.29028706399981175,2.2886885933204946,0.2976986235779999,-2.5714285714285716
0.0650958167606609,0.7346938775510204,-7.557355527250946,0.25461064134293876,0.17648264818741755,0.6697304525175626,0.6005378992306054,0.40051821763670636,0.3703706296913099,2.1458208386283997,0.27761807331777755,-2.5714285714285716
0.0698657071018051,0.8979591836734694,-7.331953414996828,0.22879433433052565,0.15858814776929386,0.6360946520134806,0.5602199176391972,0.3593192109944625,0.44279867980668525,2.0008527129815943,0.24906109802183618,-2.5714285714285716
0.07437518099962816,1.0612244897959184,-7.1380171195372855,0.19933289083746208,0.13816703127685015,0.6025368900006814,0.5200972288803877,0.31244228714948497,0.5049824112415949,1.8594652479486784,0.2165684904253662,-2.5714285714285716
0.07839078359178124,1.2244897959183674,-6.9716086380552955,0.16994204771699417,0.11779485123361799,0.5730547267840527,0.48284074934809296,0.2658402080747395,0.5562782030743272,1.729265855148435,0.18426639070647477,-2.5714285714285716
0.08182612933200657,1.3877551020408163,-6.828673581036143,0.14305082177363504,0.09915527378917854,0.5459145131843857,0.4498867657041923,0.2233436385256682,0.5975465591439463,1.6125516671710853,0.15481001334006628,-2.5714285714285716
0.08469535878973156,1.5510204081632653,-6.70541685528265,0.11975069287272122,0.08300485513482658,0.520942032156109,0.4216053345848181,0.18663167869437602,0.6303622213551276,1.5088114898219955,0.12936322189017568,-2.5714285714285716
0.08706226874088031,1.7142857142857142,-6.598516251052183,0.10020840423183097,0.06945917286170489,0.4983575603731616,0.39772422154859094,0.15592021837038184,0.6564087372422179,1.4173025368532088,0.1080756597557202,-2.5714285714285716
0.08900572936108947,1.8775510204081634,-6.505182551554604,0.0841078988617725,0.05829915295885857,0.47811340266026914,0.3776927171108536,0.13067410077657726,0.6771757020873901,1.3370526644548983,0.09057638452549055,-2.5714285714285716
0.09060178847774372,2.0408163265306123,-6.423128171747514,0.07095248584141567,0.04918051551469649,0.46002928968513684,0.3609006950441035,0.11008578060238428,0.6938680669477638,1.2667568933724078,0.07630564844428278,-2.5714285714285716
0.09191657510597824,2.204081632653061,-6.350497637395589,0.0602271931219871,0.041746309105544555,0.44387560766386097,0.3467823207041515,0.09332879020120988,0.7074183543378189,1.2051129759213224,0.06469058779303882,-2.5714285714285716
0.09300476589354872,2.36734693877551,-6.285790883275036,0.05146945772018974,0.03567590950369892,0.4294180063183064,0.3348526537332073,0.07966600873698138,0.7185339017255796,1.1508372433469243,0.055220269342501904,-2.5714285714285716
0.09391043705549224,2.5306122448979593,-6.227793347435758,0.04429079611470188,0.03070004045166086,0.4164383447654148,0.3247118709957329,0.06848128381054241,0.7277477539834895,1.1028606136047319,0.04746760879440348,-2.5714285714285716
0.09466869577659506,2.693877551020408,-6.1755173731482875,0.03837598014443078,0.026600202438336717,0.4047426512429715,0.3160364636974054,0.05927639632248516,0.7354621000948953,1.060210227501289,0.04108726698468379,-2.5714285714285716
0.09530738094460697,2.857142857142857,-6.128155073152055,0.03347368697247832,0.02320219174791993,0.3941625404948741,0.30856673895185793,0.05165521819334362,0.7419820962552648,1.022113293010175,0.03580466885192468,-2.5714285714285716
0.09584856653685858,3.020408163265306,-6.085041177932698,0.029385172081134225,0.02036824917830682,0.38455364339333314,0.3020945910296663,0.045305184735001,0.7475411265164025,0.9879020896786199,0.03140316106381302,-2.5714285714285716
0.09630979978679122,3.183673469387755,-6.045624014339722,0.025953675219891448,0.017989716803836542,0.3757928920408328,0.2964529383191699,0.03998023137910689,0.7523193231235845,0.9570323159223892,0.027712184658561956,-2.5714285714285716
0.09670508616684542,3.3469387755102042,-6.009442889194875,0.02305545284260102,0.01598082213438179,0.3677755617426495,0.29150709904038624,0.035486433422015295,0.7564570603439211,0.9290554390975323,0.024597321274598016,-2.5714285714285716
0.09704565945833996,3.510204081632653,-5.976110437548054,0.02059254365142449,0.014273663572542672,0.3604124764922879,0.2871479431657483,0.031670483621418555,0.7600647915537435,0.9035952242920968,0.021952306429155577,-2.5714285714285716
0.09734057896576326,3.673469387755102,-5.945298792696156,0.018487075881845616,0.01281426452429879,0.35362753465431995,0.28328652784939,0.028410661446514496,0.7632302526447392,0.880334956765296,0.01969276987949442,-2.5714285714285716
0.09759719143802924,3.836734693877551,-5.916728693877163,0.01667684454495788,0.011559507776973899,0.3473555907773782,0.2798499185066564,0.025609838018080033,0.7660237723273743,0.859006904601329,0.01775138701682888,-2.5714285714285716
0.09782148852663954,4.0,-5.890160856150798,0.015111895517697427,0.010474767771008198,0.34154067548523437,0.2767779368052106,0.023190086726783132,0.7685022178917211,0.8393837142244863,0.016074143231609384,-2.5714285714285716
0.08736332673269483,-4.0,-29.34995169561816,0.0301727760871211,0.020914174674454333,0.30825431423468597,0.2562586434676487,0.04587313034230833,0.38096663026947547,0.7543433312052281,0.031796830960229894,-2.326530612244898
0.08642494294712462,-3.836734693877551,-28.395072062033663,0.03087453592915379,0.021400597530389476,0.31517882411002185,0.25980961330672814,0.04695428134683288,0.3802174437272674,0.7756685596276951,0.03254622773077509,-2.326530612244898
0.08537091863599042,-3.673469387755102,-27.44207853740196,0.03160276378761795,0.02190536661728948,0.32260415143218063,0.26373502773315216,0.04807691076710441,0.3794212468877003,0.7987382318311987,0.03332437514824971,-2.326530612244898
0.08418158573237781,-3.510204081632653,-26.491198706192403,0.03236160851909231,0.02243135770339344,0.3305874179483697,0.26809092249779753,0.049247332285306644,0.3785724966023364,0.8237742358519312,0.03413564952365844,-2.326530612244898
0.0828331519403942,-3.3469387755102042,-25.542697847926725,0.033156883079379806,0.022982600022627864,0.33919448868997554,0.27294389842355404,0.0504743688675906,0.37766421659915045,0.851038191163468,0.03498616647111241,-2.326530612244898
0.08129672623391189,-3.183673469387755,-24.596886782899908,0.03399677311650384,0.023564767433840617,0.34850155946248096,0.2783733746601401,0.051770443453400095,0.3766874159864858,0.8808350725291255,0.035884536916062526,-2.326530612244898
0.07953710378990134,-3.020408163265306,-23.65413164019293,0.03489292918769715,0.024185935487930132,0.35859708032815074,0.284474341065313,0.05315328283026988,0.37563021049311063,0.9135264269459279,0.03684304813130668,-2.326530612244898
0.07751127134146922,-2.857142857142857,-22.71486607293485,0.035862076614739724,0.024857697294531356,0.36958405037976283,0.29136066968521446,0.054648474066810504,0.3744764997824534,0.9495419900279479,0.03787943572131258,-2.326530612244898
0.07516659106234222,-2.693877551020408,-21.7796065987429,0.03692845265105449,0.025596852837519446,0.381582764119675,0.2991690607329308,0.05629342526871772,0.37320394715949756,0.9893947668881424,0.039019629009072965,-2.326530612244898
0.072438644133238,-2.5306122448979593,-20.848971944516393,0.03812753988640827,0.02642799677395069,0.39473409218924776,0.30806366785933503,0.05814362529426864,0.37178086268196664,1.0337000409229458,0.04030208994025619,-2.326530612244898
0.0692487656055737,-2.36734693877551,-19.923707545882493,0.03951186436156995,0.02738753738088917,0.4092033981393522,0.31824140862679207,0.06028284908881787,0.37016134581655313,1.083200970469827,0.0417848868820343,-2.326530612244898
0.06550140782021996,-2.204081632653061,-19.004716734325665,0.04116011443913736,0.028530017275012698,0.425185216419188,0.32993792122373455,0.06284067283946015,0.36827764332986923,1.1388508263710675,0.043557835203161144,-2.326530612244898
0.0610816698598712,-2.0408163265306123,-18.093100728809805,0.04319161852822173,0.029938148606657444,0.4429088380233395,0.34343412699271453,0.06601079096655438,0.36602801907699895,1.2017227268128305,0.045755193644998915,-2.326530612244898
0.055853686456668925,-1.8775510204081634,-17.190210535086443,0.04578939826808037,0.03173879230905663,0.46264491023901483,0.35906352663929997,0.07008419462556548,0.36325734722463776,1.2732397479709738,0.04857866190652471,-2.326530612244898
0.049661172514404966,-1.7142857142857142,-16.297715700915518,0.049236549011514086,0.03412817512783284,0.48471280379123083,0.37722094485133545,0.07550898913303028,0.3597258628841483,1.355113829138369,0.052338842924490425,-2.326530612244898
0.04233241267604289,-1.5510204081632653,-15.417698574319957,0.05397195344003336,0.037410507356271605,0.5094869316100237,0.3983747359156379,0.08297703954235391,0.3550586497573991,1.4498391022366626,0.05751530100999336,-2.326530612244898
0.03369365405161791,-1.3877551020408163,-14.552790257819115,0.0606697451450513,0.042053062792582585,0.5373945095476999,0.4230860790843738,0.09355233856451761,0.3486641447005957,1.559768131821064,0.0648455397107841,-2.326530612244898
0.023597939219648013,-1.2244897959183674,-13.706379106869484,0.07033410342731328,0.0487518854878537,0.568878904099681,0.45203669638491795,0.10883865695822381,0.3396047909970674,1.6886264134197868,0.07544120820652367,-2.326530612244898
0.011982833305047121,-1.0612244897959184,-12.882946628011682,0.08435147797053588,0.058467989131341325,0.6042498812675288,0.48604166141147775,0.13105388157450681,0.32640303067685755,1.8396217737220717,0.09083962851480587,-2.326530612244898
0.0010165307812599277,-0.8979591836734694,-12.08860504286374,0.10429290315703499,0.07229033177570998,0.6432145896135765,0.5259196600353505,0.16271829529245396,0.30679965767621803,2.0139144506741493,0.1127877276074849,-2.326530612244898
0.014859660526174202,-0.7346938775510204,-11.331835248170176,0.13094771015241902,0.09076603609293032,0.6836939686658761,0.5718070910112167,0.20513926234719948,0.27764418738666274,2.2075222627989914,0.142191701318108,-2.326530612244898
0.02832259062636905,-0.5714285714285714,-10.623953831145577,0.16206927526838433,0.11233786120767442,0.7197967820577448,0.6212174850289187,0.2548145326086333,0.23553846368268988,2.4014883545918218,0.17662397484337333,-2.326530612244898
0.03953059841131601,-0.40816326530612246,-9.97766040799073,0.19088262438292025,0.13230975290890412,0.7520157517690279,0.6666241885797081,0.30082956415532625,0.17910015654780848,2.5553265812062187,0.20851916422334105,-2.326530612244898
0.04702780473155072,-0.24489795918367346,-9.401875603980132,0.21144205296495722,0.14656046286446678,0.7788933882698056,0.6979068170809302,0.3329613600953327,0.11139343875350734,2.655229106405329,0.23079122798548424,-2.326530612244898
0.051163042325746796,-0.08163265306122448,-8.896248553481673,0.22606823898879336,0.15669856246923408,0.7822845103540325,0.710826720685776,0.35446147972859654,0.037860326775720196,2.680925639059194,0.24569397529098236,-2.326530612244898
0.05362918692299865,0.08163265306122448,-8.452546852388563,0.23950487439019152,0.16601212841392488,0.7762047460616912,0.7086414595742444,0.37502070912715624,0.03845542408599838,2.6508563087257,0.25994454718307924,-2.326530612244898
0.055950537924533174,0.24489795918367346,-8.061057617684755,0.251026245129383,0.17399813405798148,0.7632716647960457,0.6956332225699656,0.39381111259208756,0.11732413993113347,2.5767654021735,0.2729690623663803,-2.326530612244898
0.058891886107643066,0.40816326530612246,-7.714614616999845,0.25657794518382815,0.1778462792980342,0.7419780458772989,0.6738878764441564,0.4029951568633048,0.19862314200891365,2.4685207847212483,0.2793349567591119,-2.326530612244898
0.06260248767125084,0.5714285714285714,-7.408864296243129,0.2528856119401781,0.1752869489205111,0.7142549443123359,0.6443421789336934,0.3972389994719201,0.28054656090323216,2.3389166535928276,0.27534509249241523,-2.326530612244898
0.06686227801923253,0.7346938775510204,-7.14094672634188,0.23924396369884926,0.1658312789038432,0.682395124712726,0.608493377242692,0.37550500690609523,0.3596104986803227,2.195594134311341,0.26028023682310275,-2.326530612244898
0.07129262251003782,0.8979591836734694,-6.908167898615816,0.21762627534211276,0.15084703916914766,0.6484200032379575,0.5690324893917054,0.3410798843331002,0.43193393975592914,2.0477616984282347,0.23641856017120055,-2.326530612244898
0.07553212152447547,1.0612244897959184,-6.7073015105950295,0.19159054560138689,0.13280044650554346,0.6142819666157684,0.5292072461023845,0.2997401457197979,0.49474811886254405,1.9039387007145068,0.20776403690630474,-2.326530612244898
0.07934145983580401,1.2244897959183674,-6.534568949700098,0.164713889985872,0.1141709684427683,0.5829891032778992,0.4917433319368776,0.25720931898910626,0.5470992732568363,1.7692533079857593,0.17828391427104195,-2.326530612244898
0.08262005027301914,1.3877551020408163,-6.38599280185472,0.13953786183937567,0.09672027551532625,0.5552461143382165,0.45824426542982666,0.21749816970336466,0.5895639985394888,1.6489531316512565,0.15075824310683572,-2.326530612244898
0.08536814123244632,1.5510204081632653,-6.257780032684078,0.11736049791045078,0.08134809823574041,0.5295987575254502,0.42925132554992285,0.1826175524463518,0.6235348697064685,1.5417936200456415,0.12658084159894667,-2.326530612244898
0.08763911218028218,1.7142857142857142,-6.146561875303516,0.09854246022126656,0.0683044284678116,0.5063273359244599,0.40461520610083435,0.15309446385670444,0.650609495364232,1.4470676964448275,0.1061169959816115,-2.326530612244898
0.08950481968825724,1.8775510204081634,-6.049479661105868,0.08291171694157606,0.057470022833437495,0.48542220771095984,0.38385605104783427,0.1286247633338382,0.6722531893960474,1.3638395535621057,0.08915589205504038,-2.326530612244898
0.091036709147638,2.0408163265306123,-5.964170865992507,0.07006697437156584,0.04856672573601695,0.46672310544738166,0.3663971435812445,0.10855410666993004,0.6896774932659162,1.2908601900396783,0.07524397297646557,-2.326530612244898
0.09229782320118093,2.204081632653061,-5.8887089531482655,0.05955293997308386,0.041278952436398564,0.45000838728137454,0.35168387017898645,0.09215211643922849,0.7038334423231106,1.2268190097386356,0.0638749796924829,-2.326530612244898
0.0933406772868382,2.36734693877551,-5.821530656001204,0.05094349065913795,0.03531133691826294,0.4350446394814784,0.339230986838753,0.07874057394966893,0.7154492830144299,1.1704609836156794,0.05457880682888483,-2.326530612244898
0.09420776314606226,2.5306122448979593,-5.761367079587383,0.04387230560043198,0.030409964931603417,0.42161098191146773,0.3286331364820229,0.06773933670358634,0.7250773431730897,1.1206501164247096,0.04695333024909143,-2.326530612244898
0.09493298086580321,2.693877551020408,-5.707184686447458,0.03803776054672081,0.026365766477773667,0.40950905112231667,0.3195594092060505,0.058672399583214574,0.7331361805250488,1.076420474579918,0.0406686083477914,-2.326530612244898
0.09554322338198237,2.857142857142857,-5.658137182613923,0.03319703359576609,0.023010430239859048,0.3985655479467727,0.31174250167975803,0.05115761363249627,0.7399443138072093,1.0369086942424004,0.035459755653539204,-2.326530612244898
0.09605980872184348,3.020408163265306,-5.613527254303288,0.029156819007427615,0.020209966889095154,0.3886312556339516,0.3049672285683028,0.04489144571503756,0.7457458356653797,1.0014507588344688,0.031116379028638175,-2.326530612244898
0.09649967184595049,3.183673469387755,-5.5727764933867165,0.025763931598642653,0.017858196547738014,0.37957860354936873,0.29906023221690664,0.039633807271886035,0.750729394996956,0.9694796113449146,0.02747206176536343,-2.326530612244898
0.09687631759473216,3.3469387755102042,-5.53540185791924,0.022897046407044375,0.015871023160192843,0.37129881815369703,0.2938814056588636,0.03519484315252441,0.75504212922753,0.9405261750049143,0.02439520630142189,-2.326530612244898
0.0972005674756668,3.510204081632653,-5.500997242330802,0.02045988650074282,0.014181712642566513,0.36369914883535265,0.2893169914776368,0.03142409828835646,0.7587998732373702,0.914197127275457,0.021781525130212476,-2.326530612244898
0.09748113932997847,3.673469387755102,-5.46921900501561,0.018375786475790967,0.012737124586265969,0.35670037056018944,0.28527412633693444,0.02820190641337561,0.7620946623830867,0.8901611992565392,0.01954807191684571,-2.326530612244898
0.09772509569643971,3.836734693877551,-5.43977455122753,0.016583428197963546,0.011494756499436543,0.3502346238984826,0.2816765632863639,0.025432656171173296,0.7650002782107903,0.8681382921081692,0.017628573919198587,-2.326530612244898
0.09793819058588152,4.0,-5.412413276348285,0.015033525209582344,0.010420445612898899,0.3442435870561946,0.2784613262537516,0.023039567624289603,0.767576377148778,0.8478905449853814,0.015969811340097007,-2.326530612244898
0.08690187462758839,-4.0,-28.873612621242483,0.03363537058014687,0.02331426228471778,0.3145882108919351,0.25951200685651665,0.05113752514291159,0.37882897653944336,0.7744474841904786,0.03544583137362167,-2.0816326530612246
0.08592901981401888,-3.836734693877551,-27.91953437428153,0.0344775720296604,0.02389803184491135,0.3218682014808388,0.2633087264683249,0.0524354480428495,0.37793454381362046,0.7970775842737228,0.03634548297229845,-2.0816326530612246
0.08483596543129766,-3.673469387755102,-26.967420580202507,0.03534975619115377,0.02450258383738002,0.3296816632025204,0.26750755910173174,0.05378082049061517,0.3769791091472195,0.8215875313988579,0.03727802409127001,-2.0816326530612246
0.08360203160263034,-3.510204081632653,-26.01751013447375,0.03625550111999054,0.025130398381109087,0.3380903013177016,0.2721691103146562,0.055179171698618745,0.37595512482437893,0.8482198892461691,0.038247287288530885,-2.0816326530612246
0.08220220579056367,-3.3469387755102042,-25.070081868802735,0.03719918440960379,0.02578450979264635,0.34716508065676716,0.2773653081375418,0.056637209143944656,0.37485332959994666,0.8772578794688937,0.03925792183290877,-2.0816326530612246
0.08060601301220575,-3.183673469387755,-24.125462964230913,0.03818711006966824,0.02646928767852308,0.35698826784953136,0.2831820930345807,0.05816452563260999,0.37366192956036914,0.9090378719664994,0.04031657695084956,-2.0816326530612246
0.07877620861380186,-3.020408163265306,-23.184039457285994,0.03922826942630975,0.027190964351092584,0.3676554488392619,0.2897223964486638,0.05977475359154161,0.3723655996019656,0.9439536837524124,0.04143270192064241,-2.0816326530612246
0.076667144347579,-2.857142857142857,-22.24626942087359,0.04033565982081777,0.02795854888082472,0.3792779915070112,0.29710977610001194,0.061487592876943165,0.3709439561505342,0.9824746735885773,0.04261995164207022,-2.0816326530612246
0.07422277686124999,-2.693877551020408,-21.31269957340573,0.0415283079555584,0.02878522957282037,0.39198593979522023,0.30549272710949316,0.06333197273344826,0.3693692511763059,1.025161035971811,0.04389837833948862,-2.0816326530612246
0.07137429851915231,-2.5306122448979593,-20.38398629462891,0.04283441628650264,0.02969055487992045,0.4059313694898287,0.3150496818274591,0.06535106931602064,0.3676028520134083,1.0726834178716576,0.045297909442976625,-2.0816326530612246
0.06803743262281976,-2.36734693877551,-19.46092232568504,0.04429632225594782,0.030703870880884665,0.42129219760494513,0.3259946222791509,0.06761042745201751,0.365589813409834,1.1258468247848585,0.04686397716481894,-2.0816326530612246
0.06410956661040224,-2.204081632653061,-18.544470842201182,0.04597840968358646,0.03186980503880821,0.43827635437116086,0.3385830883614068,0.07021141634502515,0.36325043385690853,1.1856471763469878,0.048666845282673954,-2.0816326530612246
0.05946715116043701,-2.0408163265306123,-17.635809190966437,0.04797983139217843,0.03325708485322987,0.45712604353805564,0.35311818021508906,0.07331453542012012,0.36046702705440453,1.25329305532986,0.050817763520518255,-2.0816326530612246
0.053964255395537106,-1.8775510204081634,-16.736385544906735,0.050454959939973065,0.03497271322765738,0.47812138125404846,0.3699559745776912,0.07717360400646234,0.3570631002243406,1.3302724505701602,0.05349266603072911,-2.0816326530612246
0.047433968954235725,-1.7142857142857142,-15.847993435421637,0.05364571455473355,0.037184375792737034,0.501581581141317,0.3895096973739306,0.0821733712931989,0.3527705503181574,1.4182910199451286,0.05695824062898591,-2.0816326530612246
0.039695681599790235,-1.5510204081632653,-14.972872347074377,0.05793025018400666,0.040154189584176825,0.5278587967751752,0.41225197922016166,0.08890974971313659,0.3471782575239451,1.5199724488033541,0.06162754233795065,-2.0816326530612246
0.030573493888737747,-1.3877551020408163,-14.113848689053704,0.06388820433681675,0.04428392870710218,0.5573113132297317,0.4387134537594891,0.09829082730294125,0.33965290768189105,1.637821767900504,0.06813000981993778,-2.0816326530612246
0.019934795330180978,-1.2244897959183674,-13.274541983095563,0.07236349781331297,0.05015855448475337,0.5902204012389269,0.4694683407290916,0.11164239416748467,0.32922227378169266,1.7746339542080147,0.07738461074815373,-2.0816326530612246
0.007764548159654616,-1.0612244897959184,-12.459673444227635,0.08444817196329923,0.05853501229980185,0.6265614990759305,0.5050650734378503,0.13071757296793374,0.31442174352784125,1.931865122218024,0.09060651715236201,-2.0816326530612246
0.005700593182600683,-0.8979591836734694,-11.675503962054707,0.1011799759147709,0.07013261503444701,0.6654417702886085,0.5457610803391355,0.15719717396610955,0.2931563268576263,2.108535171038673,0.1089607779266002,-2.0816326530612246
0.01976223498557125,-0.7346938775510204,-10.930300554149474,0.12259484277910948,0.08497626962352944,0.7039721164232976,0.5907408690725988,0.19120801910522411,0.2627882108702377,2.296970787681481,0.13253529934323804,-2.0816326530612246
0.03306781459932568,-0.5714285714285714,-10.23427841972975,0.14619106228413603,0.10133192264531221,0.7359193666557937,0.6365958587750326,0.2288649591610894,0.22092503231553645,2.4765036036490655,0.15863710117147578,-2.0816326530612246
0.043842063744139306,-0.40816326530612246,-9.597760501218271,0.1670309493609814,0.11577703161581532,0.7689276890721217,0.6764168830046076,0.2621795394353499,0.16715775725096993,2.6125830358349065,0.1817290085601173,-2.0816326530612246
0.0509492917520344,-0.24489795918367346,-9.02700066548263,0.18245656984653724,0.1264692569637662,0.7916455037320137,0.7028836044511452,0.28623500706764693,0.1041470838336116,2.701285707392258,0.19840298812649548,-2.0816326530612246
0.05486585407776101,-0.08163265306122448,-8.52087665765362,0.1955135906602936,0.135519694127334,0.7932398469419533,0.7137104352841898,0.30551056405492183,0.03562987321065623,2.7220246523838068,0.21176378610594782,-2.0816326530612246
0.05713511347329838,0.08163265306122448,-8.07259482988968,0.20944697859054173,0.14517758268683334,0.7871405764705443,0.711536769310961,0.32695664163150795,0.03645979447599097,2.6929772676704715,0.22662907431222745,-2.0816326530612246
0.05916111998648255,0.24489795918367346,-7.674328169404247,0.22278538152504845,0.15442305907405918,0.7750899371696044,0.6994841210279249,0.3485217785840611,0.11194169671157468,2.6223055321481628,0.2415768881892788,-2.0816326530612246
0.0617079174845387,0.40816326530612246,-7.320138748542396,0.23139304570820096,0.16038943723381838,0.7543812896809294,0.6790828976490632,0.3624663821719065,0.19050935656143747,2.517586269277556,0.25124255085022096,-2.0816326530612246
0.0649777908228954,0.5714285714285714,-7.006278899323051,0.23177066690558723,0.16065118430210634,0.7270090064095253,0.6510321989000588,0.36314833378154976,0.27039204278892615,2.3894014100313985,0.25171524368572307,-2.0816326530612246
0.06880963449331892,0.7346938775510204,-6.730210245909649,0.22267894387847553,0.15434928211943166,0.6952207757162042,0.6165691538949092,0.3486776936862457,0.3482859267525848,2.246234986180607,0.24168496030276465,-2.0816326530612246
0.07286765960817981,0.8979591836734694,-6.489492364069293,0.2054226367045917,0.1423881214549776,0.6610261735405514,0.5780901990805983,0.32124766570127017,0.4203873431946349,2.0964979366758905,0.22267191374229878,-2.0816326530612246
0.07680795108111914,1.0612244897959184,-6.281133671322862,0.18304101224177982,0.12687436156222787,0.6263898735422774,0.5386720504971325,0.28578315839296753,0.48377335204717503,1.9499296401430166,0.1980897904916019,-2.0816326530612246
0.08038715510080366,1.2244897959183674,-6.101536369465741,0.15891085903375224,0.1101486138996044,0.5931932242057286,0.5010708174071693,0.24767743941664255,0.5371847173147621,1.8114671355764256,0.17167691881995184,-2.0816326530612246
0.08349051027546461,1.3877551020408163,-5.946818295772795,0.13564506182586644,0.09402199216147866,0.5648843983580482,0.4670512049200317,0.21105266337842687,0.5808978095203848,1.6870427030173647,0.14629055857042328,-2.0816326530612246
0.08610340866860608,1.5510204081632653,-5.813199755161793,0.11473530007907318,0.07952844976050866,0.5385733190295267,0.4373351232201236,0.1782285384095208,0.6161003260516016,1.5763076777329827,0.12353860889387924,-2.0816326530612246
0.0882676755033685,1.7142857142857142,-5.697269251705541,0.09674105038749214,0.06705578632049769,0.5146085405777585,0.41191042270629197,0.15004938301468274,0.6442858698038767,1.4782642578323721,0.10400630678138656,-2.0816326530612246
0.0900472271973334,1.8775510204081634,-5.596097007944171,0.08164524398636663,0.05659217067527833,0.4930257297795921,0.3903801252478653,0.1264584661728434,0.6668848676413857,1.3919362581061845,0.0876543292856411,-2.0816326530612246
0.09150825172739877,2.0408163265306123,-5.507240839873787,0.06915253022578183,0.0479328813545874,0.4736898761719822,0.3722087914349911,0.1069707994822684,0.6851107270623069,1.3161424164547375,0.07414650806337741,-2.0816326530612246
0.09271026359690725,2.204081632653061,-5.428697214130461,0.05887537829849654,0.04080930247200287,0.45639067187237825,0.35685734663066215,0.09096458663808482,0.699931777027003,1.2495740347782764,0.0630518467589889,-2.0816326530612246
0.0937033176116068,2.36734693877551,-5.358833631942537,0.05042969702289568,0.03495520230791227,0.4408975956171636,0.34384220549715927,0.07782917538302758,0.7120976778387921,1.1910162901722436,0.053947073482050634,-2.0816326530612246
0.09452811171596563,2.5306122448979593,-5.296321296957578,0.04347500996950915,0.030134580585180926,0.426988059982605,0.33275308093066086,0.06702610826069666,0.7221812237350014,1.139297044819686,0.04645895796480737,-2.0816326530612246
0.0952171867691101,2.693877551020408,-5.240075903414379,0.03772566584681991,0.02614943891646959,0.41445977886773516,0.32325156377980524,0.05810533304943899,0.7306186736435263,1.0933652554756284,0.04027554777871467,-2.0816326530612246
0.09579637517486753,2.857142857142857,-5.189208579876776,0.03294885527237934,0.02283840613472754,0.40313468435656336,0.31506232391253286,0.05070107578620631,0.7377431563130326,1.0523559171787835,0.035143307732564466,-2.0816326530612246
0.0962861502518975,3.020408163265306,-5.142986464736504,0.02895767510315128,0.020071930853320152,0.39285868135499646,0.3079625693172499,0.04452033483982065,0.7438105522317568,1.0155786501322024,0.03085914457180694,-2.0816326530612246
0.09670276451770352,3.183673469387755,-5.100801496219041,0.025603131621750652,0.01774673849712194,0.3834995776430942,0.30177213281830384,0.039329962009376995,0.7490189247046863,0.9824429369175252,0.027261452278329656,-2.0816326530612246
0.09705916590878862,3.3469387755102042,-5.0621458613499195,0.022766714280828104,0.0157806838143697,0.37494439412768493,0.29634498985626545,0.03494479439946252,0.753522906095448,0.9524578228057784,0.02422188571323458,-2.0816326530612246
0.09736571807780899,3.510204081632653,-5.026592705458786,0.020354085521314236,0.014108376991975202,0.36709663885182114,0.29156232196608567,0.03121763224519647,0.7574443033056472,0.9252118272193474,0.02163841377451492,-2.0816326530612246
0.0976307602097182,3.673469387755102,-4.993780945095394,0.018289950726252613,0.012677627778482137,0.3598738012467879,0.28732697321904876,0.02803112506254868,0.7608799257240182,0.9003581688875277,0.01942969530502836,-2.0816326530612246
0.09786104009950058,3.836734693877551,-4.9634032651280915,0.016513984421435257,0.011446621741528551,0.3532051574653916,0.2835590697298609,0.025291348460050322,0.7639073889236985,0.877603543301181,0.017530626877642508,-2.0816326530612246
0.09806204898893835,4.0,-4.935196584894758,0.014977634989849609,0.01038170546467021,0.3470298977144539,0.2801925741976395,0.02292277808037202,0.7665894450055694,0.8566988591590758,0.0158888589970112,-2.0816326530612246
0.08636799341240953,-4.0,-28.398373247627802,0.037596760305756316,0.026060088404123327,0.3214328800009704,0.2631874743296908,0.0571583774768234,0.37642256087752674,0.796343706743065,0.03961916819344058,-1.836734693877551
0.08535442737854693,-3.836734693877551,-27.445192294405835,0.03861108788495393,0.02676316670580814,0.32910583895543116,0.26726837077820886,0.05872174271121322,0.37536042365609834,0.8204302898376236,0.040702810397843514,-1.836734693877551
0.08421523986788881,-3.673469387755102,-26.49406584648348,0.03966140278013075,0.027491189514100123,0.3373488408378247,0.27178377337732473,0.06034252378534033,0.37422084819095713,0.8465503640398581,0.04182625022967956,-1.836734693877551
0.08292866265217336,-3.510204081632653,-25.545246009487606,0.040750054405116476,0.028245785318570915,0.3462282376551958,0.27679928629716155,0.062024530471138206,0.3729941346051337,0.8749681034061016,0.04299212842162392,-1.836734693877551
0.08146822689547856,-3.3469387755102042,-24.59902746114497,0.04188014306291299,0.029029103085505215,0.3558206837121428,0.28239304522652786,0.06377269158174004,0.3716683391632388,0.9059933127265503,0.04420386136660115,-1.836734693877551
0.07980160628608385,-3.183673469387755,-23.655756532134216,0.04305590976269347,0.02984408245845427,0.36621501261977907,0.2886584406643067,0.0655936245955222,0.37022846252360325,0.9399909785246737,0.045466035951093886,-1.836734693877551
0.07788916840306194,-3.020408163265306,-22.71584257967085,0.04428333631251613,0.03069486971080848,0.377514451781914,0.2957074220322829,0.06749651867816064,0.36865526734385473,0.9773966497019412,0.04678502161937814,-1.836734693877551
0.07568217657587908,-2.857142857142857,-21.77977230023497,0.04557107857411857,0.03158746462872619,0.38983920339968436,0.30367445588782144,0.06949452162346104,0.36692353326693133,1.0187205539384818,0.048169931727663595,-1.836734693877551
0.07312059227156158,-2.693877551020408,-20.84812781933185,0.04693193431493148,0.03253073794861949,0.4033293924099001,0.31272117215317324,0.07160694942767121,0.36499945020787794,1.0645732865249395,0.0496341551042887,-1.836734693877551
0.07013045945220575,-2.5306122448979593,-19.921609643676526,0.04838518071017672,0.03353805159014245,0.4181483205242792,0.32304164405827385,0.07386286035536083,0.36283668160427296,1.1156831911850096,0.05119783340341133,-1.836734693877551
0.06662093141343395,-2.36734693877551,-19.001065881689666,0.04996034278190997,0.0346298707390893,0.4344858430301507,0.33486807800320584,0.07630692887231971,0.3603703629412668,1.1729191608028908,0.05289193260503611,-1.836734693877551
0.06248117007556242,-2.204081632653061,-18.087529558711527,0.05170333133129068,0.03583801833784084,0.4525614458845316,0.34847639540229486,0.07900924479994131,0.35750788603513406,1.2373446587296848,0.05476503527124921,-1.836734693877551
0.05757768041638397,-2.0408163265306123,-17.182266425029592,0.05368649031991568,0.03721263939940789,0.47262612983670615,0.3641907197003237,0.08208188625079282,0.35411468761605497,1.3101999701288054,0.05689482802977919,-1.836734693877551
0.05175325650097813,-1.8775510204081634,-16.286836485720727,0.056024950131789986,0.03883353622486152,0.49496124915042783,0.38238508903458124,0.08570744335837732,0.3499923391826005,1.3931120377918464,0.05940787271685988,-1.836734693877551
0.04482978915719447,-1.7142857142857142,-15.403173799822769,0.05890254753440871,0.04082813475127378,0.5198703981169661,0.40347972729776194,0.09018717271645915,0.3448450084131718,1.4878649823608625,0.06251298449108633,-1.836734693877551
0.036618971008298806,-1.5510204081632653,-14.533691327191207,0.06261016146113896,0.04339805689119114,0.5476558246061992,0.42792762107797805,0.09598639604895753,0.3382290749544584,1.5969610376036554,0.066532699793445,-1.836734693877551
0.0269477559332583,-1.3877551020408163,-13.681421257355154,0.06759334216438884,0.046852134545869895,0.5785602810782033,0.45618354642528997,0.10380057379018615,0.32948044826144096,1.7225125060796396,0.07194907506317216,-1.836734693877551
0.015709582274208288,-1.2244897959183674,-12.850205746199535,0.07448381691934935,0.05162824769499008,0.6126319427390278,0.4886369578529733,0.11460929175576107,0.3176186351572853,1.8663993728445067,0.07944110744647759,-1.836734693877551
0.0029572916565562325,-1.0612244897959184,-12.04495138129015,0.08403309911756818,0.05824730572705672,0.6494263395807781,0.525459295902419,0.12959240782574755,0.3012462026638379,2.027972041791575,0.08982661210639131,-1.836734693877551
0.010946733933189406,-0.8979591836734694,-11.271923908249677,0.0967765986693796,0.06708042651186163,0.6874142862926724,0.5662509373010833,0.14967141283146823,0.2785199012939909,2.2037390284423553,0.1037443178145554,-1.836734693877551
0.025141705276391903,-0.7346938775510204,-10.538910525105502,0.11226927218731353,0.07781912948015379,0.7230740629907361,0.6093337854897968,0.17424614190075394,0.2473867640827622,2.383165916721197,0.12077822198195509,-1.836734693877551
0.03819389753358894,-0.5714285714285714,-9.854733784020056,0.12832970852406467,0.0889513756455349,0.750340169217745,0.6508727987614153,0.1999585963167254,0.20634995454489155,2.5467650531581008,0.13860073726566213,-1.836734693877551
0.04849166900285949,-0.40816326530612246,-9.227363607316038,0.14203920994536512,0.09845407790259175,0.7845819754662917,0.6851262275422795,0.22200798732033578,0.1555887710440577,2.668229368536576,0.15388421047287792,-1.836734693877551
0.055203654264469784,-0.24489795918367346,-8.66088304092924,0.15311455851484546,0.10613092453724637,0.8034314892399593,0.707249968812755,0.2392911336950423,0.0971660020697513,2.7435807122357554,0.16586397465371183,-1.836734693877551
0.05888914095460061,-0.08163265306122448,-8.153787690958255,0.1647130505348704,0.11417038657967327,0.8033924743446073,0.7162539872259639,0.25650076417095,0.03344726654895565,2.7606714425099095,0.1777927814965654,-1.836734693877551
0.060944093890939,0.08163265306122448,-7.700631611823469,0.1789124488071896,0.12401265945777928,0.797392451390886,0.7141538971536863,0.278429873872879,0.03446410478530224,2.732395835558561,0.19299288205864684,-1.836734693877551
0.06265722113235003,0.24489795918367346,-7.295267021952062,0.19378537707250576,0.13432178775155346,0.7864012318357636,0.703100880684917,0.3022866023776114,0.10646404589591521,2.6657545222238803,0.20952910615908582,-1.836734693877551
0.06478729531547292,0.40816326530612246,-6.932909609781708,0.20520699007452725,0.14223864660135166,0.7664596350801725,0.6841195297145595,0.3205619427458619,0.1821504249500741,2.565428875303047,0.22219660680911257,-1.836734693877551
0.06758758730226867,0.5714285714285714,-6.6104317615482655,0.209506604555882,0.14521891225659678,0.7396393835184357,0.657665679368681,0.3273939453494963,0.2598267992056059,2.439953872652251,0.22693219015139965,-1.836734693877551
0.0709578201849643,0.7346938775510204,-6.325647767479821,0.20494941936740751,0.14206011219191628,0.7081076985947364,0.6247147822125685,0.3201108483564057,0.33638679171432617,2.297292426239464,0.2218839320048942,-1.836734693877551
0.07460882235781388,0.8979591836734694,-6.076396301398587,0.19217337669005552,0.13320443423139627,0.6738455445081798,0.5873597625662669,0.299823380857164,0.40813142991224155,2.146726458728495,0.20782173110709268,-1.836734693877551
0.07821805490846637,1.0612244897959184,-5.859943652964391,0.1736537049504716,0.12036757598020764,0.638821430050657,0.5484791040444221,0.270535190302033,0.47201340858032415,1.9972729643555163,0.18752070440010193,-1.836734693877551
0.08154052738602555,1.2244897959183674,-5.672896826640916,0.1525006744598607,0.10570541253534271,0.604756135303353,0.5108309721700031,0.23720206928925025,0.5264776202760759,1.8559321415246004,0.16441594555082917,-1.836734693877551
0.08444773762867966,1.3877551020408163,-5.511490274317984,0.13134836541062578,0.0910437491555327,0.5748154280306224,0.476330950478239,0.20397491868459072,0.571486131841979,1.7269478565549625,0.141384639791168,-1.836734693877551
0.08690940505876807,1.5510204081632653,-5.371971849059155,0.1118616279257938,0.0775365720096095,0.5478640272643501,0.4458893258762327,0.17344730097322758,0.6079980518001549,1.6124467688245316,0.12022450764532433,-1.836734693877551
0.0889546418717982,1.7142857142857142,-5.2508932460300315,0.09479971905814955,0.06571015798303148,0.5232072162427178,0.41964611142758584,0.1467806407366936,0.6373825117394432,1.5109519320663387,0.10174058728742086,-1.836734693877551
0.09063841582374316,1.8775510204081634,-5.145253008313919,0.0803103528185356,0.05566689462594265,0.5009343699250363,0.39730097891850036,0.12418005943586907,0.661022246774628,1.4214125471672514,0.08607505807973892,-1.836734693877551
0.0920209201928455,2.0408163265306123,-5.052524856988822,0.06821490601040114,0.04728296977327129,0.48094208181321174,0.3783692884183373,0.10534633300511498,0.6801263642835924,1.3426750899417652,0.0730205137048241,-1.836734693877551
0.09315763511596906,2.204081632653061,-4.970622117166656,0.05820232696582517,0.04034277883838966,0.4630355882246077,0.36233300849911637,0.08977953365979596,0.6956785152799301,1.2734589319404284,0.062230430628273936,-1.836734693877551
0.09409580871289311,2.36734693877551,-4.8978365697413,0.04993675756811511,0.03461352271464446,0.44698980564744306,0.34871290306006064,0.07694613799893357,0.7084499788086976,1.2125779635411202,0.05333499860893731,-1.836734693877551
0.09487410244397529,2.5306122448979593,-4.832773407424304,0.043107709271202665,0.0298799871417319,0.4325818539833416,0.3370947550291408,0.06635591070887248,0.7190351464750239,1.1588331665475657,0.04599441242134139,-1.836734693877551
0.09552352149067626,2.693877551020408,-4.774292133304928,0.037448187607023176,0.025957105656888357,0.4196062306998737,0.3271327453118005,0.05758891652177489,0.7278893742699732,1.1110960002460817,0.039917595118570404,-1.836734693877551
0.09606870492747249,2.857142857142857,-4.721456640711402,0.0327371094432114,0.022691635110244412,0.40788038584744124,0.3185431682975749,0.05029840381472139,0.7353617548682696,1.0685004676776633,0.034864196790838964,-1.836734693877551
0.09652917861336502,3.020408163265306,-4.673494593107041,0.028795062626497447,0.01995921647360377,0.39724539643726847,0.3110951023128904,0.04420359307399924,0.7417211492226169,1.030326105587275,0.030639595909861317,-1.836734693877551
0.0969204314953367,3.183673469387755,-4.629764997432638,0.025477935350660008,0.01765995905479878,0.3875643738533109,0.30460101058921885,0.03907935200918322,0.7471760372793657,0.9959578764939938,0.02708774266327385,-1.836734693877551
0.09725478963768351,3.3469387755102042,-4.589732547693342,0.02267046946383644,0.015713971990828357,0.37871999845778986,0.2989084195744823,0.034745894223220386,0.751889368181599,0.9648817538913391,0.02408401861685805,-1.836734693877551
0.0975421062910399,3.510204081632653,-4.552947383465265,0.02028054427811199,0.01405740208659445,0.3706118787735118,0.2938929743130447,0.03105971032062982,0.7559895863434327,0.93666699641825,0.021528950637753397,-1.836734693877551
0.09779029917541358,3.673469387755102,-4.519029107896315,0.01823441101028278,0.012639130580948787,0.36315405764224523,0.28945281435728776,0.02790604150092335,0.7595788109728498,0.9109503047717261,0.019342993986953605,-1.836734693877551
0.09800576628392878,3.836734693877551,-4.487654130627186,0.016472845982930195,0.01141810674886612,0.35627279332633416,0.285504088499484,0.02519282340120288,0.7627389223383361,0.8874242780618251,0.01746233451088841,-1.836734693877551
0.0981937072074078,4.0,-4.4585455998952614,0.014948099473515608,0.010361233004797077,0.3499046471153957,0.28197740341848404,0.02284589475690746,0.765536114619126,0.8658278192358032,0.015835567538118767,-1.836734693877551
0.0857477880820945,-4.0,-27.9243707709921,0.04213067983813401,0.029202761944876476,0.32884023064517465,0.2673539396101189,0.06404736558523094,0.373705888876924,0.8202385075853371,0.04439425087769422,-1.5918367346938775
0.08468586948062119,-3.836734693877551,-26.972198567030127,0.043354521517486866,0.030051064354371437,0.3369477667028112,0.2717645023042395,0.0659335867836437,0.37244974453172147,0.8459531194774841,0.045701679783286764,-1.5918367346938775
0.08349195936838497,-3.673469387755102,-26.022184859500342,0.04462248445338046,0.030929949288440506,0.34566571653797207,0.27664720308501345,0.06789067121400238,0.3710970866037456,0.8738735262388503,0.04705822733830756,-1.5918367346938775
0.08214296688838388,-3.510204081632653,-25.07459725246593,0.045935983997697605,0.03184039779425096,0.3550656539967003,0.28207351793591257,0.0699212429556253,0.36963567037277467,0.9042886700949598,0.04846571241593889,-1.5918367346938775
0.08061073524343566,-3.3469387755102042,-24.129749032341312,0.047296597709368005,0.03278350335232627,0.3652302692512323,0.2881286095080724,0.07202818997630711,0.36805053539904414,0.937537380681605,0.049926136802913135,-1.5918367346938775
0.07886076921747949,-3.183673469387755,-23.188009034818364,0.04870621525295249,0.033760575778329915,0.3762553565854413,0.29491429788186385,0.07421486596883708,0.3663230699555357,0.9740185137947618,0.051441825101933514,-1.5918367346938775
0.07685063618409986,-3.020408163265306,-22.249814036610587,0.05016728662856762,0.03477331328293465,0.38825211619540184,0.3025526424735679,0.07648542489420462,0.36442966485272105,1.0142046410929442,0.05301565661934671,-1.5918367346938775
0.07452797418678582,-2.857142857142857,-21.31568439071783,0.05168325093755266,0.0358240996695367,0.4013497652552878,0.3111901910224967,0.07884540705368615,0.36233974642881694,1.0586574985281012,0.054651471599363344,-1.5918367346938775
0.0718280533406045,-2.693877551020408,-20.386243834215662,0.05325926690821703,0.03691651069612045,0.41569838043138624,0.3210028735462799,0.08130275520285313,0.3600128694541516,1.1080369822731595,0.056354775540612856,-1.5918367346938775
0.0686708778432275,-2.5306122448979593,-19.462244662606267,0.05490346380402489,0.03805618113873521,0.4314717680484938,0.33220136708427866,0.08386959046917264,0.3573943756684984,1.1631288046268315,0.05813397016842403,-1.5918367346938775
0.06495792060164281,-2.36734693877551,-18.544599791873626,0.0566290914052181,0.039252295045198116,0.4488699127271335,0.34503646127105025,0.08656533678279565,0.35440885857348803,1.224861300743441,0.06000251912521648,-1.5918367346938775
0.060568807760951436,-2.204081632653061,-17.634423622516362,0.058458223544389565,0.04052015283033694,0.46812009875124466,0.359803429069092,0.08942223736210275,0.3509502799188639,1.29435388054531,0.061982771706902806,-1.5918367346938775
0.05535871672021483,-2.0408163265306123,-16.733084078171625,0.0604281091233414,0.04188557346541266,0.489474947573339,0.3768435259257135,0.0924950802409783,0.3468670249781939,1.372921818528021,0.06411270408469916,-1.5918367346938775
0.04915807884102348,-1.8775510204081634,-15.842268709923276,0.0626018701646065,0.04339230980237674,0.5132040191429355,0.39653935139427576,0.09587814904109448,0.34193947340463904,1.4622509066357445,0.0664576686851408,-1.5918367346938775
0.04177761805887839,-1.7142857142857142,-14.964068322787684,0.06508574910751097,0.04511400348850336,0.5395725888182352,0.41929873031577003,0.09973415990536205,0.3358469762984527,1.5642529423012843,0.06913045174391597,-1.5918367346938775
0.033024075330054525,-1.5510204081632653,-14.101082109770074,0.06805430138605173,0.04717164713071842,0.5687953792335568,0.44551872555732963,0.10434242170094965,0.3281211106326771,1.6805829542496278,0.07232465541480959,-1.5918367346938775
0.02273528779780686,-1.3877551020408163,-13.256548250733443,0.0717790398943845,0.049753439126092314,0.6009420446655154,0.4755166165845749,0.11014190834544468,0.31808453182615326,1.8134776526738035,0.0763445532311362,-1.5918367346938775
0.010846964191092458,-1.2244897959183674,-12.43450088480053,0.07663630346867256,0.05312023767784657,0.6357526718647968,0.5094060834307234,0.11771106297762568,0.3047839745754053,1.962739873091679,0.08159109142365484,-1.5918367346938775
0.002495896550611834,-1.0612244897959184,-11.639939277173877,0.08302642307442554,0.057549531066015014,0.6723012216885442,0.5468819618529499,0.12766236405325815,0.2869503150210381,2.1259187930840793,0.08848880770713263,-1.5918367346938775
0.01678430772851535,-0.8979591836734694,-10.87894322056507,0.09109492741718528,0.06314219210253502,0.7084685250718367,0.5868681774308708,0.14026632769776226,0.2630668598740806,2.2969847041536307,0.09722520957120118,-1.5918367346938775
0.031006735528722313,-0.7346938775510204,-10.158540874216296,0.10026612230396914,0.06949917998067501,0.7404013518465061,0.6270619426625639,0.1548076517832686,0.23167821762782376,2.4637092987600733,0.10730448736267828,-1.5918367346938775
0.04370993073931125,-0.5714285714285714,-9.485959025764531,0.1091244177338413,0.07563928248245788,0.7665651599687442,0.6637443033098525,0.1691633925724796,0.19199591136212982,2.6091160247498633,0.11725512861556853,-1.5918367346938775
0.05349609687090501,-0.40816326530612246,-8.866983739448353,0.11661930638030027,0.08083434341636186,0.7986967710987588,0.692645017234131,0.18146402852586263,0.14445120556255678,2.7194822964852072,0.12578127974575048,-1.5918367346938775
0.05980748774478177,-0.24489795918367346,-8.304031399024192,0.12397874195203551,0.08593551543342248,0.8140261208837243,0.7109212719796206,0.1930189910521558,0.09045281043970929,2.7817164745508793,0.13379056944232737,-1.5918367346938775
0.06324815830375052,-0.08163265306122448,-7.795507990519853,0.1341294203357699,0.09297142953587856,0.8125266087639057,0.7183617500416839,0.20816092857420498,0.0313145505351861,2.7954414547309177,0.1442861607439503,-1.5918367346938775
0.06507168358135215,0.08163265306122448,-7.337195970743368,0.14830588678484613,0.10279780728535859,0.8067513806346435,0.7164010481123475,0.23008489608693994,0.03247341299723359,2.7684640391384177,0.15948269701208995,-1.5918367346938775
0.06645608210612013,0.24489795918367346,-6.924425896316497,0.1643618808421743,0.11392697429728305,0.7970017639943737,0.7063941282511051,0.2556483525313644,0.1009064903877733,2.7066672807436047,0.17720193477190938,-1.5918367346938775
0.06814955217007518,0.40816326530612246,-6.553486455482341,0.17827132224647668,0.12356826438983881,0.7780253202492737,0.6889119033102974,0.2776972867692864,0.17356370047941688,2.611587898420547,0.1924850913732774,-1.5918367346938775
0.07045297663947052,0.5714285714285714,-6.221877654651079,0.18625583702263437,0.12910270829507153,0.7519858463386456,0.6641645766340402,0.29025357106696914,0.24886169679603842,2.489533834750117,0.20118844443252515,-1.5918367346938775
0.0733279994271226,0.7346938775510204,-5.92779650508731,0.18613666001845441,0.12902010109063689,0.7209300933127246,0.6328646076599196,0.2899536416628483,0.3239105210992867,2.348691567506099,0.20098054921169117,-1.5918367346938775
0.07653581441838428,0.8979591836734694,-5.669387923580459,0.17789877645789254,0.12331003532685236,0.686788109458506,0.5967934184472838,0.2768569979135047,0.39514472168487574,2.1979185027405617,0.19190264752203623,-1.5918367346938775
0.07977964008033651,1.0612244897959184,-5.4442013348815825,0.16341461013051184,0.11327037627426662,0.6515197635024251,0.5586035911979139,0.2539881458636084,0.4594266423977144,2.0465658568206413,0.17605116720100833,-1.5918367346938775
0.08281593426934272,1.2244897959183674,-5.249075222323086,0.1454587419531186,0.10082431687260085,0.616897007518847,0.5210227954097532,0.2257547693792823,0.514920697432699,1.9019008927270649,0.15648128189320998,-1.5918367346938775
0.08550342364186311,1.3877551020408163,-5.080385465194312,0.12662693261163316,0.08777110132270782,0.5850156025123128,0.4861019996939645,0.19623955272894467,0.5612638861084934,1.7687022195916906,0.1360228926884126,-1.5918367346938775
0.0877955828509315,1.5510204081632653,-4.934425162683662,0.10872759689996414,0.07536422724026814,0.5574627255427551,0.4549449862987817,0.16826051219654792,0.59916257190543,1.650307365411899,0.11662929962860957,-1.5918367346938775
0.08970767651393688,1.7142857142857142,-4.807717793963708,0.0927153137319201,0.06426535830801106,0.5321253893147648,0.4278592744103841,0.14328727866502922,0.6298384946846542,1.545231956456989,0.09931917321677197,-1.5918367346938775
0.09128464517172412,1.8775510204081634,-4.697191190139646,0.07891037010010482,0.05469650055182984,0.5091562448092908,0.4046567451568105,0.12179783233780439,0.6546113555947364,1.4523340100907602,0.08442382408326132,-1.5918367346938775
0.0925798648507055,2.0408163265306123,-4.600231107075953,0.06726148686642563,0.04662210998173277,0.48849106815508114,0.38491498356561127,0.10369446393114812,0.6746780113854804,1.3705293612275906,0.07187552531355079,-1.5918367346938775
0.09364420381669662,2.204081632653061,-4.514661506219065,0.05754331992483719,0.039885989965960045,0.4699558572980057,0.36814395632500235,0.08861343201469873,0.6910344696594249,1.2985419487147178,0.06142215056072864,-1.5918367346938775
0.09452170433924528,2.36734693877551,-4.438691540018735,0.049475048886995054,0.034293490644086155,0.45333423549471735,0.3538723983136717,0.0761089173970988,0.7044733937767302,1.2352308609741072,0.05275468150926832,-1.5918367346938775
0.09524871017785011,2.5306122448979593,-4.370853722467731,0.04278080789015393,0.02965339637113673,0.4384049266997761,0.3416836923643368,0.06574600145226261,0.7156117835311123,1.179316541863535,0.04557165553972542,-1.5918367346938775
0.0958544861271138,2.693877551020408,-4.309945364690605,0.037215289508411686,0.02579567299647767,0.42496022396090305,0.3312249660066833,0.05713952856300475,0.7249255257299457,1.1296673762172385,0.03960610312197055,-1.5918367346938775
0.09636232391255242,2.857142857142857,-4.254977928712156,0.03257107659193448,0.022576549907501242,0.41281356899626437,0.3222039010371917,0.04996476271391481,0.7327811337545157,1.0853910991686186,0.03463293440249604,-1.5918367346938775
0.09679068286515309,3.020408163265306,-4.205135201529428,0.028677476410038594,0.01987771191919241,0.40180137188834175,0.31438094911048003,0.04395504486200741,0.7394617614666796,1.0457363401886226,0.030467315417485707,-1.5918367346938775
0.09715419445303367,3.183673469387755,-4.15973957588788,0.02539603248557487,0.01760318831478469,0.3917820355147752,0.3075606264210467,0.03889445526547153,0.7451874222702883,1.0100626172564806,0.02695958200667592,-1.5918367346938775
0.09746448775695109,3.3469387755102042,-4.118225190837695,0.022615223714523403,0.015675678555454375,0.38263379811083875,0.3015834423360674,0.034609334908557,0.7501303046246421,0.9778316676430985,0.023989362912920864,-1.5918367346938775
0.09773084495764081,3.510204081632653,-4.08011664137064,0.02024544801056294,0.014033075207694479,0.37425222631487587,0.2963189869796226,0.03096033333866144,0.7544262406995179,0.9485923719565902,0.02146006776288889,-1.5918367346938775
0.097960712961679,3.673469387755102,-4.0450121127628185,0.018214688155544945,0.012625459739794342,0.3665477607702835,0.29166024080542285,0.027835572427433064,0.7581832649906338,0.9219638682035355,0.019294148547347234,-1.5918367346938775
0.09816009959775567,3.836734693877551,-4.012569992818178,0.016464934423134903,0.011412622873500311,0.35944348801144466,0.2875189857204169,0.025145023467857186,0.7614880096402482,0.8976237198568868,0.017429202121858278,-1.5918367346938775
0.09833387966287216,4.0,-3.9824982057974587,0.014949304009471476,0.010362067925498764,0.3528731957344227,0.28382214279759915,0.02281599079536356,0.7644105030691597,0.8752979978142755,0.01581483969148767,-1.5918367346938775
0.08502446764628838,-4.0,-27.451765190025775,0.047321719261139705,0.03280091628510817,0.3368663934266826,0.2720924983028749,0.07193284724033422,0.3706308005451049,0.8463609945380098,0.04986005025428675,-1.346938775510204
0.0839049196485891,-3.836734693877551,-26.500731819276716,0.048798406830569796,0.03382447811042666,0.3454539703365809,0.27688624964925945,0.07420851745027823,0.3691501090948316,0.8738954289113638,0.05143742464419354,-1.346938775510204
0.082645834445441,-3.673469387755102,-25.551977586057898,0.05032997210915946,0.0348860782651248,0.35469636429409357,0.28219590478369333,0.07657279626147595,0.36755080396418083,0.9038287113933806,0.0530762178362334,-1.346938775510204
0.08122257300684183,-3.510204081632653,-24.605788351628828,0.05191679324859022,0.03598597886397381,0.3646706788727338,0.2880996025311152,0.079027072598576,0.3658177813598642,0.9364768800254656,0.054777392559608895,-1.346938775510204
0.0796050014943035,-3.3469387755102042,-23.662499336939423,0.05355868564371047,0.037124051948434156,0.37546591282241054,0.2946904132117645,0.08157197261567406,0.3639327219645478,0.972210204430537,0.05654138283126686,-1.346938775510204
0.07775608346891945,-3.183673469387755,-22.72250591259972,0.055254732800764206,0.038299662253442834,0.38718500315280663,0.3020795400652336,0.08420708433311663,0.3618730358363239,1.0114638381899719,0.058367903088672346,-1.346938775510204
0.075630102711677,-3.020408163265306,-21.786277180308208,0.05700308382031105,0.03951152683327086,0.39994713041512125,0.31040014255855874,0.08693060703890643,0.359610356905423,1.0547503752742236,0.06025570517338252,-1.346938775510204
0.07317044377702833,-2.857142857142857,-20.85437314233337,0.05880072292192473,0.040757555308218674,0.413890211457274,0.319811788678125,0.08973891811308965,0.357108366540206,1.1026798352637814,0.06220227807658718,-1.346938775510204
0.07030687369906952,-2.693877551020408,-19.927466480806416,0.06064323498856261,0.04203468735235605,0.42917338555960194,0.33050541795564603,0.09262607086413688,0.35431961098127485,1.155965177505565,0.06420349986582163,-1.346938775510204
0.0669523259758756,-2.5306122448979593,-19.00637023958792,0.0625246310136709,0.043338771702676526,0.4459790747237625,0.3427084417576999,0.09558328873317512,0.35118080529624257,1.215442890852487,0.06625328709404732,-1.346938775510204
0.06299933079475703,-2.36734693877551,-18.09207300694656,0.06443737947177341,0.044664587903531006,0.46451378598696685,0.35668912562865324,0.0985986371537404,0.3476058650057518,1.282089000642598,0.0683433673501681,-1.346938775510204
0.058316543346107995,-2.204081632653061,-17.185783499701753,0.06637294733056054,0.04600622130763177,0.4850060809089881,0.3727585417333205,0.10165728992500211,0.34347555878529085,1.3570563149495707,0.07046346389487956,-1.346938775510204
0.052746431907167456,-2.0408163265306123,-16.28898666036693,0.06832342953855397,0.047358192550835065,0.5076988250812827,0.39126694555002556,0.10474323923945805,0.3386222469182056,1.4419300488821103,0.07260248096154598,-1.346938775510204
0.046106311596283686,-1.8775510204081634,-15.403513315634902,0.070285247785975,0.04871802133780556,0.532830560203288,0.41258920405448263,0.10784398294505193,0.3328077805055242,1.5381975645922388,0.07475175271871759,-1.346938775510204
0.03819681942378325,-1.7142857142857142,-14.531624752332032,0.07226624899871803,0.05009114674310444,0.5605970383496626,0.43709079558138325,0.11096050554115999,0.32569267968951704,1.647129646496164,0.07691196156936098,-1.346938775510204
0.028824801855348046,-1.5510204081632653,-13.676111554631667,0.07429702700874019,0.05149877479509457,0.5910779751083376,0.465062289820786,0.11412515811308044,0.31679619241205026,1.7704057897764274,0.07910553157703903,-1.346938775510204
0.017850999403569906,-1.3877551020408163,-12.840401282554321,0.07644361989773918,0.05298667960391401,0.6241060038906081,0.496607559607671,0.1174287976818369,0.3054519035301565,1.9093964339938745,0.08139544002970922,-1.346938775510204
0.005274474824993644,-1.2244897959183674,-12.028658876714442,0.07880742831778376,0.054625146745652,0.6590487434444189,0.5314729288722243,0.12104260744311768,0.2907757760672231,2.0617310819960126,0.08390034207682051,-1.346938775510204
0.008641652024693627,-1.0612244897959184,-11.245840259594607,0.08147699493798388,0.056475549321760354,0.6944886893861667,0.5688194599593397,0.1251062084218475,0.2716857597411411,2.2229609025884725,0.08671701563814826,-1.346938775510204
0.02322969513459732,-0.8979591836734694,-10.497613170703346,0.08439138231892995,0.05849564871792268,0.7278684497319375,0.6069877001310924,0.12954656650329932,0.2470364201951792,2.3852038495717833,0.08979483732298288,-1.346938775510204
0.03735812004887531,-0.7346938775510204,-9.789992849576883,0.08719421382150383,0.06043842347151629,0.755388824726851,0.6434110991094198,0.1339596318517997,0.21591616129268393,2.5377308838066024,0.09285374112692368,-1.346938775510204
0.04962220959047672,-0.5714285714285714,-9.128528647661987,0.0894620916299087,0.06201039658026697,0.7837553519872714,0.6749617667803743,0.13792166943984308,0.17801978948916497,2.662467834877617,0.09560001631034787,-1.346938775510204
0.05886858363101251,-0.40816326530612246,-8.517107210309309,0.09162832791823394,0.06351191715594573,0.8109982588526137,0.6988827108890713,0.1418988441299125,0.13378342408983174,2.7633737107073135,0.09835678373336343,-1.346938775510204
0.0647730424063503,-0.24489795918367346,-7.956945996185637,0.0957339805843831,0.0663577387258456,0.8231922252272614,0.7138081223963181,0.14847761348005628,0.08400721116569614,2.81662566257046,0.10291683915996952,-1.346938775510204
0.06795397636478302,-0.08163265306122448,-7.446562546162,0.10434628114363154,0.07232733057662322,0.8206295875111022,0.7199310880444052,0.16139203256453127,0.029233994013213117,2.8253955031412445,0.11186843233694299,-1.346938775510204
0.06952977563008489,0.08163265306122448,-6.982830929372961,0.11814866434177818,0.08189441357542715,0.8149907714267359,0.7181777624081416,0.18273452812616808,0.030493475442542863,2.8001095265641123,0.12666192296160572,-1.346938775510204
0.0705721290722781,0.24489795918367346,-6.562367296483797,0.13496141406337747,0.0935481236424136,0.8066647479708964,0.7092637771333041,0.20931172088391348,0.09528784292486288,2.7442611884693346,0.14508382918883456,-1.346938775510204
0.07181258942008192,0.40816326530612246,-6.182447346338826,0.15093761098974445,0.10462197949799545,0.788863514269691,0.6933607321868953,0.23443645442635175,0.16477337241784254,2.6550667083983766,0.16249896740609548,-1.346938775510204
0.0735947426802566,0.5714285714285714,-5.84119840200848,0.16226438299735157,0.11247309957991325,0.7638586628327351,0.6704350881701677,0.2521314685606617,0.23751660698304056,2.537477795012586,0.17476421656326124,-1.346938775510204
0.0759421486187326,0.7346938775510204,-5.537227676809036,0.16638549062410535,0.11532963371218186,0.7335330934134997,0.640935907011792,0.2584539538398114,0.3108640637208076,2.39956618410952,0.17914662940863524,-1.346938775510204
0.0786698877648084,0.8979591836734694,-5.269014322162,0.16266212094002874,0.11274879051348186,0.6997377728991226,0.6063263396138044,0.25246719468806633,0.3814139764079468,2.2497633873984464,0.17499692418191115,-1.346938775510204
0.08151177110134905,1.0612244897959184,-5.034418007629923,0.15233511320010207,0.10559065421493097,0.6644065293493827,0.5690054174723901,0.23617608979333982,0.44597661167033226,2.0970934543153463,0.1637047907559248,-1.346938775510204
0.08422956768361553,1.2244897959183674,-4.830538061149278,0.13777357010455527,0.0954973616736503,0.6293531227125518,0.5316335872838324,0.21333024009206314,0.5024579295181498,1.9495493033761555,0.14786925444798937,-1.346938775510204
0.08667088938393477,1.3877551020408163,-4.653920357886261,0.12146613561371611,0.08419390943415905,0.5959844160131561,0.4963755726838636,0.1878334194588258,0.5501636931884449,1.8127544745356632,0.13019620511281804,-1.346938775510204
0.08877276416751874,1.5510204081632653,-4.500925023171047,0.10532448479832945,0.07300536968189086,0.5673528408200492,0.4645299334795386,0.16266218144660183,0.5895237386923722,1.6899644951193677,0.11274883245344158,-1.346938775510204
0.09053556761389374,1.7142857142857142,-4.368059267161398,0.09048684418734698,0.06272070092622672,0.5413596405946279,0.43658668625858016,0.13957356136856047,0.6215871239830253,1.581205099405502,0.09674502054332823,-1.346938775510204
0.09199308843316549,1.8775510204081634,-4.252183284762834,0.07745061031246081,0.05368467217072914,0.51769619197291,0.41248718420002,0.11932415633053717,0.6475923054244112,1.4847883044160222,0.08270920253320524,-1.346938775510204
0.09319097932475502,2.0408163265306123,-4.150591938712466,0.06630168219737476,0.045956824081491376,0.49634638160547856,0.3918848011467914,0.1020329651953813,0.66871375646056,1.3997739936783988,0.07072386214934934,-1.346938775510204
0.094174842272083,2.204081632653061,-4.061013727913385,0.05690992978722509,0.03944695737787951,0.4771633632396687,0.3743262076997812,0.08748682862925916,0.6859555788318127,1.3249066842894484,0.06064124860050191,-1.346938775510204
0.09498505483922226,2.36734693877551,-3.981567923538301,0.0490569250966022,0.0340036693176502,0.459943615136452,0.3593529110573332,0.07533880032105111,0.7001309612851939,1.2590211469847463,0.05222087702930489,-1.346938775510204
0.09565531772978841,2.5306122448979593,-3.910707135634353,0.042506562668982006,0.029463304069299534,0.44446996431968333,0.3465481248701522,0.06521714144981283,0.7118803065172257,1.2008107803458052,0.045205077720116726,-1.346938775510204
0.09621291797901897,2.693877551020408,-3.847159867547175,0.037038624843865,0.02567321838234271,0.4305339023940574,0.3355526531141054,0.05677669704846888,0.7217014629728666,1.1491372225602434,0.03935460748065234,-1.346938775510204
0.09667962131166104,2.857142857142857,-3.7898793634201273,0.032461549131563405,0.022500631257151182,0.41794558094219836,0.32606549994220774,0.049718108131382,0.7299799135542261,1.1030797182235232,0.03446196647404154,-1.346938775510204
0.09707268248447594,3.020408163265306,-3.7380006029347377,0.02861474645078399,0.019834230824798516,0.40653705233369997,0.31783805108856655,0.04379096240988867,0.7370145409894103,1.0618555494789104,0.030353582128420875,-1.346938775510204
0.09740576669755657,3.183673469387755,-3.690805225075995,0.025366281351935527,0.01758256640038436,0.39616208583898294,0.31066629568554494,0.038789882093187344,0.7430381331820402,1.024798084318698,0.026887097407144456,-1.346938775510204
0.09768971912144972,3.3469387755102042,-3.6476933667044453,0.022608905766853038,0.01567129928783939,0.386694424857881,0.30438312649862376,0.0345481584360412,0.7482331523633298,0.991343734034453,0.02394695861347973,-1.346938775510204
0.09793318073889126,3.510204081632653,-3.6081612184994314,0.02025586386063649,0.014040294924806407,0.3780254773138127,0.29885151751803835,0.030931102373980224,0.7527436642212019,0.9610198955884184,0.02143980640213483,-1.346938775510204
0.09814307067722473,3.673469387755102,-3.5717831780780727,0.01823706636269984,0.012640971130990053,0.3700619375497751,0.2939587906248914,0.02783001782002259,0.7566843031768358,0.9334270743720307,0.01929029838688079,-1.346938775510204
0.09832496008661049,3.836734693877551,-3.5381976462308775,0.016495831301865937,0.011434038957880643,0.3627235697305095,0.2896119287644129,0.02515708620853374,0.7601470050269465,0.9082268163364984,0.017437563376548226,-1.346938775510204
0.09848336081916118,4.0,-3.5070956905321533,0.0149862050278462,0.010387645762344855,0.355941242053562,0.2857337998870638,0.022841172978392166,0.7632060766256401,0.8851314861447666,0.015832294650653722,-1.346938775510204
0.08417779560028378,-4.0,-26.980743875146338,0.05326633506777734,0.03692140997099136,0.34557105835632906,0.277498205336525,0.08096161523564183,0.36714176595749415,0.8750299243507735,0.05611831533416334,-1.1020408163265305
0.08298936413708193,-3.836734693877551,-26.031001800516332,0.055045862848810856,0.038154884635142494,0.35468771577701846,0.2827378899265697,0.08370373225207572,0.36540130043326735,0.9045673538588447,0.058019006012871355,-1.1020408163265305
0.08165244788329373,-3.673469387755102,-25.0836794455175,0.05689385268417979,0.039435813579232315,0.36450750906104623,0.2885441742730201,0.08655692189306485,0.3635168204832553,0.9367102337798966,0.05999668636812494,-1.1020408163265305
0.08014059843056696,-3.510204081632653,-24.139084249633814,0.05880943830429519,0.040763596350936515,0.375113209527885,0.2950026346483691,0.08952116889783701,0.36147009114617806,0.9718496498181861,0.06205134582196603,-1.1020408163265305
0.0784213721247028,-3.3469387755102042,-23.19757736023599,0.060790266864717335,0.042136602082765595,0.386600141511428,0.3022150540372067,0.09259441438586213,0.35923916672076284,1.010351223888348,0.06418155726715957,-1.1020408163265305
0.07645476204145699,-3.183673469387755,-22.25958549944219,0.06283192488142975,0.043551771580717435,0.3990781968970129,0.31030280910646724,0.09577168615993559,0.35679722948396797,1.0526875743415776,0.06638387423923087,-1.1020408163265305
0.07419121156076476,-3.020408163265306,-21.325615922721152,0.06492715076602318,0.04500407149525931,0.4126740019280291,0.31941084191474384,0.09904387372535695,0.35411094853359043,1.0994128803857803,0.06865198182446619,-1.1020408163265305
0.07156912888729633,-2.857142857142857,-20.396275344706346,0.06706475515378107,0.046485745949786494,0.42753306361715887,0.329712143712303,0.10239600127237702,0.35113813039602565,1.1511790417764594,0.07097549958256044,-1.1020408163265305
0.06851184746535288,-2.693877551020408,-19.47229393847686,0.06922814638402075,0.04798529448147515,0.44382152693476923,0.3414124721337962,0.10580479915274399,0.3478243205284516,1.2087512274346672,0.07333829822243576,-1.1020408163265305
0.06492405973547996,-2.5306122448979593,-18.55455576950162,0.07139333844840046,0.04948609125627068,0.4617268181020419,0.35475462026283766,0.10923532052308849,0.34409785246640784,1.2730031730019398,0.07571615443814039,-1.1020408163265305
0.06068795222814762,-2.36734693877551,-17.6441372607148,0.07352631800258536,0.050964560020445804,0.48145581794766446,0.3700208122647955,0.11263631851999056,0.3398626202797559,1.344980945065989,0.07807354661078314,-1.1020408163265305
0.0556596990865265,-2.204081632653061,-16.742355395467467,0.07557970282343884,0.0523878579196253,0.5032281211042448,0.3875305043067909,0.11593415091424486,0.3349875822086932,1.425991529112366,0.08035942983681998,-1.1020408163265305
0.04966781403421878,-2.0408163265306123,-15.850827127486246,0.07748880651666035,0.05371114776197805,0.5272601330535577,0.40762876798241016,0.11902523354064964,0.32929176705122465,1.5174768135217849,0.08250200504418981,-1.1020408163265305
0.04251638467823337,-1.8775510204081634,-14.971540449793677,0.07916764096465023,0.05487482712622893,0.5537329504430585,0.4306573842120316,0.12176772223051291,0.3225235945753508,1.6204807061600857,0.08440295334728631,-1.1020408163265305
0.03399868104782238,-1.7142857142857142,-14.106935009863948,0.08050613594422851,0.05580260114751745,0.582733090419238,0.4568972142617621,0.1239744238129874,0.3143342378684909,1.7362458222841468,0.08593252232751514,-1.1020408163265305
0.0239299247618704,-1.5510204081632653,-13.259984816680385,0.08137083749639418,0.05640196659042718,0.6141511039243833,0.48646841568695054,0.12541104006864812,0.3042477640805934,1.8655944731883274,0.08692830883467328,-1.1020408163265305
0.0122105824576667,-1.3877551020408163,-12.434265802969504,0.08161194657203952,0.0565690906664178,0.6475227657743416,0.5191800654181786,0.12580680429189517,0.2916377359302244,2.008418610642567,0.08720263169018327,-1.1020408163265305
0.0010715849645562409,-1.2244897959183674,-11.633975279475319,0.08107880083716479,0.056199542203461794,0.6818112309980805,0.5543425684535186,0.12488916441957887,0.275731965084543,2.160647108511297,0.08656657219991848,-1.1020408163265305
0.015511533592139987,-1.0612244897959184,-10.863849458657862,0.07964501286821646,0.05520571611526459,0.7151761018174666,0.59060440922557,0.1224697054150381,0.25567958899741206,2.3157478234358235,0.08488953101244023,-1.1020408163265305
0.030285192439607526,-0.8979591836734694,-10.12890793879587,0.07725194621771703,0.053546968713579224,0.7448749720157605,0.6259391663982932,0.11853352177288246,0.23070831146220555,2.4651461377754287,0.08216117641871401,-1.1020408163265305
0.04418973042905465,-0.7346938775510204,-9.433966599377513,0.07401209425026867,0.05130127445691057,0.767556026545359,0.6579269181476659,0.11336486042905403,0.20034191851238276,2.601977977944899,0.07857853338097032,-1.1020408163265305
0.055933548837898826,-0.5714285714285714,-8.782947547537848,0.07047872991794302,0.048852132932067915,0.798598125944076,0.6843405532423283,0.10806150365852796,0.16454223357449113,2.712310763918238,0.07490252658797658,-1.1020408163265305
0.06461719806059782,-0.40816326530612246,-8.17819043956043,0.06808811480841737,0.04719508480909629,0.8212242098432223,0.7037637109180203,0.10489331251569967,0.12360537938604262,2.799426301341118,0.07270650382985,-1.1020408163265305
0.07010658421716416,-0.24489795918367346,-7.620113643503289,0.069215219680693,0.047976334373509566,0.830685255252327,0.7158187184809437,0.10693564568992997,0.077826660819971,2.8456497092106283,0.07412214131133155,-1.1020408163265305
0.07301194420520976,-0.08163265306122448,-7.107468754801021,0.07609227970848931,0.05274314914231826,0.827553539178322,0.7208550729001304,0.11730147621862752,0.027208122286095815,2.8494127281491926,0.08130718751646127,-1.1020408163265305
0.07432514611874945,0.08163265306122448,-6.638077025057477,0.08910143250884817,0.061760406727360495,0.8223993366841809,0.7193772662455518,0.13739131292356577,0.028530739714126695,2.82630005137215,0.09523240118639809,-1.1020408163265305
0.07501559471222792,0.24489795918367346,-6.209657745381402,0.10616397681492673,0.07358726120629755,0.8151439220454811,0.7116008244867151,0.16417470519745114,0.08963051408105487,2.7772009100771413,0.11379723402687336,-1.1020408163265305
0.07579143423622686,0.40816326530612246,-5.82038302118588,0.12368040761859467,0.08572872583133395,0.7987341966785421,0.6973542422000215,0.19152430859600145,0.1558110629474499,2.694745365426355,0.1327545345120109,-1.1020408163265305
0.0770323649014735,0.5714285714285714,-5.468998136428834,0.13788416519750912,0.09557402035051488,0.7750383040119484,0.6763674141712578,0.21359108641719304,0.22582176993585987,2.5828990596376786,0.14805005934281246,-1.1020408163265305
0.07882240470803495,0.7346938775510204,-5.154543614210708,0.1459243444499081,0.10114704793051232,0.7457305015576625,0.6488274556975387,0.22598852621998144,0.29726597169045627,2.4492108067524807,0.15664330978827756,-1.1020408163265305
0.08103352317701565,0.8979591836734694,-4.8758605212981765,0.14658605039593997,0.10160570754136389,0.7125488060051515,0.6158741524523338,0.22686685038760146,0.36693675259067005,2.3015809511390506,0.15725211770868075,-1.1020408163265305
0.08343530683247277,1.0612244897959184,-4.6311471925906895,0.14046386265606525,0.09736213037061092,0.6773778759626305,0.5796259890327078,0.21719448791761753,0.4316347043381916,2.14854731939915,0.1505477469332579,-1.1020408163265305
0.08579954503962076,1.2244897959183674,-4.417795670696732,0.12945437013005412,0.0897309316668109,0.642058953558618,0.542635540912636,0.19995938239086053,0.4890367352364821,1.999048406692366,0.13860128213073253,-1.1020408163265305
0.08796524285306541,1.3877551020408163,-4.232554343934045,0.11586191928665412,0.0803093626878082,0.6080949506261809,0.5071526210546701,0.17876376356526524,0.5381172614257924,1.8585978856013943,0.12390959870154816,-1.1020408163265305
0.08985330905962341,1.5510204081632653,-4.071876813118965,0.10164906522235118,0.07045776296542638,0.5775070500234062,0.47466655612506664,0.1566571960295291,0.5790073196838769,1.7314518810413795,0.10858649374229445,-1.1020408163265305
0.09144838031343264,1.7142857142857142,-3.9322700944698235,0.0881167279226811,0.06107786151977401,0.5508993371983175,0.4458634910661596,0.13565036710999356,0.6125559235745699,1.6189151368569135,0.0940256695042132,-1.1020408163265305
0.09277196435692876,1.8775510204081634,-3.8105326348555235,0.07593909772287688,0.052636971480878314,0.5265545088499918,0.42083294000948096,0.11677719901342609,0.6398989204060148,1.5188960150859374,0.08094378624984344,-1.1020408163265305
0.09386101050985766,2.0408163265306123,-3.703866918416127,0.06534740938485983,0.045295372572012216,0.504514907797376,0.39931995218769173,0.10038499836439252,0.662175638621009,1.4304876621000182,0.06958157858679259,-1.1020408163265305
0.09475512012572482,2.204081632653061,-3.609900294353742,0.05631613989591644,0.03903537358887377,0.4846685837490421,0.38091868659862954,0.08642524417834441,0.6803923408665293,1.3526341443615657,0.05990541433142349,-1.1020408163265305
0.09549048139615011,2.36734693877551,-3.5266546836322434,0.04869702896903805,0.03375420833153453,0.46683007225569106,0.36518970212620466,0.07466166044487377,0.6953810149652244,1.2840308362922805,0.05175151943328782,-1.1020408163265305
0.09609777662173737,2.5306122448979593,-3.4524950379131583,0.04229935200718371,0.02931967658329193,0.4507895475652738,0.35171919194999235,0.06479425951067963,0.7078059115281157,1.2233819361383809,0.04491195829629646,-1.1020408163265305
0.09660204023013844,2.693877551020408,-3.3860737958483833,0.03693177083461929,0.025599152827102234,0.43633959840395753,0.3401428789484826,0.0565236775339204,0.7181882063216457,1.1695663672600076,0.03917922771751625,-1.1020408163265305
0.09702330485003932,2.857142857142857,-3.3262795559942235,0.032421034633642876,0.02247254874714577,0.42328812112733566,0.33015127906504066,0.049579687396695604,0.7269339710133946,1.1216213648399767,0.03436602053206261,-1.1020408163265305
0.09737746062687953,3.020408163265306,-3.272192972588855,0.028618213007352455,0.019836633658710356,0.4114633160283323,0.32148637582546974,0.0437304975655306,0.7343593757394717,1.0787329799619223,0.030311671092031034,-1.1020408163265305
0.09767708042376955,3.183673469387755,-3.223050278218263,0.025398858819296155,0.017605147380035158,0.4007145121486492,0.31393507125699854,0.038782746180669125,0.7407113564655848,1.0402080572212755,0.026882151169502766,-1.1020408163265305
0.09793212483622535,3.3469387755102042,-3.1782137241633803,0.02266058907432056,0.015707123426693004,0.3909109744976909,0.30732202008349996,0.034577573939970296,0.7461838070278486,1.0054567296055417,0.023967347887093204,-1.1020408163265305
0.09815051251314143,3.510204081632653,-3.1371478722170694,0.020319849367191,0.01408464629827133,0.38193987391782336,0.3015029785336195,0.030985490742856836,0.7509299795852695,0.9739838537249609,0.021477505546677378,-1.1020408163265305
0.09833856897212165,3.673469387755102,-3.0994006601805446,0.018308685125171476,0.012690613474272139,0.3737040340035276,0.2963590642540397,0.027901293463511667,0.7550718828980836,0.9453702276061161,0.019339702898208966,-1.1020408163265305
0.09850137500513097,3.836734693877551,-3.0645882873090255,0.01657185646183068,0.011486735583162266,0.3661197542636844,0.2917919837331084,0.025239544049793228,0.7587073818482619,0.9192603658829949,0.017494718796732922,-1.1020408163265305
0.09864303556949286,4.0,-3.032383126605471,0.015064396112455913,0.010441843692186925,0.35911483911102937,0.2877201425939927,0.0229307528398226,0.7619155657231298,0.8953520087126217,0.015894386679039307,-1.1020408163265305
0.08318350703965857,-4.0,-26.511527123074757,0.060073548275783484,0.0416398106135909,0.3550161394111739,0.2836816820680962,0.09130034573230938,0.36317541145370197,0.9064895431926061,0.06328457722849823,-0.8571428571428571
0.08191261238987697,-3.836734693877551,-25.563255738659986,0.06221300864886947,0.04312277153911537,0.36471365761337976,0.2894402791290034,0.09459720754160683,0.3611350136036501,0.9383017063915721,0.06556978769630861,-0.8571428571428571
0.08048263992251484,-3.673469387755102,-24.617568574724004,0.06443741533802516,0.04466461276412237,0.3751660518636361,0.29582375956455464,0.0980326133235101,0.358921769213315,0.9729546373937825,0.06795102952811405,-0.8571428571428571
0.07886503891247157,-3.510204081632653,-23.674798629017978,0.06674428186825443,0.046263610795478805,0.38646159622539095,0.30292577914657726,0.10160477932620626,0.3565141520419351,1.0108203567314336,0.07042706632137508,-0.8571428571428571
0.0770246823344806,-3.3469387755102042,-22.73533773493263,0.06912844680027774,0.04791618799610098,0.398701533864548,0.3108574017323994,0.10530826227693568,0.35388648618461155,1.0523316480816316,0.07299412508692527,-0.8571428571428571
0.07491811088099462,-3.183673469387755,-21.79964966948754,0.07158097985990075,0.04961615437160827,0.4120019262375979,0.31975057032151505,0.10913233735443217,0.3510077117336988,1.0980486199028257,0.07564477194514119,-0.8571428571428571
0.07249130118383283,-3.020408163265306,-20.868286680282903,0.07408764864550355,0.051353644772946794,0.426495470158722,0.3297620544723137,0.11305866966452927,0.34783965481347634,1.1485542081428672,0.07836629811582574,-0.8571428571428571
0.06967687097024347,-2.857142857142857,-19.941910377992464,0.0766267639311291,0.05311362537429498,0.44233296789429216,0.3410776715656569,0.11705795824376564,0.3443345726723021,1.204511656970926,0.0811383937187693,-0.8571428571428571
0.06639067411581032,-2.693877551020408,-19.021318159929567,0.07916615287207662,0.0548737956590577,0.4596838382679187,0.35391625874489174,0.12108509624839225,0.34043163829982587,1.2667252868563785,0.08392979307240189,-0.8571428571428571
0.06252785938670684,-2.5306122448979593,-18.107476531628087,0.08165893041295869,0.056601657383283044,0.4787345339186762,0.3685322661041926,0.12507222586023303,0.3360518852909514,1.3362184726527315,0.08669346072137696,-0.8571428571428571
0.057958753589425836,-2.36734693877551,-17.201562781597882,0.08403767472382295,0.058250477295631375,0.49968283757341453,0.3852147551764683,0.1289189096359511,0.33109096021209067,1.4139438029322906,0.08935977873502177,-0.8571428571428571
0.05252553587566787,-2.204081632653061,-16.305016231986954,0.08620663376095417,0.05975388513696944,0.5227245536843326,0.404278761306362,0.13247861021341079,0.325408875333424,1.5011997036559068,0.09182717515392502,-0.8571428571428571
0.046041839461870473,-2.0408163265306123,-15.419599324384992,0.08803186665756835,0.06101904017312232,0.5480269051190192,0.42604219751241496,0.13554106082543793,0.318815970427496,1.5991696383207994,0.09394990416125593,-0.8571428571428571
0.03829945687207926,-1.8775510204081634,-14.547466368108662,0.08933010383488504,0.06191890961227786,0.5756800529327145,0.45077795927830777,0.13781154115497163,0.31105484735386,1.708811756334885,0.09552368120018917,-0.8571428571428571
0.02908937150183235,-1.7142857142857142,-13.691232726247378,0.08985918610720978,0.06228564149762361,0.6056155747776963,0.47862830681769103,0.13889165479925714,0.30177987732062256,1.8304036919345081,0.09627235892740993,-0.8571428571428571
0.018247590371514716,-1.5510204081632653,-12.854028183544099,0.08931691702791955,0.06190976921420921,0.6374818332640101,0.509471985028411,0.13827340663105225,0.29054012088408376,1.9640530733338188,0.095843821952732,-0.8571428571428571
0.005736284369846414,-1.3877551020408163,-12.03950479777256,0.0873610718972726,0.06055408067628876,0.670478661391198,0.5427539456277866,0.1353696975254528,0.2767788429627475,2.1078598896969565,0.09383112417301964,-0.8571428571428571
0.008240431598887227,-1.2244897959183674,-11.251755159764075,0.08366875208944036,0.05799475961176426,0.7031892543640307,0.5773337188459771,0.1296161824051647,0.25987061992805005,2.2560394814426803,0.08984309138908309,-0.8571428571428571
0.023119114790506923,-1.0612244897959184,-10.495093587735328,0.07805199359658666,0.054101519298557,0.733509119027045,0.6114712270360102,0.12068003184919807,0.23921437345528734,2.4008219651691647,0.08364902382615602,-0.8571428571428571
0.03793983447833854,-0.8979591836734694,-9.773681051998672,0.07063162743032692,0.04895811341169165,0.7588247119433632,0.6430816323137898,0.10878855923951258,0.21436921240226076,2.536324244337816,0.07540648311404663,-0.8571428571428571
0.05148945973595638,-0.7346938775510204,-9.091047424293063,0.062040518801452116,0.043003210687702964,0.7818900271222818,0.6702523584271594,0.0951249479455325,0.18515940742869802,2.6535374480844296,0.06593558946935696,-0.8571428571428571
0.06264182302966226,-0.5714285714285714,-8.449652966921134,0.053579121018894504,0.03713821667112671,0.8107385882567003,0.6917585299578825,0.08188988716947199,0.1516434170598162,2.754943113152252,0.05676174440789117,-0.8571428571428571
0.07074275205336714,-0.40816326530612246,-7.850659455447913,0.04723614822733735,0.03274160296429063,0.8291264853470022,0.7072252501202764,0.07234565006461624,0.11392147090369911,2.8287915596433795,0.050146183368064534,-0.8571428571428571
0.07580654964283959,-0.24489795918367346,-7.294003072848646,0.04545759546717809,0.0315088041331093,0.836258887180881,0.7168617260147218,0.0699456060119763,0.07190721145895954,2.8672297092179733,0.0484825995997582,-0.8571428571428571
0.0784200033559405,-0.08163265306122448,-6.778730017833641,0.05027828283329505,0.03485024998929398,0.8327856645563835,0.7210259054372978,0.07725756540258599,0.025239764095604557,2.8664923525728745,0.05355086363572781,-0.8571428571428571
0.0794578514759869,0.08163265306122448,-6.303464982907886,0.06199516205565958,0.042971771787237545,0.8282530632130884,0.7198896935008389,0.09531234375825282,0.026592318059458366,2.8460232529826377,0.06606548234859266,-0.8571428571428571
0.07979094983071643,0.24489795918367346,-5.866860016967283,0.07871230706582866,0.05455921371804773,0.8221791020435979,0.7132901530827043,0.12137028605974765,0.08396046442185971,2.8044931632220886,0.08412747158606804,-0.8571428571428571
0.08009674217954202,0.40816326530612246,-5.467889382343902,0.09712575832978709,0.06732244554603861,0.807376125780174,0.7007701801679828,0.1499276340671103,0.14671619189745147,2.7297152094416055,0.1039219168416401,-0.8571428571428571
0.08078273126295057,0.5714285714285714,-5.105896941105575,0.1136003373419121,0.07874175353920498,0.7852769511381438,0.6818365077901933,0.17539581278514182,0.21381897702591085,2.6251899424593543,0.12157511311404079,-0.8571428571428571
0.08199012616731795,0.7346938775510204,-4.780373259681958,0.12509010674109433,0.08670585480353199,0.7573037361080641,0.6564188237532386,0.19310138064342564,0.2831484797390095,2.4971181766385415,0.13384767755522287,-0.8571428571428571
0.08364988316740085,0.8979591836734694,-4.490547129808867,0.12987336487130774,0.0900213566903798,0.7250428416336813,0.6253308258269524,0.20039649496753764,0.3517242132630309,2.3529576400891794,0.13890426548084367,-0.8571428571428571
0.08557268940453441,1.0612244897959184,-4.234984400543592,0.12790242054765333,0.08865520218939826,0.6903003813875882,0.5903849531876284,0.19722670266184705,0.41638324032949436,2.200952611495256,0.13670713288119396,-0.8571428571428571
0.08754592352813256,1.2244897959183674,-4.011403755555832,0.12054148290378164,0.08355298901527108,0.6549246648090952,0.5539819243266428,0.18572662186779043,0.47461075399584596,2.0497446346568178,0.12873588430258165,-0.8571428571428571
0.08940350802530223,1.3877551020408163,-3.8167925679957087,0.10982699418056852,0.07612627136563455,0.6205067909778975,0.5184202153384667,0.16906590673402144,0.5250573566690601,1.9063060171434398,0.11718755658149771,-0.8571428571428571
0.09105128212813424,1.5510204081632653,-3.647729555895745,0.09770698459598925,0.06772532089372363,0.5881641915329459,0.4853689489739542,0.15026626248531327,0.5675360241687144,1.7748903572371448,0.10415663617497506,-0.8571428571428571
0.09245762057454789,1.7142857142857142,-3.5007425877561005,0.08561257012763823,0.05934211160446279,0.5607244804505754,0.4557212758474841,0.13153931733278368,0.6026668883218445,1.6582259516048155,0.09117610694199874,-0.8571428571428571
0.09363068264080551,1.8775510204081634,-3.3725779099554085,0.07438754118044955,0.05156151443801549,0.535725374380377,0.4297344271249358,0.114183181728436,0.6314584907038227,1.5547258618854232,0.07914575048242867,-0.8571428571428571
0.09459768199939171,2.0408163265306123,-3.2603462323892396,0.06441369139339059,0.04464816857878717,0.5129997690155997,0.4072634142453294,0.09878051785959796,0.6549991458262872,1.4628103763500993,0.06846943744863143,-0.8571428571428571
0.09539140685409157,2.204081632653061,-3.161568881520529,0.05577876776123514,0.03866289560880798,0.4924798463852749,0.3879630833365977,0.08546029336791072,0.6742892222789234,1.3817704332615743,0.05923656139779254,-0.8571428571428571
0.09604326083312423,2.36734693877551,-3.0741629451176347,0.04841262849441508,0.03355707694439958,0.4740046442681247,0.3714211516963745,0.07410890372775292,0.6901765994937552,1.310315673106977,0.051368377673280285,-0.8571428571428571
0.09658047677310044,2.5306122448979593,-2.996397501606574,0.04217596045950378,0.02923414807991276,0.45737583960430545,0.3572311289424305,0.06450727140936463,0.7033492884157536,1.2470977801018492,0.04471303330301568,-0.8571428571428571
0.09702551908843213,2.693877551020408,-2.926841019368816,0.03691047488934629,0.025584391602679224,0.4423896391945668,0.3450255932583833,0.05640816917835023,0.714353001049196,1.191018280983068,0.039099163426521866,-0.8571428571428571
0.09739644760287865,2.857142857142857,-2.8643103374145302,0.0324639696780471,0.022502309052121694,0.4288531256235749,0.3344871273325881,0.049574665018146113,0.7236160502635471,1.1410740954613263,0.034362539284531035,-0.8571428571428571
0.0977076024599067,3.020408163265306,-2.807825619733247,0.028700911603273926,0.019893955957309473,0.41659141020209717,0.32534814238487,0.043796226757340406,0.7314735665031268,1.0964209438361767,0.030357231096013848,-0.8571428571428571
0.09797031812486581,3.183673469387755,-2.7565724657619706,0.02550541946809126,0.01767900959330615,0.4054497340576086,0.3173859465671649,0.03889313719160459,0.7381881454721448,1.0563392567438332,0.02695866838749117,-0.8571428571428571
0.09819355402139465,3.3469387755102042,-2.7098708650925127,0.02278062806256953,0.015790328112954777,0.3952929958098686,0.3104163287784704,0.0347153673085665,0.7439664049159289,1.0202121596790217,0.024062858972035972,-0.8571428571428571
0.09838441254320987,3.510204081632653,-2.667150111549418,0.02044656865853689,0.01417248141779015,0.38600410636248506,0.3042871910378116,0.031139197960897036,0.7489718559797514,0.9875210131996314,0.021584047271493656,-0.8571428571428571
0.09854854946218541,3.673469387755102,-2.627928666324641,0.01843763808116705,0.012779996852146036,0.3774819246759414,0.29887285518401513,0.02806323694142865,0.7533347576465756,0.9578258581235725,0.019451953563336843,-0.8571428571428571
0.09869049320229592,3.836734693877551,-2.59179802796202,0.016700151815243203,0.011575663145659165,0.3696391585444288,0.29406922597043517,0.02540458861391448,0.7571596132470888,0.9307531480966679,0.01760911897101991,-0.8571428571428571
0.09881389112767164,4.0,-2.558409802665486,0.015190179307434715,0.010529029959148506,0.362400410301624,0.28978979241094704,0.023095475737973103,0.7605308669109132,0.9059850446391877,0.01600856389146621,-0.8571428571428571
0.08201274995154535,-4.0,-26.04437487592667,0.06786505254815944,0.04704046983230881,0.3652634407928941,0.29077022731958824,0.1031364165703641,0.3586605261268447,0.9410087495516034,0.07148871635880383,-0.6122448979591837
0.08064315428721835,-3.836734693877551,-25.097785995777183,0.07042873817522288,0.0488174812965505,0.37559475340281934,0.2971315656972867,0.10708817888715982,0.35627522454104305,0.9753475449366235,0.07422786926693314,-0.6122448979591837
0.07910200540511271,-3.673469387755102,-24.15397452387991,0.0730965873559355,0.05066669343432029,0.38673501806753147,0.3041839576240296,0.1112110046739696,0.3536849664787992,1.0127841763947627,0.07708559433700035,-0.6122448979591837
0.0773583351821447,-3.510204081632653,-23.213303744452887,0.07586387605423184,0.052584831793339504,0.3987773631672046,0.31202945749727024,0.11550070454854211,0.35086499162608875,1.0537199653056988,0.08005898771050868,-0.6122448979591837
0.0753739307332276,-3.3469387755102042,-22.276201784736262,0.07872166642114742,0.054565701128798993,0.41182788565804107,0.32078847600161264,0.11994737462394456,0.34778608916824283,1.0986188485523931,0.08314118453615427,-0.6122448979591837
0.07310135805764004,-3.183673469387755,-21.34317612422114,0.08165505612308621,0.05659897193018115,0.4260071374647482,0.3306031567817479,0.12453283233782919,0.34441334593082784,1.148016254175253,0.08631958162211006,-0.6122448979591837
0.0704814425866328,-3.020408163265306,-20.41483186066896,0.08464071202174273,0.05866847089845728,0.44145129878930156,0.34164101709749606,0.1292269101855541,0.34070440080259856,1.2025273734891557,0.08957326844759006,-0.6122448979591837
0.0674401145751222,-2.857142857142857,-19.491894728417122,0.08764338909350311,0.06074976804488008,0.4583125314618921,0.35409845735695933,0.13398207672102602,0.33660698058651084,1.2630113149280882,0.09286929872474525,-0.6122448979591837
0.06388459081075373,-2.693877551020408,-18.57524004262563,0.09061102456554426,0.06280677620525488,0.47675758257278017,0.36820327035776657,0.13872562918147402,0.332055395693857,1.3303162599112808,0.09615727873854274,-0.6122448979591837
0.059699043416834296,-2.5306122448979593,-17.665928833118148,0.09346787695801151,0.06478699538636978,0.49696299018219636,0.38421441508949616,0.1433484374193852,0.3269655555858281,1.4052284941814548,0.09936156523492023,-0.6122448979591837
0.05474032249025852,-2.36734693877551,-16.7652522609436,0.09610510664675287,0.06661498370960994,0.5191040735176609,0.402415824578865,0.1476890047892674,0.321227952554973,1.4887959591187656,0.10237021726938433,-0.6122448979591837
0.04883516174352357,-2.204081632653061,-15.874784630754862,0.09836832663552952,0.06818372826381713,0.5433331206956108,0.42309863928997393,0.1515117197887217,0.3146980508354467,1.5823107331722261,0.10501992139334071,-0.6122448979591837
0.04178191386754043,-2.0408163265306123,-14.996443278472018,0.10004236215570206,0.06934408126478186,0.5697398669997882,0.4465229987548428,0.1544792676353839,0.3071838361582253,1.6865716141725742,0.10707686881643097,-0.6122448979591837
0.03336252698322355,-1.8775510204081634,-14.132549284580476,0.10083549527746882,0.06989383925194326,0.5982852732839361,0.47284743945089164,0.1561226279939385,0.2984314026943079,1.8018241754399105,0.10821595941560691,-0.6122448979591837
0.023373951574674118,-1.7142857142857142,-13.285875038062345,0.10037001302364601,0.06957119154010516,0.6287004440262934,0.5020148652794107,0.15582012771175036,0.288112134873997,1.9278839260962528,0.10800628219788955,-0.6122448979591837
0.011690359030267933,-1.5510204081632653,-12.459652581974636,0.09819383253317371,0.0680627781687444,0.660352397793741,0.5335977785825161,0.15281151585915742,0.27581988777942057,2.0631300775678016,0.10592087137486672,-0.6122448979591837
0.0016376189105827166,-1.3877551020408163,-11.657503402816841,0.09383717945287628,0.06504297636945866,0.6921063968150792,0.5666441578728649,0.14629035057497397,0.2610922945420318,2.2043630337231677,0.10140074404416888,-0.6122448979591837
0.016262865833145516,-1.2244897959183674,-10.883247142282416,0.08693820126333573,0.06026096908863399,0.7222628826340138,0.599627839479533,0.1356189372334211,0.2434703550160487,2.3439900092565904,0.09400388397388193,-0.6122448979591837
0.03145967600200022,-1.0612244897959184,-10.140574171182198,0.07743304606504298,0.0536724975621532,0.748686093605639,0.6306417817322808,0.1206595292275674,0.2225922326417443,2.475204124612111,0.08363481249177829,-0.6122448979591837
0.04617130296807834,-0.8979591836734694,-9.432638088523428,0.06574757454421842,0.04557274592397964,0.7691962809934032,0.6578728578977759,0.1021092647021895,0.19827642638939874,2.595099055255302,0.07077674893737207,-0.6122448979591837
0.059239145530698575,-0.7346938775510204,-8.761706824496443,0.05289849233285748,0.03666644081639192,0.7960310830085049,0.6801435323759512,0.081672045210202,0.17051873627450337,2.695153931648258,0.056610747868015565,-0.6122448979591837
0.06973755116320748,-0.5714285714285714,-8.129021871896494,0.04048656125394867,0.028063145783741916,0.8198772279241759,0.6971469965961942,0.06205480076683978,0.13936522493714248,2.7868410317741663,0.043013110191743475,-0.6122448979591837
0.07723636988446314,-0.40816326530612246,-7.534910417257152,0.030639129029745416,0.02123742590178046,0.8344733748186958,0.7092156206417354,0.04673810772364462,0.10472458499065315,2.8477226662628676,0.03239638759335062,-0.6122448979591837
0.08186155911850856,-0.24489795918367346,-6.979060529737255,0.025799752420755162,0.01788302564959099,0.8396718725236801,0.7168496803904921,0.03950064622186655,0.0662444955171904,2.8800032399567947,0.02737976155898192,-0.6122448979591837
0.08416693437884706,-0.08163265306122448,-6.460829186223051,0.02806439258539717,0.01945275459469542,0.8360749729308865,0.7203389814908845,0.042989941548436494,0.023332114655208347,2.8756686206367728,0.029798356776735258,-0.6122448979591837
0.08491956222364402,0.08163265306122448,-5.979507888844231,0.03788124475478538,0.02625727799788069,0.8322792216136046,0.7196061419823677,0.05807369280570107,0.02468594109572868,2.8583307248404686,0.0402536164329752,-0.6122448979591837
0.08489521727199256,0.24489795918367346,-5.5345244695470885,0.053555254060073665,0.037121673355911655,0.8275039469436742,0.7142143773649551,0.08232977161569055,0.07830700086599067,2.825153373060967,0.057066649071559894,-0.6122448979591837
0.08473308638487206,0.40816326530612246,-5.125558630176238,0.0720897666384892,0.04996881849269341,0.8145132583264085,0.7034790633525105,0.11089392387103292,0.13753602989025746,2.759136207959268,0.07686581067243559,-0.6122448979591837
0.08485854774365742,0.5714285714285714,-4.752522777699749,0.0900659817233671,0.062428981295915564,0.7943023478253447,0.6867040994315696,0.13856402934916323,0.20156243291278725,2.6628578654920734,0.09604526627039744,-0.6122448979591837
0.08546462051723394,0.7346938775510204,-4.415365822043215,0.10435899000214421,0.07233613968606978,0.7680025910019237,0.6635707512786885,0.1605552749520207,0.2685594266010253,2.541822466706671,0.111288436157019,-0.6122448979591837
0.08654197210571869,0.8979591836734694,-4.113726274688631,0.11283314178678072,0.07820997410322783,0.7370069288810767,0.634567275339615,0.17356848766797706,0.33580404587373536,2.4026781742498313,0.12030850786111102,-0.6122448979591837
0.08794752319506159,1.0612244897959184,-3.846565485744963,0.11482547769428875,0.07959095612024503,0.7030073185357018,0.6011771760047345,0.17657268657284053,0.4002190018837516,2.25322793359075,0.12239085986185883,-0.6122448979591837
0.08949059176578038,1.2244897959183674,-3.611963970937386,0.11112034072365029,0.07702275087545885,0.6678316403663502,0.5656030025609793,0.17078674458091703,0.4591432856183296,2.101663022211298,0.11838035048327411,-0.6122448979591837
0.09100469784499277,1.3877551020408163,-3.407188242447858,0.10339941338421976,0.07167101185882419,0.6331447903101495,0.5301473212368429,0.15881796401438386,0.5109204721378934,1.9559230982108908,0.11008422397884088,-0.6122448979591837
0.09238260305700713,1.5510204081632653,-3.2289793456267764,0.0935175398873942,0.06482141910584915,0.6001962130832393,0.49663933519554293,0.14353553852354883,0.5550311041713977,1.8205143924150993,0.09949125383775126,-0.6122448979591837
0.09357640252560773,1.7142857142857142,-3.0739128843194274,0.08298967190697448,0.05752405709791408,0.5708031346655436,0.4661854982461775,0.12727771616591443,0.5918371161316498,1.6992447598258344,0.08822219010851295,-0.6122448979591837
0.09458000054400545,1.8775510204081634,-2.938697098307012,0.07281264924901354,0.05046988253605411,0.5451949011667843,0.4392302340350754,0.11157939522883176,0.6221917269196031,1.5921679139943479,0.07734094321144847,-0.6122448979591837
0.09540983074246101,2.0408163265306123,-2.8203544355794397,0.06351939861965317,0.04402829206407599,0.5217989297722726,0.4157590922048537,0.09725836853033387,0.6471127866444597,1.4968678960187773,0.06741436393266076,-0.6122448979591837
0.09609098733762364,2.204081632653061,-2.716296687330118,0.05531794419118574,0.0383434770504929,0.5006023687972523,0.3955035258242202,0.08463129103524025,0.6675840648175481,1.412448704776391,0.05866194076822451,-0.6122448979591837
0.09664942190730605,2.36734693877551,-2.624328911981282,0.04822397361681574,0.03342631134789298,0.4814766366381377,0.3780887389364731,0.07371879385473834,0.6844648456722576,1.3379461567741275,0.05109797411469108,-0.6122448979591837
0.09710842611798662,2.5306122448979593,-2.5426157664997904,0.042155871489987895,0.029220223467331996,0.4642401673553925,0.3631214136992546,0.06439221813575591,0.6984660340183839,1.2720430607834914,0.04463328445079995,-0.6122448979591837
0.0974875293294953,2.693877551020408,-2.469633216503021,0.03699290626700735,0.025641528679694714,0.44869608020934326,0.3502338468540864,0.056463307800743046,0.7101587987212199,1.2135585079735538,0.03913738260717281,-0.6122448979591837
0.09780254181739663,2.857142857142857,-2.404118507467845,0.03260693937551018,0.022601408094823805,0.4346526024926551,0.33910175624303524,0.04973299245420648,0.7199953199681957,1.1614987298179882,0.03447228350044185,-0.6122448979591837
0.0980660393026568,3.020408163265306,-2.345024443594797,0.028877764529880334,0.020016541064760585,0.42193285376927486,0.3294480641065107,0.04401491147994063,0.7283314564371752,1.1149747530886587,0.03050881179491638,-0.6122448979591837
0.09828794877814731,3.183673469387755,-2.291480125647683,0.025699261826229947,0.017813370877323376,0.4103785501377813,0.32104007918570177,0.039144784921187004,0.7354471142461995,1.0732413862420134,0.0271330973017454,-0.6122448979591837
0.09847609348946791,3.3469387755102042,-2.2427583504783146,0.02298080160694571,0.01592907784086184,0.399850465519627,0.3136841145274635,0.034982479421998836,0.7415630715942891,1.0356543569877972,0.02424800698035412,-0.6122448979591837
0.09863665084148875,3.510204081632653,-2.1982490345821324,0.020646415673995833,0.014311004813098771,0.3902273058265955,0.3072195569643458,0.0314106527328355,0.7468543033765742,1.0016707468298918,0.021772205381312304,-0.6122448979591837
0.09877451876460248,3.673469387755102,-2.157437753061807,0.018633078435448702,0.012915465782683766,0.38140391648928884,0.30151329772105717,0.028332044881472562,0.7514603088582958,0.9708288564424394,0.019638277029089934,-0.6122448979591837
0.09889360162760857,3.836734693877551,-2.1198884794818187,0.016888771371646794,0.011706404259378633,0.37328931104236734,0.29645486552237726,0.02566645097237341,0.7554930345649326,0.942736056845576,0.017790628126480357,-0.6122448979591837
0.09899703066188893,4.0,-2.0852297131254174,0.01537064182218062,0.010654117042441458,0.36580476331329065,0.2919523303289816,0.02334785169614184,0.7590429301175098,0.9170579536651342,0.016183497575312344,-0.6122448979591837
0.08063165697697923,-4.0,-25.579594776120413,0.0767743453033769,0.0532159209863714,0.37637090412948193,0.29890786665163405,0.11667764479404097,0.35351893279575325,0.9788829580038114,0.08087478052336383,-0.3673469387755102
0.07914421818410933,-3.836734693877551,-24.634939176067167,0.07983328337090922,0.055336215283388945,0.38738741474415367,0.3059664086932645,0.12139628036741223,0.35073970316092284,1.0160103457557537,0.08414548946713563,-0.3673469387755102
0.07747068052334741,-3.673469387755102,-23.69328849482949,0.08301779677157617,0.057543551768516776,0.399267335890788,0.31378965527170977,0.1263232056414969,0.34772077017704417,1.0565076260647146,0.0875605738296974,-0.3673469387755102
0.07557734153788744,-3.510204081632653,-22.755041836540066,0.0863199693377461,0.059832443372479505,0.4121072794552297,0.3224877562107686,0.13145081795765678,0.3444345656098374,1.1008021726177342,0.09111476384964856,-0.3673469387755102
0.07342249256958104,-3.3469387755102042,-21.82067010139904,0.08972568399810044,0.06219310488709606,0.42601618228266447,0.33218963864442463,0.13676319037914153,0.3408490199751474,1.1493833313587951,0.09479701981568489,-0.3673469387755102
0.07095418231154409,-3.183673469387755,-20.890732025449633,0.09321205815923506,0.06460967530726336,0.44111616858595176,0.3430460130718589,0.14223233936272717,0.33692636909043727,1.2028246416483896,0.09858794501371904,-0.3673469387755102
0.06810735638965326,-3.020408163265306,-19.965894295321696,0.09674383877630266,0.06705771908433977,0.4575427084578113,0.3552322979494213,0.1478128155782521,0.3326214825559509,1.2618574696263705,0.1024560363686926,-0.3673469387755102
0.06480027897010134,-2.857142857142857,-19.046956739500224,0.1002683346022546,0.069500713428994,0.4754433250417741,0.3689508071126772,0.1534338373351085,0.32787949260796634,1.327104849950049,0.10635223175132413,-0.3673469387755102
0.06093024234123997,-2.693877551020408,-18.134883692221305,0.1037083244778616,0.07188513271242591,0.49497353686813883,0.3844308818931464,0.15898787375801016,0.32263241372700185,1.3993813018035437,0.11020199643858453,-0.3673469387755102
0.056368839188547085,-2.5306122448979593,-17.230842523864325,0.10695226179037665,0.07413365871450828,0.516287797740503,0.40192448120423646,0.16431426350142742,0.3167943523530924,1.4797794604886534,0.11389396847179789,-0.3673469387755102
0.05095768151833809,-2.36734693877551,-16.33624975507858,0.10984112283605096,0.0761360646033471,0.5395217825877372,0.4216928155528102,0.1691763387374583,0.31025486806439845,1.5692728830499494,0.11726410221332273,-0.3673469387755102
0.044506682873362645,-2.204081632653061,-15.452823593169024,0.11215174122951321,0.0777376632281257,0.5647604608722975,0.44397678182301414,0.17323119209785842,0.3028702085938853,1.668712062128858,0.1200747123876682,-0.3673469387755102
0.03679923744630233,-2.0408163265306123,-14.582638254446024,0.11357812895529795,0.07872635985863874,0.5919845226392003,0.46894074186017115,0.17599398233479313,0.2944528158193827,1.778309590983718,0.12198973265087831,-0.3673469387755102
0.027611973364845464,-1.8775510204081634,-13.728168837150731,0.11371634830322819,0.0788221662099553,0.6209878237806036,0.49657812565758785,0.17680591270121804,0.2847612295641736,1.8978040974374226,0.1225525198951769,-0.3673469387755102
0.01676017756143452,-1.7142857142857142,-12.892304887703455,0.11206639181215117,0.07767850352011885,0.6512653499227943,0.5265752446025564,0.17482958704821439,0.2734958719702104,2.025745306356046,0.12118263534092888,-0.3673469387755102
0.004179247221534255,-1.5510204081632653,-12.078297841980705,0.10807551713366559,0.07491223998875829,0.6818925615239553,0.5581583815410835,0.16911630365520613,0.2603107426169493,2.1593981210473756,0.11722248906532418,-0.3673469387755102
0.009961345773106183,-1.3877551020408163,-11.289600949799727,0.10125264386719257,0.07018298462078465,0.7114571644585604,0.5900054930383561,0.15880067854865265,0.2448529237987732,2.293874995180854,0.11007224260700488,-0.3673469387755102
0.025150081871822334,-1.2244897959183674,-10.52957905791678,0.09136038191335949,0.0633261911381251,0.7381436466666051,0.6203572196288706,0.1434374002976191,0.22683189222561673,2.4205078460125313,0.09942322960314254,-0.3673469387755102
0.04051175312235185,-1.0612244897959184,-9.801128014899989,0.07862221869568975,0.054496769218284724,0.7600466579765793,0.6474169512278326,0.12336964828467689,0.20609189622087118,2.5379533393760636,0.08551332387519528,-0.3673469387755102
0.0549471170303895,-0.8979591836734694,-9.106331298870963,0.06381272861816001,0.044231612925514474,0.7798665600113737,0.6699127513912586,0.09989007180849008,0.18262968675740923,2.638562440290265,0.06923852163998534,-0.3673469387755102
0.06741260993297135,-0.7346938775510204,-8.44631604235834,0.048149708657717394,0.03337483480087955,0.8066149603722969,0.6874637313232419,0.07504113010614422,0.15651202520399,2.7316235774173165,0.05201454775910541,-0.3673469387755102
0.07720055577199122,-0.5714285714285714,-7.821380945130346,0.033103750124761966,0.02294577106493967,0.8257666266612935,0.7004782180640697,0.051249512055731916,0.1277186273075021,2.807350103745361,0.035523454786503095,-0.3673469387755102
0.08407684082464574,-0.40816326530612246,-7.231310028386158,0.02037195829417371,0.014120765454091133,0.837053196315446,0.7096935434389907,0.03124143350152231,0.09600078129786271,2.858089559997468,0.021654911548230515,-0.3673469387755102
0.08824842653232817,-0.24489795918367346,-6.6757051221728405,0.012137138728914643,0.008412823490012267,0.8406965950461828,0.7157029915690156,0.018478458867812186,0.0608347889433807,2.8836859104461308,0.012808291665316496,-0.3673469387755102
0.09023067539105144,-0.08163265306122448,-6.154221679162247,0.011010966621203266,0.0076322204687269135,0.837182565736133,0.7186975468490432,0.016816804662863838,0.021488807487753704,2.876927914730579,0.011656520738091203,-0.3673469387755102
0.09069196611995535,0.08163265306122448,-5.666692865616381,0.018131031994921276,0.012567473707921772,0.8342310578678186,0.7184234815797363,0.02771979648412559,0.022819889682215398,2.8632362819734976,0.01921389877866675,-0.3673469387755102
0.09031628853789123,0.24489795918367346,-5.2131795720186105,0.03192574350517052,0.022129239097888886,0.8308560050580215,0.7142586971866719,0.0489024537679672,0.07270240245412585,2.838455129958927,0.0338965979517285,-0.3673469387755102
0.0896971238012217,0.40816326530612246,-4.793969124700821,0.04963804027041929,0.03440646766196154,0.8198638678741658,0.7053487547863282,0.07605048550772198,0.1283253674042716,2.7814541837384645,0.05271417960989222,-0.3673469387755102
0.08926648128342973,0.5714285714285714,-4.409501665457719,0.06814883640657188,0.04723717381365655,0.8018244999396582,0.6908222462364846,0.10445552574127825,0.1891191455232688,2.694662534852808,0.07240305316147344,-0.3673469387755102
0.08926151535116021,0.7346938775510204,-4.060182400836388,0.08438518940169892,0.058491356114804605,0.7775484757093606,0.6701269810375714,0.1293951468478749,0.25356382269238054,2.5821879353512265,0.08968988121574428,-0.3673469387755102
0.0897314407958536,0.8979591836734694,-3.7460755010511133,0.09591292327364309,0.06648177234638797,0.7481933044328563,0.6434311066556682,0.14710471208982767,0.3192233141886026,2.4496760970587874,0.10196521643214584,-0.3673469387755102
0.09058387127925473,1.0612244897959184,-3.46656321545592,0.10150623792876656,0.07035876262957141,0.7152957610236692,0.6118703435358481,0.1556843902764249,0.38315707843276825,2.3043180432704125,0.10791219617729819,-0.3673469387755102
0.09165697841232191,1.2244897959183674,-3.2201231372065444,0.10133960167583878,0.07024325918067542,0.6806280995220658,0.5774019626459056,0.1553993534419562,0.4426113873139683,2.1540805332953994,0.10771462369912976,-0.3673469387755102
0.09278979092665537,1.3877551020408163,-3.0043441050649773,0.09665411090153597,0.06699552446092794,0.6459065375355045,0.5422800555886805,0.14816281807419385,0.4956503025253351,2.006830512445829,0.10269863961194314,-0.3673469387755102
0.09386515843052848,1.5510204081632653,-2.81617239119402,0.08912027440428716,0.061773466934060384,0.6125078326830868,0.5084637120703916,0.136549717612779,0.541414681659177,1.8686717309533307,0.09464905176955396,-0.3673469387755102
0.09481960821111203,1.7142857142857142,-2.652264867128494,0.08027451240027927,0.055642051941078075,0.5813314526426753,0.47727214391227035,0.12292676154668314,0.5799799626333119,1.7422366535793326,0.08520633818144807,-0.3673469387755102
0.0956321860288064,1.8775510204081634,-2.509311710534614,0.07123790502622063,0.04937835301792193,0.5549387711932678,0.44935490932303723,0.10901950606972166,0.612013021448758,1.6311930476733094,0.07556656325826516,-0.3673469387755102
0.09630755543203204,2.0408163265306123,-2.384254534124855,0.06268818085625405,0.04345213581494445,0.5309034562222311,0.4248505496549056,0.09586997797407815,0.638437801953555,1.5325279267360499,0.06645200493307568,-0.3673469387755102
0.09686219023886963,2.204081632653061,-2.2743941649846695,0.054957658409169774,0.03809374597649273,0.5090370343571166,0.4035859831889562,0.08398804806452986,0.6602075251792622,1.4447633207850208,0.058216078716662345,-0.3673469387755102
0.09731585374798794,2.36734693877551,-2.1774171539113194,0.048154669339380174,0.03337827328338783,0.4892527888760545,0.3852368718149803,0.07353871301820325,0.6781863196902415,1.367045278516576,0.05097315159057425,-0.3673469387755102
0.09768734105206688,2.5306122448979593,-2.0913750633485635,0.042261560789400576,0.029293481707235447,0.47139246732981743,0.36943084058601305,0.06449316752202616,0.6931060127917853,1.2982743781551322,0.04470325723327173,-0.3673469387755102
0.09799282918701097,2.693877551020408,-2.0146422627271012,0.037199905945244804,0.025785009923041446,0.4552703450747382,0.355803989523367,0.056729297088902175,0.7055636777987517,1.237256071165798,0.03932175233231927,-0.3673469387755102
0.09824556064355008,2.857142857142857,-1.9458678361258945,0.032868897033019095,0.022782983306552262,0.44069840351418216,0.3440269482401079,0.050090818696499895,0.7160368713069848,1.1829584101333352,0.03472030975141793,-0.3673469387755102
0.09845609936996368,3.020408163265306,-1.8839296013455415,0.02916577506091267,0.020216174752317295,0.42749929720123914,0.33381360559631945,0.04441872228248922,0.7249040074032834,1.1344525395805791,0.030788712114182104,-0.3673469387755102
0.09863276949753863,3.183673469387755,-1.8278935897604134,0.0259954993045155,0.018018707050172722,0.4155120560386242,0.3249210344603993,0.03956612164644868,0.7324640855356856,1.090967106158734,0.027425145664927264,-0.3673469387755102
0.09878210192044232,3.3469387755102042,-1.7769798520924658,0.023274462390619366,0.016132627985106174,0.40459374445137297,0.31714551571111765,0.03540392870277653,0.7389536321027188,1.0518305432250024,0.02454013336107419,-0.3673469387755102
0.09890922322110916,3.510204081632653,-1.7305342857674588,0.02093114376511407,0.01450836328668359,0.39461902507229774,0.3103172525177351,0.03182181435536524,0.7445604350962272,1.016475140386444,0.02205720090072294,-0.3673469387755102
0.09901817154693575,3.673469387755102,-1.6880057232701764,0.018905330797768016,0.013104176740025508,0.385478744860298,0.30429503375423017,0.02872696965581012,0.7494343517687769,0.984416600589288,0.019912018022954836,-0.3673469387755102
0.09911214430144755,3.836734693877551,-1.648927417635494,0.017146777317687878,0.011885240353444404,0.377078157344829,0.29896138931428773,0.02604200796584344,0.7536956846441397,0.955242232639054,0.01805094439764332,-0.3673469387755102
0.0991936889399633,4.0,-1.612902114663899,0.01561373834496882,0.01082261871181589,0.3693351012391419,0.29421841717033254,0.023702683846694494,0.7574416287869633,0.9286001051722809,0.0164294484800398,-0.3673469387755102
0.07900122989111218,-4.0,-25.117551679682165,0.0869443508311254,0.06026523164420916,0.38838691263815495,0.3082534628173651,0.13215032136698612,0.3476677851539659,1.0203961003176312,0.09159962266561683,-0.12244897959183673
0.07737385685555717,-3.836734693877551,-24.175126748583736,0.09057497408021664,0.06278178791299216,0.40013430250211074,0.3161126049663993,0.13775865892703898,0.34444334444489455,1.0605716855410066,0.09548702603299564,-0.12244897959183673
0.07554369953298849,-3.673469387755102,-23.235975081456633,0.09435369843919306,0.06540100004852967,0.412796788809453,0.3248159598101469,0.14361632618853148,0.34094322006913175,1.104394749952942,0.09954725157995759,-0.12244897959183673
0.07347403329969024,-3.510204081632653,-22.300537923509197,0.09826801476494262,0.06811419737354307,0.4264720966392485,0.33448042245056675,0.14971082452771656,0.3371380220116637,1.152311524306493,0.10377163592069172,-0.12244897959183673
0.07111926476840165,-3.3469387755102042,-21.3693362045347,0.1022966711798241,0.07090664920896295,0.4412687316125301,0.3452411836981352,0.15601803487872345,0.3329941873909935,1.204923188492812,0.10814346099269034,-0.12244897959183673
0.06842238067658399,-3.183673469387755,-20.442988165467867,0.10640612254809945,0.07375510383853112,0.4573059142501078,0.3572539920976472,0.16249704056893766,0.32847292281627005,1.262739167279133,0.11263436551969352,-0.12244897959183673
0.06531167051452949,-3.020408163265306,-19.522231311908552,0.11054557287677991,0.07662435216292374,0.474712318134637,0.3706968490573907,0.16908260915464846,0.32352867712247857,1.3263738401535927,0.11719913381726332,-0.12244897959183673
0.06169663092211396,-2.857142857142857,-18.607949635132904,0.11464007167996648,0.07946244246415857,0.49362258955224636,0.38577016615321547,0.17567425717470897,0.3181069101354533,1.3965191727670818,0.12176811605761184,-0.12244897959183673
0.05746311736377748,-2.693877551020408,-17.701206996480348,0.11858099150927481,0.0821940799326566,0.5141699116348343,0.4026935408111075,0.18212045168680113,0.31214083841616214,1.4739198503675361,0.12623627760901002,-0.12244897959183673
0.05246821656370495,-2.5306122448979593,-16.803287176107414,0.12221317869774184,0.08471172024160856,0.5364717614175091,0.42169581764019304,0.1881962437267357,0.3055467766983323,1.559554544593383,0.1304476957311591,-0.12244897959183673
0.04653621595771845,-2.36734693877551,-15.915739929960637,0.12531838563103515,0.08686408567247605,0.560604441044777,0.44299277906928686,0.19357293433647538,0.2982177497330902,1.654542655869128,0.13417453366804288,-0.12244897959183673
0.039458814609044345,-2.204081632653061,-15.040429747359623,0.12759583799010565,0.08844269535402538,0.5865602328804906,0.46674378099975433,0.19778033380385152,0.2900154427396976,1.758956547371503,0.13709088074634446,-0.12244897959183673
0.031005710975835453,-2.0408163265306123,-14.179578752388027,0.12864407848284376,0.08916928029611548,0.6141804341793289,0.4929763664979593,0.20016799089701198,0.2807616985553647,1.8723964213216597,0.1387458785286122,-0.12244897959183673
0.020955619425893815,-1.8775510204081634,-13.335786228372866,0.12795513454257001,0.088691740746351,0.6430615844449911,0.5214711036161425,0.1998847153040595,0.27023319033188853,1.9939734635279278,0.1385495268500363,-0.12244897959183673
0.009159994886036266,-1.7142857142857142,-12.511995009412352,0.12494308045518387,0.0866039439479851,0.6724475007167416,0.5516176663395862,0.19591723228035818,0.2581666619958766,2.1205193803481013,0.13579947717823826,-0.12244897959183673
0.004354991064544395,-1.5510204081632653,-11.71136525302158,0.11903847384119626,0.08251118252118395,0.701152464955548,0.5822987484883179,0.18724844715569988,0.24428508925211742,2.248886000914883,0.1297907332102004,-0.12244897959183673
0.019268860349620453,-1.3877551020408163,-10.937024552659,0.10986816028731017,0.07615480553645715,0.7276014726042102,0.6119197153131388,0.17317601382565817,0.2283507058861917,2.3722415322653676,0.12003646572386417,-0.12244897959183673
0.03489424464920733,-1.2244897959183674,-10.191711299571411,0.09747921597539566,0.06756744371653967,0.7500735445562425,0.6387070999640744,0.15372051458126457,0.21023086129235402,2.484611817690138,0.1065509412762271,-0.12244897959183673
0.050238093807145126,-1.0612244897959184,-9.477414298897697,0.08247300623237841,0.05716593174227591,0.7671266922570443,0.661244352364128,0.12987981825294925,0.18993295679087266,2.5851845855572733,0.09002582983366958,-0.12244897959183673
0.06422315401615686,-0.8979591836734694,-8.79517461630994,0.06590642463441077,0.04568285241612813,0.7917395760809359,0.678952094547401,0.10346485817120188,0.16755931637802546,2.6713721043516316,0.07171637472840287,-0.12244897959183673
0.07597155913601997,-0.7346938775510204,-8.14516619694821,0.04899372050755879,0.03395985923495659,0.813320414868719,0.6921631791099646,0.07656500539833111,0.14318097771646282,2.755316752289961,0.05307081762141008,-0.12244897959183673
0.08499603153075883,-0.5714285714285714,-7.527015647154766,0.03285609359963182,0.022774108642798385,0.8282078860811154,0.7017541127571232,0.05107281542344788,0.11669416002564573,2.8155485342463513,0.03540097801402098,-0.12244897959183673
0.09122803729943267,-0.40816326530612246,-6.9401943749092485,0.018548155604676708,0.012856601761969344,0.8366808617169557,0.7086294490418966,0.028673562538628072,0.08773404169898025,2.858016452754442,0.019874999030259577,-0.12244897959183673
0.09493040557898516,-0.24489795918367346,-6.384323195849743,0.007383206878867732,0.005117649031577853,0.8391298994183799,0.7133546997544016,0.011344753862927881,0.05567603961432495,2.877288798628585,0.007863584154234715,-0.12244897959183673
0.09657692283263361,-0.08163265306122448,-5.859327925680154,0.0016027243663039314,0.001110923875718095,0.8358932514730836,0.7160178976856628,0.002433145062433084,0.019713976727788428,2.8702291666433073,0.0016865276399187223,-0.12244897959183673
0.09674543069588012,0.08163265306122448,-5.365472148112041,0.004707423754595652,0.0032629375031987262,0.8338828787817804,0.7162497919549293,0.0071712971628628,0.021002898119034552,2.860130644145631,0.004970764409395478,-0.12244897959183673
0.09603141948327057,0.24489795918367346,-4.903321676865279,0.015518248477853547,0.010756430179652776,0.8319889497565212,0.7133166399868252,0.023655221028923368,0.0671813630512326,2.8428753713468,0.016396549761720447,-0.12244897959183673
0.09497579042165762,0.40816326530612246,-4.473674079991887,0.03119065855088632,0.021619717034354835,0.8231524216530661,0.7062503443005343,0.04760528195243863,0.11914573924719611,2.7955619903581597,0.03299746696509365,-0.12244897959183673
0.09400513306477172,0.5714285714285714,-4.077446141348953,0.0489973837033193,0.0339623983687698,0.8075455970089309,0.6940385781811389,0.07486559927263503,0.1765686901127369,2.7193911444032,0.05189287905675721,-0.12244897959183673
0.093390792962816,0.7346938775510204,-3.7154854504690773,0.06604861559975017,0.045781411682854545,0.7856407984992164,0.6759179127617968,0.10100578435821905,0.23824483432383686,2.616987582267575,0.07001187464814551,-0.12244897959183673
0.09323698995964746,0.8979591836734694,-3.3882893482356313,0.07973674507471928,0.055269300035568625,0.7583216505689514,0.6517479797159651,0.12201172091323231,0.30205099387202766,2.4928156879166776,0.08457208034627417,-0.12244897959183673
0.09350519243594224,1.0612244897959184,-3.0956816545595167,0.08834681057292615,0.06123734266008718,0.7269252123648055,0.6223036870609346,0.1352345356021134,0.3652348313722327,2.3532486616548085,0.09373743706693816,-0.12244897959183673
0.09406950279002045,1.2244897959183674,-2.8365706579428616,0.09143369225416453,0.06337700599415963,0.6931252793947574,0.5892512435469538,0.1399785955040973,0.4250105570520667,2.205920829742242,0.0970257688124061,-0.12244897959183673
0.09478155661061863,1.3877551020408163,-2.6089126191595087,0.08971785662281695,0.062187679363986836,0.6586574860225736,0.554736631516725,0.13734454953720432,0.47920209208090114,2.0585266861035407,0.0951999872769882,-0.12244897959183673
0.09551884104637835,1.5510204081632653,-2.4099073627166128,0.08458382580399082,0.05862904037700978,0.6250129705471428,0.5208067330753474,0.12945766656474245,0.5266129590716867,1.9181615190770542,0.08973321658122035,-0.12244897959183673
0.09620402180955072,1.7142857142857142,-2.2363338576105085,0.07750950405542678,0.05372549420261863,0.5932476836450217,0.4889835039382291,0.11858915195372166,0.5670068894013612,1.7882932214701093,0.08219973632171662,-0.12244897959183673
0.09680117893669711,1.8775510204081634,-2.08489108406529,0.06969596547082313,0.048309561962504244,0.5649194230502438,0.4601359817865557,0.10658586108776191,0.6008311550903404,1.6718824913130998,0.073879689100536,-0.12244897959183673
0.09730237312234799,2.0408163265306123,-1.952452358947317,0.061949663441745795,0.04294023455128326,0.540295375732934,0.4345791752335037,0.094688308558466,0.6288881092937906,1.5697845590348287,0.06563293410929028,-0.12244897959183673
0.09771452816425838,2.204081632653061,-1.8362091326131298,0.054726394276610524,0.03793344589504444,0.5177788493131794,0.4122572989423009,0.08359767285719188,0.6520826010843306,1.4786485230977489,0.057945491242334946,-0.12244897959183673
0.09805042659509024,2.36734693877551,-1.7337242860306865,0.04823206838582861,0.03343192221421165,0.49733620280718227,0.39291249740518924,0.07363050833594986,0.6712743726366437,1.3977208426721404,0.05103677925625849,-0.12244897959183673
0.0983237483921369,2.5306122448979593,-1.6429278091615802,0.042518785624478195,0.02947177637644005,0.4788405609143224,0.3762034784504225,0.0648665086027349,0.6872126742225074,1.3259036680915284,0.044962037550753564,-0.12244897959183673
0.09854684546851591,2.693877551020408,-1.5620829514512105,0.037555228795159934,0.026031300954648895,0.46212274620951627,0.36177581707071305,0.057256897520407524,0.700520203773433,1.262185988191124,0.03968745708388077,-0.12244897959183673
0.09873002867842393,2.857142857142857,-1.4897413521800917,0.03327137901960331,0.023061962560779303,0.4470019138015724,0.34929779241357,0.05069333819958466,0.7117011526957203,1.2055179051424016,0.03513794444621299,-0.12244897959183673
0.09888156597009615,3.020408163265306,-1.4246974191150195,0.02958422092163504,0.02050621932089358,0.433302326576685,0.33847524776648197,0.04504756396986043,0.7211583173319305,1.154914916824581,0.031224591956802605,-0.12244897959183673
0.09900795340921684,3.183673469387755,-1.3659467733269917,0.026411233708320214,0.018306872180031908,0.4208615250358844,0.32905504723154405,0.04019217652648477,0.7292116870033067,1.1095719130591972,0.027859093839899707,-0.12244897959183673
0.09911424918745113,3.3469387755102042,-1.3126504722644021,0.02367669102456338,0.016411431628665207,0.40953350864885146,0.3208229891966059,0.03601034807240344,0.7361152771775997,1.0687908352196378,0.02496047123736833,-0.12244897959183673
0.09920438358504412,3.510204081632653,-1.2641051518241069,0.02131400123585836,0.014773739863086055,0.3991892026023502,0.3135994437535593,0.03239941243727262,0.7420711937821938,1.0319790694386077,0.02245756138269428,-0.12244897959183673
0.09928141705075204,3.673469387755102,-1.219718537203097,0.019266009369526937,0.013354180075128896,0.3897155591072437,0.3072344003482328,0.029271311532441224,0.747240911217767,0.9986290687254896,0.020289327060003526,-0.12244897959183673
0.09934774412655514,3.836734693877551,-1.1789895415124059,0.017484342426218102,0.012119222656677753,0.3810140589804796,0.30160272201860844,0.02655156804942571,0.7517541225918452,0.968307190071545,0.018404144532904176,-0.12244897959183673
0.09940525029589278,4.0,-1.1414921598692622,0.015928379354249955,0.011040711240287715,0.37299902958754816,0.29659993023810066,0.024177682250980492,0.7557156100576334,0.9406430079909943,0.016758692284740917,-0.12244897959183673
0.07707781478940315,-4.0,-24.658678627762804,0.09852290876224323,0.06829087642911347,0.4013420948693166,0.31897565099296604,0.14979482113312992,0.3410240359117461,1.0658084247398334,0.10382985793091004,0.12244897959183673
0.07528579701210666,-3.836734693877551,-23.718837051454205,0.10280450997189661,0.0712586562358668,0.41385418245631256,0.32774363456821154,0.15642427852802898,0.33730416922364975,1.109255748105552,0.10842504763282657,0.12244897959183673
0.07327231486114336,-3.673469387755102,-22.78258517533504,0.10725603849153398,0.07434422067843549,0.427325588728973,0.3374376737612805,0.16334628364188397,0.33327389253853995,1.1566930232871377,0.11322301596131723,0.12244897959183673
0.07099739765652764,-3.510204081632653,-21.850413335731705,0.11185842799435708,0.07753435398615616,0.44185152506545644,0.34817848164266624,0.17054135725913344,0.3289037342631439,1.208555413492852,0.11821026095303377,0.12244897959183673
0.06841121848439397,-3.3469387755102042,-20.922900229748244,0.11658066096644149,0.0808075564567039,0.4575353131816832,0.36010324597596843,0.17797423682656754,0.3241608585156409,1.2653156443031353,0.1233623404686428,0.12244897959183673
0.06545114190285702,-3.183673469387755,-20.000732055568683,0.12137504892253848,0.08413077295098303,0.47448710740382816,0.37336672954256583,0.18558687927034168,0.3190081725052654,1.3275249578806152,0.128639022115157,0.12244897959183673
0.06203790655860601,-3.020408163265306,-19.084726108129985,0.12617070782193007,0.08745487039602318,0.4928208723913664,0.3881412241786849,0.19328828649432772,0.3134029166422885,1.3957794265499808,0.13397723081880564,0.12244897959183673
0.05807085999253818,-2.857142857142857,-18.175859624007014,0.1308646031042282,0.09070843067679157,0.5126483084926853,0.4046140555141326,0.20093976921375978,0.3072944533511285,1.4707273904539298,0.13928083449288398,0.12244897959183673
0.05342241496639719,-2.693877551020408,-17.275304424257033,0.13530947380472513,0.09378938027079475,0.5340675537440571,0.4229802403636251,0.20833393775161868,0.3006208869794441,1.553219315996619,0.14440608156748524,0.12244897959183673
0.04793252872071726,-2.5306122448979593,-16.384467105938874,0.1392981394697288,0.0965541126306888,0.5571432127481709,0.44342608000916,0.21516574796878984,0.2933041335370259,1.6439417004760686,0.14914153155763765,0.12244897959183673
0.041405365385776924,-2.36734693877551,-15.505032605522178,0.14254459964392252,0.09880438734723129,0.5818726735949351,0.4660968115820892,0.22099517587453432,0.2852432778791564,1.7430553107662405,0.15318218307478304,0.12244897959183673
0.0336128438962419,-2.204081632653061,-14.6390049533049,0.14466487338695577,0.10027404911422999,0.6081325587243382,0.49103857744488033,0.22520541224591373,0.2763068324004679,1.8508665400578694,0.15610049654509472,0.12244897959183673
0.024313692838767408,-2.0408163265306123,-13.788731764832818,0.14516617610647753,0.10062152568087357,0.6356009742318098,0.5181048703604741,0.22697109710469032,0.26632633846827075,1.9663357454426595,0.15732437602671334,0.12244897959183673
0.013300611537511825,-1.8775510204081634,-12.9568880075034,0.1434629958070115,0.09944097105831351,0.6636613131267828,0.5468280042071545,0.2252711260423128,0.25509695834542273,2.086822996696264,0.15614604587779368,0.12244897959183673
0.0004868697379027592,-1.7142857142857142,-12.146382990832269,0.13895007899494738,0.09631285549392965,0.6913187921924929,0.5762894518404766,0.21900527177690154,0.2423942298784217,2.208273610805356,0.15180288665992325,0.12244897959183673
0.013973487303646512,-1.5510204081632653,-11.360154023780241,0.13116043393587518,0.0909134849836708,0.7172001754405881,0.6050821195110625,0.20727440741628156,0.2280153446821353,2.327445556177834,0.14367167110282875,0.12244897959183673
0.029577962693777306,-1.3877551020408163,-10.600841918923212,0.11999198345481776,0.08317210502150219,0.73972746692433,0.6314987043086641,0.18980250011320843,0.21183999434091277,2.437308274181351,0.13156106781669896,0.12244897959183673
0.04546747231961053,-1.2244897959183674,-9.870419629408383,0.10589082030480235,0.07339792354145369,0.7574898046395403,0.6539967167758448,0.16729560292935552,0.19387875102823676,2.5341695146746845,0.11596047549055877,0.12244897959183673
0.06058294865662761,-1.0612244897959184,-9.169928014332019,0.08981770375740972,0.06225688812381702,0.7765001036857757,0.6717443277166861,0.14141117304767414,0.1742597110654177,2.614249316392586,0.09801875589766951,0.12244897959183673
0.07393855507216136,-0.8979591836734694,-8.499470421584528,0.07294255984581088,0.05055992969994905,0.7992196210307446,0.6848736246194329,0.11422223337386717,0.15313264917880995,2.6979432404525805,0.07917281902035622,0.12244897959183673
0.08485998090054035,-0.7346938775510204,-7.858487361904098,0.05626502585936244,0.03899994403854934,0.81591461919767,0.6942557664980505,0.08752198516125054,0.13053250646971076,2.7632126267613333,0.060665617251529635,0.12244897959183673
0.09307072807702885,-0.5714285714285714,-7.246174827045145,0.04045302117124683,0.028039897569981376,0.8270520110265298,0.7009997208620125,0.06248943796554851,0.106273181954289,2.810208201393791,0.043314377740595766,0.12244897959183673
0.09863687997021865,-0.40816326530612246,-6.661864664325812,0.026003029346616913,0.01802392647762474,0.8332088589544676,0.7060092249400094,0.0399122337582809,0.07991048544765642,2.8454302455174254,0.027665052299401527,0.12244897959183673
0.10185603295733918,-0.24489795918367346,-6.105260905455434,0.013601046408786122,0.009427526970914979,0.8348065872697332,0.7097560991253415,0.020769509377370543,0.050768700913526185,2.859898486815431,0.014396326866537024,0.12244897959183673
0.10315829985542416,-0.08163265306122448,-5.576524686149206,0.004547422625721609,0.003152033171833546,0.8320290739031132,0.7122350542943181,0.006926245666269093,0.018012279512483142,2.8540541198254075,0.004800907655439168,0.12244897959183673
0.10303817147316259,0.08163265306122448,-5.076253381300821,0.0014550200378193878,0.001008543036872478,0.8310436531975819,0.7130102551909134,0.0022103280554035543,0.019244015461582477,2.8478523513765714,0.0015320826597156056,0.12244897959183673
0.102006136854769,0.24489795918367346,-4.6054040592608585,0.0069311027798786284,0.004804274350044047,0.8306866812963923,0.7112964789051847,0.010591608522738216,0.06178023731524722,2.837596276759846,0.0073415435851305055,0.12244897959183673
0.10054474433596076,0.40816326530612246,-4.165189220544307,0.018693870859741946,0.012957603880181745,0.8241239996816905,0.7060651800352665,0.028570175671389197,0.11006415922823971,2.800454205871325,0.019803336714725006,0.12244897959183673
0.09906301578733354,0.5714285714285714,-3.756942104802924,0.03412225969979943,0.023651748105250503,0.8111732835135835,0.6962032783848304,0.05215688691023024,0.16400220402194104,2.7358628821304714,0.036152399108609234,0.12244897959183673
0.09785457623015695,0.7346938775510204,-3.381926039391533,0.05050539125137066,0.035007669548964504,0.7919670433739281,0.6807663724232161,0.07722633600989637,0.22270393254216395,2.64494756402065,0.05352921707023395,0.12244897959183673
0.09707236667557793,0.8979591836734694,-3.041068366015975,0.06514443472281828,0.04515468125729294,0.7670846587871817,0.6593250929016209,0.09964993839119751,0.2843798813279296,2.530847019317271,0.0690720738388304,0.12244897959183673
0.09673285064767788,1.0612244897959184,-2.73464796953511,0.07591111067419609,0.052617572336992824,0.7376186025304433,0.6322884331957501,0.1161585947729642,0.3465156904625372,2.3989069920645805,0.08051500246468501,0.12244897959183673
0.09675268164956559,1.2244897959183674,-2.462033658433389,0.08174885865430381,0.056663990890224,0.7050948576449639,0.6009898307113445,0.12511979803317486,0.4063598343524487,2.2562031989551166,0.08672643523892498,0.12244897959183673
0.09700415607821636,1.3877551020408163,-2.221594433971277,0.08278765001586752,0.057384026193682214,0.671226342432804,0.5674023624469349,0.12672126645809234,0.46154786169489526,2.110355226647501,0.08783648856241211,0.12244897959183673
0.09736546844547997,1.5510204081632653,-2.0108366352568567,0.08001737786596408,0.055463819863592834,0.6375952362623474,0.5336059488855988,0.12247424597140899,0.5105604559254293,1.9686345317637057,0.08489267828628755,0.12244897959183673
0.09774841072597704,1.7142857142857142,-1.8267097915100974,0.07475936486310308,0.051819242975312596,0.6054125984184824,0.5013030065676904,0.11440368039211801,0.5528301994249827,1.8362281368417608,0.07929858850947724,0.12244897959183673
0.09810273606449135,1.8775510204081634,-1.665956613848053,0.06823191377834048,0.04729475865966615,0.5754358495772504,0.4715900626592077,0.10438027650174098,0.5885506234744389,1.715055527429167,0.07235089436324937,0.12244897959183673
0.09840737748901078,2.0408163265306123,-1.5254011469774906,0.06134102965203425,0.04251836175595147,0.5499450910978024,0.44498162412511527,0.09379721073694691,0.6183706060890056,1.6087648301321473,0.06501527216670189,0.12244897959183673
0.09865884694853917,2.204081632653061,-1.4021312368238228,0.05465791191361813,0.03788597753821832,0.5268150250636566,0.4215637231379362,0.08353383500453626,0.6431243217578003,1.5141175435694896,0.057901242214754234,0.12244897959183673
0.09886212414705034,2.36734693877551,-1.2935830551747278,0.0484877025470718,0.033609114312332045,0.5057249813595883,0.4011643997403386,0.07406030938646424,0.6636545320270771,1.4299202416271968,0.05133469464262497,0.12244897959183673
0.0990250991151853,2.5306122448979593,-1.1975572053450012,0.042956873934870465,0.029775436053624205,0.4865892172278411,0.38348645219168626,0.06557157170735595,0.6807223453849005,1.355046833410278,0.045450750053837474,0.12244897959183673
0.09915576959593761,2.693877551020408,-1.1121960848004468,0.038085776360134105,0.026399048503463307,0.469261854410378,0.36819263106396716,0.05809890429663778,0.6949747336960704,1.288450660127125,0.040271091706836515,0.12244897959183673
0.09926110218022391,2.857142857142857,-1.0359439568065256,0.03383871207018707,0.023455207865230143,0.45357363622644914,0.35495288714392925,0.051587098220952754,0.7069433391148614,1.229242570941914,0.03575745168512201,0.12244897959183673
0.09934674402393104,3.020408163265306,-0.9675025807113955,0.030154844758134125,0.020901745624323897,0.4393531953889649,0.3434667506129333,0.045942153748327996,0.7170570733829627,1.1764244250450842,0.031844674339504664,0.12244897959183673
0.0994171045583721,3.183673469387755,-0.9057889976284297,0.026965729931427873,0.018691219673709902,0.4264382394964361,0.3334712973086035,0.04105835827006299,0.7256588894398897,1.1291138850093545,0.028459485273313767,0.12244897959183673
0.0994755615499067,3.3469387755102042,-0.8498982575931426,0.024204454296083533,0.01677724925232238,0.41468064746437133,0.32474157333365294,0.03683240777111507,0.7330221794144886,1.0865881710832102,0.02553027959978227,0.12244897959183673
0.09952468107032182,3.510204081632653,-0.7990718178239229,0.021809872737477143,0.01511745179635371,0.4039481048156323,0.3170875252525332,0.03316995000246292,0.7393650353072739,1.0482302303487696,0.022991657323521153,0.12244897959183673
0.0995664096095302,3.673469387755102,-0.7526713553937173,0.019728142786020086,0.013674506549813836,0.39412389340632614,0.3103496398933382,0.02998794768232882,0.7448619626576594,1.0135089275011393,0.020786061386785626,0.12244897959183673
0.09960222797499982,3.836734693877551,-0.7101573407567653,0.017912859237124934,0.012416247875980169,0.3851057828874072,0.3043944076025122,0.027214876982504688,0.7496532160646033,0.9819689342083783,0.01886391524970854,0.12244897959183673
0.09963326927703885,4.0,-0.6710716199806827,0.016324525932667644,0.011315299124206035,0.3768045573884993,0.2991101182608241,0.02478990155281835,0.753852121757659,0.953220437162334,0.01718305036769463,0.12244897959183673
0.07481455424076369,-4.0,-24.203489030406626,0.11165546650921421,0.07739367180496726,0.4152381619448827,0.33124301891110086,0.16985790565779402,0.33351194994580446,1.1153540747259472,0.11773652840251625,0.3673469387755102
0.07283149069838035,-3.836734693877551,-23.266648182875738,0.1166660812827156,0.08086676530809167,0.4285284803395834,0.34102534647023075,0.17764444847539052,0.3292528978000531,1.1623653770965445,0.12313374860284299,0.3673469387755102
0.07060675503454295,-3.673469387755102,-22.333769187888414,0.1218650149535403,0.0844703915239422,0.4428084396036977,0.35181171897630054,0.1857662670078195,0.3246538143065132,1.2135404343576124,0.12876336421961598,0.3673469387755102
0.06809698479804169,-3.510204081632653,-21.405398660592667,0.1272239970973721,0.08818495488761013,0.45816574590691417,0.3637216365332612,0.1941939536114048,0.31968774303241104,1.2693549784466587,0.1346049914275338,0.3673469387755102
0.06524777901957565,-3.3469387755102042,-20.48218068217537,0.1326988096199777,0.09197980575174847,0.47469235680835026,0.37688754873580665,0.20287695488935809,0.3143256290956141,1.3302794918519434,0.14062358928214547,0.3673469387755102
0.06199019368902603,-3.183673469387755,-19.564877197316854,0.13822320310539293,0.09580902352046783,0.49248184627452124,0.3914544778198776,0.2117342466500487,0.3085354809615054,1.396817247298362,0.14676299609346533,0.3673469387755102
0.05823617303411852,-3.020408163265306,-18.654392826550502,0.14370060424866082,0.09960566867971976,0.5116245034130147,0.4075779494279537,0.22064087056975845,0.3022808326945151,1.4695032099885517,0.1529365973517196,0.3673469387755102
0.05387286270739063,-2.857142857142857,-17.751804660046318,0.14899298124881577,0.10327406487583746,0.5321985673511933,0.42541862027556726,0.22940872098468823,0.29551812551502515,1.5490832556283125,0.1590140081463991,0.3673469387755102
0.04875616783353572,-2.693877551020408,-16.858397096836065,0.15390635914392048,0.1066797589108548,0.5542549620956402,0.44513063070405784,0.23775981735995888,0.2881925699499033,1.6362227037571684,0.16480254705350195,0.3673469387755102
0.04270492615629693,-2.5306122448979593,-15.97570047416188,0.15817314358150858,0.10963726851382583,0.5777914461386643,0.4668384800684059,0.2452909839602011,0.2802321651248175,1.7308376582320566,0.17002275394878774,0.3673469387755102
0.03549914607682984,-2.36734693877551,-15.1055293101549,0.1614333404012238,0.1118970647474824,0.6027106275269473,0.49059420921568736,0.2514318750174298,0.2715401101518628,1.8327558254876644,0.17427929527123176,0.3673469387755102
0.02688939299658897,-2.204081632653061,-14.250010295641335,0.16322120990221478,0.11313632145130326,0.6287564343609099,0.5163044470705178,0.25540650504214835,0.2619872946915668,1.942081110751508,0.17703429886663402,0.3673469387755102
0.01662922617524638,-2.0408163265306123,-13.411580678939918,0.16297231140416235,0.11296379815913271,0.6554295136878792,0.5436208556189787,0.2562256328310544,0.2514093595925252,2.0565863099258737,0.17760207498403302,0.3673469387755102
0.004545167777514009,-1.8775510204081634,-12.592925503629571,0.16007747224376212,0.11095724855692657,0.6819006984641776,0.571809159813456,0.2527633943176042,0.2396165845744826,2.1725175992876795,0.1752022341200088,0.3673469387755102
0.009350322394677498,-1.7142857142857142,-11.796815045351071,0.15401518876260445,0.10675519385420729,0.7069771749032464,0.5996626502501483,0.24398760235571526,0.22642637017077805,2.28556830696312,0.16911931866444485,0.3673469387755102
0.024730212989803282,-1.5510204081632653,-11.025820373006649,0.1445664265462243,0.10020581096414194,0.7292098254074086,0.6255870191148787,0.22936528747054785,0.2117198461759978,2.392611656009721,0.1589839023285311,0.3673469387755102
0.04088614159371305,-1.3877551020408163,-10.281945731858846,0.13203126253667596,0.09151709737306724,0.7472023575205686,0.647965387388646,0.20929983048596768,0.19550047461566825,2.486518912801156,0.1450755873930225,0.3673469387755102
0.05681490423573612,-1.2244897959183674,-9.566307265628335,0.11727238487332281,0.08128702293248469,0.7614462303270226,0.6657160055062177,0.1852629511691215,0.17790757440412908,2.5644515816490534,0.12841449226509116,0.3673469387755102
0.07146404636253413,-1.0612244897959184,-8.879028713806226,0.1014572523699937,0.07032480842762023,0.7845916898123148,0.6786989475190217,0.15936033465011645,0.15914890567577739,2.638802981427167,0.11046016665581737,0.3673469387755102
0.08400796092460025,-0.8979591836734694,-8.219435582057715,0.08561697731183449,0.05934516643176302,0.801988012197663,0.6876631090405405,0.13352665357652116,0.13937414599953865,2.7061921229265358,0.09255362345616946,0.3673469387755102
0.09399861215642737,-0.7346938775510204,-7.586459507828063,0.07033678704034152,0.04875374562665802,0.8142514766901828,0.6938026531569225,0.10891556061477425,0.11855725184248429,2.754449327111526,0.07549451375923644,0.3673469387755102
0.10135030578469446,-0.5714285714285714,-6.9790681828337355,0.0557824057348979,0.038665417259995394,0.822209729000358,0.6982632733217427,0.0858706650387453,0.09643778866892272,2.7934386471618953,0.05952100936441296,0.3673469387755102
0.10623251042403059,-0.40816326530612246,-6.396578696923821,0.04199430422866435,0.029108233575675158,0.8265430901377399,0.7018404805215674,0.06440483802122898,0.07252148162889624,2.8202895969982023,0.04464203188883431,0.3673469387755102
0.10895902141975644,-0.24489795918367346,-5.838814327146974,0.029252586602450226,0.020276347927574045,0.8276153501611212,0.7048831344496587,0.0447703645575781,0.046116182310286934,2.8318088351741535,0.031032451965725905,0.3673469387755102
0.10991442931096687,-0.08163265306122448,-5.306134892916106,0.018379127773090698,0.012739440597069107,0.8254642944466617,0.7073087145558403,0.028044218971107426,0.016388839916876074,2.828181284798858,0.019438771310828606,0.3673469387755102
0.10951620857053623,0.08163265306122448,-4.7993889932156515,0.010948377183117142,0.007588836776184271,0.8255717039222363,0.7086532327972173,0.01668774248568905,0.01755240654768502,2.8258821201428126,0.011567061653865451,0.3673469387755102
0.10819382670714588,0.24489795918367346,-4.319825257139322,0.009233644505973526,0.00640027465560844,0.8267786304001497,0.7081279972600207,0.014088602218407686,0.0565360747471114,2.8224477884722554,0.00976547490571944,0.3673469387755102
0.10636733396731379,0.40816326530612246,-3.8689795731363215,0.014538309035127206,0.01007718791780765,0.8225606573245948,0.7046927272721877,0.022203198897557286,0.10115133897673759,2.7953735600174348,0.01539008471525305,0.3673469387755102
0.10441679239199482,0.5714285714285714,-3.44853424286333,0.02538389556756071,0.01759477564428269,0.812437021309893,0.6971776389500854,0.03885366803457879,0.15152049391088152,2.7430002569582763,0.026931310452579904,0.3673469387755102
0.1026448446212129,0.7346938775510204,-3.060128974064952,0.039198373985847024,0.027170242410823997,0.7962168219860103,0.6844956390604708,0.060025796311648616,0.20705995045912512,2.6648086500246366,0.04160671147428463,0.3673469387755102
0.101244016873244,0.8979591836734694,-2.7051054275129256,0.053213623612549554,0.03688487317441669,0.7741576495815555,0.6659572356576324,0.08149308833060953,0.26632751307769065,2.562447616988946,0.05648670441148429,0.3673469387755102
0.10028416028854126,1.0612244897959184,-2.3842012965866854,0.06495192111796344,0.04502124099486804,0.7470666068131727,0.6416106412310709,0.0994795856260815,0.3270923941073921,2.4400423016774364,0.0689539942999895,0.3673469387755102
0.09972980561488311,1.2244897959183674,-2.0972693402505866,0.07276931215308524,0.05043984355019737,0.7162684963323592,0.6124222330046869,0.11146792672524697,0.3867070254309291,2.303862550871649,0.07726367913246701,0.3673469387755102
0.09948243126511172,1.3877551020408163,-1.843134548967522,0.07615159212588862,0.052784261377210706,0.6834013429652841,0.5801252936550136,0.11666122407506885,0.4426824178846859,2.1613119762703574,0.08086339854830493,0.3673469387755102
0.09942851485902235,1.5510204081632653,-1.6196659220505158,0.07558479749164393,0.052391389274527356,0.6501027446655958,0.5467656931837845,0.115794682103183,0.49320536932776077,2.019652647398397,0.08026275742365607,0.3673469387755102
0.09947351291085013,1.7142857142857142,-1.4240394859221772,0.07211946183549856,0.04998940163477661,0.617727596646983,0.5141891245007579,0.11047362836088226,0.537366862391795,1.8852586143810364,0.07657448402457234,0.3673469387755102
0.09955453788950355,1.8775510204081634,-1.253085651584258,0.06690767432203248,0.04637686581413969,0.5872052103818379,0.4837178978056828,0.10246472903330517,0.5750737941779474,1.7610451334277752,0.07102313803627425,0.3673469387755102
0.0996373875276472,2.0408163265306123,-1.103606188401772,0.06090918429834291,0.04221902936660227,0.5598083242865635,0.45608635712748297,0.09324324296875863,0.6067859980330447,1.6495487534475914,0.06463129097006037,0.3673469387755102
0.09970747887071939,2.204081632653061,-0.9725967123435824,0.054792277269173795,0.03797911250558639,0.5361226321829125,0.4315487830662752,0.08383838171223301,0.6332397130489046,1.5513964052051281,0.05811233790654269,0.3673469387755102
0.09976118546485993,2.36734693877551,-0.8573668273389837,0.048957799667888935,0.03393496080621583,0.5144105215400415,0.4100420639471752,0.07486843486609107,0.6552439989520948,1.4636708608352795,0.051894844540366414,0.3673469387755102
0.09979989342942515,2.5306122448979593,-0.7555812619262826,0.04360903178896658,0.03022747743147125,0.4946389548981092,0.3913294656551901,0.0666473240890193,0.6735635301968446,1.3856635002227946,0.04619640478416809,0.3673469387755102
0.09982666491908178,2.693877551020408,-0.6652519703688781,0.0388218262064739,0.02690923937920542,0.47669367918766115,0.37510115968161484,0.05929227546028004,0.6888666771557115,1.3161653895427385,0.041098273564276866,0.3673469387755102
0.09984465966073064,2.857142857142857,-0.5847054015736975,0.03459821417051012,0.023981654604698255,0.4604226421515205,0.3610344795041093,0.05280640904813394,0.7017126373867779,1.254229939437432,0.03660261354720884,0.3673469387755102
0.09985653573925979,3.020408163265306,-0.5125406320255258,0.030902041374410327,0.02141966285221919,0.4456624635138757,0.3488253974304362,0.0471337748198577,0.7125579369986108,1.1990446830836647,0.03267064312553147,0.3673469387755102
0.09986432068003255,3.183673469387755,-0.447587080144135,0.027680591536860977,0.01918672398000676,0.4322532586584418,0.33820219092864506,0.04219280342586629,0.721770480973799,1.1496532427628718,0.02924582273455867,0.3673469387755102
0.09986947348371675,3.3469387755102042,-0.38886593607454434,0.024876767561415658,0.017243261296640222,0.42004611839383776,0.3289291690869226,0.03789516872624743,0.7296450529359852,1.1052781233654556,0.02626692935944197,0.3673469387755102
0.09987300272705288,3.510204081632653,-0.33555680832753565,0.0224354268544249,0.015551052868803428,0.40890623906141427,0.32080538181780643,0.03415560105557702,0.7364175645626657,1.06527910416705,0.02367485857200302,0.3673469387755102
0.09987558374505347,3.673469387755102,-0.2869697340716956,0.020306306147423125,0.014075258853673445,0.39871361836883124,0.3136611341122154,0.03089641472268001,0.7422771330541449,1.0291015824913126,0.021415762754435796,0.3673469387755102
0.0998776555418289,3.836734693877551,-0.24252208818629728,0.018445056688358274,0.01278513903880385,0.3893624781609281,0.3073538134771246,0.028049105288176612,0.7473758965469833,0.9962680574298415,0.019442158247728436,0.3673469387755102
0.09987949437995573,4.0,-0.201719710639519,0.016813291809824715,0.011654085813911585,0.3807600901098042,0.301763776722956,0.02555441563229932,0.7518368124479833,0.966368552501141,0.017712971146384593,0.3673469387755102
0.07216427718995072,-4.0,-23.752589384667466,0.12647445916784372,0.08766541478503487,0.4305054697945512,0.3452078358246454,0.19258099370574255,0.325074456742378,1.169643520852717,0.13348697281656774,0.6122448979591837
0.06996383757372762,-3.836734693877551,-22.819240688053533,0.13228490882877697,0.09169291158529602,0.4440847819086551,0.35609512161754714,0.20165863443079646,0.3202467170648647,1.2197823503218168,0.1397791138912745,0.6122448979591837
0.06750084637328678,-3.673469387755102,-21.89028895008798,0.13829482415313032,0.09585866744777571,0.4591339175219346,0.36805112653536926,0.21110940557320612,0.3150596893029428,1.2747212359962028,0.14632988926275337,0.6122448979591837
0.06472841999743992,-3.510204081632653,-20.966343768194427,0.14446327647665402,0.10013431278424445,0.4752551873379149,0.3811867433255191,0.2208895512157203,0.3094922200980393,1.3344039711332798,0.15310896964032805,0.6122448979591837
0.061587086931273814,-3.3469387755102042,-20.04812111659499,0.1507284637080626,0.10447700964937545,0.49252219839946254,0.39562056581350136,0.23092715442155276,0.30352248067321397,1.399313628555278,0.16006650600203098,0.6122448979591837
0.058000464935079085,-3.183673469387755,-19.136464552135486,0.15700007089900048,0.10882415649135346,0.511004216067317,0.41147708287013957,0.24111001038422541,0.2971268103097761,1.4698789803470511,0.16712472390260436,0.6122448979591837
0.05386958933899213,-3.020408163265306,-18.232370643645826,0.16314908676948958,0.11308632950520114,0.5307596285424306,0.42888285640300905,0.25126835025332905,0.29027746370839713,1.546735165966794,0.17416594854204392,0.6122448979591837
0.049065925344812966,-2.857142857142857,-17.33701893093424,0.16899462130322718,0.11713814528612754,0.5518247516466066,0.44795875156988174,0.26115066917518526,0.28293877204500956,1.6304921341069265,0.18101585004012266,0.6122448979591837
0.04342381469180544,-2.693877551020408,-16.451805900597265,0.17428778789079713,0.12080708878253588,0.5741946811324748,0.4688044739817318,0.27039125280762777,0.27506128794546814,1.7209558031129037,0.18742093453167818,0.6122448979591837
0.03673475630856598,-2.5306122448979593,-15.578380453036717,0.17869419456995095,0.12386137714859147,0.597791214117748,0.4914687426122882,0.2784700260453268,0.26657391865970903,1.8178949708172243,0.19302071342377225,0.6122448979591837
0.028749129176859577,-2.36734693877551,-14.718674050455068,0.1817800306904389,0.1260003157551779,0.6224117964296358,0.5158949557030168,0.2846713487961017,0.25737526728622806,1.921045082619011,0.19731914280421448,0.6122448979591837
0.01919601018997396,-2.204081632653061,-13.874910827011561,0.18301351788926068,0.12685530392929834,0.6476561027201012,0.541831619944982,0.2880623376274465,0.24732790726884568,2.0291761128876544,0.19966959715197152,0.6122448979591837
0.007836787206725124,-2.0408163265306123,-13.049571068850907,0.18180398457542912,0.12601691932302272,0.672839685575596,0.5687086253830346,0.28753569192047923,0.2362631366318476,2.13952933073667,0.19930455416503312,0.6122448979591837
0.005434018453750425,-1.8775510204081634,-12.245270034681838,0.17760938311629504,0.12310944314805083,0.6969344173424031,0.5955197494776667,0.28198727590195816,0.22400675783021962,2.2470961891583014,0.19545868524522136,0.6122448979591837
0.020450935818434,-1.7142857142857142,-11.46451797420056,0.17012945204642982,0.11792475001619152,0.7186164025463133,0.6208193088403897,0.2706816114828623,0.2104320871548909,2.3498881805701703,0.18762219582876805,0.6122448979591837
0.036664359461880194,-1.5510204081632653,-10.70937052726134,0.1595351236530198,0.11058132116037278,0.736506574680906,0.6429745953435531,0.253728058132372,0.19552645461291937,2.4414388430701224,0.17587088812340257,0.6122448979591837
0.05315597650191702,-1.3877551020408163,-9.981067319261303,0.1465777461795721,0.10159995149720147,0.7495836967876089,0.6606887760752971,0.23236355091392458,0.1794278317178291,2.5171097987827484,0.16106214018088405,0.6122448979591837
0.0688397442655363,-1.2244897959183674,-9.279831990975161,0.13240310343540518,0.09177483784363805,0.7699704543522871,0.67352308532046,0.2086757270733508,0.16238393527115597,2.5823963882921106,0.144642991872189,0.6122448979591837
0.08276089021160664,-1.0612244897959184,-8.604967240756912,0.11809959482945942,0.08186040118131133,0.787433547331741,0.6820268644178377,0.18478002428921014,0.1446359762007755,2.647516139543264,0.12807975285986384,0.6122448979591837
0.09431405648434452,-0.8979591836734694,-7.955215216613341,0.10428157434348195,0.07228247924053699,0.7998581408131777,0.6873881127532967,0.16199153610520467,0.12629087194115812,2.6955275772095777,0.11228397652589672,0.6122448979591837
0.10328171170718252,-0.7346938775510204,-7.329210828354408,0.09099952601759664,0.06307606489138862,0.8082826420363702,0.6909076898151927,0.14056794301710296,0.10724604213938557,2.7319151947196496,0.09743427337941624,0.6122448979591837
0.1097391069765185,-0.5714285714285714,-6.72585544576795,0.07797703529490807,0.05404956216308876,0.8136698405273384,0.6936224096821674,0.12003635916196931,0.08717774433024114,2.7626726673488977,0.08320286391779952,0.6122448979591837
0.11392738616091869,-0.40816326530612246,-6.144537745752698,0.06496062599281416,0.045027274754328106,0.8166622115714491,0.6961605710262231,0.09976201202118551,0.06556518869211239,2.783076059122596,0.06914975735947193,0.6122448979591837
0.1161596575792502,-0.24489795918367346,-5.585216973460614,0.05200695837669045,0.03604847656830157,0.8175158104775325,0.6987430589563871,0.07968373391754868,0.0417247436410926,2.792470202764826,0.055232555501437464,0.6122448979591837
0.11677323496841541,-0.08163265306122448,-5.048415967881881,0.03966548400027481,0.02749401840033605,0.8161406318833516,0.701229053302226,0.060594895004284055,0.01484907780424829,2.793618624406367,0.042001180628544965,0.6122448979591837
0.11611438204427302,0.08163265306122448,-4.5351646848753875,0.029075686223662522,0.020153729928777286,0.8173893658126761,0.70315609355973,0.044366841585044,0.015937074822792295,2.7958576749260535,0.03075275115502274,0.6122448979591837
0.11453627549084515,0.24489795918367346,-4.046916863142977,0.02194904933441988,0.015213921662124319,0.8201551363270869,0.7037691154268498,0.033595428906870506,0.051485432606638716,2.7967265586656374,0.023286576826498706,0.6122448979591837
0.11239439690040513,0.40816326530612246,-3.585445669305647,0.020172967608691472,0.013982835621491718,0.8182986404487617,0.7020587277416215,0.030881732425619646,0.09247939330509607,2.7800370930800913,0.021405585761624657,0.6122448979591837
0.11003010502401409,0.5714285714285714,-3.152710364011725,0.024527868340198378,0.01700142278515382,0.8111067439323786,0.6968437696526475,0.03753197320796575,0.13923118258608586,2.7399908390471723,0.02601518140995296,0.6122448979591837
0.10774136389347502,0.7346938775510204,-2.750676017284384,0.03370191905091913,0.023360390169604006,0.7980997132834486,0.6869396195366618,0.051583238746533144,0.19144681557112103,2.6754033339773557,0.03575477650130976,0.6122448979591837
0.10574855803061056,0.8979591836734694,-2.3810693408050723,0.04521686589956797,0.03134194311204275,0.7792127460998209,0.6714357051706122,0.06928833062511108,0.24803570088547425,2.5862837008258257,0.04802701101850104,0.6122448979591837
0.10416999392501505,1.0612244897959184,-2.045078410310401,0.05641273293200566,0.03910232677950076,0.7549362398180349,0.6500370768035649,0.08649114776089561,0.3070891902257718,2.4753023042254907,0.059951095213858,0.6122448979591837
0.10302111835055941,1.2244897959183674,-1.7430540660470717,0.06513555186301945,0.0451485241280678,0.7263405646343492,0.6233199884682648,0.09989306317598379,0.36613361494357444,2.347673753077531,0.06924059509792935,0.6122448979591837
0.10224078389912403,1.3877551020408163,-1.47431557232179,0.07020946848132015,0.04866549512643914,0.6949282876466469,0.592713253522316,0.10769440999869362,0.42262990236991627,2.210310696447267,0.07464807665266093,0.6122448979591837
0.10173257190273746,1.5510204081632653,-1.2371516865694991,0.07152094386040053,0.04957454058782296,0.6623434359616841,0.5601511222865241,0.10971637676626322,0.47451606824726167,2.0705017612520513,0.07604959721678783,0.6122448979591837
0.10140187306573205,1.7142857142857142,-1.0290274870288472,0.06972639532780711,0.04833065433207784,0.6300606639858133,0.5275685259080521,0.10696047646023654,0.5205436153117879,1.9349845443559714,0.07413935268976068,0.6122448979591837
0.10117622340597454,1.8775510204081634,-0.8469147100419878,0.06580797677253747,0.045614613558238704,0.5991821980467144,0.49649829567213377,0.10093227701797058,0.560304134983344,1.8085568672920995,0.06996092324250203,0.6122448979591837
0.1010090687583634,2.0408163265306123,-0.6876293192641769,0.06071378689081275,0.042083590204484045,0.5703867217799927,0.46790909768146616,0.09308954652830748,0.5940303637159503,1.6926389953328522,0.0645247567156999,0.6122448979591837
0.10087439081021228,2.204081632653061,-0.548093328328475,0.055177310005325886,0.03824599686107355,0.5456657853999389,0.4422503038024931,0.08456283495750894,0.6223281879347483,1.5903648495271294,0.05861449063095314,0.6122448979591837
0.10075925227354096,2.36734693877551,-0.4254944413043006,0.04968397394516266,0.034438306459103396,0.5233754045986426,0.41959395269477995,0.07610186485583537,0.6459513439736725,1.4992767026558755,0.05274979306017569,0.6122448979591837
0.1006578155791954,2.5306122448979593,-0.3173572565805776,0.04451270986046829,0.030853859338866307,0.5029845282779564,0.39978395601085975,0.06813812127546681,0.6656562657824384,1.417864648639022,0.04722974665074098,0.6122448979591837
0.10056758504178823,2.693877551020408,-0.22155435483364,0.03979727501383845,0.027585368969810897,0.4844206147540021,0.382551267944073,0.060878752678656944,0.6821277366456187,1.3452993700165443,0.04219793577521758,0.6122448979591837
0.10048740326755157,2.857142857142857,-0.13628367046731793,0.03558039562810622,0.02466245091282926,0.4675558537862596,0.36758849777315794,0.054389963644900785,0.6959515344092424,1.2806139873524336,0.03770024995122023,0.6122448979591837
0.10041652615392711,3.020408163265306,-0.06003084174008069,0.03185304411663248,0.022078847721695327,0.45223951776195975,0.354592195691941,0.04865772601724361,0.7076128594943315,1.222859480743779,0.03372696560131061,0.6122448979591837
0.10035426464544868,3.183673469387755,0.008472270076250944,0.028579938190761656,0.01981010357750357,0.43831710434615057,0.3432836353480736,0.0436272874011876,0.7175064720873048,1.1712516603403302,0.030240131257611047,0.6122448979591837
0.10029988694811784,3.3469387755102042,0.07028708902138121,0.025714861942861322,0.0178241840541824,0.4256407456603786,0.33341683362211844,0.03922694646085256,0.7259506500594002,1.1249185554352095,0.02719004734131536,0.6122448979591837
0.10025262246554037,3.510204081632653,0.12630335795502015,0.023209270590043296,0.016087440472341452,0.4140742284986548,0.32477967160716503,0.03538141632176384,0.733201116604655,1.0831788249139436,0.024524528967647896,0.6122448979591837
0.10021169448670472,3.673469387755102,0.1772690030612931,0.02101676106004513,0.014567708673272284,0.40349486693177394,0.31719166253693515,0.032018767297045336,0.7394633557254696,1.0454551723961543,0.02219371827695138,0.6122448979591837
0.10017635251732067,3.836734693877551,0.22381502248160173,0.019095125075816455,0.013235732108741516,0.3937936357215272,0.3105003589215943,0.029073611204248895,0.7449028764692172,1.0112478050812064,0.02015229163492105,0.6122448979591837
0.10014589533897426,4.0,0.2664759631652631,0.01740705350926408,0.01206565006180238,0.38487441138125683,0.3045774456622935,0.026488188284746972,0.7496535001843443,0.9801260016539521,0.018360213027712735,0.6122448979591837
0.06908423953901935,-4.0,-23.306691168271886,0.14308527565807028,0.09917915540203381,0.4467282661361725,0.3609820967856832,0.21818299992898327,0.31568860485995,1.2281150539095107,0.1512329312468852,0.8571428571428571
0.06664288363204807,-3.836734693877551,-22.37740807433533,0.14975130886524957,0.1037996975251092,0.4606326776714548,0.3730328362459538,0.2286733461315853,0.3102869439266831,1.2814646340116895,0.15850428514031645,0.8571428571428571
0.06391859021250124,-3.673469387755102,-21.453025583060693,0.15661573172785292,0.10855775287849379,0.4761056572000799,0.3861909578272152,0.239562593717503,0.3045232645820538,1.3397374948538943,0.16605213640291483,0.8571428571428571
0.0608606081604556,-3.510204081632653,-20.534221389998493,0.16362055973529843,0.11341312966216188,0.49286253106792977,0.4005494503049555,0.25078633694254115,0.2983855179579462,1.4030933400383834,0.17383184237467786,0.8571428571428571
0.05740332580109954,-3.3469387755102042,-19.6217874325064,0.17068093619376068,0.11830700969803676,0.5106982727159451,0.4162027654769254,0.26224321227590464,0.2918618140753139,1.4715198246795071,0.18177314321002624,0.8571428571428571
0.05346069111593965,-3.183673469387755,-18.71665138253872,0.17767583879152715,0.12315550671197006,0.5296520486346372,0.433244303588352,0.27377948720665346,0.2849382224269939,1.5458217198496724,0.18976947965243873,0.8571428571428571
0.04891891162576285,-3.020408163265306,-17.81990217700015,0.18443617967519055,0.12784141793510595,0.5497456099374521,0.4517618865858558,0.2851674626215477,0.2775948625467981,1.626307932924702,0.19766302270355895,0.8571428571428571
0.04362770635081264,-2.857142857142857,-16.932819678426686,0.19073038494900096,0.13220422857451286,0.5709698887969706,0.4718286775909147,0.296076271626069,0.26979979581223384,1.7127853281446581,0.2052244329083095,0.8571428571428571
0.037391653730739896,-2.693877551020408,-16.056907292998122,0.1962487116075402,0.13602924113928805,0.5932613309469775,0.49348427141941986,0.30603494484631577,0.2615005982905102,1.8050428545844626,0.21212725917304187,0.8571428571428571
0.029965917361865112,-2.5306122448979593,-15.193923280649178,0.20059020461849286,0.13903853477925088,0.6164615714784789,0.5166965578499323,0.3143917988014113,0.2526145566402308,1.9027413297997036,0.21791978893036745,0.8571428571428571
0.021065521068633953,-2.36734693877551,-14.345900082655177,0.20326147658148397,0.14089011940890694,0.6402543208758665,0.5412913171671772,0.3202846358574005,0.24302069981773694,2.0046888527221074,0.22200439232122537,0.8571428571428571
0.010403801642631124,-2.204081632653061,-13.51512995718754,0.20370530212213955,0.14119775583107308,0.6640813873754249,0.5668406210061825,0.32265737879994427,0.23256064705323207,2.108783219839717,0.22364905240204402,0.8571428571428571
0.0022214608625589884,-2.0408163265306123,-12.704081283341791,0.201386630306442,0.13959057499937866,0.6870644367136791,0.5925286661907632,0.3203879498072637,0.22105920989762634,2.2114890617116565,0.22207600409428618,0.8571428571428571
0.016790023883897824,-1.8775510204081634,-11.915203913852713,0.19595970951754804,0.13582892015543435,0.7080022708623634,0.6170785398257743,0.3125992632808563,0.2083743825130016,2.3089748931356273,0.21667729798824098,0.8571428571428571
0.03291182896314125,-1.7142857142857142,-11.150608106468654,0.18749233843835666,0.12995978576513778,0.7255426158125587,0.6388926243137628,0.2991366213984685,0.1944701973213727,2.3978171200192877,0.20734570572457622,0.8571428571428571
0.04977477308320967,-1.5510204081632653,-10.411680576296895,0.17661970132346516,0.12242344800369942,0.7385627365469813,0.656506511217109,0.28096778494781205,0.1794738255235922,2.4716581835359692,0.194752027964749,0.8571428571428571
0.0662875200793853,-1.3877551020408163,-9.698799968029642,0.16443328584703876,0.1139764684750828,0.7555857414510462,0.6691847783909021,0.26008477054438073,0.16366006192639937,2.5305392196652834,0.18027702540941792,0.8571428571428571
0.0813836527805247,-1.2244897959183674,-9.011325743584221,0.15205462893917998,0.10539623734028125,0.7727487977221722,0.6772319840417225,0.23873920096629764,0.14734528899943777,2.5903082753219504,0.16548140403892253,0.8571428571428571
0.09430476803146866,-1.0612244897959184,-8.347894557315637,0.14015403606981858,0.09714737494589132,0.7847561222030519,0.6817687701881903,0.2184676771398517,0.13074787180635586,2.6353240534011606,0.15143025445296798,0.8571428571428571
0.10470464753551936,-0.8979591836734694,-7.706877798418852,0.12876914836549602,0.08925597213264869,0.7927970348769784,0.6841933132402128,0.19962162049161725,0.11389466597811282,2.666738283573434,0.13836716342257116,0.8571428571428571
0.1125784088061466,-0.7346938775510204,-7.086802879500057,0.1174932640020887,0.08144012467783335,0.7980803128523233,0.6857234364483632,0.18147020648977108,0.09660064558563519,2.6954469632168676,0.12578556198401536,0.8571428571428571
0.1181233974418044,-0.5714285714285714,-6.4866282893381015,0.10581272248348261,0.07334379025679794,0.8015219926203608,0.6871938053512977,0.16298763313943754,0.07849345745258107,2.7183561587570275,0.11297441837673894,0.8571428571428571
0.12162082561727634,-0.40816326530612246,-5.905869765451227,0.0933819151615749,0.06472741120953329,0.8036369466833074,0.6890446720809583,0.14350609010058424,0.059046261712730905,2.7337574592606333,0.0994708417464012,0.8571428571428571
0.12336800437679166,-0.24489795918367346,-5.3446253834273065,0.08018476167920374,0.05557984148181139,0.8045540262670948,0.691380314727404,0.12293779280642125,0.03760273658783919,2.742826565012145,0.0852139844680333,0.8571428571428571
0.12365367469403483,-0.08163265306122448,-4.803547117667886,0.06662380817225788,0.04618010479276702,0.8044472801685943,0.6940216162224612,0.10189776151832941,0.013398402968541423,2.7491221561843617,0.07063014610179996,0.8571428571428571
0.12275860490873092,0.08163265306122448,-4.283787441893716,0.05357458827517281,0.03713507481259626,0.8068449425145079,0.6965301441007962,0.08185587555960572,0.014406499520026506,2.7560869977111033,0.05673816935640641,0.8571428571428571
0.1209653686604796,0.24489795918367346,-3.7869311637993803,0.04239310427112075,0.029384660700710885,0.810781243135289,0.6982117116621983,0.06490412873673623,0.04666298182760067,2.760645107385446,0.04498811384056767,0.8571428571428571
0.11856516471619542,0.40816326530612246,-3.3149096225962373,0.03478120213327962,0.024108492195168196,0.8112448050356247,0.6981229040305328,0.05339062214855472,0.08411908212774558,2.7538364077717388,0.03700755921061205,0.8571428571428571
0.11585335199945115,0.5714285714285714,-2.8698851654654405,0.03228523412241291,0.022378419005668393,0.807012337690708,0.695114713543956,0.04956203650067614,0.1272448981072427,2.7265034798238146,0.034353785863252106,0.8571428571428571
0.11311020735366695,0.7346938775510204,-2.4540876550669215,0.035292819183590396,0.0244631181111179,0.7973660179226201,0.6879546933071896,0.05414598957355299,0.1760097876344281,2.6757959898231967,0.03753114001153701,0.8571428571428571
0.1105703612198659,0.8979591836734694,-2.069585979834775,0.042448185273732175,0.029422839942373713,0.7819375946039377,0.6755600876979143,0.0650200289049443,0.22966829248932638,2.6010905000609474,0.04506844971538815,0.8571428571428571
0.10839208288710722,1.0612244897959184,-1.7179960935266165,0.051372963490272205,0.035609024800291156,0.7608844781463201,0.6573246343249075,0.07875249563067088,0.2866624377926974,2.503291196069994,0.054587070308458774,0.8571428571428571
0.10664148355535175,1.2244897959183674,-1.4001687680598298,0.05964083703320089,0.04133987803579808,0.7349751787268465,0.6334265987844994,0.09151154724256694,0.34475877233799496,2.3862804182105095,0.06343097095986305,0.8571428571428571
0.10530155355268178,1.3877551020408163,-1.1159474502380133,0.06548742095974314,0.04539242120038822,0.7055114431488448,0.6049333340982954,0.10054388071122089,0.40145045489153464,2.2561796520373854,0.06969170743753805,0.8571428571428571
0.1043024373005073,1.5510204081632653,-0.8640956329898208,0.06814848883243041,0.04723693289362019,0.6740817100363723,0.5735831955809115,0.10466778395039089,0.4544885881974114,2.120121569909799,0.07255017934067087,0.8571428571428571
0.1035574507789736,1.7142857142857142,-0.6424348595652447,0.06777077464471537,0.046975121369347894,0.6422410135314363,0.5413288589269515,0.10410472502678836,0.5023034652121734,1.98509339635828,0.07215989663528655,0.8571428571428571
0.10298930451808128,1.8775510204081634,-0.44814148072584326,0.06504826371475136,0.045088020594199696,0.6112539223030422,0.5098809726646021,0.09991974301040019,0.5441507654501613,1.8569656381926964,0.06925908814993376,0.8571428571428571
0.10254099947607673,2.0408163265306123,-0.2780929348311326,0.0608315317268282,0.042165204705593595,0.5819803755419037,0.4804470553643446,0.09342262426618042,0.5799977114037812,1.7382455217141526,0.06475562861061324,0.8571428571428571
0.10217531278409804,2.204081632653061,-0.12916533945380823,0.05587069984077253,0.03872661807054256,0.5553923464142367,0.45369637063160206,0.08577162481366818,0.6102825616560895,1.630814498213599,0.05945235991163944,0.8571428571428571
0.10186951434106961,2.36734693877551,0.001564651170717773,0.050714229076981976,0.03515242489898118,0.5325908329219129,0.4298650062708639,0.07781560762182771,0.6356765335363823,1.5364789647006347,0.05393766902662822,0.8571428571428571
0.10160987500812654,2.5306122448979593,0.11671338694693395,0.045710098544654354,0.03168382592934438,0.5116130404250904,0.40890173644568184,0.0700941908208983,0.6569116125710456,1.4518018815206821,0.04858559074113611,0.8571428571428571
0.10138770191705766,2.693877551020408,0.21855518547485817,0.04104992725508527,0.028453641339053037,0.49244010007799754,0.39059535963394215,0.0629049684120031,0.6746811662065019,1.3760324686205405,0.043602401497992105,0.8571428571428571
0.10119697084586701,2.857142857142857,0.3090311974050956,0.03681917385959066,0.02552110655132145,0.474977116754234,0.3746644152744443,0.056380804711624766,0.6895950041872194,1.308360946031852,0.03908019582356337,0.8571428571428571
0.10103307900964462,3.020408163265306,0.38978053973273713,0.03303811586201855,0.022900276860770896,0.45909194266212394,0.36081199801573566,0.050553249396457556,0.7021673312168819,1.2479970105388651,0.03504084228729765,0.8571428571428571
0.10089224529909993,3.183673469387755,0.46217971075988,0.029690587226352427,0.020579946825115103,0.444639341689251,0.3487552864441018,0.04539715089208185,0.7128214280565522,1.1939849223910395,0.03146690714630074,0.8571428571428571
0.10077123887842365,3.3469387755102042,0.5273824512659527,0.02674235755403176,0.018536389740102743,0.43147494613418363,0.3382390763962426,0.040859248486682986,0.7219011888733975,1.1455690633259301,0.028321472888341415,0.8571428571428571
0.10066725703891699,3.510204081632653,0.5863562675989257,0.024152111740108673,0.016740968157225256,0.4194626371752374,0.32904012674804706,0.03687527388919687,0.7296842763610634,1.1019849142569615,0.025559992128671993,0.8571428571428571
0.10057786361244166,3.673469387755102,0.6399141892894213,0.02187760468822919,0.015164400007051215,0.40847792645917125,0.3209666848566254,0.03337954148383426,0.7363944726090245,1.062620482295229,0.023136935067903597,0.8571428571428571
0.10050094868942883,3.836734693877551,0.6887415709782125,0.019878850383048263,0.013778969095783022,0.39840902527064725,0.31385576892205197,0.03030991487976653,0.742212322368797,1.0269540940313902,0.021009232041921067,0.8571428571428571
0.10043469448977085,4.0,0.7334183241575473,0.018119569650768774,0.012559528616389759,0.3891566496375583,0.30756963187280206,0.027610056769184155,0.747283905041251,0.9945339975804857,0.0191378330046601,0.8571428571428571
0.06554281694826763,-4.0,-22.86661959907264,0.16154944477447897,0.11197754216645461,0.4634664945564468,0.37860616662440527,0.24683421122864324,0.30538410001766825,1.290113265618488,0.17109243757887205,1.1020408163265305
0.06284327935589164,-3.836734693877551,-21.942062075870613,0.16910222844885814,0.11721273287572975,0.4777779033630562,0.39182532974116524,0.2588304492132272,0.2994384522632525,1.3466387678130505,0.17940759611521218,1.1020408163265305
0.05984199587016055,-3.673469387755102,-21.02297946101418,0.17683394586487822,0.12257195100353035,0.4934281413791751,0.40614999243240135,0.2712295085113552,0.29315021516969775,1.4078362689594623,0.18800196910930556,1.1020408163265305
0.056483257291544256,-3.510204081632653,-20.11011970269504,0.184664111610493,0.12799940831342016,0.510623610990921,0.4216457884637997,0.2839386229925793,0.28651836278417575,1.4743067105616758,0.19681125597937976,1.1020408163265305
0.05269287549559372,-3.3469387755102042,-19.2043509821824,0.19247829497277325,0.1334157874793631,0.5287848465042055,0.43837445726196284,0.2968172569405092,0.2795410226259384,1.546016112479383,0.2057380447898507,1.1020408163265305
0.04837070392027904,-3.183673469387755,-18.306683253835384,0.20011744303551326,0.13871084142093104,0.5479199188045658,0.45639212711241317,0.30965798329957517,0.2722112238456832,1.6232751288205831,0.21463855806197918,1.1020408163265305
0.04338105465379437,-3.020408163265306,-17.41829398834659,0.207365203920717,0.14373460644388314,0.5680153893730636,0.47574560188827275,0.3221607685211687,0.2645102842017413,1.7058928393150117,0.22330482838747256,1.1020408163265305
0.037541871692277906,-2.857142857142857,-16.54055806156804,0.21393440845555567,0.14828803204572805,0.5890197084445649,0.4964625409116749,0.33390026672189643,0.2563986676608118,1.793617196794546,0.2314420284664962,1.1020408163265305
0.03061579400389171,-2.693877551020408,-15.675079624651904,0.21945590410410132,0.1521152411869915,0.610811902069737,0.5185270190012845,0.3442882662937552,0.24780509731897932,1.8860603924052504,0.23864244108138788,1.1020408163265305
0.022310762732972833,-2.5306122448979593,-14.823718715726539,0.22347693177146288,0.15490240517757647,0.6331475075741352,0.5418263886585833,0.35254070388563674,0.23861677662180342,1.982508433108049,0.24436259493094736,1.1020408163265305
0.01230494037949052,-2.36734693877551,-13.988595416906943,0.22548320801744293,0.1562930499009021,0.6555780349624315,0.5660537900295222,0.3576755927767983,0.2286772198164817,2.080480281662078,0.24792182868834445,1.1020408163265305
0.00031732108618297836,-2.204081632653061,-13.172039241239393,0.22496789717749444,0.15593586364508005,0.677359557970064,0.5905675256836771,0.35859744134010496,0.21780277714961577,2.177574271085208,0.24856080542090453,1.1020408163265305
0.013760289344080894,-2.0408163265306123,-12.376438179751027,0.22157245635513378,0.15358232341230282,0.6974082457491867,0.6142653333199506,0.35434757542823014,0.2058300905217755,2.270435688140705,0.24561502284632963,1.1020408163265305
0.02969273652470767,-1.8775510204081634,-11.603952431969068,0.21529306430600847,0.14922978051782043,0.7144072380737916,0.6356215299207992,0.34455239911281366,0.1926943216663805,2.35543660577107,0.23882552400021195,1.1020408163265305
0.04678796429352613,-1.7142857142857142,-10.856122747138572,0.20665609840139743,0.143243091952447,0.7271439735283187,0.6530509745760643,0.32989979474653586,0.17850505224724897,2.4270305157761283,0.22866911259586598,1.1020408163265305
0.0639726952960533,-1.5510204081632653,-10.1335149701963,0.19667121322353776,0.1363220969431993,0.7415323673548765,0.665539487848321,0.31221572383878415,0.16355589315209162,2.4817334304346117,0.21641144870533546,1.1020408163265305
0.08008427637219344,-1.3877551020408163,-9.435602759576565,0.18645205712683355,0.12923871770706685,0.7581595032276642,0.6731243962727481,0.29381386948771837,0.14822910294001865,2.534886556417112,0.20365625524482,1.1020408163265305
0.0942123773805436,-1.2244897959183674,-8.760987223683696,0.17670866326740953,0.12248511172432175,0.7693900011301545,0.6768214117230862,0.27644549510502614,0.13284177072465933,2.575506174585332,0.19161741551054634,1.1020408163265305
0.10587794401405963,-1.0612244897959184,-8.107845525469866,0.16750002608905534,0.11610217082734597,0.7765183392819661,0.6780939385633185,0.2605781753803984,0.11752934517709994,2.602199580636763,0.1806190275803785,1.1020408163265305
0.11499806769811571,-0.8979591836734694,-7.474392669316706,0.1583810969699031,0.10978141081867943,0.7809585552846187,0.678309018954275,0.2453980040335595,0.10221463946424317,2.6245503945569957,0.1700969346108998,1.1020408163265305
0.12174000155908796,-0.7346938775510204,-6.859206209539391,0.14872942641334452,0.10309138258470796,0.7838626679867994,0.6784613524392695,0.2297397929960061,0.08663704983445539,2.645008868985635,0.1592434897776065,1.1020408163265305
0.1263784393954288,-0.5714285714285714,-6.261388202030393,0.13801132983614028,0.09566216416124962,0.7859762029747661,0.6791418033360147,0.21265108798953447,0.07039485417215041,2.660994475289783,0.1473985020829507,1.1020408163265305
0.12920504952409892,-0.40816326530612246,-5.6806112073073205,0.12592164938487427,0.0872822362425838,0.7876441434242978,0.6806114799224918,0.19359250652629534,0.0529738024834127,2.673262090483157,0.13418810007623438,1.1020408163265305
0.1304888726415639,-0.24489795918367346,-5.1171043779851955,0.11244384111503747,0.07794013144021861,0.7888728306201614,0.6828801815977174,0.1725086898359156,0.03375923484191097,2.683657894479232,0.11957391198185396,1.1020408163265305
0.1304698677044574,-0.08163265306122448,-4.5716167575309195,0.09788732990729132,0.06785032673778035,0.7906540238080264,0.6857502901924402,0.14988365615598687,0.012041787125436864,2.6946605294575963,0.10389143367653908,1.1020408163265305
0.12936934826420815,0.08163265306122448,-4.0453739453138855,0.08292804141812171,0.05748133809832923,0.7941915495270034,0.6888238232508849,0.12686409905751672,0.012968201404331126,2.7063187221849714,0.08793549257599498,1.1020408163265305
0.1274060034410156,0.24489795918367346,-3.5400293690779407,0.06864044162944749,0.047577928587841045,0.7987068239494189,0.6914858036317849,0.10512528272550847,0.04209996648619285,2.714870324343846,0.07286729332675312,1.1020408163265305
0.1248094376350208,0.40816326530612246,-3.057601819627821,0.056465845415023086,0.039139141547357204,0.8013900972176958,0.6928852444318567,0.08672048729725113,0.07613671420051948,2.7168428595084873,0.06011006126687368,1.1020408163265305
0.1218247228086992,0.5714285714285714,-2.600384227040766,0.04800382964911165,0.03327371917736177,0.8000617964732849,0.6919438827155467,0.07386581892803834,0.1156706249090218,2.701919566795363,0.051199884129720985,1.1020408163265305
0.1187032921975825,0.7346938775510204,-2.1708041687521105,0.044475668008707725,0.030828183883756077,0.793828697956715,0.687432278638237,0.06843964770799982,0.1609001580737306,2.6656187928101778,0.047438748847315804,1.1020408163265305
0.11567965541031064,0.8979591836734694,-1.7712174684402444,0.04592519201184819,0.03183291735968674,0.7820578297462734,0.6781524362579431,0.07062164261415571,0.21140683550522468,2.605793381985734,0.04895119246451429,1.1020408163265305
0.11294028039892615,1.0612244897959184,-1.4036303737857445,0.0509101600939319,0.035288233930964585,0.7645771746693749,0.6632335007056687,0.0781170701785503,0.2659990157963741,2.5226501283759775,0.05414662694786543,1.1020408163265305
0.11059762121947622,1.2244897959183674,-1.0693804431753815,0.05718705973547289,0.039639049220156375,0.7418185846318033,0.6424667055676989,0.08771616485358535,0.3227417163722418,2.418246665915665,0.06080021235779309,1.1020408163265305
0.10868283962592873,1.3877551020408163,-0.7688530969051068,0.06263724154804207,0.043416827377077416,0.7148185966861444,0.6165149684747394,0.09616296188838502,0.37924634224288784,2.29758858438756,0.06665508590722746,1.1020408163265305
0.10716172573896579,1.5510204081632653,-0.5013355196309024,0.06589155349279441,0.04567254452624536,0.6850374747967002,0.586835692957403,0.10124351686220123,0.43315478584486733,2.167357285493896,0.07017665826300767,1.1020408163265305
0.10596490376383541,1.7142857142857142,-0.2650751531750341,0.06651133089791639,0.04610214148717984,0.6540545720911245,0.5553118639605085,0.10225182326544413,0.4826136013954104,2.0346766310292934,0.07087556300355624,1.1020408163265305
0.10501689268790881,1.8775510204081634,-0.05752502564911454,0.06478474391584221,0.044905362588564035,0.6232709690610789,0.5237785541134116,0.09962342289817405,0.5265345612723177,1.9059081935412903,0.06905369469959988,1.1020408163265305
0.10425364156646241,2.0408163265306123,0.12431693230130483,0.06136208318490288,0.042532954952900326,0.5937297617684458,0.4936718431189277,0.0943603207493231,0.5645838198717394,1.7851603821734578,0.06540559028412574,1.1020408163265305
0.10362782434823507,2.204081632653061,0.2835818385136652,0.05694311589212209,0.03946996023292271,0.5660786483537397,0.4659000273219103,0.08754543532107073,0.5969909447370505,1.6739255655385323,0.06068187166369299,1.1020408163265305
0.10310684098065734,2.36734693877551,0.42328510282550236,0.052104473154465314,0.03611606866157957,0.5420135817422722,0.4408931460376612,0.08007373174987853,0.6243114672404568,1.5751621772240827,0.05550288139934123,1.1020408163265305
0.10266854784125842,2.5306122448979593,0.5461798541455637,0.0472488575054788,0.03275041236460119,0.5205016272687774,0.41873294600983907,0.07257171612642344,0.647231390179029,1.487317043996519,0.05030288042142672,1.1020408163265305
0.10229744094799628,2.693877551020408,0.6546923961099477,0.04262188042938719,0.029543236249792715,0.5007429365844256,0.3992873407127197,0.06542225796983558,0.6664411099945071,1.4083849239540744,0.04534725365765668,1.1020408163265305
0.10198205772179587,2.857142857142857,0.7509128153858353,0.038352124556048306,0.02658366700450876,0.48268601470698286,0.3823148598092752,0.05882614641266448,0.6825697027982367,1.3377094100204963,0.040775177529144724,1.1020408163265305
0.10171344296978364,3.020408163265306,0.8366165822304216,0.03449075407371183,0.023907168941579515,0.46622470368118385,0.3675334904786373,0.0528634493241551,0.6961595743746611,1.274495146128236,0.036642150853711364,1.1020408163265305
0.10148430818897558,3.183673469387755,0.9133001351502238,0.03104224324219995,0.02151684338158666,0.4512280265677484,0.35466073892800926,0.047541321970127726,0.7076637287544782,1.2179814672975806,0.03295313328368632,1.1020408163265305
0.10128857761810142,3.3469387755102042,0.9822201982195438,0.02798544461655883,0.019398032032684087,0.4375583620336473,0.34343414158918323,0.042826876958935056,0.7174537068413623,1.167299812523148,0.029685329016273077,1.1020408163265305
0.10112112982822312,3.510204081632653,1.0444314295426234,0.0252869304322223,0.017527564534110418,0.4250817306589084,0.33361986390881215,0.03866803525599094,0.7258313302009339,1.121754832287266,0.02680263961548235,1.1020408163265305
0.10097763254784739,3.673469387755102,1.100820004267558,0.022908929020843516,0.01587925956044578,0.4136730867125509,0.32501464460537477,0.035005940671384295,0.733040777020972,1.0806507429317371,0.024264269079218526,1.1020408163265305
0.10085442164209968,3.836734693877551,1.152132410604743,0.020813759232142015,0.014426998528612955,0.4032186023068074,0.31744435362547135,0.031781896811950094,0.7392794776716035,1.0434354627072002,0.02202953216805037,1.1020408163265305
0.10074840278787216,4.0,1.198999580048282,0.018966110682650417,0.013146306145866982,0.39361622465687524,0.3107610570750383,0.028940931007910287,0.7447073397827324,1.0096363566997222,0.02006032473091235,1.1020408163265305
0.06152752696239631,-4.0,-22.43331583293896,0.18186662499197004,0.12606033835113695,0.48036615274772326,0.3980132561668671,0.2786212683888012,0.2942617156469468,1.3549961262993901,0.1931255466277335,1.346938775510204
0.058562275745823164,-3.836734693877551,-21.51422850322283,0.19030219421780048,0.1319074293764395,0.49483012531660336,0.41233005850723536,0.29216968635007,0.2878460195476998,1.4140576256459958,0.20251659433863356,1.346938775510204
0.05527817514687966,-3.673469387755102,-20.60125760790126,0.19887167572989695,0.13784734132541,0.5107042351547214,0.42769700788704207,0.3060924739071109,0.2811318794975487,1.477763479127365,0.21216713527933218,1.346938775510204
0.05161180779158855,-3.510204081632653,-19.69521934295711,0.2074657557952917,0.14380430369224495,0.5280758686390098,0.444146178519462,0.3202593678272594,0.27412777328812793,1.547103653492682,0.22198687785737503,1.346938775510204
0.04747539217844695,-3.3469387755102042,-18.797054052178215,0.21593357650601996,0.14967374974337289,0.5462606703608528,0.46170426210991716,0.33447952697066974,0.26683696574978544,1.6211408622244656,0.2318435410747437,1.346938775510204
0.0427466021393106,-3.183673469387755,-17.907848500464432,0.224071816049352,0.15531474753755514,0.5652416522081535,0.4803934214904739,0.34847944030312794,0.2592502471750023,1.699903370606844,0.2415475415292203,1.346938775510204
0.037256116570948836,-3.020408163265306,-17.028863317326664,0.231613544663007,0.1605422754626582,0.5849781261807367,0.5002289896283524,0.3618750977026468,0.25133602861372967,1.783224146346662,0.25083270368744426,1.346938775510204
0.03077505845948026,-2.857142857142857,-16.161565177620833,0.2382196137961783,0.16512125365689978,0.6053817632261673,0.5212063529945024,0.37413928718663714,0.24302849005838909,1.8706905578191935,0.25933359205012474,1.346938775510204
0.023008528425996166,-2.693877551020408,-15.307659349833072,0.24347828569845475,0.16876628725945264,0.6262700963314672,0.5432626747387863,0.3845692541553025,0.23421635339331504,1.9616873729470885,0.26656309424778835,1.346938775510204
0.013608706631438521,-2.5306122448979593,-14.469109416988825,0.24692404081372032,0.1711547027024991,0.6472895734202052,0.566193514688552,0.3922725093193029,0.22473833965746945,2.0542939886969496,0.2719025838458493,1.346938775510204
0.002230198500101477,-2.36734693877551,-13.648115516504523,0.2480940319008238,0.17196567872580526,0.667814838148368,0.5895122162442213,0.3962152143110447,0.21439638636864128,2.145370410617905,0.27463545869465555,1.346938775510204
0.011347939695560425,-2.204081632653061,-12.847004022993996,0.24664495790141938,0.17096125716869492,0.6868703421041099,0.6122861609782548,0.3954115418660984,0.20300093148039638,2.234045478244673,0.2740783954053465,1.346938775510204
0.02703740855107477,-2.0408163265306123,-12.067978764043156,0.2425341977453095,0.16811189535652948,0.7031784625339971,0.6330831013303385,0.3893213953317374,0.19045391754905863,2.314300988715683,0.26985702750585716,1.346938775510204
0.04427325398004246,-1.8775510204081634,-11.31273250386509,0.2361963068351467,0.1637188041414539,0.7154484885074145,0.6502353696659395,0.3783630846357391,0.17684259453121967,2.3834571732012697,0.2622613053432259,1.346938775510204
0.06201760872377497,-1.7142857142857142,-10.582033418400883,0.22854188773418382,0.1584131651227969,0.7278523826636306,0.6624733946070619,0.36414454742992763,0.16247477449034017,2.435083943229618,0.2524057663673309,1.346938775510204
0.07902418719651978,-1.5510204081632653,-9.875505217740008,0.22063354195977203,0.15293151754637035,0.7437595630078109,0.6695601529233858,0.3489627329043272,0.14779508635431007,2.481389681781057,0.24188253443312746,1.346938775510204
0.09423080926006253,-1.3877551020408163,-9.191762586961152,0.2131837585387526,0.14776772117230874,0.7539596245911598,0.6723872475641668,0.33473073889357385,0.13321443402254934,2.51646008110838,0.2320176679108279,1.346938775510204
0.10701969591716165,-1.2244897959183674,-8.528842350628569,0.20626820100168297,0.1429742219634884,0.7598288405934422,0.6724709794866632,0.3219930338204118,0.11896471578082612,2.538054498988575,0.223188563552561,1.346938775510204
0.11722781895640484,-1.0612244897959184,-7.884702862151525,0.19943986430371385,0.13824117963337734,0.7629612567168658,0.6713176760224336,0.30996127996316325,0.10505325530035206,2.553408965647471,0.21484878728921863,1.346938775510204
0.12499819280523312,-0.8979591836734694,-7.257598211199447,0.19204506951635425,0.13311549847569926,0.7647103264913561,0.6700602268657165,0.29745069967424875,0.09129751425806736,2.567505453704915,0.2061771138347872,1.346938775510204
0.1306127687117679,-0.7346938775510204,-6.646273536931958,0.1834828565281339,0.1271806246835614,0.7660081136092384,0.6693974065725687,0.2834100858654356,0.07738164037226336,2.580637856488498,0.19644490195987885,1.346938775510204
0.13437865025713464,-0.5714285714285714,-6.050025235470077,0.1733284475974055,0.12014212476297415,0.7673703309797741,0.6696813624409158,0.26711093072819825,0.06289692131415137,2.592129026089572,0.1851471885309932,1.346938775510204
0.1365730767350847,-0.40816326530612246,-5.468690735765742,0.16136711893819733,0.11185116352709268,0.7689701613646069,0.6710240891310282,0.24817990572396065,0.047358027332524325,2.603650524826185,0.17202520192419612,1.346938775510204
0.13742807183549083,-0.24489795918367346,-4.902614287731526,0.14760116784580113,0.10230933333967274,0.7707133709330025,0.6733687163166889,0.22659958757359666,0.03020226131710322,2.6169165002677266,0.1570668652426841,1.346938775510204
0.13713625331450036,-0.08163265306122448,-4.352611763498983,0.1322669075303451,0.09168043403604176,0.7743382910756367,0.6765172958335753,0.2027404219111988,0.010783266016063475,2.6312281218867386,0.14052895183328085,1.346938775510204
0.1358660976795194,0.08163265306122448,-3.8199406985581765,0.11587263417721472,0.08031678968399025,0.7789944474355042,0.6801232790942169,0.17747111010404915,0.011628279626074645,2.6474163872701473,0.123013599599465,1.346938775510204
0.13378005183436317,0.24489795918367346,-3.3062715334190362,0.09924711971964184,0.06879286121236516,0.7840708522610141,0.683661207022325,0.15209528554463958,0.03782264087096392,2.6616411648634783,0.10542441835172633,1.346938775510204
0.1310509955236739,0.40816326530612246,-2.813649268978321,0.08356338599770297,0.0579217254023503,0.7888177287238074,0.6863898005043003,0.1283190885057035,0.06859093747250947,2.669665557671088,0.08894401440974953,1.346938775510204
0.1278726521404681,0.5714285714285714,-2.3444293323723655,0.0702680312728341,0.04870608776026297,0.7902553880423732,0.6873324618080247,0.1082095589894152,0.10461049678432052,2.6663283630279317,0.07500515072314817,1.346938775510204
0.12445930677912423,0.7346938775510204,-1.9011671341925787,0.06081156018544931,0.042151361487995365,0.7873838995185579,0.6853106711466552,0.09377169377252015,0.14626857051627618,2.6441782765802815,0.06499758515475262,1.346938775510204
0.12103164435943921,0.8979591836734694,-1.4864403657606982,0.056105695947739065,0.03888950495952903,0.779361441526062,0.6790727414341408,0.08651294430326839,0.19344398807186255,2.59991349453968,0.059966203425749764,1.346938775510204
0.11779021075125443,1.0612244897959184,-1.1025931846407626,0.055898644743270776,0.03874598800091977,0.7657126750724098,0.6675436939806613,0.08612671453633425,0.24531199592233027,2.532157044980107,0.05969848935175115,1.346938775510204
0.11488513899108721,1.2244897959183674,-0.751419793519253,0.058686888630424594,0.040678651390014364,0.7465174846976561,0.6501600104400642,0.09021928281635594,0.3002815998188363,2.4421342419913414,0.06253524151629719,1.346938775510204
0.11239579316826491,1.3877551020408163,-0.4338495117345247,0.06240775124728115,0.043257756822139504,0.7224915448284301,0.627157788445403,0.09580591345724576,0.3561666735707401,2.3330913368781507,0.06640759879385927,1.346938775510204
0.11033091465702634,1.5510204081632653,-0.14973155144070355,0.06527952395843073,0.045248317980081554,0.6948889680756025,0.5996356530445518,0.10026315232520044,0.4105905411117134,2.2109044589065774,0.06949712134826491,1.346938775510204
0.10864843537020064,1.7142857142857142,0.10219332065702391,0.06628796378462587,0.04594731520237327,0.6652413368761,0.5693078865555417,0.10189813857329133,0.46147452608904027,2.082568642564395,0.07063040745638327,1.346938775510204
0.10728314943880521,1.8775510204081634,0.3241166530151452,0.06522622556176749,0.04521137434670597,0.6350420670830059,0.5380582667509479,0.10033070350660234,0.5073959614649365,1.9547586408132205,0.06954394425919652,1.346938775510204
0.10616915846412148,2.0408163265306123,0.5188490839549765,0.06243596740431023,0.043277314771830167,0.6055058381270336,0.507521171528732,0.09607116503238311,0.5476916674042174,1.832748479622507,0.06659145717530546,1.346938775510204
0.10525136529166206,2.204081632653061,0.689477637823128,0.0584826765745059,0.040537102379217815,0.5774670129885321,0.4788525465163162,0.08999202135225648,0.5823398204829717,1.7190297837400985,0.06237771587320662,1.346938775510204
0.10448788007914953,2.36734693877551,0.8390804806520813,0.053920807076023536,0.03737505539826236,0.551582470879488,0.4527045423677653,0.08295507291971482,0.611741264201631,1.6155278973782194,0.057500074907444354,1.346938775510204
0.10384790875104026,2.5306122448979593,0.9705364382141759,0.049183231304168906,0.03409121810931226,0.5296146687982117,0.4293230861499353,0.07563579556058153,0.6365083173503763,1.5243319017183437,0.05242673844222523,1.346938775510204
0.10330861805889673,2.693877551020408,1.0864250684429742,0.04456008450109117,0.03088669693744439,0.5093112060307349,0.4086809751764685,0.06848826004339603,0.6573121139905276,1.4422847789952602,0.04747244435053588,1.346938775510204
0.10285254593792996,2.857142857142857,1.188993672852175,0.040220805556948847,0.027878937971648865,0.4906763720056805,0.3905948522057834,0.06177834526503467,0.6747931998415566,1.3685661185883746,0.04282148584011747,1.346938775510204
0.10246586746019055,3.020408163265306,1.2801655028311123,0.03624792577559388,0.02512514755249895,0.4736390983333266,0.37480897381786205,0.05563598147133364,0.6895197005817358,1.3025019425670985,0.03856392369453987,1.346938775510204
0.10213733630704738,3.183673469387755,1.3615691073927494,0.03266770243706407,0.022643525839621814,0.4580889854206699,0.36104761450079864,0.05010287409810266,0.7019747613450752,1.243316696458406,0.03472866591904955,1.346938775510204
0.10185764882564294,3.3469387755102042,1.4345757896308604,0.02947307553531653,0.020429179209735082,0.44389937492931025,0.34904425182260956,0.0451684148016831,0.7125593380029503,1.1902341542422525,0.031308359370148864,1.346938775510204
0.10161904313895631,3.510204081632653,1.500337769340947,0.026639161690195756,0.01846485981803969,0.4309411537874105,0.3385556920176574,0.0407939798864283,0.7216016434037066,1.1425554902943729,0.028276232142096625,1.346938775510204
0.10141502266752007,3.673469387755102,1.559823392879088,0.024132991939166626,0.016727715321109393,0.41909043056678985,0.329367288681177,0.036928224803713494,0.7293684898339174,1.0996012721740156,0.02559669490577754,1.346938775510204
0.10124014675577567,3.836734693877551,1.6138479439701803,0.0219192760485174,0.01519328439294454,0.40823237595691036,0.32129331204102896,0.03351614418676707,0.7360762281384758,1.0607429238499217,0.02323162084629793,1.346938775510204
0.10108986111633382,4.0,1.6630997958436988,0.01996360066879488,0.013837713517399708,0.3982627675330649,0.31417493289043125,0.030504098639206223,0.7419003524008315,1.025479479060423,0.021143829967287697,1.346938775510204
0.057052588432273364,-4.0,-22.007828240812298,0.2039578658997696,0.14137281970144855,0.4969565165056855,0.41899714876131994,0.31351455512876747,0.28250560704080707,1.4217089422398868,0.21731172995200998,1.5918367346938775
0.05382565041154556,-3.836734693877551,-21.09502906483842,0.2132265480380906,0.1477973805931323,0.5112387095887495,0.4342484354311436,0.32859806194628893,0.27573999395937954,1.4823897168105458,0.2277668201755323,1.5918367346938775
0.05026220765210364,-3.673469387755102,-20.18904441372277,0.2225509841992892,0.15426058722857805,0.5274526363909406,0.4504353555377363,0.34398419858052875,0.2687409969180168,1.5486420574781266,0.2384316774032662,1.5918367346938775
0.046285437619308846,-3.510204081632653,-19.290752488571176,0.2317868396846361,0.16066239441830543,0.5446923407617477,0.4675581384521923,0.3594953325528789,0.2615195041596816,1.6196579418119763,0.2491831761834873,1.5918367346938775
0.04178484679648104,-3.3469387755102042,-18.401158887983303,0.24074186346688542,0.16686954390481867,0.5625721651475011,0.48561718069289495,0.37488048858863543,0.2540722831804838,1.6945740494254249,0.25984735371214773,1.5918367346938775
0.036602592147797416,-3.183673469387755,-17.521422018142648,0.24916725333995604,0.17270957914045604,0.5810622526355461,0.5046169267646367,0.38979283770790785,0.24637135399118576,1.7735363620881706,0.2701838064596962,1.5918367346938775
0.030518084185570414,-3.020408163265306,-16.652885621068172,0.2567520441640574,0.17796695551531894,0.6001037444369736,0.5245619285672857,0.40376308751276824,0.23835133115842183,1.8561882907274445,0.27986724572365373,1.5918367346938775
0.023235738835758923,-2.857142857142857,-15.797116428556103,0.2631251468134512,0.18238445364816536,0.6195682865803601,0.5454309064780999,0.4161706388150317,0.2298970501158178,1.941917211515,0.28846750492647066,1.5918367346938775
0.014387855630734931,-2.693877551020408,-14.955937203404673,0.2678733712189021,0.18567567200746926,0.6391841876644058,0.5671062918220946,0.42622266251194185,0.22083709965994558,2.0292824858912457,0.2954350368109053,1.5918367346938775
0.00357553259432456,-2.5306122448979593,-14.131430139937782,0.270589413158294,0.18755828882004133,0.6584287783193372,0.589237145564779,0.4329737297992793,0.21095422973289865,2.115448651815553,0.3001145200668933,1.5918367346938775
0.009521399637614858,-2.36734693877551,-13.325863576577538,0.270968267805888,0.1878208908508634,0.676422336448691,0.6110482659487018,0.43545735080712866,0.200028707302861,2.1988953721387126,0.30183603496606404,1.5918367346938775
0.024951942479946403,-2.204081632653061,-12.5414807984746,0.2689595782469669,0.18642857334647722,0.6919242359783224,0.6312084771142595,0.43301960070704437,0.18792580577157345,2.274474940588493,0.30014631535728054,1.5918367346938775
0.042279713595206034,-2.0408163265306123,-11.78012147595878,0.2649283799469502,0.1836343596105423,0.7035731507043363,0.6479931769556462,0.4258332376021783,0.1747073134955194,2.340787519161663,0.29516510803266227,1.5918367346938775
0.060512815160448374,-1.8775510204081634,-11.042760250972309,0.25967830463135,0.17999528470780635,0.7145683360255943,0.659898780817197,0.4152550559975423,0.1606936504074577,2.389164864977316,0.287832871277959,1.5918367346938775
0.0783293583733891,-1.7142857142857142,-10.329188865046966,0.25418109923273935,0.17618491228480093,0.7295811609227296,0.6664164740344487,0.4034934016617453,0.14639303186281247,2.429700420480615,0.2796803137363799,1.5918367346938775
0.09451399945882846,-1.5510204081632653,-9.6380637679494,0.24910533602238694,0.172666661326355,0.7385365694592413,0.6683103053361272,0.3925365112973256,0.13231133057266714,2.458785555757249,0.2720855760725778,1.5918367346938775
0.10830504200024334,-1.3877551020408163,-8.967315600860942,0.2445183551069876,0.16948720843756404,0.7428914718432448,0.6671536855617715,0.3829646674535896,0.11877146248432555,2.473670132724334,0.2654508794995327,1.5918367346938775
0.11945796641200013,-1.2244897959183674,-8.314686682534871,0.2399784987880551,0.16634041982994874,0.7444129530694849,0.6645974469498831,0.3740566298762702,0.10584894296645644,2.482126012918102,0.25927629836849064,1.5918367346938775
0.12809586893575534,-1.0612244897959184,-7.678157040943395,0.23483884654022003,0.16277788436530294,0.7446335541565454,0.6619060083324573,0.36466880042025096,0.09341249790456492,2.4892726718133895,0.25276915084947404,1.5918367346938775
0.1345163943016718,-0.8979591836734694,-7.056173107257126,0.22849722160176045,0.1583822049190411,0.7446327747367517,0.6598618699612209,0.35375502494719413,0.08119767206107668,2.496904595839999,0.24520429815106093,1.5918367346938775
0.13905373978807606,-0.7346938775510204,-6.447718824173383,0.22050554372643383,0.15284279593181527,0.7450462286477229,0.6588660349546691,0.3405473287065903,0.06886261015368574,2.5046123575528494,0.2360494207401942,1.5918367346938775
0.1420089795216617,-0.5714285714285714,-5.852302949357842,0.21058429185621774,0.1459659081703497,0.746159180574259,0.6590721868072379,0.32456323763978956,0.05601347945437181,2.5141830656007835,0.22497009308342664,1.5918367346938775
0.14362718396993504,-0.40816326530612246,-5.269918365762582,0.19860588671583113,0.13766311041968615,0.7480001126027593,0.6604845376924495,0.3055702208335971,0.04220645991496199,2.526130855189534,0.21180513703388737,1.5918367346938775
0.14409902924972381,-0.24489795918367346,-4.70100266042184,0.18458512015714534,0.12794465561024437,0.7504055725829315,0.6630080494915159,0.2835698479547375,0.02693695634131632,2.542703234495749,0.19655564060163888,1.5918367346938775
0.14357310916809257,-0.08163265306122448,-4.14641046247742,0.16869194820036126,0.11692834827824483,0.7557796953574487,0.6664594813250276,0.2588258378112247,0.0096254566653188,2.5599937706104527,0.17940439973491573,1.5918367346938775
0.14217226105728492,0.08163265306122448,-3.6073974095148396,0.151289164730251,0.10486565798204261,0.761499741091347,0.6705496702277051,0.23196443375275733,0.01039098701669996,2.580406994857223,0.16078549324590785,1.5918367346938775
0.14001096472808272,0.24489795918367346,-3.085609493493879,0.13298799716560428,0.09218025528365237,0.7670981236413377,0.6748459560025198,0.20395598854048425,0.033850867870489874,2.600154781845453,0.14137151841515294,1.5918367346938775
0.1372119596394822,0.40816326530612246,-2.5830668762947497,0.11470078372763526,0.0795045248488262,0.7737039737754081,0.6787250417773539,0.1761464694842685,0.061529740651590316,2.6132685397683484,0.12209542868860801,1.5918367346938775
0.1339196084248747,0.5714285714285714,-2.102126479561419,0.09764654901780112,0.06768343014309752,0.77769310974517,0.6813333736296643,0.15032741450907272,0.09415449204141808,2.620227032294735,0.10419902352782939,1.5918367346938775
0.13030623176127856,0.7346938775510204,-1.6454028327717927,0.08323540237507032,0.05769438447905251,0.7780268470791176,0.6815843269857251,0.1284764493392334,0.13225739868897995,2.61151322732943,0.08905308862784178,1.5918367346938775
0.12656710024626147,0.8979591836734694,-1.215624282882228,0.07274736604791032,0.05042463166927136,0.7737221001215487,0.6782338854067672,0.11238533323671973,0.17597481435259277,2.5827024403390486,0.07789957686932159,1.5918367346938775
0.12290184765235587,1.0612244897959184,-0.8154075363065004,0.0668068862077198,0.04630700481686989,0.7640483525204216,0.6700738017557545,0.1031923737295366,0.22483322255421703,2.531186271320923,0.07152750290591658,1.5918367346938775
0.1194857617169522,1.2244897959183674,-0.4469555303773158,0.06492236858769562,0.04500075674183468,0.7487430615626374,0.6562398174153249,0.10019065567069685,0.27761407238515784,2.4566035488432254,0.06944687049659493,1.5918367346938775
0.11644154159247652,1.3877551020408163,-0.11172427802736766,0.06557901193563564,0.04545590722709281,0.7281629914959942,0.6365452061160494,0.10097696213744722,0.33240961601564567,2.3611958655221077,0.06999189660707916,1.5918367346938775
0.11382479779768621,1.5510204081632653,0.1898522695653033,0.06693208238995352,0.04639378419760254,0.7032808416251297,0.611668788553552,0.10286471506610972,0.38692307158394995,2.2493400637717103,0.07130038722717558,1.5918367346938775
0.11163009865885605,1.7142857142857142,0.4584798100018548,0.06752915789103398,0.04680764539775728,0.6754959571225015,0.5830532756844846,0.10375556854847012,0.4389299199355651,2.1275143179641742,0.07191787980676567,1.5918367346938775
0.10981235299236225,1.8775510204081634,0.6959126083873911,0.06664629882977513,0.04619569412861391,0.6463300608013864,0.5525342669872302,0.10246455055475767,0.48670446524151256,2.0027399883086523,0.07102301432437175,1.5918367346938775
0.10831100239458129,2.0408163265306123,0.9046879722685068,0.06422438656045815,0.0445169524675737,0.6171400042595757,0.521889666829224,0.09880268122265345,0.5292387189750182,1.8806948652636768,0.06848479992124545,1.5918367346938775
0.10706712227462774,2.204081632653061,1.087783603536772,0.06060112439515919,0.04200549851326696,0.588947767849341,0.4925152183814133,0.09326283037621153,0.56621865432633,1.7652074817535048,0.06464486792631119,1.5918367346938775
0.1060310967563232,2.36734693877551,1.248298524577794,0.05624290913561003,0.03898461389383723,0.5624044380318479,0.46530741883386595,0.08656243343626757,0.597846600393669,1.6583328348820419,0.06000050667875678,1.5918367346938775
0.10516373769494018,2.5306122448979593,1.38921697213668,0.05157576252639018,0.035749594380396266,0.5389005095445748,0.4407088900241445,0.07936538805858584,0.6246267720281603,1.5627597469494627,0.05501189496685477,1.5918367346938775
0.10443457038788743,2.693877551020408,1.5132674144218787,0.04691719283295814,0.03252051993195226,0.5181157371115196,0.41882742088391556,0.07216959635674769,0.6471889465388795,1.4776832908609323,0.05002415223682899,1.5918367346938775
0.10381963671188874,2.857142857142857,1.6228598858860857,0.042471211991434554,0.029438800846826485,0.498934387281343,0.39956051940976345,0.06529642951395642,0.6661733224971244,1.4009315702685552,0.045260036018229144,1.5918367346938775
0.1032997262720278,3.020408163265306,1.7200759929542908,0.038350359588633864,0.02658244362232165,0.48133142429730974,0.38269383457114303,0.058924012686435656,0.6821688705022602,1.3319511604041365,0.04084301326088058,1.5918367346938775
0.10285916031908834,3.183673469387755,1.806688823555224,0.034603083768138365,0.023985029952564574,0.46522488647959437,0.3679674838132036,0.05312970319159893,0.6956880602936,1.2700554101190815,0.036826703971243546,1.5918367346938775
0.10248499106060689,3.3469387755102042,1.8841966711007543,0.031237173515402006,0.021651958750862788,0.45050446988453274,0.355115775600417,0.047926755189164005,0.7071625156930176,1.2144962944029007,0.03322029523275516,1.5918367346938775
0.1021664595704284,3.510204081632653,1.9538607565431698,0.02823689212908498,0.019572322167050515,0.4370495025906287,0.34388839666311244,0.04329124864598688,0.7169489593115934,1.1645322994444236,0.030007206941883968,1.5918367346938775
0.10189460370092988,3.673469387755102,2.016741673889911,0.025574402412028352,0.017726824926403095,0.424739550930639,0.334059992715428,0.03918009481238238,0.7253391623539768,1.11953600295678,0.027157572253273976,1.5918367346938775
0.10166195423140681,3.836734693877551,2.0737321400241284,0.023216894593705906,0.016092725028984844,0.4134602258665144,0.32543305615348544,0.03554228802228421,0.7325706026972021,1.078929681703677,0.02463603673329562,1.5918367346938775
0.10146228755961446,4.0,2.12558525222593,0.02113077325982804,0.014646735908101283,0.40310600580607103,0.3178372622004973,0.03232552149221668,0.7388363136328172,1.04211224546855,0.022406344082459118,1.5918367346938775
0.05216289353456296,-4.0,-21.591288378726173,0.2276531711000227,0.15779715369351188,0.5126649136492208,0.4411947159401509,0.35134667708076517,0.2703814915403292,1.4885015377549817,0.24353495861763808,1.836734693877551
0.04868769825230847,-3.836734693877551,-20.68564575666898,0.23765070363657026,0.16472691518377602,0.5268528161892515,0.45712282938255483,0.36787137699587724,0.26342274495571727,1.550853486252664,0.2549890077733963,1.836734693877551
0.0448513354428263,-3.673469387755102,-19.78755468145092,0.24758661357381362,0.17161396314307353,0.5431512540636838,0.47382109245832227,0.3845743027001576,0.2563036356890057,1.6184170141538905,0.26656659363242063,1.836734693877551
0.040553427292739,-3.510204081632653,-18.89794734097884,0.25727816004815063,0.178331631257026,0.5599436685454745,0.4912718217026926,0.4012237025036569,0.24902362446696952,1.6897500148444475,0.27810707816423186,1.836734693877551
0.03564594463820832,-3.3469387755102042,-18.017890063472766,0.26649301641418166,0.18471888296640526,0.577211761450889,0.5094712902125371,0.4175064339312522,0.2415544883386843,1.7642901684639405,0.2893934075450839,1.836734693877551
0.029915554376810094,-3.183673469387755,-17.14861644874113,0.27494694297096567,0.19057869832390084,0.5949240965306272,0.5284330782480655,0.4330082961734587,0.2338270313659523,1.84229321805533,0.30013847965169793,1.836734693877551
0.023066588177591003,-3.020408163265306,-16.291569718770244,0.2823090234280321,0.1956817036357721,0.6130000670976614,0.5481720684069968,0.4471907356196998,0.22571779677881598,1.92295758380194,0.30996899756732255,1.836734693877551
0.014715049869465941,-2.857142857142857,-15.448447494233,0.2882207620991246,0.19977940862784682,0.6312382729515689,0.5686451267798611,0.4593673794728841,0.21704094881103547,2.0052486577255517,0.31840920392283945,1.836734693877551
0.004416146425039585,-2.693877551020408,-14.621227357580278,0.29233900124326206,0.20263395447947752,0.6492031624223187,0.5896189492136239,0.46870130600948956,0.20755614078246207,2.0866128634388126,0.3248789887852417,1.836734693877551
0.008238764402458739,-2.5306122448979593,-13.812127031932148,0.2944156648120946,0.204073387977185,0.6660957786029649,0.6104593757158039,0.4742833636575723,0.19701008972971085,2.16563364575381,0.3287481763057327,1.836734693877551
0.023426476803220166,-2.36734693877551,-13.023429223116535,0.2944203241048866,0.20407661755284723,0.6807042565794934,0.6299325915532522,0.47539385707041415,0.18522856194981693,2.236280896924,0.32951791168387556,1.836734693877551
0.04083643881375023,-2.204081632653061,-12.25711623636687,0.29267204376068,0.20286480196143275,0.6915980187758232,0.6462686791466347,0.47198978730662233,0.17224613195003682,2.2990929808201614,0.32715839032467375,1.836734693877551
0.05952613303591805,-2.0408163265306123,-11.514367186579001,0.28986513545478587,0.2009192013831116,0.7016924402981819,0.6577444027706305,0.46515783902748753,0.15839709398555185,2.344047576117461,0.3224228446372597,1.836734693877551
0.07809963848187781,-1.8775510204081634,-10.795145842333385,0.2868443995244152,0.19882538678975847,0.7156243102891663,0.6635873541544257,0.4569552345200689,0.14425875342411523,2.3796298160494667,0.31673723244969443,1.836734693877551
0.09518446953613668,-1.7142857142857142,-10.098159523834365,0.28418509532840774,0.1969820975840455,0.7231241374816353,0.6644456518837429,0.4493436900612302,0.130437780471946,2.4017882546465894,0.311461311868344,1.836734693877551
0.1098714429883473,-1.5510204081632653,-9.421247169186433,0.2819125304193819,0.1954068756247147,0.7257489037968912,0.6619700463080965,0.44290283257320473,0.11734684904532784,2.409461654100309,0.30699684966012963,1.836734693877551
0.12183679353169512,-1.3877551020408163,-8.761958931744248,0.2795852277412254,0.1937937123350404,0.7254473946565551,0.657972029010544,0.4369845746678376,0.1051175416621765,2.411042751099721,0.302894625879198,1.836734693877551
0.131190463527271,-1.2244897959183674,-8.118037702236526,0.27658303301881393,0.19171274952770911,0.7239189911542702,0.6538477841334627,0.43052110710085145,0.0936484894121862,2.4109355480941024,0.29841449155850075,1.836734693877551
0.13825349599596265,-1.0612244897959184,-7.487681394766348,0.27234070583573855,0.18877219240174714,0.7223589358290758,0.6504475075214597,0.42253258126410653,0.0826990635756332,2.41214162450773,0.29287726739793074,1.836734693877551
0.14339435170122755,-0.8979591836734694,-6.86962246709636,0.2664407913764917,0.1846826833287758,0.7214780471852604,0.6481928964539987,0.4122954003147523,0.07196221605567865,2.414733860407208,0.2857813942860039,1.836734693877551
0.14694549674280588,-0.7346938775510204,-6.263109123634329,0.2586126072948085,0.1792565996036528,0.7216214435259054,0.6472405128917664,0.3993321925068716,0.061100095067412985,2.4199749272780045,0.2767959833429594,1.836734693877551
0.14917504970514445,-0.5714285714285714,-5.667853683742978,0.24870050077424244,0.17238605091551218,0.7228845138495711,0.6476039032209634,0.3833556487766465,0.04975109601048992,2.4293301820200583,0.26572188710126055,1.836734693877551
0.15028633432610075,-0.40816326530612246,-5.083982751188477,0.23663722081156635,0.1640244224210783,0.7251931493166583,0.6492222143207904,0.3642257406486449,0.03752057092284859,2.443256313299475,0.2524620452179658,1.836734693877551
0.15042866419675263,-0.24489795918367346,-4.512002466685518,0.22243583479191464,0.15418077174151357,0.7287031453128566,0.6519871452559088,0.341939454227298,0.023964072691960926,2.4622896989998204,0.23701436861985714,1.836734693877551
0.14971158755861644,-0.08163265306122448,-3.952780987418744,0.206203610361674,0.14292945114347622,0.7353297100942159,0.6557408882110236,0.3166597788771499,0.00856918538175302,2.482370050776762,0.21949183292543184,1.836734693877551
0.148219839710385,0.08163265306122448,-3.40754502487305,0.1881778868358639,0.13043497170400742,0.7420266855693277,0.6602530461793695,0.2888044384927322,0.009258420322574823,2.5065836324618846,0.20018398227443512,1.836734693877551
0.14602841620650014,0.24489795918367346,-2.8778840984716223,0.168781026619631,0.11699009273341043,0.7482524919272453,0.6651812047487129,0.25905194301424705,0.030197088647186687,2.5311332196574226,0.17956112391890056,1.836734693877551
0.14321758019587452,0.40816326530612246,-2.3657529267569606,0.14868418997368016,0.103060027074096,0.7563104458707044,0.6700202124920906,0.22840346706891523,0.05498804831503594,2.550136830823023,0.15831721922893438,1.836734693877551
0.13988683962943713,0.5714285714285714,-1.8734580333549269,0.12885393048129412,0.08931473861717643,0.762573333483966,0.6740506914408575,0.19830960188987268,0.08437563803408536,2.564634889139375,0.1374577414279301,1.836734693877551
0.1361653669676806,0.7346938775510204,-1.403609299196171,0.11053076818412544,0.07661409033195166,0.76585989966696,0.6763087152239431,0.17055982493813415,0.11899291881707312,2.568108459557788,0.11822306177266473,1.836734693877551
0.13221472228110753,0.8979591836734694,-0.9590128112864273,0.09506607430323655,0.06589478137019067,0.7651176886147268,0.6756137054378888,0.14703251599103373,0.15918652113739737,2.554072691913874,0.1019151739098203,1.836734693877551
0.12821958137265024,1.0612244897959184,-0.5424828945750435,0.08356148482034564,0.05792040760662531,0.7594269295665629,0.6706997872435194,0.12930105102803724,0.20480282122033572,2.5189218523679533,0.08962465896352168,1.836734693877551
0.12436532688220903,1.2244897959183674,-0.15656649300205816,0.07638319721578002,0.052944797792272125,0.748219158998502,0.6604750966453438,0.11815477887436732,0.2550038522981737,2.460792060645223,0.08189865184645129,1.836734693877551
0.12080809762119538,1.3877551020408163,0.19679215654216056,0.07285977862251114,0.05050255012841531,0.7314800593236971,0.6443640361553904,0.11258314529452829,0.3082209161059632,2.3804622978978993,0.07803668973947264,1.836734693877551
0.11764943804801158,1.5510204081632653,0.5165721646714706,0.07151734198323334,0.04957204395681947,0.7098388425272804,0.6225913497285287,0.1102602826944401,0.36233609012534757,2.2811515107554667,0.0764266040773931,1.836734693877551
0.11492748678363336,1.7142857142857142,0.8028788838374461,0.07074727957715377,0.0490382773711906,0.6844731460685696,0.5962325077426017,0.10884012076193805,0.4150763718183713,2.1681437718795884,0.07544222283794078,1.836734693877551
0.11262746453640964,1.8775510204081634,1.0569495548214867,0.06939293253048007,0.04809951553428893,0.6568504610456557,0.5669620499373826,0.10665229525478814,0.46446953059448354,2.0485094819651115,0.07392573775610245,1.836734693877551
0.11070317152380502,2.0408163265306123,1.280957839214564,0.06695027286357291,0.04640639287310466,0.628419064314939,0.536619556273993,0.10292378634841848,0.5091662302861952,1.928044239152005,0.07134133231996032,1.836734693877551
0.10909772439155874,2.204081632653061,1.4776926778347501,0.06344190534038807,0.04397457781604097,0.600373850251425,0.5068098160607163,0.09757804790659952,0.548526390504553,1.8119298785787865,0.06763594879100232,1.836734693877551
0.10775671112948741,2.36734693877551,1.6502173703235143,0.05916888032090517,0.0410127425713247,0.5735550113115218,0.478684229761587,0.09103660224619858,0.5825074599045276,1.7028656085737095,0.06310176417470892,1.836734693877551
0.10663357819501525,2.5306122448979593,1.8015894972195678,0.05449988831667163,0.037776443927532766,0.5484601646950241,0.4529127563445125,0.08386085202647697,0.6114644557285702,1.6032298840302193,0.05812791314150667,1.836734693877551
0.10569026752674393,2.693877551020408,1.934674241709014,0.049752879833560915,0.03448606838137036,0.5271130872832134,0.42977168982927927,0.07654587579578154,0.6359569184910477,1.514519082130893,0.05305755799133838,1.836734693877551
0.10489597903997334,2.857142857142857,2.0520455265328263,0.04515445680429675,0.0312986844236145,0.5074363427438904,0.40926708274856993,0.06944828708546247,0.6566077263757558,1.4347802743608336,0.04813788438800559,1.836734693877551
0.10422564536130048,3.020408163265306,2.155952040782487,0.04084294127116728,0.028310169587884904,0.48929130903011125,0.3912455669365874,0.06278751204194322,0.6740185167082378,1.362864951256289,0.04352098694624562,1.836734693877551
0.10365867676760451,3.183673469387755,2.248323565064927,0.03688810872549597,0.0255688885592662,0.4726340549472264,0.3754755320892099,0.05667538042017295,0.6887284227299569,1.2981885340499004,0.039284380145405695,1.836734693877551
0.10317804069896326,3.3469387755102042,2.3307983785445376,0.033312867977755456,0.023090720515146934,0.4573774122663006,0.3616992636024337,0.051149732848003726,0.7012001098546883,1.2400466893809037,0.03545429310998793,1.836734693877551
0.10276959273614372,3.510204081632653,2.4047591186085273,0.03011107614220121,0.020871407531592556,0.4434137621550158,0.34966296980114453,0.046202351658781726,0.7118206192692036,1.187757452173584,0.03202502978752353,1.836734693877551
0.10242157082379269,3.673469387755102,2.4713697947303417,0.027260323327475078,0.01889541625559188,0.4306291732020754,0.3391320757448078,0.04179912085804194,0.7209090003556045,1.1406224099808044,0.028972942772635957,1.836734693877551
0.10212419383089784,3.836734693877551,2.531610253719193,0.0247303667659442,0.017141783998027682,0.4189116532932049,0.3298975478442947,0.03789337223530964,0.728726202440537,1.098063400841631,0.02626568412681296,1.836734693877551
0.1018693313417818,4.0,2.5863065569062043,0.02248834455939841,0.01558773262680746,0.4081556032063759,0.3217771644392123,0.03443415532550942,0.735484942103785,1.0595857980898067,0.02386793767883999,1.836734693877551
0.046930452636802567,-4.0,-21.18486921177447,0.2526868050261748,0.17514914646859392,0.5268560057007738,0.4640963672189501,0.39180386581977134,0.258213323515856,1.5542006897788778,0.2715777449254606,2.0816326530612246
0.04322112704415881,-3.836734693877551,-20.287268485436357,0.26325031623814876,0.1824712144819869,0.5415854084794938,0.4803702024656064,0.40959264234903214,0.25123041514268235,1.6177467885042423,0.28390798522232963,2.0816326530612246
0.03910645804594654,-3.673469387755102,-19.39797474501325,0.2735949945621994,0.18964159909610223,0.5573057426748494,0.4972247491363631,0.4273810853461213,0.24414540938210524,1.6850249577044714,0.29623799433231257,2.0816326530612246
0.03444632387297934,-3.510204081632653,-18.51797086277816,0.28350388198586307,0.19650991647630067,0.5733797161205887,0.5146516291587664,0.44488716708487264,0.23692643209097425,1.755496488448611,0.30837228553218043,2.0816326530612246
0.029033062044025237,-3.3469387755102042,-17.64839165395309,0.29271854134336106,0.2028970316297709,0.58980201275697,0.5326746798658524,0.46174970654313574,0.22949690338071277,1.8288073817262773,0.3200605072147562,2.0816326530612246
0.0225703810351459,-3.183673469387755,-16.790570845130777,0.300948032299607,0.20860128008353596,0.6065345250451094,0.5513417278998428,0.47751205873080593,0.22172148233375824,1.9046655613970813,0.33098613719263303,2.0816326530612246
0.01465955212978658,-3.020408163265306,-15.94609657077917,0.3078904710312296,0.21341341191657026,0.6234358393368568,0.5706744261510786,0.491599233117753,0.2133964058473295,1.9820489824318135,0.34075062240100173,2.0816326530612246
0.004814572738109879,-2.857142857142857,-15.116856828355443,0.3132736439449002,0.21714474304414755,0.640142447363678,0.5905409915465667,0.5032980102444569,0.20425488869258462,2.059110586124304,0.3488595967823751,2.0816326530612246
0.007453971498889095,-2.693877551020408,-14.305029957725491,0.31692160963685545,0.2196733201783061,0.6559191737620246,0.6104299771496439,0.5117866946618874,0.19400700149627886,2.1339800664010986,0.3547435044529803,2.0816326530612246
0.02244233425524991,-2.5306122448979593,-13.512943053968725,0.31884761216046487,0.22100832339729726,0.6695692384078855,0.6291923617725844,0.5163203699412691,0.18243651903777552,2.1998303834408732,0.3578860086904583,2.0816326530612246
0.039960072431116475,-2.36734693877551,-12.742719967999744,0.3193463475587137,0.22135402043243846,0.6795873084421795,0.6450105892323708,0.5166688751768826,0.169550365075558,2.258426595035269,0.35812757411193363,2.0816326530612246
0.05911015968252843,-2.204081632653061,-11.995739493499434,0.3190013817553652,0.22111490835845804,0.689225274918983,0.6559460734660311,0.5136372534146743,0.15570109557366635,2.2997478038107433,0.3560262140349346,2.0816326530612246
0.07841604775538188,-2.0408163265306123,-11.272130355165338,0.3184957903872969,0.22076445912716625,0.701865675276094,0.660974383073148,0.5090742894004272,0.14154506968395095,2.330220212863979,0.3528634083934641,2.0816326530612246
0.09634015569446319,-1.8775510204081634,-10.570642590076593,0.31826189436247976,0.22060233475701985,0.707684384259831,0.6606554358448425,0.5048162023635445,0.12779935228455763,2.345621258421924,0.349911927369269,2.0816326530612246
0.11182450197374309,-1.7142857142857142,-9.88901963049505,0.318248370942817,0.22059296103680914,0.7083772817844031,0.656754541800529,0.5014079093665127,0.11496687371384987,2.3460958470021858,0.34754947868785413,2.0816326530612246
0.12447395896053455,-1.5510204081632653,-9.224628137608809,0.31800715062693996,0.22042575985496504,0.7060950148161022,0.6512680582685499,0.4982701486605605,0.10322419924865187,2.3401216477721394,0.3453745487012516,2.0816326530612246
0.13439682121126884,-1.3877551020408163,-8.57499937630679,0.31695972682657647,0.21969974100089185,0.7026959805308371,0.6457245926451268,0.49443725420987494,0.09248118264000853,2.33255242052377,0.3427177887193755,2.0816326530612246
0.1419469038006839,-1.2244897959183674,-7.938123916542522,0.31460380047003156,0.21806673728924597,0.6994625061286919,0.6410259111348762,0.4890375694337772,0.08249888894374349,2.3266475067100916,0.338975012440911,2.0816326530612246
0.14753256838511924,-1.0612244897959184,-7.312535969456346,0.3105844231451642,0.21528071722890751,0.6971415252105893,0.6375911469762034,0.48144090346756974,0.07298070367879558,2.323908417808295,0.3337094048447784,2.0816326530612246
0.15152092907843917,-0.8979591836734694,-6.697285278531016,0.30467885515134174,0.21118728942438447,0.6960942994051624,0.6355532723968071,0.47123464409047333,0.06361739058158418,2.324730149501871,0.32663496493348054,2.0816326530612246
0.15420629708222056,-0.7346938775510204,-6.091872297182175,0.2967557463453159,0.20569540889421778,0.6964361137053128,0.6349038443434726,0.4581578557989556,0.05409839693267578,2.3297126725298036,0.31757082599843534,2.0816326530612246
0.15580991334524877,-0.5714285714285714,-5.496185817610099,0.28674036909128153,0.19875327838833967,0.6981315582772409,0.6355753156801376,0.44204719672318893,0.04410477550872553,2.339600010637748,0.30640376808310554,2.0816326530612246
0.15649119964940444,-0.40816326530612246,-4.910457735825917,0.2745957528409084,0.19033527187541122,0.7010479637142336,0.6374781289033589,0.42280865345235874,0.03329361128496169,2.356670602797993,0.2930686260568489,2.0816326530612246
0.1563615331073841,-0.24489795918367346,-4.335237729886587,0.26032083175255405,0.18044065057030245,0.7061787472629094,0.6405092964447492,0.40041674491206525,0.021279103695617675,2.3774167122733085,0.27754773778478814,2.0816326530612246
0.15549748659101897,-0.08163265306122448,-3.771385866851286,0.24396523571305995,0.16910381528914975,0.7133877159115877,0.6445424076672517,0.3749430326716561,0.007613302806293976,2.4001200162068117,0.25989070596695374,2.0816326530612246
0.1539531742066702,0.08163265306122448,-3.220079277850308,0.22566110036807885,0.15641635548218846,0.7209469855690476,0.6494033491426399,0.34663110237775374,0.008230388021566105,2.427500863312346,0.2402663713075257,2.0816326530612246
0.15177232686164865,0.24489795918367346,-2.682827620944786,0.20567220011976017,0.1425611056325724,0.7283946895111285,0.654832960973809,0.3159128046774691,0.02686584325970558,2.4561566412575484,0.2189740698649718,2.0816326530612246
0.14900078322135085,0.40816326530612246,-2.161489766924972,0.18445724951329012,0.1278560224339791,0.7369681734095868,0.6604377922054849,0.2834790638367637,0.04898626495285467,2.4811479747301757,0.19649271384622535,2.0816326530612246
0.14569944730635317,0.5714285714285714,-1.658280275095782,0.16273432300924018,0.11279883717418637,0.7451818798121741,0.6656340540824924,0.2504268105394183,0.07532637420060984,2.5008757726406525,0.1735826376620171,2.0816326530612246
0.1419564302096222,0.7346938775510204,-1.1757487038088081,0.14151446970057124,0.09809035568138658,0.7510904314854022,0.6695993228652064,0.21825128191767984,0.10657824162374645,2.514868196610523,0.15128026071483358,2.0816326530612246
0.13789522219704137,0.8979591836734694,-0.7167089025200166,0.1220477353400038,0.0845970436446497,0.753640227435455,0.6712616743936801,0.18872654417420565,0.14324765892735053,2.514445087064268,0.13081527199117282,2.0816326530612246
0.13367418195916003,1.0612244897959184,-0.2840930412174125,0.10561338169399725,0.07320561775059531,0.7517983673032991,0.66937089579404,0.16363049283835718,0.1854562318314829,2.495100590628582,0.11342001476454122,2.0816326530612246
0.12947318912205166,1.2244897959183674,0.11928650742537676,0.09313463956767043,0.06455601282879742,0.7447514991290276,0.6626937209363175,0.1443157120302616,0.23273307051600386,2.453872128844697,0.10003202890427643,2.0816326530612246
0.12546780690547502,1.3877551020408163,0.4910572878822555,0.08475333982470046,0.05874653854253009,0.7321333020116974,0.6503293642732773,0.13125678978974964,0.2838876283760056,2.3898346685417016,0.09098027377211437,2.0816326530612246
0.1217988947624437,1.5510204081632653,0.82963377303805,0.07967665349119901,0.05522764772387645,0.7141918067542191,0.6320493800355871,0.12323594607802191,0.3370712721838535,2.30482723956193,0.08542064856761833,2.0816326530612246
0.11855083219443721,1.7142857142857142,1.1344942286304693,0.07651390587591322,0.05303539813151792,0.6917995518362351,0.6084870170354286,0.11807293205601965,0.39007164814629647,2.203016820099837,0.0818419199550755,2.0816326530612246
0.11574809459946586,1.8775510204081634,1.406288133836337,0.0738906772859731,0.051217114630436766,0.6662741933445826,0.5810369071486795,0.11376401854306195,0.44075217984929627,2.0907256590163685,0.07885520870229223,2.0816326530612246
0.11336902121403206,2.0408163265306123,1.6467313190863866,0.07089880523487002,0.04914330695361868,0.6390821011526157,0.551492502147087,0.1089995986176886,0.48745050098325765,1.9740251410461758,0.07555276446401615,2.0816326530612246
0.11136665920982676,2.204081632653061,1.8583314808314115,0.0671899742166131,0.04657254119014076,0.611555804347259,0.5216082498208466,0.10326755675930732,0.5291801363834214,1.858540693267285,0.07157961581102779,2.0816326530612246
0.10968647822137334,2.36734693877551,2.0440434485071926,0.0628218857673386,0.043544812997089455,0.5847225883154195,0.49278220396835215,0.09657909375623763,0.5656087052750993,1.7482331381468401,0.06694352653817015,2.0816326530612246
0.10827671313547363,2.5306122448979593,2.2069516214686855,0.05804378093208351,0.040232883102112815,0.5592609750454737,0.46593550621843977,0.08925621807832984,0.5968953196549631,1.6455281160915192,0.06186769590843744,2.0816326530612246
0.10709238362627674,2.693877551020408,2.3500351800700456,0.05313587697809785,0.03683098331394863,0.536242042876673,0.4415477446665971,0.0817161936423596,0.6234929618836502,1.5526682362867203,0.05664134922929254,2.0816326530612246
0.1060957833208607,2.857142857142857,2.476026643572099,0.04832782326319007,0.03349829443747954,0.5161458454764876,0.4197658734862323,0.0743141245249328,0.6459838581832512,1.4700716146194832,0.051510625890237804,2.0816326530612246
0.10525562880607923,3.020408163265306,2.5873472776222366,0.04377528959920696,0.030342718563885596,0.49749964458024865,0.4005221618546928,0.06729517168201715,0.6649697243451812,1.395236054217654,0.04664545851668711,2.0816326530612246
0.10454597124009271,3.183673469387755,2.6860946269176846,0.03956646740132985,0.02742538532394856,0.4803089791322763,0.38362984444330916,0.06080031525040086,0.6810110473784521,1.3277394440066674,0.04214356709297151,2.0816326530612246
0.10394524495660536,3.3469387755102042,2.7740601338883857,0.03573877475066345,0.02477223095508929,0.464518193228262,0.3688492754984174,0.054890914554083015,0.6946005192527998,1.2669418110342254,0.03804748266151936,2.0816326530612246
0.10343550713220435,3.510204081632653,2.852761094224492,0.032295780506397254,0.022385729201992,0.45003857623491333,0.35592873811935855,0.04957476822113582,0.7061567081460984,1.2122087415652634,0.034362610819392625,2.0816326530612246
0.10300183077515804,3.673469387755102,2.9234771854813713,0.0292206970922968,0.020254243803521588,0.4367666577048468,0.3446270781685854,0.04482723398671329,0.7160281062080214,1.1628750283815916,0.031071870850190475,2.0816326530612246
0.10263180792923339,3.836734693877551,2.9872862053600047,0.026485912360440178,0.01835863547719674,0.4245954477765103,0.3347246354042884,0.04060627321668875,0.7245015512898076,1.1183135065444092,0.028146123793194366,2.0816326530612246
0.10231513411070595,4.0,3.045096471453722,0.02405920607350831,0.01667657085636276,0.4134209406578894,0.32602721920438776,0.036862313870977825,0.7318117595714706,1.0779906914622368,0.02555100892858375,2.0816326530612246
0.04143983735786745,-4.0,-20.78972815498722,0.27870461042322026,0.19318331492391327,0.5399538154313165,0.48709413873699886,0.4344363595191134,0.24633607265655932,1.6170549394907587,0.30112833773339975,2.326530612244898
0.03749388081139855,-3.836734693877551,-19.901034239735903,0.28961884130949933,0.2007484832907176,0.5546198439072777,0.5033577222355415,0.4532386069436507,0.2394719920461542,1.6807606157267174,0.31416106252390863,2.326530612244898
0.03305859811200449,-3.673469387755102,-19.021407572088116,0.3001283495839786,0.2080331193202445,0.569531357630281,0.5200341171139781,0.47182506927993284,0.2325192805030528,1.7468020616516184,0.3270442164888854,2.326530612244898
0.027930060491366305,-3.510204081632653,-18.151894412968424,0.31000016547672216,0.2148757406733064,0.5847082958348249,0.537159484656564,0.48988654749369864,0.2253909997063767,1.8155875895945541,0.33956347918950236,2.326530612244898
0.021809981743328537,-3.3469387755102042,-17.293732204782422,0.3189836187713322,0.221102595996157,0.6001505747335091,0.5548129460434075,0.507048762642305,0.21793698915179008,1.8868758076665888,0.3514594202319219,2.326530612244898
0.014284830235910272,-3.183673469387755,-16.4484152538694,0.3268354429637319,0.22654506579737133,0.6157674520161235,0.5730736324189469,0.5228523263117091,0.2099326057749386,1.959585141721089,0.3624136158321689,2.326530612244898
0.004829457112626839,-3.020408163265306,-15.617758509971425,0.33336033441638113,0.23106777591123517,0.6312528783329822,0.5918973471450275,0.5367196602208253,0.20108155308871262,2.0325851241348367,0.3720257192331564,2.326530612244898
0.00712176162844412,-2.857142857142857,-14.803915768329855,0.3384673966517662,0.23460772170063637,0.6459169610499286,0.6108764038233832,0.5479399293282898,0.19105412813153932,2.103382699123536,0.37980301713011944,2.326530612244898
0.021978112422599685,-2.693877551020408,-14.009268756189979,0.3422335272415067,0.23721820450053532,0.6585594232051774,0.6289270287029798,0.5557745480612359,0.17958975942972116,2.16491230616074,0.3852335610156232,2.326530612244898
0.039661411979449834,-2.5306122448979593,-13.236086165541824,0.34494630733416365,0.23909856037323984,0.6675878135711185,0.644168216629774,0.5598278696288457,0.1666687151345827,2.2188136083852195,0.3880431094321146,2.326530612244898
0.05930863890415361,-2.36734693877551,-12.485940711990816,0.3470732451335463,0.24057284131210888,0.6771506633398543,0.6544387675420911,0.5606121073807162,0.1526699822141273,2.2562225883414744,0.38858670161871256,2.326530612244898
0.0793463058378392,-2.204081632653061,-11.75910945513899,0.34909855329150785,0.24197667795156486,0.6882580077384987,0.6584770551757936,0.5597093908888922,0.13834403791094702,2.281227827810915,0.38796098622755926,2.326530612244898
0.09805900627703447,-2.0408163265306123,-11.054360778696982,0.3512632035471124,0.2434770991731352,0.6921484760374205,0.6568014874140011,0.5587453370965894,0.12453101905368588,2.28938082039927,0.3872927550595171,2.326530612244898
0.1142420727651086,-1.8775510204081634,-10.369322166357799,0.3534100854856006,0.24496520433579372,0.6907140919374355,0.6513474914088431,0.5582011933586548,0.11182397741656107,2.2825715646604876,0.38691558336174836,2.326530612244898
0.12744441487895714,-1.7142857142857142,-9.701173120777959,0.35508398299258115,0.2461254616733033,0.6863338898063818,0.6443252201861476,0.5575678628073599,0.10043144927248815,2.268858423620086,0.38647659207575513,2.326530612244898
0.1377901689095738,-1.5510204081632653,-9.047250703387414,0.3557652010833494,0.24659764607226542,0.6810151815397264,0.6373909350071301,0.5560099919724033,0.09025599540948322,2.253871726897932,0.38539675829882913,2.326530612244898
0.14567768972798428,-1.3877551020408163,-8.405372818575376,0.3550362017402193,0.24609234223294485,0.6760961855812083,0.6314759063929707,0.552797926054398,0.08104178788512642,2.241107616286733,0.38317032386399097,2.326530612244898
0.15156035841222384,-1.2244897959183674,-7.773921562090996,0.35262515856710674,0.24442113445529334,0.6723229067354954,0.6269725675558213,0.5474252934079922,0.07248470550338519,2.2328653677287122,0.3794462986929501,2.326530612244898
0.1558408105312573,-1.0612244897959184,-7.151801921921639,0.3483774608651551,0.2414768547693149,0.6700363474950894,0.6239693716216226,0.5395737373582259,0.06428504065526716,2.229078223234101,0.37400401475404577,2.326530612244898
0.15883887235258903,-0.8979591836734694,-6.538362254470647,0.3422102277222434,0.23720205450444953,0.6693359051989562,0.6224166037376749,0.529045080774988,0.05616096481026469,2.2301196049932055,0.36670610612829124,2.326530612244898
0.1607935510905944,-0.7346938775510204,-5.933319191838456,0.3340757035141606,0.23156363198442076,0.6701870816364909,0.6222179996157828,0.5157064100007145,0.047842322933284144,2.2362764641618815,0.35746044408868594,2.326530612244898
0.1618763590487729,-0.5714285714285714,-5.336701825864651,0.32393938565613034,0.2245376718398675,0.6724816292179352,0.6232726046643097,0.4994570102198721,0.03905628113490052,2.2485761849820265,0.3461972184448041,2.326530612244898
0.16220607150182315,-0.40816326530612246,-4.7488173715722555,0.3117715364306206,0.21610356145572718,0.6760652267592451,0.6254881639477985,0.48021547635917283,0.029509985864504328,2.2674869213776603,0.3328600034996114,2.326530612244898
0.16186168860540415,-0.24489795918367346,-4.170236143462173,0.29755010846654795,0.2062460187588937,0.6826400130764286,0.628778451242334,0.45792508992553493,0.018872177155649882,2.289721193227528,0.31740948498954324,2.326530612244898
0.16089325357189335,-0.08163265306122448,-3.601792690471275,0.2812746493032643,0.19496473012754523,0.6903732111824701,0.6330500336402948,0.43257914393591346,0.0067547187906036085,2.314978657406831,0.29984101398821306,2.326530612244898
0.15933126129051192,0.08163265306122448,-3.044599800694019,0.26299248264517816,0.1822924978539655,0.6986597399535389,0.6381797104058009,0.40428127967726946,0.0073044838976590535,2.34479064961402,0.2802264291614658,2.326530612244898
0.1571957130816673,0.24489795918367346,-2.50007156947339,0.2428393725786102,0.16832342643180964,0.7071196191787166,0.6439816464484349,0.37326312705627407,0.0238539339359952,2.376589097876532,0.2587262841260447,2.326530612244898
0.15450582919077008,0.40816326530612246,-1.9699500966513521,0.22109569110944216,0.15325185492646254,0.7160553955113502,0.6501629117393085,0.3399512431279099,0.043529995428821563,2.406408550504465,0.23563624570195874,2.326530612244898
0.15129104429213172,0.5714285714285714,-1.4563270862751,0.19825361197245472,0.13741893217453227,0.7258725478212116,0.6562685680650696,0.30511133625980014,0.06703660669824685,2.431825518749712,0.2114870624853573,2.326530612244898
0.1476030053601419,0.7346938775510204,-0.9616463696519997,0.1750780423696563,0.12135485144648195,0.7340179157396847,0.6616243753441108,0.2698995171924481,0.09508800901539269,2.453164881158548,0.1870800893764355,2.326530612244898
0.14352669275722246,0.8979591836734694,-0.4886667289477697,0.1526225821726248,0.10578991252273329,0.7394943806458423,0.6652982898501285,0.23584713332419405,0.12829817530942084,2.4646916404856416,0.16347677550681006,2.326530612244898
0.13918672516302424,1.0612244897959184,-0.04035901741587444,0.13213938380987322,0.09159204132874188,0.7412328248651576,0.6661193961909436,0.20471416006521403,0.16701004418984092,2.460032860948652,0.1418970428698998,2.326530612244898
0.13474357669481246,1.2244897959183674,0.3802864747192823,0.11482622736232262,0.07959147575052916,0.7382533829301656,0.6628033217996409,0.1781731979537886,0.21108588249507682,2.435347519695493,0.12350024981301733,2.326530612244898
0.130376030123674,1.3877551020408163,0.7705484135717314,0.1014330731132076,0.07030804864395068,0.7298883428354024,0.6542123168375256,0.15736079870641984,0.2597263818590541,2.3883474519989054,0.10907419395401607,2.326530612244898
0.12625222723922586,1.5510204081632653,1.1283255222492314,0.09191349284406058,0.06370957842027747,0.7160004383789769,0.6397051660865858,0.14247820737232075,0.3114244396277269,2.319136336794153,0.09875836773135926,2.326530612244898
0.12249970143830036,1.7142857142857142,1.4524685689227583,0.0854051072886719,0.059198309322562315,0.6970933033815189,0.6194324076206092,0.13218776279711708,0.36413973188416654,2.2305691424548395,0.09162557508734803,2.326530612244898
0.11918783436952088,1.8775510204081634,1.7429857178425736,0.0806278566919918,0.05588697154064515,0.6742363553400645,0.5943987947640746,0.12449762765130723,0.41567608271677986,2.127934882612525,0.08629517959290522,2.326530612244898
0.11632951445359921,2.0408163265306123,2.0010437252167526,0.07642369801985183,0.05297287081042512,0.64882080200936,0.5662245060942125,0.1177218295514546,0.4641156295865013,2.0172595456231823,0.08159855424394902,2.326530612244898
0.11389730055887037,2.204081632653061,2.2287667733975756,0.07208228129770289,0.04996363004983184,0.6222573925548366,0.5367224460570021,0.11084007003616447,0.5081261740983616,1.904119857323071,0.0768284820386338,2.326530612244898
0.11184323309648855,2.36734693877551,2.428912001799575,0.06735869623192103,0.046689490379349774,0.5957403034159096,0.5075025384539625,0.10349250261747667,0.5470478682846229,1.7938390133297006,0.07173553639839625,2.326530612244898
0.1101140098965169,2.5306122448979593,2.604527214492956,0.062315816328635254,0.04319403239248487,0.5701367469279713,0.479747322727259,0.09574034911594342,0.5807941766296769,1.6893651425335352,0.06636215305554094,2.326530612244898
0.1086593016407543,2.693877551020408,2.758669349155841,0.05714705987851465,0.03961132343208296,0.5459870949658452,0.4541719390736657,0.08781022461662014,0.6096678049309314,1.5931870298975315,0.060865409617345545,2.326530612244898
0.10743490324152875,2.857142857142857,2.894215177394483,0.05205640477829343,0.03608275020216145,0.5250105834016572,0.4311000827501926,0.07999228995355967,0.6341795404980041,1.5067158119443,0.055446430247843015,2.326530612244898
0.10640317338025537,3.020408163265306,3.01375892907398,0.04720263323736562,0.032718372143485164,0.5059260776848084,0.4105796290039704,0.07252753682495827,0.6549129100515078,1.4290407515257448,0.05027225766317711,2.326530612244898
0.10553244132997272,3.183673469387755,3.119574730155549,0.04268633265023691,0.029587911124955513,0.4882344517731208,0.392490144414168,0.06557353814739963,0.6724407743225284,1.358715112480095,0.04545211308621022,2.326530612244898
0.1047961804890952,3.3469387755102042,3.213619904114463,0.03855735096972435,0.0267259191145246,0.4719216938649389,0.3766238878645836,0.05921071340725126,0.6872827558879288,1.2952137322521833,0.041041739057178894,2.326530612244898
0.10417222618750019,3.510204081632653,3.297560181761132,0.03482847171078962,0.024141256969545832,0.45692530803409964,0.3627393224144418,0.05346172380004521,0.6998891394186059,1.2379473546498114,0.037056843119875005,2.326530612244898
0.10364209692357348,3.673469387755102,3.372804163420768,0.0314885012912236,0.021826165890069582,0.44315735094998354,0.350592963561548,0.04831132287230355,0.7106396404925113,1.1862994321004416,0.03348685723805778,2.326530612244898
0.10319041327002723,3.836734693877551,3.4405395728991848,0.028512454219265404,0.019763327252928287,0.43051924625724936,0.33995636823459074,0.043722189292564995,0.71984936360806,1.1396539361094458,0.03030591223605006,2.326530612244898
0.10280439917276207,4.0,3.5017674116393995,0.025868641124558334,0.017930775660404352,0.41891082174374006,0.3306238177963726,0.039646084920816005,0.7277774691032859,1.097437265615662,0.02748057198310372,2.326530612244898
0.03576090647122242,-4.0,-20.406945913252134,0.3052889609657701,0.21161018254949848,0.551857947671228,0.5095679652254652,0.4786980779752028,0.23503047397812268,1.6764096450819261,0.33180822308797664,2.5714285714285716
0.03153176843232629,-3.836734693877551,-19.52797670031882,0.31631026323684397,0.2192495671447925,0.5656425005861334,0.5255125477722901,0.49822972234712726,0.22835632956880306,1.7383547252022187,0.34534652731607496,2.5714285714285716
0.026659161771766575,-3.673469387755102,-18.658849399191112,0.32674314207370037,0.22648108769568354,0.5796236465917517,0.5417791890626639,0.5173416763928169,0.22152896341951359,1.8026966235429953,0.35859392437783644,2.5714285714285716
0.020840809068893316,-3.510204081632653,-17.800717801098543,0.33637810907572163,0.2331595379079221,0.5938353378877586,0.5584777367213126,0.5357435074868624,0.21438096236458265,1.869488515855852,0.3713491017178141,2.5714285714285716
0.01364694374592714,-3.3469387755102042,-16.954998134426162,0.34503300929555714,0.23915865759332866,0.6082288924333191,0.5757393796551661,0.5530958552936527,0.20666416218039485,1.9377952215850918,0.38337683267618594,2.5714285714285716
0.004512960382922615,-3.183673469387755,-16.123450262895876,0.3525954014068047,0.24440050836352833,0.6225414581437356,0.5935956487582352,0.568966908999958,0.19804964798628108,2.0070045540698023,0.3943778088052272,2.5714285714285716
0.007201552890925072,-3.020408163265306,-15.30822170807135,0.3590711416515733,0.24888914945622842,0.6361084863176649,0.6117236324834139,0.5827746774178477,0.18816447012338935,2.0738400057075967,0.40394862455391234,2.5714285714285716
0.022014792706041293,-2.857142857142857,-14.5117643609422,0.36461740632979023,0.2527335271805742,0.6477029743870868,0.6290792698223443,0.5938086538725318,0.17670132129183663,2.1317562886430474,0.4115967942238412,2.5714285714285716
0.03995116939713497,-2.693877551020408,-13.736499856216863,0.36952553259759346,0.25613558106493417,0.655626459665688,0.6436890075821021,0.6015176283483159,0.1636165932439138,2.1802472095615233,0.41694024814673947,2.5714285714285716
0.06016178982665421,-2.5306122448979593,-12.984188591844298,0.37413292484604543,0.2593291820116821,0.6654295550843599,0.6531499418689861,0.6061029876755666,0.14932875289668687,2.2133567961626044,0.42011857703627786,2.5714285714285716
0.08094871556111313,-2.36734693877551,-12.255229752064091,0.37868155334862097,0.2624820510336572,0.6747261496013837,0.65598394778846,0.608816300362478,0.13470350275150836,2.232444977280445,0.42199930207518843,2.5714285714285716
0.10040138388065253,-2.204081632653061,-11.548369561098538,0.38317562399966265,0.2655971034346638,0.6764201871836022,0.6527384731781012,0.6110074523834039,0.12071890737366808,2.2327832442588815,0.4235180929206708,2.5714285714285716
0.11717626249547013,-2.0408163265306123,-10.861084243535561,0.3873348576942881,0.26848006454338336,0.6726737148568951,0.6455934404610841,0.6130785759432138,0.10805465662377642,2.2189872161896718,0.42495368637674513,2.5714285714285716
0.13079122162063855,-1.8775510204081634,-10.190353834061014,0.3907085650833495,0.27081854030814556,0.6661201808318892,0.6370010282787401,0.6146079168161296,0.09693363205207069,2.1971533460943,0.426013744690922,2.5714285714285716
0.1414100733880827,-1.7142857142857142,-9.533334793661105,0.39285896756820105,0.2723090857275894,0.6588963474403526,0.6287287746617786,0.6149248787238348,0.08723107063911188,2.1750663223183397,0.4262334459435926,2.5714285714285716
0.14948933840500517,-1.5510204081632653,-8.887704129685217,0.39347378047178383,0.2727352415582802,0.6523579828888175,0.6217055697145311,0.6134710287277545,0.07865805959276244,2.1558671869789876,0.42522571391785124,2.5714285714285716
0.155531711601252,-1.3877551020408163,-8.251733266259727,0.39237809455081507,0.2719757699513814,0.647212460413805,0.6162696164048149,0.6098820887547229,0.07089021649134783,2.14229062683366,0.4227380502943463,2.5714285714285716
0.15997435098155013,-1.2244897959183674,-7.624228823276484,0.3894945678102242,0.2699770615210715,0.6437494044676846,0.6124463202028554,0.6039455976309176,0.06362519355457623,2.1341286568384437,0.41862318820946154,2.5714285714285716
0.1631596112315742,-1.0612244897959184,-7.0044371447552125,0.3847973360442505,0.26672118856604987,0.6420261233487944,0.6101323442190068,0.5955379112986368,0.05659561982550872,2.131276756581539,0.412795424133209,2.5714285714285716
0.1653412542095986,-0.8979591836734694,-6.391957172742017,0.378278022229265,0.2622023445760078,0.641983815411929,0.6091919527580808,0.5845754202707618,0.04956187992762888,2.1338270726952353,0.4051968043853229,2.5714285714285716
0.1667009795586442,-0.7346938775510204,-5.786675411709112,0.36992572147089264,0.25641297085415315,0.643510553170454,0.6094991056862107,0.5709844040287,0.04229786908767204,2.1421956650036806,0.3957762297961933,2.5714285714285716
0.16736502381222898,-0.5714285714285714,-5.1887237536663005,0.35971776992789684,0.24933735802283286,0.6464706124338524,0.6109511342431361,0.5546859863013927,0.03457501708200641,2.1574956288014446,0.3844790275009222,2.5714285714285716
0.16741777916454326,-0.40816326530612246,-4.598457056329359,0.34761826745454316,0.24095062199724926,0.6512678263507253,0.6134684191896034,0.5355927976080648,0.026146063325965453,2.177297739593155,0.3712446375902432,2.5714285714285716
0.16691224988337625,-0.24489795918367346,-4.016447039797809,0.3335829434357871,0.2312220767254034,0.6585241980849333,0.6169866243361091,0.5136163149382962,0.01672865103422667,2.2008657195967656,0.35601170058906906,2.5714285714285716
0.16587811933028826,-0.08163265306122448,-3.4434897048847373,0.31757068980822556,0.2201232282690484,0.6666985527538956,0.6214434833821585,0.48868719317108766,0.005988638649419453,2.2282727931150537,0.3387321501222931,2.5714285714285716
0.16432844791921303,0.08163265306122448,-2.8806239989198854,0.2995636089268614,0.20764167092601626,0.6755657712406399,0.6267595572055453,0.4608015470373803,0.006476351347815479,2.2599031884110596,0.3194032931266211,2.5714285714285716
0.16226605716371267,0.24489795918367346,-2.3291593482282984,0.2795985336861131,0.193802935313224,0.6848241459627098,0.6328109120351243,0.43003540559259523,0.02115120254591716,2.2939900414978855,0.2980778289274597,2.5714285714285716
0.15969062063643907,0.40816326530612246,-1.7907085337065731,0.25781305547454547,0.1787023925137261,0.6940676202179906,0.6393911758994496,0.3966012603072886,0.038610967408308605,2.3276867442348372,0.2749030453885175,2.5714285714285716
0.15660732651323833,0.5714285714285714,-1.267219737067143,0.23450665330372944,0.16254762556002889,0.7050418288145618,0.6461615897393072,0.36097659073908916,0.05951371752384325,2.3583799262199796,0.25020990611894023,2.5714285714285716
0.15303749805481498,0.7346938775510204,-0.7609969673802295,0.21020992690023732,0.14570641815661167,0.7150117370742726,0.6525921058216715,0.3239813453435829,0.08456564146048615,2.384640888746938,0.2245667560789224,2.5714285714285716
0.14903046396153358,0.8979591836734694,-0.27469147312833747,0.18573924993963242,0.128744637414975,0.722983776518189,0.6579065700538316,0.2868290736725916,0.11444179033938946,2.4060719259012724,0.19881476371877715,2.5714285714285716
0.1446740848262665,1.0612244897959184,0.18876038908130144,0.16219108935739346,0.11242229630002343,0.7279211827045244,0.661061512864328,0.2510917776535222,0.14964848874180453,2.4145137050038614,0.17404355774232316,2.5714285714285716
0.14009911859258867,1.2244897959183674,0.6262805452820267,0.14081324260572536,0.09760430209766202,0.7287626925073949,0.6608055846989769,0.2185151826391012,0.19033077954717015,2.4053766401806627,0.1514631827558337,2.5714285714285716
0.13547173162269743,1.3877551020408163,1.0348925769891975,0.1227145532395153,0.08505924659164332,0.7246154682127759,0.6558667170699486,0.1906606213605726,0.23606636466895284,2.3753619026271533,0.1321558721398879,2.5714285714285716
0.130971478065917,1.5510204081632653,1.4120541253729375,0.10848028369725915,0.07519280279109797,0.7149904962933858,0.6452688856609541,0.16845922146627146,0.2857351942633769,2.3229854867083723,0.11676703439866909,2.5714285714285716
0.12675970234381645,1.7142857142857142,1.756018965659946,0.09791129484216032,0.06786693796481691,0.6999913840872808,0.6286847048745351,0.15188206730302145,0.3375705773795875,2.2494013802940565,0.10527662672870486,2.5714285714285716
0.12295105130620006,1.8775510204081634,2.066126183984314,0.09011759818749931,0.06246475910249916,0.6803526195784904,0.6066459822289225,0.13954383580653973,0.38943628013426246,2.1585882370373923,0.09672441635382212,2.5714285714285716
0.1196008344800366,2.0408163265306123,2.3429141650068317,0.08394219009491932,0.058184292394320325,0.6572851044194767,0.5804664269699165,0.12965889230289918,0.43924676568161436,2.0562979031250643,0.08987269563428013,2.5714285714285716
0.11671142917344952,2.204081632653061,2.5880174437182015,0.07841603401833774,0.05435385289050343,0.6321938875563972,0.5518961798625956,0.12081875765156358,0.4853531220627266,1.9477524722073822,0.08374518122493635,2.5714285714285716
0.1142501030261279,2.36734693877551,2.8038914063992126,0.07297951403259972,0.05058554439033114,0.6063964351151636,0.522688998465457,0.11222148866590498,0.5267454712436386,1.838886307269292,0.07778600846701123,2.5714285714285716
0.11216756883413308,2.5306122448979593,2.99346532124976,0.06745189911320315,0.046754093693730736,0.5809414987606399,0.4942769549796031,0.10359873981888024,0.5630434607194457,1.7337658505674551,0.07180917441502022,2.5714285714285716
0.11041100891999975,2.693877551020408,3.1598210420332316,0.061883959215927486,0.04289469185240713,0.556551205429875,0.46763456320914687,0.09500834682824477,0.5943496629727543,1.6350327547678405,0.06585476773365873,2.5714285714285716
0.1089308614825885,2.857142857142857,3.305953097851404,0.05641562110931764,0.03910432871146163,0.5339586279115061,0.44329892547133154,0.08660957317681683,0.6210644884482603,1.5449165214701095,0.060033181457010976,2.5714285714285716
0.10768335735185838,3.020408163265306,3.434621530051037,0.051187166413593665,0.035480240080435044,0.5145260236699637,0.42146836484133987,0.07858238288852659,0.6437280002180978,1.4642188182282645,0.05446915714086442,2.5714285714285716
0.10663091115868598,3.183673469387755,3.548281971953005,0.046301118731158386,0.03209348990527361,0.49638529344528687,0.40211576838955276,0.07107562096086761,0.6629115435266002,1.3911054918566947,0.04926586627557228,2.5714285714285716
0.10574167312977822,3.3469387755102042,3.6490689174179085,0.0418153727254027,0.028984207708676157,0.47957601390160604,0.38508373381690386,0.06417808921799129,0.6791555838569409,1.3248738246432419,0.044484861595175396,2.5714285714285716
0.10498884637457313,3.510204081632653,3.7388103469727767,0.03775036866261461,0.026166561603589544,0.46407084535549487,0.37015233209433507,0.05792328017040971,0.6929407079831742,1.2650089515728864,0.040149358338902985,2.5714285714285716
0.10434999253730681,3.673469387755102,3.81905784051776,0.03410004496077512,0.02363635002152864,0.4498037484236969,0.3570821862531461,0.05230400860712825,0.7046789119463301,1.2109617127593577,0.036254376098014074,2.5714285714285716
0.10380639145633622,3.836734693877551,3.89112214779376,0.030841884092526417,0.02137796500189104,0.4366889562881859,0.3456392566056198,0.04728724058008682,0.714715727492402,1.1621186616797141,0.03277701748454653,2.5714285714285716
0.10334246911204885,4.0,3.9561085751408376,0.027944568044340645,0.019369698551900294,0.4246330817012831,0.3356075052377746,0.042825821757990656,0.723337250237431,1.1179247567581316,0.029684597606713936,2.5714285714285716
0.029908614039256633,-4.0,-20.037482836103553,0.33200837152791696,0.23013066664687476,0.5616977564295623,0.5309983906245996,0.5240306998845741,0.22445243756414576,1.7300636577717994,0.36323040215184754,2.816326530612245
0.025265769324474253,-3.836734693877551,-19.169016433538516,0.3429155608876542,0.2376909541994101,0.5745368168618433,0.5464444029780621,0.5440607953197873,0.2179209981238718,1.7899357473763053,0.3771142063291122,2.816326530612245
0.019710301455161554,-3.673469387755102,-18.311235649426685,0.35311249460235716,0.24475893005411264,0.5875824158409005,0.562247260049013,0.5635650407432071,0.2110594674239103,1.852456126133534,0.3906335190533041,2.816326530612245
0.012793571120370013,-3.510204081632653,-17.4654946348862,0.3624814481482894,0.2512529937892731,0.6008197368371759,0.5785862847225856,0.5823294778731807,0.20359358237111252,1.9166451736811423,0.4036400357447403,2.816326530612245
0.0039089708221360375,-3.3469387755102042,-16.633517601096553,0.37099948803860894,0.2571572491231453,0.6140148788859107,0.595558671007576,0.6000775945533938,0.1951583539994406,1.9823539776061716,0.4159420927818793,2.816326530612245
0.007660416462978131,-3.183673469387755,-15.817467465358964,0.37878069733288156,0.26255077240681723,0.6265069938675392,0.6129072401759105,0.6163699113120109,0.18533345630523554,2.0453492989979307,0.4272350662079041,2.816326530612245
0.022539995088448214,-3.020408163265306,-15.019887073391528,0.3860761035868623,0.2676075626828034,0.6370143465762736,0.6295960941410093,0.630535121748264,0.17376235871325757,2.099633546474562,0.43705364188383067,2.816326530612245
0.04084490646165776,-2.857142857142857,-14.243363776127186,0.3931830493441546,0.27253372209686266,0.6437075431686479,0.6435162684132767,0.6418600555033658,0.16038283686058993,2.1427448236157813,0.4449034877862075,2.816326530612245
0.06171050333305892,-2.693877551020408,-13.489838112959005,0.4002809863082386,0.2774536370913099,0.6539938700242409,0.651993243270776,0.6502027649322857,0.1456723908583965,2.170945827763874,0.45068621330509373,2.816326530612245
0.0832742856902963,-2.5306122448979593,-12.75979393456398,0.40731691863370356,0.2823305737453168,0.6611626751970574,0.6533651174149121,0.6564138745444716,0.13064011731570155,2.1835585930616976,0.45499142642093027,2.816326530612245
0.1034103393683389,-2.36734693877551,-12.051897940788443,0.41401961422376443,0.2869765282957184,0.6603782345601185,0.6483096198432763,0.6615274413676233,0.11641736657087062,2.1754981618748785,0.4585358808470028,2.816326530612245
0.12065359163344822,-2.204081632653061,-11.363427212274713,0.4199871634946839,0.2911129182477088,0.654158886918378,0.6393422179423863,0.6658759503572473,0.10376026342274051,2.154353947187503,0.46155003759279944,2.816326530612245
0.13452727200405346,-2.0408163265306123,-10.69114600900677,0.4248014898826069,0.2944499550097932,0.6454086032720388,0.6291758124080626,0.6691638908630875,0.09288153754416525,2.124535379095979,0.4638290642842713,2.816326530612245
0.1452643212174305,-1.8775510204081634,-10.032044665284568,0.4281361689783334,0.29676137842306805,0.6363578219950023,0.619654698662859,0.6709255516469268,0.08360699977838368,2.095980977765402,0.4650501544896928,2.816326530612245
0.15339331105944404,-1.7142857142857142,-9.383691632649821,0.4298027624037859,0.29791657295706053,0.6283317707242531,0.6116618928634149,0.6707967426794488,0.0756007537516786,2.0711262024382795,0.4649608709170554,2.816326530612245
0.15946864722973747,-1.5510204081632653,-8.744286798580996,0.42973109663861697,0.29786689803399113,0.6219602785806541,0.6054507167480019,0.6685625826665991,0.06850996698677222,2.052759685645506,0.46341226920322853,2.816326530612245
0.1639589408145797,-1.3877551020408163,-8.112579216540274,0.4279225735946004,0.2966133253850529,0.6174550693065889,0.6009671284024715,0.6641157479146291,0.06202308159317014,2.040619794301998,0.4603299582324847,2.816326530612245
0.16722438307321097,-1.2244897959183674,-7.487754867227832,0.42440782486439277,0.2941770872123326,0.6148130825920322,0.5980466788905987,0.6574048683730624,0.05587925947860983,2.0342351641950036,0.4556783309991701,2.816326530612245
0.1695289626998838,-1.0612244897959184,-6.86933873551946,0.4192186599380401,0.2905802321741706,0.6139361129442408,0.5965102879306444,0.648396559523039,0.049858337685607344,2.033414729012743,0.4494342471181625,2.816326530612245
0.17106090935326618,-0.8979591836734694,-6.257122498317673,0.41237271605288184,0.2858349854719018,0.6146925103691342,0.5962026273973271,0.6370522535767544,0.04376553971253146,2.038431098566386,0.441570973436086,2.816326530612245
0.1719514717381107,-0.7346938775510204,-5.651116527730073,0.4038665794814067,0.27993898088992597,0.6169449820737246,0.5970029143287751,0.623315877941486,0.03741607723612628,2.05009835553639,0.43204964339338714,2.816326530612245
0.17228955108769023,-0.5714285714285714,-5.051521810298329,0.39367405117349596,0.27287405863052006,0.6205598378447905,0.5988237250131216,0.6071089147574913,0.030620723807333827,2.0670338508414265,0.4208158325569631,2.816326530612245
0.17213237833199643,-0.40816326530612246,-4.4587176777905375,0.3817478005147157,0.26460741161173584,0.6266642713061011,0.6016047855595384,0.5883311110479985,0.023171990083411597,2.087804405078983,0.4078000508586195,2.816326530612245
0.17151315322137317,-0.24489795918367346,-3.8732623735833607,0.3680240458327577,0.25509482974723996,0.6342288030065947,0.6053041398914564,0.5668669958637325,0.01483020000537183,2.112449173692619,0.39292225993543184,2.816326530612245
0.17044663923169118,-0.08163265306122448,-3.2959045234364295,0.3524310791677414,0.24428660886681897,0.6427459976632927,0.6098867241066983,0.5426007243513693,0.005308942033391761,2.1413604933585346,0.37610216225393556,2.816326530612245
0.16893363526298388,0.08163265306122448,-2.727604225491056,0.3349035463181713,0.23213744888996724,0.6520448638168475,0.6153089848978426,0.5154499747121881,0.0057400868125681015,2.174231342251997,0.35728269669144863,2.816326530612245
0.16696519678800498,0.24489795918367346,-2.1695625403696654,0.31540543107493013,0.21862238528288191,0.6618945119007944,0.6214972060234492,0.485375468941331,0.018741782046362832,2.20986450979735,0.33643663780964417,2.816326530612245
0.1645274859249781,0.40816326530612246,-1.6232573971503488,0.2939653948347214,0.20376128461187815,0.6719775825570896,0.6283165885754762,0.45242487022188316,0.034208967741560306,2.2463115194755137,0.3135970232094971,2.816326530612245
0.16160813582813166,0.5714285714285714,-1.090481928064923,0.2707275898662118,0.1876540656155541,0.68310157887278,0.6355283611384159,0.4168397379317539,0.05274443915927658,2.2811639727744315,0.288931289092742,2.816326530612245
0.1582048652782713,0.7346938775510204,-0.5733774671917957,0.2460173739150524,0.17052624909798042,0.6944831479778449,0.6427345529993457,0.3791376490996763,0.07502347302185294,2.312578076907012,0.26279819251756553,2.816326530612245
0.1543364959479176,0.8979591836734694,-0.07444749059761795,0.2204114859542936,0.1527776000522465,0.7044869235520232,0.6493167520435366,0.3401957908738482,0.10174185341812121,2.340227425624979,0.23580575328256836,2.816326530612245
0.15005516191147888,1.0612244897959184,0.4034688885392731,0.19478369878453838,0.1350137716315405,0.7121619032596345,0.654388526952636,0.30129337719248284,0.13351263664764979,2.3597627291293963,0.2088406549223527,2.816326530612245
0.14545625828227016,1.2244897959183674,0.8572918414780962,0.17027349798558866,0.11802459505279028,0.716445807371526,0.65680031494686,0.26404821435425596,0.17070290822809248,2.364634425556041,0.18302427531153986,2.816326530612245
0.14068037541098644,1.3877551020408163,1.283890985205513,0.148117231341228,0.10266704129651716,0.7163114048656332,0.6552494730445707,0.2301880829539118,0.21322841531468056,2.350814673851509,0.1595542206980025,2.816326530612245
0.13590140683479626,1.5510204081632653,1.6803790139686938,0.1293283154924465,0.08964355725015638,0.7109858878533354,0.6485312793243099,0.20115752318784486,0.2603696097822894,2.315571594176608,0.13943177004607588,2.816326530612245
0.1312998663225862,1.7142857142857142,2.044475579592765,0.11433791135517923,0.0792530008869552,0.7001831735081308,0.6358944085271857,0.17769586080872912,0.31071263444438724,2.2583279551482756,0.12316938491674367,2.816326530612245
0.12702946250941274,1.8775510204081634,2.3748562740658956,0.10282678269663759,0.07127409451222455,0.6842441153893324,0.6173591298907309,0.15958503699734017,0.3623031763227941,2.181222206321061,0.11061591845426033,2.816326530612245
0.12319138301535829,2.0408163265306123,2.6713742804379663,0.09390819876903977,0.0650922032082224,0.6640960859297386,0.5938130105887318,0.1454464023884432,0.4130021410587973,2.0896341221222023,0.10081576373813661,2.816326530612245
0.11982714365975085,2.204081632653061,2.935073384208253,0.08654852597404661,0.05999086676052978,0.6410348566261976,0.5668013740874572,0.13369818887505414,0.46090654662399866,1.9880526458876369,0.09267252266471493,2.816326530612245
0.11692927189301572,2.36734693877551,3.167992703631491,0.07993677952342049,0.05540795334970072,0.6164311128621549,0.5381173634496057,0.12316281741456026,0.5046579535153916,1.8823919940338352,0.08536995964072158,2.816326530612245
0.11446008865480102,2.5306122448979593,3.372842443738402,0.07362427227856472,0.051032456750665034,0.5914869722117205,0.5093996668071515,0.11319591254213623,0.5435425683027914,1.7779568166943376,0.07846142762949171,2.816326530612245
0.11236882786582077,2.693877551020408,3.552657231521945,0.0674669557496097,0.04676453015880466,0.5671094700427076,0.48188941088712156,0.10358009382928746,0.5774099331590483,1.6781373920100082,0.0717962499999043,2.816326530612245
0.11060278454382688,2.857142857142857,3.710507265352476,0.061494941687799454,0.042625045449596444,0.5438938411562145,0.456369912795625,0.09434090223560476,0.606503157558851,1.5850381484547222,0.06539213039609049,2.816326530612245
0.1091128825311487,3.020408163265306,3.8493006753023065,0.05580012377671828,0.03867769847072844,0.5232372099572288,0.4332280360574332,0.08558449568243942,0.6312853864193249,1.5006151638820948,0.05932265188192698,2.816326530612245
0.10785572500745985,3.183673469387755,3.971673433909915,0.05047062687780279,0.034983572721442036,0.5047236171414607,0.4125626022503656,0.07740376224117629,0.6523062451429802,1.4248735997865418,0.053652199562202796,2.816326530612245
0.10679391163621976,3.3469387755102042,4.079945666531697,0.045564610329248634,0.03158298118303127,0.4874604107161016,0.39429037563187397,0.06987333567847509,0.670116810489204,1.3559232498287423,0.04843250562185286,2.816326530612245
0.10589565357515571,3.510204081632653,4.176120670952412,0.04110689683776192,0.02849312964466333,0.4714660982984598,0.3782286619057861,0.06302798637556828,0.6852241601055975,1.2934291193264942,0.04368767105259552,2.816326530612245
0.10513416049502688,3.673469387755102,4.261907491871236,0.03709532173792596,0.02571251767460736,0.45670442534460237,0.3641515411391338,0.056864722043676874,0.6980724163375083,1.2368965128594573,0.03941562175789892,2.816326530612245
0.1044869876241183,3.836734693877551,4.3387540045771615,0.033509366342618474,0.023226922802736194,0.4431080091275821,0.35182442684710985,0.05135324344920367,0.7090392084378467,1.1857721764804772,0.03559535590942353,2.816326530612245
0.10393541191871045,4.0,4.407882647089619,0.030317813538233818,0.021014706974769037,0.43059407414911754,0.34102328511319396,0.04644674466037024,0.7184399677817049,1.1394913889703502,0.03219443010752343,2.816326530612245
0.023788009731716603,-4.0,-19.682185233318748,0.35850075519335656,0.24849378769088615,0.5694428271399482,0.55108375846902,0.5700112936005457,0.21456896111278212,1.777539736225569,0.3951017210465446,3.061224489795918
0.018457763676050815,-3.836734693877551,-18.825031486662354,0.36918422836910647,0.25589900700124457,0.5813902461717567,0.5660510489265059,0.5905059618308286,0.20796956843976142,1.8357572979548922,0.4093075425468773,3.061224489795918
0.01176352425674533,-3.673469387755102,-17.97960160181104,0.3791970399661735,0.26283935912922995,0.5935420055814525,0.5815466630168353,0.610579734229165,0.20071332474802395,1.8961210705872982,0.4232216212879871,3.061224489795918
0.0030519134416808315,-3.510204081632653,-17.147605238631783,0.3886137475778422,0.26936652346041545,0.6056784815757928,0.5977248001247258,0.630121329729862,0.19239503274204547,1.9586283014620076,0.4367668231129378,3.061224489795918
0.008475391667171437,-3.3469387755102042,-16.331245941981454,0.3976687008465296,0.2756429387887078,0.6171185703898361,0.6143743492818377,0.6488438111328589,0.18254190617013505,2.017898824785476,0.4497442583105107,3.061224489795918
0.02355156374000123,-3.183673469387755,-15.533183596752762,0.4067171681848598,0.28191485841266073,0.6264924711321487,0.6304288705334017,0.6661140595725601,0.17074571070866754,2.0684913499769335,0.46171508232405856,3.061224489795918
0.04236715271148169,-3.020408163265306,-14.756188095040104,0.4160530340744737,0.28838598753213196,0.6318096833575035,0.6435860293159876,0.6810292762311803,0.1569345617766733,2.1060731205004037,0.47205352269842304,3.061224489795918
0.06399915213363928,-2.857142857142857,-14.002369073558324,0.4256506494468235,0.29503854756757497,0.6427405171447994,0.6508617913440975,0.6930489294272006,0.14167331231649222,2.1286775549340744,0.48038491142255246,3.061224489795918
0.08636678409066831,-2.693877551020408,-13.272243044127718,0.4350989389410631,0.3015876027916218,0.6474250065052316,0.6504660344170169,0.7025507208237429,0.1261503899680719,2.134144367644157,0.48697105133933416,3.061224489795918
0.1071098277704329,-2.5306122448979593,-12.564321920665666,0.4438266143356455,0.307637166384219,0.6438808816865175,0.6433464449990071,0.7102456128002079,0.11166314082459192,2.1175996143311973,0.4923047440175341,3.061224489795918
0.12467387099352326,-2.36734693877551,-11.875626718636891,0.4513383890216409,0.3128439318288183,0.6350725688399181,0.6324543807493972,0.7164426795900547,0.09902305600158975,2.088371315927511,0.49660022339065835,3.061224489795918
0.13863658451327293,-2.204081632653061,-11.202691430451354,0.45729465257051505,0.31697249911439207,0.6241685827641458,0.6207598181032142,0.721033910183412,0.08839994683704895,2.051122809091173,0.4997826219317445,3.061224489795918
0.1493328920401237,-2.0408163265306123,-10.542360326043102,0.46151319378626887,0.31989656906416797,0.6134353371719609,0.6101254472419184,0.7237986288588512,0.07954685365753507,2.016745469750119,0.5016989788866661,3.061224489795918
0.15737507734278275,-1.8775510204081634,-9.89212893538088,0.4639433165024611,0.32158100177331095,0.6041099491442369,0.6013343161425274,0.7245790894009754,0.07207017254337304,1.9869958804714638,0.502239952910978,3.061224489795918
0.16336838660990988,-1.7142857142857142,-9.250163965897954,0.4646206464420515,0.3220504911112474,0.5967063862821128,0.5945237546172478,0.7233052348103048,0.0655849306160348,1.9646233439602683,0.5013569841930119,3.061224489795918
0.1678073933065616,-1.5510204081632653,-8.615193368554594,0.46362052180387625,0.3213572575380872,0.5913373568081834,0.589547513557818,0.7199643068710464,0.0597683946774251,1.9490958107672698,0.4990412294114597,3.061224489795918
0.1710640109358148,-1.3877551020408163,-7.986377381209476,0.4610238729777434,0.3195573977253494,0.587928287884725,0.5861771055056769,0.7145665718559919,0.054363048342410326,1.9397257877730683,0.4952998046043664,3.061224489795918
0.1734071184115046,-1.2244897959183674,-7.36320160638546,0.45689751001266776,0.3166972208701404,0.5863343844936755,0.5841909970893259,0.707120922583806,0.04916230142636209,1.9360062555099498,0.4901388738039123,3.061224489795918
0.17502718948377988,-1.0612244897959184,-6.745399623784262,0.45128484615807807,0.3128068187439006,0.5863970803784326,0.5834058264764531,0.6976203044403015,0.043993370845856125,1.9380698389472208,0.4835535471241652,3.061224489795918
0.17605719183510435,-0.8979591836734694,-6.13290134251061,0.4442026649097697,0.3078978247794206,0.5879676813270782,0.5836822029274165,0.686033942926636,0.03870182829525959,1.9464804169365537,0.47552249330801954,3.061224489795918
0.17658819312725224,-0.7346938775510204,-5.525801308157553,0.43564093877863286,0.3019632884508969,0.5909144349699691,0.5849208803236736,0.6723037734669282,0.03313835491968935,1.9604541743619364,0.46600546505841356,3.061224489795918
0.17668038193184327,-0.5714285714285714,-4.9243421357001855,0.4255641305662845,0.2949785772494644,0.595545606417466,0.5870559712331296,0.6563435880615605,0.02714699449616611,1.9784775736793265,0.45494270754346866,3.061224489795918
0.1763706535394908,-0.40816326530612246,-4.328909734010429,0.41391345340337304,0.2869029432223782,0.6022946972707004,0.5900475009077789,0.638040510719089,0.020553957585696624,2.000175980594695,0.44225598108796405,3.061224489795918
0.17567780131109464,-0.24489795918367346,-3.7400382885592913,0.40061033362381826,0.2776819232545289,0.6100955105442173,0.5938735707758842,0.6172595068071014,0.013156124487379683,2.0257106195638337,0.42785168681716446,3.061224489795918
0.17460615529348625,-0.08163265306122448,-3.1584239168850585,0.38556199899468657,0.26725121253422324,0.6188513692591256,0.5985213562198018,0.5938532024787984,0.004708627758415318,2.0554423130980553,0.4116276729646735,3.061224489795918
0.17314836751885068,0.08163265306122448,-2.584946483401913,0.3686708589621932,0.25554316644425756,0.6284383922037066,0.6039754407443898,0.5676855803125327,0.005088711855327199,2.089024015439227,0.39348965943816827,3.061224489795918
0.17128799405105208,0.24489795918367346,-2.0206991984402887,0.34985022749412087,0.2424976988058054,0.6386869799028057,0.610201302708527,0.5386364951805,0.016605613584691637,2.125530319016163,0.37335436798105404,3.061224489795918
0.16900256409724507,0.40816326530612246,-1.467025158514402,0.329049867754613,0.2280799880977329,0.6493581039911416,0.6171210986440916,0.5066332491456293,0.030294447634229817,2.1637255246665115,0.3511714082232178,3.061224489795918
0.16626792188728987,0.5714285714285714,-0.9255585694905932,0.30629534102636,0.21230775205106855,0.6604534921679508,0.624578536466254,0.47173489058429574,0.0466981838708191,2.2016069761311963,0.3269817093802585,3.061224489795918
0.16306468407375685,0.7346938775510204,-0.39826550518684256,0.2817440042354149,0.19529006217544742,0.6728557727567175,0.6322904831151673,0.4342065082444071,0.0664455657046076,2.237236411099292,0.30096901697038936,3.061224489795918
0.1593874704868498,0.8979591836734694,0.11252590488812263,0.2557553467466982,0.1772760975106049,0.6844267006879962,0.6397867850551722,0.39461087291857844,0.09022118641471014,2.2694026738396937,0.27352341398181057,3.061224489795918
0.15525679266666062,1.0612244897959184,0.6041231938783812,0.22896089166342026,0.15870359651499077,0.6943359762084974,0.6463492327868607,0.35389284346927097,0.11869400782714726,2.297316734889822,0.24529982667106598,3.061224489795918
0.15073174629441696,1.2244897959183674,1.0735207064718195,0.20229762450346733,0.14022202805855288,0.7015864256793971,0.6509774723843536,0.3134071041855462,0.15238914183794772,2.314261548025571,0.21723725063366794,3.061224489795918
0.14591901918573974,1.3877551020408163,1.5175342746264742,0.1769468385501578,0.12265020225003731,0.7051079055737117,0.6524297169713688,0.27481976416909015,0.1915028752831172,2.3152204013434705,0.19049054469595372,3.061224489795918
0.14097156149252793,1.5510204081632653,1.933041612482123,0.15412491639019388,0.10683125124990034,0.7039355240556197,0.6493913346057504,0.23983393187398017,0.23569702673367315,2.296592544168525,0.16624021368105524,3.061224489795918
0.1360715248664158,1.7142857142857142,2.3173206282198384,0.13474379264817848,0.09339727997203884,0.6974461541674417,0.6407844860940038,0.2097721891921105,0.2839569512145582,2.256329116821175,0.1454030014983987,3.061224489795918
0.13139906520174527,1.8775510204081634,2.668426925904127,0.11909193920713346,0.0825482418888408,0.6855699909104382,0.6261356703909097,0.18519601951453657,0.3346192216259776,2.1948058665092303,0.1283680987774254,3.061224489795918
0.1270983711166592,2.0408163265306123,2.9855046699941274,0.10675816953779904,0.07399912421686605,0.668867524080319,0.6058230286230771,0.16573505922754306,0.3856214018545766,2.115719651380437,0.11487878902350657,3.061224489795918
0.12325612663335947,2.204081632653061,3.2689224025382715,0.09687949382791405,0.06715174800089296,0.6484134978225173,0.5810420468078381,0.15005367368548672,0.4349035773377382,2.023460200320685,0.10400928084775707,3.061224489795918
0.11990018269675154,2.36734693877551,3.5201858700976616,0.08853778756185404,0.06136971782151446,0.6255366469679272,0.5534880244035782,0.13675825680640497,0.48079283276236123,1.9233210971630335,0.09479360012365223,3.061224489795918
0.11701384282956492,2.5306122448979593,3.741669607377637,0.08104999912018496,0.05617957837454246,0.6015381933844886,0.5249250370787086,0.12485621095480814,0.5222200645584055,1.8212062400938296,0.08654373059872267,3.061224489795918
0.11455490672435291,2.693877551020408,3.9362679828830403,0.07404692697992665,0.0513254186652643,0.577495495103886,0.49684160066397964,0.11381279969213587,0.5587314043050055,1.7213512625550624,0.07888902121823715,3.061224489795918
0.11247119869743805,2.857142857142857,4.107065738645134,0.0674030619402699,0.04672024234500527,0.5541841401044003,0.47028902368889947,0.10343368314279777,0.5903594099463749,1.6264366492440254,0.07169476584536039,3.061224489795918
0.11071003984323195,3.020408163265306,4.257087233562822,0.06112485258180245,0.04236851922921869,0.5320910987599917,0.445880632674171,0.09370628291144767,0.6174480272178855,1.5388924769078558,0.06495224580082226,3.061224489795918
0.10922280191246081,3.183673469387755,4.389138668204456,0.05526277196370044,0.038305234576566205,0.5131956206769592,0.4238786521964274,0.0846812712396181,0.6404972065356799,1.4598927802646557,0.05869658440597281,3.061224489795918
0.10796654460962807,3.3469387755102042,4.505729486460356,0.04986281304907125,0.034562268279751285,0.4955428018804978,0.4043037542402169,0.07639298168538255,0.6600528768514357,1.388344437416028,0.05295157986978971,3.061224489795918
0.1069042355108241,3.510204081632653,4.609049448963836,0.04494830099621039,0.031155788106483007,0.4790941356424062,0.38703121113874694,0.06885558359794608,0.6766413607432309,1.3232082961787874,0.04772705363672625,3.061224489795918
0.10600437617995576,3.673469387755102,4.700979355909072,0.04051844636216817,0.028085246856606183,0.4638526862762135,0.3718616783123008,0.062061326085971924,0.6907368628122286,1.2641371142918785,0.0430176331983021,3.061224489795918
0.10524041584732768,3.836734693877551,4.7831190376010975,0.03655369072653247,0.0253370876661565,0.4497764023451997,0.3585675995749037,0.05597878144987867,0.70274988774743,1.2106523659208241,0.038801534533164705,3.061224489795918
0.10459011524100963,4.0,4.856822032283745,0.033022420684087006,0.022889397792439148,0.43679800421956205,0.3469208450465302,0.05055971534912551,0.713027295627667,1.162199069254333,0.035045324144159284,3.061224489795918
0.017114493427769308,-4.0,-19.34188357700398,0.38460503814159086,0.266587897816994,0.5752606643938916,0.5698355985249126,0.6165805292495712,0.2051007956426992,1.8193898207841424,0.4273810554374986,3.306122448979592
0.010586590901747827,-3.836734693877551,-18.497057212589695,0.39521153588106905,0.27393976182072866,0.5863989673315193,0.5845695152277857,0.6378972299498047,0.1980075084742674,1.8764882315281832,0.4421566664267056,3.306122448979592
0.001965932635116574,-3.673469387755102,-17.665410211983943,0.40549703304806917,0.281069125182692,0.5975352477122825,0.6000476616377887,0.6591958156189786,0.1897370932135797,1.935825750723174,0.4569197210332083,3.306122448979592
0.009635407084555297,-3.510204081632653,-16.8492159349338,0.4158293341967805,0.2882309305926176,0.6079409019135685,0.6160835807027286,0.6803482987620657,0.17975799434170323,1.9914596483996623,0.47158150508568,3.306122448979592
0.025060696578044377,-3.3469387755102042,-16.051282805144027,0.4266742210405434,0.29574803333186317,0.6161184714103171,0.6315320330748306,0.7007437161973216,0.167608181008032,2.038311289049677,0.4857185311772718,3.306122448979592
0.044554658576020936,-3.183673469387755,-15.274582923301368,0.4382962838714386,0.30380383341538897,0.6198823285360168,0.6438221583098634,0.719234501554332,0.15322074533747498,2.0699917435325546,0.4985353669138224,3.306122448979592
0.06707659192267626,-3.020408163265306,-14.521376626260105,0.450392498554522,0.3121882905184159,0.6315257518332773,0.6496205692056025,0.7347963673214513,0.1372879404411252,2.0865602631170295,0.5093220302945536,3.306122448979592
0.09026032383506824,-2.857142857142857,-13.792141686329606,0.462123184701587,0.3203193825472874,0.6333355821962022,0.6471039450216336,0.747272076473068,0.12122091145981995,2.0838371624202257,0.517969532918483,3.306122448979592
0.11150109302629678,-2.693877551020408,-13.085141641824139,0.4726185039650357,0.32759418350382363,0.6267750131373652,0.6376739050062549,0.7570886412437408,0.10648765817031636,2.0584583457196772,0.5247738571120588,3.306122448979592
0.1292086151965472,-2.5306122448979593,-12.397081175235094,0.4813516408690388,0.33364753272627756,0.6153321320758515,0.6248115149440039,0.764623399960128,0.09391854211806054,2.0207813227658518,0.5299965538725218,3.306122448979592
0.14307604769999557,-2.36734693877551,-11.72425828604653,0.4881219699658419,0.3383403672511893,0.6023981940440414,0.6117020790567338,0.7700325742838241,0.08359965578090767,1.9768302028612472,0.5337459078041493,3.306122448979592
0.1535725224336976,-2.204081632653061,-11.063400992220075,0.49292174802929134,0.3416673198831828,0.5901936845154319,0.6001420000064716,0.7733705693410786,0.07518905566190241,1.9373252580504545,0.5360596296668079,3.306122448979592
0.1614004701930853,-2.0408163265306123,-10.411972285903932,0.4958434624868988,0.3436924980218745,0.5798043334910944,0.5907542539704856,0.7746820731091053,0.06822942521986594,1.9036801542272774,0.5369686948059096,3.306122448979592
0.16721064604851932,-1.8775510204081634,-9.768143654810578,0.49702191983548216,0.34450934241045594,0.5715942523726746,0.5835330670948823,0.7740247974222538,0.062304597258642326,1.8783677227721256,0.5365131060167179,3.306122448979592
0.17151555456440973,-1.7142857142857142,-9.130654527417356,0.4965962345154118,0.344214279831043,0.5655630988411702,0.5782330903009852,0.7714622640533908,0.05708248339520259,1.860101864536562,0.534736893237,3.306122448979592
0.17469160995254168,-1.5510204081632653,-8.498667959558325,0.49468784275038935,0.34289148345971365,0.5615605376879924,0.5745637463821242,0.7670509759986515,0.05230902595763749,1.8482810255444828,0.5316792213592194,3.306122448979592
0.1770069134678478,-1.3877551020408163,-7.871657125468655,0.4913904789647492,0.340605925048417,0.5593942842305065,0.5722656578255789,0.7608303362141231,0.04778882389759087,1.8423013919711608,0.5273674024312944,3.306122448979592
0.17864987586996817,-1.2244897959183674,-7.2493251870762805,0.4867673260802774,0.3374013996612477,0.558877851503723,0.5711319281082308,0.7528165368100841,0.04336587355797521,1.841975734565424,0.5218126599688113,3.306122448979592
0.17975187481717766,-1.0612244897959184,-6.631552056307059,0.48085162765366807,0.3333009499758006,0.5598481539952872,0.5710077239282454,0.7429994052495519,0.038907771056771234,1.8476505414183735,0.5150079429064434,3.306122448979592
0.18040355167616426,-0.8979591836734694,-6.018360970304832,0.4736485454949637,0.328308153886153,0.5621691300599165,0.5717830359892971,0.7313409842405734,0.03429321547171478,1.8587027051051417,0.5069269412542887,3.306122448979592
0.18066604321223917,-0.7346938775510204,-5.409899441771012,0.4651371839194507,0.32240852760736005,0.5657292171574826,0.5733844051436232,0.7177750240289034,0.029401764433437318,1.873945287317388,0.4975237341819807,3.306122448979592
0.18057855580884927,-0.5714285714285714,-4.806430940653129,0.45527241456133183,0.31557079053990567,0.571490347181976,0.5757674305132423,0.7022070618553671,0.024104752032662557,1.8928754371928151,0.48673284509433046,3.306122448979592
0.1801634046333323,-0.40816326530612246,-4.208335094674496,0.4439865816046078,0.30774804724568194,0.5784457835311024,0.5789102338241979,0.6845152606031477,0.0182564389396892,1.9153878055828029,0.4744698229373281,3.306122448979592
0.17942933885280524,-0.24489795918367346,-3.616115237091795,0.4311915119979908,0.2988791808227873,0.5864026098686803,0.5828073497995984,0.6645527734932855,0.011684640061713214,1.9416046455573572,0.46063288128016255,3.306122448979592
0.17837375578215625,-0.08163265306122448,-3.0304128544581435,0.416781629496342,0.2888910113945693,0.5952949920739306,0.587463109128928,0.6421534636637833,0.004180252835052722,1.9715011972124035,0.4451068628253543,3.306122448979592
0.17698428535717065,0.08163265306122448,-2.4520289450408574,0.40063947806821876,0.2777021246439937,0.6050384101636985,0.5928831872843562,0.6171476365489665,0.004514644717503713,2.0053152436859003,0.4277741442631502,3.306122448979592
0.17524019656229323,0.24489795918367346,-1.8819524696741592,0.38264567388405535,0.2652297700061934,0.6155143661817802,0.5990624771341337,0.5893623104224139,0.014720010830742347,2.0421006433814406,0.4085148237975913,3.306122448979592
0.17311413322989533,0.40816326530612246,-1.3213958365222802,0.3626962306570527,0.25140186967965583,0.6265502718472061,0.6059667850790854,0.5586421298930664,0.026831391907718903,2.081200230416126,0.38722121727738124,3.306122448979592
0.17057481556796888,0.5714285714285714,-0.7718364374193512,0.34073114941895,0.2361768355486944,0.6378938327839785,0.61350520566519,0.5249127752036151,0.04133122143962222,2.120976939299415,0.363841810172282,3.306122448979592
0.16759150307595944,0.7346938775510204,-0.2350611846998446,0.3167784707321344,0.21957410385007026,0.6505388694588439,0.621489931459073,0.48824167383477546,0.058792531145588224,2.159831412648137,0.33842333965044213,3.306122448979592
0.16414108298402658,0.8979591836734694,0.2867928491888927,0.29101608295223613,0.20171697739594197,0.6632384747065352,0.629581957831164,0.4489227196070402,0.0798656258754153,2.1960999663080263,0.31116951738492293,3.306122448979592
0.1602183617960405,1.0612244897959184,0.7912147817010613,0.26384661235206863,0.18288453545212913,0.6748743271286289,0.6372269361128758,0.4075744591472672,0.10523341685724741,2.228985919718972,0.28250908722617263,3.306122448979592
0.1558490719021466,1.2244897959183674,1.2753346617041044,0.23596530933884008,0.16355868887817238,0.6845606581764836,0.6435981563400077,0.3652220404211204,0.1355183418745015,2.255758713294855,0.2531526275962501,3.306122448979592
0.15110289206720412,1.3877551020408163,1.7360058694384957,0.20837729204593058,0.14443613247435283,0.6912640467103932,0.6475836587919517,0.3233042076655859,0.17112967755433758,2.2696010059130027,0.22409740000656742,3.306122448979592
0.1461008008061214,1.5510204081632653,2.1699851276939373,0.18230229016840083,0.1263623184398479,0.6939275942965799,0.647872509013076,0.2835345354512828,0.2120637005572658,2.2663681417934627,0.19653116383943026,3.306122448979592
0.14100942896553978,1.7142857142857142,2.5742230536894253,0.15892633189413807,0.11015933886915596,0.6916775972525209,0.6431858060895541,0.24758189061043945,0.25771320182279434,2.2429057890138817,0.17161068943432678,3.306122448979592
0.13601823351185738,1.8775510204081634,2.946236413618673,0.13905395358208983,0.0963848558711391,0.684064452886742,0.6326314989117853,0.21664138488109907,0.3067861814336302,2.1979349366711833,0.15016436512293518,3.306122448979592
0.13130447051353858,2.0408163265306123,3.284477822108535,0.12284229587790874,0.085147791041283,0.6712362182008337,0.6160517066593033,0.1911093187156161,0.35742721119644766,2.1332870026021613,0.13246688544646057,3.306122448979592
0.12700037618429696,2.204081632653061,3.5885856939422602,0.10981136017513649,0.0761154346988484,0.6539443951163156,0.5941692559485146,0.1704946384577153,0.40754516791465056,2.052426437110973,0.11817787794755219,3.306122448979592
0.12317710316441684,2.36734693877551,3.8594242659826117,0.0991338832982982,0.06871437170617423,0.6333635378188611,0.5684249412282657,0.1535256056705676,0.45522502064348347,1.9602684889096746,0.10641584071431165,3.306122448979592
0.11984915171463792,2.5306122448979593,4.098905835928087,0.08999500808456684,0.062379786118287095,0.6108118231158871,0.5405865902801235,0.1389740596397715,0.4990486940640622,1.8622908814509884,0.09632947761027655,3.306122448979592
0.11699137583571444,2.693877551020408,4.309671155820588,0.0818129410928976,0.05670840945185862,0.5874983644297099,0.5123344247558703,0.12599144512185134,0.5382194221029934,1.763891308596228,0.08733061496088368,3.306122448979592
0.11455762263612868,2.857142857142857,4.494736528363193,0.0742743806687094,0.051483077548351686,0.5643755836492594,0.48498880070743855,0.11411705605792921,0.5725035484891199,1.6685991239210296,0.07909991566035446,3.306122448979592
0.11249455734622962,3.020408163265306,4.657192662569957,0.06726109411785552,0.046621837749168504,0.5421012027495566,0.4594213919934065,0.10316212967729177,0.6020751643925975,1.5785044521071325,0.07150653932637363,3.306122448979592
0.11074962555409389,3.183673469387755,4.79999342188769,0.06075611616783316,0.04211293062350596,0.5217279443546613,0.43609788467388455,0.09307696617237671,0.6273476501986684,1.4961354757230976,0.06451603667745598,3.306122448979592
0.10927474477468233,3.3469387755102042,4.925833879963608,0.054775157189211665,0.03796724577042965,0.5037768042264154,0.4151783990104542,0.0838592758898371,0.6488389606315652,1.4220376560068926,0.05812682064683816,3.306122448979592
0.10802758077041696,3.510204081632653,5.0370977988480234,0.04933050331865685,0.03419329929092996,0.4869279097917105,0.3966227890735178,0.07550180453724975,0.6670826819723482,1.3543446629711442,0.05233386294218256,3.306122448979592
0.10697165818122747,3.673469387755102,5.135850860958919,0.04441821782772104,0.030788362452782048,0.47123488104454614,0.380276121328321,0.06797277362012277,0.6825782527555684,1.2927151692428973,0.047115136389626944,3.306122448979592
0.10607596849825499,3.836734693877551,5.223859927768023,0.040017693607813154,0.027738151496767394,0.45668948572597867,0.36592878782197164,0.061230812458620054,0.6957683651158607,1.2367971840169651,0.04244196501908748,3.306122448979592
0.10531438758413433,4.0,5.302624564283603,0.03609599926394935,0.02501984011930003,0.44324607079084033,0.3533546403720496,0.05522230510411763,0.7070327648603045,1.1860890229780758,0.03827718508693989,3.306122448979592
0.009283545576206342,-4.0,-19.01763604062148,0.4105701024210684,0.2845855089153717,0.5793941111584525,0.5876191136023612,0.6643545613781741,0.19545324934105535,1.8578099189279276,0.4604954911114203,3.5510204081632653
0.0006642223794591368,-3.836734693877551,-18.18667644543723,0.42172405053986184,0.2923168366060247,0.5895847581522813,0.6024951888544093,0.687424661177436,0.18715322452607414,1.9139418355883584,0.47648646574251563,3.5510204081632653
0.011143083905725843,-3.673469387755102,-17.371096629138414,0.4333765847215201,0.30039375782041966,0.5989616315257645,0.6180040730643344,0.7110656772607586,0.17693829627722313,1.9659765024922602,0.49287316938624315,3.5510204081632653
0.027094813208659883,-3.510204081632653,-16.57389062239049,0.44610390440322867,0.3092156635738814,0.6058525530415643,0.6328600272741547,0.7346527184144969,0.16429176911155255,2.0089585350646417,0.509222460459708,3.5510204081632653
0.047458597347226586,-3.3469387755102042,-15.798253137549793,0.46009210250625365,0.3189115436501073,0.611132610439436,0.6441289557957853,0.7567022147103333,0.14917513897856882,2.034727014368888,0.5245060066499332,3.5510204081632653
0.07099473157356673,-3.183673469387755,-15.046563523427045,0.4746581059331594,0.32900792785749333,0.6201604998477325,0.6480981288230329,0.7755886125610814,0.13246336491369065,2.044052540824262,0.5375970600711133,3.5510204081632653
0.09497416207517746,-3.020408163265306,-14.319164015234412,0.4884655982570849,0.3385785522324256,0.6186869279359727,0.643068474414969,0.7905876735033606,0.11583857357397913,2.031958746232671,0.5479936168743009,3.5510204081632653
0.11655782616624304,-2.857142857142857,-13.613959513651471,0.5003905767120225,0.3468443174267035,0.6089109401701027,0.6311222442826175,0.8019472054377155,0.10092775794094018,1.9975927565652483,0.5558674444070784,3.5510204081632653
0.13420007831801267,-2.693877551020408,-12.927283417998119,0.509972753182061,0.35348617603053856,0.5948857187630214,0.616330579533809,0.8102499655280835,0.08852439553677245,1.951490462548122,0.5616224791545839,3.5510204081632653
0.14777847289957974,-2.5306122448979593,-12.255208299520493,0.5172166901685014,0.3585072905288438,0.5801355818819318,0.6019992095337654,0.8159925261612524,0.07858485209869648,1.9019552232122425,0.5656029188666585,3.5510204081632653
0.1579222319180264,-2.36734693877551,-11.594388240863465,0.5223087220874398,0.36203681809677724,0.5667323838756159,0.589751002690217,0.8195119770026014,0.07065486522781686,1.8579985335028797,0.5680424162944582,3.5510204081632653
0.16542229396730387,-2.204081632653061,-10.942298650180128,0.5254783015398647,0.3642338031577861,0.5555486999095287,0.5799910041858163,0.8210316285629937,0.06421376740258151,1.8216189953799429,0.5690957584889782,3.5510204081632653
0.1709645701143087,-2.0408163265306123,-10.297152607172944,0.5269450959818269,0.36525050758969346,0.546773771251508,0.572552414588276,0.8207086785903255,0.05881971173195544,1.7941363465758227,0.5688719066259629,3.5510204081632653
0.1750692561387755,-1.8775510204081634,-9.657729476397718,0.5268977496453844,0.36521768961007806,0.5402888803606816,0.5670916809141258,0.8186596344527426,0.05413600447273141,1.7739331429695322,0.5674516174591542,3.5510204081632653
0.17810942707192481,-1.7142857142857142,-9.023218145025313,0.5254864825311212,0.3642394737888097,0.5358702908713454,0.563263053238799,0.814969975068808,0.0499143662949552,1.7603187260683788,0.5648941404599523,3.5510204081632653
0.18034683626659,-1.5510204081632653,-8.39309989607594,0.5228228953533294,0.3623932158463481,0.5332822698259188,0.5607768462246996,0.8096970896964382,0.045970347134681865,1.7526228408207545,0.5612392548306788,3.5510204081632653
0.1819638764032024,-1.3877551020408163,-7.767067890115744,0.5189830594654286,0.35973164442683614,0.5323135657034205,0.5594090246431229,0.8028712428297209,0.042162080809959604,1.7504631400893724,0.5565079383200797,3.5510204081632653
0.18308740773034451,-1.2244897959183674,-7.14497417916297,0.5140115190795664,0.3562856352253361,0.532787917432172,0.5589941679025643,0.7944961542546802,0.03837417025816412,1.7539910748494105,0.5507027692873505,3.5510204081632653
0.18380533694639073,-1.0612244897959184,-6.526796114038185,0.5079249970140602,0.3520667796162147,0.5345636715330082,0.5594147468324957,0.7845494613930275,0.034505752031373405,1.7625066572758208,0.5438082471744003,3.5510204081632653
0.18417781423533072,-0.8979591836734694,-5.91261629843309,0.5007153255052263,0.3470694161371026,0.5375293360845447,0.5605911871153484,0.7729829808116686,0.030461356426378972,1.7751193992811756,0.5357909737704301,3.5510204081632653
0.1842446866935852,-0.7346938775510204,-5.302612270402637,0.49235151741803795,0.34127206614272376,0.5421313877809018,0.5624738333435502,0.7597227009311669,0.02614336667673627,1.7913544313859193,0.5265996481578248,3.5510204081632653
0.18403040520191935,-0.5714285714285714,-4.697053583924839,0.48278109679655445,0.33463835607216974,0.5482417977608542,0.5650367064901692,0.7446685751363948,0.02144514275541747,1.8109488466452592,0.5161649233073837,3.5510204081632653
0.18354720583266443,-0.40816326530612246,-4.096305007213957,0.47193093763554606,0.3271175988410904,0.5553319618935433,0.5682725373564056,0.7276943948730765,0.016244076686623376,1.834175820704565,0.504399318115548,3.5510204081632653
0.18279712302537168,-0.24489795918367346,-3.5008352858751595,0.45970799807489504,0.3186453027464702,0.5633645751995566,0.5721884004641982,0.7086483639456067,0.010393980816151616,1.8605397407406574,0.49119761547731455,3.5510204081632653
0.1817732275439304,-0.08163265306122448,-2.9112314390050136,0.4460005488772705,0.309144022982468,0.5722991672614429,0.576801130505579,0.6873557382180002,0.0037163138275843055,1.8904463889322176,0.47643869198750677,3.5510204081632653
0.18046039908718337,0.08163265306122448,-2.3282189148017207,0.4306808435459817,0.2985252124250761,0.5820829721284124,0.582131464465541,0.6636286095157717,0.004010118378343819,1.9239266799708037,0.45999229962477406,3.5510204081632653
0.17883593077907614,0.24489795918367346,-1.7526881188693362,0.4136107296476257,0.28669311110459317,0.5926387402402433,0.5881954510700184,0.6372629792722866,0.013061091909252687,1.9604978135285227,0.4417170373578152,3.5510204081632653
0.176870319194048,0.40816326530612246,-1.1857277536485817,0.39465250906819005,0.27355227396152415,0.6038483306310856,0.5949910741640646,0.6080511594296132,0.023780085629439295,1.9998018266022115,0.4214689467948416,3.5510204081632653
0.17452872131188774,0.5714285714285714,-0.6286648658310823,0.3736883879664581,0.2590210525269414,0.6155309736404467,0.6024773002014505,0.5758274421592335,0.03659106906493799,2.040518272610817,0.3991331680217174,3.5510204081632653
0.1717737492985009,0.7346938775510204,-0.08311011782370674,0.3506528277574943,0.24305401891547973,0.6279063858581201,0.6105421581501751,0.5405138858784371,0.0520074403319986,2.081396982166855,0.3746556760501383,3.5510204081632653
0.16857046945122103,0.8979591836734694,0.44899599560471537,0.3255821269286798,0.22567633332132453,0.6413415591425142,0.618956773785722,0.5021907056510475,0.07063031600892591,2.120829729500611,0.34809207172543255,3.5510204081632653
0.16489450881894002,1.0612244897959184,0.9653451742021044,0.298682632654689,0.20703102470681967,0.6542233975573218,0.6273152012048114,0.461189821946435,0.09312478959667074,2.157699542878538,0.31967242478511393,3.5510204081632653
0.16074370724119733,1.2244897959183674,1.4632482102337216,0.27040976275832085,0.18743376465181383,0.6658029408429041,0.6349682044413291,0.41819865084229235,0.12015819275235033,2.190845684268669,0.2898732157453079,3.5510204081632653
0.1561522828684113,1.3877551020408163,1.939672386534617,0.24153137498611166,0.16741679158839018,0.6751428285979112,0.6409754702212097,0.3743353494830739,0.15228404582796967,2.215387319942089,0.259469492078114,3.5510204081632653
0.15120372423922465,1.5510204081632653,2.3913613239131033,0.21312406118757599,0.1477263421216537,0.6811868425886267,0.6441227374646739,0.3311291680400261,0.18976741542248504,2.225762883036933,0.22952124922810402,3.5510204081632653
0.14603546980399643,1.7142857142857142,2.8150638640102885,0.18643977775485832,0.12923020629500281,0.6829151028101077,0.6430620991009697,0.2903364883496691,0.23238009398985673,2.2181416247843706,0.20124591831324778,3.5510204081632653
0.14082784122229525,1.8775510204081634,3.207870594875315,0.16262171987351515,0.1127207866281359,0.6795724623845019,0.636603581447073,0.25357933897109053,0.27924232410624217,2.189922972307623,0.17576780385606572,3.5510204081632653
0.13577526981884108,2.0408163265306123,3.5676047160533657,0.14236120607250635,0.09867726861027104,0.6708988858451475,0.6240938007055428,0.22191894473079143,0.3288171507597113,2.140923059735636,0.15382249085298616,3.5510204081632653
0.13104874811279427,2.204081632653061,3.893161255719344,0.12569492660265746,0.0871250839853217,0.6572505937523567,0.6057095058993336,0.1955972900219991,0.37912277791805993,2.0736598463473603,0.1355777101039144,3.5510204081632653
0.12676608539434472,2.36734693877551,4.184678243310595,0.11209250802102533,0.07769660589666683,0.6395342942767059,0.5824847700169994,0.1740287664062823,0.42811224123129277,1.9915990749900894,0.12062754877083925,3.5510204081632653
0.12298225243233105,2.5306122448979593,4.4434796996262955,0.10076824334256695,0.06984722376287889,0.6189792407691168,0.5560362741783077,0.15601493315354054,0.47406251367343566,1.9001545555828903,0.10814131104062508,3.5510204081632653
0.119699059631729,2.693877551020408,4.67182305221596,0.0909968714277758,0.06307422486993874,0.5968594833457025,0.5281368178517258,0.1404682240344135,0.5158162098972074,1.8049664606140434,0.09736515344771579,3.5510204081632653
0.11688387376620009,2.857142857142857,4.872550111440137,0.08227571147332569,0.05702917743629943,0.5742799119236934,0.5003448388924261,0.12665011216442945,0.5528222629267664,1.7104170828911087,0.08778716816437404,3.5510204081632653
0.11448727539048487,3.020408163265306,5.048746328946882,0.07433036933275217,0.05152188593297691,0.5520739131681145,0.4738074552855542,0.11414868879584761,0.5850282106002546,1.6193813871649814,0.07912184180345605,3.5510204081632653
0.11245513405311888,3.183673469387755,5.203474151956383,0.06704338135916288,0.04647093076430897,0.5307959906708397,0.44923197821550354,0.10277088149505831,0.612714559731236,1.5342742697735205,0.07123534675195975,3.5510204081632653
0.11073521827511482,3.3469387755102042,5.339599888896569,0.060376335928320035,0.041849687021255244,0.5120983215390618,0.4269580291124509,0.09243293364355187,0.6363398889363492,1.4568589695801377,0.0640696273459116,3.5510204081632653
0.10928015057397422,3.510204081632653,5.459702911751451,0.05431632703327782,0.0376492089414886,0.4949275338565065,0.40706290726624206,0.08308860320321099,0.6564267957085085,1.3867612269727323,0.05759263104696988,3.5510204081632653
0.10804836850692903,3.673469387755102,5.566044312752088,0.04884887614645983,0.033859460774440686,0.4788283353928594,0.3894595736407232,0.07469388322663884,0.67349111423403,1.3226298076794125,0.05177385456361838,3.5510204081632653
0.10700412489719138,3.836734693877551,5.66057252083016,0.04394878043459638,0.030462973247288305,0.4638364398616825,0.37397157154314015,0.06718730576393739,0.6880047774315025,1.2642298090268018,0.046570691559691735,3.5510204081632653
0.10611706410210245,4.0,5.744948648065168,0.03958013272512506,0.027434857404608826,0.4499353745630139,0.36038374586304245,0.060500395864891754,0.7003807579934154,1.211202445334441,0.04193567881651017,3.5510204081632653
0.0008517202300033694,-4.0,-18.71119069540976,0.4373845409658128,0.3031718613909591,0.5818219860068787,0.6050483557269699,0.7149566442217155,0.18460397896208852,1.8929632067736777,0.49557018216488213,3.795918367346939
0.01301669136705339,-3.836734693877551,-17.89666389733804,0.4504438722237918,0.3122239000324254,0.5901560250540097,0.6201135361926822,0.7412068367832254,0.17402795733014073,1.941356367109677,0.5137654291280471,3.795918367346939
0.02970027181018321,-3.673469387755102,-17.100787078297625,0.465183670427074,0.32244074959905356,0.5956296899076259,0.6343619185317338,0.768092651616906,0.16072410941807713,1.9801100910962215,0.5324012558770703,3.795918367346939
0.05114526678997518,-3.510204081632653,-16.326995119487435,0.48162894907725295,0.333839748128947,0.6025180372560944,0.6443806350628172,0.7936553879454817,0.14471923450473348,2.000213624347102,0.5501199944906201,3.795918367346939
0.07580385734423184,-3.3469387755102042,-15.577732841474791,0.4985812123364366,0.3455901616111605,0.6084081887665204,0.6460789474592008,0.8155261877502062,0.12714506261781314,2.0011194638814414,0.5652796777118558,3.795918367346939
0.10050474330044157,-3.183673469387755,-14.853078642740103,0.5141623983304808,0.35639021675271243,0.6032537976880256,0.6381292504507392,0.8324430422350662,0.11000114316952761,1.9786117166225783,0.5770055477019782,3.795918367346939
0.12222127478842493,-3.020408163265306,-14.150457645067926,0.5271001561252069,0.3653579870908936,0.5901629604057503,0.6235460256764165,0.8446641532635897,0.09503450561051144,1.9345329969457696,0.5854765763547096,3.795918367346939
0.1395621538430008,-2.857142857142857,-13.46579421171487,0.537128578548733,0.37230915981922563,0.5737288249559102,0.606979920492928,0.8531450432321166,0.0829257588584228,1.880438337289069,0.5913550813250343,3.795918367346939
0.15265754586842678,-2.693877551020408,-12.79496909452424,0.5445145530325197,0.3774287272083501,0.5574662112601266,0.5917013729535092,0.85877398383349,0.07345642379971348,1.8263728512457484,0.5952567656324153,3.795918367346939
0.16230982865011725,-2.5306122448979593,-12.134617655060687,0.5496397031664522,0.38098121057363143,0.5431854574938993,0.5790420902429411,0.8621455705208132,0.06605185097110267,1.7791640597968863,0.5975937714387469,3.795918367346939
0.16938692919489046,-2.36734693877551,-11.482275315419162,0.552851411328545,0.3832073970309675,0.5314951541857571,0.5691441677848286,0.8636186358461955,0.060135792488323236,1.7410746879538181,0.5986148225158159,3.795918367346939
0.17459494536258474,-2.204081632653061,-10.83623079671762,0.5544336006211181,0.38430408707822683,0.5223978292744055,0.5616754588743159,0.8634140230576679,0.05525021022950456,1.71230065723719,0.598472995738343,3.795918367346939
0.17845013685475625,-2.0408163265306123,-10.19532710659085,0.5546079006245419,0.38442490263417173,0.5156605329247168,0.5562036654063259,0.8616763097412314,0.0510604796233628,1.690996688751456,0.597268504652432,3.795918367346939
0.1813144271764759,-1.8775510204081634,-9.558796680642129,0.5535411906253831,0.3836855156057799,0.5109943437701029,0.5523391826233066,0.8585033402536557,0.04732757844541393,1.6762063476280917,0.5950691697981165,3.795918367346939
0.18343815979248296,-1.7142857142857142,-8.926143952309328,0.5513541838910463,0.38216959805400874,0.5081277398641186,0.5497715715429188,0.8539591675531573,0.04387888794158608,1.6672607896227638,0.591919389302789,3.795918367346939
0.18499435938638933,-1.5510204081632653,-8.297066687163902,0.5481293558473124,0.37993431758770346,0.506830428224606,0.5482669525025275,0.8480799488014967,0.04058549177283592,1.6637659759671928,0.5878442254011804,3.795918367346939
0.18610300886523407,-1.3877551020408163,-7.671404806276387,0.5439175264178706,0.3770148998936864,0.5069165253571373,0.547654709244123,0.8408769581240763,0.037346000254839605,1.6656072172964798,0.582851492721526,3.795918367346939
0.18684745768771602,-1.2244897959183674,-7.049107844924404,0.5387429237302483,0.37342813863024293,0.508240196811033,0.5478136996388263,0.8323382592109243,0.034075173479897455,1.6720588375347063,0.5769329176442248,3.795918367346939
0.18728531283136762,-1.0612244897959184,-6.430215024947561,0.5326068230706622,0.36917491775841893,0.5106892410183655,0.5486608978796934,0.8224295573630944,0.030695668781158703,1.6824033294096485,0.5700647288953924,3.795918367346939
0.18745561808713943,-0.8979591836734694,-5.814844098214629,0.5254899591165882,0.36424188357422405,0.5143670264934347,0.5501428041540617,0.81109440938233,0.02713164138323747,1.6961773412903483,0.562207803031296,3.795918367346939
0.18738356097066508,-0.7346938775510204,-5.203186618278748,0.5173539314525382,0.35860241893792977,0.5196955745823703,0.5522291725873322,0.7982538882044561,0.023303283465084545,1.7131410319169877,0.5533074319799325,3.795918367346939
0.18708352212465132,-0.5714285714285714,-4.595508302641474,0.5081418209609221,0.3522170705236596,0.5259490611947086,0.5549084496247938,0.783805824332775,0.019121627415150555,1.733406356544968,0.5432927972427262,3.795918367346939
0.18656099649420738,-0.40816326530612246,-3.992153833904688,0.49777824540111437,0.345033587343859,0.5331027339881773,0.5581843297307065,0.7676238458531492,0.014483080809661741,1.7567663437949237,0.5320763044836916,3.795918367346939
0.185813734099819,-0.24489795918367346,-3.3935559379056044,0.48616913505413395,0.33698676523803983,0.5411367341734069,0.5620728521571882,0.7495566525428994,0.0092632362322977,1.7830065182648698,0.519553080380061,3.795918367346939
0.1848323408916775,-0.08163265306122448,-2.800248946298278,0.4732016345988903,0.3279983788585781,0.5500306608776919,0.5665994107135636,0.7294284920860084,0.0033095432734123074,1.8127037324875506,0.5056013027095076,3.795918367346939
0.18360052858294157,0.08163265306122448,-2.2128873348583036,0.45874477697241156,0.3179776487550279,0.5597565755114811,0.5717948854162539,0.7070446664980463,0.0035675146062622122,1.8455197785353583,0.49008601711306676,3.795918367346939
0.18209519951056063,0.24489795918367346,-1.632269920414809,0.442651985871906,0.3068229759763723,0.5702695657873639,0.5776897902043332,0.6821864429190616,0.011604964141998764,1.8814316189197735,0.4728556095255656,3.795918367346939
0.18028660110970626,0.40816326530612246,-1.0593704370041905,0.4247671134194819,0.2944261270613002,0.5814947748293124,0.58430482532568,0.6546170754050533,0.021099514179592594,1.920386250091608,0.4537459801634096,3.795918367346939
0.17813889388168788,0.5714285714285714,-0.4953749484039535,0.40493665530591016,0.280680700930666,0.5933096654581933,0.59163551759641,0.6241132787410275,0.032420566605528056,1.9612610812658857,0.43260235950936643,3.795918367346939
0.1756116550708233,0.7346938775510204,0.05827429189258893,0.3830319382228975,0.2654975080436124,0.605520452869053,0.5996278351522474,0.5904972615352309,0.04602190615803976,2.0031170342992586,0.40930151196151376,3.795918367346939
0.17266307416304746,0.8979591836734694,0.5998308236443233,0.358986031408441,0.24883015553116494,0.6191172786084832,0.6081411995237753,0.5536906133250961,0.0624474671054309,2.044726210575049,0.38378908752879637,3.795918367346939
0.1692558046383967,1.0612244897959184,1.1271977303838991,0.3328497120967979,0.23071383949008517,0.6328142569847048,0.6168962838260719,0.5137934893246769,0.08232274510192676,2.084489794608326,0.3561345085154559,3.795918367346939
0.16536639266633002,1.2244897959183674,1.6378951557482464,0.30486651201508197,0.21131736325039885,0.645769084571302,0.625409576183236,0.4711875499400078,0.10631854062598223,2.1217278104772768,0.3266023217558649,3.795918367346939
0.1609984653421576,1.3877551020408163,2.129062170462968,0.2755549105419175,0.1910001093315783,0.657176465353791,0.6329280615770294,0.42664328617180347,0.13507003119580868,2.1542763317092084,0.295726590914815,3.795918367346939
0.15619787463823187,1.5510204081632653,2.5975226117065295,0.24576374801496303,0.17035044902041618,0.666054241285287,0.638397252817969,0.38138392756608885,0.1690375020304088,2.1761014385738577,0.26435519410331354,3.795918367346939
0.15106469697386185,1.7142857142857142,3.0399476974937856,0.21664208420210151,0.15016484985531675,0.6713401607945643,0.640517602519508,0.3370327178688166,0.20831462905087178,2.1827090245024525,0.23361327814722577,3.795918367346939
0.14575400281335887,1.8775510204081634,3.4531345923123724,0.18946448250181191,0.13132677186238007,0.6720765298626168,0.6379445108992345,0.2953797536097822,0.25243122241718413,2.170593629666182,0.2047416434091116,3.795918367346939
0.1404584404038264,2.0408163265306123,3.8343804007492768,0.16531681412022214,0.1145888836065847,0.6676505764368581,0.6296317580927089,0.2579844356138201,0.3002440635539938,2.1378980965882866,0.17882118417406767,3.795918367346939
0.13537394694764746,2.204081632653061,4.181872912454435,0.14477172072972655,0.10034811004862165,0.6579989090372568,0.6152066262705935,0.22576675546636382,0.35001583856589336,2.0856285409776607,0.15648959001567642,3.795918367346939
0.13066154709119576,2.36734693877551,4.494977895729745,0.12775585996221572,0.08855361413282092,0.6436666105286875,0.5951797001964131,0.1988237673999227,0.39970640596674456,2.015950932555164,0.13781413380156193,3.795918367346939
0.12642253892522612,2.5306122448979593,4.77432031722923,0.11370305349666854,0.07881295095227236,0.625676585188182,0.570847745530881,0.17649668032378107,0.4473745215776395,1.9333295055484643,0.12233817634461897,3.795918367346939
0.1226956368902297,2.693877551020408,5.021636821254201,0.10187103334542602,0.07061161954411,0.6052732233598068,0.5439341162319232,0.15766210351187926,0.49151804364140955,1.843276365162277,0.10928304253040988,3.795918367346939
0.11947098784271089,2.857142857142857,5.239467341667378,0.09161095160149824,0.06349987281099212,0.583662774828833,0.5161618628254171,0.14134934261705734,0.5312318900589643,1.7511495696393418,0.09797589830901465,3.795918367346939
0.116709576860058,3.020408163265306,5.430796056700001,0.08248167696961284,0.057171941839343265,0.5618419144254724,0.488944464760416,0.1269030937616984,0.5661794104711216,1.6603653192984793,0.08796252164525553,3.795918367346939
0.11435946207876882,3.183673469387755,5.598734136055455,0.07423586264464621,0.05145637888857202,0.5405344170893727,0.4632597278756724,0.11394307670733284,0.596453496079716,1.5734597838029671,0.07897932236401228,3.795918367346939
0.1123661282636053,3.3469387755102042,5.74628998380564,0.0667534226933082,0.046269946732593104,0.5204217602481127,0.4396681559989083,0.10226712952313655,0.6224122607635707,1.4931804001678963,0.07088617249292062,3.795918367346939
0.11067790368047692,3.510204081632653,5.876231187399275,0.05997722242426384,0.0415730426211951,0.5030371040361965,0.4184030975503134,0.09176167310469552,0.644541132193537,1.4203435890615599,0.06360434499598266,3.795918367346939
0.10924829010592023,3.673469387755102,5.991020140485508,0.053871144758939504,0.037340632103195714,0.4865988537153305,0.3994752343461669,0.08234528089003268,0.6633580480522446,1.3538229814009228,0.0570773992813427,3.795918367346939
0.10803665197463533,3.836734693877551,6.092799631631751,0.04839960062732418,0.03354804671505729,0.471198395751956,0.3827617537098165,0.07394213034402419,0.6793579188264085,1.2929818092188508,0.05125277917255611,3.795918367346939
0.10700811294189898,4.0,6.18340780734003,0.043520866684298554,0.030166366037746917,0.45685754369655535,0.36807134844899025,0.06647081869082694,0.6929854903471522,1.2375679220943299,0.046074060565057806,3.795918367346939
0.01529250041346919,-4.0,-18.425748482796422,0.46718487675742626,0.323827880124655,0.5814835597784379,0.6223951018917897,0.7710103450599735,0.17096001898139174,1.9176683309116205,0.5344236468608705,4.040816326530612
0.03294486369685758,-3.836734693877551,-17.63182554514653,0.4841093418570237,0.33555902539092664,0.5853537746162415,0.6359728124794862,0.8013287627499639,0.1568184805688958,1.95132490469951,0.5554387726017262,4.040816326530612
0.055694430350106613,-3.673469387755102,-16.86069484082114,0.503091767451711,0.3487166401720734,0.593790919360292,0.6444075493083591,0.8302874003897984,0.13976624860503362,1.96469751731337,0.5755113706346351,4.040816326530612
0.08154384494572622,-3.510204081632653,-16.114779699977294,0.5222557945820929,0.36200013154567134,0.5959879010118181,0.6432994878948273,0.8546323634079616,0.12128657179770641,1.956883651980583,0.5923860131115108,4.040816326530612
0.10681576592408185,-3.3469387755102042,-15.393730867324976,0.5391931670156311,0.3737402234940721,0.586814340209046,0.6320537274197113,0.8726989404988532,0.10372787321836192,1.9227206516934408,0.6049088100844306,4.040816326530612
0.12839708991865187,-3.183673469387755,-14.69437386863313,0.5526633591130135,0.3830770491679736,0.5704538213710681,0.6148489150618589,0.8850370688956111,0.08887915546583589,1.8688790037027616,0.613460948996031,4.040816326530612
0.14518423782191864,-3.020408163265306,-14.012217538282323,0.5627328025414919,0.3900566554902316,0.5519177437461692,0.5967930396405103,0.8931369997084952,0.07721664870447191,1.8077734688593232,0.6190753932017117,4.040816326530612
0.15761476451627562,-2.857142857142857,-13.34301142278631,0.5699612367275848,0.3950670242661849,0.5345240182217258,0.5809126523154784,0.8982790587530967,0.0683118431396916,1.7505206134725086,0.6226395969307497,4.040816326530612
0.16665899005122514,-2.693877551020408,-12.683437629313344,0.5749039518134293,0.39849305329224927,0.5197155174137508,0.568140343663321,0.901254084360692,0.06147460753254772,1.7014236111662855,0.6247017275427482,4.040816326530612
0.17324047914186363,-2.5306122448979593,-12.031138462942568,0.5779962021466849,0.4006364378923306,0.5078061883124488,0.5583332058601262,0.9024996589751502,0.05608809356782494,1.6625707306001567,0.6255650940749371,4.040816326530612
0.17806735968229764,-2.36734693877551,-11.384507574699384,0.57956201269393,0.401721775058445,0.4986154902005413,0.5510051279694159,0.9022623674421797,0.0516903065662899,1.6332944267000222,0.6254006161178882,4.040816326530612
0.1816401103170353,-2.204081632653061,-10.7424699054725,0.5798392278895053,0.401913925989666,0.4918092418261796,0.545652273687223,0.9006918146542477,0.047956166065655205,1.6114873373544394,0.6243119918810125,4.040816326530612
0.18430240833233738,-2.0408163265306123,-10.104314075011343,0.5790001885940637,0.4013323482676514,0.4870460472489769,0.5418556140685873,0.8978842209454583,0.04465966733099565,1.5961129892917691,0.6223659162176061,4.040816326530612
0.18628898468107585,-1.8775510204081634,-9.469577984134606,0.5771671284482203,0.4000617677957641,0.484028490241999,0.5392944492372423,0.8939013398035285,0.04164127185123181,1.5864302090512834,0.6196051933835731,4.040816326530612
0.1877609123063181,-1.7142857142857142,-8.837973970843601,0.5744234956136767,0.3981600264320082,0.48251423086680895,0.5377324129509706,0.8887789049683721,0.03878452198889763,1.5819979365784496,0.6160545921199825,4.040816326530612
0.18882957483507018,-1.5510204081632653,-8.209340671708086,0.5708221775583708,0.3956637829756733,0.48231234924712,0.5369988943393827,0.8825307407042131,0.036000180831537484,1.5825804559010856,0.6117236946766051,4.040816326530612
0.1895724721901985,-1.3877551020408163,-7.583612419499449,0.5663913523357986,0.39259256896509354,0.483275466889568,0.5369729131418268,0.8751509220109486,0.03321551325801553,1.5874026236902228,0.6066083941563258,4.040816326530612
0.19004355840206683,-1.2244897959183674,-6.960800213188934,0.5611385191742593,0.3889515824692207,0.4852916274046736,0.5375707923260252,0.8666148722160574,0.030366824681073056,1.5958773022724135,0.6006916553078776,4.040816326530612
0.19028000308247117,-1.0612244897959184,-6.340980533716083,0.5550531284118958,0.3847335110196832,0.4882772044833645,0.5387372264407787,0.8568797269073998,0.02739395322988485,1.6074796656285526,0.59394376678484,4.040816326530612
0.19030661567673635,-0.8979591836734694,-5.7242897389312795,0.5481081232763327,0.3799196002909926,0.4928826352520542,0.5404389767357072,0.8458840961996867,0.024235835722805986,1.6220873807625222,0.5863221763613105,4.040816326530612
0.19013872345777286,-0.7346938775510204,-5.110922713752257,0.5402606243453798,0.37448012853255563,0.4983737175438351,0.5426604752407285,0.83354729858701,0.020826536557482345,1.6396952272643626,0.577770959878944,4.040816326530612
0.18978400435861342,-0.5714285714285714,-4.5011350746136065,0.5314519341662023,0.36837440977043334,0.5047008961312055,0.5454007546497506,0.819768144340236,0.017091283329411365,1.6601759615085678,0.5682199779622921,4.040816326530612
0.1892435929968792,-0.40816326530612246,-3.895248661303326,0.5216070183481238,0.3615504341282816,0.5118527068249762,0.548671230222068,0.8044234031905888,0.012942131520540356,1.6834135175913731,0.5575838138979923,4.040816326530612
0.18851266545922057,-0.24489795918367346,-3.293660375771486,0.5106336387580903,0.35394426700423565,0.5198229089706616,0.5524939098786892,0.7873662326325142,0.008272911261707438,1.7093037304499796,0.545760684217333,4.040816326530612
0.18758064257546653,-0.08163265306122448,-2.696854694387783,0.49842139068058744,0.34547938168101644,0.5286064447725847,0.5568995833834568,0.7684252285485695,0.002953115299973397,1.7385226621074832,0.532631780639572,4.040816326530612
0.18643112060615746,0.08163265306122448,-2.1054204097253475,0.4848410580051832,0.33606621237599366,0.5381942226006661,0.5619254220587655,0.7474069636260654,0.0031796045746425917,1.7706155033122464,0.5180630295682769,4.040816326530612
0.18504163934840737,0.24489795918367346,-1.520072346529035,0.46974499499410216,0.3256024188623077,0.5485659918926001,0.5676111768109163,0.7240896137966808,0.010328613858913238,1.8054329871657935,0.5019006742759089,4.040816326530612
0.18338343514001282,0.40816326530612246,-0.941678903964578,0.4529697355824527,0.3139746950979607,0.559680358040565,0.573992753058293,0.6982244656279506,0.018749256665180746,1.84361413780233,0.48397231974798816,4.040816326530612
0.18142141150265254,0.5714285714285714,-0.3712962023513971,0.4343427966564035,0.301063484898908,0.5714607648696775,0.5810913280782395,0.6695565474370153,0.02876129465921018,1.8840162996273837,0.46410123308141804,4.040816326530612
0.17911470868910068,0.7346938775510204,0.1897908441491833,0.4136967203317363,0.28675271530483926,0.5837761742246617,0.5888953720088127,0.6378452293529127,0.04076161967557086,1.9260112733600714,0.4421206223595826,4.040816326530612
0.17641847443531383,0.8979591836734694,0.7400214083898069,0.3908946678025824,0.27094753688327655,0.5968950024450207,0.5973321259778763,0.6029025443523981,0.05523432045627898,1.9686806485594768,0.4179001987702815,4.040816326530612
0.17328770636624075,1.0612244897959184,1.2775089851754249,0.3658727520266778,0.25360366651099975,0.6110389401695011,0.6062249047260871,0.5646546074060987,0.07275224407566476,2.010738983379266,0.39138874911372,4.040816326530612
0.16968423090282542,1.2244897959183674,1.7999969807332703,0.33870321945174897,0.23477118160955635,0.6249025944324915,0.6152345193026089,0.5232308576377971,0.093959851372027,2.0509126944731815,0.3626759937536015,4.040816326530612
0.16558769489338224,1.3877551020408163,2.3048349519339837,0.3096764832768195,0.2146513812690467,0.6378271605539552,0.6237898873708169,0.4790760870745916,0.11952228947765046,2.088135034970574,0.3320702390294441,4.040816326530612
0.16101032662818454,1.5510204081632653,2.7890002664165605,0.279384798609676,0.19365478544760517,0.6489528630520438,0.6310277781874236,0.43305866448374575,0.15002363852816697,2.119029194906512,0.3001733923039631,4.040816326530612
0.15601262577928018,1.7142857142857142,3.2491980536500353,0.24876522472678397,0.17243091414073142,0.6572625581001463,0.635784424448033,0.3865175792753508,0.185805684718855,2.137789802291728,0.2679135703115647,4.040816326530612
0.15071341583625775,1.8775510204081634,3.6820704601697405,0.2190370963153052,0.15182494574899108,0.6617074623795364,0.6366999793884176,0.34116959005662517,0.22676653747167208,2.1403995137752108,0.23648073944054193,4.040816326530612
0.14528539509107402,2.0408163265306123,4.0845224201442765,0.19148419550624984,0.13272673023694637,0.6614170815795789,0.6324796263132919,0.2988244142237839,0.27218534194597555,2.12377670882544,0.2071293002016925,4.040816326530612
0.13993084778557574,2.204081632653061,4.454120538658938,0.16711901502639392,0.11583807408350011,0.6559394909751433,0.622273051765249,0.2609600508223058,0.320676969339179,2.087275798149086,0.18088372346626125,4.040816326530612
0.13484298277879744,2.36734693877551,4.789463278652075,0.1463909772174068,0.10147049311766065,0.6454058676576887,0.6060157086840287,0.22834758764398622,0.3703569448285589,2.0317860192650046,0.1582784865630935,4.040816326530612
0.1301692974154625,2.5306122448979593,5.090398386411526,0.12912697394111916,0.08950399792152397,0.6305237493354229,0.5845327491506459,0.2009478999191967,0.4191919467315097,1.9602882878571717,0.13928647026843288,4.040816326530612
0.12599318311287305,2.693877551020408,5.358010320839733,0.11473672701529924,0.07952943883733088,0.6123935467982438,0.5593259459160549,0.1780467013956124,0.46539412962724824,1.8777012524250418,0.12341256908036691,4.040816326530612
0.12233764440980296,2.857142857142857,5.594394639942024,0.10252108624072065,0.07106220187569856,0.5922424374836395,0.5321616287286044,0.15859294787077927,0.5076950168668846,1.7896938480069948,0.10992825467332112,4.040816326530612
0.11918248313172067,3.020408163265306,5.802313476461636,0.09189592771184163,0.06369740319840322,0.5711939983781098,0.5046719227583466,0.14171199113092703,0.5454238193311761,1.70057546717644,0.0982272671039377,4.040816326530612
0.11648347300770046,3.183673469387755,5.984842297076864,0.08246817332858303,0.057162581828636316,0.5501384625496878,0.47811409740824756,0.1268114475047315,0.5784259875427521,1.6134967530859121,0.08789899730063011,4.040816326530612
0.11418689159016568,3.3469387755102042,6.145083178248279,0.07400944717719993,0.051299439645676514,0.529701059337199,0.4533063431739136,0.11353143245792596,0.6069082918167121,1.530912577459749,0.07869399231314356,4.040816326530612
0.11223824755302747,3.510204081632653,6.285971652100804,0.06639559052460875,0.04602191637374542,0.5111811138648965,0.43068035141445654,0.10165912187430148,0.6312833638856185,1.4549578835555823,0.07046473370537187,4.040816326530612
0.11058666441304506,3.673469387755102,6.410169894195098,0.05955365998017781,0.04127945150728585,0.4944977731297671,0.410380777337355,0.09105572001703033,0.6520498127637027,1.3862054036217129,0.06311501560365995,4.040816326530612
0.10918668616997303,3.836734693877551,6.52002434186325,0.05342894370715401,0.037034121690909805,0.47874614892145956,0.3923651413361246,0.08161182814342283,0.6697145937252216,1.3230065027676285,0.056569008577956215,4.040816326530612
0.10799873575691328,4.0,6.617564634215696,0.04796931740380961,0.03324979711183551,0.4639970261585562,0.37648370610093973,0.07322677068927375,0.6847500480051888,1.2652126936293249,0.050756929644779625,4.040816326530612
0.0369196760259969,-4.0,-18.166934091683387,0.5030907640079558,0.34871594463786293,0.5748901092449253,0.6376009211931344,0.834625435694957,0.1524739776104764,1.9228283741249124,0.5785182675755749,4.285714285714286
0.06119390303745156,-3.836734693877551,-17.3993263296024,0.5246436310214571,0.3636552536412554,0.5846711847863137,0.6439801691949467,0.8667282221260089,0.1342274025501627,1.9274862618985933,0.6007702234783756,4.285714285714286
0.08823075202658345,-3.673469387755102,-16.657680115235834,0.5457120028393119,0.3782587361657901,0.5825869687922678,0.6394531841227057,0.892819660690289,0.11486161443787249,1.9097771800408596,0.6188554305559606,4.285714285714286
0.1138282108365078,-3.510204081632653,-15.941021071931461,0.5634710998974781,0.3905684042209481,0.5691807772048953,0.6246372497595525,0.9111255782435372,0.09706889506160184,1.8633123915548955,0.6315441256955574,4.285714285714286
0.13495601015484696,-3.3469387755102042,-15.24547675140108,0.5769618370828309,0.3999194706646507,0.549778885083258,0.605009879475178,0.9228372338695077,0.08255502732961786,1.800589829974396,0.6396620267723883,4.285714285714286
0.15093856671207787,-3.183673469387755,-14.566178572382446,0.5866979654261324,0.40666804057537953,0.5295759795140138,0.5858754286161907,0.9300828235484162,0.07149750073917856,1.7342955558796143,0.644684286829817,4.285714285714286
0.16254781071264007,-3.020408163265306,-13.898831514305781,0.5935216577926155,0.411397863700216,0.5114853279118667,0.5697840859818479,0.9344663737113943,0.06324255530638183,1.6748834664141747,0.647722732266129,4.285714285714286
0.17089618019211855,-2.857142857142857,-13.240234513941965,0.5981187351818757,0.4145843149313977,0.4965031456862283,0.5571943531430766,0.936884767058006,0.05700393235518671,1.6251044731568622,0.6493990347958172,4.285714285714286
0.17693393034466648,-2.693877551020408,-12.588178812840537,0.6009757890772156,0.41656467378366036,0.48464439791681746,0.5476854455413525,0.9377935318036275,0.05214466027956614,1.586558028385493,0.650028942517038,4.285714285714286
0.181352047695237,-2.5306122448979593,-11.941185697086556,0.6024326282608863,0.41757447775635126,0.47556417431937875,0.5406432811426436,0.9374308852859969,0.04821206836790452,1.5574158083066714,0.6497775751058019,4.285714285714286
0.18462442129791215,-2.36734693877551,-11.298274520710029,0.6027282338802649,0.41777937595798087,0.4688469418956032,0.5355151483092417,0.9359330956140703,0.04489779467071024,1.5356627438805945,0.6487393864176338,4.285714285714286
0.18707069674496432,-2.204081632653061,-10.658797983012754,0.6020311132358684,0.4172961687488079,0.46411422577550965,0.531868375448395,0.9333845852661962,0.041992206878317506,1.5202328964792808,0.6469728936553771,4.285714285714286
0.18890688698734395,-2.0408163265306123,-10.022333767798832,0.6004590718595035,0.41620651270105635,0.46105348348973446,0.5293823198137655,0.929838683788629,0.039349959016721094,1.5102572023579623,0.6445150620436584,4.285714285714286
0.19028036519884706,-1.8775510204081634,-9.388615085258701,0.5980924198428488,0.41456607452834615,0.4594175563333569,0.5278248676219216,0.9253264774795471,0.03686677910361465,1.5051783860095556,0.6413874389624139,4.285714285714286
0.1912928274415922,-1.7142857142857142,-8.757486447007205,0.5949829442489989,0.4124107502874488,0.4590152142823698,0.5270299610897073,0.9198609004443026,0.03446432373958282,1.5048685184746353,0.6375989896503,4.285714285714286
0.1920151310698661,-1.5510204081632653,-8.128875588589645,0.5911600228579745,0.4097609031037577,0.45970048861765955,0.5268800192935685,0.9134387907282355,0.03208024832116525,1.5084421138622834,0.6331475224073619,4.285714285714286
0.19249688423939756,-1.3877551020408163,-7.5027758381201695,0.5866347396873883,0.4066242158328308,0.46136328684863687,0.5272931648915362,0.9060419190863125,0.029661503306850755,1.5153765404941504,0.6280204016837994,4.285714285714286
0.19277267930659261,-1.2244897959183674,-6.879235431776501,0.581402562122681,0.402997546705665,0.46392181600669236,0.5282142385979773,0.8976373593250462,0.027159566206929164,1.5251764772152496,0.6221948047814294,4.285714285714286
0.19286616728505726,-1.0612244897959184,-6.2583516560817625,0.5754449496875735,0.3988680444434014,0.4677993852812365,0.5296085815732494,0.8881773351298086,0.02452678026628945,1.5377102364070814,0.6156376156824712,4.285714285714286
0.19279272111831283,-0.8979591836734694,-5.640268560891492,0.5687301395923732,0.3942136927579176,0.4726174587581939,0.5314577814430861,0.8775985935087962,0.021713250963151375,1.5529940597622713,0.6083049907539952,4.285714285714286
0.19256115427976628,-0.7346938775510204,-5.025177542359405,0.5612132718687355,0.38900339708863596,0.47820030859792184,0.5337567925554001,0.8658213283430478,0.01866391187985226,1.5709136667591754,0.6001416126096495,4.285714285714286
0.19217478657479367,-0.5714285714285714,-4.413320470767542,0.5528359659089417,0.3831966910819171,0.4845390127148598,0.5365120011839265,0.8527476815406758,0.015315455532175105,1.5913162928637412,0.59107965118895,4.285714285714286
0.19163204050793475,-0.40816326530612246,-3.8049953128664304,0.5435254364985602,0.3767431238715908,0.4916323389578096,0.5397399056848966,0.838259885114756,0.011592859699894075,1.6142185487703613,0.5810374759437966,4.285714285714286
0.19092668455099032,-0.24489795918367346,-3.2005644205636754,0.533193243401962,0.3695813933576826,0.4994842720732229,0.5434661229113223,0.8222182028915399,0.007405243082434132,1.6396062967168474,0.5699182291393354,4.285714285714286
0.19004780015834793,-0.08163265306122448,-2.600465856369988,0.521733814432304,0.3616383224765374,0.5081010986180792,0.5477244137914759,0.8044591095753115,0.0026407690360754853,1.6681057563997856,0.5576085636778916,4.285714285714286
0.18897953085358887,0.08163265306122448,-2.0052283154076185,0.509022988557585,0.352827849358887,0.5174876124681518,0.5525553314310584,0.7847958451972548,0.0028397019906269303,1.6992711957662894,0.5439790274136365,4.285714285714286
0.18770067336989998,0.24489795918367346,-1.4154903830515029,0.4949170288615812,0.34305034316650973,0.527641856597369,0.5580039101729795,0.763011436527314,0.009210506743909618,1.733011504819255,0.5288792259639012,4.285714285714286
0.18618419738093586,0.40816326530612246,-0.8320250123385814,0.4792529109131096,0.3321928039745685,0.5385476154567399,0.5641154954196825,0.7388571942108713,0.016690842013325137,1.7699087232912565,0.5121367810036963,4.285714285714286
0.18439684246723423,0.5714285714285714,-0.2557701514730144,0.4618512770794214,0.32013091054561116,0.5501636301596314,0.5709283138638419,0.7120653809262358,0.025556184770243417,1.809387952952307,0.49356611116336335,4.285714285714286
0.18229905514178474,0.7346938775510204,0.31213373823280366,0.4425243438813582,0.30673450129050317,0.5624082864776276,0.5784606677399513,0.6823609777899065,0.036150903723430036,1.8508758861519186,0.4729765878792014,4.285714285714286
0.17984571356477858,0.8979591836734694,0.8702992206359702,0.42109228276850885,0.2918789285565435,0.5751384891534136,0.5866897537545147,0.6494868768349562,0.048900352488551825,1.8937046708374008,0.45018999748883415,4.285714285714286
0.17698834873288652,1.0612244897959184,1.4170420592376711,0.39741295980835023,0.2754656726091409,0.5892355161390674,0.5955183594349039,0.6132480350870773,0.06431862033613231,1.9369218471973735,0.4250711465045338,4.285714285714286
0.17367986189916207,1.2244897959183674,1.9503308660663596,0.37143060567811936,0.2574560770994616,0.6036085934731039,0.604725968343794,0.5735818376738937,0.08300465195233171,1.9791166483970841,0.3975766336040514,4.285714285714286
0.16988288122903075,1.3877551020408163,2.4677467463388028,0.34324696512093933,0.2379206661093367,0.6175503520971056,0.6139040764243843,0.530658171171253,0.10561470230533407,2.0192940491979052,0.3678242151884503,4.285714285714286
0.16558248457246466,1.5510204081632653,2.966471951933996,0.31321004262906493,0.21710065797139655,0.630346970304638,0.6223850120510676,0.4849997456276727,0.13279467755290783,2.056347044495071,0.33617620625411204,4.285714285714286
0.16080239606083122,1.7142857142857142,3.443336448282794,0.28199664679398095,0.19546518065260665,0.6410883455617348,0.6291921403812009,0.43758774914247267,0.16505669960031383,2.084945356502642,0.3033127145656769,4.285714285714286
0.15562051223294376,1.8775510204081634,3.8949571528356626,0.2506373261975985,0.17372855599694836,0.6487350683516606,0.6330635784529866,0.38988523219329796,0.20259903109457297,2.1003451377839677,0.27024784943674396,4.285714285714286
0.15017572266606022,2.0408163265306123,4.317995665888932,0.22041550301275725,0.1527803844649951,0.6522731956537421,0.6326117871099727,0.34369694702964626,0.24510484892354314,2.0988026872078454,0.23823256980065954,4.285714285714286
0.14465705587073213,2.204081632653061,4.709525153998025,0.19260701394876012,0.1335050086746532,0.6509426606606942,0.6266416810835672,0.30083287973203054,0.29160397703087837,2.0781182615151983,0.20852146240598568,4.285714285714286
0.1392726063671446,2.36734693877551,5.067438217002554,0.16813419998458246,0.11654174667501493,0.6444642390444734,0.6145441176447124,0.26266864931762246,0.34050208615934013,2.0378606438861797,0.18206803369599855,4.285714285714286
0.13420831110942072,2.5306122448979593,5.390776314007423,0.147320380650259,0.10211470648674492,0.6331531966553157,0.59657380814306,0.22981954702230478,0.38982516263050815,1.979521170048957,0.15929877105607426,4.285714285714286
0.1295951392570563,2.693877551020408,5.679864546755279,0.12990320683158396,0.09004204156100792,0.6178488544923256,0.5738359018319812,0.20211939167121917,0.4376048182613525,1.906782732213794,0.14009848647339673,4.285714285714286
0.12549801026513502,2.857142857142857,5.936208390036045,0.11527803378128443,0.0799046440959914,0.5996934614215986,0.5479761626613255,0.17881343840896546,0.4822397407373412,1.8248436920403446,0.12394403067940374,4.285714285714286
0.12192531412518752,3.020408163265306,6.162206065319168,0.10278748166254115,0.07124685311124757,0.5798722970279963,0.5207490871379395,0.15891815688882271,0.5226948929679762,1.7391929437461322,0.11015367238726981,4.285714285714286
0.11884800274871714,3.183673469387755,6.360786220508206,0.09190229868269117,0.06370181921888562,0.5594185933773037,0.49366741211439474,0.1416376574598499,0.5585101262390497,1.6530936824364197,0.09817574292940989,4.285714285714286
0.11621779473715785,3.3469387755102042,6.535072374060385,0.08226729106943198,0.05702334085708105,0.5391216533701017,0.4678299539923835,0.12642755011158613,0.5896819994410777,1.5696169522223127,0.08763289990494627,4.285714285714286
0.11397987985344867,3.510204081632653,6.6881302716532565,0.07366765477324266,0.051062527204536634,0.5195195956393364,0.443908282854257,0.11294128967177564,0.6165043890459024,1.4913043689131629,0.07828493650479462,4.285714285714286
0.11208016520902012,3.673469387755102,6.8228093242858385,0.06597485136767833,0.045730282213367834,0.5024585900290381,0.4222225900380906,0.10095568729582771,0.6394262680139315,1.419626094395868,0.06997715001059435,4.285714285714286
0.11046878124368127,3.836734693877551,6.941662940826421,0.05910292826977104,0.040967028093028324,0.48643743732586897,0.40284412561704935,0.09031124769601417,0.6589493987675304,1.3542326185868683,0.06259898671334341,4.285714285714286
0.10910145285754007,4.0,7.046924183295337,0.052982449895322414,0.03672463576410112,0.47132900023175317,0.3856883388764103,0.08087662544908047,0.6755655926775636,1.2941178218531242,0.056059404903232135,4.285714285714286
0.06772848469193318,-4.0,-17.942948891920583,0.5463997363555961,0.3787354367135787,0.5748126535409084,0.6427942171083381,0.9030017556322281,0.1280220177695266,1.888809731108856,0.6259131209571591,4.530612244897959
0.09583942335192627,-3.836734693877551,-17.206474872739506,0.5688938012853217,0.3943271343989505,0.5678876293111839,0.6342113305782233,0.9298648107813494,0.1078781857524113,1.860098697550352,0.6445331718949996,4.530612244897959
0.12141356049774024,-3.673469387755102,-16.494879067752247,0.5868451324858328,0.4067700490078823,0.5502368544681673,0.615743733050593,0.9474183893976966,0.09011116674796407,1.800804884555527,0.656700385421658,4.530612244897959
0.14174008765221363,-3.510204081632653,-15.80354113931774,0.5998592850605804,0.4157907721724461,0.528223809651847,0.5941035715328361,0.9578428961671377,0.07617434374675866,1.729884322456645,0.6639261028976233,4.530612244897959
0.15669055650703675,-3.3469387755102042,-15.127305779878222,0.6089506777721061,0.42209244539780255,0.5068906258725583,0.5744006189255467,0.9638930568859023,0.06586955288932228,1.660401385443055,0.6681197547417699,4.530612244897959
0.16735924165976587,-3.183673469387755,-14.461938891404813,0.6151883374724254,0.426416061632372,0.48855598925088584,0.5584995629302144,0.9673613092250615,0.0583300941033309,1.60009000382668,0.6705237640721293,4.530612244897959
0.174956551836594,-3.020408163265306,-13.804423345270154,0.6193313863183381,0.42928780425883795,0.47373345016461027,0.5463616272684485,0.9691482936980864,0.052705573205723534,1.5507558820062342,0.6717624073213102,4.530612244897959
0.18042689523041355,-2.857142857142857,-13.152732747888745,0.6218807108360642,0.4310548613606324,0.46216189138166,0.5373242721747982,0.9696733804507844,0.04836192895093696,1.5133469157445054,0.6721263697234932,4.530612244897959
0.18442631150288186,-2.693877551020408,-12.505530978484975,0.6231705382523587,0.4319489015976459,0.45336262806888444,0.5306819477903739,0.9691406773905702,0.04486833163288846,1.4849348711943318,0.6717571280992289,4.530612244897959
0.18739337982238738,-2.5306122448979593,-11.861938531547494,0.6234289684525511,0.43212803176228065,0.4468626359731631,0.5258580166208799,0.9676609646950367,0.04193911260785175,1.4637088829002034,0.6707314694162809,4.530612244897959
0.18961961784796721,-2.36734693877551,-11.22137587561419,0.6228138009054649,0.4317016301114458,0.44226251283027906,0.5224214650931384,0.9653008420224976,0.03938350764183316,1.448607441032074,0.6690955570400341,4.530612244897959
0.1913004054000307,-2.204081632653061,-10.583463513463,0.6214342571693887,0.43074540326032573,0.43924503643724205,0.5200608925205371,0.9621018548691427,0.037071048195106426,1.4386582351022605,0.6668781881140395,4.530612244897959
0.19256848548653774,-2.0408163265306123,-9.947958988088985,0.6193647279439225,0.4293109149126073,0.43756491910398604,0.5185540697397665,0.9580881404633019,0.034909323675238135,1.4332799560677651,0.664096093290059,4.530612244897959
0.19351535474624798,-1.8775510204081634,-9.314717099267002,0.6166537516998671,0.4274318093724754,0.4370349115124954,0.5177431241422116,0.9532697285466312,0.03282989842900064,1.4323419174482046,0.6607562246552421,4.530612244897959
0.19420486611209536,-1.7142857142857142,-8.683664675726014,0.6133299745060472,0.42512794258176956,0.4375131944870398,0.5175163962880006,0.9476441030253668,0.0307792861492167,1.4349864416034182,0.6568568381862918,4.530612244897959
0.19468193852922452,-1.5510204081632653,-8.054784622946586,0.6094061080576627,0.42240812561617846,0.4388932237514316,0.5177957233495374,0.941196949859489,0.02871299058376997,1.440673901852281,0.6523880121467251,4.530612244897959
0.19497819289621712,-1.3877551020408163,-7.428106052528102,0.6048815064886042,0.4192719107954279,0.44109593036880285,0.5185276798271534,0.9339024111761138,0.026591380601048466,1.4489829277371493,0.647331823224857,4.530612244897959
0.19511563477506416,-1.2244897959183674,-6.8036985654749325,0.5997437513284227,0.4157106902917411,0.44439665882932133,0.5196775929930761,0.9257229497576858,0.024376635644625555,1.4597491124300352,0.6416622526041755,4.530612244897959
0.19510907260048077,-1.0612244897959184,-6.181669536984081,0.5939694911695783,0.4117082781428183,0.44863131088694186,0.521225482644029,0.9166088503848697,0.022030273432156487,1.4730380672920151,0.6353448403205655,4.530612244897959
0.19496769678751308,-0.8979591836734694,-5.562163737822967,0.5875246910230385,0.40724108309197216,0.45355960792512057,0.5231633380311627,0.906497355861458,0.019510929166125644,1.4887018906140919,0.6283360864004144,4.530612244897959
0.19469608405934924,-0.7346938775510204,-4.9453649486908065,0.5803643866875743,0.4022779383298942,0.45917267068714546,0.5254933292902334,0.8953114263654718,0.016772140597705376,1.5065957864937896,0.6205825909083296,4.530612244897959
0.19429479167888383,-0.5714285714285714,-4.331499451598385,0.5724320018312672,0.39677962813162826,0.46547005812289255,0.5282266703470093,0.8829581145285128,0.013759932984130207,1.5267498821463656,0.6120199276379639,4.530612244897959
0.19376064381255362,-0.40816326530612246,-3.7208414604562843,0.5636582659670233,0.39069813785435037,0.4724581000536069,0.5313829193313933,0.8693265710307982,0.010410007736292304,1.5491640336859518,0.6025712616958425,4.530612244897959
0.1930867729407939,-0.24489795918367346,-3.11372070947894,0.5539597712585276,0.38397565359148067,0.480148171388735,0.5349895290566161,0.8542857590169022,0.006644327536057237,1.5739073522280282,0.5921457652550788,4.530612244897959
0.19226245539243705,-0.08163265306122448,-2.510532570348761,0.5432372320439511,0.3765433557664537,0.4885546502128894,0.5390814443638481,0.8376821569635395,0.0023668656955284197,1.601530711074467,0.5806370253046502,4.530612244897959
0.1912727684118459,0.08163265306122448,-1.911751227364211,0.5313735779907902,0.36832009740836646,0.49769222662035767,0.5437004763931998,0.8193390445942277,0.0025417433238735577,1.631623030119637,0.567922548683168,4.530612244897959
0.1900980969591458,0.24489795918367346,-1.3179466053664486,0.5182321465754924,0.3592111512743308,0.5075721095109849,0.5488940465746339,0.7990494072113195,0.008230937429798125,1.6641550573054653,0.5538588437366214,4.530612244897959
0.1887135357846768,0.40816326530612246,-0.7298059053100822,0.5036554870022774,0.3491073807891749,0.5181965057166193,0.5547126526254943,0.7765725668199477,0.01488861363074805,1.6996582481354228,0.5382790851914461,4.530612244897959
0.18708827500679784,0.5714285714285714,-0.14816071765742125,0.4874657122475634,0.3378854840640442,0.5295505178544754,0.5612050187535746,0.7516412061103552,0.02275132447566457,1.7377961797863795,0.5209979828080682,4.530612244897959
0.18518514007010606,0.7346938775510204,0.42597933483057077,0.4694680272137748,0.3254104394262678,0.5415903464682834,0.5684093010082394,0.7239667059504664,0.03211612047255179,1.7782988915244728,0.5018154810488369,4.530612244897959
0.18296059967127068,0.8979591836734694,0.9913858050067905,0.4494601059520802,0.31154200521485875,0.5542264723538454,0.5763379041884462,0.6932540887568206,0.043353151122181965,1.8205989425668427,0.48052711703344375,4.530612244897959
0.1803657774531841,1.0612244897959184,1.5465638336796108,0.427251387329568,0.2961480945178152,0.567681469117462,0.5849525348680439,0.6592313773740468,0.05691669877720855,1.8640244036050748,0.4569443705634697,4.530612244897959
0.1773493019856533,1.2244897959183674,2.089700280950466,0.4026977846974642,0.27912883408078293,0.5822372051636179,0.5941255267380219,0.6217008456347592,0.07334975914631633,1.9075731329748564,0.43093018830346663,4.530612244897959
0.17386312550092836,1.3877551020408163,2.6186142112071793,0.3757576450856015,0.2604553522649291,0.5967656129045492,0.6035844612683346,0.580619559017411,0.09327329944434197,1.949864035585848,0.40245481031087715,4.530612244897959
0.16987248147547682,1.5510204081632653,3.1307232192805334,0.3465714466012204,0.24022502107421784,0.6107021478942022,0.6128421658478387,0.536210732585634,0.11734637543857589,1.9902608640033026,0.3716729574777151,4.530612244897959
0.1653704061670834,1.7142857142857142,3.6230486274335743,0.3155563767515015,0.21872701285301477,0.623278210014788,0.6211268809205963,0.4890909784144215,0.14617996187468718,2.0259492581310825,0.33901203272526104,4.530612244897959
0.16039501931581968,1.8775510204081634,4.09229215646804,0.283484033940256,0.19649615885944827,0.6335399369567772,0.6273494839756625,0.4403686405405418,0.18019207022688338,2.0518738315451133,0.30524028159769223,4.530612244897959
0.155043897487593,2.0408163265306123,4.535018672840524,0.2514808049266657,0.1743132108998644,0.6404409689595345,0.6301679449806503,0.3916355045144466,0.21941400227929778,2.063672310207536,0.27146104576136,4.530612244897959
0.14947626238510447,2.204081632653061,4.947961657271513,0.22088339443990668,0.15310470208853189,0.6430243608921252,0.6282062029052545,0.3447728229357159,0.2633010748540755,2.058081343525978,0.23897831015158433,4.530612244897959
0.1438948780255033,2.36734693877551,5.328421500867224,0.19293920585774593,0.13373526655977153,0.6406603910712363,0.6204190298261129,0.30156652291165376,0.31064557968071316,2.033432836997313,0.20902998510747883,4.530612244897959
0.138509014784923,2.5306122448979593,5.6746643008090905,0.16846410976163018,0.11677042270681515,0.6332471590939452,0.6064732508067592,0.26326802156785023,0.3596855750362195,1.9896458880164856,0.1824834868813503,4.530612244897959
0.13349295592775307,2.693877551020408,5.986192457250561,0.1476548557605981,0.10234654696644419,0.6212666150575866,0.586937398072229,0.23033201715530138,0.40841537361585656,1.9289343330244582,0.15965398828388144,4.530612244897959
0.12895898668951467,2.857142857142857,6.263790099943986,0.1301709539853264,0.0902276297457274,0.6056576774505361,0.5631510317448287,0.20247559740501897,0.45497976857740935,1.8555040762643957,0.14034538947347874,4.530612244897959
0.12495381587987713,3.020408163265306,6.509337939948299,0.11540179083779023,0.07999042595078287,0.5875735307734885,0.5368444564310245,0.17891670846601926,0.49798341965447673,1.7749270428375654,0.12401561202828715,4.530612244897959
0.12147272265605513,3.183673469387755,6.725481207764436,0.10273005767415411,0.07120704983560056,0.5681401201049997,0.5097160165464293,0.15873385738207269,0.5366148607926399,1.6914887896250834,0.11002592570378766,4.530612244897959
0.1184793607701061,3.3469387755102042,6.915265303712347,0.09167330343864188,0.06354309181111062,0.5482981456198893,0.48314160444075044,0.14119609078352235,0.5705984048510527,1.6084887426309211,0.09786967223268395,4.530612244897959
0.11592247346034253,3.510204081632653,7.081826052483343,0.08190662677396388,0.05677334741754847,0.5287436394341213,0.458065724339222,0.1257962688064116,0.6000534081428625,1.528595192344604,0.0871953290481251,4.530612244897959
0.11374677720120055,3.673469387755102,7.228172067254044,0.07322523212459364,0.05075586319300984,0.5103932509970619,0.43502784396185945,0.11219695529372098,0.6253386077048922,1.4542229894352976,0.07776900322925284,4.530612244897959
0.1118989009589308,3.836734693877551,7.357057779853059,0.06549652199259359,0.04539872955564839,0.4942137847228679,0.41425266812242717,0.10016588340643962,0.6469252142526086,1.3865378879688082,0.06942969967146961,4.530612244897959
0.11033015936926609,4.0,7.470926922287681,0.05862407281149595,0.040635110782229145,0.4788168655023229,0.3957511491776705,0.08952703231201964,0.6653109008795621,1.3242337086927287,0.062055410030975366,4.530612244897959
0.10428491937035422,-4.0,-17.76124656606715,0.5916456479641505,0.41009751277691264,0.5516105764411561,0.6272661404862978,0.9654044077423021,0.10039243385669741,1.8058314275378977,0.6691673433267198,4.775510204081633
0.1293941313724644,-3.836734693877551,-17.055235648983782,0.6091171972973606,0.4222078679372412,0.5299747606742714,0.6053492101162019,0.9812383249723333,0.082978299809195,1.7348463845743465,0.6801425784119361,4.775510204081633
0.14857482208891234,-3.673469387755102,-16.368326689996177,0.6212245213325089,0.4306000254563298,0.5059693182012297,0.582306728627613,0.9898795500216129,0.06986006824297994,1.6573322051830361,0.6861322191914283,4.775510204081633
0.16231060399113192,-3.510204081632653,-15.695218525128436,0.6294460034179981,0.436298722583911,0.4840980354845914,0.5625943169251787,0.9945515531072755,0.06042749754026253,1.5865444602400562,0.6893706049578228,4.775510204081633
0.1719641385411929,-3.3469387755102042,-15.031849642015377,0.6349865008579609,0.4401391027633206,0.4659539214654727,0.5472569118394881,0.9970585301562642,0.0536422375252464,1.5268120003966148,0.6911083090310579,4.775510204081633
0.1787881343899376,-3.183673469387755,-14.375443234398084,0.6386182960365008,0.44265647135169695,0.45158221591231046,0.5357938500663225,0.9982115995274881,0.04862940922929471,1.4791812685741141,0.6919075558147116,4.775510204081633
0.18368973272550576,-3.020408163265306,-13.724177464832074,0.640824560114726,0.4441857370770894,0.44049117514985725,0.527359183870505,0.9983549491904262,0.04478004799616486,1.4432872047368277,0.6920069182294113,4.775510204081633
0.1872755880707256,-2.857142857142857,-13.07686577420276,0.6419176286897832,0.44494339447804854,0.4321058519922887,0.5211970239085101,0.997643394531702,0.041695411773435345,1.4160735208046396,0.6915137061239021,4.775510204081633
0.18994298051008537,-2.693877551020408,-12.432731305565964,0.6421063857924159,0.4450742309315492,0.42592044616434843,0.5167308204423129,0.9961564127213021,0.0391167360832267,1.3957651730866993,0.6904830088744798,4.775510204081633
0.19195301370562262,-2.5306122448979593,-11.791262488679275,0.6415335383828951,0.44467716336474905,0.42152983292400587,0.5135445217405745,0.9939405032991773,0.03687355002005839,1.3812891322431606,0.6889470575061569,4.775510204081633
0.19347966166367184,-2.36734693877551,-11.152123118593734,0.640297248468749,0.44382023249640423,0.4186213355331017,0.5113433616300737,0.9910243792783757,0.0348504053008879,1.3715936321533182,0.6869257543629761,4.775510204081633
0.19464083471223725,-2.204081632653061,-10.515096405416768,0.6384643826061001,0.4425497866913639,0.41695718878464616,0.5099192543615495,0.9874244647333383,0.032966256737589794,1.3662097918470226,0.6844304837458259,4.775510204081633
0.19551780288410026,-2.0408163265306123,-9.88004984646585,0.6360789596052303,0.440896337463869,0.41635765484596665,0.5091251314903501,0.9831469985341381,0.03116169385784786,1.3648228496077441,0.6814655701099097,4.775510204081633
0.19616739969871497,-1.8775510204081634,-9.24691295930416,0.6331676690959367,0.43887838465556084,0.4166873148873381,0.5088570260815943,0.9781889119140605,0.029390892400131596,1.366784143172011,0.6780288863482307,4.775510204081633
0.19662978439032458,-1.7142857142857142,-8.615663121978935,0.6297435086306784,0.4365049374832821,0.41784461884782503,0.5090418369529977,0.972538193586812,0.027616383165205382,1.3714752398514178,0.6741121068715614,4.775510204081633
0.19693345036307722,-1.5510204081632653,-7.9863166762663855,0.6258081575537506,0.4337771599797964,0.4197541205143679,0.5096290269459617,0.9661739596591361,0.02580550027002675,1.3785542721351907,0.6697007560681678,4.775510204081633
0.19709849931202422,-1.3877551020408163,-7.358923582535185,0.6213534652389647,0.4306894025615404,0.4225994725999735,0.5105849980261629,0.9590662805963315,0.02392782081045306,1.3878615994218475,0.6647740883654598,4.775510204081633
0.19713880033494652,-1.2244897959183674,-6.733564596660465,0.616362287986314,0.42722978212119034,0.42633350572562917,0.5118892886029555,0.9511757638080796,0.021953167334793976,1.399437084790758,0.6593047989005232,4.775510204081633
0.1970634140653514,-1.0612244897959184,-6.110350361336883,0.6108088192119614,0.42338041089792067,0.43069377748046217,0.5135320242295566,0.9424528724200081,0.019849892026781512,1.4131476211914664,0.6532585513285509,4.775510204081633
0.19687751727435246,-0.8979591836734694,-5.489422076690016,0.6046584991965389,0.41911733391968853,0.43567061165867255,0.5155122442556459,0.932836953684745,0.017583242933929412,1.4288614184406163,0.6465933043687087,4.775510204081633
0.1965829745623032,-0.7346938775510204,-4.870953602830439,0.5978675516104248,0.4144102077470435,0.441262666463906,0.5178368511714171,0.9222549475468846,0.015113653757314082,1.4465694964181144,0.6392584166495827,4.775510204081633
0.1961786480390538,-0.5714285714285714,-4.255154988673225,0.5903821680876264,0.40922173526280603,0.44747568203309307,0.5205200067818587,0.9106197477324938,0.012394813873670718,1.4663363134907514,0.6311935107029867,4.775510204081633
0.19566050015351047,-0.40816326530612246,-3.642277541256545,0.5821373468480209,0.40350686066635233,0.4543213537618037,0.5235828427119972,0.8978282004485219,0.009371372111952825,1.4881480692459306,0.6223270857681027,4.775510204081633
0.1950215215722003,-0.24489795918367346,-3.03262066408763,0.5730553876592368,0.39721172626068646,0.4618161722318047,0.5270533679735918,0.8837587668552804,0.0059761106269381244,1.5121675604407419,0.6125748975408718,4.775510204081633
0.1942515011966974,-0.08163265306122448,-2.4265408129976014,0.5630440580710636,0.3902724013829879,0.4699800399956243,0.5309664430687522,0.8682690201514833,0.002126396993880464,1.5387799794079058,0.6018382232855468,4.775510204081633
0.19333664748116464,0.08163265306122448,-1.8244630511533317,0.5519944852398777,0.3826134211286596,0.4788344168499727,0.5353636413149948,0.8511941686484028,0.002280312722274713,1.5677027976718494,0.590002838107706,4.775510204081633
0.19225906979065718,0.24489795918367346,-1.2268958342195497,0.539778912903754,0.37414623160494953,0.48839965025071713,0.5402927183817049,0.8323401696911659,0.007372181760631325,1.5989540111187692,0.5769342418882184,4.775510204081633
0.1909961388232899,0.40816326530612246,-0.6344498168803475,0.5262486268627877,0.3647677519834842,0.49869100585264237,0.5458062341023502,0.8114793244604379,0.013310189528163829,1.6329861348082602,0.562474605832441,4.775510204081633
0.1895197728369702,0.5714285714285714,-0.04786162109751505,0.5112326473334456,0.35435946810937446,0.5097127156401101,0.5519585765204742,0.7883534388038709,0.020297057119867068,1.669538461258414,0.5464449633916395,4.775510204081633
0.1877957532820485,0.7346938775510204,0.5319764103151884,0.4945382910992011,0.34278782215434456,0.5214491090541439,0.5588001741028179,0.7626747360328978,0.028587974389953995,1.7086854727174932,0.5286458429655032,4.775510204081633
0.18578327735427594,0.8979591836734694,1.1039795514674247,0.4759555210034838,0.3299072274555046,0.533851620053841,0.5663669967540675,0.7341332758759331,0.03850277053493685,1.7499524998036637,0.5088624103286388,4.775510204081633
0.18343512875405743,1.0612244897959184,1.6668267113659685,0.45526821198262946,0.3155678775343267,0.5468202846330409,0.5746625408809951,0.7024146527100128,0.05043824117322739,1.7928683249174886,0.48687673610993887,4.775510204081633
0.18069910932755978,1.2244897959183674,2.21891005189887,0.43227702341009033,0.2996315999975503,0.561076026445226,0.5836285582780034,0.6672345219754705,0.06487756461219787,1.8367242822347771,0.4624917276795597,4.775510204081633
0.1775217046122895,1.3877551020408163,2.7582819213737,0.40683998997134196,0.2819999919876719,0.575837639732444,0.5931004969174993,0.6283982310036254,0.08239069798169292,1.8803335051062235,0.43557246208902,4.775510204081633
0.1738552290450695,1.5510204081632653,3.282607921399247,0.3789367143667146,0.2626589151739376,0.5904527001913118,0.6027456225416005,0.5858926192769225,0.10361519654606029,1.9226326547658974,0.40610981716268,4.775510204081633
0.16966956197131097,1.7142857142857142,3.7891429772728094,0.34875689617202976,0.2417398592824802,0.6043047803633952,0.6119891306854255,0.5400088252599362,0.12920205993572637,1.9628057536089834,0.37430559470641267,4.775510204081633
0.16496839685609038,1.8775510204081634,4.274757564119466,0.3167990560600309,0.2195883725120622,0.6165724371142323,0.6199498616327913,0.49147414060859296,0.1597097742276264,1.9967037964412109,0.34066391488096803,4.775510204081633
0.15980700674346077,2.0408163265306123,4.736049476728139,0.2839384681013821,0.1968111486169828,0.6262670481035535,0.6254320492486117,0.4415367453304926,0.19543960550032635,2.0196773314682575,0.3060499501394456,4.775510204081633
0.15430423334762336,2.204081632653061,5.169572855776715,0.2513958109426664,0.17425429755949007,0.6323527021751187,0.6270384108700455,0.3919168951007901,0.23623547150234464,2.027692545754876,0.2716560908529204,4.775510204081633
0.14863869162038287,2.36734693877551,5.572187696083628,0.22054536857453932,0.15287040041299593,0.6339511874670595,0.623448336871353,0.3445543242769964,0.28131961722811616,2.018248665081579,0.23882685842233675,4.775510204081633
0.1430231238544528,2.5306122448979593,5.9414766309788805,0.19258324478894995,0.13348853314854647,0.6305784902895496,0.6138132462034934,0.301182546648715,0.32926859892323157,1.9897031149808286,0.20876383304342072,4.775510204081633
0.13766295332935852,2.693877551020408,6.276115919923696,0.16820432219459258,0.11659035168717824,0.6223075093813468,0.5980977522296255,0.2629078856090912,0.37820038886267127,1.9426770463302205,0.18223385965691774,4.775510204081633
0.13271700408498707,2.857142857142857,6.576072866443771,0.14748131878891169,0.10222626030379645,0.6097644715408599,0.5771637683278719,0.230022957271677,0.42613204654260484,1.8801155623923733,0.15943976429692341,4.775510204081633
0.1282777034039035,3.020408163265306,6.842561307041226,0.1300073866914664,0.09011425353715641,0.5939565273551737,0.5525333019856056,0.20214009137570654,0.4713585355659234,1.8065408860459145,0.14011283441520028,4.775510204081633
0.12437452502653779,3.183673469387755,7.077787484195546,0.11517335841648446,0.07983208866200653,0.5760225085898858,0.5259669314837786,0.17846162373658636,0.5126980637357901,1.7276154511048623,0.12370017133116384,4.775510204081633
0.12099138490040147,3.3469387755102042,7.28459082677933,0.10240025215604343,0.07097844607058867,0.5570179008286568,0.49907323554780614,0.1581227897368227,0.5495463758359446,1.646470081292032,0.10960236588835093,4.775510204081633
0.11808614569638884,3.510204081632653,7.466090173894084,0.0912458766655595,0.06324682214845279,0.5377925858150918,0.47308275110626996,0.14044677240946113,0.5817857807412607,1.56654299751189,0.09735028431436188,4.775510204081633
0.11560553834283627,3.673469387755102,7.625404721281244,0.08140995323091849,0.056429079551528094,0.5189579716927364,0.44879402262164003,0.12495605000138399,0.6096334392610203,1.490329714973311,0.08661293375236667,4.775510204081633
0.11349432862579864,3.836734693877551,7.765470483619017,0.07269535989701792,0.05038858375240873,0.501996968205003,0.4266292540277056,0.11131990966416927,0.6334947924770407,1.4197294684766681,0.077161081523907,4.775510204081633
0.11170013362071289,4.0,7.888941456595019,0.06496606834296514,0.04503104710399097,0.4864093012931186,0.40673209590612824,0.09929873276435375,0.6538524818613313,1.3554567130324333,0.06882863664878691,4.775510204081633
0.13755356213642225,-4.0,-17.62199439424901,0.6300735371179056,0.43673369579870847,0.5085203099852902,0.5935743053443103,1.0122714445955974,0.07582235080768138,1.6655024225521613,0.7016530977827813,5.020408163265306
0.1552855692703254,-3.836734693877551,-16.939562098542893,0.6409553338562608,0.4442763825273255,0.48327916582719965,0.5698851420856627,1.0188561239479212,0.06373424574404955,1.5845242678840568,0.7062172497107349,5.020408163265306
0.16768514490287312,-3.673469387755102,-16.26952094508299,0.648177293183275,0.4492822632729634,0.46146115382624175,0.5507092432180212,1.0221242904973136,0.05525226315975795,1.5135467218180616,0.7084825701400477,5.020408163265306
0.17629554210016715,-3.510204081632653,-15.608084579283245,0.6529747173616132,0.45260758431612946,0.44389042981383264,0.5362479527867987,1.0237158540046107,0.049230295122422184,1.4556793575458267,0.7095857578978118,5.020408163265306
0.18235396638712492,-3.3469387755102042,-14.952756275277386,0.6560809724079673,0.4547606762436096,0.4302039717150552,0.5256244428764626,1.0242857978364381,0.04480956306330748,1.4106869006823066,0.7099808128579208,5.020408163265306
0.18670411485288657,-3.183673469387755,-14.30192882252341,0.6579381337803762,0.4560479624127398,0.4197387351739309,0.517878869068374,1.0240829066393826,0.04142458905917941,1.3766494726652247,0.7098401793967217,5.020408163265306
0.1898933923345369,-3.020408163265306,-13.654564870676564,0.65882617290143,0.4566635042257252,0.411862505865916,0.5122447711335185,1.0232077446944516,0.03871578300280658,1.3509738150090498,0.7092335633620586,5.020408163265306
0.1922746868507942,-2.857142857142857,-13.009987404580237,0.658930029720675,0.4567354922871669,0.4060595785219141,0.5081662087911033,1.0217080105697032,0.03645354149018383,1.3318577984905695,0.7081940268819009,5.020408163265306
0.19407809564456271,-2.693877551020408,-12.367750315413918,0.6583751479756903,0.4563508775700862,0.4019321325386224,0.505252437999704,1.019610711218347,0.03448804138868815,1.3181763985814285,0.7067402897497166,5.020408163265306
0.1954563997853778,-2.5306122448979593,-11.727559282914926,0.6572475566284806,0.45556929080694464,0.39917949521914636,0.5032306201336308,1.0169323546708466,0.03271846944366008,1.3089488945849246,0.7048837944602839,5.020408163265306
0.1965130660288584,-2.36734693877551,-11.089222997601853,0.6556059347921752,0.4544314052595635,0.39757578994606346,0.5019096417822387,1.0136819677436049,0.03107445516915086,1.3037640973396445,0.7026307979259374,5.020408163265306
0.19731948665802732,-2.204081632653061,-10.452622644219492,0.6534891972955368,0.45296419463178306,0.39695142954130735,0.5011548755242848,1.0098619036166103,0.02950475857967825,1.3022036544304618,0.6999829312467529,5.020408163265306
0.19792572038817643,-2.0408163265306123,-9.817692543701332,0.650921405969695,0.45118433731400986,0.3971790530804269,0.5008711202160605,1.0054680069870225,0.027970221310787236,1.303609629036679,0.6969373141862816,5.020408163265306
0.1983672955239655,-1.8775510204081634,-9.184407778636112,0.6479149954376311,0.44910045233010387,0.3981631871642714,0.5009911636840017,1.0004895834552987,0.026439233750958958,1.3075092251578322,0.6934865339516336,5.020408163265306
0.19866959408018525,-1.7142857142857142,-8.55277632337317,0.6444728863351532,0.44671456411054167,0.39983273451633516,0.5014681046903323,0.9949092679493465,0.024884697823045386,1.313573556483072,0.6896185539920485,5.020408163265306
0.19885072141828042,-1.5510204081632653,-7.922834189647745,0.640589830989791,0.44402303524594555,0.4023189349263719,0.5022701781342526,0.9887027859460003,0.023281879351648493,1.3216507575584215,0.685316548490233,5.020408163265306
0.1989234065487293,-1.3877551020408163,-7.294642687331826,0.6362532037144337,0.44101711427689216,0.4056256605502647,0.5033772602868625,0.9818385772704166,0.021606778990098285,1.331789550661585,0.6805586415999767,5.020408163265306
0.19889626629523732,-1.2244897959183674,-6.668287260195432,0.6314433662226016,0.43768318898047753,0.4094964375124286,0.5047785188338867,0.9742772488334057,0.019834783898030152,1.3438031035126614,0.6753175281125747,5.020408163265306
0.1987746396103213,-1.0612244897959184,-6.043877585965529,0.6261336860333846,0.4340027991276465,0.41392071338987274,0.506470859219535,0.9659708225649015,0.017939436943159293,1.3576207539392595,0.6695599521640325,5.020408163265306
0.19856112082751878,-0.8979591836734694,-5.4215487845397075,0.6202902501901226,0.42995243804810657,0.41889577105850645,0.5084579386986698,0.956861743742079,0.015891199895688168,1.373219585296808,0.6632460198604955,5.020408163265306
0.19825587216267207,-0.7346938775510204,-4.801463691110099,0.6138712915929645,0.42550315499435576,0.4244256998049911,0.5107495958388315,0.9468816130012834,0.013656104822823312,1.3906258410484713,0.6563283203758923,5.020408163265306
0.1978567646003214,-0.5714285714285714,-4.183816242704045,0.6068263272668397,0.4206199578345562,0.43052057073109956,0.5133615903941184,0.9359496047678202,0.011194190567743045,1.409885131561603,0.6487508296910094,5.020408163265306
0.19735937561210842,-0.40816326530612246,-3.5688361108359037,0.5990949956441303,0.4152610071183014,0.43719570946399455,0.5163155745822914,0.923970540628503,0.008457612310031703,1.4310169457857724,0.6404475751570957,5.020408163265306
0.19675685803753967,-0.24489795918367346,-2.9567947993852335,0.5906055741412941,0.4093765885390257,0.4444709526386189,0.5196392251216977,0.9108326115811729,0.0053882934119748645,1.4542271763370747,0.6313410566795419,5.020408163265306
0.19603968483002357,-0.08163265306122448,-2.348013523129732,0.5812731621851306,0.4029078535037873,0.452369751020957,0.523366454964769,0.8964048467329415,0.0019149610061720336,1.4797664593157183,0.6213404921532075,5.020408163265306
0.1951952685137249,0.08163265306122448,-1.7428732946470438,0.5709975354536123,0.39578533180634934,0.46091793704546186,0.5275375888696064,0.8805352216771047,0.0020506284637218596,1.5074637012151642,0.6103405062892122,5.020408163265306
0.19420745272543657,0.24489795918367346,-1.1418277794544989,0.559660727699232,0.38792725547484985,0.47014190079172635,0.5321993160492572,0.863044183315909,0.006618506392293333,1.5373649122455804,0.5982166423640827,5.020408163265306
0.19305587846093156,0.40816326530612246,-0.5454196306389465,0.5471245005048258,0.37923780494018855,0.48006580612646876,0.5374041058152398,0.8437197841388255,0.011926617168458397,1.5698483306657682,0.5848219895584728,5.020408163265306
0.19171524449678584,0.5714285714285714,0.04569882577952417,0.5332280580320039,0.36960552502033894,0.4907073164010841,0.543208556235214,0.8223182980874202,0.01814852092093606,1.6048626107044617,0.5699876098421477,5.020408163265306
0.19015451872396252,0.7346938775510204,0.6307395465368962,0.5177867159023908,0.35890240225913583,0.5020710780979236,0.5496697948613296,0.7985622668819592,0.025502872796793842,1.64228765983854,0.5535211837907879,5.020408163265306
0.1883362292240749,0.8979591836734694,1.2087463191236922,0.5005928321631208,0.34698451022238497,0.5141389376521912,0.5568385070179034,0.7721426931476167,0.03426464129819042,1.6821698390370057,0.535208530745233,5.020408163265306
0.1862160918359926,1.0612244897959184,1.778555060805321,0.48142126572482447,0.33369579299876206,0.5268555917000598,0.5647463850937171,0.7427281241616837,0.044777460515901035,1.7240401756616883,0.5148199051852473,5.020408163265306
0.1837434391625532,1.2244897959183674,2.3387467695455317,0.460043022984161,0.3188775243177451,0.5403499057996699,0.5733848110604469,0.7099858351572013,0.05746533773993878,1.7674220627298889,0.4921246798767118,5.020408163265306
0.18086321686010662,1.3877551020408163,2.8875947988059316,0.43625246607580204,0.30238716687276557,0.5550671847348381,0.5826707125865834,0.6736226441798823,0.07283977034892297,1.811512104990291,0.46691963657462043,5.020408163265306
0.1775206629698105,1.5510204081632653,3.4230116733261005,0.40991477027410683,0.28413126728537463,0.5699795733318107,0.5923957209603737,0.6334541764473882,0.09149478688182026,1.8550029736818239,0.4390769764184288,5.020408163265306
0.17366999377905926,1.7142857142857142,3.942506849514383,0.3810392159898277,0.26411625824612117,0.5846162396011219,0.6021581436980622,0.5895089294561799,0.11407763349301651,1.897359072153013,0.4086164523674629,5.020408163265306
0.1692880216609975,1.8775510204081634,4.443176019682775,0.3498763762181718,0.24251582372015634,0.5983078649476368,0.6112873922034285,0.5421621562258743,0.14121854695330474,1.9366496663866855,0.37579816999426496,5.020408163265306
0.16439188117636594,2.0408163265306123,4.92175306700404,0.31701829064563514,0.21974033434695506,0.6101839476050906,0.6187905293248691,0.4922687085606161,0.17340447362965383,1.9684498784842832,0.3412146674166756,5.020408163265306
0.15905641796829798,2.204081632653061,5.374761372365713,0.2834504839476981,0.19647290377669924,0.6192324326142458,0.6233765970877352,0.44122634954555684,0.21079778822963555,1.9882354040477692,0.3058348001762594,5.020408163265306
0.15342240373067684,2.36734693877551,5.798789958955383,0.250481634099323,0.17362063845799347,0.6244466485100807,0.6236244842091896,0.3908774093702405,0.2530390094919329,1.9927076417153993,0.2709355742495574,5.020408163265306
0.14768565253612792,2.5306122448979593,6.190880214775263,0.21950319135176333,0.15214801820938484,0.6250472117374642,0.6183154488013649,0.3431955830939404,0.2991205907990709,1.9792032504441954,0.23788505080219124,5.020408163265306
0.142064233312091,2.693877551020408,6.5489457654247545,0.19163609183715558,0.13283201675045087,0.6207057876610904,0.6068376785913223,0.299831186770513,0.3474339141657718,1.9468857599448062,0.20782714175392325,5.020408163265306
0.13675476301996586,2.857142857142857,6.8720977962128575,0.1674428243578281,0.11606252160862263,0.6116610948812622,0.5894612261370581,0.2617273899809356,0.39602711414599057,1.8970415556926452,0.18141560244059862,5.020408163265306
0.1318976804397399,3.020408163265306,7.1607597288351,0.14687789933095985,0.10180800180782201,0.5986582847149724,0.5673086881714057,0.22901737687050794,0.442988115780394,1.833120317386037,0.1587427490770268,5.020408163265306
0.12756535766597143,3.183673469387755,7.4165377025713655,0.12948044179730234,0.08974900316945633,0.5827439377047818,0.5420305353849242,0.20122233692490443,0.48678763512796197,1.7601755855801855,0.13947669550518071,5.020408163265306
0.12377154760933914,3.3469387755102042,7.641912687669269,0.11464928676551533,0.07946882987472592,0.5650229839353177,0.5153708123317532,0.17753940579078398,0.5264554592440749,1.682743835239519,0.12306093856216949,5.020408163265306
0.12049063936362307,3.510204081632653,7.839869794962519,0.10184207225106556,0.07059154524320843,0.5464744709700554,0.4888246934883657,0.15715575141389548,0.5615743659879144,1.6040424744029607,0.1089320660013211,5.020408163265306
0.1176760941445099,3.673469387755102,8.01356442764194,0.09065155064885166,0.06283486674563865,0.5278617437108984,0.4634757309807175,0.13944034273601646,0.5921593824325684,1.527058763152288,0.09665268042378239,5.020408163265306
0.115273457315512,3.836734693877551,8.166076198291245,0.0807977958372077,0.056004764380018335,0.5097204293885145,0.4399873841247036,0.12393988060899863,0.6185039554223142,1.4544671027236018,0.08590857880306313,5.020408163265306
0.11322797275608396,4.0,8.300257398159143,0.07208983232240929,0.04996886402131717,0.49403692502298824,0.41867898603879433,0.11032915319075087,0.6410456183234534,1.3876266188908335,0.07647434146773469,5.020408163265306
0.16171480132761823,-4.0,-17.51693703958226,0.6589966713734934,0.45678168476092584,0.46047237339935165,0.5571619846659692,1.0447862740528158,0.057905602775964946,1.511579185638533,0.7241906601474395,5.26530612244898
0.17272485934168927,-3.836734693877551,-16.84980185774958,0.6651793663327208,0.46106720234017673,0.43924333276767485,0.5389963705869846,1.046755079466125,0.05040564397577589,1.442348225670216,0.7255553320687458,5.26530612244898
0.18030706060719967,-3.673469387755102,-16.19017117690078,0.6692412551780196,0.463882689141043,0.4225537421674407,0.5256413900230592,1.0475410248210681,0.04512813938736673,1.3872581747295087,0.7261001078755989,5.26530612244898
0.1856322507606247,-3.510204081632653,-15.535848732313099,0.6718400140374738,0.46568401151742944,0.4097236012585928,0.5159601151904079,1.0476114099738258,0.04126555483751515,1.345424743137164,0.7261488951457862,5.26530612244898
0.18946233221372738,-3.3469387755102042,-14.885440733925487,0.6733629653385411,0.46673964091789455,0.399981811883518,0.5089477226150652,1.0471170186162264,0.03830867805272298,1.313635487597647,0.7258062091701727,5.26530612244898
0.19228045775534042,-3.183673469387755,-14.238052711644444,0.6740526973015148,0.46721772668337125,0.3926747437915934,0.5038609433265876,1.0461072503214868,0.03594071823184719,1.28970486813627,0.7251062911236552,5.26530612244898
0.1943946771632397,-3.020408163265306,-13.593101471769165,0.674068516334196,0.46722869160127334,0.38729595721626603,0.5001799786408629,1.0446012942282912,0.03396166709794217,1.2720319899938093,0.7240624419036101,5.26530612244898
0.19600489760879242,-2.857142857142857,-12.950201986302577,0.6735181756263899,0.4668472244913102,0.383465112451129,0.49754642516629655,1.042609135669181,0.03224178173172685,1.2592775170216517,0.7226815828151336,5.26530612244898
0.19724368602043935,-2.693877551020408,-12.309099142185122,0.6724755505920581,0.46612453188838177,0.3808990257668785,0.4957125772079801,1.0401367307762306,0.030694063637008728,1.2505903374945968,0.720967842334383,5.26530612244898
0.1982008907903215,-2.5306122448979593,-11.669625901896143,0.6709911554315808,0.46509562756806067,0.3793867495349245,0.4945058011224271,1.0371866738932831,0.02925796440152435,1.2457092933146496,0.7189230187234763,5.26530612244898
0.19893864127145527,-2.36734693877551,-11.0316771614645,0.6690987109583149,0.4637838850170495,0.37877060119742106,0.4938046835634614,1.033757824949252,0.027889566980226023,1.2441032027098147,0.7165463217453549,5.26530612244898
0.19950064429857178,-2.204081632653061,-10.395193135068196,0.6668193811422305,0.46220397398146473,0.3789323460484662,0.49352326873903307,1.029844841422959,0.02655551244879817,1.2451012501093441,0.7138340482465293,5.26530612244898
0.19991806088763822,-2.0408163265306123,-9.76014867741115,0.6641645551867543,0.46036378885554874,0.3797832851767839,0.49360062588285664,1.0254377977267946,0.02522912037844709,1.2483773713360793,0.7107793183339268,5.26530612244898
0.20021329426463672,-1.8775510204081634,-9.126546422919175,0.6611376787295824,0.45826571797335736,0.3812571632370632,0.49399389512588054,1.0205218703540875,0.023887811475793042,1.2536147139779168,0.7073718571356973,5.26530612244898
0.20040247461989513,-1.7142857142857142,-8.494412467805573,0.657735435510054,0.4559074626781612,0.3834596454256227,0.49467361461171144,1.0150770286927613,0.02251130926879017,1.2606958985130543,0.7035977804895541,5.26530612244898
0.20049711159809175,-1.5510204081632653,-7.863793821064421,0.6539484642938906,0.4532825342568161,0.38640237541348627,0.49562056309123237,1.00907767573934,0.02108030417513973,1.2696163346763611,0.6994393459047052,5.26530612244898
0.20050520188036142,-1.3877551020408163,-7.2347571542907625,0.6497617250147241,0.4503805077297225,0.38985263350960675,0.49682362767216093,1.0024921934582598,0.019575380119375763,1.2801791438573624,0.6948746374289478,5.26530612244898
0.2004319699101556,-1.2244897959183674,-6.607388571835229,0.6451545828459144,0.4471870801249731,0.39379921619659203,0.49827838091128396,0.9952823548936842,0.01797606989926035,1.2923700463591257,0.6898771581556207,5.26530612244898
0.20028035333269814,-1.0612244897959184,-5.9817942498441825,0.6401006484745229,0.443683959764708,0.3982380961976289,0.49998616231255283,0.987402568115106,0.016259941833985225,1.3061458639246057,0.6844153061666347,5.26530612244898
0.2000513032666528,-0.8979591836734694,-5.358101883105773,0.6345673911680247,0.43984859806339593,0.4031715271632277,0.5019535301432874,0.9787989165613111,0.014401638289833518,1.3215113302079429,0.6784517093496012,5.26530612244898
0.1997439429170091,-0.7346938775510204,-4.7364629493603285,0.628515524847991,0.435653763986539,0.4086073772935226,0.5041919947423243,0.9694079577898616,0.012371792593041952,1.3385175076882958,0.671942392754417,5.26530612244898
0.19935561034013913,-0.5714285714285714,-4.117055862926042,0.6218981544385627,0.43106695234452297,0.4145586130354761,0.5067179726664239,0.9591552400431484,0.010135747720551747,1.3571910757271002,0.6648357503552056,5.26530612244898
0.1988817988934406,-0.40816326530612246,-3.5000901510425315,0.6146596595429465,0.4260496100161293,0.42104285904616373,0.5095529166291508,0.9479534971155696,0.007651989374822943,1.3775762116893746,0.6570712938275971,5.26530612244898
0.19831600000415553,-0.24489795918367346,-2.8858118535318757,0.6067342855096083,0.42055615935003776,0.4280819548945957,0.5127235807821561,0.9357004966956102,0.004870187960567018,1.3999154877464037,0.6485781611331025,5.26530612244898
0.19764944628764497,-0.08163265306122448,-2.2745104247532075,0.598044410273356,0.41453279683061184,0.4357014107977533,0.5162623732959105,0.9222765914734468,0.001728718508262439,1.4243547234520813,0.6392734190762561,5.26530612244898
0.19687074840411234,0.08163265306122448,-1.6665275114629792,0.5884984636334432,0.4079160508313804,0.44392963044950573,0.520207724066305,0.9075426460054863,0.001848505121808941,1.4508022951016104,0.6290606263166145,5.26530612244898
0.19596541684648533,0.24489795918367346,-1.062268095366449,0.5779885027874907,0.40063110110321287,0.4527967127874308,0.5246043459827527,0.8913340819523623,0.005956083863000084,1.4793260987394277,0.6178257058422671,5.26530612244898
0.1949152617153635,0.40816326530612246,-0.4622146269026009,0.5663875101600531,0.3925899057718081,0.4623325577309826,0.5295031783491699,0.8734559337237875,0.010712316127872868,1.5102271039316226,0.6054335178039976,5.26530612244898
0.19369767287356718,0.5714285714285714,0.133055066460567,0.5535466050299451,0.3836892685850366,0.47256387226538193,0.5349606460201035,0.85368186513811,0.016265777794323543,1.5436232513931303,0.5917271779156357,5.26530612244898
0.1922848060211002,0.7346938775510204,0.7228451548701578,0.5392925962224879,0.3738091425684704,0.48350949057549614,0.5410366097773204,0.8317504986311675,0.022803554081676603,1.5793680035599544,0.5765255130555214,5.26530612244898
0.19064274807855583,0.8979591836734694,1.3063134026329073,0.5234267232642864,0.36281175746037064,0.4951731782233789,0.5477899697685936,0.8073641828733176,0.03056126510063222,1.6175019431648756,0.5596222070437236,5.26530612244898
0.18873082501873725,1.0612244897959184,1.8824359439445002,0.5057261434026161,0.35054265043497757,0.507532799765824,0.5552702542085429,0.7801920649457101,0.03983470293512794,1.6579552499101995,0.5407879301123608,5.26530612244898
0.18650137075548517,1.2244897959183674,2.449964542805155,0.4859508430623243,0.3368354567593781,0.5205244636398405,0.5635026469262132,0.7498813374145281,0.050992164543059305,1.700296545673909,0.5197781347834005,5.26530612244898
0.18390052132879423,1.3877551020408163,3.0073766736892504,0.4638602440697457,0.3215234203507922,0.5346900857972209,0.5724628768566072,0.7160827891990755,0.06448510589800135,1.7440194159393074,0.4963507663808402,5.26530612244898
0.18087093616367658,1.5510204081632653,3.552821063862828,0.4392456075736382,0.3044618544630071,0.5495990895907956,0.5820376802850475,0.6784990688903938,0.08085214833677656,1.7881588512368527,0.4702997166139249,5.26530612244898
0.17735769686428982,1.7142857142857142,4.084065748010365,0.4119853863845817,0.28556650900437264,0.5646105833985865,0.5919674496157388,0.6369648818658673,0.10070744726376765,1.8316425118298256,0.44151041198102403,5.26530612244898
0.17331871894437245,1.8775510204081634,4.598463023268208,0.38212830250649654,0.264871155494536,0.579206264467598,0.6017728779705693,0.5915641251368222,0.12469949455204246,1.8739620475181173,0.4100410054589987,5.26530612244898
0.16874024580443653,2.0408163265306123,5.092955856443112,0.34999837678746415,0.24260038807078832,0.5926641079548294,0.6106807830311023,0.5427736247184165,0.15342330201647097,1.9117804083179515,0.3762220076558722,5.26530612244898
0.1636555854755489,2.204081632653061,5.564160279144517,0.3162926764083416,0.21923737688420086,0.6040702895373823,0.6175877772485356,0.49159181399658625,0.18727425349291957,1.9410428550521748,0.34074547985808223,5.26530612244898
0.15816101647471478,2.36734693877551,6.00855971610593,0.28211021355333576,0.19554389913165893,0.6124027339526299,0.6211251973196175,0.439571474640462,0.22625526523143255,1.9576176999976278,0.3046877283016136,5.26530612244898
0.1524188119758889,2.5306122448979593,6.4228267503345355,0.24883604907666568,0.17248000583916667,0.6167033637538577,0.6198850904947484,0.3886636167577535,0.26979308508637884,1.958276707915559,0.2694010901418675,5.26530612244898
0.14663861020037844,2.693877551020408,6.804237213283048,0.2178543983447132,0.15100516198522151,0.6163089669152431,0.6127966848561057,0.34084559326002006,0.3166623250838986,1.940892117765924,0.23625616197446409,5.26530612244898
0.14103863054345384,2.857142857142857,7.151076313734606,0.190187814105355,0.13182814712398527,0.6110511033439876,0.5995156208877057,0.29765338931327934,0.36510662454310294,1.9050441425766118,0.2063176075866111,5.26530612244898
0.1358022068629013,3.020408163265306,7.4629027638507885,0.1662591617792426,0.11524206922954194,0.6013200279960746,0.5806110255306872,0.2598535020427284,0.4131541316529755,1.8528127865953874,0.18011672229954456,5.26530612244898
0.13104951061177164,3.183673469387755,7.7405764048543375,0.14591376251669086,0.10113971309333758,0.5879534538421691,0.5574246709256575,0.22742677146544565,0.45900358254736773,1.788025574533315,0.15764022542512368,5.26530612244898
0.12683352298875283,3.3469387755102042,7.98605301252678,0.12864926058632653,0.0891728722565337,0.5720122624269146,0.5316831297597526,0.19981812080315553,0.5013164159941438,1.7160388457744038,0.13850336705949395,5.26530612244898
0.1231541327304491,3.510204081632653,8.202038578918254,0.11387817518052801,0.07893433605369427,0.5545532922820469,0.5050756452848069,0.1762286001685589,0.539324893306158,1.6401991230837183,0.1221523573408625,5.26530612244898
0.11997800068070585,3.673469387755102,8.391620471253729,0.10109306938129636,0.07007237601579663,0.5364771352447172,0.4789690507602561,0.15589309654544659,0.5727769278480183,1.5639703541439733,0.10805686033923534,5.26530612244898
0.11725541528533831,3.836734693877551,8.557959866963579,0.08991726276900236,0.062325897172001765,0.5184664051491051,0.45430330352727955,0.13821990290946484,0.6017970440737599,1.4900815834659495,0.0958067359989645,5.26530612244898
0.11493142332979656,4.0,8.704078962309492,0.08008791897506473,0.055512715234479204,0.5016086582812241,0.43161892564466725,0.12277611553894552,0.626736795387385,1.4207629001813258,0.08510191832592184,5.26530612244898
0.17736875455355533,-4.0,-17.435639491763304,0.6805251165986359,0.4717040658705727,0.4176841685955364,0.527679131673222,1.0686501605352086,0.045927808150727834,1.3735587529399536,0.740731845779913,5.510204081632653
0.1839727175085052,-3.836734693877551,-16.777647863554122,0.6838973785192488,0.47404153971295515,0.40209728072541784,0.5155712610992385,1.0687745763729155,0.04135303417224945,1.3221287710169864,0.7408180842670355,5.510204081632653
0.18861494683993935,-3.673469387755102,-16.124233340390273,0.6860281587864754,0.4755184840475757,0.39023214445727894,0.5068769674776616,1.068443365749434,0.038004305172686645,1.2836390918838227,0.7405885065571982,5.510204081632653
0.19196575259923146,-3.510204081632653,-15.474205191697765,0.6872450748515764,0.4763619859870787,0.38126819786544486,0.5006055150130195,1.0677197693331464,0.035435369764366544,1.2543682372513665,0.7400869477413852,5.510204081632653
0.19444341278081267,-3.3469387755102042,-14.826801207824499,0.687752647694662,0.47671380867219226,0.3745600382826206,0.49606199844683674,1.0666101715261855,0.03337279730425804,1.232404266736237,0.7393178331499342,5.510204081632653
0.1963128189999576,-3.183673469387755,-14.181523902249333,0.6876851018215735,0.47666698944070274,0.3696250601322559,0.4927728875814381,1.065110589337769,0.031645128284243706,1.2161212747667667,0.7382784019840165,5.510204081632653
0.19774554577109843,-3.020408163265306,-13.538043802541198,0.6871332908330468,0.4762845032098031,0.3661075713394308,0.4904159919073253,1.0632173799962206,0.030141438221440553,1.2043297339660686,0.7369661292667118,5.510204081632653
0.19885545351785053,-2.857142857142857,-12.89614156896138,0.6861596237070504,0.47560960858661505,0.36374544961158284,0.4887700986955129,1.060928073124154,0.028787416157293456,1.1962527180539246,0.7353793026629019,5.510204081632653
0.19971988188187012,-2.693877551020408,-12.25567260183472,0.6848069231251923,0.4746719879921584,0.3623444964379267,0.4876814524271801,1.058240094947568,0.027531378571319487,1.1917614400214414,0.7335161381683952,5.510204081632653
0.20039247799846832,-2.5306122448979593,-11.61654491076441,0.6831039509579582,0.4734915776358679,0.3617598962273999,0.4870419281896736,1.0551494508681052,0.026335897572342514,1.190203643151559,0.7313738669386018,5.510204081632653
0.20091112816514584,-2.36734693877551,-10.978705004400817,0.68106897342577,0.47208103869692875,0.36188308570082406,0.4867748267657127,1.0516497598832024,0.02517264305061957,1.1909310427873452,0.7289480659995853,5.510204081632653
0.20130297171481795,-2.204081632653061,-10.342128772015394,0.6787121078514926,0.47044738396915986,0.3626324887291138,0.4868255525246613,1.0477316000194468,0.02401909913939413,1.1937103012023635,0.7262322045370397,5.510204081632653
0.2015876380743494,-2.0408163265306123,-9.706815570387652,0.6760368761410747,0.4685930546517387,0.3639469539359727,0.48715542564818853,1.0433820479065088,0.022856393662344442,1.1982744494434745,0.7232173247532581,5.510204081632653
0.20177937640107366,-1.8775510204081634,-9.072784441481184,0.6730412191178687,0.4665166234321789,0.3659244183061817,0.48773752895109207,1.0385843097473093,0.021667796887301603,1.2045485845780273,0.7198917860751437,5.510204081632653
0.20188847829997014,-1.7142857142857142,-8.440071804932048,0.6697181277488382,0.46421323201899267,0.36855701637576,0.4885538971039405,1.033317368296053,0.020437622903371543,1.212423932847816,0.7162410204580314,5.510204081632653
0.20192223795370295,-1.5510204081632653,-7.808730222756851,0.6660559880166415,0.4616748301888032,0.3716462060408617,0.48959360935413565,1.0275555920886963,0.019150366986046618,1.2217689974715495,0.7122472615248845,5.510204081632653
0.20188560135567743,-1.3877551020408163,-7.178827992554645,0.6620386985501527,0.4588902573216138,0.37518044204212636,0.4908515047683812,1.0212682666265729,0.01778996927840546,1.2325534762334054,0.7078892196075519,5.510204081632653
0.20178160010695573,-1.2244897959183674,-6.550449429656265,0.6576455949470779,0.4558451899452345,0.3791546552309191,0.4923273384848178,1.0144190139655174,0.016339127175606705,1.2447610909741595,0.7031416794365981,5.510204081632653
0.20161163024528114,-1.0612244897959184,-5.923695771311085,0.6528511968336903,0.45252196641045805,0.38356944992280295,0.4940252609346635,1.0069650690915588,0.014778595797089377,1.2583778763578577,0.6979749985631649,5.510204081632653
0.20137561416527566,-0.8979591836734694,-5.298686691082536,0.6476247800720643,0.4488992903677065,0.38843052839395764,0.49595354300172245,0.998856380103391,0.013086423179759632,1.2734223283924242,0.692354483652978,5.510204081632653
0.2010720688278534,-0.7346938775510204,-4.675562458105627,0.6419297653295457,0.44495180695568215,0.39374827978982274,0.49812449670076664,0.9900344958380134,0.011237067097466769,1.2899562848032204,0.686239619447206,5.510204081632653
0.20069809315408396,-0.5714285714285714,-4.054486819972391,0.6357229044346759,0.440649538826275,0.3995374807401256,0.5005545578303616,0.9804312006036491,0.009200334986229252,1.3079970082876522,0.679583122431421,5.510204081632653
0.20024927995164582,-0.40816326530612246,-3.435650734607623,0.6289532371494673,0.43595716303420384,0.40581705763910486,0.5032645065704714,0.9699668537501194,0.006940077685284196,1.3276034842185842,0.672329789913495,5.510204081632653
0.19971955185173332,-0.24489795918367346,-2.819277129866438,0.6215607834675296,0.4308331046071492,0.41260985567434993,0.5062798047620612,0.958548399347142,0.004412551357755645,1.349043594607545,0.6644151204377193,5.510204081632653
0.1991009159549782,-0.08163265306122448,-2.205626933924355,0.6134749315753893,0.42522841916568654,0.41994234586251294,0.5096310235103774,0.9460670642477953,0.0015643394796307276,1.3723779121392585,0.6557637182039833,5.510204081632653
0.1983831280318962,0.08163265306122448,-1.5950066991554475,0.6046124821252628,0.4190854373164761,0.4278441757067991,0.5133543185426486,0.9323962546866817,0.0016703023337440559,1.3975763971406316,0.6462878351007251,5.510204081632653
0.19755325452633624,0.24489795918367346,-0.9877782413704211,0.5948753212897251,0.41233615173666505,0.43634742690510353,0.5174918770808924,0.9173861675695316,0.005372851481062457,1.4247207517299252,0.6358836355355146,5.510204081632653
0.19659512033975315,0.40816326530612246,-0.3843708384308983,0.5841477290772423,0.40490035144038505,0.44548537772004354,0.5220921977641433,0.9008590074585254,0.009644886181394873,1.4540450331539834,0.6244278811019082,5.510204081632653
0.1954886347368136,0.5714285714285714,0.21470332213442017,0.5722934051009898,0.39668356019880124,0.45529046831009773,0.5272099559464036,0.8826070638493237,0.014613665841133305,1.4857931486380795,0.6117765978494503,5.510204081632653
0.1942090011176977,0.7346938775510204,0.808829594759237,0.5591524452198682,0.387574940907351,0.4657910221714819,0.5329050212577026,0.8623881341087025,0.020439191719681893,1.519810085688538,0.5977619037057997,5.510204081632653
0.19272584671656307,0.8979591836734694,1.3972662199023107,0.5445387852754866,0.37744552371924134,0.47700607353905394,0.5392398889932007,0.8399222002836528,0.027322977686550808,1.5561627078465692,0.5821897050163187,5.510204081632653
0.19100236866026668,1.0612244897959184,1.9791134635576817,0.5282391296080631,0.36614746334926873,0.4889373850105777,0.5462743033806675,0.8148905420905153,0.035518594190285045,1.5948726543390268,0.5648390817150064,5.510204081632653
0.18899470334038093,1.2244897959183674,2.553275553626928,0.510015222427751,0.35351561346844873,0.5015574366718908,0.5540551292262506,0.7869400080696161,0.04534361670960951,1.635791599538291,0.5454652478632744,5.510204081632653
0.18665191276005177,1.3877551020408163,3.11841494300773,0.48961262601279554,0.3393736112873198,0.5148818704620096,0.5625985587583935,0.7556970723088949,0.05719167825227016,1.678520092103856,0.5238092950283155,5.510204081632653
0.1839172661735168,1.5510204081632653,3.6728998193036806,0.46678096241856526,0.3235479080394863,0.5295607117311829,0.5718607033398346,0.720798704922538,0.0715415394501655,1.7224246734007105,0.4996195900683169,5.510204081632653
0.1807318616810593,1.7142857142857142,4.214748719664787,0.4413124661442698,0.30589449165385685,0.5446214932248892,0.5816921984333577,0.6819493424282999,0.08895704018301535,1.766467412139119,0.4726912639888847,5.510204081632653
0.17704194784950905,1.8775510204081634,4.741581490919637,0.4131062509645851,0.2863434331277912,0.5596825605144867,0.5917743609576332,0.6390133260290201,0.11006735234103568,1.809889101558514,0.4429302852772481,5.510204081632653
0.17281119287404123,2.0408163265306123,5.250594333441052,0.3822615480323175,0.264963514255081,0.5741762606539774,0.6015419107461889,0.5921454911338997,0.13551217178837893,1.8517565251529495,0.41044397766074603,5.510204081632653
0.16803790247086245,2.204081632653061,5.738587471278414,0.34918891702114685,0.2420393133159886,0.5873294026994125,0.6101142218146849,0.5419423960020553,0.16583526284048306,1.8878545976674725,0.3756458438147261,5.510204081632653
0.16277406390071056,2.36734693877551,6.202082452468361,0.3147004104370468,0.21813370221549655,0.5981925580826272,0.6162832050761617,0.489560037405087,0.20132011991213722,1.9143549585086048,0.33933715964215727,5.510204081632653
0.15713847321699284,2.5306122448979593,6.6375616183595865,0.280007445671981,0.1940863715033252,0.6057487446406478,0.6186260880897201,0.4367060091607522,0.24179235293492146,1.927708178156928,0.30270153898336094,5.510204081632653
0.15131329332716031,2.693877551020408,7.041831381607962,0.2465543572945963,0.17089845761351907,0.6091074907186418,0.6157891069388549,0.38541925109144204,0.2864611631343056,1.9245221480826533,0.2671522672275586,5.510204081632653
0.1455176314118547,2.857142857142857,7.41245121305533,0.21569096882441396,0.14950558691288562,0.6077354467009645,0.6068923621449542,0.3376461157730315,0.3339034942968364,1.9032592312331233,0.23403845317509298,5.510204081632653
0.1399645775904982,3.020408163265306,7.748108980390521,0.18832060288517383,0.13053389493120737,0.601622634444461,0.591878273020819,0.29477907015158467,0.3822572278033456,1.8642281773756808,0.2043252813636527,5.510204081632653
0.13482051882675927,3.183673469387755,8.048811831043507,0.1647241046247756,0.11417804869092474,0.5912926705443731,0.571595998203018,0.2574002061201792,0.429577265961037,1.8100630659020422,0.1784162271477503,5.510204081632653
0.1301845474896512,3.3469387755102042,8.315827588862879,0.1446493759965679,0.10026330714177667,0.5776500833235989,0.5475598082876958,0.22534928966301138,0.47420403071531575,1.745174444970731,0.15620022477110274,5.510204081632653
0.12609159567653322,3.510204081632653,8.551416263679217,0.12756489612918065,0.08842124809036389,0.561749135394404,0.5215243579331792,0.19801047101304947,0.5149954446855725,1.6739552814091707,0.13725039970404174,5.510204081632653
0.12252970251641852,3.673469387755102,8.758461840339011,0.11290160471865374,0.07825742899142818,0.5445890644435523,0.49509450169738667,0.1745964617794744,0.5513722342878769,1.5998604996814307,0.12102104521818413,5.510204081632653
0.11945947120045489,3.836734693877551,8.940115907228725,0.10018525209673435,0.06944312502453864,0.5269928706912327,0.4695009942918945,0.15438616999332977,0.5832253641468537,1.5261073640246539,0.10701233844832503,5.510204081632653
0.11682906658855993,4.0,9.099520162559642,0.08906605642497611,0.061735885894565135,0.5095689958115343,0.4455470398367997,0.13682215973445144,0.6107681182411023,1.4553647770570324,0.09483789425805744,5.510204081632653
0.18728465299705838,-4.0,-17.37006926303423,0.6970692611743177,0.4831715930379825,0.38263370073742686,0.5061318617803888,1.0876722790577875,0.037907870108129016,1.2607953665696932,0.7539169736021161,5.755102040816326
0.19130538034740124,-3.836734693877551,-16.717451773272654,0.6987834996029063,0.48435981257156624,0.37178651250942635,0.49842068411345164,1.0870377603783266,0.03502263312118954,1.225578794000932,0.7534771587684337,5.755102040816326
0.19422285726314964,-3.673469387755102,-16.06775229219696,0.6997295563843178,0.4850155691622511,0.36361842895894947,0.4928694650984314,1.0861464238684708,0.03280004252437167,1.1988673310770883,0.7528593313796978,5.755102040816326
0.19639328771067185,-3.510204081632653,-15.420327657116779,0.7000761580492916,0.4852558151291053,0.3575143618561299,0.4888476908908162,1.0849719962599553,0.03100817780443743,1.178831633252645,0.7520452801940825,5.755102040816326
0.19804157996593336,-3.3469387755102042,-14.774756880420634,0.6999344313924807,0.48515757769652645,0.3530254303910246,0.48593324819269484,1.0834933253936687,0.029502034560347078,1.1639416798019766,0.7510203436521405,5.755102040816326
0.19931349958401215,-3.183673469387755,-14.130759985454434,0.6993798597870371,0.48477317795179453,0.3498249663226813,0.48384135499882747,1.0816967304642104,0.028187796601821403,1.1531413516517854,0.749775038942178,5.755102040816326
0.20030601709543058,-3.020408163265306,-13.488149619651123,0.6984644847473342,0.4841386883238694,0.3476738056701509,0.4823771751671849,1.0795735065135266,0.027002536862904526,1.1457538690891784,0.748303332247064,5.755102040816326
0.2010852251492523,-2.857142857142857,-12.846801461743272,0.6972241690239125,0.48327896697717576,0.34639528883533166,0.48140537814837947,1.077117226607124,0.025902436124345063,1.1417229903353017,0.7466007687552754,5.755102040816326
0.20169715193791804,-2.693877551020408,-12.206635670045397,0.6956831407065476,0.4822108075438314,0.3458577762325082,0.4808306811326208,1.0743217561507605,0.02485575245881553,1.1402211345163509,0.7446630962901084,5.755102040816326
0.20217444694344539,-2.5306122448979593,-11.567605003963244,0.6938569351087263,0.4809449782825783,0.34596249328687934,0.4805853102477323,1.0711799419958408,0.02383849466888339,1.1407740415346939,0.7424853566667826,5.755102040816326
0.20254061434048456,-2.36734693877551,-10.929687101900395,0.6917543398264443,0.47948757029080613,0.34663504611079693,0.48062081282860447,1.067682768601442,0.022831670397394865,1.1431661770732333,0.7400613007885255,5.755102040816326
0.20281275382188485,-2.204081632653061,-10.292879430451379,0.6893786907610409,0.47784089583912137,0.3478194502839633,0.4809026329164726,1.0638187965382513,0.021819470981304344,1.147182181526998,0.7373829994471626,5.755102040816326
0.20300337048245204,-2.0408163265306123,-9.657196009164219,0.686728727586364,0.47600408133600713,0.3496173427320869,0.48140646899501693,1.0595737515705532,0.020788022611647673,1.1527874706416585,0.734440558496452,5.755102040816326
0.20312158973390151,-1.8775510204081634,-9.022665361174068,0.6837991372042467,0.473973444022447,0.3519852247431646,0.4821158028586307,1.0549301761990795,0.01972448189246856,1.1597799836309544,0.7312218773199977,5.755102040816326
0.20317398252041494,-1.7142857142857142,-8.389329349246836,0.6805808654651102,0.47174270804018836,0.35476402506591476,0.48302021437295456,1.0498670847966811,0.01861633792325166,1.168089550759839,0.727712409789508,5.755102040816326
0.2031651286475698,-1.5510204081632653,-7.757242687596687,0.6770612468629094,0.46930309432942674,0.35794215187159006,0.48411423622270283,1.0443595810950748,0.017450831178774218,1.1776755025941679,0.7238948991268161,5.755102040816326
0.20309799903728373,-1.3877551020408163,-7.126473005041237,0.6732239815574044,0.46664330470185544,0.3615138065844965,0.4853965899610325,1.0383784062856578,0.01621442700976585,1.188532093760813,0.719749064671233,5.755102040816326
0.20297420848423134,-1.2244897959183674,-6.49710139360897,0.6690489746992383,0.4637494104692992,0.36547825568837844,0.4868697002092695,1.0318893900427617,0.014892296817163841,1.2006422112179505,0.7152512213578612,5.755102040816326
0.2027941717934873,-1.0612244897959184,-5.869223420009168,0.6645120421248301,0.4606046484469577,0.3698393156089999,0.48853941986173843,1.024852777130572,0.01346776737090083,1.2140122303695118,0.7103738129570845,5.755102040816326
0.20255718382424903,-0.8979591836734694,-5.242950612608875,0.6595844774960948,0.45718912091752295,0.3746049981969016,0.49041492288952926,1.0172224000532988,0.011921700760097863,1.2286783833830222,0.7050848385993649,5.755102040816326
0.20226143544841588,-0.7346938775510204,-4.618412468625593,0.6542324678985891,0.4534793905546819,0.37978727597485595,0.4925087371291756,1.0089446642854951,0.010231765259349745,1.2446846233956692,0.6993471493904919,5.755102040816326
0.2019039712302157,-0.5714285714285714,-3.995759058827328,0.648416337171879,0.4494479559396949,0.38540193249010446,0.49483689976201595,0.9999573079015085,0.008371551396150912,1.2620641118404505,0.6931175886522438,5.755102040816326
0.20148058979485892,-0.40816326530612246,-3.3751643433005376,0.642089588542238,0.44506258796494813,0.39146846435267907,0.4974192242435668,0.9901878937324304,0.0063094776109918985,1.280878818749601,0.6863459467652242,5.755102040816326
0.20098568379112391,-0.24489795918367346,-2.756830354887429,0.6351977105623683,0.4402855021744376,0.39800999756665767,0.5002796693944767,0.9795519950945413,0.004007415643902679,1.3014093748978444,0.6789737036116503,5.755102040816326
0.2004120127306411,-0.08163265306122448,-2.1409924600047576,0.6276767036439743,0.4350723374339809,0.40505317041415256,0.5034467982874323,0.9679510741097492,0.0014189464331867852,1.3236507463008924,0.6709325579391425,5.755102040816326
0.19975039870616246,0.08163265306122448,-1.5279259734089967,0.6194512803656811,0.42937090847972015,0.41262791619532946,0.5069543040902784,0.9552704420623228,0.0015128679300924208,1.3476192244597889,0.6621430135877517,5.755102040816326
0.19898933225278825,0.24489795918367346,-0.9179544880834208,0.6104326949276806,0.4231197014107313,0.42076704788849517,0.5108415576243945,0.9413744401375994,0.004858342300083529,1.3734043816398682,0.6525110390325732,5.755102040816326
0.1981144740989946,0.40816326530612246,-0.3114603877395916,0.6005161727056261,0.41624609199155427,0.4295054976618635,0.5151540891129616,0.926101957541944,0.008704840234218202,1.4011995749182982,0.6419249607812443,5.755102040816326
0.19710803977178276,0.5714285714285714,0.2911018598527662,0.5895779529599183,0.4086642958144713,0.43887898902407374,0.5199438410189149,0.9092640172634927,0.013161483076940917,1.4312903263981167,0.6302537899507987,5.755102040816326
0.19594806095406217,0.7346938775510204,0.8891888766764345,0.577472049854264,0.40027312320865494,0.4489218072567815,0.525268898159777,0.8906388410716768,0.018365153318662397,1.4635618088797353,0.6173438015860095,5.755102040816326
0.19460753564184063,0.8979591836734694,1.4821470976194122,0.564027019508679,0.39095373833207003,0.45966317141899316,0.5311921813271109,0.8699673811615178,0.024488053922817343,1.4981327375192173,0.6030154374312255,5.755102040816326
0.19305351810460758,1.0612244897959184,2.0691859800282986,0.5490433604301281,0.380567857287301,0.47112148681036037,0.537778231780697,0.846950000945395,0.031747015599490266,1.5349700429283226,0.5870610052305429,5.755102040816326
0.1912462750413449,1.2244897959183674,2.6493445879947233,0.5322927729359095,0.3689572347929604,0.4832954707341217,0.5450866532587482,0.8212461248719305,0.04041450977347618,1.5741669747366016,0.5692444360007589,5.755102040816326
0.18913876904928317,1.3877551020408163,3.2214506446097517,0.5135214949200737,0.3559459763607775,0.4961508361056278,0.5531599607727393,0.7924801555726266,0.05083076191279985,1.615477563625991,0.5493053854848724,5.755102040816326
0.18667695172403745,1.5510204081632653,3.7840719027640035,0.49246144105779166,0.34134825940369606,0.5100511438849554,0.5620025382150797,0.7602590620323508,0.06341519511612285,1.6584799698693673,0.5269714253428726,5.755102040816326
0.1838016714750697,1.7142857142857142,4.335461511908575,0.4688548571732798,0.32498542234149475,0.5249142684365539,0.5715464265590909,0.7242096301825716,0.07867328101612533,1.7024528371726961,0.5019838632954094,5.755102040816326
0.18045338153233595,1.8775510204081634,4.873502736422176,0.4425000483277137,0.30671766089599406,0.5400889295544977,0.5815997076241093,0.684045507833154,0.0971913604879514,1.7463502023099997,0.47414421512924676,5.755102040816326
0.1765810703454768,2.0408163265306123,5.395664822438883,0.4133254950984022,0.28649540158100106,0.555151177719182,0.5917765166333069,0.6396730768631689,0.11960724454205074,1.7898224578177415,0.44338758970781056,5.755102040816326
0.17215643634951816,2.204081632653061,5.898991397654945,0.3814931564717341,0.2644309058112968,0.5694829225409573,0.6014179390165681,0.5913352187943408,0.14654020008045449,1.8305873602836389,0.4098823396730955,5.755102040816326
0.167192496422639,2.36734693877551,6.380153722084675,0.34751316459594905,0.24087777024714652,0.5822628437959609,0.6095336828648646,0.5397662848353386,0.17846546979601638,1.8647328138977235,0.37413747849493095,5.755102040816326
0.1617619981954499,2.5306122448979593,6.835606808359113,0.312319986329471,0.21648371795679355,0.5925155491306697,0.614821713775161,0.4862904595960922,0.21553482149678627,1.8885650444570086,0.3370708610022306,5.755102040816326
0.15600638193477073,2.693877551020408,7.26187440041237,0.2772312372336265,0.19216205045163348,0.5992454514461686,0.6158345059764864,0.4327631894914239,0.25738253692081364,1.8982720062279086,0.29996858464610954,5.755102040816326
0.15012492149759615,2.857142857142857,7.655946956292612,0.24372825598677084,0.16893955346002332,0.60164744500334,0.6113155736562451,0.3812835302617099,0.30300366139808266,1.8913105532100358,0.2642856039948467,5.755102040816326
0.1443411639752207,3.020408163265306,8.015711102587128,0.2130981936761973,0.14770841212907349,0.5993274674659348,0.6006128722834692,0.3337298361593186,0.35080484117198363,1.8663412931019576,0.23132389500256334,5.755102040816326
0.1388581009383199,3.183673469387755,8.340278172368363,0.18610821267087907,0.12900038289187044,0.5924274387071584,0.5839626564621101,0.29132600468796976,0.39886225737179604,1.8245004354410956,0.20193179877325962,5.755102040816326
0.1338225305571184,3.3469387755102042,8.630094028344368,0.16289974113008698,0.11291349627826475,0.5815837549281068,0.5624646191222741,0.2544683872418907,0.44529908957518616,1.7688490151354308,0.17638404515835182,5.755102040816326
0.12931263580636804,3.510204081632653,8.886799581978233,0.1431370763204285,0.09921506088509857,0.5677438563150502,0.53775709716732,0.22287041183917955,0.48861919368637396,1.7041307734037872,0.15448199759656145,5.755102040816326
0.12534710732654855,3.673469387755102,9.112913054213276,0.12627115193005256,0.08752449294637255,0.5519387528134588,0.5115809118951483,0.19587083875953537,0.527875230680746,1.6338686201027632,0.13576731964008326,5.755102040816326
0.12190415417999993,3.836734693877551,9.31145310202954,0.11175505707801392,0.07746270272694122,0.5351044448571938,0.485435106037346,0.17270036090010654,0.5626593855274021,1.5616442671777413,0.11970676823959359,5.755102040816326
0.11893980963111608,4.0,9.485602837928887,0.09914590471493678,0.0687227043172236,0.5179891767075752,0.4604123051922878,0.1526786134261986,0.5929844443036523,1.4903102428100345,0.10582875042817053,5.755102040816326
0.19371544885514497,-4.0,-17.315076637728477,0.7102436460848973,0.49230338079436176,0.3544122265973584,0.4906097173206422,1.1036415301797429,0.03230987442284927,1.1712225119015716,0.7649860149929522,6.0
0.1962472080917863,-3.836734693877551,-16.66564988542765,0.7109563394744676,0.4927973822079468,0.34702954069921604,0.4857377947329636,1.102637898520141,0.0303926170886716,1.1470349354379712,0.7642903505377783,6.0
0.19814406940112889,-3.673469387755102,-16.018192525344013,0.7111650072037281,0.492942019656158,0.3415160799441106,0.4822043568245805,1.1014304627056606,0.028838549995214735,1.1288471035491627,0.7634534198072642,6.0
0.19959501501433985,-3.510204081632653,-15.372350568083633,0.7109604114695371,0.4928002046998483,0.3374623941474209,0.47963980153988695,1.099986597650639,0.02752640899660861,1.115329841093753,0.7624526088152672,6.0
0.20072286166624057,-3.3469387755102042,-14.727887402371488,0.7104045504912033,0.49241491122993275,0.3345728683826823,0.47779590990809595,1.0982858971935072,0.026377549636023078,1.105512858062497,0.7612737730884294,6.0
0.20160963344612629,-3.183673469387755,-14.084643821384281,0.7095403823754136,0.49181591553694326,0.3326318422706738,0.4765030344394707,1.0963154247923357,0.025339061685888953,1.0989006594821902,0.7599079456991857,6.0
0.20231148487852427,-3.020408163265306,-13.44251351391331,0.7083976557743261,0.4910238378152487,0.3314801778010673,0.4756432216631711,1.0940661111476557,0.024373999307128892,1.095299623825483,0.7583488402881806,6.0
0.2028677069534761,-2.857142857142857,-12.801427636626155,0.7069965807602476,0.4900526866194872,0.33099921844736363,0.47513323082894987,1.0915303646672805,0.02345555135233781,1.0938751841082623,0.7565911947646939,6.0
0.2033063064280936,-2.693877551020408,-12.161344884436378,0.7053502191928449,0.4889115157408599,0.3310997696451021,0.47491365296845567,1.088700557937838,0.022563449675402202,1.0943233774590093,0.7546297222086524,6.0
0.2036475496446714,-2.5306122448979593,-11.52224499421395,0.7034660747075621,0.48760552630311893,0.3317144579904134,0.47494182146025954,1.0855680738753253,0.02168168201572398,1.0964247551506634,0.7524584497125719,6.0
0.20390626566981637,-2.36734693877551,-10.884124460606877,0.7013471598786478,0.48613680646361,0.3327923724308549,0.4751871151957771,1.082122686051068,0.020796983437973003,1.1000301272772353,0.7500702888562523,6.0
0.2040933738415634,-2.204081632653061,-10.246993724471771,0.6989927079051985,0.4845048247164503,0.3344457580115428,0.47562779973033925,1.0783521255559347,0.01989780109431096,1.1050341889375372,0.7474567354799193,6.0
0.20421691439805367,-2.0408163265306123,-9.61087537748125,0.6963986326533051,0.4827067487694394,0.33658702198824875,0.47624887725574216,1.0742417401169306,0.018973549586011162,1.1112793444159668,0.7446076334018601,6.0
0.2042827529194872,-1.8775510204081634,-8.975803097810573,0.6935578024388969,0.480737635315873,0.3390983682038669,0.4770406127612553,1.0697741846866635,0.018014043674872315,1.1187056807921048,0.7415109599513747,6.0
0.2042950652918115,-1.7142857142857142,-8.341821138888644,0.6904601685710898,0.47859051913399564,0.34196840168041237,0.47799752419821334,1.0649291026535725,0.017009035145429664,1.1272732669862615,0.7381526050005567,6.0
0.2042566710006965,-1.5510204081632653,-7.70898426267746,0.6870927734847965,0.4762564187240994,0.34519088214424326,0.47911769958483036,1.05968276795481,0.01594780383264869,1.1369621496159046,0.7345161228958346,6.0
0.20416925834164829,-1.3877551020408163,-7.077358056224261,0.6834396519173711,0.473724267809396,0.34876406187762604,0.48040235174732554,1.054007663854906,0.014818766040081588,1.1477743021379019,0.7305824404896022,6.0
0.2040335296456371,-1.2244897959183674,-6.447019604526937,0.6794816300260482,0.47098077609483124,0.35269021754802865,0.48185555238974986,1.0478719759121504,0.013609070531554445,1.1597015672718698,0.7263295056912851,6.0
0.20384928441094283,-1.0612244897959184,-5.81805851983082,0.6751960203468985,0.4680102178287482,0.35697533088176103,0.48348410774401807,1.0412389758373535,0.012304155029768093,1.1727611488492284,0.7217318603907859,6.0
0.2036154512382898,-0.8979591836734694,-5.190578351177155,0.6705562042350772,0.46479414237252237,0.3616288846723002,0.48529755198156516,1.0340662702402619,0.010887235755008185,1.1870021706936247,0.7167601197291753,6.0
0.2033300744244754,-0.7346938775510204,-4.564698421158995,0.6655310873303111,0.461310996758,0.36666374790812195,0.48730824415015495,1.026304884133523,0.009338699435143849,1.202452788659872,0.7113803368320517,6.0
0.20299025718386252,-0.5714285714285714,-3.9405561617294724,0.6600844072662748,0.45753564582820094,0.3720961275812084,0.4895315609358398,1.0178981440842052,0.0076353614518103186,1.2191577779162985,0.7055532286691677,6.0
0.20259206022151915,-0.40816326530612246,-3.3183100497378257,0.6541738660525707,0.4534387708503387,0.3779455652317245,0.49198618164053737,1.008780321322869,0.005749545083639252,1.2371925601406681,0.6992332355293018,6.0
0.20213035143967711,-0.24489795918367346,-2.6981432779597547,0.647750052278441,0.44898612244435854,0.3842349531875771,0.49469446339174483,0.9988749951568763,0.0036479246332936643,1.2568063865890036,0.6923673866248179,6.0
0.20159859971433108,-0.08163265306122448,-2.0802683413844236,0.6407551108505696,0.4441375985154481,0.3909905378466847,0.4976829030477896,0.9880931243384219,0.0012900588323510708,1.2779792572848374,0.6848939632658437,6.0
0.2009886028555706,0.08163265306122448,-1.464932774538776,0.6331211113751669,0.43884611330267576,0.3982418635127912,0.5009826758461375,0.9763311260202481,0.0013734805789027194,1.3007502208330992,0.676741167293851,6.0
0.20029013716782523,0.24489795918367346,-0.8524263473020596,0.6247680627484145,0.43305622119796294,0.406021587434522,0.5046302263782722,0.9634666030417303,0.004403507630905201,1.3252124301393933,0.6678241594620427,6.0
0.19949051386405586,0.40816326530612246,-0.24309011797356503,0.6156015255195637,0.426702461762287,0.41436506048853866,0.5086678593436251,0.9493542346111012,0.007875304484524715,1.3515260652335277,0.658042211073329,6.0
0.19857402692377857,0.5714285714285714,0.3626721429925231,0.6055097937265765,0.41970740632301085,0.42330951197173017,0.5131442261568173,0.9338231656362637,0.0118825823542404,1.3799945796534931,0.647276894402339,6.0
0.19752127978491965,0.7346938775510204,0.9643795053614062,0.5943606700032062,0.41197942264844234,0.43289259211344694,0.5181145129430365,0.9166720679476899,0.01654255506733753,1.4105510012299982,0.6353886593959959,6.0
0.19630838826699398,0.8979591836734694,1.561455593058737,0.5819979700206286,0.40341025201141023,0.44314990014520955,0.5236399801270728,0.897664169245552,0.02200238632720173,1.443313676429857,0.6222133880022391,6.0
0.19490608109686816,1.0612244897959184,2.153205478832829,0.5682381131278547,0.39387264600127536,0.4541109452526564,0.5297862443308686,0.8765225855814172,0.028447258757445203,1.4783191699747364,0.6075591588928728,6.0
0.1932787688898902,1.2244897959183674,2.7387866513746983,0.5528675640866916,0.3832185932697352,0.4657927419221836,0.536619274001807,0.8529271099740767,0.03611020244403549,1.5155744939198013,0.5912040215016732,6.0
0.1913837456876524,1.3877551020408163,3.3171729559845344,0.5356426034823989,0.37127916039161346,0.47818993709858887,0.5441974252040109,0.826514692722728,0.04528350293924614,1.5551884203432427,0.5728963289521283,6.0
0.1891708495509437,1.5510204081632653,3.8871107533438756,0.5162940693929667,0.35786777853955587,0.49126006274651124,0.5525569303546805,0.796887520196321,0.05633078814521893,1.5968243171065737,0.5523603378474866,6.0
0.1865831665771274,1.7142857142857142,4.447067583400333,0.49454144101545827,0.3427900055099171,0.5056890234774454,0.5616871524705676,0.7636349536572404,0.06969745897395907,1.6400029232164408,0.5293114151045408,6.0
0.18355971885368275,1.8775510204081634,4.995175971469076,0.4701227820357592,0.3258642808850838,0.5207082935119421,0.5714910840522157,0.7263783574723255,0.08591457485433991,1.6839399371437522,0.5034871105017067,6.0
0.18004144761927152,2.0408163265306123,5.529179535804101,0.4428487094367286,0.30695933436067935,0.5359599687517234,0.5817272984320896,0.684849640565512,0.10558734320472322,1.7278744108545914,0.47470159746547624,6.0
0.17598190094727545,2.204081632653061,6.046396110006758,0.4126871081298735,0.2860529054536589,0.5509754011116151,0.5919345872476751,0.6390114757851566,0.12935449027715618,1.7710895350761922,0.4429290027859305,6.0
0.17136324654442275,2.36734693877551,6.54372309078127,0.37987575183126454,0.2633098063449302,0.565085917915595,0.6013539183009661,0.589213050963739,0.15780170432551405,1.8103457618869916,0.40841136502463904,6.0
0.1662157309365239,2.5306122448979593,7.017720566846472,0.34503659104524953,0.23916114027302982,0.5774267064698626,0.608886414210992,0.5363434653621417,0.19131760889802457,1.8424067471227006,0.37176496082751864,6.0
0.1606343175938958,2.693877551020408,7.464809290703085,0.30923040498063203,0.21434218335573552,0.5870078111631037,0.6131522314553319,0.4819010130357255,0.22990378162611713,1.8632662780659364,0.3340283284946941,6.0
0.15478214005828014,2.857142857142857,7.881599464707509,0.2738691751623925,0.18983164660608987,0.5928719168930727,0.6127133972481371,0.42787456030026405,0.27299396233263956,1.86940287277271,0.2965800451054541,6.0
0.14887176726771895,3.020408163265306,8.265314044682677,0.2404446745184381,0.16666354822310914,0.5943149556346135,0.6064535577447583,0.37638939498981694,0.31937972173323376,1.858593866905536,0.2608932479298547,6.0
0.14312585714759823,3.183673469387755,8.614203150465089,0.21015382690568662,0.14566753260355925,0.5910870220495541,0.5939773036874384,0.32921891672141435,0.3673304853851763,1.8302039943038246,0.22819716391244693,6.0
0.13773299805738065,3.3469387755102042,8.927811965593689,0.18361579946853723,0.1272727737078767,0.583471060914538,0.5758096226861162,0.28739933052826006,0.4149044695097962,1.7859570179968156,0.19921003565047846,6.0
0.1328188574855648,3.510204081632653,9.207006206118534,0.16083989391365483,0.11148571898781068,0.572194653546723,0.5532635373258633,0.251146249242574,0.46032802731368133,1.7293799665666223,0.17408131457069498,6.0
0.12844169171320985,3.673469387755102,9.453760713364142,0.14142181060339132,0.09802612928942311,0.5582268994914987,0.5280541617651655,0.22006394873183321,0.5022816580833883,1.6648237516306796,0.15253670560635824,6.0
0.12460601748646268,3.836734693877551,9.670806938909799,0.12480545514482655,0.08650854935213692,0.542562961193455,0.5018735789823288,0.19346038462286153,0.5400052682601967,1.5956804418085264,0.13409652015137885,6.0
0.12128212536103773,4.0,9.86125917962036,0.11046876954703588,0.0765711161514544,0.5260730219618628,0.47610084737275854,0.17058911918678632,0.573244022770582,1.525395101038514,0.118243366998525,6.0
