m_sdw,V,E_GS,E_p_bits,E_p,coh_1rdm,S,Q_2_bits,m_cdw,coh_2rdm,Q_2,U
0.09049005840114625,-4.0,-36.57318291228388,0.0064618522464909844,0.00447901466584999,0.2483000459462098,0.2323403098376165,0.009798578134290192,0.39682421204437757,0.5695768149415688,0.006791856807280006,-6.0
0.08947519330364548,-3.836734693877551,-35.612305268880114,0.010568222493372748,0.007325333624811803,0.2557085852607683,0.23531644111920186,0.016104260554512972,0.39636366824011976,0.5934160870099303,0.011162622798362332,-6.0
0.08899324652086847,-3.673469387755102,-34.652408344097665,0.007130347213433641,0.004942380067404661,0.2532032769071741,0.23642413296125273,0.010875561631130015,0.3972612857306463,0.5830688781312221,0.007538364881623849,-6.0
0.08705990319851015,-3.510204081632653,-33.69447889119816,0.020599167275878738,0.014278254719158001,0.26878112871662285,0.24245175649046305,0.0313709524064838,0.3952362587867112,0.6353763751399526,0.021744687212034375,-6.0
0.08695415734731814,-3.3469387755102042,-32.73831145344291,0.008485766072655387,0.00588188482815255,0.2667506362226594,0.24182477380799994,0.01288808170875777,0.3975911054812024,0.6210775510054393,0.008933337499250626,-6.0
0.08553357061176084,-3.183673469387755,-31.78399924301449,0.012345267792162495,0.008557087563394905,0.27500188473156423,0.2456773625000405,0.01885568174500296,0.3973872082343014,0.6478535903643389,0.013069762639084548,-6.0
0.0844399367223285,-3.020408163265306,-30.831651909901936,0.009826701943352667,0.006811350746237954,0.2772421923144377,0.24818700772469496,0.01491651012761075,0.3983340279642663,0.6504730602381762,0.010339336938747223,-6.0
0.08289802937284613,-2.857142857142857,-29.88182419226379,0.011328645341769583,0.007852418578211395,0.28273990822204137,0.2520154483393093,0.017216900558875814,0.3987811749208815,0.6668677110055072,0.011933846080365296,-6.0
0.08090786514774309,-2.693877551020408,-28.93505753930034,0.015905137099445188,0.011024600936899942,0.29372519773085853,0.2572546028500101,0.024335311650543368,0.3986592972352629,0.7026095519160515,0.016867952658621288,-6.0
0.07837669364160504,-2.5306122448979593,-27.99109430290675,0.025508925942905325,0.01768144009643713,0.30462948300217074,0.2642181971239504,0.039126172611804844,0.39784763747675334,0.7403000997637118,0.02712019623197337,-6.0
0.07657120610378847,-2.36734693877551,-27.05120361825231,0.02005422011218494,0.01390052612908943,0.30883937495189956,0.26767227439553837,0.03072232490440996,0.3998830877286687,0.7482586250209462,0.021295092887737788,-6.0
0.07390143910190612,-2.204081632653061,-26.115335114552835,0.02270684272316137,0.01573918401297747,0.3172051794835501,0.2738874197487872,0.034804154356027794,0.4006740538132164,0.7739308335360701,0.024124401463653466,-6.0
0.07096112870028876,-2.0408163265306123,-25.184263214041863,0.023564750314574834,0.016333840241146813,0.3240666400597545,0.2802627273868712,0.03593731063690253,0.4020504660453829,0.7925224112382763,0.024909845544875076,-6.0
0.06718930609167365,-1.8775510204081634,-24.259025752638983,0.030563436277586842,0.021184959684032778,0.33634376518149267,0.28905183318899963,0.04694330598444729,0.40250031838146405,0.8346758207689715,0.03253862018928233,-6.0
0.06299907152878921,-1.7142857142857142,-23.34029401220794,0.0360231092757477,0.024969316629487093,0.3471813084819921,0.29821140352509623,0.05541844631836179,0.40353719467315213,0.8702294432514472,0.038413139816584785,-6.0
0.058124735905250934,-1.5510204081632653,-22.4292577266582,0.0430400339213457,0.029833078163785443,0.3590854711971143,0.30864676373721167,0.06636989403662019,0.40457087967251065,0.9104719166400009,0.046004104925545075,-6.0
0.05247294942997068,-1.3877551020408163,-21.527235913975616,0.051949865863557765,0.03600890305379223,0.3721465893384727,0.32050076766627134,0.08035985463469242,0.4055133273964945,0.9560334755420423,0.05570120667024403,-6.0
0.0459404592006885,-1.2244897959183674,-20.635820918594693,0.06351928423829811,0.04402821278096236,0.38667471315206625,0.33402847855772205,0.09866743644584819,0.40612959410141125,1.0086298772015245,0.06839105538551671,-6.0
0.03842131272321213,-1.0612244897959184,-19.756985720281612,0.07916527975034438,0.05487319045719041,0.4032463785168965,0.34969120363882833,0.12366613289381911,0.4059250825962094,1.0713683738136976,0.0857188313461017,-6.0
0.029825350717053934,-0.8979591836734694,-18.89332372861087,0.10123811407846572,0.07017291333869458,0.4228116694187539,0.36838002027322225,0.15931815690150009,0.4039363386281337,1.149068740984435,0.11043093126828163,-6.0
0.02006411870630848,-0.7346938775510204,-18.048670106561705,0.13481642348642708,0.09344762383279259,0.447289917075335,0.3922833038274491,0.21416764151797008,0.39795202921995265,1.2516279603057914,0.14844969688535414,-6.0
0.009062389729925027,-0.5714285714285714,-17.229916159684443,0.19133609078658065,0.13262407186808045,0.48030207037161243,0.42708539004455376,0.3074198461659319,0.38238080036504185,1.3984446199835008,0.2130871996180872,-6.0
0.003047034813291598,-0.40816326530612246,-16.452786764404383,0.29442298223734653,0.2040784600298673,0.5267125852411405,0.48702497925034666,0.47876763852034543,0.3415973560236523,1.6218408407875171,0.33185643878371973,-6.0
0.014574210923945488,-0.24489795918367346,-15.757770724387795,0.45307131415862534,0.3140451040016403,0.5767394766263264,0.5873355347723483,0.7431643452197538,0.23956111253498164,1.9160177983989988,0.5151222705817502,-6.0
0.02134569928585685,-0.08163265306122448,-15.209596174615744,0.549795756636533,0.38108937859643466,0.61077065747882,0.6629716958562476,0.8974635106999114,0.07617443750922401,2.060762228647629,0.6220743020970749,-6.0
0.025208377772159285,0.08163265306122448,-14.80307776307522,0.5525849203195712,0.3830226795394529,0.6108951909255073,0.6648563176953926,0.895165024441106,0.06664142879538007,2.0383615783545777,0.6204811128272265,-6.0
0.030061270793355514,0.24489795918367346,-14.478639491526229,0.5293797071654356,0.36693805146737124,0.5974795931385639,0.6399799309251469,0.8566051234776508,0.1836620064112869,1.950290195452612,0.593753426191737,-6.0
0.03648124679215729,0.40816326530612246,-14.205809430654185,0.4880192437325923,0.33826916285224295,0.5778011790157375,0.6031031183051376,0.7883970029439662,0.29126660033394736,1.8449712172517114,0.5464751597525206,-6.0
0.04394283910668103,0.5714285714285714,-13.974415040450499,0.43087089221654207,0.298656944125244,0.5542099676177241,0.5577744751554304,0.6939040683407192,0.389745245909208,1.7321224764128538,0.4809776485494446,-6.0
0.051643290159853125,0.7346938775510204,-13.77943014251618,0.366119699039388,0.2537748371366073,0.5312068133199667,0.5094565849319628,0.5872363420654296,0.4741177545061876,1.6179624621110722,0.407041214824988,-6.0
0.05889210922100095,0.8979591836734694,-13.616071043652854,0.3030391132261028,0.21005070693205918,0.5082042259322147,0.46385725834529434,0.48401999972528564,0.5418048233646742,1.5090182532209007,0.3354970981442067,-6.0
0.0653024817060264,1.0612244897959184,-13.479236586078688,0.2475368438869503,0.17157946542494673,0.4854038223513275,0.4243311397969508,0.3938446695811746,0.5938789104486376,1.4079797240326033,0.27299232229875425,-6.0
0.07076049520432232,1.2244897959183674,-13.364058812831468,0.20156183909471936,0.13971202047698195,0.4641509686942912,0.3917379635666207,0.3196193109110683,0.6332550002155476,1.3182465391209042,0.22154322421051909,-6.0
0.07531199613421548,1.3877551020408163,-13.266330568955883,0.1646412597406397,0.11412062499306197,0.44498709124186614,0.3655202822490942,0.26032895908687603,0.6630204080435819,1.2400056247879527,0.1804462840091734,-6.0
0.0790700713888714,1.5510204081632653,-13.182623611919885,0.13536574076665886,0.09382838155681839,0.4279767613910699,0.344625993493357,0.21352271259472078,0.6857265251125485,1.1723621034611307,0.14800266622054226,-6.0
0.08216279229952234,1.7142857142857142,-13.110225531797935,0.11220236512220572,0.07777275303661457,0.4129622461164857,0.3279802607189099,0.1766234442829253,0.7032817152558739,1.1139115521627025,0.12242604242549593,-6.0
0.0847099774943694,1.8775510204081634,-13.047015387382213,0.0938083217350254,0.06502297372369337,0.39970892505231276,0.3146583281479298,0.14741017976365178,0.7170583856341425,1.0632490877464402,0.10217695048900932,-6.0
0.08678522367894044,2.0408163265306123,-12.991191818656443,0.07881894930620659,0.05463313248629431,0.3875797408630448,0.3036225849284461,0.123656392698825,0.7281680210565474,1.0177076193445558,0.08571207995740338,-6.0
0.08859567711094035,2.204081632653061,-12.94152488670258,0.06735201677138258,0.04668486053011023,0.3767948141282065,0.2949407623277681,0.10552194031307893,0.7369963489346044,0.9783284680649795,0.07314223541522491,-6.0
0.09001993506727539,2.36734693877551,-12.89766296980144,0.057640573981430965,0.03995340134108605,0.36819536834649186,0.28801898850366625,0.09021499960734092,0.7441636449881512,0.9462034534257004,0.06253227262204453,-6.0
0.09123650298427942,2.5306122448979593,-12.857657472059108,0.04975991143988967,0.03449094231947192,0.35956651787370725,0.2821954187713403,0.07778428112068259,0.7502492812904603,0.9149685740781665,0.05391595515068337,-6.0
0.09227622488770629,2.693877551020408,-12.821737457261104,0.04326940408007296,0.02999206544261157,0.3522094465288388,0.2771133036636896,0.06758648542631729,0.7552276466545695,0.8886937913091502,0.04684738181720771,-6.0
0.09315287000477517,2.857142857142857,-12.788859415677551,0.037856854394422434,0.026240371888362146,0.3453100298777441,0.27291855188343905,0.05907969472201646,0.75950217198904,0.8642587575419326,0.040950923824907726,-6.0
0.09393536469303167,3.020408163265306,-12.755534527095122,0.03288434679805308,0.022793692267626176,0.3332251955434587,0.26644308903548086,0.051141930836266614,0.7633064758744057,0.8261168038413571,0.035448885167549626,-6.0
0.0945521670233317,3.183673469387755,-12.731076336222408,0.02953481451984885,0.020471973412794053,0.33316921448744874,0.2663265275302507,0.04601883038461496,0.7663203293048355,0.8218199939598471,0.03189782253376183,-6.0
0.09509123990261757,3.3469387755102042,-12.705034205651698,0.026373148035298666,0.018280473203156955,0.3272313489137804,0.2640996216340058,0.041058191332577376,0.7691835381050574,0.8014738594851968,0.028459369561065984,-6.0
0.09557623827208915,3.510204081632653,-12.681609305279858,0.023420556814815363,0.016233892923333215,0.3230132276826503,0.2619373499749031,0.03643652263594399,0.771433420697982,0.7870733911598624,0.025255872934512258,-6.0
0.09600663391457386,3.673469387755102,-12.659822293693004,0.021119173499565935,0.014638695566980608,0.31845481347440774,0.25945837864748955,0.03283492374442476,0.7735449696638825,0.7714082168628352,0.0227594348173481,-6.0
0.09639542170881406,3.836734693877551,-12.639103917312372,0.019061409316072364,0.013212362124934485,0.31392712127113803,0.25794824439448216,0.02961385378699788,0.7754930263681413,0.7561659375961306,0.020526759257971428,-6.0
0.09674772711100141,4.0,-12.619460689816425,0.017269521836403623,0.011970320370521703,0.3095444534561574,0.2567902620364636,0.02680380016267403,0.7771235358042172,0.7421014875228376,0.018578978511049282,-6.0
0.09023181046078524,-4.0,-36.08881487301723,0.009264437211511378,0.006421618532633788,0.2530276501394838,0.2336980632225627,0.014100064031172366,0.39593917021714276,0.5853575295195309,0.00977341962892142,-5.755102040816326
0.08934242796424524,-3.836734693877551,-35.128085537326385,0.01158259453911148,0.008028442748354125,0.2584994486402233,0.23626893308015764,0.017645708527008086,0.3957442636140017,0.6020523277813681,0.012231073114478352,-5.755102040816326
0.08887999223333133,-3.673469387755102,-34.168632597479395,0.0070877948865089024,0.004912885041971071,0.2584726549544734,0.23727748871900728,0.010746956860566481,0.3966949903917844,0.597623023712293,0.007449222847500714,-5.755102040816326
0.08772558446179704,-3.510204081632653,-33.21097282487473,0.01038800698585085,0.007200417753879362,0.26664930334435266,0.24053836502894735,0.015837513648689683,0.3964030317820474,0.6236786428847795,0.01097772793266838,-5.755102040816326
0.08676233559440022,-3.3469387755102042,-32.25489462621077,0.009730843243527687,0.0067449065587219525,0.27082265073212997,0.24301948173684879,0.014822463822657728,0.39682401939828954,0.6344326230685131,0.010274149007626576,-5.755102040816326
0.08540960107413312,-3.183673469387755,-31.30081331498204,0.012661351990782332,0.008776180434487468,0.27800530314360716,0.246710111352587,0.019338224796384917,0.3967371204759962,0.6570031343641144,0.01340423599464824,-5.755102040816326
0.08402459668510885,-3.020408163265306,-30.34890231783736,0.01403040412745371,0.009725135063061385,0.284208800028013,0.250314361191833,0.021447554890169584,0.3969853563801861,0.6754264369213407,0.014866312202025167,-5.755102040816326
0.08259015413031372,-2.857142857142857,-29.399481096911803,0.013543114653421284,0.00938737173801929,0.28958510611801497,0.2538245119436794,0.020694501762863027,0.39763627941019064,0.6899281234606868,0.014344335550021015,-5.755102040816326
0.08075275905358446,-2.693877551020408,-28.452903887110462,0.015903374965938077,0.011023379519027543,0.29713160891731805,0.25849586232074706,0.02433786562657403,0.3979169997357047,0.7131357150538313,0.016869722939906406,-5.755102040816326
0.07872072125481684,-2.5306122448979593,-27.50955912970319,0.01764042439211755,0.012227410431277397,0.3045623450370715,0.26347822801179255,0.027014779482410045,0.3984445424871955,0.735516940157739,0.018725218231680607,-5.755102040816326
0.07638316441881801,-2.36734693877551,-26.569929796479393,0.01973467657936645,0.013679035430250286,0.31255018214807323,0.2690972243435191,0.030241538165268977,0.3990705928524544,0.7598452977434142,0.020961836915051713,-5.755102040816326
0.07366315658748672,-2.204081632653061,-25.63458042787022,0.022609192095429886,0.015671497755685104,0.32135693803514614,0.27553370901969815,0.03467928829693667,0.39974412841388085,0.7872798636797422,0.02403785090684707,-5.755102040816326
0.07053096746471552,-2.0408163265306123,-24.704180397423904,0.025872797087381105,0.017933656354317762,0.3307146141081811,0.2827604341728621,0.03971758640511558,0.4005646606854597,0.8167424235888234,0.027530133035352122,-5.755102040816326
0.06687697385735063,-1.8775510204081634,-23.77952502984167,0.030217339244904995,0.02094506350162928,0.34103529636366287,0.29103706358852344,0.04644835605277642,0.4014277590890763,0.8500822073938096,0.032195547039625794,-5.755102040816326
0.06263293872397563,-1.7142857142857142,-22.861560529296455,0.03561339263905161,0.02468532269793311,0.3522418064574272,0.3004308904536061,0.05483485055071924,0.40235790947187144,0.8870928290905928,0.03800862205565636,-5.755102040816326
0.05769551932983239,-1.5510204081632653,-21.95141524433495,0.04252903333167479,0.029478879545790315,0.36454053077753146,0.3111334321891013,0.0656362336826608,0.40326825574600783,0.9288888473159392,0.04549557031970952,-5.755102040816326
0.05196562202373016,-1.3877551020408163,-21.05044098860456,0.05140528564232172,0.03563142880885395,0.378094835522019,0.323324425228958,0.07958491565084769,0.4040412876774349,0.976438983700957,0.05516405989848572,-5.755102040816326
0.04533505370099998,-1.2244897959183674,-20.160276590286877,0.0630819749691125,0.04372509309399342,0.3932440646096762,0.337290309203267,0.09807747130142941,0.40441185973327326,1.0316174473176078,0.06798212270903425,-5.755102040816326
0.0377002258247427,-1.0612244897959184,-19.28296572873583,0.07892896234003421,0.05470938771051692,0.41055584299272385,0.3535108082611318,0.12341014440504816,0.40386592694577794,1.0974709134212026,0.08554139364685431,-5.755102040816326
0.028964909951504646,-0.8979591836734694,-18.42121936373023,0.10148879900870389,0.07034667489129842,0.4310706308326295,0.37297699559158637,0.159854390554937,0.4013457372688394,1.1792767083116633,0.11080262011328301,-5.755102040816326
0.019039902932801476,-0.7346938775510204,-17.579090432585346,0.13602220936699894,0.09428341091626957,0.4567755742048088,0.39803533139988084,0.21623992056471808,0.39448198367524934,1.2873412239161208,0.14988609126394037,-5.755102040816326
0.007859963591638904,-0.5714285714285714,-16.763913288903737,0.19410630854322264,0.13454424049563363,0.4912942162639192,0.43463015876849215,0.3119648664155821,0.3773593496643137,1.4413954783962504,0.21623756758972057,-5.755102040816326
0.004373362397431796,-0.40816326530612246,-15.992273467509058,0.29796321482945887,0.2065323622696169,0.5388280570774115,0.4967729792219576,0.48428976373473454,0.33401926090060613,1.6713788886469783,0.33568408430677277,-5.755102040816326
0.015785157838701734,-0.24489795918367346,-15.30500330999456,0.44929820656323605,0.31142978510994657,0.5870439011619742,0.595526232933113,0.7358269978573575,0.23088425502643012,1.9599633346142569,0.5100364089447158,-5.755102040816326
0.022391605473296432,-0.08163265306122448,-14.761718948091712,0.5364431950196398,0.37183408815843255,0.6201270731667783,0.6656451400963721,0.8739553037489372,0.07336663790994429,2.094126614856333,0.6057796547289853,-5.755102040816326
0.026216839977001756,0.08163265306122448,-14.354108608032968,0.5395107589751005,0.37396036146534684,0.6200654657423004,0.6671095415017602,0.872644441038338,0.06490123492436428,2.0710641676034705,0.6048710339370329,-5.755102040816326
0.030979236673367445,0.24489795918367346,-14.026767834340408,0.51845091149301,0.3593627875601133,0.6063248707503168,0.6429831996297908,0.8377599339825603,0.1800345564101719,1.9830655373340211,0.5806909362260977,-5.755102040816326
0.03727031722109554,0.40816326530612246,-13.750889548528662,0.4797571439490613,0.3325423116817834,0.5863494999825081,0.6069882291339586,0.7741116391222094,0.2865064369653395,1.8766350399395009,0.5365733000961965,-5.755102040816326
0.044598260649384144,0.5714285714285714,-13.516499004118337,0.42537230110404023,0.29484561119856134,0.5623967529058677,0.5625246069955135,0.6843716503412955,0.38443998732739115,1.7624626780821238,0.47437027988922553,-5.755102040816326
0.052184521947780206,0.7346938775510204,-13.318628974575653,0.3629006929383083,0.2515435921334388,0.5384967151269153,0.5147804102265191,0.5816187882500308,0.46889916620867644,1.6462678815057004,0.4031474232362,-5.755102040816326
0.05934592862615763,0.8979591836734694,-13.152584531566315,0.30132538581671264,0.20886284160999202,0.5151868158779054,0.46935110279449666,0.48098248169736246,0.537107970335457,1.5353382406067944,0.33339165108725144,-5.755102040816326
0.06569056096414048,1.0612244897959184,-13.013330292288066,0.2466486595623376,0.17096382296452384,0.4919907365366287,0.4296839154958386,0.39222770593209155,0.5898612667216228,1.4322153538385194,0.2718715285043243,-5.755102040816326
0.07109721755511476,1.2244897959183674,-12.896016257490395,0.20106082704950934,0.1393647453904181,0.4702931217320728,0.3967832399046465,0.3186800525275908,0.6298929164774191,1.3403457292600731,0.22089217991019483,-5.755102040816326
0.07560673952564034,1.3877551020408163,-12.796418762619934,0.16429449511294347,0.11388026606905677,0.4506751910103343,0.37019645610033136,0.25967269210468746,0.6602184650875064,1.260029972433574,0.1799913944007745,-5.755102040816326
0.07932943761379291,1.5510204081632653,-12.711078181654807,0.13506631465511632,0.09362083519181597,0.4332278421544121,0.3489276339473485,0.21296641013466733,0.6833791752667492,1.1905069659893723,0.14761706673881747,-5.755102040816326
0.08239209931695923,1.7142857142857142,-12.637248210242722,0.11190793347309835,0.07756866856916766,0.41780655779393205,0.3319265564138302,0.1760923083116528,0.7012971460921544,1.1303654164704986,0.12205788702451414,-5.755102040816326
0.08491342776835165,1.8775510204081634,-12.572776939152408,0.09350809022442208,0.06481486909860323,0.4041822867192401,0.318278348938813,0.14688253041774368,0.7153622977744769,1.0782065449340084,0.1018112118325698,-5.755102040816326
0.0869954939807164,2.0408163265306123,-12.515982351671857,0.0788007084140756,0.054620488863342365,0.39211276450768084,0.3072430449939024,0.12359287228559301,0.7265671967118954,1.0327438286522799,0.08566805096206309,-5.755102040816326
0.08872340277284323,2.204081632653061,-12.465545197573688,0.06695999590378587,0.046413132371015076,0.3813655854452478,0.29823983988322234,0.10488239091775498,0.7356245546021533,0.9928477063756851,0.07269893355502699,-5.755102040816326
0.09016313777932768,2.36734693877551,-12.420423446364891,0.05734407880298997,0.039747886544099886,0.3717647360909201,0.29083595141141144,0.08971465823744573,0.7430369564330277,0.9576654780630226,0.062185462412184034,-5.755102040816326
0.09137382138514424,2.5306122448979593,-12.379788909696352,0.049478643782178366,0.03429598243554666,0.3631145815710851,0.28467845322436164,0.07732771861067178,0.7491881350859324,0.9263698033608253,0.05359949013411924,-5.755102040816326
0.09239437361011796,2.693877551020408,-12.342968999189045,0.04300429086114077,0.029808302962379685,0.3552500761387263,0.2795090844303486,0.06714310513942578,0.7543562535179865,0.8982500994308905,0.046540054021432464,-5.755102040816326
0.0932607780050967,2.857142857142857,-12.309426055010631,0.03760538500397548,0.026066066589376824,0.34817863920285763,0.2751975564837353,0.05866393648303658,0.7587151724580861,0.8732435651690048,0.04066274217376353,-5.755102040816326
0.0939985019032289,3.020408163265306,-12.27874480908622,0.03306816682482783,0.02292110660091562,0.3417173040875618,0.2714132903967042,0.051542495436673885,0.762439484079402,0.850539669044033,0.03572653539095372,-5.755102040816326
0.09463882368117452,3.183673469387755,-12.250512844557754,0.029270213579108972,0.020288566016746667,0.33574851878876827,0.26826356300413634,0.04558569302529758,0.7656664513451126,0.829745506292132,0.03159759459435607,-5.755102040816326
0.09515578154952672,3.3469387755102042,-12.223997042596967,0.025845811588089518,0.01791495143156796,0.32839092287612504,0.2627141786490016,0.04019792592084803,0.7684058558321198,0.8060438570811901,0.0278630790163934,-5.755102040816326
0.0956603724288648,3.510204081632653,-12.20032901340904,0.02323979525460329,0.016108598557518672,0.32532520740144893,0.2630763685397003,0.03614085378380061,0.7708811286591823,0.7938683350780213,0.025050930903270263,-5.755102040816326
0.09607469393996194,3.673469387755102,-12.17786608357652,0.020883299711519587,0.014475200315828163,0.3205251338350339,0.260976010797931,0.032453910495885196,0.7730674315667695,0.7776281352789486,0.022495336558367107,-5.755102040816326
0.09642508391530441,3.836734693877551,-12.156364071994373,0.018919292230435314,0.013113854067716035,0.31559843072537574,0.25990467817281804,0.029367026119937467,0.7750462663340023,0.7615191316423993,0.020355671356464544,-5.755102040816326
0.09674899583972152,4.0,-12.137343651899245,0.017011684883807998,0.011791601413785546,0.3121689500106267,0.2575604231001993,0.0264016113653045,0.7766547630805816,0.7496245077767566,0.01830020248009978,-5.755102040816326
0.06836366008661708,-4.0,-35.588974382370814,0.17645798175631544,0.12231135254168835,0.28968864589839627,0.30244667107309964,0.2652761552441749,0.3480425502384759,0.7254411313698549,0.18387541907728266,-5.510204081632653
0.08911380538064005,-3.836734693877551,-34.64414927835544,0.013768571881085379,0.009543646779711201,0.2621937325330499,0.23761141224190502,0.020971983338014866,0.3948725067109078,0.613839042039102,0.014536671121494482,-5.510204081632653
0.08850665806568658,-3.673469387755102,-33.68508584120012,0.011071746957338036,0.007674350187352186,0.26504352210900106,0.23911567552491367,0.016870548293545173,0.3955057070751239,0.6200678438684395,0.011693772984170625,-5.510204081632653
0.0876937669383132,-3.510204081632653,-32.72754635987406,0.009710806634122271,0.006731018239404918,0.2686850102684675,0.2412295543854202,0.014789905973841222,0.3959498056473215,0.6290820738486426,0.010251581626514294,-5.510204081632653
0.08645214261791674,-3.3469387755102042,-31.771792625625533,0.01273749513351019,0.008828958839188772,0.27573947223981116,0.2447311244959865,0.0194386655498211,0.39573755318148796,0.6511827664805425,0.013473856219706093,-5.510204081632653
0.07232741073209184,-3.183673469387755,-30.80710334337655,0.1341892297187992,0.09301288624109638,0.3069481941108041,0.2921526317067172,0.20239461912884282,0.3658852095814978,0.776848400440967,0.140289259609661,-5.510204081632653
0.08386870780481029,-3.020408163265306,-29.866423591178304,0.01447227738759116,0.0100314182674901,0.28761433313273305,0.2515461310392165,0.022122947459244813,0.3962174787027749,0.6859881688419125,0.015334458657051186,-5.510204081632653
0.08236544347447498,-2.857142857142857,-28.917379817905662,0.01472105287233294,0.010203856293331315,0.2937123652236265,0.25534908039438636,0.02251429626377055,0.3966927515448211,0.7034090236975918,0.015605720977523774,-5.510204081632653
0.08056580998247159,-2.693877551020408,-27.97120392167264,0.016222719000656305,0.01124473193632114,0.30089852978118364,0.2599125294012504,0.024833020534250405,0.39706399550982696,0.7250149906960308,0.017212938168102543,-5.510204081632653
0.07862181418362992,-2.5306122448979593,-27.028297901415485,0.016341583480112387,0.011327122515124577,0.30759526113922114,0.264608765681828,0.02499733138813154,0.39780533700238224,0.7439819377316008,0.017326829773205876,-5.510204081632653
0.0761692702281124,-2.36734693877551,-26.089183678097438,0.01959950177068137,0.013585339392727436,0.3165780162158974,0.2706859846192361,0.030045131186338114,0.3981582197076986,0.7725873797329154,0.020825697971363688,-5.510204081632653
0.07341324456718015,-2.204081632653061,-25.154398669237082,0.022431598246995588,0.015548399080358433,0.32568131492979624,0.2772921266130267,0.0344239709938603,0.3987532254273927,0.8011476671029822,0.02386087843807072,-5.510204081632653
0.07039832768421009,-2.0408163265306123,-24.222639511678295,0.027843181925085503,0.019299423049190745,0.3278463840455865,0.2842841188284142,0.042949035124237867,0.3997451004572871,0.8098306359041247,0.029770002604135204,-5.510204081632653
0.06652045470129653,-1.8775510204081634,-23.300707709312217,0.030155641895648788,0.02090229815794431,0.3461762002491781,0.2932723967148364,0.04639955489937142,0.40020354989504003,0.8672230258819563,0.03216172065773559,-5.510204081632653
0.062232299690014405,-1.7142857142857142,-22.383580603404983,0.03525089531311254,0.024434058698497907,0.35765497772973814,0.3028659872902975,0.05432267404684099,0.40105697375490584,0.9052135970762226,0.037653608356044366,-5.510204081632653
0.05722590204645421,-1.5510204081632653,-21.474408923758336,0.04205837385314393,0.029152643255242916,0.3703893046803367,0.3138665136828653,0.06496511929874416,0.4018279174515066,0.948733216867671,0.04503038927666436,-5.510204081632653
0.05140877623462155,-1.3877551020408163,-20.5745814156146,0.05091498650385651,0.03529157934339611,0.38448660155849246,0.32643610841913334,0.07889568611080389,0.4024071811638179,0.998494122604047,0.05468632238604609,-5.510204081632653
0.04467056587224979,-1.2244897959183674,-19.685788882085866,0.06269178400093312,0.04345463332451982,0.4003086924465031,0.3408873875577676,0.09756199108549035,0.4025036879624769,1.0564780974981995,0.06762481905072226,-5.510204081632653
0.03690772074193412,-1.0612244897959184,-18.810153985898104,0.07876334409984498,0.05459458989428012,0.4184323060728736,0.35773183700883127,0.12326642424654155,0.4015714893731433,1.1257671328371837,0.0854417744241962,-5.510204081632653
0.028019573402729016,-0.8979591836734694,-17.95051884152469,0.10182136035987455,0.07057718885422526,0.4399717785866973,0.37805723264318125,0.16051741768852512,0.3984602007078104,1.2120219202072808,0.11126219550156424,-5.510204081632653
0.017916005438112368,-0.7346938775510204,-17.11117735293747,0.13732505438720244,0.09518647426873073,0.4669870775316816,0.40438056894797575,0.2184537919869447,0.39062451297992534,1.326011586835518,0.15142062999837913,-5.510204081632653
0.006546557124753573,-0.5714285714285714,-16.29994284635211,0.19688727835801512,0.13647186188197935,0.5030555991877613,0.4428775970435219,0.31648733804151874,0.37182450837453856,1.4876200555575918,0.219372306046401,-5.510204081632653
0.005804939720474758,-0.40816326530612246,-15.534267191736918,0.30093700783898925,0.20859363850974133,0.5515509357671634,0.5071111958378616,0.488800518526296,0.32588485110236187,1.724149002041442,0.3388107012727408,-5.510204081632653
0.017079143860306706,-0.24489795918367346,-14.855031699886654,0.4440609932692672,0.3077996254812416,0.5975978221475033,0.6037261115395328,0.7259995608928898,0.222085086982503,2.0049313450279915,0.5032245487206648,-5.510204081632653
0.02352004117307465,-0.08163265306122448,-14.316471363864599,0.5221128317280406,0.3619010372464606,0.6298468389686568,0.6684126902249042,0.8488664346331798,0.07059232552976691,2.1289683938209616,0.588389375837961,-5.510204081632653
0.02730361892716317,0.08163265306122448,-13.907631275343606,0.5255477866636395,0.36428196657542133,0.629574849954225,0.6694744719655864,0.848679109246786,0.06314013323740378,2.1050803143618886,0.5882595317745354,-5.510204081632653
0.03196843196825321,0.24489795918367346,-13.577224446530696,0.5066794252066789,0.35120341502974295,0.615527607281093,0.6460976851628375,0.8175380944631452,0.17630961153834251,2.0171707386133892,0.5666742251774788,-5.510204081632653
0.03812090870717157,0.40816326530612246,-13.298108730606584,0.4707258698240846,0.3262823094851921,0.595252082052398,0.610989435257399,0.7585589500356735,0.28158747572427395,1.909667146066101,0.5257929975057394,-5.510204081632653
0.04530423971027391,0.5714285714285714,-13.060529622353286,0.41921240241572466,0.2905758947902206,0.5709210697843053,0.5674035930105077,0.6737404886745084,0.3789196100254334,1.794116438257193,0.4670013201538148,-5.510204081632653
0.05276582134500842,0.7346938775510204,-12.859583911008695,0.35915634636861204,0.24894820886561453,0.5460460322945596,0.5202530766927733,0.57512408558165,0.4634272984066293,1.6757394774266168,0.3986456383930368,-5.510204081632653
0.059831044031040316,0.8979591836734694,-12.690669049526878,0.29922548770172996,0.20740730315212863,0.5224138847680803,0.4750099800869119,0.477298234334147,0.5321456793525463,1.562724952721352,0.3308379254149534,-5.510204081632653
0.06610339102346596,1.0612244897959184,-12.548821176077624,0.24548880580356425,0.17015987360176865,0.4988050439044707,0.43520388581754255,0.3901546091980368,0.5855914262083445,1.4574588259547387,0.2704345673480857,-5.510204081632653
0.07145402934936251,1.2244897959183674,-12.429213016063091,0.2003703580549656,0.1388861487535864,0.47664344749287857,0.4019851485060535,0.317421908436744,0.6263057286481108,1.3633224609891357,0.22002010088088575,-5.510204081632653
0.0759181409267927,1.3877551020408163,-12.327606414732081,0.16381429920842638,0.11354741963172388,0.4565512748683286,0.3750118816621719,0.2587913170623404,0.6572221236441842,1.28083268193551,0.17938047177515504,-5.510204081632653
0.07960296871507963,1.5510204081632653,-12.240510077762364,0.13467043987406369,0.093346435703475,0.4386471719764998,0.35334899114134694,0.21224707151687738,0.6808666479155129,1.2093390741562577,0.147118459204028,-5.510204081632653
0.08263345061611102,1.7142857142857142,-12.165142272549057,0.11154281916935327,0.07731559061894466,0.42280100961409456,0.3359743867387949,0.17544142968500598,0.6991723390705151,1.147424746410489,0.12160673233956754,-5.510204081632653
0.08512723435926775,1.8775510204081634,-12.09931814718396,0.09315416509453822,0.06456954689269523,0.4087876824097995,0.3219820643806476,0.14626370804504907,0.713548357526087,1.0936901566867079,0.1013822768496686,-5.510204081632653
0.08718587854734194,2.0408163265306123,-12.041327256538834,0.07845473890287247,0.05438068107209304,0.3963648978593487,0.31063495700864274,0.12299750867492865,0.7250039488465558,1.0468343877873552,0.0852553763539241,-5.510204081632653
0.08889302681825151,2.204081632653061,-11.98982657868119,0.06661729052559151,0.04617558710435676,0.38530851886631234,0.3013554749020329,0.10430025772568685,0.7342616401432063,1.0057414152536008,0.07229542957423485,-5.510204081632653
0.09031734004130954,2.36734693877551,-11.943754907209165,0.057019942851947114,0.0395232126235161,0.37541009927170005,0.2936962494781473,0.08916868735590233,0.7418439623187314,0.9694439498092412,0.06180702423497442,-5.510204081632653
0.09151214700027756,2.5306122448979593,-11.902266148216412,0.04916453717816438,0.03407826032857897,0.36652141075760064,0.28732288503046777,0.0768028622069461,0.7481282822345955,0.9372567670557816,0.053235687397678255,-5.510204081632653
0.09251946995789292,2.693877551020408,-11.864680905991174,0.04269158456375122,0.029591551474000832,0.358496194944588,0.2819705879059741,0.0666253934814689,0.7533934942164919,0.9085274653496004,0.046181203645377256,-5.510204081632653
0.09337221415986052,2.857142857142857,-11.830452448491874,0.03730708560765894,0.025859301203857266,0.35117578406522904,0.2774140703664436,0.05817049036534483,0.7578624239556595,0.8825966657736289,0.040320711388528,-5.510204081632653
0.0941015983398898,3.020408163265306,-11.799123804052282,0.0328035069615602,0.022737658362884217,0.34451256834509747,0.2735319120834738,0.05110581667327585,0.7616774625026153,0.8592101843771175,0.035423852737294315,-5.510204081632653
0.09472873866224799,3.183673469387755,-11.770319039318696,0.028999230533411247,0.020100734882641857,0.33840290819506363,0.27020806837405564,0.04514352765111873,0.7649688324327651,0.8379552477684108,0.031291108911902565,-5.510204081632653
0.0952672377393298,3.3469387755102042,-11.743744864313017,0.025791050859619524,0.017876994187023598,0.33278434920506816,0.267286900751002,0.04011929132818981,0.7678267775173887,0.8185678192179272,0.0278085736701974,-5.510204081632653
0.09573821844202439,3.510204081632653,-11.719087751814767,0.023056502273126167,0.01598154954419173,0.32750927561931165,0.26480766331176964,0.03583791526958624,0.7703533542269101,0.8005124387029166,0.024840949926259626,-5.510204081632653
0.09615692738390681,3.673469387755102,-11.696179552547973,0.02073404148251523,0.014371742395218323,0.3222929608213614,0.26221000404638123,0.032203765175756516,0.7725632417577893,0.7828802218228097,0.02232194903498952,-5.510204081632653
0.09649997102372564,3.836734693877551,-11.674816450036431,0.018623275724522603,0.012908671061243604,0.31832380888516554,0.2607582245929966,0.028908818619885146,0.7744767762020321,0.7694465925129803,0.020038066119692388,-5.510204081632653
0.09681341096140716,4.0,-11.654974507892344,0.016885293956540703,0.011703993898901865,0.31413025516480375,0.25880256042146554,0.026194528319262833,0.776221253167023,0.7553486193309066,0.0181566634505943,-5.510204081632653
0.08953226895209834,-4.0,-35.12071048253232,0.016836554305625917,0.011670210147288973,0.2616072744272833,0.23719672911110315,0.025591396339484263,0.3936894061586823,0.6138137218466334,0.01773860421930573,-5.26530612244898
0.08945599556977925,-3.836734693877551,-34.1605191534333,0.008348395548735343,0.005786666836805177,0.26102580212310694,0.23697773164939226,0.012672246859462444,0.3952378317314474,0.6066927182948182,0.008783732181996129,-5.26530612244898
0.08822058500288336,-3.673469387755102,-33.20172342395233,0.013870106958518313,0.009614025532361792,0.2692432452103295,0.24071760064513095,0.021129779735839183,0.39447451668406663,0.6338482759681968,0.014646047249748939,-5.26530612244898
0.08737435694564435,-3.510204081632653,-32.244500773444635,0.012948071120063354,0.008974918990561243,0.27359425216448513,0.24298980033489864,0.019738909555756745,0.39481980735361033,0.6455784203697157,0.013681969505900504,-5.26530612244898
0.0863662597177636,-3.3469387755102042,-31.28904523958591,0.012599126355523627,0.008733048910849694,0.27854425982207937,0.2456959841386685,0.01921943099663137,0.3951194262575984,0.6593399996267267,0.013321894407281043,-5.26530612244898
0.07241405895761607,-3.183673469387755,-30.32477912609816,0.13056753168496948,0.0905025164601081,0.31062573003911276,0.29193287230841153,0.19718653526070717,0.3661066569565178,0.7882141649883899,0.13667929096034293,-5.26530612244898
0.08375256223546514,-3.020408163265306,-29.38437869666863,0.014269302048966814,0.009890726483799517,0.2907978824588061,0.2526886685616065,0.02180361792775809,0.39551071875603033,0.6954056597769671,0.015113116292631457,-5.26530612244898
0.08219620214906218,-2.857142857142857,-28.435733047069796,0.015002287141081094,0.010398793033790987,0.29738111969000675,0.2567249413009556,0.02294277459202343,0.3958504854044954,0.7147923913889567,0.01590271952268285,-5.26530612244898
0.08040713020396886,-2.693877551020408,-27.48999909019576,0.01602021644726115,0.011104367862379005,0.30450975447322814,0.26128885539432284,0.024519055867604056,0.39624343207393276,0.736040083526253,0.0169953144446211,-5.26530612244898
0.0784052548062567,-2.5306122448979593,-26.547584834754897,0.016500214512583877,0.011437077168031884,0.31169991055277035,0.266231012098406,0.02525325146855595,0.39685162441610355,0.7570291229820654,0.01750422005540031,-5.26530612244898
0.07590776948398999,-2.36734693877551,-25.60901628353739,0.019918902282090478,0.013806730956680058,0.32111268083688715,0.2725263250460225,0.030550263311859283,0.3970849378054911,0.7872418878725769,0.02117582887997882,-5.26530612244898
0.07313483767065856,-2.204081632653061,-24.67484528298378,0.022398028421119154,0.01552513025019997,0.33033966659875985,0.2792367898415087,0.03438837689311791,0.3976506858982891,0.8161976832124396,0.02383620648749707,-5.26530612244898
0.06998170957572052,-2.0408163265306123,-23.74577100135999,0.024586239222460726,0.017041882397620833,0.3397880035116989,0.2866130762293931,0.03775992614604773,0.3984688973855498,0.8456093718867336,0.026173186346284183,-5.26530612244898
0.06615830939133949,-1.8775510204081634,-22.822644545423053,0.029740363254793678,0.020614448938888863,0.3514297709266579,0.2956119540054535,0.045784395218015916,0.3989363023014911,0.8844874167835284,0.03173532445901017,-5.26530612244898
0.06179211805354875,-1.7142857142857142,-21.906432682520766,0.03494893334614568,0.024224754612458543,0.36345903076248715,0.3055460700820324,0.05390161947601824,0.39961747605499254,0.9247378406858657,0.03736175556741683,-5.26530612244898
0.05670822024776283,-1.5510204081632653,-20.998328035920327,0.041671018834760876,0.02888414921637472,0.37668334959002026,0.3168857060503158,0.06442281127594907,0.400225392918372,0.970224319080543,0.0446544899996697,-5.26530612244898
0.05079401328131665,-1.3877551020408163,-20.09975974753056,0.05051955855078072,0.03501748957260653,0.3913820962216774,0.32988187935729674,0.07835522283945551,0.40058219513048393,1.0224527558569902,0.05431170179331435,-5.26530612244898
0.043939391669376236,-1.2244897959183674,-19.21247683081169,0.062348498262130736,0.04321668578254245,0.4079146205670658,0.3448618225865937,0.09711825991113576,0.40038116833518744,1.08338964265032,0.06731724803829131,-5.26530612244898
0.03603484845857316,-1.0612244897959184,-18.33869045319615,0.07865535077193231,0.05451973462351822,0.4269247866849612,0.36240241858778804,0.12321046400146418,0.3990144255884952,1.1564480212591766,0.08540298573809713,-5.26530612244898
0.026979461308679266,-0.8979591836734694,-17.48138919961034,0.10219468077690808,0.07083595484873739,0.44956346921279194,0.383673209753173,0.1612357369684605,0.3952508305982991,1.2474902845986642,0.11176009648519347,-5.26530612244898
0.01667942018177519,-0.7346938775510204,-16.645133322414736,0.13871123021838638,0.09614729813787615,0.47798808472778687,0.4113892520415159,0.22078104813845867,0.38632972716815595,1.3679395416063989,0.1530337610382424,-5.26530612244898
0.005109308308072621,-0.5714285714285714,-15.838250575709008,0.19961040299517174,0.1383593880465377,0.5156310370334393,0.45188739772312203,0.3208671848191571,0.36572341080271065,1.5373446742553802,0.22240818449160482,-5.26530612244898
0.00735132406825755,-0.40816326530612246,-15.079044543665685,0.30315997143154494,0.21013447945640862,0.5648705462551585,0.5180303658527413,0.4919919941007658,0.3171785525671882,1.7798006786346559,0.3410228635690107,-5.26530612244898
0.01846460922142145,-0.24489795918367346,-14.408100632125631,0.4372445017263975,0.3030747935869911,0.6083833874667028,0.6119076550927428,0.7135071641949735,0.21319463544545755,2.0508888734529163,0.49456547917106786,-5.26530612244898
0.02473963043363512,-0.08163265306122448,-13.874069355879488,0.5067438616215676,0.3512480789490484,0.6399334516842513,0.6712782572086292,0.8221111429185552,0.06785205904219935,2.1653186902616355,0.569844020820911,-5.26530612244898
0.028476701215137755,0.08163265306122448,-13.463849411700254,0.5106345090185078,0.35394487022279075,0.6394257513114117,0.6719545806844244,0.8231790817741031,0.06135797621205539,2.14042314113641,0.5705842596276445,-5.26530612244898
0.033036073298475875,0.24489795918367346,-13.130200494013131,0.494004533452022,0.3424178495460999,0.6250947055021953,0.6493273609272062,0.795849002968191,0.17248269765043986,2.05262825928798,0.5516404925588456,-5.26530612244898
0.039039282590919426,0.40816326530612246,-12.847642908794905,0.4608684523225106,0.31944966833637367,0.604519367202643,0.6151124860870028,0.741652744507729,0.2764999637654976,1.9440624052632847,0.5140745088100775,-5.26530612244898
0.04606606947313509,0.5714285714285714,-12.606666328071311,0.41233849407878376,0.28581126460704276,0.5797957856339239,0.5724179019152709,0.6619293821333057,0.3731726127874827,1.8270963872694708,0.45881448495548716,-5.26530612244898
0.053391365847756035,0.7346938775510204,-12.402437810427124,0.3548437245188758,0.2459589271896483,0.5538636940080791,0.5258840843937852,0.5676849707623792,0.45768433419757637,1.7064482429138195,0.3934892369301983,-5.26530612244898
0.06035072352696848,0.8979591836734694,-12.23045123874886,0.296706264713658,0.2056611108407449,0.5298957455515939,0.4808455137904894,0.47291463433109193,0.5268976949712509,1.5912341121266267,0.3277994454321336,-5.26530612244898
0.06654350181260653,1.0612244897959184,-12.08582040062723,0.24403385977228798,0.16915138186232248,0.5058577712852562,0.4409041353460716,0.387587838099833,0.5810486678074254,1.4837373863488172,0.2686554171982234,-5.26530612244898
0.07183282709787092,1.2244897959183674,-11.963745965937296,0.19947579186662034,0.1382660827223101,0.4832129331605964,0.407357215533101,0.3158212249392456,0.6224737532127719,1.3872296152284804,0.2189105916276266,-5.26530612244898
0.0762477962465575,1.3877551020408163,-11.8599776306601,0.16319101586825813,0.11311539254179626,0.4626260323708217,0.37997931866403034,0.25766905970655785,0.654014086975151,1.3024929121673652,0.17860258225313208,-5.26530612244898
0.07989188627602391,1.5510204081632653,-11.770992252135343,0.13417271226149152,0.09300143721213328,0.4442448741942642,0.3579018783406821,0.21135576281448998,0.6781738175704526,1.228903860287362,0.1465006510899598,-5.26530612244898
0.08288798674286878,1.7142857142857142,-11.693971070421602,0.11110315687031891,0.0770108399359708,0.42795466894594364,0.3401334428778437,0.17466437447019034,0.6968952217491029,1.1651295870697065,0.1210681187082785,-5.26530612244898
0.08535268112141856,1.8775510204081634,-11.626694142345604,0.09274540744765813,0.06428621768222764,0.4135368679394761,0.32578109713435155,0.1455518920801131,0.7116037737125209,1.109748639737256,0.1008888836204953,-5.26530612244898
0.087385990492573,2.0408163265306123,-11.567420447137458,0.07806561277396451,0.05411095939295785,0.4007474896797747,0.31410708412665256,0.1223287861479081,0.7233290565297721,1.061437306486423,0.08479185321974292,-5.26530612244898
0.08907189955141778,2.204081632653061,-11.514781214843694,0.06624968630804373,0.04592078327740179,0.38936041195068494,0.3045353839676479,0.10367519095350453,0.7328052277499018,1.0190632564063984,0.0718621663034349,-5.26530612244898
0.09047705344520883,2.36734693877551,-11.46769387264741,0.056663739414233305,0.039276311214959225,0.37917456708233466,0.2966169478559262,0.08856890658487471,0.7405660510942212,0.981673702305132,0.06139128788458281,-5.26530612244898
0.09165434764648825,2.5306122448979593,-11.425295621859275,0.048828507564355306,0.033845342349182905,0.37001287602989386,0.290004069118802,0.07623998293993184,0.7470013506172941,0.9484635391927055,0.05284552922075125,-5.26530612244898
0.09264726412523513,2.693877551020408,-11.386892281515376,0.04237255953887287,0.029370420177478263,0.3617347664566419,0.2844351935033553,0.06609503366576552,0.7523957418082962,0.9188192226280356,0.04581358623443954,-5.26530612244898
0.09348984604307764,2.857142857142857,-11.35192045161118,0.03700969249786379,0.025653164008284657,0.35421509133454254,0.27970391166325326,0.057677802251385746,0.7569669208171151,0.8921680753754722,0.03997920601144145,-5.26530612244898
0.09421003843197326,3.020408163265306,-11.31991701286087,0.03254530552198576,0.02255868676302608,0.34734314765323965,0.27565645947976314,0.05067570591773407,0.7608718026281689,0.8680495659902416,0.035125722679762106,-5.26530612244898
0.09482568363390213,3.183673469387755,-11.29049668666854,0.028773064964581874,0.019943968856267702,0.3410396737614029,0.272167135782574,0.0447660966088983,0.7642447404113202,0.846088658703876,0.03102949364913199,-5.26530612244898
0.09535582837015293,3.3469387755102042,-11.263369297577468,0.025554651420378605,0.017713134582227452,0.3352908538157906,0.2691094613358536,0.03973002234522349,0.7671642435350862,0.8262683924326867,0.027538752972175118,-5.26530612244898
0.09580568069213649,3.510204081632653,-11.238220551540095,0.022848313182567637,0.01583724386304719,0.32991094947297694,0.26647727287878015,0.035494848759770825,0.7697414924073243,0.8079030703541996,0.024603154342236255,-5.26530612244898
0.09622222717860261,3.673469387755102,-11.214864182404398,0.020522321035668867,0.014224988964419705,0.32503409966367136,0.2642380617138923,0.03185655668082399,0.7719734986431656,0.7912878960659104,0.022081282445661543,-5.26530612244898
0.09659612845822166,3.836734693877551,-11.191217579076914,0.018202324213931753,0.012616889708524814,0.31863579846120016,0.2631122315957464,0.028195941862781737,0.7739188830136435,0.7718268097786759,0.01954393760541917,-5.26530612244898
0.09688656700406742,4.0,-11.172749973258346,0.01672077712492781,0.011589959520915238,0.3160866310281622,0.26019832502627693,0.025923207284187733,0.7757462269633125,0.7612667590114847,0.0179685980401052,-5.26530612244898
0.08990985984234863,-4.0,-34.6372771049374,0.011347570346539104,0.007865536391909123,0.26136466504742395,0.2364551209217059,0.017256351705873918,0.3941048851997544,0.6102439799356781,0.01196119153167663,-5.020408163265306
0.08875643850207898,-3.836734693877551,-33.67724202467029,0.016523263604666827,0.011453053581223616,0.26859103290815367,0.24002972538957276,0.025142433616238247,0.39328698858453526,0.6335407080374476,0.01742740697351053,-5.020408163265306
0.08837656891494898,-3.673469387755102,-32.71875325524103,0.010831314049100094,0.007507694794893105,0.2701813812284054,0.24082651032440694,0.01648268317129764,0.39437507349028456,0.6346139460779401,0.011424925368247685,-5.020408163265306
0.08753265162594145,-3.510204081632653,-31.76178105753479,0.009684136260168952,0.00671253174489439,0.2741090863554867,0.24311993037571816,0.014721539209041179,0.39472134541846315,0.6446116206862066,0.010204193396249117,-5.020408163265306
0.08651572095853882,-3.3469387755102042,-30.80659954941579,0.009425935036065258,0.006533560294389895,0.27868727689992123,0.24591237163577065,0.014320726335584677,0.39498366323381817,0.6570489383267253,0.009926371083080365,-5.020408163265306
0.08499972710000252,-3.183673469387755,-29.853607270961685,0.01371448104727957,0.00950615387076481,0.28789104914152625,0.2502609808813522,0.020930783425964883,0.3944946980504361,0.687109285581527,0.014508113518618249,-5.020408163265306
0.0837272425451248,-3.020408163265306,-28.902783448194903,0.012763895364677591,0.008847258084988097,0.2932969083353687,0.2535791588074613,0.019477576584138845,0.39496762903689697,0.7017547847390667,0.01350082729343649,-5.020408163265306
0.08207447697738482,-2.857142857142857,-27.954584346100958,0.014494989068723818,0.010047160805233046,0.3007546514173307,0.25799812817081136,0.02215506528279576,0.39507744325639826,0.7246963766745094,0.015356721035891141,-5.020408163265306
0.0801735066706629,-2.693877551020408,-27.009336480798275,0.016681225916212572,0.011562544712106604,0.30885582740860573,0.2630119282739424,0.02553222424012791,0.3951988282598161,0.7499378965709073,0.017697589245468492,-5.020408163265306
0.07807189259549223,-2.5306122448979593,-26.067466807747593,0.018154407640643466,0.012583676470847793,0.3169575726478417,0.26837522183747764,0.0278166514234246,0.39555231785198103,0.774731112663203,0.019281033506765244,-5.020408163265306
0.07563912258982965,-2.36734693877551,-25.129483304850954,0.020102418483541662,0.013933934694302819,0.32578783287349466,0.2744744150017381,0.03083698907196597,0.39595330386645,0.8022544501249912,0.02137457203219073,-5.020408163265306
0.0728265654371054,-2.204081632653061,-24.195983174717828,0.022496144432024412,0.01559313908652693,0.33533841108509477,0.2813816214495192,0.034551086489611915,0.3964291477945616,0.8324447164398194,0.02394898818555724,-5.020408163265306
0.0695570431721703,-2.0408163265306123,-23.267677156762087,0.025580086068612395,0.017730764536939336,0.34575837998545267,0.28925183305254715,0.03934098563617594,0.3969532634971696,0.8660131269983827,0.027269093274164824,-5.020408163265306
0.06575017027063762,-1.8775510204081634,-22.345413308722776,0.02954034209011125,0.02047580483253708,0.3571484559343019,0.2982284057772314,0.04550356896035357,0.3975061017966867,0.9034915730142663,0.031540670530283865,-5.020408163265306
0.06131034326252869,-1.7142857142857142,-21.430206255223823,0.034686873435982424,0.024043108524590684,0.3696636271877449,0.3084900905984138,0.05353621630704408,0.3980312669373191,0.945691685611852,0.03710847739107459,-5.020408163265306
0.05613628625163186,-1.5510204081632653,-20.523274689811732,0.04137431328835062,0.028678488603424146,0.3834628514413463,0.320227139172026,0.06401810651589912,0.39844031201424523,0.993514784714061,0.044373970036281296,-5.020408163265306
0.05011522564716847,-1.3877551020408163,-19.62609359092139,0.050196163089464285,0.034793328920389444,0.398813251795789,0.3336969598721158,0.07792357068066957,0.39854843114995436,1.0484228868214007,0.05401250331646956,-5.020408163265306
0.043130740218629574,-1.2244897959183674,-18.740477351743127,0.06208868669576617,0.04303659812784022,0.41612953803198144,0.349271906494914,0.09680210282671542,0.3980080304344859,1.1126405337795517,0.06709810464661103,-5.020408163265306
0.03506931052216651,-1.0612244897959184,-17.868736509093306,0.07863252404269128,0.05450391234050356,0.43610427852185746,0.3675885154145283,0.12328327212720769,0.3961525845910814,1.1898327985317971,0.085453452485178,-5.020408163265306
0.025826128115354896,-0.8979591836734694,-17.01402336485521,0.10273874404055272,0.07121307076597905,0.4599580684483882,0.3899264016270741,0.1622174355093291,0.39163726859142683,1.28622298664528,0.11244055806095554,-5.020408163265306
0.01531515094031959,-0.7346938775510204,-16.181191718560967,0.14015913918913503,0.09715091215865779,0.48984507275212325,0.41913874612822505,0.22317975396145817,0.3815412023027488,1.413497493370237,0.15469641721644667,-5.020408163265306
0.003533877647544695,-0.5714285714285714,-15.379117000295643,0.20218307587252005,0.14014262899797503,0.5290591957482139,0.46171728308193255,0.32494477351430184,0.359001003489093,1.5907785022055714,0.2252345535991278,-5.020408163265306
0.009022855356978454,-0.40816326530612246,-14.626912735562316,0.3044209816084731,0.21100854510520417,0.5787618307711498,0.529506417410013,0.49351510107710306,0.3078932952083292,1.8381711461078938,0.34207860087535025,-5.020408163265306
0.01995107844960218,-0.24489795918367346,-13.964475541728458,0.4287405163072675,0.2971802800701977,0.6211983715947393,0.6200432581977061,0.6981910788133452,0.2042458777348987,2.098034205743914,0.483949177771577,-5.020408163265306
0.026059976806216086,-0.08163265306122448,-13.434748469623067,0.4902748878510992,0.3398326562133325,0.6507006589869264,0.6742443858115021,0.793605041258505,0.06514638860122265,2.203013952257403,0.5500850968264919,-5.020408163265306
0.029744974138038404,0.08163265306122448,-13.022985383311461,0.4947079456243073,0.3429054177100912,0.6496169255213656,0.6745522326905794,0.7960540757426053,0.059554689175210715,2.1770911789606497,0.5517826381742399,-5.020408163265306
0.03419020225171045,0.24489795918367346,-12.685905054923879,0.480363117395441,0.3329623404676363,0.6350302367271663,0.6526752908802376,0.7725999076676655,0.16854934966029614,2.0895178537618904,0.5355254477007159,-5.020408163265306
0.04003243670407623,0.40816326530612246,-12.399684862541706,0.4501248326562286,0.31200275865568194,0.6141597890291555,0.6193625481131029,0.7233032541638598,0.2712337146061553,1.9799750312092392,0.5013556113135125,-5.020408163265306
0.046889582039111144,0.5714285714285714,-12.155084047300655,0.4046966398353491,0.2805143348839556,0.5890330917411876,0.5775751856024607,0.6488561526197931,0.3671832600318867,1.861447969512688,0.4497528127773833,-5.020408163265306
0.05406589286482135,0.7346938775510204,-11.947347533887964,0.3499163051046521,0.24254350031524297,0.5619576069948373,0.5316830665814616,0.5592291692232414,0.4516513631642275,1.7384428181860787,0.3876281219339699,-5.020408163265306
0.06090866699458526,0.8979591836734694,-11.772070211764923,0.2937314150230437,0.20359910216510602,0.5376422959279424,0.4868699175039934,0.4677744705829001,0.5213422691451148,1.6209217135850422,0.3242365554224578,-5.020408163265306
0.06701376046700673,1.0612244897959184,-11.624450080440418,0.24225821169672335,0.16792059640507806,0.5131600061407685,0.4467988589118006,0.3844866368139681,0.5762103564416877,1.511109285660578,0.266505828270577,-5.020408163265306
0.07223594832437051,1.2244897959183674,-11.499721481176536,0.19835951841250887,0.13749234092485918,0.49001319777480196,0.41291412028158075,0.3138497025263458,0.6183757350006025,1.4121241092199035,0.21754403642571374,-5.020408163265306
0.07659750561195909,1.3877551020408163,-11.393624676636305,0.16241419542066327,0.11257694163874477,0.4689107474927704,0.3851130505024171,0.2562889723625754,0.6505751597502788,1.3250397335615196,0.1776459786017246,-5.020408163265306
0.0801976860286828,1.5510204081632653,-11.302604631800735,0.13356666719435806,0.09258135878255769,0.4500315251037178,0.362599244539756,0.21028185272938993,0.6752842965349302,1.2492490759644044,0.14575627334229813,-5.020408163265306
0.08315692072109584,1.7142857142857142,-11.223803905601596,0.11058582744902967,0.0766522545061834,0.4332773556551528,0.34441579354541196,0.17375586413237976,0.6944514473172727,1.1835218736311055,0.12043838732911549,-5.020408163265306
0.0855901052088364,1.8775510204081634,-11.154965178376894,0.09227829692126965,0.06396244133785167,0.41843601814683995,0.32968236756417857,0.14474080506142384,0.7095196524678745,1.1264070961851005,0.10032668094030184,-5.020408163265306
0.08759695962997388,2.0408163265306123,-11.094314433852208,0.07763389786205632,0.05381171741896318,0.40526494625910564,0.31766631889530655,0.12158735914586805,0.7215343177854091,1.076574609973426,0.08427793518368842,-5.020408163265306
0.08925999520028295,2.204081632653061,-11.0404549812533,0.06584655374343784,0.04564135307685313,0.3935352495171487,0.3077887938177569,0.10298933072223537,0.7312462107777549,1.032864455635947,0.07138676421787293,-5.020408163265306
0.09064475576679157,2.36734693877551,-10.992281102853735,0.056288397084705455,0.039016143737502285,0.38303776021523556,0.2995941656350451,0.08793477131603611,0.7392027565197028,0.9942823966577347,0.060951738810893996,-5.020408163265306
0.09180549722069577,2.5306122448979593,-10.948910497081254,0.04847414309064613,0.033599715613340964,0.3736012197621657,0.2927395789903632,0.07564589165500113,0.7457980794014569,0.9600512999753256,0.05243373652160699,-5.020408163265306
0.09278336028876735,2.693877551020408,-10.909633391424528,0.042044077465758,0.029142733754634387,0.36507805890143147,0.2869532743429993,0.06554658339543584,0.7513270262105715,0.9295002835804492,0.04543342947588336,-5.020408163265306
0.09361276113296302,2.857142857142857,-10.873873101618221,0.0367057062359426,0.02544245678790502,0.35734070596267015,0.28203071923635886,0.05717195175006928,0.7560097348822941,0.9020548819831539,0.039628577162669654,-5.020408163265306
0.09432004400851011,3.020408163265306,-10.841146178766067,0.03222474387351193,0.022336490360191252,0.35027701748242096,0.27782529745319745,0.05014786665790316,0.7600040884398578,0.8772790481964838,0.034759852385020995,-5.020408163265306
0.09492840025181379,3.183673469387755,-10.811095562065638,0.028504951500186504,0.01975812676435229,0.3438046672593017,0.2741613833353231,0.044323848465922744,0.7634645613635781,0.8547029365296256,0.030722950595721166,-5.020408163265306
0.09545389931283556,3.3469387755102042,-10.783359965456537,0.025314530171336447,0.017546695215461483,0.33786821464911815,0.2709987552999785,0.03933355017409346,0.7664607072091316,0.8342320978803732,0.027263939404586157,-5.020408163265306
0.09599482063132105,3.510204081632653,-10.754949415112673,0.022315574228996216,0.01546797735940486,0.32740286665543805,0.26503356457158084,0.034559821206153085,0.7690539594237754,0.8020362865247612,0.023955042629700607,-5.020408163265306
0.09628587301118041,3.673469387755102,-10.731311214308251,0.020280272132421562,0.014057213449576667,0.3231824395603462,0.2645457706027478,0.03143431970089017,0.7716086372467391,0.7873008701457642,0.021788610073492087,-5.020408163265306
0.09664405987083387,3.836734693877551,-10.711610249235457,0.018290600985013228,0.012678078503508994,0.3225715449059378,0.26358434420164445,0.028357908322133252,0.7734433478584636,0.7821756911750775,0.019656204200063865,-5.020408163265306
0.09686161742212715,4.0,-10.689380430987608,0.016616814449341266,0.011517898085448897,0.3160246757221264,0.26219341775785027,0.02572838438910363,0.7754836635003959,0.7619344056274878,0.01783355709966905,-5.020408163265306
0.08976855629343335,-4.0,-34.15408995403999,0.012378212217460938,0.008579922898905856,0.26453757654566457,0.23757687020697088,0.018819124837061274,0.39336027701063364,0.6198415457864703,0.0130444233214142,-4.775510204081633
0.08900471332077763,-3.836734693877551,-33.19439748397481,0.012567992591802746,0.008711468630306252,0.2692305706968364,0.2398321491360454,0.01911744774846369,0.3933712526110159,0.6332349268880267,0.013251205006349132,-4.775510204081633
0.08770419650604928,-3.673469387755102,-32.23388904288727,0.02302723217726932,0.01596126105977347,0.27031762024522776,0.2441230313001001,0.03521335235696732,0.392357218013235,0.6447150215865847,0.024408035904295744,-4.775510204081633
0.08721989587046161,-3.510204081632653,-31.27957226978103,0.012618153058778336,0.00874623721656631,0.27928399396861464,0.24495748787546184,0.01921577209143388,0.39353882333035345,0.6618899746773715,0.013319358247459334,-4.775510204081633
0.08615491628268448,-3.3469387755102042,-30.324804757821443,0.012649887032987195,0.008768233531316616,0.28478188983045183,0.24794384436637315,0.019274284263880226,0.3936783089908587,0.6776324989322728,0.0133599157948181,-4.775510204081633
0.08482933237412627,-3.183673469387755,-29.372107510851865,0.014347960111705138,0.009945248098214954,0.2916551836985747,0.2516891720932196,0.021888674911710204,0.3935899181283989,0.6987084044594637,0.015172073301244371,-4.775510204081633
0.08341800738825074,-3.020408163265306,-28.421731586206356,0.015025813129122323,0.010415100006071487,0.298284275376855,0.25554432687397344,0.022944397581662113,0.39373292873837656,0.7184473132710234,0.015903844493375452,-4.775510204081633
0.08180505590836032,-2.857142857142857,-27.473995573099344,0.01588513109895473,0.011010733834065256,0.30544235784851664,0.2598776746705231,0.024280998089083905,0.3939156231247578,0.7399703021876707,0.01683030536662944,-4.775510204081633
0.07994007587795018,-2.693877551020408,-26.529267380366328,0.017178166973774722,0.011906998005059899,0.31329197408797765,0.2648157634162887,0.026287231942772937,0.3941084314909776,0.763993909035325,0.01822092070585768,-4.775510204081633
0.07779811876943703,-2.5306122448979593,-25.587980446917708,0.018719761940154456,0.012975550209571418,0.3217522439608634,0.2703801730939371,0.028680777888883124,0.3943583563641363,0.790168239050317,0.019880000329944636,-4.775510204081633
0.0753707080562095,-2.36734693877551,-24.650647752069634,0.020043932655563257,0.013893395407536868,0.3305737153088178,0.2765143324712877,0.030745360499048857,0.394779920310597,0.8174539656968943,0.021311059945214428,-4.775510204081633
0.0724849575409425,-2.204081632653061,-23.717883727442338,0.0227391343309562,0.015761566849876063,0.34070362612093963,0.2837502280817019,0.03493086941053436,0.39507493366444635,0.8499841860350023,0.024212233646419445,-4.775510204081633
0.06916265931730373,-2.0408163265306123,-22.790412244163303,0.02571672875090769,0.017825478026916475,0.3515171434848846,0.29187485334555524,0.03956550558072047,0.3954817040370796,0.8850741454232356,0.027424718640704615,-4.775510204081633
0.06529257140230169,-1.8775510204081634,-21.869104556005805,0.029545925791826466,0.02047967515963811,0.3633440212070575,0.30114606375551844,0.04553603265024142,0.3958991324688087,0.9242667719718665,0.03156317264540043,-4.775510204081633
0.060770665036787096,-1.7142857142857142,-20.955003686151866,0.034628477727599805,0.02400263170396877,0.3763971154589117,0.31177721399170555,0.05348255938672919,0.3962447639586684,0.9686350222363977,0.037071285248041264,-4.775510204081633
0.055503012928694785,-1.5510204081632653,-20.049366119047082,0.04117686518767005,0.028541628009130182,0.39077249576482165,0.32393217517278144,0.06376141996620888,0.39644963908340974,1.018775499788248,0.04419604847807612,-4.775510204081633
0.04936288109686372,-1.3877551020408163,-19.1537183715615,0.04996534028428368,0.034633334743769506,0.406837871298002,0.33793361826859,0.077630007875098,0.3962754698369764,1.0766395739089523,0.053809021085470476,-4.775510204081633
0.04223340997133477,-1.2244897959183674,-18.269948528619054,0.06192358561111222,0.04292215877650496,0.425015291128001,0.3541772719755415,0.09662736639055014,0.39534909965887016,1.1444856809707125,0.06697698657854279,-4.775510204081633
0.033998755042436234,-1.0612244897959184,-17.400478880298063,0.0786778813324771,0.054535351618036465,0.4460309509652518,0.3733540668085974,0.12345242902423292,0.39294914644534434,1.2261540221003908,0.08557070311142301,-4.775510204081633
0.024548545306055575,-0.8979591836734694,-16.548644638981006,0.10332711076753798,0.07162089550392392,0.47118801875029404,0.3968686524389137,0.1632491649646144,0.3875984366215416,1.3283126265230956,0.11315569842398787,-4.775510204081633
0.013806003625719349,-0.7346938775510204,-15.719621978885323,0.14163397107964348,0.09817318772536376,0.5026247728446169,0.42771229904508345,0.22558547633154769,0.3761963699270052,1.4629443227488328,0.15636393689448447,-4.775510204081633
0.001804390868172051,-0.5714285714285714,-14.92286195416229,0.20448299102068335,0.14173680869845118,0.5433681964331705,0.4724191858843702,0.3285121274919418,0.3516018828632417,1.6480958200333966,0.22770725495078858,-4.775510204081633
0.010830700070223076,-0.40816326530612246,-14.178211436430162,0.3044846140680475,0.2110526517651503,0.5931824515230444,0.5414977827520637,0.4929848791157374,0.2980327780457457,1.8991182612038997,0.34171107901775866,-4.775510204081633
0.02154927360570003,-0.24489795918367346,-13.524443749133502,0.418450888466984,0.2900480535436938,0.634890685018128,0.6281053796809498,0.6799141500570696,0.1952731472903511,2.145926978066561,0.4712805761348693,-4.775510204081633
0.027491754453700938,-0.08163265306122448,-12.998765324591709,0.4726453654898459,0.3276128024940117,0.661864088908112,0.6773117542316276,0.763267702820277,0.06247587497826492,2.2422561047312413,0.5290568562223408,-4.775510204081633
0.03111831242801859,0.08163265306122448,-12.585281788249693,0.4777047465604283,0.3311196982184643,0.6601424690313049,0.6772682610738177,0.767215540221915,0.0577302844385462,2.215064146782977,0.5317932885865955,-4.775510204081633
0.035439771132986055,0.24489795918367346,-12.244566680578645,0.4656904415763452,0.3227920165923597,0.645334549209724,0.6561432579048974,0.7476974301671988,0.1645051807055403,2.128018551313321,0.51826436563231,-4.775510204081633
0.0411081918034734,0.40816326530612246,-11.954445803257382,0.438432287801541,0.30389810415608465,0.6241790255208802,0.6237438739566301,0.7034180347255696,0.26577820901693416,2.017373561124129,0.48757222752504603,-4.775510204081633
0.04778135098121702,0.5714285714285714,-11.705974750455782,0.3962290887285138,0.27464507570800567,0.5986433667746939,0.5828822995616685,0.634433761942788,0.360935835144838,1.8972090468467822,0.4397559733426819,-4.775510204081633
0.0547947248699837,0.7346938775510204,-11.494485415769834,0.34432430301199934,0.23866741983103568,0.5705813204317961,0.5376597629159352,0.5496800643856457,0.4453080412238443,1.7722950415350835,0.3810091868389187,-4.775510204081633
0.061509061084152675,0.8979591836734694,-11.315678911347428,0.2902619129797537,0.2011942266058524,0.5456627190630987,0.49309613695662113,0.46181677752875183,0.5154556266624031,1.6518430885300535,0.3201069972793338,-4.775510204081633
0.06751742362143813,1.0612244897959184,-11.16484450715082,0.24013384152105077,0.16644809520734505,0.5207226826141926,0.45290332129088134,0.38080673978490864,0.5710518087109555,1.5396341411133168,0.26395511802013427,-4.775510204081633
0.07266591756953587,1.2244897959183674,-11.037256514212453,0.19700330725906268,0.1365522869876037,0.49705592751579475,0.418672093513368,0.31147828818536416,0.6139880525458454,1.4380646116992926,0.21590029726132265,-4.775510204081633
0.0769693158115547,1.3877551020408163,-10.92864891563836,0.16147233385488002,0.1119240929499441,0.4754171442798415,0.3904288304685603,0.25463253171594014,0.6468842386112208,1.3485263014458668,0.1764978214377444,-4.775510204081633
0.0805220530782472,1.5510204081632653,-10.835434918236427,0.1328456200024979,0.09208156695446901,0.4560183605983614,0.3674556430148364,0.209014409148796,0.6721797939369624,1.2704260484398033,0.14487774839789092,-4.775510204081633
0.08344166935829184,1.7142857142857142,-10.754716702312724,0.10998659288693213,0.0762368967589715,0.4387795623524478,0.3488342116389903,0.17270887120867018,0.691825657707389,1.2026491608141103,0.11971266713597961,-4.775510204081633
0.08584145657228892,1.8775510204081634,-10.684197102619894,0.09175299398054237,0.06359832908554663,0.42349537054218944,0.33369887556425704,0.1438308226480598,0.7072813809210969,1.1437137758717983,0.09969592919612014,-4.775510204081633
0.08781977699963511,2.0408163265306123,-10.6220665326805,0.07715919082535239,0.05348267557487962,0.4099253768340086,0.3213219316885235,0.12077235387469143,0.7196092291095211,1.0922809085566016,0.0837130165778297,-4.775510204081633
0.08945932170259255,2.204081632653061,-10.56689782339231,0.06541079714724418,0.0453393096207908,0.3978357011728884,0.31112463719825295,0.10224789035206161,0.7295753499224481,1.0471646020203973,0.07087283691573365,-4.775510204081633
0.09082198258702145,2.36734693877551,-10.517560319543131,0.05588563137605895,0.038736967822127655,0.3870207309034685,0.302642121472996,0.08725366160050685,0.7377425652154606,1.0073547250174053,0.06047962953192254,-4.775510204081633
0.09196942126883115,2.5306122448979593,-10.47313947532413,0.0481077776847707,0.033345770465203595,0.3772441099108226,0.29551163860661755,0.0750292287155232,0.7445281704572394,0.9718247169976966,0.052006298343751034,-4.775510204081633
0.0929272715743837,2.693877551020408,-10.432940367056352,0.041705774924578165,0.028908240302038868,0.3685116252667942,0.28952153247071566,0.06497957975712332,0.750186657194474,0.9405179446633082,0.04504041250261981,-4.775510204081633
0.09371228361838094,2.857142857142857,-10.396273363887218,0.036335493307025235,0.02518584474001928,0.36041326646013694,0.28439161752464576,0.056559709642741485,0.7550208810007009,0.9118766990990044,0.03920420327215535,-4.775510204081633
0.09443761541460514,3.020408163265306,-10.36286439799751,0.03195832921019148,0.022151825787450674,0.3532779180775399,0.279990225101079,0.049704273163783785,0.7591009827830797,0.8867012331310887,0.034452376805258034,-4.775510204081633
0.09503600472455928,3.183673469387755,-10.332112686474785,0.028229999250080517,0.019567544387402602,0.3466362299573282,0.27618573597360074,0.04386973060140287,0.7626366008453492,0.8635613238608716,0.03040818007828605,-4.775510204081633
0.09554287561585156,3.3469387755102042,-10.303741565414107,0.025054063271672256,0.017366153318330246,0.3404466132875087,0.27287000841396025,0.03890614485321109,0.7657410907165658,0.8421840823813255,0.02696768461145993,-4.775510204081633
0.09601425456863058,3.510204081632653,-10.277455699823072,0.022386601391923833,0.015517209637131435,0.3348431441528702,0.270032193525502,0.03473784689786408,0.768418534356597,0.822944813012749,0.024078440635977305,-4.775510204081633
0.09638056931825065,3.673469387755102,-10.253124410218074,0.020109151085708987,0.013938601378512994,0.32962308201318713,0.26738364162864586,0.03117800385556313,0.7707808530673967,0.8052515856201292,0.021610945467970488,-4.775510204081633
0.09673296259873157,3.836734693877551,-10.23021363281469,0.018054747727419773,0.012514597482982337,0.3244548717959213,0.265242510494953,0.02797392439553148,0.772945304434052,0.7880529439817918,0.01939004682395984,-4.775510204081633
0.09701355140478213,4.0,-10.209217959804151,0.01638064899285041,0.011354200665136593,0.3202650858915084,0.2630508450423374,0.025363341402251383,0.7747467472869547,0.773785146747135,0.017580528582549437,-4.775510204081633
0.08958286048604155,-4.0,-33.671277334732,0.013907862407445126,0.009640195615336244,0.2681284579086987,0.23890432915943044,0.021141508064081105,0.3924816167800963,0.6309113458611485,0.0146541767074031,-4.530612244897959
0.08880227616330415,-3.836734693877551,-32.71189476905028,0.01419206117225702,0.0098371871878844,0.27299264095607295,0.24125557074103882,0.021583271797300352,0.3924352254048709,0.6449524902349165,0.014960383993557702,-4.530612244897959
0.08803347631713337,-3.673469387755102,-31.75400266479693,0.013199969636923825,0.00914952173731054,0.2774424884542594,0.24348631777075447,0.020080514096073365,0.3926382764965609,0.657070518465193,0.013918751729887102,-4.530612244897959
0.08700767295359096,-3.510204081632653,-30.797771941541697,0.014129655656227591,0.009793930980397159,0.2833247037364799,0.2465078974684391,0.021511429662916637,0.39253531818518633,0.674608224609703,0.01491058682066404,-4.530612244897959
0.08591881214137606,-3.3469387755102042,-29.843402215907524,0.014309644704816549,0.009918689881958098,0.2891188901901392,0.2496251261803347,0.02180024408643133,0.3925999052964175,0.6915079465561387,0.015110777724028246,-4.530612244897959
0.0846203717304154,-3.183673469387755,-28.89112930431982,0.015351893554885976,0.010641121733825587,0.2958044628748851,0.25332467095327005,0.023410267973369425,0.39255401485702923,0.7116974356479028,0.016226761241893595,-4.530612244897959
0.08317779702646308,-3.020408163265306,-27.941223956028765,0.016158624546012135,0.011200305045794945,0.3027486067013946,0.2573455607331975,0.024664476721609763,0.3926043723064435,0.7326334708820751,0.01709611249956966,-4.530612244897959
0.08155393599755578,-2.857142857142857,-26.994006338189788,0.016838551852323302,0.011671594741150315,0.3100643190170807,0.26177631779908256,0.025728853183538014,0.3927437777575983,0.7547060430220689,0.01783388204320957,-4.530612244897959
0.07967829053755102,-2.693877551020408,-26.049851347650822,0.01786479536633001,0.012382932539451774,0.3180584819489347,0.26681332344499054,0.027328478675668233,0.39289792487178155,0.7791982132874763,0.01894265794303207,-4.530612244897959
0.07750129899238249,-2.5306122448979593,-25.109088244136927,0.01911800000250219,0.013251587799679276,0.3263040231976468,0.27258005954482095,0.029217993571633905,0.3930445078972299,0.8041783993008175,0.02025236986579637,-4.530612244897959
0.07500766431487706,-2.36734693877551,-24.172586438917655,0.020970093859678407,0.014535361434913296,0.336205161999259,0.27901093500592833,0.03216416995007032,0.39330430657979243,0.8360183095267985,0.022294503715942326,-4.530612244897959
0.07210796460269832,-2.204081632653061,-23.240628303311357,0.02311575631851781,0.016022621318691366,0.34645095089469047,0.28636272608119134,0.03550932690643949,0.3935774899399289,0.8688586208611968,0.024613189828779802,-4.530612244897959
0.06872698999935403,-2.0408163265306123,-22.31407520991426,0.025981810291890728,0.018009218549667638,0.35769406912554774,0.29477208720692916,0.03997982987862203,0.39385167557955736,0.9056192407404315,0.02771190635963272,-4.530612244897959
0.06478377858720549,-1.8775510204081634,-21.393821674282204,0.02970933179760804,0.020592939571831836,0.37002277748980916,0.3043849098168791,0.04580372817604994,0.3941068148359014,0.9468002684829047,0.031748725044363546,-4.530612244897959
0.06017817614920943,-1.7142857142857142,-20.480942755492006,0.03460742984372889,0.02398804242260666,0.3836078802769608,0.3153997242383813,0.05347583077113294,0.39427271753583837,0.9932787022430452,0.037066621327110916,-4.530612244897959
0.05479853070660501,-1.5510204081632653,-19.576737459530314,0.04111193818709635,0.02849662404174036,0.39867218032529006,0.3280548927804375,0.06370141382298655,0.39422175780337626,1.0462524779788958,0.04415445538908491,-4.530612244897959
0.048524960193894136,-1.3877551020408163,-18.682790641119976,0.04986274726493711,0.03456222268166398,0.4155256769316183,0.34265583096882224,0.07752679975239607,0.39372495336416324,1.1073949621761856,0.05373748266620826,-4.530612244897959
0.04123373689301778,-1.2244897959183674,-17.80107357567492,0.061873868954967826,0.04288769781647095,0.4346438284728693,0.35964898547957364,0.09662197090980884,0.3923616304958364,1.1792288203542354,0.06697324671627847,-4.530612244897959
0.03280351725844336,-1.0612244897959184,-16.93413439222375,0.07887856899024559,0.05467445770219226,0.4568115818257672,0.37980016771359837,0.12385259343002009,0.3893328629397344,1.2659106184332223,0.08584807594105559,-4.530612244897959
0.023126579675718167,-0.8979591836734694,-16.085512334650993,0.10399542038189002,0.07208413242885348,0.4833463154352121,0.40460049614681254,0.164382122157825,0.3830618102393394,1.374224446814734,0.11394100450815614,-4.530612244897959
0.012132326011153511,-0.7346938775510204,-15.260735435062998,0.14308323245343013,0.09917773916049821,0.5163910077459661,0.43719730316373806,0.22790417980143785,0.37022679137130315,1.5165997398502045,0.15797113966719323,-4.530612244897959
9.659215468400817e-5,-0.5714285714285714,-14.469849221015727,0.20635326503809281,0.14303318386049324,0.5585701893416498,0.484034272849839,0.33130583083967213,0.3434726251710719,1.7095397035880142,0.2296437025495881,-4.530612244897959
0.01278689059360861,-0.40816326530612246,-13.733314114965118,0.3030962941618145,0.2100903417364295,0.6080698996111117,0.5539430604414856,0.4899904055977853,0.2876138155687917,1.962412390534796,0.339635468141529,-4.530612244897959
0.023271222270449067,-0.24489795918367346,-13.088315534761412,0.4062910067226695,0.28161946579667974,0.6489133342387308,0.6360665058234997,0.6585666652833564,0.18631147141962523,2.1947824701462393,0.4564836272519237,-4.530612244897959
0.029046795941401297,-0.08163265306122448,-12.566399031115088,0.4537975655935731,0.3145485031361519,0.6733351220759763,0.6804785682127173,0.7310260552157462,0.059841097645716476,2.2829233896552847,0.5067086490886532,-4.530612244897959
0.032607663541230215,0.08163265306122448,-12.151002970914886,0.45956275033212,0.318544624683083,0.6709906258590989,0.6801014424049231,0.7365794211756387,0.055884888482862285,2.2548945921133363,0.5105579490463699,-4.530612244897959
0.03679473064778056,0.24489795918367346,-11.806435000843374,0.4499213047536319,0.31186168386383173,0.656003191836909,0.6597313008260807,0.7210496760854261,0.16034597300966888,2.1678824906828447,0.49979355002227344,-4.530612244897959
0.042275281771478115,0.40816326530612246,-11.512157042951653,0.4257261524673708,0.29509088227339175,0.634579079735223,0.628259395656841,0.6819033586792727,0.26012269403655647,2.0562047202211122,0.4726593904828946,-4.530612244897959
0.048748755548658276,0.5714285714285714,-11.25954911805265,0.38687516004359956,0.26816142641289886,0.6086345684865019,0.5883453086284891,0.6185719122672566,0.35441385949754883,1.9344073237232895,0.42876137696162253,-4.530612244897959
0.055583874649981414,0.7346938775510204,-11.044040866721252,0.33801450497080987,0.23429380110888243,0.5800839081363941,0.5438236658501475,0.5389565793898146,0.43863276703327997,1.807659642333823,0.37357623344828195,-4.530612244897959
0.062156657562567844,0.8979591836734694,-10.86144560867927,0.2862552410354797,0.19841701324424998,0.5539650415993809,0.4995374051516091,0.4549756551961437,0.5092123592619998,1.6840513211784949,0.315365092622621,-4.530612244897959
0.06805819478766402,1.0612244897959184,-10.707151513088796,0.2376301244677026,0.1647126507908967,0.5285563052913768,0.459233785551069,0.37650013404009686,0.5655461423286248,1.5693720922558292,0.2609700063903344,-4.530612244897959
0.07312564483115234,1.2244897959183674,-10.576479806196277,0.19538687117999265,0.13543185887684128,0.5043529288888674,0.4246487518130696,0.3086748767593068,0.609284832584238,1.4651171276054913,0.21395712053540228,-4.530612244897959
0.07736555192197167,1.3877551020408163,-10.465161860026038,0.16035290259429313,0.11114816232783808,0.4821573554407973,0.39594407727990705,0.25267971207825335,0.64291795486071,1.3730118031094656,0.17514423001173984,-4.530612244897959
0.08086687665454073,1.5510204081632653,-10.36957948866003,0.13200230703781957,0.0914970269506723,0.4622171538991364,0.3724872863499201,0.2075416826833223,0.6688400250638715,1.2925026778375526,0.14385693220061135,-4.530612244897959
0.08374389047014191,1.7142857142857142,-10.286792777633508,0.1093023422019388,0.07576261032587217,0.4444722294262692,0.3534030052867666,0.17151807173510436,0.6890007290236884,1.2225596441907676,0.11888726783826531,-4.530612244897959
0.0861077868615889,1.8775510204081634,-10.214462079150898,0.0911673111573692,0.06319236468796152,0.42872562365042827,0.33784353591179805,0.14281797873143853,0.7048742872929891,1.1617121095464134,0.09899387929096681,-4.530612244897959
0.08805554972117931,2.0408163265306123,-10.150739416924084,0.07664102005594886,0.05312350696701906,0.4147382976684284,0.3250853560605894,0.11988270856183414,0.7175414067754812,1.108595565018873,0.08309636143752464,-4.530612244897959
0.08966777907719518,2.204081632653061,-10.094164781985945,0.06494554635654604,0.04501682234696491,0.40227580346643804,0.31454620482612883,0.10145351543480574,0.7277850572498286,1.0620026277781645,0.07032221818153062,-4.530612244897959
0.09100963314002797,2.36734693877551,-10.04357935098572,0.05546231370117072,0.03844354636929759,0.39112439912922803,0.30576575374833787,0.08653637862119457,0.7361784280166862,1.0209007057127049,0.059982446857148375,-4.530612244897959
0.09213246015675938,2.5306122448979593,-9.998056880336676,0.04772101792130723,0.03307768902560482,0.38110164946233344,0.29838953752811037,0.07437697345706029,0.7431362791027102,0.9844594742924342,0.05155418945034285,-4.530612244897959
0.09307793123073171,2.693877551020408,-9.9568504959775,0.041348187573054584,0.028660379637526656,0.3720518205410525,0.29213900856324965,0.06438040072910889,0.7489712598726791,0.9519558309877547,0.04462509324870112,-4.530612244897959
0.09387921771115638,2.857142857142857,-9.919354245563788,0.03607320725707952,0.025004041903999186,0.3638366005518814,0.2868013118307351,0.05611448316472023,0.7539078302962937,0.9227565126948325,0.038895595794203874,-4.530612244897959
0.09456246459328048,3.020408163265306,-9.885069352977023,0.03167126706913992,0.021952849473735547,0.35634963223717336,0.28221363396734855,0.0492241696057345,0.7581299970144537,0.8964342204121216,0.03411959437761958,-4.530612244897959
0.09516188533535,3.183673469387755,-9.853560537767683,0.028016600035094097,0.01941962732320124,0.3495262646904275,0.2782664239880513,0.04350425134636815,0.761742136268112,0.8725612346890648,0.030154849163105624,-4.530612244897959
0.09565017532030241,3.3469387755102042,-9.824558965904288,0.024839900213196042,0.017217706798167143,0.34320245694003765,0.27476221925090283,0.03854399644996542,0.7649301429948797,0.8507794748881459,0.026716662466805374,-4.530612244897959
0.0960848998552778,3.510204081632653,-9.797701711551978,0.02216643741948854,0.015364603600376947,0.33739698346299124,0.27171041731227497,0.03436992776104786,0.7676950867259847,0.8308867541015462,0.023823418523618578,-4.530612244897959
0.09646531213921561,3.673469387755102,-9.77276838797162,0.019883024055773024,0.013781862065264772,0.33203425365445716,0.26902462710153635,0.030806518031883723,0.770126816879479,0.8126609439806255,0.021353451116668865,-4.530612244897959
0.09680573658706101,3.836734693877551,-9.749522194831895,0.017896028446670265,0.01240458166103009,0.3270010774732081,0.26664164608224106,0.02770705953498398,0.7722898743990066,0.7956120913835933,0.01920507019828044,-4.530612244897959
0.09709661098681596,4.0,-9.727868037137803,0.016239080510303427,0.011256072870602818,0.32238593872337984,0.2644895220147148,0.02512406350803431,0.7741946868541703,0.7801953269053493,0.01741467378480266,-4.530612244897959
0.08392528372169572,-4.0,-33.185923833362565,0.06762460768917045,0.046873806156221276,0.28795696416940186,0.2585018402278431,0.10217534256815242,0.3798415342811336,0.7061128016675711,0.07082255062386089,-4.285714285714286
0.088647293697967,-3.836734693877551,-32.22983072937035,0.015159214364851792,0.010507566696500659,0.27651898218436133,0.24257601459047842,0.023047870241410084,0.3915632420188518,0.6555964922653303,0.015975566275745035,-4.285714285714286
0.08821178814404108,-3.673469387755102,-31.271555171248608,0.011185692160349259,0.007753330983557349,0.27315809873637253,0.24376447135762652,0.01700571877453161,0.39242222626854817,0.642989133091463,0.011787466021961457,-4.285714285714286
0.08681246299678712,-3.510204081632653,-30.316466900205324,0.015292733710793982,0.010600115254690845,0.28731128181544274,0.24806602586654844,0.02327357405199626,0.39152493463997945,0.6869305635535013,0.016132012235694493,-4.285714285714286
0.0862200358253568,-3.3469387755102042,-29.361928338655133,0.010027368824982563,0.006950442429471515,0.2851755899335865,0.2495376300502572,0.015247635426892447,0.39264772692173633,0.6765703830570213,0.010568855506356556,-4.285714285714286
0.08458768030431964,-3.183673469387755,-28.410700432838702,0.0140405077987511,0.00973213839433451,0.29868550768939106,0.25443124087809127,0.021382272968545113,0.3918574805979491,0.7192773513232168,0.014821062222110104,-4.285714285714286
0.08290760026059737,-3.020408163265306,-27.461330718147966,0.017519277342750605,0.012143437695575132,0.30755035336852876,0.2593439228269519,0.026727786050145586,0.3913518513179919,0.7479419579521277,0.018526289543267627,-4.285714285714286
0.0812982614510314,-2.857142857142857,-26.514681862318184,0.017690828671143244,0.012262348015172009,0.31484200131719453,0.26378853166393623,0.02701695581638619,0.3915034415092308,0.7698353911712522,0.018726726751439937,-4.285714285714286
0.0794102598895359,-2.693877551020408,-25.571155250545445,0.01844111841232765,0.012782409233877079,0.32300145479756653,0.26893752256976977,0.02819555552398567,0.39161351758258417,0.7948692820937555,0.01954366981577138,-4.285714285714286
0.07720407252048653,-2.5306122448979593,-24.631207770802686,0.019805468967456274,0.013728104974459532,0.33206998833054685,0.2748722771371107,0.030322273986893578,0.3916872638597386,0.8233057771621319,0.021017798722181347,-4.285714285714286
0.07464421842831903,-2.36734693877551,-23.695378493088207,0.02159454319604137,0.014968196731816041,0.3419511382683954,0.28162555688259727,0.033110965911642865,0.3917747721506101,0.854776813508255,0.022950772667271746,-4.285714285714286
0.07168584624973776,-2.204081632653061,-22.764309971381337,0.02370906951804841,0.01643387469013513,0.35265190788255996,0.2892694712262809,0.036413207666617264,0.3919050982514226,0.8893620351374286,0.025239712229259137,-4.285714285714286
0.06824035391590869,-2.0408163265306123,-21.838770927018626,0.026449488973348867,0.01833338870912815,0.36436020780811634,0.2979957321475443,0.04069722646432927,0.39203065361800116,0.9279367146565269,0.028209167780358868,-4.285714285714286
0.06421685264211617,-1.8775510204081634,-20.919683595750012,0.030050764922433526,0.02082960297965486,0.37722847564569667,0.30798741689548803,0.046335585037628135,0.39210533377914975,0.9712624343123466,0.03211738012842735,-4.285714285714286
0.059512008416253745,-1.7142857142857142,-20.00815925119882,0.03482764784766035,0.024140685911140602,0.3914402261470256,0.3194569114258702,0.05383196515684974,0.3920485987065242,1.0202733799341441,0.03731347487247083,-4.285714285714286
0.05401069297496437,-1.5510204081632653,-19.105545116418664,0.041224346798010014,0.02857453975346602,0.40723328878615694,0.3326604054647907,0.0639041389119166,0.39171787189478235,1.0762411829976397,0.04429497371290525,-4.285714285714286
0.04758808140707285,-1.3877551020408163,-18.213492091292068,0.04991424854133042,0.03459792064619127,0.42494696401074045,0.3479338432740492,0.07764948885433087,0.3908558512020849,1.1409809372450281,0.05382252427130041,-4.285714285714286
0.04011541498448153,-1.2244897959183674,-17.33406562159762,0.06196373204701189,0.04294998616535817,0.44509481614581425,0.3657694725918663,0.09681819061010621,0.38899562176156727,1.2172154638063615,0.0671092558483104,-4.285714285714286
0.03146804586552636,-1.0612244897959184,-16.469955549445967,0.07916988678747838,0.054876383811991,0.4685009901668117,0.38700048709682644,0.12437172415076114,0.3852644722117639,1.309310872382887,0.08620790993647942,-4.285714285714286
0.021538670744582065,-0.8979591836734694,-15.624928106888484,0.10472759975647516,0.07259164049801092,0.4965133970191209,0.41322170668967617,0.1655816730496169,0.3779582310498846,1.4244038206440932,0.11477246982674094,-4.285714285714286
0.010271780393180992,-0.7346938775510204,-14.804891794597392,0.14443119913014746,0.1001120784619538,0.5311999091315791,0.4476821472287784,0.2300035883433713,0.36355912583337796,1.5747655396969966,0.15942633877887813,-4.285714285714286
0.002188023350357786,-0.5714285714285714,-14.020490995196631,0.20759783541846355,0.14389585431065566,0.5746543709290753,0.49658628234498503,0.33300072783177415,0.33456532285071494,1.775530035304278,0.23081851562100386,-4.285714285714286
0.01490436939739655,-0.40816326530612246,-13.292628658899602,0.29999091769468667,0.20793785879366244,0.6233389962292962,0.5667594068620924,0.48411047908032634,0.27666838872668376,2.027723691653812,0.3355598136540525,-4.285714285714286
0.02513035289373481,-0.24489795918367346,-12.656425028715457,0.39219369775764257,0.2718479558340896,0.663225227147642,0.6438988883933587,0.6340727169302394,0.17739586437662894,2.244321249048613,0.4395057160101796,-4.285714285714286
0.030738170716153146,-0.08163265306122448,-12.137952501458143,0.433679173532449,0.30060349640158424,0.685089902014978,0.6837398378961984,0.6968187296311341,0.05724266824107049,2.3248011069764,0.4829979378051834,-4.285714285714286
0.034225126855873,0.08163265306122448,-11.720436492016631,0.4402230970219887,0.30513939851815874,0.6821423957258775,0.6830478621283833,0.7040697805752454,0.0540187693524606,2.2959970325500954,0.48802398332319097,-4.285714285714286
0.03826611593233166,0.24489795918367346,-11.37178233951927,0.4329916578550064,0.3001269468481742,0.6670256306147009,0.6634371463572138,0.6925690815072465,0.15606779306559368,2.20908142992606,0.4800523061897386,-4.285714285714286
0.043543447703060165,0.40816326530612246,-11.073071725319592,0.4119408972937699,0.28553567151651094,0.6453571621104839,0.6329102136736703,0.6586661809456622,0.25425632953954486,2.0964527005636797,0.4565526062526719,-4.285714285714286
0.049800076810118714,0.5714285714285714,-10.816038310854525,0.3765718107684082,0.2610196889124752,0.619011336793336,0.593969043032715,0.6011781630488229,0.34760022331535095,1.9730566377080188,0.416704948731498,-4.285714285714286
0.05644013147009437,0.7346938775510204,-10.596222108394967,0.33093048982201134,0.22938353598144867,0.5899662921025826,0.5501836812996994,0.5269736992254064,0.4316027048022047,1.8444911800960941,0.3652703338473353,-4.285714285714286
0.06285684979478764,0.8979591836734694,-10.409555547403755,0.2816656237104236,0.19523573293553875,0.5625556211842123,0.5062071202444882,0.44718079695615254,0.5025851604977628,1.717766895111078,0.30996210861070583,-4.285714285714286
0.06864029178196975,1.0612244897959184,-10.251533983732427,0.23471363927605315,0.16269109730316034,0.5366705843363022,0.4658073748244175,0.37151483517980655,0.5596641507366927,1.6003826211547862,0.2575144605410751,-4.285714285714286
0.07361843949575737,1.2244897959183674,-10.117533240555119,0.19348795717639167,0.13411563198911924,0.5119158520416544,0.4308631262218431,0.3054045225700812,0.6042376718120396,1.4933405218655804,0.21169028374970766,-4.285714285714286
0.07778885769096595,1.3877551020408163,-10.003286354840851,0.15904216266258864,0.11023962663972942,0.4891437714132498,0.4016778976806724,0.25040872755503374,0.6386504933967019,1.3985582117222894,0.17357010349237445,-4.285714285714286
0.08123431238444785,1.5510204081632653,-9.905144412671227,0.13102884865986963,0.09082227702060464,0.4686401752600916,0.3777121174882364,0.2058510069620949,0.6652425046916649,1.3155428472075557,0.14268504509120206,-4.285714285714286
0.08406526205663661,1.7142857142857142,-9.820123699464503,0.1085283262184844,0.0752261033292323,0.4503670879156098,0.35813867087313767,0.1701758124552737,0.6859573969869118,1.2433073658429343,0.1179568846028709,-4.285714285714286
0.0863905167024695,1.8775510204081634,-9.745839283586177,0.0905189103140498,0.06274292747154187,0.43413719958236135,0.34213015301806526,0.1416983761157704,0.702282823208259,1.180448690448269,0.09821782989456862,-4.285714285714286
0.08830557201373222,2.0408163265306123,-9.680401726851747,0.07607894517495017,0.05273390634799102,0.41971377303442453,0.32896913956248774,0.11891747584741941,0.7153172338924364,1.1255622072096956,0.0824273131029436,-4.285714285714286
0.08988986641897004,2.204081632653061,-9.622315131848392,0.06444705648324689,0.04467129549675031,0.40685921763184923,0.3180712130652699,0.1006026565592486,0.7258618889458717,1.0774139995834044,0.06973244775088361,-4.285714285714286
0.09120756837232895,2.36734693877551,-9.57039036987942,0.05501693842697408,0.03813483575369703,0.3953573842839494,0.3089743218229612,0.08577957066936737,0.7345014738710961,1.0349464818242378,0.05945786755911442,-4.285714285714286
0.09230973404981949,2.5306122448979593,-9.52367591205491,0.04731933788555853,0.03279926564133828,0.38502178308387713,0.30131798915542574,0.0736976292299456,0.7416640337590066,0.9973196468961931,0.05108330391468918,-4.285714285714286
0.09323742072955192,2.693877551020408,-9.481404259445304,0.040989035335665225,0.028411434276788272,0.3756894058414987,0.2948212577276158,0.06377442377251885,0.7476681356411243,0.9637545743411966,0.044205062029756714,-4.285714285714286
0.09402223725346213,2.857142857142857,-9.4429505587028,0.035748077679481405,0.02477867925397037,0.36721889381924666,0.28926290352817663,0.055568456886242235,0.7527536246600668,0.9336251129914656,0.03851711921876522,-4.285714285714286
0.09469220035750317,3.020408163265306,-9.407804233629927,0.031373248515915275,0.021746278753813186,0.3595105870528131,0.2844777700382207,0.04872453496438878,0.7570962353479047,0.906474327654185,0.03377327403466035,-4.285714285714286
0.09526475695489538,3.183673469387755,-9.375539844329946,0.027700110767382657,0.019200253679609203,0.3524585392552299,0.2803231331191757,0.04298456520297034,0.7608389844006711,0.8818706478782788,0.029794630178034076,-4.285714285714286
0.09575791846047124,3.3469387755102042,-9.345804428977685,0.0245870102749417,0.01704241685047414,0.3459740604584333,0.27669237126769475,0.03812225399345692,0.7640922367521324,0.8594529247795338,0.026424332872154288,-4.285714285714286
0.09618445301867898,3.510204081632653,-9.31830122227393,0.02195409550466687,0.015217419400803456,0.3400077485309294,0.27351070773071084,0.03401437751766245,0.7669297201276025,0.839008989920414,0.02357696987486957,-4.285714285714286
0.09655482284464115,3.673469387755102,-9.292778705942961,0.019686291950368418,0.013645497761077596,0.3344780737038269,0.27069291807597373,0.03047881964389232,0.7694431158859429,0.8201765763932481,0.02112630790295844,-4.285714285714286
0.09689371436840395,3.836734693877551,-9.269001669372459,0.017738988497055352,0.012295729862719096,0.3293470643985276,0.2682333847924287,0.02744438297601448,0.771650860104238,0.8028374191764015,0.01902299668203078,-4.285714285714286
0.09719201713662924,4.0,-9.24668652045395,0.016087530036903885,0.01115102608725338,0.32413380136255554,0.26583285312596194,0.024873793077350825,0.7736937778063842,0.7857088429463567,0.017241199541397023,-4.285714285714286
0.08948228135422893,-4.0,-32.70691061218205,0.013551778762091793,0.009393377240516365,0.27356738165374217,0.24081310213891377,0.02058006819030256,0.39118345296258383,0.6460631587168391,0.014265016241838957,-4.040816326530612
0.08854303397511636,-3.836734693877551,-31.573090222531892,0.024178600360888147,0.01675932867003538,0.23343581309180403,0.204995655600392,0.036624255673805894,0.00848847801166499,0.5369740117078281,0.02538599956040466,-4.040816326530612
0.08789441733970026,-3.673469387755102,-30.79107006057097,0.012799771352543843,0.008872125424827848,0.28338587149035027,0.24572491556212955,0.019433461824419407,0.3911538106488429,0.6736648086008077,0.013470249272115709,-4.040816326530612
0.08661636406509425,-3.510204081632653,-29.83570619125597,0.016390712030015298,0.011361175830975068,0.29141535037370353,0.24970883323454443,0.024935485681479186,0.39045777345067345,0.6995423722231738,0.017283961596009867,-4.040816326530612
0.08546451109237854,-3.3469387755102042,-28.882236052894143,0.016928595560130155,0.0117340082833437,0.29784649306793354,0.2531593946161488,0.025769863205779675,0.39033082716628753,0.7188197511354055,0.017862308024501505,-4.040816326530612
0.08417891670310898,-3.183673469387755,-27.930945341791674,0.017335154691879406,0.01201581359924675,0.30462458985080637,0.25693989832356995,0.026407753556685787,0.39026043601292565,0.7391903229839327,0.018304459922738214,-4.040816326530612
0.08267911282604076,-3.020408163265306,-26.982118739492925,0.01823813131304508,0.01264170929831887,0.3121586346976438,0.2612929547861856,0.02780821618087037,0.3901332847768552,0.7622934746075396,0.01927518664217187,-4.040816326530612
0.08102317512669241,-2.857142857142857,-26.03609111259112,0.01863948339056254,0.012919905359262573,0.3198959111029654,0.26598080568553284,0.028448525928733037,0.3901505448697932,0.7858805256239116,0.019719015538587126,-4.040816326530612
0.07906625921717378,-2.693877551020408,-25.093256489159774,0.019756494156741855,0.013694158222494535,0.3286188721163551,0.27145011953826226,0.030189777666926876,0.3900818657666078,0.8131353696290524,0.02092595927156138,-4.040816326530612
0.07664487588287623,-2.5306122448979593,-24.154060352842357,0.023190080419192682,0.016074138859521803,0.339181314209585,0.2782462157265189,0.03548014253719822,0.38961472679779047,0.8477472171510632,0.024592960765523753,-4.040816326530612
0.07422830611287487,-2.36734693877551,-23.219120316806183,0.022551724163201836,0.01563166402048899,0.34820590466041507,0.28456639604372835,0.03456103415255152,0.39004614014832234,0.8754063926028408,0.023955883380076592,-4.040816326530612
0.07121669894118181,-2.204081632653061,-22.289035633055327,0.02449116634646309,0.016975982901675346,0.35931649882369665,0.2924938439718178,0.03759850475412474,0.39004654321897875,0.9115150905188527,0.02606129756359099,-4.040816326530612
0.06769527843368847,-2.0408163265306123,-21.36462020816774,0.027147917138108824,0.018817502222355342,0.37156208515164335,0.30159092680592986,0.04175938723935779,0.3899927756741134,0.9522074847315031,0.028945401526871972,-4.040816326530612
0.06358093352254027,-1.8775510204081634,-20.44682772861115,0.030626946164410196,0.021228981383022205,0.38502913737496613,0.31201318470018324,0.04721711726310085,0.3898591470360982,0.9979296000404663,0.03272841170508611,-4.040816326530612
0.05876583174891956,-1.7142857142857142,-19.536810599476535,0.03525486101035069,0.024436807510357594,0.39992065988341874,0.32399098870843346,0.054493557001752624,0.389552361546018,1.0496997369123298,0.037772055394446724,-4.040816326530612
0.05312667670548071,-1.5510204081632653,-18.63597084746532,0.04154117391936207,0.028794147579356055,0.41652185463666064,0.3378174458487038,0.06440707504035048,0.38889896120212253,1.1090119710444657,0.044643582472332355,-4.040816326530612
0.046535892849338956,-1.3877551020408163,-17.746034414839734,0.0501552991938472,0.03476500422635587,0.43518205571427016,0.35385086427946383,0.07804784729418968,0.3876189141731461,1.1777383906839312,0.054098645300740156,-4.040816326530612
0.03885911701249734,-1.2244897959183674,-16.86917347075635,0.06221815345982584,0.04312633765032459,0.45645423334091384,0.3726331402405137,0.09724824177179547,0.3851934927394369,1.2588293269896114,0.0674073445985317,-4.040816326530612
0.029968563602720034,-1.0612244897959184,-16.008237302914633,0.0795856593124169,0.05516457536540642,0.4811976315540554,0.3950667180170802,0.12505556695537834,0.38066921015416033,1.3568103700009266,0.08668191364844535,-4.040816326530612
0.01975969688406309,-0.8979591836734694,-15.167243362945666,0.10549566766263574,0.07312402460164513,0.5107684106321246,0.4228401948120039,0.16679282391660788,0.37221032573736135,1.4791877287533948,0.11561197563542747,-4.040816326530612
0.008199180095445449,-0.7346938775510204,-14.352506108685393,0.14557254647566253,0.10090320015653709,0.5470930753593733,0.45925107376459257,0.2317035246858241,0.35611704676002914,1.6376992639531822,0.16060464486178017,-4.040816326530612
0.004490221535566908,-0.5714285714285714,-13.575251735779595,0.2079791621431153,0.14416016985472013,0.5915787643857869,0.510073397510295,0.3332078385476218,0.3248421336108801,1.845560385448092,0.23096207382975775,-4.040816326530612
0.017197035188979436,-0.40816326530612246,-12.85659704529407,0.2949053762429248,0.20441283007475297,0.6388800930613653,0.5798420472271811,0.47493559070900115,0.26524510959237374,2.0946120224312628,0.3292002656475157,-4.040816326530612
0.02714156779342099,-0.24489795918367346,-12.229130827956219,0.37611363304651624,0.2607021043163502,0.6777746800627207,0.6515740303036919,0.6063971182945451,0.1685606062346631,2.2941396922126946,0.42032245284553893,-4.040816326530612
0.03258024610827432,-0.08163265306122448,-11.71375357931221,0.41224664902351327,0.28574760246593334,0.697094566819242,0.6870865342299972,0.6606015249428392,0.05468124474732885,2.367771755088614,0.45789408448772795,-4.040816326530612
0.03598401983667558,0.08163265306122448,-11.293894492855795,0.4196330240879229,0.29086744751638727,0.6935699374660954,0.6861001605022587,0.6696234380583217,0.0521323713641124,2.3383380678882917,0.4641475981269827,-4.040816326530612
0.03986612579160992,0.24489795918367346,-10.940905292231218,0.4148408121385141,0.2875457393150087,0.6783837396645337,0.6672555237393005,0.6621761665630026,0.15166713342977195,2.2517410167571104,0.45898554288713767,-4.040816326530612
0.044923532253001996,0.40816326530612246,-10.637466586571346,0.3970116756084483,0.2751875235973753,0.6565043478559731,0.6376949669070098,0.6336168416173527,0.2481683861499672,2.1383727764103986,0.4391897273223653,-4.040816326530612
0.05094459969953098,0.5714285714285714,-10.375695826426776,0.365254557552833,0.253175166754416,0.6297738906506092,0.5997565476454672,0.5821596194520566,0.34047735491117015,2.013287149249088,0.4035222988590439,-4.040816326530612
0.05737116136455737,0.7346938775510204,-10.151258034245968,0.3230130222959313,0.2238955656885715,0.6002359379247431,0.5567476648860342,0.5136432811910256,0.4241938933806077,1.882818870614523,0.3560303921711183,-4.040816326530612
0.06361576443980557,0.8979591836734694,-9.96021273714324,0.2764439973879469,0.19161637737217618,0.571438486117366,0.5131184673890224,0.4383575723543198,0.4955448783837889,1.7530215671797666,0.3038463153544986,-4.040816326530612
0.06926852352596491,1.0612244897959184,-9.798171528986286,0.23134802931917697,0.16035823425068707,0.5450739690401801,0.47264186308373973,0.3657947617027215,0.5533741900105875,1.6327229719985998,0.25354960773783874,-4.040816326530612
0.07414808193246566,1.2244897959183674,-9.660573352942475,0.1912821555718156,0.13258668682603303,0.5197558920235045,0.4373355807231197,0.30162919440399527,0.5988154501414236,1.5227974201966963,0.20907342567569653,-4.040816326530612
0.0782422482916051,1.3877551020408163,-9.543157906663033,0.15752503507376092,0.10918803392898391,0.4963888544286332,0.40765111883445576,0.2477958605327295,0.6340533538667825,1.4252298169318665,0.17175900208268624,-4.040816326530612
0.08162680908866668,1.5510204081632653,-9.442246598736103,0.12991665935367758,0.09005136613876852,0.47530009352790226,0.3831499334211859,0.20392870787369022,0.6613622777050565,1.3395922363131283,0.14135260889788048,-4.040816326530612
0.08440783734441579,1.7142857142857142,-9.354810265591098,0.10766047694265701,0.07462455605054141,0.4564762943844442,0.3630590977471038,0.16867544212625463,0.6826743944986914,1.2649484603592946,0.1169169071395153,-4.040816326530612
0.08669142367740032,1.8775510204081634,-9.278415731505714,0.08980665549492794,0.062249230051827587,0.43974133171553736,0.34657467995245195,0.14046993777153505,0.6994889136316329,1.1999744482261885,0.09736634131977029,-4.040816326530612
0.08857129238362224,2.0408163265306123,-9.211128766077135,0.07547330644987138,0.05231410957326488,0.42486125451200746,0.3329865277221836,0.11787695193343195,0.7129221512480852,1.1432225249746597,0.08170607688565878,-4.040816326530612
0.09012559789379451,2.204081632653061,-9.15141436630199,0.06391975158443497,0.04430579559284342,0.4115975084129101,0.3217098950116659,0.09970070094319361,0.7237927488401441,1.093440064790278,0.0691072597586242,-4.040816326530612
0.09141758706352612,2.36734693877551,-9.098050263622177,0.054552105016090646,0.03781263778551347,0.3997301128247087,0.3122787070426611,0.08498775897911726,0.7327002076630995,1.049541560405406,0.058909025518482316,-4.040816326530612
0.09249816959924714,2.5306122448979593,-9.05005715502347,0.04690541337053,0.03251235503078176,0.3890670788626821,0.3043275776781556,0.0729950394572243,0.7400844680345625,1.0106636950757357,0.05059630579463681,-4.040816326530612
0.09340591637959283,2.693877551020408,-9.0066444925859,0.04061824548676496,0.028154422338442897,0.3794390497782452,0.2975690853632401,0.06314701855020655,0.7462764972982052,0.975980364251177,0.04377017786884174,-4.040816326530612
0.09417546266887601,2.857142857142857,-8.967168924840642,0.03541342891786714,0.02454671840837963,0.3707152207873147,0.2917846881901271,0.055004029350950834,0.7515142238672168,0.9449105383228714,0.03812588786404758,-4.040816326530612
0.09482857807834645,3.020408163265306,-8.931102244506318,0.0310681004563218,0.021534766236652514,0.36277120289126663,0.28679280542631075,0.04821142221781294,0.7559915985401866,0.9168956085859743,0.03341761138106225,-4.040816326530612
0.0953905037577894,3.183673469387755,-8.89800569231349,0.027433092122645775,0.01901517045885326,0.35550304520692255,0.28245954904934817,0.042535563832801326,0.759846653481686,0.8915249297508588,0.029483406144233726,-4.040816326530612
0.09587023000644754,3.3469387755102042,-8.867519220238787,0.0243466249298816,0.016875794426298052,0.3488247410619968,0.2786626758730449,0.037718893409337984,0.7632022680526525,0.8684023850349119,0.026144744620523408,-4.040816326530612
0.09629395839228337,3.510204081632653,-8.839320385868472,0.021715758044443145,0.015052216462227541,0.3427191129268188,0.2753678768076786,0.033617204273680645,0.7661133589182179,0.8474357340846881,0.02330167036060926,-4.040816326530612
0.09664538013501665,3.673469387755102,-8.813149686643698,0.01950072267731251,0.013516870942660297,0.3369554286711271,0.2724103878258889,0.030161276564431905,0.768707758575915,0.8278695411041235,0.020906203812724122,-4.040816326530612
0.09697443682640605,3.836734693877551,-8.788792658078288,0.01754112366331828,0.012158580411082642,0.3315684628678369,0.2698078405468559,0.027116482588350532,0.7710354470697729,0.8097643723715914,0.01879571345281761,-4.040816326530612
0.0972502083597385,4.0,-8.765945481061785,0.01581951528879655,0.010965252420254146,0.3264542387568209,0.2675465978672762,0.024437888388119333,0.7731004636818699,0.7927395926094792,0.016939053435062856,-4.040816326530612
0.08453087867772452,-4.0,-32.22316958511439,0.059937678648315895,0.04154563296438818,0.29261657750356973,0.257928718420867,0.09059015289776795,0.3800465119525722,0.7183717359569112,0.06279230906758215,-3.795918367346939
0.08848757595414872,-3.836734693877551,-31.264853370462642,0.01922350097360015,0.013324715500341977,0.27598026862057207,0.24501457599754106,0.02937298338556138,0.3899322611154656,0.65858968736054,0.020359800618335644,-3.795918367346939
0.08743658332390206,-3.673469387755102,-30.310477036071628,0.017153747069444947,0.01189007141722409,0.28956163546891406,0.24828454780505732,0.02607848443212868,0.38949384570651924,0.6944162585362291,0.018076227957406044,-3.795918367346939
0.08637961108029273,-3.510204081632653,-29.35554342757348,0.01786026654559114,0.012379793400125516,0.2959143996493917,0.25157948881808856,0.027164750965075868,0.389244434357746,0.7135463343186426,0.018829170542054463,-3.795918367346939
0.08522893735655121,-3.3469387755102042,-28.402587903786227,0.018197257614902096,0.012613377809692405,0.3024587888676135,0.2551000131110951,0.027690820838177643,0.3890836559406154,0.7331754732196101,0.019193814391373465,-3.795918367346939
0.08390269130746737,-3.183673469387755,-27.451860962381176,0.018800528290483065,0.013031533177585652,0.30961227106108136,0.25909265744975685,0.02862748463967124,0.3888937610385198,0.754957218133148,0.019843060264510992,-3.795918367346939
0.0824101955968638,-3.020408163265306,-26.503654889232262,0.019303195120425,0.01337995527352076,0.3172030215483631,0.26350060553153287,0.029415367502391376,0.3887513808864347,0.7781738188899752,0.02038917904941684,-3.795918367346939
0.08067986652711437,-2.857142857142857,-25.558313380190107,0.020156377519624513,0.01397133624802982,0.32554360518767667,0.26852965388717775,0.030745377230716908,0.38857496447759793,0.8041115037569142,0.021311071542722715,-3.795918367346939
0.07870085710134567,-2.693877551020408,-24.61624167273624,0.02108007893220032,0.014611597277835786,0.33451953715673444,0.2741704786340908,0.032190886618996384,0.38842608936789025,0.8322874402656111,0.022313022299681684,-3.795918367346939
0.07641103077045192,-2.5306122448979593,-23.677920312813463,0.022289163320629246,0.015449670712734287,0.3443075219018357,0.28057741714245504,0.03408263226797237,0.3882693052637616,0.8634492233980868,0.023624280462605896,-3.795918367346939
0.07377488202455759,-2.36734693877551,-22.74392132229433,0.023620965700579255,0.016372805777459698,0.3548598653429382,0.2877969934783059,0.03617537196686227,0.388147986897177,0.897405518325996,0.025074857084537605,-3.795918367346939
0.07068234802535366,-2.204081632653061,-21.814928613050338,0.025620691309731658,0.017758909945337464,0.3665676249660248,0.29612142245381046,0.03930766096520788,0.38794654490636094,0.9358537454260432,0.027245994372439686,-3.795918367346939
0.06708161650833762,-2.0408163265306123,-20.891762799950108,0.028124897048399156,0.01949469309263674,0.3793609978550521,0.30561534501982146,0.04323835184029612,0.38770426059114077,0.9786768849147527,0.029970541670160333,-3.795918367346939
0.0628659973699338,-1.8775510204081634,-19.97541348985723,0.03146422590788145,0.021809339476549283,0.3934792902875494,0.3165206449257342,0.048486878494832464,0.38733577860530477,1.0270190607358924,0.03360854312284545,-3.795918367346939
0.05792351151693169,-1.7142857142857142,-19.06707996071698,0.03596950498425322,0.024932160965972283,0.40913995116405844,0.32908544775508614,0.05558193904422337,0.386733264202911,1.0819414553647544,0.038526464338557886,-3.795918367346939
0.052129767439896134,-1.5510204081632653,-18.168226726532538,0.042111845945460136,0.029189707285270483,0.4266206403689943,0.34361168280047744,0.06528243297255587,0.3857147491279756,1.1449152668983797,0.045250334355020794,-3.795918367346939
0.04534876795239645,-1.3877551020408163,-17.280665188373924,0.05062611889171231,0.03509135157248333,0.4463189894104263,0.36050338918382785,0.07877833366307918,0.3839567039619408,1.2180517467698204,0.05460497986777346,-3.795918367346939
0.037441752236748185,-1.2244897959183674,-16.40668851233348,0.06266361070046855,0.04343510508073578,0.4688142716090764,0.38034799219860005,0.09794557072107413,0.3808886549251305,1.3044727887792038,0.06789069619364696,-3.795918367346939
0.028278445274127095,-1.0612244897959184,-15.549324907985607,0.08012793721282163,0.05554045376315164,0.4949917599649997,0.40411549401371005,0.12589734516952245,0.3754701314396514,1.4088320846555211,0.08726538984423593,-3.795918367346939
0.01776060798320156,-0.8979591836734694,-14.712867612412333,0.10625324148258475,0.07364913475900847,0.5261830646362309,0.43356860888650306,0.16793014004004325,0.3657336447304729,1.5390225831414979,0.11640030309979288,-3.795918367346939
0.005886446188463801,-0.7346938775510204,-13.904055890364324,0.14636583306893058,0.10145306452203684,0.5640882371758404,0.4719764791578454,0.2327664670830778,0.3478244661234281,1.705707392781685,0.16134142038753474,-3.795918367346939
0.007024608912931027,-0.5714285714285714,-13.134650820695281,0.20721982347523982,0.1436338363979921,0.6092611018149209,0.5244589214848123,0.3314790570918551,0.31428088185993397,1.9193848026061957,0.22976377383788815,-3.795918367346939
0.01967978866592295,-0.40816326530612246,-12.425693850621542,0.2875950139022865,0.19934567302946804,0.6545583324621304,0.5930652355231949,0.4620959602838446,0.2534097480930372,2.1625211359654597,0.32030051201888643,-3.795918367346939
0.029321281377284382,-0.24489795918367346,-11.806816237523934,0.3580323242057144,0.24816909607251536,0.6924976861682781,0.6590619140271751,0.5755529372054693,0.1598385389844049,2.345509126346978,0.39894289568696584,-3.795918367346939
0.03458871995836486,-0.08163265306122448,-11.294155895443009,0.38946947735178616,0.269959670140546,0.7093033633712961,0.6905046298862215,0.6223541357851077,0.05215754757412929,2.411783856682135,0.4313830145292683,-3.795918367346939
0.03789892183889085,0.08163265306122448,-10.871714876399937,0.3977494858467052,0.2756989346838117,0.7052347753699452,0.6892466564406817,0.6331958122884447,0.05022635536479285,2.3818932336496603,0.43889789203009943,-3.795918367346939
0.04160818777377448,0.24489795918367346,-10.51412620382516,0.3954143793695617,0.27408036221287246,0.6900500563408964,0.6711773526489883,0.6298043857819562,0.14714108588436325,2.2960470472144427,0.43654713430905057,-3.795918367346939
0.04642756928587226,0.40816326530612246,-10.205643699679488,0.38087647306088757,0.2640034534437701,0.6680039864680625,0.6426090700465428,0.6066726962166231,0.24184849922053958,2.181747176787239,0.42051346890525254,-3.795918367346939
0.0521927186492672,0.5714285714285714,-9.938799413326535,0.35285883892532244,0.24458310933674343,0.6409166870473569,0.6057083932864351,0.5614253141625123,0.33302746932956795,2.055039802202829,0.38915037360672633,-3.795918367346939
0.05838561612222899,0.7346938775510204,-9.709400183115468,0.3142007422896276,0.21778735864789756,0.6108964504250303,0.5635218284362236,0.49887534359752594,0.4163814260785884,1.9226562738903712,0.3457940378654989,-3.795918367346939
0.06444036320879523,0.8979591836734694,-9.513641895410341,0.27053820882667967,0.1875227966819506,0.5806145212751319,0.5202839488789055,0.4284274939116184,0.4880605788438202,1.7900147023764437,0.29696330947920124,-3.795918367346939
0.06994837792032718,1.0612244897959184,-9.347262320984298,0.22749393140917507,0.15768677715076707,0.5537730533734708,0.4797553655572928,0.3592797291364134,0.5466421041965599,1.6664460555304748,0.2490337312832449,-3.795918367346939
0.07471889118367173,1.2244897959183674,-9.205773010762037,0.1887427551219889,0.13082650856392264,0.5278833752384497,0.44408767401606897,0.29730761751937207,0.5929841370437225,1.5535502617406316,0.2060779368425476,-3.795918367346939
0.07872916410373607,1.3877551020408163,-9.08492617364493,0.15578498922921025,0.10798192605778856,0.5039048906335292,0.413886297138649,0.24481533490051843,0.6290950774050235,1.4530925670150547,0.1696930591441328,-3.795918367346939
0.08204715511046809,1.5510204081632653,-8.981015086510064,0.1286564426891248,0.08917785051083915,0.4822098154726061,0.3888224736008211,0.20176012497888562,0.6571716388584203,1.3647153144177022,0.13984946177853663,-3.795918367346939
0.08477391834861449,1.7142857142857142,-8.890963605904547,0.10669415788737702,0.07395475472185287,0.4628125241531855,0.36818410704190274,0.167009462641162,0.6791281044383307,1.2875533550746125,0.11576213815655256,-3.795918367346939
0.08701240542364008,1.8775510204081634,-8.812287211743769,0.08902878178744267,0.061710049084652496,0.44555015378769924,0.3511948869989608,0.13912965985723513,0.6964725606393264,1.2203436676009922,0.09643733146230593,-3.795918367346939
0.08885429629717931,2.0408163265306123,-8.743003282698742,0.07482386159723653,0.05186394870473232,0.430192672609712,0.33715347792772665,0.11676048782927406,0.7103390699968224,1.161627953899162,0.08093220293966485,-3.795918367346939
0.09037630352668988,2.204081632653061,-8.681534201324622,0.06336365989666737,0.043920342207334206,0.41650053147409233,0.325475059241027,0.0987476261625182,0.7215644308435762,1.1101231908539582,0.06844663866153589,-3.795918367346939
0.09164067990800019,2.36734693877551,-8.62662139390406,0.05406799485286928,0.03747707819079604,0.40425002893737016,0.3156899107847491,0.08416081736016734,0.730763679843656,1.0647153615608704,0.058335833266820014,-3.795918367346939
0.09269702097659085,2.5306122448979593,-8.577255154804908,0.04647964652874448,0.032217235944822065,0.3932438594703995,0.30742674459013325,0.07227000033230313,0.7383907052264698,1.0245199944608254,0.05009374696940183,-3.795918367346939
0.09358483945876281,2.693877551020408,-8.532619562269637,0.04024034720543623,0.027892483210201657,0.3833122193318653,0.30039469397982,0.06250539270945454,0.7447831084086113,0.9886878511548172,0.043325436726350475,-3.795918367346939
0.09433745861149895,2.857142857142857,-8.492049826048433,0.03508361910363744,0.02431811166552511,0.37430515129723335,0.29436287984677645,0.0544436417780223,0.7501943084003093,0.9565550337083386,0.037737456797851454,-3.795918367346939
0.09497456476455896,3.020408163265306,-8.455000786508084,0.03077385356325868,0.02133080983233726,0.36611691586741835,0.2891599196265406,0.04771303434341423,0.7548146148739189,0.9276477431269139,0.03307215523109752,-3.795918367346939
0.09552126799142949,3.183673469387755,-8.421019796126513,0.02715774957480166,0.018824317548126857,0.3586239928206665,0.2846311506390432,0.04207073703595787,0.7587976906007912,0.9014460145484038,0.029161212760552502,-3.795918367346939
0.09599086643002332,3.3469387755102042,-8.38973024496038,0.024108607120532533,0.01671081305282418,0.3517545369087736,0.2806737645365766,0.03731672477154646,0.7622505241084763,0.8776647940994876,0.02586598256312822,-3.795918367346939
0.0963956918480244,3.510204081632653,-8.360810751124044,0.021524708717667096,0.014919791160025175,0.34545153746463575,0.27720286326739696,0.03328968444306746,0.7652620844027086,0.8560232076871308,0.023074650913442518,-3.795918367346939
0.0967508042617532,3.673469387755102,-8.334001186112733,0.019293645634542944,0.013373336074306463,0.339583468764137,0.2741082211828882,0.029817795217501608,0.7679231060649586,0.8360417052317106,0.02066812068552437,-3.795918367346939
0.09700688655921033,3.836734693877551,-8.307269548964959,0.017225827279242267,0.011940033611419265,0.33174277499592325,0.2707572926486731,0.026581909524410197,0.7703153348705973,0.8119212714962426,0.018425175640744307,-3.795918367346939
0.09732910163872528,4.0,-8.285408896643718,0.01577978158668536,0.01093771111666264,0.3277796925363201,0.26719976700882964,0.02434526434380757,0.7723125855510713,0.7973999553692327,0.01687485133989597,-3.795918367346939
0.08871546952913563,-4.0,-31.744501109509457,0.020648476575848118,0.014312433321407081,0.28392915050489903,0.2452558955144807,0.03138562717108728,0.3882679079773488,0.6795422606994413,0.021754858983745073,-3.5510204081632653
0.08795121455403604,-3.836734693877551,-30.786666213544418,0.020318584036593368,0.014083769237935195,0.289137404157145,0.24776888650428566,0.03088617575223296,0.3881374178837066,0.6946483193311623,0.021408665640938906,-3.5510204081632653
0.08764323250410676,-3.673469387755102,-29.830315525265178,0.013709854729280213,0.00950294715148714,0.29054841388283487,0.24869791464060187,0.020776603623032575,0.3891873901450885,0.6945435294150439,0.014401244222916443,-3.5510204081632653
0.08613048043525269,-3.510204081632653,-28.876039297800666,0.019390181687549468,0.013440249767270096,0.3006356055147316,0.2535979639203081,0.029487975056270432,0.38793426205267095,0.7282410259076454,0.020439506770674853,-3.5510204081632653
0.08491525771205141,-3.3469387755102042,-27.92364918212548,0.020205987685778304,0.014005723394826308,0.30769805931539096,0.25741263461493524,0.030741984724241167,0.38759958623452884,0.7498514558959718,0.021308720036424145,-3.5510204081632653
0.0835880684060537,-3.183673469387755,-26.973543258357044,0.02054363112662827,0.014239759993885714,0.31498463417961736,0.2614945617226908,0.03127092818208643,0.38736933539170026,0.7720575088904541,0.02167535570290502,-3.5510204081632653
0.08229584566785032,-3.020408163265306,-26.025988262812916,0.018364902013441764,0.012729580051876965,0.321356135423713,0.2653082908737467,0.027954477465244487,0.3876407177274435,0.7899956283651453,0.01937656723906045,-3.5510204081632653
0.08030230167187426,-2.857142857142857,-25.081438317681574,0.02187010510574483,0.015159201692596547,0.33156250165008877,0.27133930602836676,0.033339953699481395,0.3868369068122751,0.8236180519517472,0.02310949490679448,-3.5510204081632653
0.07829105714093593,-2.693877551020408,-24.140211571134763,0.02266173510870173,0.015707917797192605,0.34086685663696387,0.277198040967573,0.03458219842945942,0.38658195257014605,0.8530091417016564,0.023970553338944267,-3.5510204081632653
0.07595347637762978,-2.5306122448979593,-23.20283756015479,0.023794854348485828,0.016493336203487363,0.35106706974457447,0.2838843756931556,0.03635737741384881,0.386287795056735,0.8857388644614143,0.0252010136469627,-3.5510204081632653
0.07324179560733893,-2.36734693877551,-22.26990804085866,0.02520820865968032,0.017472998759424208,0.36219789302948063,0.2914888859325561,0.038575028234104636,0.3859685448407683,0.9219741790961559,0.026738172060489784,-3.5510204081632653
0.07008218524719124,-2.204081632653061,-21.342131688107948,0.027030268975046123,0.01873595472983003,0.37439661557797055,0.3001754639897305,0.041436723154538946,0.3855963773531631,0.9623307595654965,0.02872174782621162,-3.5510204081632653
0.06638695847278561,-2.0408163265306123,-20.42036103733447,0.029435585438120082,0.020403193054564506,0.3878264211463268,0.3101372985937266,0.045217534373438006,0.3851250511327392,1.0076283671559583,0.03134240646282027,-3.5510204081632653
0.062055390625802176,-1.8775510204081634,-19.505626613242587,0.03264610783706168,0.02262855760351523,0.4026703236810436,0.3215953795973207,0.05027133960356167,0.3844834486788084,1.0589122076882607,0.034845437309180216,-3.5510204081632653
0.05697032325503034,-1.7142857142857142,-18.599181332606573,0.036997266229889636,0.025644550775673736,0.4191645768077867,0.33481880464994235,0.05713369093567344,0.383547855253212,1.1172722216013171,0.03960205678704476,-3.5510204081632653
0.05100021913228577,-1.5510204081632653,-17.702561167319327,0.04298647007394729,0.029795950533981097,0.43761763207074394,0.3501412575933104,0.06660335789644956,0.38210798883474,1.184329141508,0.04616592974174871,-3.5510204081632653
0.04400332669824899,-1.3877551020408163,-16.817674966824377,0.05136782185844879,0.035605460892689234,0.4584512087815872,0.3680017285850304,0.07989840419964622,0.37980350973687427,1.2623376374670239,0.05538135360222318,-3.5510204081632653
0.03583573699799888,-1.2244897959183674,-15.946952942034308,0.06332636379009626,0.043894490516218854,0.4822712230788607,0.3890361703339712,0.09894243653745605,0.37600471658810936,1.3545887090902926,0.06858167092366863,-3.5510204081632653
0.02636632530494345,-1.0612244897959184,-15.093623068516738,0.08078980852339157,0.05599922799596668,0.5099710690487631,0.4142736690082893,0.12687506724601816,0.3695810659411151,1.4658580801483014,0.0879430951449307,-3.5510204081632653
0.015508045443843321,-0.8979591836734694,-14.262277593627456,0.10693001405480418,0.0741182377593228,0.5428134552824552,0.445518950074713,0.1688696507192371,0.35843828121348803,1.6041751132082274,0.11705152227818161,-3.5510204081632653
0.003302765289039694,-0.7346938775510204,-13.460087794013196,0.14662782569127497,0.10163466396954246,0.5821670528071862,0.48590801066161154,0.23289003623921456,0.33861052145067005,1.779168154156374,0.1614270719997144,-3.5510204081632653
0.009813312608383511,-0.5714285714285714,-12.699263248355784,0.20501029419330852,0.14210230740585672,0.6275696470553049,0.5396615836696113,0.32732222214770124,0.3028814329507026,1.9965500069328395,0.22688247541629503,-3.5510204081632653
0.022368570092586464,-0.40816326530612246,-12.00042343553403,0.2778534925231626,0.19259336495116397,0.670214283676005,0.6062848639062273,0.44529444637539983,0.24124449862666256,2.2307786891060206,0.3086545900241098,-3.5510204081632653
0.03168740824806551,-0.24489795918367346,-11.389889020459647,0.33796378499362545,0.23425864469969881,0.7073160717493774,0.6663299969176669,0.5416096992518948,0.15126040979436056,2.398162387546193,0.3754152360003711,-3.5510204081632653
0.03678061085867557,-0.08163265306122448,-10.87953934211073,0.3653354343951438,0.2532312263096368,0.7216566428298885,0.6939740432189441,0.5820882685286022,0.04967237695709241,2.456705181231861,0.4034728421676208,-3.5510204081632653
0.03998568320409491,0.08163265306122448,-10.4542622106405,0.3745437443771511,0.25961394041138686,0.7170858350036119,0.6924703560556182,0.5947681354217464,0.04830164524699114,2.4263316870261304,0.4122618561544793,-3.5510204081632653
0.04350699898290906,0.24489795918367346,-10.091794464774289,0.37466810356380664,0.2597001396309946,0.7019858035452071,0.6751888016304834,0.595406279901852,0.14248754913580336,2.3413983697969276,0.4127041842016541,-3.5510204081632653
0.04806886167381507,0.40816326530612246,-9.777932139304143,0.363479013270664,0.25194445324127135,0.6798298476217335,0.647643804743363,0.5777628824109127,0.23528699455781799,2.226614267995543,0.4004747129753108,-3.5510204081632653
0.053556042572365015,0.5714285714285714,-9.50565300047995,0.33932196314159135,0.23520006205365984,0.6524268124552343,0.6118218347485957,0.5388894935906925,0.32523290330636345,2.098423565189216,0.373529733115765,-3.5510204081632653
0.0594932493308384,0.7346938775510204,-9.270924802144773,0.3044312580580759,0.21101566819727213,0.6219462812186625,0.5705099931620259,0.48257999505886584,0.4081397200430965,1.9639960040080946,0.3344989629696844,-3.5510204081632653
0.06533855560527031,0.8979591836734694,-9.070090530108176,0.26389345473626413,0.18291700411866496,0.5903632872254752,0.5277147694632527,0.41730907752319846,0.4800996859246752,1.828818229348395,0.2892566105072758,-3.5510204081632653
0.0706861214363467,1.0612244897959184,-8.89902510239712,0.22310902519529163,0.15464739177159403,0.5627718298664691,0.4871659065515373,0.35190564946175584,0.5394311994523411,1.7016072307707018,0.24392240874753135,-3.5510204081632653
0.07533580802115522,1.2244897959183674,-8.753323274043868,0.18584064609147521,0.12881491987174432,0.5363072455179249,0.4511419311244872,0.29239520573623956,0.5867066150700202,1.5857274179390886,0.2026729124653186,-3.5510204081632653
0.07925353845653191,1.3877551020408163,-8.628756632616113,0.15380393323511488,0.10660876268094976,0.5117036498069628,0.42040765299307054,0.24143919268168812,0.6237409916029495,1.4822130587484033,0.16735289568398093,-3.5510204081632653
0.08249853163698619,1.5510204081632653,-8.521592502129423,0.12723806289202466,0.08819470455351586,0.4893822964946834,0.39475346618761487,0.19932944052257762,0.6526398507851938,1.3909789916494733,0.1381646397008156,-3.5510204081632653
0.08516611337092453,1.7142857142857142,-8.4287064300152,0.10562456146878851,0.0732133669799715,0.46938883319855984,0.3735357676765698,0.16517027073758817,0.6752920139863304,1.3111931376109462,0.11448730747408131,-3.5510204081632653
0.08735567388019129,1.8775510204081634,-8.347559343564695,0.08818399996668713,0.06112449094740735,0.4515762113262701,0.3560105142953921,0.1376753702557818,0.6932112659835816,1.241614813245709,0.09542929472534123,-3.5510204081632653
0.08915640297853257,2.0408163265306123,-8.276116360514365,0.07413120320148936,0.051383834490629,0.4357194158238522,0.34148704098358046,0.11556881973224886,0.707549384814721,1.1808296233753004,0.08010620155804826,-3.5510204081632653
0.09064354692520765,2.204081632653061,-8.212753406968188,0.0627804172601234,0.04351606921823126,0.42157847880511884,0.32938172867323284,0.09774587436308702,0.7191612193909174,1.1275080703224833,0.0677522772261403,-3.5510204081632653
0.09187801278022775,2.36734693877551,-8.156172115925076,0.05356716937155248,0.03712993242046858,0.40892690162848433,0.3192205383852625,0.08330241674477268,0.7286789600336444,1.080509067530257,0.05774083530046825,-3.5510204081632653
0.09290900212250912,2.5306122448979593,-8.105329311280197,0.04604514772051749,0.03191606432094285,0.39756192719707684,0.31062785967111906,0.07152685643405876,0.7365691601949532,1.0389257589014478,0.04957863887158309,-3.5510204081632653
0.09377509907440207,2.693877551020408,-8.059381129276332,0.039862374642325005,0.02763049259375161,0.387309788529562,0.30330642571225497,0.061859546791103615,0.7431805708499989,1.0018706878004204,0.04287777044896934,-3.5510204081632653
0.09450663303895493,2.857142857142857,-8.017639720977597,0.034743088489377794,0.024082073830356876,0.37802069912897707,0.29702149871419187,0.05386413435939552,0.7487767543039116,0.9686785822849304,0.0373357728645165,-3.5510204081632653
0.0951295636212529,3.020408163265306,-7.979539392151658,0.030487144911255815,0.02113207853856003,0.36956625115214775,0.2915889000935995,0.0472236415383418,0.7535545816448956,0.9387849043618993,0.0327329339880742,-3.5510204081632653
0.09566066667644288,3.183673469387755,-7.9446133315683545,0.02689813286142062,0.01864436495522037,0.3618469934390068,0.28686565907284944,0.041628436639813415,0.757668779208754,0.9117752782835288,0.028854633488004655,-3.5510204081632653
0.09611506734421627,3.3469387755102042,-7.9124687372644384,0.02387091648731854,0.01654605846056678,0.3547859270888819,0.2827354562264798,0.036911847526694075,0.7612344508792854,0.8872806445998872,0.025585343042386022,-3.5510204081632653
0.0965120516122009,3.510204081632653,-7.882780504415825,0.021305723955601596,0.014768002489613519,0.3482498340375232,0.2790800828744352,0.03292015979317142,0.7643572291597481,0.8648340390822886,0.022818515944219353,-3.5510204081632653
0.09686608596387725,3.673469387755102,-7.855244472361795,0.019108016186048182,0.013244667545452726,0.3421433194637808,0.2758378549175153,0.02950301340312933,0.7671257705022679,0.8439794654486615,0.020449930558401164,-3.5510204081632653
0.09715159750659465,3.836734693877551,-7.829553443295465,0.01718767813400257,0.011913590638955585,0.3364190433040192,0.27297281180852184,0.02651646233059779,0.7695640704498665,0.8247473460128965,0.018379811102877675,-3.5510204081632653
0.09742808541300373,4.0,-7.80582609129686,0.015638253241414546,0.01083961114316856,0.33148394232537115,0.2704688575065748,0.02410922911157698,0.7716599143735268,0.8081126521194627,0.016711244184163476,-3.5510204081632653
0.08870853614809962,-4.0,-31.264166799854987,0.019924545503021918,0.013810642539358042,0.2870135895642953,0.2463520494741794,0.03028159411014819,0.3875142706216971,0.6879481635527989,0.02098960158030927,-3.306122448979592
0.08620974307779097,-3.836734693877551,-30.306314179627336,0.03663119542981352,0.025390809832715577,0.2995659221787913,0.25465488648265394,0.05560906725296055,0.3836641434244318,0.732491842877418,0.038545268179957404,-3.306122448979592
0.08689895381750373,-3.673469387755102,-29.351109478827077,0.020897479448888756,0.014485028960806057,0.299138394912625,0.25240809705761685,0.031774726566040634,0.38679786333013205,0.7243213307267623,0.02202456213231363,-3.306122448979592
0.08596837138706333,-3.510204081632653,-28.39725493925406,0.019859468001302893,0.013765534252523581,0.30496400994706646,0.2554381881502549,0.030193417777153453,0.38673502867645954,0.7411086198822767,0.020928482403702375,-3.306122448979592
0.08464007740775265,-3.3469387755102042,-27.445496761252173,0.02166978979564904,0.015020353700180955,0.31284858145125377,0.25972315472414154,0.03296533094227616,0.38611602260707556,0.7659557052342987,0.022849826198863887,-3.306122448979592
0.0832576881892177,-3.183673469387755,-26.49607646915866,0.022320096440681336,0.015471111917684244,0.32061427361443784,0.26408845404982595,0.03396772811015536,0.3857230134075933,0.7899642504037053,0.023544634969581146,-3.306122448979592
0.08169111191730612,-3.020408163265306,-25.549312227922037,0.02296044475480441,0.015914967546195147,0.32893363141569004,0.26894656494924857,0.034960440960143835,0.3853373787565989,0.8159106023691183,0.02423273108265578,-3.306122448979592
0.0798912207000847,-2.857142857142857,-24.60556991688735,0.023736025364700986,0.0164525590592417,0.3379619036436965,0.2744254236467363,0.036166371014920706,0.3849291687229651,0.8444075027344629,0.0250686181000761,-3.306122448979592
0.07786823430096929,-2.693877551020408,-23.665280777933276,0.0241162993321824,0.016716144887641837,0.3474740326123157,0.2804461915104377,0.036777195754199354,0.3846097962959172,0.8744755772973353,0.0254920095459239,-3.306122448979592
0.07542734662222446,-2.5306122448979593,-22.728962909885475,0.025718438773787433,0.01782666332445415,0.35842484789983825,0.2876184444469894,0.03926621071760694,0.3840466611565524,0.9102224510002823,0.027217263250181478,-3.306122448979592
0.07264650307016007,-2.36734693877551,-21.797226824577685,0.02706836028758053,0.018762357615716985,0.37008568272558034,0.295602140867138,0.041385203378318636,0.3835399284340294,0.948524707051302,0.028686037038581524,-3.306122448979592
0.06939874928913961,-2.204081632653061,-20.8708109635923,0.028833085516487333,0.01998557193259698,0.3829050881994454,0.30474362980445047,0.0441584382885476,0.38294246917083063,0.9913438419167778,0.03060829699763712,-3.306122448979592
0.06559785281191205,-2.0408163265306123,-19.95060429483811,0.031126748611158384,0.021575418039822658,0.3970255123771918,0.3152316132639704,0.04776832720640778,0.38221261829847814,1.0393594752176343,0.03311048132318639,-3.306122448979592
0.06113424396529761,-1.8775510204081634,-19.037684392421237,0.03420761239015002,0.023710910081920167,0.41266926206472726,0.3273185982498096,0.05262293112432248,0.3812572902502841,1.0938882418883442,0.03647543634162398,-3.306122448979592
0.0558857697056581,-1.7142857142857142,-18.133365747879882,0.03840331319398871,0.026619148264573456,0.43008626045753817,0.34129358726549064,0.059246729320135305,0.37993656960536787,1.156086651032031,0.04106670338564955,-3.306122448979592
0.04971422595121769,-1.5510204081632653,-17.23926621359461,0.04421946911091501,0.030650600340088596,0.449607548367845,0.35751960525457366,0.06844989972924731,0.3780124654134621,1.2276699383742533,0.047445855006938764,-3.306122448979592
0.04247128374788611,-1.3877551020408163,-16.35740578272412,0.05242611358522975,0.036339012819317285,0.471678175520572,0.37647244378077993,0.08147270275338059,0.37508303598138937,1.3110643324984568,0.056472574206103854,-3.306122448979592
0.03400824642382143,-1.2244897959183674,-15.49036942178125,0.06422877582868125,0.044519994876467184,0.4969210755874035,0.3988330719144158,0.10026468349483952,0.37045544282570914,1.409636381565971,0.06949818267418273,-3.306122448979592
0.02419549742746139,-1.0612244897959184,-14.641606265987287,0.08155000497521048,0.05652615602321709,0.5262130998664719,0.42567439941309837,0.12794372211257965,0.3629077587979216,1.528263730324405,0.08868383025267912,-3.306122448979592
0.01296416071439622,-0.8979591836734694,-13.816026745604626,0.10742509426378222,0.07446140121032685,0.5606880657114596,0.4587934796117198,0.16943948535008557,0.3502323619183928,1.674956160846424,0.11744650154593961,-3.306122448979592
0.0004150346388047621,-0.7346938775510204,-13.021222932253005,0.14613083839493157,0.10129017862630807,0.6012601740153545,0.5010582071118425,0.23170502231009493,0.32841658986081257,1.857629744341246,0.16060568293582111,-3.306122448979592
0.012878635439836267,-0.5714285714285714,-12.269717527786968,0.20102533185291627,0.13934014199497624,0.6463153719834068,0.5555469004669153,0.32023017919592833,0.2906721863347454,2.0766153084129697,0.22196664583986347,-3.306122448979592
0.025280374431083774,-0.40816326530612246,-11.58131572108248,0.2655348846302239,0.18405475662175008,0.685666163838212,0.6193426989164892,0.42434203902028456,0.22884576762795836,2.2986079018784134,0.29413148793996813,-3.306122448979592
0.03425928289951467,-0.24489795918367346,-10.978780536959283,0.31596091340033583,0.21900741629058817,0.7221356367363058,0.6733420311478202,0.5047022722610102,0.14285428794804717,2.450668985811173,0.34983295703991635,-3.306122448979592
0.03917418864329763,-0.08163265306122448,-10.47031004748365,0.3398569675038221,0.23557089881892734,0.7340788168567681,0.6974675218663494,0.5398572238030792,0.04722663132392759,2.5020542222721764,0.3742005125840233,-3.306122448979592
0.042261383908207106,0.08163265306122448,-10.04192824360821,0.35000707707861567,0.24260641865306987,0.729057361111422,0.6957478669839972,0.5543561954522391,0.04635948047424918,2.471373162572022,0.38425043390365676,-3.306122448979592
0.04557852921477619,0.24489795918367346,-9.674287527403829,0.3525727564325831,0.2443848120634935,0.7141387027059125,0.6792702248339066,0.5589611387609534,0.1377054726198269,2.387580910562644,0.38744233737473044,-3.306122448979592
0.04986203700888873,0.40816326530612246,-9.354689485624192,0.3447726025076876,0.23897815736251848,0.6919440009995306,0.6527852605310729,0.5468344674260464,0.22847529118243334,2.273265168763915,0.3790367693293635,-3.306122448979592
0.05504749278589867,0.5714285714285714,-9.076588582394358,0.3245858075255028,0.22498573733607485,0.6642820825039074,0.6180897983064643,0.5144760418377556,0.3170765555586416,2.1435858952700424,0.35660761786548045,-3.306122448979592
0.06070503636786908,0.7346938775510204,-8.83613496224938,0.2936427807540043,0.2035376655714205,0.6333771563580672,0.5777126650655923,0.46467020672066806,0.39944289792465865,2.0068239312304055,0.3220848436786379,-3.306122448979592
0.06631932187615823,0.8979591836734694,-8.629831145443204,0.25645306194250406,0.177759716831412,0.6012173737370826,0.5354200468927199,0.40491924821975367,0.4716282240627449,1.869364045223042,0.2806686352579746,-3.306122448979592
0.07148891113681019,1.0612244897959184,-8.45370136353021,0.21814826546638022,0.15120885515206406,0.5720707621619494,0.4948908327057587,0.3436050336812593,0.5317022904219394,1.7382651491229073,0.23816886032236972,-3.306122448979592
0.07600448940164957,1.2244897959183674,-8.30343544680987,0.18254429755993007,0.1265300651809611,0.5450343990752972,0.4585214936989363,0.28684412095986334,0.5799425435444208,1.6193414419336092,0.19882519370352503,-3.306122448979592
0.07981987354275526,1.3877551020408163,-8.174832438717207,0.15156213621404602,0.10505486739640868,0.5197959428079151,0.4272409364351371,0.23763724191114566,0.617952948368553,1.5126571539502525,0.1647175842267523,-3.306122448979592
0.08298457212756341,1.5510204081632653,-8.064136694538124,0.12565054843933865,0.08709432338653844,0.4968302544815444,0.4009686498819961,0.19661973318124337,0.647732821104589,1.4184518672280524,0.13628641369702743,-3.306122448979592
0.08558739977705379,1.7142857142857142,-7.968174437102374,0.104446594776757,0.0723968626885958,0.4762184698176182,0.3791381516935779,0.16314990410583619,0.671136721674678,1.3359184991974016,0.11308689603958522,-3.306122448979592
0.08772355737394229,1.8775510204081634,-7.884348775591255,0.08727019011174741,0.06049108622288801,0.45783208633511463,0.36104274660088126,0.13610360912407193,0.6896807963496477,1.263846933181366,0.09433983292838333,-3.306122448979592
0.08947970270010298,2.0408163265306123,-7.810568427476831,0.07339614439728948,0.05087433055295176,0.4414535554322042,0.34600624270980457,0.11430305171042843,0.7045322760505511,1.200882595066037,0.07922883802248082,-3.306122448979592
0.09092909445043088,2.204081632653061,-7.745158673693582,0.062172041281826296,0.04309437512415415,0.42684306633812885,0.33344639645236496,0.09669833186389276,0.7165657189964524,1.1456455569609447,0.06702617609630668,-3.306122448979592
0.09213156201925632,2.36734693877551,-7.686777506683289,0.053054043781096016,0.03677426086417057,0.4137710131881234,0.32288589106301024,0.08241941963339006,0.7264303677583858,1.0969720494674193,0.057128788342271086,-3.306122448979592
0.09313491858640147,2.5306122448979593,-7.634344908324558,0.04560512459084043,0.031611063529225936,0.4020308640783259,0.31394271076403124,0.07077040948611968,0.7346083503801843,1.0539213070117222,0.04905430980237613,-3.306122448979592
0.09397719448076189,2.693877551020408,-7.586986193824553,0.039480249254784106,0.02736562345875737,0.3914447551702007,0.3063151836813372,0.061203641167066,0.7414590580401772,1.0155843210832725,0.0424231313149539,-3.306122448979592
0.09468815468364412,2.857142857142857,-7.543987915995543,0.034410495645738504,0.02385153803851403,0.3818535785323729,0.29975946323403085,0.053293443341122515,0.7472573417561409,0.9812485336502168,0.036940199994229594,-3.306122448979592
0.09529251137952818,3.020408163265306,-7.504763355987465,0.030188491465137357,0.020925067744417714,0.37313479275995975,0.294090318557304,0.04671227897035379,0.7522050985058721,0.950380479396453,0.03237848446582969,-3.306122448979592
0.09581508420264086,3.183673469387755,-7.468816795054635,0.026678447156412766,0.018492090428184893,0.3651848062348416,0.2891866219958133,0.041241903233975474,0.7564392469422951,0.9225441244160728,0.02858670894755644,-3.306122448979592
0.09625097166792045,3.3469387755102042,-7.4357718783409,0.023651868161125744,0.0163942257308598,0.35786263849796474,0.28482636645351644,0.03653645346020662,0.7601636115520187,0.8971034094368635,0.025325139703601174,-3.306122448979592
0.09663400655218571,3.510204081632653,-7.40525842732184,0.021107278798903284,0.014630450788752691,0.35115671855141395,0.2810221565723798,0.032579271451311786,0.7633870538417205,0.8740238639558392,0.022582230151173555,-3.306122448979592
0.09696542161165736,3.673469387755102,-7.376994578071339,0.018936601206095638,0.013125851735393157,0.34495513541440725,0.2776501735092685,0.029205939837146477,0.7662263589473592,0.8528558932546018,0.020244014853721293,-3.306122448979592
0.09724311718874182,3.836734693877551,-7.350697070749507,0.017033388566625618,0.0118066452603387,0.33917707167521577,0.27449672888159427,0.026244786205491977,0.76868888843638,0.8333242802904096,0.018191499562734137,-3.306122448979592
0.09750225837507152,4.0,-7.326260075959976,0.015470044961789053,0.010723018048399924,0.33382365893152327,0.27195787727230003,0.023825322857440767,0.770974545206089,0.8153889917957103,0.01651445536456464,-3.306122448979592
0.08440014477382854,-4.0,-30.78269299626793,0.057508899496800936,0.039862131543313195,0.3040322978467121,0.2612635097848692,0.08711975680491468,0.3776934980068532,0.7516099019994469,0.06038681380039446,-3.061224489795918
0.08735198642876602,-3.836734693877551,-29.827616700328022,0.024691361925619937,0.01711474790292833,0.29893670369237685,0.252147967448765,0.03754533238700475,0.38525538826984135,0.7252516556578722,0.02602444128723791,-3.061224489795918
0.08676261600245377,-3.673469387755102,-28.87250089285127,0.021213497826252148,0.014704076208081007,0.3033389681462095,0.2542015666030779,0.03224835021848138,0.3856138679158512,0.7366475208587303,0.022352853031649467,-3.061224489795918
0.0855015254483645,-3.510204081632653,-27.919293056268966,0.023502346587843892,0.016290585273906144,0.3112927333244408,0.258430001878147,0.03574835637061646,0.3848040494289612,0.7618527287830257,0.02477887242794452,-3.061224489795918
0.08426562645311694,-3.3469387755102042,-26.968217193709016,0.02403983551911093,0.016663144211196412,0.31875683136476834,0.26250699284860024,0.03657507080027367,0.38433188714554584,0.7848565491983831,0.025351907203989832,-3.061224489795918
0.08286161036721111,-3.183673469387755,-26.019557009514486,0.02462022283095333,0.0170654380400328,0.3267962686188331,0.2670571941629652,0.03746861668876855,0.383840489827673,0.8098711505464924,0.025971266017301264,-3.061224489795918
0.08087783443933105,-3.020408163265306,-25.073563410088997,0.02919673126909572,0.02023763196074002,0.3373036222855373,0.2734299238428324,0.04444741020495524,0.3824842348529381,0.8448605992683036,0.030808597066755095,-3.061224489795918
0.07940044377400123,-2.857142857142857,-24.130827697145147,0.02617986226670288,0.018146497717612897,0.3450018852498993,0.2779626173699466,0.03987753254506421,0.3827415372322481,0.8675600312380491,0.02764099925129848,-3.061224489795918
0.07729011787137656,-2.693877551020408,-23.191587183779085,0.026948272444923038,0.01867911906615949,0.35519021307786786,0.284425506801283,0.04107661004147234,0.3821763691148526,0.9003276539179231,0.028472136437206252,-3.061224489795918
0.0748297426560818,-2.5306122448979593,-22.256447320014807,0.028025832852631716,0.01942602702464602,0.3663884736487975,0.2918148566373354,0.042759490556673274,0.38152737927608293,0.9369164331735506,0.029638620321537523,-3.061224489795918
0.07196622247601875,-2.36734693877551,-21.326048405056564,0.029362750235983448,0.020352707539557535,0.37865726367744856,0.30024401567567116,0.04485427958251931,0.3807963758439954,0.9776154112285418,0.031090617428670697,-3.061224489795918
0.0686200520507709,-2.204081632653061,-20.401160461668056,0.031060779918547166,0.021529692026533986,0.39214854150904704,0.30989690819797805,0.047521978419938105,0.37994512521318774,1.023116651061294,0.03293972535641032,-3.061224489795918
0.06469648835851523,-2.0408163265306123,-19.482714421822376,0.03326781589090899,0.023059492788170877,0.4070417650204675,0.3209915064778673,0.05099663161107815,0.37891316137531766,1.074263039090685,0.035348171419272933,-3.061224489795918
0.06008129633804404,-1.8775510204081634,-18.571842076004348,0.03622341974477772,0.025108161266331974,0.4235692251235417,0.3337967969126126,0.05565636734867052,0.3775956672419491,1.1323468113112332,0.03857805410793924,-3.061224489795918
0.05464530274558527,-1.7142857142857142,-17.66992878017595,0.04025560236016679,0.027903057277691934,0.4420017749541572,0.3486276483630534,0.062023986813068976,0.3758313028374454,1.1988101476692525,0.042991751586566096,-3.061224489795918
0.04824290233894248,-1.5510204081632653,-16.778686306938365,0.04587104581823587,0.03179538607824628,0.46269101302677873,0.3658773474005808,0.07091167638680984,0.3733515254457436,1.275399877240131,0.049152228556295086,-3.061224489795918
0.0407187453627651,-1.3877551020408163,-15.900261214067932,0.05384606788011226,0.037323250135339325,0.4861001129413258,0.38605738566424447,0.0835655101279209,0.3697088921620225,1.3646934896429384,0.057923197737221876,-3.061224489795918
0.03192033385705055,-1.2244897959183674,-15.037412201494794,0.06538614613833404,0.04532222284346665,0.5128531501887378,0.4098849441732411,0.10192766328515335,0.364145083102174,1.4701267847183437,0.07065087242716706,-3.061224489795918
0.021723354075429985,-1.0612244897959184,-14.193829995979845,0.08236773648676587,0.05709296431490629,0.54377441916453,0.43845014404118887,0.12902838591816002,0.35535007776718797,1.596685051865272,0.08943566191137231,-3.061224489795918
0.01008673887790513,-0.8979591836734694,-13.374754210894551,0.10760116602763636,0.07458344485701884,0.5797915718003785,0.4734710071118601,0.1694125816561005,0.34102779533632865,1.7518804025214725,0.11742785332630667,-3.061224489795918
0.0028113078553094278,-0.7346938775510204,-12.588159515194699,0.14460608290228905,0.10023329865553943,0.6212303940738206,0.5173850504712654,0.22878374949241564,0.31720543560400766,1.9407078034401457,0.15858081091860088,-3.061224489795918
0.01624242464513862,-0.5714285714285714,-11.846689916259725,0.19495088372310887,0.13512965540034272,0.665247405792139,0.5719216146505893,0.30972636682084786,0.27771564063448134,2.1586628521400644,0.21468595790694556,-3.061224489795918
0.028433221897815462,-0.40816326530612246,-11.168920589149542,0.2505762047991831,0.1736861898719646,0.7007136786459804,0.632071946448078,0.3991926926377616,0.2163204470692654,2.3660592887384553,0.2766992894019964,-3.061224489795918
0.0370574900337995,-0.24489795918367346,-10.573944161798398,0.29212260464907214,0.20248395979033185,0.7368444173498829,0.6800568015678389,0.46504038234627654,0.13464507712852408,2.50264551878108,0.3223414298698404,-3.061224489795918
0.04178882442578103,-0.08163265306122448,-10.066899727057587,0.3130787589171402,0.2170096590366224,0.7464763897381407,0.700949525192196,0.4957669602485679,0.044821325947310364,2.5477588914949316,0.3436394707110688,-3.061224489795918
0.04474422238913512,0.08163265306122448,-9.635131906609251,0.3241577310973036,0.2246890173668048,0.7410668032392922,0.6990482588088038,0.5120207247909971,0.04440147380402004,2.516691120443812,0.3549057217771394,-3.061224489795918
0.04783996917790948,0.24489795918367346,-9.262011524356502,0.3291202726666511,0.22812878906400957,0.7264406294957922,0.6833949999790988,0.5204843757445259,0.13279513718824593,2.434494174123949,0.36077227757282104,-3.061224489795918
0.05182306740236871,0.40816326530612246,-8.936303064275423,0.3247251142802101,0.22508229742033348,0.7042944485293664,0.6580131305061069,0.5138602330678403,0.22140639166643358,2.3211596028024113,0.35618077175285023,-3.061224489795918
0.056681384422206646,0.5714285714285714,-8.651967980653165,0.30860046922458295,0.21390554516249582,0.6764488370126024,0.6244996882674279,0.4881243178760619,0.30854245023715193,2.190356541321817,0.338341994698538,-3.061224489795918
0.06203329313201822,0.7346938775510204,-8.405362672467986,0.281776473542652,0.19531256818421316,0.6451721907441151,0.5851259098688264,0.4450656785697906,0.39026530730519876,2.051563632480677,0.30849602026464895,-3.061224489795918
0.06739284418773904,0.8979591836734694,-8.193163541437649,0.2481597412557761,0.17201122497992682,0.6124662341938438,0.5434058171419778,0.3911754923282884,0.462611190252486,1.9114607593880595,0.2711421896115014,-3.061224489795918
0.07236491922494409,1.0612244897959184,-8.011557678213402,0.21256438056148452,0.1473384010736638,0.5816656460095869,0.5029460347010462,0.334307928927442,0.5234138488454917,1.7767802444846856,0.23172459837489034,-3.061224489795918
0.07673141586658912,1.2244897959183674,-7.856343323619216,0.17881986941966987,0.12394848831634175,0.5540688464802351,0.4662496186274849,0.28060355768127065,0.572648277345938,1.654435765695894,0.19449956486186215,-3.061224489795918
0.080433327994661,1.3877551020408163,-7.72335649150543,0.14903821504552583,0.10330541855449282,0.5281910470649925,0.43441318883575664,0.23337711847043163,0.6116890771498003,1.5444901235603132,0.16176469167498375,-3.061224489795918
0.08350943355097609,1.5510204081632653,-7.608822571311034,0.12388205642217631,0.08586849813099962,0.5045658032671726,0.4074957278981114,0.19361297997154603,0.6424127811107427,1.4472031646476586,0.1342022911870857,-3.061224489795918
0.08604117437659256,1.7142857142857142,-7.509517907359432,0.10315492678623128,0.071501546662744,0.4833146560368459,0.3850175820683385,0.16094020469406267,0.6666294490439876,1.3617981805095194,0.11155524912242987,-3.061224489795918
0.08811901046831357,1.8775510204081634,-7.422784539992411,0.08628690445555165,0.059809524542611125,0.46433139273269997,0.3663160217476731,0.13441371396076685,0.6858526378767684,1.2871226187481175,0.09316848686049672,-3.061224489795918
0.0898265336193054,2.0408163265306123,-7.3464704013086815,0.07262005668235405,0.050336387541476846,0.44740782973090887,0.35073228955318003,0.1129652409820876,0.7012643085757911,1.2218459904705103,0.07830153828800901,-3.061224489795918
0.09123493685718598,2.204081632653061,-7.278845570654347,0.0615414462202426,0.04265727993514257,0.4323058943268445,0.3376873990972246,0.09560941177320625,0.7137584184748373,1.1645876231640153,0.06627139420559214,-3.061224489795918
0.0924024759208241,2.36734693877551,-7.218520159422863,0.052530220360848645,0.03641117413731498,0.4187932809669421,0.32670074428051804,0.08151410220447097,0.7240027285477659,1.1141477997598297,0.0565012701189036,-3.061224489795918
0.0933758647684487,2.5306122448979593,-7.164373581027616,0.04516249226685609,0.0313042541818318,0.40665872337826053,0.3173840867350267,0.07000515615850755,0.7324955127588223,1.0695437206943603,0.04852387661592816,-3.061224489795918
0.09419237357231446,2.693877551020408,-7.1154972043594285,0.03910333218216255,0.02710436445256481,0.39571955264424086,0.3094287011808146,0.060551461530803596,0.7396090107949304,1.0298387797105848,0.041971074838860645,-3.061224489795918
0.09488117960378588,2.857142857142857,-7.071149142227947,0.03408575621307319,0.02362644581634532,0.3858152069903536,0.30258772927636096,0.05273145320572192,0.7456262481958359,0.994310474803346,0.03655065811637481,-3.061224489795918
0.09546609412005184,3.020408163265306,-7.030719149566504,0.029904475582394507,0.020728202936060702,0.37681263120282943,0.2966672778584928,0.04622092626500063,0.750760246575991,0.96239518259234,0.03203790472345425,-3.061224489795918
0.09596617841226565,3.183673469387755,-6.9937013324871256,0.02640836549151082,0.018304884083637063,0.3685893134885592,0.2915069616621471,0.040781828617932,0.7551785837931946,0.9335389134439881,0.02826780952459851,-3.061224489795918
0.09639332133783267,3.3469387755102042,-6.9596739119154405,0.023438711564435,0.01624647683684599,0.361064286654481,0.28698554236991775,0.036166050261732696,0.7590106851299655,0.9073730938649839,0.025068395770909024,-3.061224489795918
0.0967627286545343,3.510204081632653,-6.928281565616646,0.020920017989839668,0.014500651486920813,0.3541456113374954,0.2830066548857565,0.032254172010661275,0.7623528344361068,0.8835308890856935,0.02235688839048411,-3.061224489795918
0.09708369896094596,3.673469387755102,-6.899223667190031,0.01876996906650641,0.013010351137646259,0.34775976459360564,0.2794776614927166,0.02891676104200469,0.7652898640262566,0.8617034883878975,0.020043571387190262,-3.061224489795918
0.09736042255420592,3.836734693877551,-6.872238797542055,0.01688908284480206,0.011706620156117564,0.34182065861436917,0.2763235586646597,0.026000406891176997,0.767901624986726,0.8415425076378574,0.018022108730030517,-3.061224489795918
0.09761642660762795,4.0,-6.847083906521991,0.015335203045034884,0.01062955275397992,0.33623425439130045,0.27351185307620157,0.023593074480733556,0.7702219384478693,0.8228633679871472,0.01635347305706114,-3.061224489795918
0.08821554189882436,-4.0,-30.305469455988447,0.023465410354439165,0.01626498302786139,0.29636378135071695,0.25045746145942804,0.03566637911245918,0.3847844816602837,0.716565160979761,0.02472205012258266,-2.816326530612245
0.0871134440566182,-3.836734693877551,-29.349224556726647,0.02613652048496906,0.01811645548380314,0.3038580288042413,0.2543239776777516,0.03974690514814094,0.38381986719722894,0.7403054055508246,0.027550455239417015,-2.816326530612245
0.08619754921967512,-3.673469387755102,-28.394739676760985,0.025890121865195237,0.01794566497521366,0.3102210155649507,0.2575563825527493,0.03937809983576024,0.38343920572231116,0.7593781157647014,0.02729481887696439,-2.816326530612245
0.08517963581974042,-3.510204081632653,-27.44221921209941,0.025459206440375137,0.01764697716343977,0.31691032478266196,0.26108698896869476,0.038729155687138306,0.3830854550732458,0.779494499501871,0.026845005070006867,-2.816326530612245
0.0838673359003888,-3.3469387755102042,-26.491910554678213,0.02650316921782947,0.018370597019241597,0.32496824170125727,0.2655340929784475,0.040329414634353355,0.3823936878328795,0.8047465390752355,0.027954220047435197,-2.816326530612245
0.0825383140653164,-3.183673469387755,-25.544086901258915,0.02596394733303553,0.017996836890100454,0.332718883393305,0.26995286174582456,0.039512779495191275,0.38201374582602793,0.8284502903015183,0.027388171703178088,-2.816326530612245
0.08075274846115779,-3.020408163265306,-24.599111251669466,0.02809637559912348,0.019474923530485855,0.34263269433031823,0.2758097671936147,0.042779257286113204,0.38104072534491057,0.86064592262127,0.02965232157431741,-2.816326530612245
0.07886731019790627,-2.857142857142857,-23.657350768505896,0.028802553806975606,0.01996440896423146,0.3524813364289138,0.2818571782956786,0.04386914168786049,0.38033569368008463,0.8922322969059682,0.030407771874524592,-2.816326530612245
0.076681778777616,-2.693877551020408,-22.719282985229977,0.029713437362796746,0.02059578533276718,0.3632554107043483,0.2887335573072421,0.04527890712239291,0.37955149431185436,0.9272713162095322,0.03138494681072235,-2.816326530612245
0.0741439322444527,-2.5306122448979593,-21.785466806033707,0.030814050732369314,0.02135867238677247,0.3750455195762681,0.2965598264273271,0.04698985094561081,0.3786786487684885,0.9661807255635672,0.032570882697881665,-2.816326530612245
0.071187582586409,-2.36734693877551,-20.856572406944064,0.032138192755719164,0.02227649769691853,0.38797362224324683,0.30549181329137454,0.04905778778114289,0.3776940263984758,1.009497183377096,0.03400426728500694,-2.816326530612245
0.06772796185721508,-2.204081632653061,-19.933407768788207,0.033789242883228265,0.023420918437764948,0.40220920566300217,0.31573117779933046,0.05164659426220286,0.3765493986029006,1.057998102566969,0.03579869119836898,-2.816326530612245
0.06366156520027583,-2.0408163265306123,-19.016952359643778,0.03593406119261333,0.024907593201728417,0.4179639172543718,0.327524910580753,0.05501925858816925,0.37516506179077563,1.1126727706671116,0.03813644396688787,-2.816326530612245
0.058871570868734804,-1.8775510204081634,-18.108400619863062,0.03876835655622912,0.02687217704189293,0.4354652540469997,0.34115084516113925,0.05948659998718009,0.37342964689384434,1.1747097035009706,0.041232969062210856,-2.816326530612245
0.05321946786470775,-1.7142857142857142,-17.20921959231007,0.04262540330491804,0.029545678121034813,0.45501106354568327,0.3569554493362326,0.0655762119274721,0.37115476610594855,1.2458956850382286,0.045453966409328306,-2.816326530612245
0.04655143761212195,-1.5510204081632653,-16.321228718605877,0.048004047674446326,0.03327387030100737,0.47696985144232174,0.3753619493147434,0.07408413289408422,0.36803824533474205,1.3280160115868886,0.051351207839762214,-2.816326530612245
0.03870516663499227,-1.3877551020408163,-15.446718094914699,0.05567024732854797,0.03858767497685767,0.5018120530785803,0.3969120451906055,0.08623890007648205,0.36358475795546663,1.4237038436691734,0.05977625044260426,-2.816326530612245
0.02952615796274083,-1.2244897959183674,-14.588639521812905,0.06680172261682094,0.04630342568839696,0.5301395091617729,0.42234296891651646,0.10392989039586409,0.35697040733358926,1.5364546314642955,0.07203871050379673,-2.816326530612245
0.018901148571780463,-1.0612244897959184,-13.750942249005961,0.08317634973116306,0.057653452305423736,0.5626744905095802,0.4527205118442719,0.13001630928392416,0.3468068592488422,1.6714226551319675,0.09012043820696114,-2.816326530612245
0.006829810140132062,-0.8979591836734694,-12.939192021601187,0.10728179515250647,0.07436207383536919,0.600044337223691,0.48958772313135024,0.1685053732599524,0.3307488569657183,1.8344116434004765,0.11679902438433665,-2.816326530612245
0.006411003314784061,-0.7346938775510204,-12.161671131099643,0.14175712507194715,0.09825855156790375,0.6418559435245567,0.5347730348064793,0.22366510122590944,0.3049720142293462,2.0275763141566197,0.15503283430439296,-2.816326530612245
0.019925401224952812,-0.5714285714285714,-11.430894388963404,0.18652193400052042,0.12928715266504898,0.6840539562630631,0.5885335411895631,0.2954268021192892,0.2641116217618686,2.2412130786732636,0.20477425495082535,-2.816326530612245
0.031846053808850604,-0.40816326530612246,-10.763801080983077,0.2330182176458977,0.1615159205803578,0.7155553687927119,0.6443035824791665,0.36997377631108774,0.20378088103141198,2.43249025823648,0.25644627993114577,-2.816326530612245
0.04010358250251857,-0.24489795918367346,-10.175852895158593,0.2666015542671616,0.18479411567318227,0.7513112458657368,0.6864269078251419,0.42291864769159915,0.12665413938724426,2.5546656118591735,0.2931448682536564,-2.816326530612245
0.044644736576823205,-0.08163265306122448,-9.669764296094174,0.28508649087766447,0.19760689736758175,0.7587362188348334,0.7043751902337243,0.4499885801719108,0.042457611056502455,2.593256598911714,0.31190831563033283,-2.816326530612245
0.04745331165386002,0.08163265306122448,-9.234318675907433,0.2970492258326538,0.2058988333734182,0.7530127936340242,0.7023319337919072,0.46787950064660366,0.04242967267945021,2.5619366062992013,0.32430935671498773,-2.816326530612245
0.050309602427727904,0.24489795918367346,-8.855401355897277,0.30433129420037064,0.21094637853114606,0.7388052020286101,0.6875283115478015,0.4800387900031988,0.12775846957919917,2.4822732377023065,0.3327375338501244,-2.816326530612245
0.053969235112226,0.40816326530612246,-8.523190797819838,0.3033253325231007,0.21024909903079503,0.7168125579023548,0.6632993843057128,0.47884836809471976,0.21407546399911254,2.369799586068591,0.3319123962605861,-2.816326530612245
0.058473477961665896,0.5714285714285714,-8.232184378959337,0.2913291006362724,0.20193394472109683,0.688879436787132,0.6310320130003534,0.45979672012632866,0.29961644029773693,2.2390437584536795,0.3187068001862743,-2.816326530612245
0.06349178539832803,0.7346938775510204,-7.978970918662455,0.26877972992985244,0.18630391199254048,0.657303664515097,0.592740010385232,0.42369810658024454,0.38058220444460933,2.0979399757975052,0.29368514798468315,-2.816326530612245
0.06857064227133378,0.8979591836734694,-7.760417160688168,0.2389574858459178,0.1656327075877908,0.6240989441558663,0.5516738027905332,0.375999011545018,0.45301309079153906,1.9552842482210675,0.2606226547457555,-2.816326530612245
0.07332346915418968,1.0612244897959184,-7.572888176882753,0.20630876041759105,0.14300233560827058,0.5915462283100429,0.5113449393509402,0.3239434686336091,0.5145222858318959,1.8170618783734667,0.22454050194419484,-2.816326530612245
0.07752401249090221,1.2244897959183674,-7.412305629089808,0.17463152553828953,0.12104534956374757,0.5634106681308743,0.474348983340823,0.27362037365254555,0.5647768706118363,1.6910780170111537,0.1896591905410201,-2.816326530612245
0.0810998175755309,1.3877551020408163,-7.274553718397708,0.14620921081485738,0.10134450224821268,0.5368959691012366,0.44195236284190165,0.2286245075391471,0.6049035763280848,1.5777730856054415,0.1584704328076656,-2.816326530612245
0.08407787650041099,1.5510204081632653,-7.15584415199663,0.1219199074621522,0.08450844011152037,0.5125999648081513,0.41436424446393827,0.1902901907986343,0.6366379501465658,1.477301237290322,0.13189910924028725,-2.816326530612245
0.08653131750937582,1.7142857142857142,-7.052903496017415,0.10174405775342299,0.0705236067705135,0.4906902974449533,0.3912026618735722,0.15853297966630153,0.6617336680826027,1.3889025799907142,0.10988668788146372,-2.816326530612245
0.08854518390100866,1.8775510204081634,-6.963009592756385,0.08523297792862916,0.059078998341956845,0.4710874029127722,0.371856443313674,0.1326040149873955,0.6816958773673153,1.3115041223620008,0.0919140991194416,-2.816326530612245
0.09019954602080331,2.0408163265306123,-6.883944990558089,0.07180462175083413,0.04977117111776419,0.4535953174186602,0.355688504368322,0.11155803994952374,0.6977193741637701,1.2437819583877265,0.07732614085980627,-2.816326530612245
0.09156323938553247,2.204081632653061,-6.8139196392519645,0.06089175901738164,0.0422069510822336,0.43797911858102156,0.3421251563647851,0.09448402295594249,0.7107174950453801,1.1843901000304886,0.0654913341198724,-2.816326530612245
0.09269281440756802,2.36734693877551,-6.751491112312326,0.05200032619721684,0.036043879491798325,0.4240049256550108,0.3306830946563363,0.08059364419386261,0.7213774471470147,1.1320849036456675,0.055863257244026965,-2.816326530612245
0.09363382266990326,2.5306122448979593,-6.695494125792984,0.04472300469044743,0.030999624607352505,0.4114582145803006,0.32096849132819194,0.06923993750829815,0.7302140199658863,1.0858422583666811,0.04799346746602362,-2.816326530612245
0.09442239325875443,2.693877551020408,-6.644982506348799,0.03873312591780609,0.026847757024200503,0.40014965171299444,0.31266491910028194,0.059905870120204874,0.7376143623884029,1.044699118945512,0.041523584972809946,-2.816326530612245
0.09508713740152391,2.857142857142857,-6.599183040535295,0.03377170468683621,0.02340876188638341,0.389916074133057,0.3055197953579162,0.05218263304636439,0.7438715447984714,1.007928961909754,0.036170244970282095,-2.816326530612245
0.09565079500767135,3.020408163265306,-6.55745922175174,0.02963663448288356,0.02054254963309643,0.38061978244033723,0.2993331000411112,0.04575178641064781,0.7492077670699107,0.9749087990072623,0.031712721756121276,-2.816326530612245
0.09613193214489454,3.183673469387755,-6.519283975421347,0.026166718377659937,0.018137387067980848,0.37213462286942356,0.29393889964481745,0.04036029687184284,0.7537994550470495,0.9450685737154416,0.02797562598328085,-2.816326530612245
0.09654435356984874,3.3469387755102042,-6.484216239085687,0.02323431845007029,0.016104802325898282,0.3643695054531187,0.28921304655999736,0.035807459382960705,0.7577759944017748,0.918028460901326,0.024819839514313546,-2.816326530612245
0.09689951759359684,3.510204081632653,-6.451884183072693,0.020738266197177335,0.01437467074427512,0.3572262129938919,0.285045365264959,0.03193565583354907,0.7612482446021441,0.8933738374090039,0.022136109800356962,-2.816326530612245
0.09720728859956787,3.673469387755102,-6.421964059210209,0.018574958993961665,0.012875180455681035,0.3505787959459955,0.2812815469808022,0.028582405934497235,0.7643151533600768,0.87061883812812,0.019811814087116186,-2.816326530612245
0.09747671221166083,3.836734693877551,-6.394224990884371,0.016792181886159163,0.011639453529841193,0.3445046391610469,0.27805169853486655,0.02582045613008166,0.7670046806953063,0.8499968875545291,0.017897376367337348,-2.816326530612245
0.09771357878231231,4.0,-6.368404758605291,0.015198060605756236,0.01053449285885888,0.33887883770200866,0.2751135873553482,0.02335243389705921,0.7693848156595567,0.8310381508713344,0.016186673714959188,-2.816326530612245
0.08688864831288746,-4.0,-29.827116727251642,0.03516580809414949,0.024375080732571552,0.30601820706525235,0.25617526276568253,0.05345462505889431,0.3810633425145779,0.7502777741908538,0.037051922647461044,-2.5714285714285716
0.0868591569397119,-3.836734693877551,-28.871674127721953,0.027690345189945287,0.019193484697142216,0.30895930339159794,0.25669162555749914,0.0421082338820713,0.382257394542857,0.7558951320881497,0.029187203593716404,-2.5714285714285716
0.08583571241368734,-3.673469387755102,-27.917893663328766,0.028325655095472246,0.019633847966940232,0.31604973271973624,0.2603884962937881,0.043086759760442295,0.3815937350431034,0.7777354526846609,0.029865466047414024,-2.5714285714285716
0.08468665509302865,-3.510204081632653,-26.9661486853283,0.028952263732861194,0.020068179977260847,0.3236377278094888,0.2644733374304037,0.04405251488988293,0.38090071521807917,0.8013009804977564,0.030534876492497087,-2.5714285714285716
0.08336190933721302,-3.3469387755102042,-26.0166926814957,0.02980124759870595,0.020656650750211503,0.3319203746240139,0.2690916651104408,0.045358327516300534,0.3801211597737394,0.8273686547297933,0.031439996832837824,-2.5714285714285716
0.08189522547866175,-3.183673469387755,-25.06982283487041,0.03037045116097481,0.021051192594563117,0.3406713655594475,0.2741280719909896,0.04623729384634423,0.37936590762705424,0.8550323971021219,0.032049249866314966,-2.5714285714285716
0.0799155945663287,-3.020408163265306,-24.125856578560608,0.033852269362780074,0.023464605064366983,0.35155964296393705,0.28076747957689985,0.05155326018275952,0.37790522251412956,0.8912569003694975,0.03573399694435242,-2.5714285714285716
0.07823329415184191,-2.857142857142857,-23.185300508858486,0.03208419466557588,0.022239069072980344,0.360700510965095,0.28632452292713684,0.048876656092843085,0.3775790269540754,0.9196640447938579,0.033878716365951966,-2.5714285714285716
0.07597863684158045,-2.693877551020408,-22.24855158528045,0.03302478099519668,0.02289103383543023,0.37203472658474246,0.29362075130683635,0.05032759541251863,0.37657620301132866,0.9568899325163641,0.0348844308645484,-2.5714285714285716
0.0733541387814949,-2.5306122448979593,-21.316227527992613,0.03414922654703956,0.023670440099383017,0.3844647750987771,0.3019396852263985,0.052065899753307665,0.37545080993745533,0.9983075732599082,0.03608933161732164,-2.5714285714285716
0.0702863462052782,-2.36734693877551,-20.389033286713538,0.03551566772471215,0.024617584949088167,0.39814283187546556,0.31146181484791047,0.054187872348209876,0.3741645738774723,1.0446293259041985,0.03756017093870323,-2.5714285714285716
0.06669629754456248,-2.204081632653061,-19.467820920125206,0.037134322788070495,0.025739551142554218,0.4131961787934254,0.3223716268101317,0.05671592029504913,0.3726821435871382,1.0964623746645192,0.0393124802453757,-2.5714285714285716
0.062467093091926905,-2.0408163265306123,-18.553626173896074,0.03921082925406827,0.02717887574487521,0.4298870640475839,0.3349576686974293,0.05997229056208253,0.37089700835471795,1.1550090931460788,0.04156962411482912,-2.5714285714285716
0.0574746494244049,-1.8775510204081634,-17.64771603654566,0.04192648607439198,0.02906122561325053,0.44845718031121207,0.34952031301652337,0.06424570052137035,0.3686800025374634,1.2215450008218964,0.04453172617948642,-2.5714285714285716
0.05157246609009649,-1.7142857142857142,-16.751651720549162,0.04559142426486096,0.03160156718690077,0.4692160075440083,0.3664300268394203,0.07002653718501373,0.3658188625225519,1.2978282035398183,0.048538696814168336,-2.5714285714285716
0.04459795169372732,-1.5510204081632653,-15.867375745455632,0.05068310169642176,0.03513084904290742,0.4925411441821003,0.38613644434471606,0.07807061574129603,0.3619756455330367,1.386006812559136,0.05411442718565862,-2.5714285714285716
0.03638235816103143,-1.3877551020408163,-14.997339748244368,0.057935563985544114,0.04015787283073036,0.5188937651900025,0.409200599821722,0.08955016835520802,0.35660610926146835,1.488617136582362,0.06207144671408038,-2.5714285714285716
0.026772366949775417,-1.2244897959183674,-14.14470674985512,0.06846222487193421,0.047454398144842314,0.5488196475317136,0.4363527185123382,0.10624860719325202,0.3488246801609661,1.6090378625332598,0.07364592251442303,-2.5714285714285716
0.015674190095040483,-1.0612244897959184,-13.313693993667558,0.08387944692559923,0.05814080214340689,0.5828743748045129,0.468573916553353,0.13075411170763473,0.3371834433595543,1.7525651560113424,0.09063184387676726,-2.5714285714285716
0.003144955387464882,-0.8979591836734694,-12.510168470937229,0.10625563834508389,0.07365079613749237,0.6212786243458944,0.5071126445590344,0.1663885465205368,0.31934389972737975,1.9220609103439787,0.11533175189817735,-2.5714285714285716
0.010417248034182305,-0.7346938775510204,-11.742598808354993,0.13728780148253827,0.09516065252289496,0.6628175120629148,0.5530160436647832,0.21590256652645134,0.29175463840678567,2.117048580365393,0.1496522552634656,-2.5714285714285716
0.02394653934367624,-0.5714285714285714,-11.023068221847213,0.17556917446100107,0.12169527827088022,0.7023706046887027,0.6050788338249352,0.27711412701499816,0.24999667189433214,2.3227329550958387,0.19208087583377642,-2.5714285714285716
0.03553851724981392,-0.40816326530612246,-10.36652571805795,0.2130224119777111,0.14765588425842946,0.7341310629426926,0.6558727114705134,0.3370087089423732,0.19133898291294776,2.495917096351495,0.23359663642755324,-2.5714285714285716
0.043419662857708256,-0.24489795918367346,-9.784996129440453,0.23961267285106347,0.16608684861314726,0.7653848065989501,0.6923977414257388,0.37872698969879304,0.11889904243989105,2.6058276808856315,0.26251354511167335,-2.5714285714285716
0.04776260708275616,-0.08163265306122448,-9.279381649246506,0.25601678235758785,0.17745731086719108,0.7707241891911406,0.7076894909817729,0.40277211526811874,0.040136788559938276,2.6378578728328788,0.279180356106262,-2.5714285714285716
0.05040835685357089,0.08163265306122448,-8.839959166903745,0.2687800644578964,0.18630414386971106,0.7647733838281362,0.7055495992031969,0.422121162776981,0.04044662187345125,2.60682511367455,0.2925920938335498,-2.5714285714285716
0.05300657557211987,0.24489795918367346,-8.4549201024426,0.2782642722174442,0.19287809573808645,0.7511254374022389,0.6916259493246388,0.43774785312992126,0.12259938410660291,2.5298755404432964,0.3034236901931737,-2.5714285714285716
0.05631902080376703,0.40816326530612246,-8.115801523667646,0.2805908787290097,0.19449077648185065,0.7294103875570345,0.6686068637643132,0.44185433403273544,0.20648051436432963,2.4189010319842676,0.3062700858529821,-2.5714285714285716
0.060440982638355845,0.5714285714285714,-7.817663503702422,0.2727541945751484,0.18905880095566263,0.7015094982515808,0.6376588480698635,0.4294883279154553,0.29028706399980997,2.2886885933204986,0.29769862357800303,-2.5714285714285716
0.0650958167606499,0.7346938775510204,-7.557355527250953,0.25461064134306044,0.17648264818750192,0.669730452517591,0.6005378992306865,0.4005182176369111,0.37037062969113155,2.145820838628592,0.2776180733179192,-2.5714285714285716
0.06986570710180406,0.8979591836734694,-7.331953414996833,0.2287943343305705,0.1585881477693245,0.6360946520134868,0.5602199176392204,0.35931921099453756,0.44279867980663906,2.00085271298165,0.2490610980218877,-2.5714285714285716
0.07437518099955202,1.0612244897959184,-7.138017119537288,0.19933289083786843,0.13816703127713192,0.6025368900007814,0.5200972288806396,0.312442287150104,0.504982411241193,1.8594652479490166,0.21656849042579518,-2.5714285714285716
0.07839078359169353,1.2244897959183674,-6.971608638055295,0.16994204771761057,0.11779485123404498,0.5730547267847028,0.48284074934908877,0.2658402080757556,0.5562782030731466,1.7292658551504951,0.1842663907071791,-2.5714285714285716
0.08182612933311664,1.3877551020408163,-6.828673581036143,0.1430508217822557,0.09915527379515399,0.5459145131743377,0.44988676570725855,0.22334363854071215,0.5975465591408622,1.6125516671593412,0.1548100133504935,-2.5714285714285716
0.08469535878101452,1.5510204081632653,-6.705416855282641,0.1197506928661114,0.08300485513024469,0.5209420321960797,0.4216053346419447,0.1866316786874136,0.6303622213016167,1.5088114899396505,0.1293632218853502,-2.5714285714285716
0.08706226873962399,1.7142857142857142,-6.5985162510521755,0.10020840449743362,0.06945917304580673,0.4983575602400277,0.39772422167058713,0.1559202188069877,0.6564087370839398,1.4173025365984093,0.10807566005835278,-2.5714285714285716
0.08900572936535477,1.8775510204081634,-6.505182551554604,0.08410789874489799,0.05829915287784737,0.47811340266759633,0.3776927171667914,0.13067410059136364,0.6771757020690676,1.337052664493559,0.09057638439710924,-2.5714285714285716
0.09060178913609795,2.0408163265306123,-6.423128171747461,0.0709524884818582,0.04918051734491202,0.4600292908194551,0.36090069743271647,0.11008578430140714,0.693868064228169,1.2667568950875887,0.07630565100825049,-2.5714285714285716
0.09191657766449386,2.204081632653061,-6.350497637394934,0.06022719661677067,0.04174631152794395,0.4438756046989356,0.34678232700704636,0.09332879384615111,0.7074183497667771,1.2051129612630673,0.06469059031952007,-2.5714285714285716
0.09300477147148688,2.36734693877551,-6.285790883264575,0.051469490336429224,0.035675932111552955,0.4294179495850513,0.33485264251409613,0.07966606056210823,0.7185339089265187,1.150837080570527,0.05522030526494337,-2.5714285714285716
0.09391043714037375,2.5306122448979593,-6.227793347435573,0.04429080017261766,0.030700043264393795,0.41643834908480354,0.3247118735659459,0.06848128988517876,0.7277477509657168,1.1028606137098351,0.04746761300501978,-2.5714285714285716
0.09466870885441264,2.693877551020408,-6.175517373036499,0.03837584636344138,0.02660010970842075,0.4047426804569003,0.31603656560060134,0.05927616630519639,0.7354620343524982,1.0602104905810543,0.04108710754884859,-2.5714285714285716
0.09530758970479541,2.857142857142857,-6.1281550345074844,0.033471973360339025,0.023201003962496802,0.3941631826522205,0.3085670654860966,0.051652464448761926,0.7419818012381056,1.0221187778178489,0.03580276010163219,-2.5714285714285716
0.0958484752470761,3.020408163265306,-6.085041176055229,0.029384954567887256,0.020368098409613067,0.38455354348679754,0.30209439227920243,0.04530481496976968,0.7475412652256815,0.9879017382969137,0.03140290476208518,-2.5714285714285716
0.09630993848731433,3.183673469387755,-6.04562391163747,0.02595416290829089,0.01799005484367533,0.37579900950056394,0.2964566243983907,0.039980605286018545,0.7523166259264944,0.9570492891394153,0.027712443831083178,-2.5714285714285716
0.09670504078757616,3.3469387755102042,-6.0094428184401805,0.023054631310579055,0.01598025269177694,0.3677742493266177,0.29150504381198206,0.035485019717332644,0.7564577589838194,0.9290524789232479,0.024596341369182984,-2.5714285714285716
0.0970469980467176,3.510204081632653,-5.9761094484354205,0.020608269586692263,0.014284563960235142,0.3604079145268144,0.28714647302998414,0.03169359688965345,0.7600631220505569,0.9035808408920674,0.021968327325866177,-2.5714285714285716
0.09734079308487965,3.673469387755102,-5.945298046781964,0.01848167788796573,0.012810522920060352,0.3536247991403665,0.28328558760304423,0.028402519797808168,0.7632314550092177,0.8803223395076819,0.01968712651864868,-2.5714285714285716
0.09759710536856146,3.836734693877551,-5.916728686298969,0.0166764221784077,0.011559215014790514,0.34735582191009173,0.27985233196765835,0.025609169424220646,0.7660244527742488,0.8590059440096645,0.017750923582879885,-2.5714285714285716
0.0978214851445284,4.0,-5.890160830875128,0.015111736129175046,0.010474657291303258,0.341539338254105,0.27677700369956615,0.0231898376842552,0.7685027752840565,0.8393788598005525,0.016073970608484256,-2.5714285714285716
0.0873040797470663,-4.0,-29.349950436834728,0.030707670111666197,0.021284934959466373,0.30853457514849825,0.2564467403622988,0.046687879874987015,0.38084673772594774,0.7554346603334664,0.03236157230166903,-2.326530612244898
0.0864498716230602,-3.836734693877551,-28.39507196962852,0.030656318182625153,0.02124934051463545,0.31505623175490177,0.2597307633143163,0.04662092060013601,0.3802656656000618,0.7751855987676943,0.03231515966909315,-2.326530612244898
0.08529946089249996,-3.673469387755102,-27.44207657341891,0.03225769368569775,0.022359329429607833,0.32295263176367767,0.26396573880831875,0.04907453742349688,0.37927316607727385,0.8001163213628503,0.0340158772523802,-2.326530612244898
0.08459360111492595,-3.510204081632653,-26.491142611929956,0.02845437570117726,0.01972307029186471,0.3283806724612758,0.26673645646575883,0.043275705932192654,0.3794290350196886,0.8149427507620892,0.029996433553640234,-2.326530612244898
0.0828352767858688,-3.3469387755102042,-25.54269784710451,0.03313987428398679,0.022970810424056465,0.33918467238110983,0.2729374555183477,0.05044836037393674,0.37766816989231794,0.8509980317163942,0.0349681387570655,-2.326530612244898
0.08130105203711115,-3.183673469387755,-24.59688677153871,0.03396186355471231,0.023540569969510372,0.3484820788372533,0.27836044003846094,0.05171720558334991,0.37669553019637675,0.8807557060438077,0.035847635236538,-2.326530612244898
0.07953818161270923,-3.020408163265306,-23.654131639940676,0.0348842507308742,0.02417992004005165,0.35859214975228526,0.2844710547754722,0.05314002353231295,0.375632269071703,0.913506166291058,0.03683385748631052,-2.326530612244898
0.07751132189127916,-2.857142857142857,-22.71486607293233,0.03586162360781531,0.02485738329405951,0.3695837856156885,0.2913605033648811,0.05464778080564736,0.3744766024878798,0.9495408947096753,0.037878955189292185,-2.326530612244898
0.07516682547809209,-2.693877551020408,-21.779606598707147,0.036926824400688396,0.025595724220369265,0.3815817607675926,0.29916838117161676,0.05629094098278031,0.37320437226988984,0.98939054262725,0.03901790703328034,-2.326530612244898
0.07243838348353869,-2.5306122448979593,-20.848971944469536,0.03812926195176081,0.026429190418694626,0.39473520590097794,0.3080644128585172,0.05814624750988262,0.3717803878841369,1.033704719270053,0.040303907521614946,-2.326530612244898
0.06925012950265722,-2.36734693877551,-19.92370754336042,0.03950112538916706,0.027380093692445984,0.4091973673931918,0.31823730886499957,0.06026646682484582,0.37016411079377437,1.0831738068713772,0.04177353156195052,-2.326530612244898
0.06550141785126282,-2.204081632653061,-19.00471673432563,0.041160029858130276,0.028529958647925957,0.4251851691554385,0.32993788875185215,0.06284054365487668,0.3682776648947545,1.1388506176756135,0.04355774565923154,-2.326530612244898
0.061081671412970995,-2.0408163265306123,-18.0931007288098,0.04319160476938366,0.02993813906975773,0.442908830398773,0.3434341217354317,0.0660107699434982,0.36602802265564144,1.2017226924695343,0.04575517907292692,-2.326530612244898
0.055853686820749135,-1.8775510204081634,-17.190210535086447,0.04578939500215329,0.031738790045288345,0.4626449084097719,0.3590635253694917,0.07008418964039276,0.3632573481361995,1.273239739662098,0.048578658451067014,-2.326530612244898
0.04966117211708266,-1.7142857142857142,-16.297715700915518,0.04923655172600272,0.03412817700937265,0.48471280576696407,0.37722094608227025,0.07550899322040339,0.3597258617140113,1.355113837452221,0.05233884575764236,-2.326530612244898
0.042332412700450545,-1.5510204081632653,-15.417698574319946,0.053971953092266656,0.03741050711521843,0.5094869314800039,0.39837473579140015,0.08297703900243514,0.3550586498247038,1.4498391016115129,0.0575153006357505,-2.326530612244898
0.0336936542204143,-1.3877551020408163,-14.552790257819115,0.06066974331273789,0.04205306152251986,0.5373945085031036,0.42308607848263335,0.09355233581319,0.34866414560153425,1.5597681271737684,0.06484553780371005,-2.326530612244898
0.023597939221129287,-1.2244897959183674,-13.706379106869482,0.07033410340668134,0.04875188547355269,0.5688789040894388,0.4520366963779054,0.10883865692670325,0.3396047910062703,1.6886264133723512,0.07544120818467537,-2.326530612244898
0.011982833306478587,-1.0612244897959184,-12.882946628011682,0.08435147794139253,0.058467989111140595,0.6042498812550849,0.4860416614019753,0.13105388153016895,0.32640303068960225,1.839621773659058,0.09083962848407312,-2.326530612244898
0.0010165307603825836,-0.8979591836734694,-12.088605042863746,0.10429290307431982,0.07229033171837629,0.6432145894244098,0.5259196601178072,0.16271829515398428,0.30679965792968134,2.0139144499956028,0.11278772751150479,-2.326530612244898
0.014859660526179994,-0.7346938775510204,-11.331835248170178,0.1309477101521903,0.09076603609277156,0.6836939686658854,0.5718070910110554,0.2051392623468442,0.2776441873866763,2.2075222627987627,0.14219170131786196,-2.326530612244898
0.028322590626369704,-0.5714285714285714,-10.623953831145576,0.1620692752683781,0.11233786120766998,0.7197967820577447,0.6212174850289165,0.25481453260862397,0.2355384636826916,2.4014883545918146,0.17662397484336756,-2.326530612244898
0.03953059841131635,-0.40816326530612246,-9.977660407990731,0.19088262438291936,0.13230975290890368,0.7520157517690284,0.6666241885797085,0.3008295641553267,0.1791001565478074,2.5553265812062187,0.2085191642233415,-2.326530612244898
0.047027804731550674,-0.24489795918367346,-9.401875603980129,0.21144205296495633,0.1465604628644661,0.7788933882698056,0.6979068170809303,0.33296136009533184,0.11139343875350746,2.655229106405329,0.2307912279854838,-2.326530612244898
0.05116304232574663,-0.08163265306122448,-8.896248553481675,0.22606823898879425,0.15669856246923475,0.7822845103540325,0.710826720685776,0.354461479728597,0.03786032677572049,2.6809256390591916,0.24569397529098325,-2.326530612244898
0.05362918692299847,0.08163265306122448,-8.452546852388558,0.23950487439019152,0.16601212841392532,0.7762047460616914,0.7086414595742444,0.3750207091271536,0.03845542408599758,2.6508563087256993,0.25994454718307747,-2.326530612244898
0.055950537924533125,0.24489795918367346,-8.061057617684757,0.25102624512938343,0.17399813405798192,0.7632716647960458,0.6956332225699656,0.39381111259208623,0.11732413993113273,2.576765402173498,0.2729690623663794,-2.326530612244898
0.05889188610764303,0.40816326530612246,-7.714614616999852,0.2565779451838277,0.17784627929803443,0.7419780458772988,0.6738878764441565,0.40299515686330656,0.19862314200891476,2.4685207847212527,0.27933495675911324,-2.326530612244898
0.06260248767125114,0.5714285714285714,-7.408864296243134,0.252885611940179,0.1752869489205111,0.7142549443123352,0.6443421789336924,0.39723899947192143,0.2805465609032344,2.3389166535928263,0.2753450924924157,-2.326530612244898
0.06686227801923235,0.7346938775510204,-7.140946726341883,0.23924396369885015,0.16583127890384408,0.6823951247127267,0.6084933772426935,0.3755050069060992,0.35961049868031925,2.1955941343113414,0.2602802368231054,-2.326530612244898
0.07129262251003776,0.8979591836734694,-6.908167898615821,0.2176262753421132,0.15084703916914832,0.6484200032379579,0.5690324893917055,0.3410798843330993,0.43193393975592914,2.047761698428234,0.2364185601712001,-2.326530612244898
0.07553212152446362,1.0612244897959184,-6.707301510595031,0.19159054560145528,0.1328004465055901,0.614281966615767,0.5292072461024097,0.2997401457199156,0.49474811886250103,1.9039387007145718,0.20776403690638645,-2.326530612244898
0.07934145983579276,1.2244897959183674,-6.534568949700095,0.1647138899868188,0.11417096844342445,0.5829891032778509,0.49174333193727016,0.2572093189906175,0.5470992732562562,1.7692533079863595,0.17828391427208956,-2.326530612244898
0.08262005026945662,1.3877551020408163,-6.385992801854717,0.13953786184117023,0.09672027551657014,0.5552461143422102,0.4582442654381075,0.21749816970517166,0.589563998530615,1.6489531316442956,0.15075824310808805,-2.326530612244898
0.0853681412325364,1.5510204081632653,-6.257780032684079,0.1173604978996039,0.08134809822822198,0.5295987575229307,0.42925132554312634,0.18261755243025402,0.6235348697140394,1.5417936200330884,0.12658084158778848,-2.326530612244898
0.08763911218828419,1.7142857142857142,-6.146561875303519,0.09854246019884672,0.06830442845227158,0.5063273359275023,0.404615206127332,0.15309446382102943,0.650609495345261,1.447067696506198,0.10611699595688284,-2.326530612244898
0.08950481970092514,1.8775510204081634,-6.049479661105869,0.08291171672584596,0.05747002268390489,0.48542220750122705,0.3838560510675384,0.12862476299653514,0.672253189349928,1.3638395525369673,0.08915589182123984,-2.326530612244898
0.09103670913760116,2.0408163265306123,-5.964170865992479,0.07006697519164007,0.048566726304448915,0.4667231049264437,0.36639714393613637,0.10855410825314848,0.6896774924002169,1.2908601882956157,0.07524397407386862,-2.326530612244898
0.09229782726495595,2.204081632653061,-5.888708953145842,0.059552915905393355,0.0412789357539467,0.4500083707349397,0.3516838635483402,0.09215208124200291,0.7038334513051667,1.226818995754871,0.06387495529562459,-2.326530612244898
0.09334068267940006,2.36734693877551,-5.821530655998062,0.050943507822325707,0.03531134881487885,0.4350446321511265,0.33923099901528675,0.07874059741478368,0.7154492734947571,1.1704609950042832,0.054578823093662354,-2.326530612244898
0.09420777019304029,2.5306122448979593,-5.761367079525226,0.043872175085132525,0.030409874465291864,0.42161111337145046,0.3286332320673265,0.06773912824656048,0.7250772652383976,1.1206506553815223,0.04695318575769125,-2.326530612244898
0.09493298675477614,2.693877551020408,-5.707184686445542,0.03803772266358374,0.026365740219184586,0.4095090159820647,0.31955940159895474,0.0586723413217487,0.7331361896306406,1.076420358354953,0.04066856796402041,-2.326530612244898
0.09554322302050075,2.857142857142857,-5.65813718261383,0.033197034670017,0.023010430984473196,0.39856555199043703,0.3117425037161272,0.05115761463753277,0.739944310134365,1.0369087083612196,0.03545975635017795,-2.326530612244898
0.096059920355147,3.020408163265306,-5.613527253336443,0.029157291112644312,0.020210294127495088,0.3886310943381948,0.30496724065100034,0.04489215493932841,0.7457456774038468,1.0014507304807179,0.031116870625455206,-2.326530612244898
0.09649980082447494,3.183673469387755,-5.572776487195744,0.025764285306605572,0.01785844171941564,0.3795792140644155,0.2990603536133589,0.039634263555991645,0.7507292117621651,0.9694827812039708,0.02747237803740532,-2.326530612244898
0.09687635324066562,3.3469387755102042,-5.535401851143791,0.02289731908830195,0.015871212168437898,0.3712994272235693,0.293882265985219,0.0351952600395844,0.7550414726974938,0.9405296633286178,0.024395495265511435,-2.326530612244898
0.09720101102859514,3.510204081632653,-5.5009966245300355,0.020460586099038558,0.014182197567152777,0.36370645997007267,0.28931809181506474,0.03142462082092434,0.7587972772687526,0.9142226668765211,0.021781887322188442,-2.326530612244898
0.09748259113001596,3.673469387755102,-5.469218299827398,0.018375543245390702,0.012736955991800025,0.3566936305044462,0.28526969071483255,0.028201991100140322,0.7620964194990081,0.8901331230949379,0.0195481306172387,-2.326530612244898
0.09772581126610025,3.836734693877551,-5.43977356518059,0.01658087128594854,0.011492984183082644,0.3502343404749403,0.28168246725759233,0.025428065000163702,0.7649957316372333,0.8681416153283881,0.017625391561958192,-2.326530612244898
0.09793585316026017,4.0,-5.4123797476573765,0.014995958705242618,0.010394406496332165,0.34420964536607424,0.2784755252627666,0.022981141414637474,0.7675831657461949,0.8477788192068813,0.01592931337760506,-2.326530612244898
0.08687570531992937,-4.0,-28.87361189380434,0.033856560223511245,0.023467579262384852,0.31469864037749734,0.2595919342533634,0.05147352057005872,0.37877770957403895,0.7748812605418982,0.03567872565663066,-2.0816326530612246
0.08593241793673136,-3.836734693877551,-27.919534368091337,0.034449579523674334,0.023878628918310607,0.3218508087550853,0.2632979699903177,0.052392543562658656,0.37794103005467716,0.7970111802968841,0.03631574385282077,-2.0816326530612246
0.08504655567868855,-3.673469387755102,-26.967408254214533,0.033463389627243156,0.023195054172102658,0.3286775180493708,0.26682656914935715,0.050899026653462354,0.37740941340732653,0.8175383274978144,0.03528051681809252,-2.0816326530612246
0.08328420346293922,-3.510204081632653,-26.017484708496525,0.038967377623912114,0.027010127933829287,0.3394254426197566,0.27318343479350965,0.05931126397407738,0.3752985683795293,0.8535858171187165,0.04111143539907758,-2.0816326530612246
0.08210554645411458,-3.3469387755102042,-25.070078561750446,0.03805781814721332,0.026379669347003754,0.34759724022165944,0.27768096617472426,0.05794594621936522,0.3746507237415481,0.8790158236042951,0.04016506924683094,-2.0816326530612246
0.08060616813145469,-3.183673469387755,-24.125462964224717,0.038185836121965355,0.026468404645264343,0.3569875267168647,0.28318160018587984,0.058162578557046984,0.37366223740388904,0.9090348647378453,0.04031522734091286,-2.0816326530612246
0.0787519539264783,-3.020408163265306,-23.18403922854929,0.03941543065273123,0.027320694627496422,0.36775510839018277,0.28979552654627116,0.06006107504591407,0.3723198216884812,0.9443674280655198,0.04163116482947382,-2.0816326530612246
0.07666725644333867,-2.857142857142857,-22.246269420871688,0.04033477775913674,0.02795793748225761,0.3792774980178903,0.29710943059033623,0.061486243475383784,0.37094417004982,0.9824726093985147,0.04261901630818388,-2.0816326530612246
0.07422250509532727,-2.693877551020408,-21.312699573323147,0.041530046880239535,0.028786434903560254,0.3919870217898169,0.30549347227896956,0.06333462176069427,0.3693687814887133,1.0251655801632547,0.04390021450525561,-2.0816326530612246
0.07137426904479348,-2.5306122448979593,-20.383986294626432,0.042834589554735736,0.02969067498030764,0.40593147685934206,0.3150497597088448,0.06535133402810711,0.36760280315428484,1.0726838855251815,0.04529809292741316,-2.0816326530612246
0.06803867931270022,-2.36734693877551,-19.460922323268665,0.044284988035266704,0.030696014597776156,0.4212862098185537,0.32599037118421165,0.06759302524472366,0.3655923965881251,1.1258209675190485,0.04685191487389684,-2.0816326530612246
0.0641101603729506,-2.204081632653061,-18.544470841974693,0.04597465490663222,0.031867202425748475,0.43827397206227303,0.33858141544914516,0.07020567691173385,0.3632515504693153,1.1856369642932407,0.048662867010670574,-2.0816326530612246
0.059467153451870515,-2.0408163265306123,-17.635809190966434,0.047979814060366,0.033257072839733004,0.4571260328663273,0.3531181728739898,0.07331450898932079,0.36046703211364306,1.253293007637376,0.0508177452000842,-2.0816326530612246
0.0539642549957271,-1.8775510204081634,-16.736385544906728,0.050454962631027556,0.034972715092953965,0.4781213831754584,0.3699559757792463,0.07717360805542706,0.35706309924476054,1.3302724589807575,0.05349266883725701,-2.0816326530612246
0.04743396896622136,-1.7142857142857142,-15.847993435421639,0.0536457143982938,0.03718437568430111,0.5015815810837807,0.3895096973220357,0.08217337105114231,0.3527705503445343,1.4182910196816838,0.05695824046120457,-2.0816326530612246
0.039695681607810555,-1.5510204081632653,-14.972872347074379,0.05793025008316732,0.04015418951428007,0.5278587967349944,0.4122519791821403,0.08890974955696596,0.3471782575470032,1.5199724486085815,0.06162754222970168,-2.0816326530612246
0.03057349388100903,-1.3877551020408163,-14.1138486890537,0.06388820439342524,0.04428392874634013,0.557311313287874,0.4387134537600149,0.0982908273847003,0.3396529076122329,1.6378217680942084,0.06813000987660889,-2.0816326530612246
0.019934795331089515,-1.2244897959183674,-13.274541983095567,0.0723634977991856,0.050158554474961425,0.5902204012354808,0.46946834071767024,0.11164239414419175,0.3292222737776528,1.774633954185127,0.07738461073200842,-2.0816326530612246
0.007764548162351406,-1.0612244897959184,-12.459673444227633,0.0844481719195258,0.058535012269460784,0.6265614990606792,0.5050650734015948,0.13071757289953556,0.31442174352747826,1.9318651221224024,0.09060651710495193,-2.0816326530612246
0.0057005931825808934,-0.8979591836734694,-11.675503962054707,0.10117997591448136,0.07013261503424606,0.665441770288183,0.5457610803394433,0.15719717396568278,0.29315632685830895,2.1085351710371385,0.10896077792630354,-2.0816326530612246
0.019762234985571468,-0.7346938775510204,-10.930300554149476,0.1225948427790895,0.08497626962351545,0.7039721164232946,0.5907408690725843,0.19120801910519525,0.26278821087024395,2.2969707876814422,0.13253529934321762,-2.0816326530612246
0.03306781459932587,-0.5714285714285714,-10.234278419729746,0.1461910622841387,0.10133192264531399,0.7359193666557932,0.6365958587750354,0.22886495916109384,0.22092503231553415,2.476503603649064,0.15863710117147933,-2.0816326530612246
0.04384206374413936,-0.40816326530612246,-9.597760501218271,0.1670309493609814,0.1157770316158151,0.7689276890721222,0.6764168830046078,0.26217953943535255,0.16715775725096998,2.6125830358349105,0.1817290085601191,-2.0816326530612246
0.0509492917520343,-0.24489795918367346,-9.027000665482625,0.18245656984653724,0.1264692569637662,0.7916455037320136,0.7028836044511454,0.28623500706764693,0.10414708383361089,2.7012857073922567,0.19840298812649504,-2.0816326530612246
0.054865854077760845,-0.08163265306122448,-8.52087665765362,0.1955135906602945,0.13551969412733467,0.793239846941953,0.7137104352841899,0.3055105640549227,0.03562987321065716,2.7220246523838054,0.21176378610594693,-2.0816326530612246
0.05713511347329816,0.08163265306122448,-8.072594829889676,0.20944697859054306,0.145177582686834,0.7871405764705445,0.7115367693109611,0.3269566416315075,0.03645979447598955,2.6929772676704706,0.22662907431222745,-2.0816326530612246
0.05916111998648273,0.24489795918367346,-7.674328169404249,0.22278538152504845,0.15442305907405895,0.775089937169604,0.6994841210279246,0.34852177858406064,0.11194169671157543,2.622305532148161,0.24157688818927836,-2.0816326530612246
0.06170791748453887,0.40816326530612246,-7.320138748542401,0.23139304570820096,0.16038943723381793,0.7543812896809292,0.679082897649063,0.3624663821719074,0.19050935656143736,2.517586269277559,0.25124255085022096,-2.0816326530612246
0.0649777908228956,0.5714285714285714,-7.006278899323051,0.23177066690558723,0.1606511843021059,0.7270090064095256,0.6510321989000589,0.3631483337815511,0.2703920427889265,2.3894014100314016,0.25171524368572396,-2.0816326530612246
0.06880963449331882,0.7346938775510204,-6.730210245909653,0.22267894387847598,0.15434928211943189,0.6952207757162041,0.6165691538949095,0.3486776936862461,0.34828592675258385,2.2462349861806095,0.24168496030276598,-2.0816326530612246
0.07286765960817969,0.8979591836734694,-6.489492364069291,0.20542263670459082,0.14238812145497715,0.6610261735405514,0.5780901990805978,0.3212476657012697,0.42038734319463594,2.0964979366758887,0.22267191374229878,-2.0816326530612246
0.07680795108111572,1.0612244897959184,-6.2811336713228645,0.18304101224179492,0.1268743615622383,0.6263898735422765,0.5386720504971366,0.2857831583929942,0.4837733520471679,1.9499296401430277,0.19808979049162057,-2.0816326530612246
0.08038715510081736,1.2244897959183674,-6.101536369465743,0.15891085903371582,0.11014861389957886,0.593193224205718,0.5010708174071512,0.2476774394165817,0.5371847173147868,1.8114671355764118,0.1716769188199101,-2.0816326530612246
0.08349051027493319,1.3877551020408163,-5.946818295772795,0.13564506182749403,0.09402199216260687,0.5648843983583728,0.4670512049210839,0.21105266338145823,0.5808978095189874,1.6870427030209114,0.1462905585725256,-2.0816326530612246
0.08610340866927102,1.5510204081632653,-5.813199755161791,0.11473530007561239,0.07952844975811013,0.5385733190296133,0.4373351232138621,0.17822853840541475,0.6161003260585192,1.5763076777329321,0.12353860889103219,-2.0816326530612246
0.08826767551132152,1.7142857142857142,-5.697269251705542,0.09674105040920056,0.06705578633554454,0.5146085404029326,0.4119104227115825,0.15004938308061977,0.6442858698176799,1.4782642572954117,0.10400630682709044,-2.0816326530612246
0.09004722722568294,1.8775510204081634,-5.596097007944167,0.08164524390508099,0.056592170618935844,0.4930257296106754,0.3903801253445063,0.12645846603745836,0.6668848676334881,1.3919362577151424,0.08765432919179972,-2.0816326530612246
0.09150825174869417,2.0408163265306123,-5.50724083987378,0.06915253007923106,0.047932881253005766,0.47368987625234693,0.3722087916624396,0.10697079928321385,0.6851107268347215,1.3161424170780704,0.07414650792540334,-2.0816326530612246
0.09271026507110677,2.204081632653061,-5.428697214130249,0.0588753797417052,0.040809303472359115,0.4563906684775722,0.35685734940595115,0.0909645897934408,0.6999317737884855,1.2495740300346847,0.06305184894611493,-2.0816326530612246
0.09370331983497168,2.36734693877551,-5.358833631941959,0.050429677673500706,0.034955188895934075,0.4408975743000303,0.3438422041150524,0.0778291467431127,0.7120976818886031,1.1910162277257554,0.053947053630374775,-2.0816326530612246
0.09452811505491135,2.5306122448979593,-5.2963212969504,0.043474950484821306,0.03013453935353727,0.4269880293520167,0.3327530709134539,0.06702601425588695,0.7221812386907047,1.139297042185873,0.04645889280563864,-2.0816326530612246
0.09521721375311955,2.693877551020408,-5.240075903340698,0.037725599397088416,0.026149392857025555,0.4144597080258693,0.32325158198894605,0.058105237296803836,0.730618656403031,1.0933650468721254,0.040275481408045266,-2.0816326530612246
0.09579637746688496,2.857142857142857,-5.189208579846331,0.032948989270488394,0.022838499015139346,0.40313479846824807,0.3150624684769353,0.05070127841845773,0.7377430262102287,1.0523566184638868,0.03514344818653914,-2.0816326530612246
0.09628617758070407,3.020408163265306,-5.142986462918059,0.02895744977061021,0.020071774664705,0.3928586853737731,0.30796277261552774,0.04451992557361795,0.743810366721477,1.0155790367250042,0.030858860890091933,-2.0816326530612246
0.09670126578955708,3.183673469387755,-5.10046925420154,0.025447515182088765,0.017638873400721344,0.38314860366928305,0.3015736802483535,0.03908409345789732,0.7489612939826539,0.9813099656298362,0.02709102918508277,-2.0816326530612246
0.0970594593271123,3.3469387755102042,-5.062145847982231,0.02276682056369772,0.015780757484041175,0.37494735123468304,0.2963472036736879,0.03494476993976692,0.7535212094105898,0.9524679213986756,0.024221868759064513,-2.0816326530612246
0.0973665311825663,3.510204081632653,-5.026590903788739,0.02035600201377452,0.01410970540332035,0.367070090291739,0.2915444507013667,0.031220545585749715,0.7574542941808977,0.925141999580502,0.02164043314830444,-2.0816326530612246
0.0976307593221916,3.673469387755102,-4.993780809551625,0.01829061725641834,0.01267808978198759,0.35987274571692107,0.2873248774979184,0.028032164009446525,0.7608806531381769,0.9003578303336938,0.019430415448141503,-2.0816326530612246
0.0978606350558514,3.836734693877551,-4.963402907587724,0.016516805175404325,0.011448576939189437,0.3532105506040573,0.2835619609883643,0.02529579906986479,0.7639048458420675,0.8776273393578313,0.017533711805287844,-2.0816326530612246
0.09806186298512506,4.0,-4.9351965785790854,0.014978182221376368,0.010382084776659584,0.3470302988835459,0.280192172610532,0.022923619324979327,0.7665887428420957,0.8567003821027843,0.015889442103338425,-2.0816326530612246
0.08651553095929239,-4.0,-28.398370641962742,0.03635430248049465,0.025198882265577982,0.32078440357657806,0.26272249761900496,0.05526087360843146,0.376713464483491,0.7938003955194903,0.03830391873696337,-1.836734693877551
0.08490766753041792,-3.836734693877551,-27.44514443064733,0.0422571980614177,0.029290457694634897,0.33081851374883664,0.26865580025361413,0.06426717032456919,0.3744573615841233,0.827315439244441,0.04454660791304077,-1.836734693877551
0.08421580873273558,-3.673469387755102,-26.494065842957422,0.039655844503957205,0.027487336810641416,0.33734532308750975,0.2717816348044472,0.06033399500186842,0.3742222667623061,0.846536534897794,0.041820338527462475,-1.836734693877551
0.08293030316315524,-3.510204081632653,-25.545246009061337,0.040737419594207847,0.02823702753501256,0.3462206410942517,0.27679419528079124,0.062005219058020256,0.3729972421528818,0.8749382973589797,0.0429787427700683,-1.836734693877551
0.08144709680974538,-3.3469387755102042,-24.59902727243745,0.0420530893223785,0.029148980297642346,0.3559136604596337,0.2824600786208835,0.06403713168869851,0.3716272566789187,0.9063643825004324,0.04438715728116627,-1.836734693877551
0.0812101778807091,-3.183673469387755,-23.65472558510573,0.030552764937038734,0.021177562874418854,0.35689082988276505,0.28392960887310664,0.046445800146353466,0.3731377970820299,0.9035618265315514,0.032193775420295,-1.836734693877551
0.07789997735753078,-3.020408163265306,-22.715842533598813,0.044209512254119065,0.030643698772873318,0.3774720554266979,0.2956769251251621,0.06738379523744031,0.3686740234533228,0.977224929108367,0.046706887684260234,-1.836734693877551
0.07568285331874011,-2.857142857142857,-21.779772299230576,0.04556761801218112,0.03158506594997568,0.38983707914777993,0.30367282605714097,0.06948929186162855,0.3669245511066387,1.0187111620969418,0.04816630673299427,-1.836734693877551
0.0731196455953139,-2.693877551020408,-20.84812781872065,0.046936513600201124,0.03253391206729295,0.40333277626574693,0.3127235452715294,0.07161389947895191,0.3649979170164872,1.0645875711568333,0.04963897251273863,-1.836734693877551
0.07013036855449853,-2.5306122448979593,-19.921609643668774,0.048385734799687885,0.03353843565572512,0.4181486770799936,0.3230418931535594,0.073863703653823,0.36283652025283386,1.1156847344924057,0.051198417933361995,-1.836734693877551
0.0666209317562761,-2.36734693877551,-19.00106588168966,0.04996033899681862,0.0346298681154642,0.43448584063799195,0.33486807653044137,0.07630692306468223,0.3603703638524025,1.1729191512224832,0.0528919285794891,-1.836734693877551
0.06248117077831831,-2.204081632653061,-18.087529558711513,0.05170332551846046,0.035838014308694044,0.4525614424293293,0.34847639302643474,0.0790092358900285,0.35750788754002893,1.2373446437769375,0.05476502909536851,-1.836734693877551
0.05757769277573249,-2.0408163265306123,-17.182266425027148,0.05368645083960644,0.037212612033743264,0.47262609453893806,0.3641906962900198,0.08208182686688881,0.35411470665226674,1.3101998092058655,0.05689478686799365,-1.836734693877551
0.05175325611056107,-1.8775510204081634,-16.28683648572073,0.05602495308687727,0.038833538273172374,0.4949612508421047,0.3823850902812124,0.08570744787127982,0.3499923383144351,1.3931120454636274,0.059407875844966096,-1.836734693877551
0.04482978905909352,-1.7142857142857142,-15.403173799822769,0.05890254803679129,0.040828135099498564,0.51987039859462,0.40347972756607076,0.09018717347695437,0.34484500814828845,1.4878649844133822,0.06251298501822156,-1.836734693877551
0.036618971023480315,-1.5510204081632653,-14.533691327191198,0.06261016140897757,0.04339805685503584,0.5476558245567474,0.42792762105321014,0.09598639597036174,0.33822907499950716,1.5969610373875007,0.0665326997389668,-1.836734693877551
0.02694775593415234,-1.3877551020408163,-13.681421257355154,0.06759334214672119,0.04685213453362347,0.578560281073706,0.45618354641825193,0.10380057376309493,0.3294804482636359,1.7225125060564381,0.07194907504439385,-1.836734693877551
0.015709582275456945,-1.2244897959183674,-12.850205746199533,0.07448381690249883,0.05162824768331031,0.6126319427301878,0.4886369578473045,0.11460929173019796,0.31761863516588396,1.8663993728042005,0.07944110742875887,-1.836734693877551
0.0029572916567251807,-1.0612244897959184,-12.044951381290153,0.08403309911417534,0.05824730572470527,0.6494263395793769,0.5254592959006348,0.1295924078206423,0.3012462026649002,2.027972041783827,0.08982661210285281,-1.836734693877551
0.010946733933187767,-0.8979591836734694,-11.271923908249681,0.09677659866922506,0.06708042651175483,0.6874142862926275,0.5662509373009713,0.1496714128312444,0.27851990129402665,2.203739028442017,0.10374431781440085,-1.836734693877551
0.0251417052763922,-0.7346938775510204,-10.538910525105496,0.11226927218730998,0.07781912948015046,0.7230740629907357,0.6093337854897947,0.17424614190074772,0.24738676408276333,2.383165916721192,0.12077822198195065,-1.836734693877551
0.03819389753358863,-0.5714285714285714,-9.854733784020059,0.12832970852406156,0.0889513756455329,0.7503401692177458,0.650872798761413,0.19995859631672186,0.20634995454489286,2.5467650531580968,0.13860073726565947,-1.836734693877551
0.048491669002859374,-0.40816326530612246,-9.227363607316038,0.14203920994536512,0.09845407790259197,0.7845819754662915,0.6851262275422794,0.22200798732033533,0.155588771044058,2.668229368536572,0.15388421047287748,-1.836734693877551
0.055203654264470006,-0.24489795918367346,-8.660883040929239,0.15311455851484546,0.10613092453724593,0.8034314892399593,0.7072499688127547,0.23929113369504096,0.09716600206975154,2.7435807122357536,0.1658639746537105,-1.836734693877551
0.05888914095460083,-0.08163265306122448,-8.153787690958254,0.16471305053487084,0.11417038657967349,0.8033924743446076,0.7162539872259639,0.2565007641709496,0.03344726654895667,2.7606714425099077,0.17779278149656452,-1.836734693877551
0.06094409389093909,0.08163265306122448,-7.700631611823471,0.1789124488071896,0.12401265945777928,0.7973924513908857,0.7141538971536863,0.278429873872879,0.03446410478530319,2.73239583555856,0.19299288205864684,-1.836734693877551
0.06265722113235012,0.24489795918367346,-7.295267021952054,0.19378537707250576,0.13432178775155323,0.7864012318357633,0.7031008806849172,0.30228660237760874,0.10646404589591525,2.665754522223874,0.2095291061590845,-1.836734693877551
0.06478729531547303,0.40816326530612246,-6.932909609781708,0.20520699007452858,0.1422386466013521,0.7664596350801721,0.6841195297145596,0.32056194274586236,0.18215042495007355,2.5654288753030476,0.22219660680911257,-1.836734693877551
0.0675875873022687,0.5714285714285714,-6.610431761548266,0.20950660455587977,0.14521891225659544,0.7396393835184354,0.657665679368681,0.3273939453494954,0.2598267992056063,2.4399538726522514,0.22693219015139965,-1.836734693877551
0.07095782018496424,0.7346938775510204,-6.325647767479825,0.20494941936740751,0.14206011219191672,0.7081076985947361,0.6247147822125683,0.3201108483564066,0.33638679171432573,2.297292426239462,0.2218839320048951,-1.836734693877551
0.07460882235781384,0.8979591836734694,-6.076396301398581,0.19217337669005463,0.1332044342313956,0.6738455445081805,0.5873597625662668,0.29982338085715954,0.40813142991224094,2.146726458728491,0.2078217311070909,-1.836734693877551
0.07821805490846417,1.0612244897959184,-5.859943652964395,0.17365370495047738,0.12036757598021186,0.6388214300506581,0.5484791040444252,0.2705351903020392,0.4720134085803189,1.9972729643555196,0.18752070440010637,-1.836734693877551
0.08154052738602335,1.2244897959183674,-5.6728968266409145,0.1525006744598829,0.10570541253535781,0.6047561353033786,0.510830972170029,0.2372020692892911,0.5264776202760466,1.8559321415246484,0.16441594555085715,-1.836734693877551
0.08444773762870482,1.3877551020408163,-5.511490274317986,0.13134836541071904,0.09104374915559732,0.5748154280305169,0.4763309504782319,0.20397491868475326,0.5714861318419822,1.7269478565547112,0.1413846397912799,-1.836734693877551
0.08690940505862924,1.5510204081632653,-5.371971849059155,0.11186162792514676,0.0775365720091612,0.5478640272635054,0.44588932588671737,0.17344730097046757,0.6079980517911768,1.61244676883301,0.12022450764341164,-1.836734693877551
0.08895464186793635,1.7142857142857142,-5.250893246030033,0.09479971908989349,0.06571015800503477,0.5232072162424204,0.41964611144673336,0.1467806407911061,0.6373825117248002,1.5109519321442548,0.1017405873251378,-1.836734693877551
0.09063841583170289,1.8775510204081634,-5.1452530083139205,0.08031035288039412,0.05566689466881947,0.5009343699391582,0.39730097896701216,0.1241800595401501,0.6610222467250557,1.4214125472417134,0.08607505815202066,-1.836734693877551
0.0920209202312778,2.0408163265306123,-5.0525248569888195,0.06821490562575416,0.04728296950665434,0.48094208139434697,0.37836928851771223,0.10534633268228744,0.6801263640903976,1.342675089487549,0.07302051348105731,-1.836734693877551
0.09315763509565864,2.204081632653061,-4.970622117166652,0.05820232712754558,0.04034277895048577,0.4630355881499056,0.36233300835776233,0.08977953398989946,0.6956785153979403,1.2734589312536195,0.062230430857083796,-1.836734693877551
0.09409580822229573,2.36734693877551,-4.897836569741177,0.049936755043595404,0.03461352096478065,0.44698982419929145,0.3487129119408229,0.07694613331162259,0.708449971909033,1.21257800812626,0.053334995359939796,-1.836734693877551
0.09487409923127968,2.5306122448979593,-4.832773407386814,0.043107575610682236,0.029879894495318915,0.43258194394120103,0.3370948010294299,0.06635568386881419,0.719035120661522,1.158833320903072,0.04599425518779521,-1.836734693877551
0.09552352943759684,2.693877551020408,-4.7742921331395864,0.0374483243588557,0.02595720044603511,0.4196063900247521,0.3271328060012736,0.057589109733808375,0.7278892885007693,1.1110959444649444,0.03991772904294555,-1.836734693877551
0.0960687043110409,2.857142857142857,-4.721456640710122,0.03273710805320684,0.02269163414676667,0.40788040067599574,0.3185431771145798,0.05029840197481805,0.7353617462536299,1.0685005016952762,0.03486419551551512,-1.836734693877551
0.09652866927128907,3.020408163265306,-4.673494537954769,0.028795472131169397,0.019959500320612777,0.3972486835224376,0.31109508621597043,0.04420399041255063,0.7417211262833281,1.030335275075283,0.030639871323957735,-1.836734693877551
0.09692049841195104,3.183673469387755,-4.629764992970769,0.025477629737472807,0.017659747219879618,0.38756355652481483,0.3046003320016283,0.03907880426098975,0.7471765558572486,0.9959565228532055,0.027087362993158504,-1.836734693877551
0.09725474734536294,3.3469387755102042,-4.589732538976389,0.022669490819608118,0.015713293646340887,0.3787181098819586,0.2989074522633647,0.03474436610649212,0.7518900672526904,0.9648760858767127,0.024082959407056848,-1.836734693877551
0.09754612407534899,3.510204081632653,-4.552784617711695,0.020211942814095885,0.014009851175229349,0.3704916555438754,0.29376699681120816,0.030957184411383842,0.7560080876384221,0.93626037640674,0.021457885092824647,-1.836734693877551
0.09779064643663757,3.673469387755102,-4.519028132431561,0.01822995661966509,0.01263604303265109,0.3631404900742347,0.28944593565721133,0.027899674604991098,0.7595856577198413,0.9109035294469334,0.01933858079098938,-1.836734693877551
0.09800276599971443,3.836734693877551,-4.487650297908178,0.016447266825382556,0.011400376627931141,0.356239935280653,0.28548568330209095,0.025154866389864416,0.762758624156078,0.88731465342829,0.017436024715496767,-1.836734693877551
0.09819391853937581,4.0,-4.458544455415098,0.014951293923162634,0.010363447228562972,0.34992806134671267,0.28198513587156765,0.022851152826337984,0.7655283294607144,0.8659210147410611,0.015839212154120208,-1.836734693877551
0.08532122569434457,-4.0,-27.9243497596176,0.04556065728008196,0.031580241138146725,0.33045614405452284,0.26868616519146354,0.06927973792828546,0.372856852482601,0.8266624452490383,0.048021055014922265,-1.5918367346938775
0.0846960675273159,-3.836734693877551,-26.972198555414188,0.04327717864138103,0.029997454357862052,0.33690468050763767,0.27173322192209376,0.06581531166992427,0.3724690195334494,0.8457860580114593,0.04561969772168206,-1.5918367346938775
0.08342672454023996,-3.673469387755102,-26.022183951678116,0.04510082236978974,0.03126150786655435,0.34591341075395254,0.27683988009168087,0.06861999668093377,0.37097748486526244,0.8748682530888416,0.04756375722942163,-1.5918367346938775
0.08214383979213238,-3.510204081632653,-25.07459724711022,0.04592841520801594,0.0318351515090225,0.3550602510247444,0.28207035352217863,0.0699096270006474,0.36963775815326916,0.9042670666916903,0.04845766084949554,-1.5918367346938775
0.08117906239467503,-3.3469387755102042,-24.129674080752345,0.04257266637949231,0.029509123669864357,0.36277583837314503,0.2862957572678141,0.06480203377766935,0.36920495346121585,0.9273840517340813,0.044917347007541686,-1.5918367346938775
0.07885721201887197,-3.183673469387755,-23.188009019852366,0.04872812327817844,0.03377576126424686,0.37626922696537085,0.29492407070560517,0.07424818767197339,0.36631708898921683,0.9740724330220417,0.05146492194651353,-1.5918367346938775
0.07685063907270831,-3.020408163265306,-22.24981403660972,0.05016729226124772,0.034773317187210884,0.38825212637626527,0.3025526446750816,0.07648543418269416,0.36442966505584695,1.0142046810659242,0.05301566305763705,-1.5918367346938775
0.07452947364734587,-2.857142857142857,-21.31568438962074,0.05167289210293369,0.035816919472526854,0.4013440822903484,0.3111858380041892,0.07882961718359782,0.3623424830809415,1.0586335514766918,0.05464052689543042,-1.5918367346938775
0.07182738256401437,-2.693877551020408,-20.386243833629415,0.05326435820115938,0.0369200397114684,0.4157016935422213,0.3210051312863885,0.08131058501605715,0.36001153731315766,1.108051057293197,0.05636020275355946,-1.5918367346938775
0.06867092558706743,-2.5306122448979593,-19.462244662605148,0.05490319392930454,0.038055994075833155,0.4314716070794822,0.33220124172489557,0.08386918005958899,0.3573944541761639,1.163128109446281,0.058133685694178094,-1.5918367346938775
0.06495792190359403,-2.36734693877551,-18.544599791873626,0.05662908668257449,0.0392522917717113,0.44886991026138995,0.34503645894501933,0.0865653297069735,0.3544088601454191,1.2248612884568044,0.06000251422063041,-1.5918367346938775
0.06056880765904944,-2.204081632653061,-17.63442362251636,0.05845822384978083,0.04052015304201784,0.46812009895434364,0.3598034292436442,0.08942223782005154,0.3509502798050528,1.294353881457983,0.06198277202432978,-1.5918367346938775
0.05535871664907832,-2.0408163265306123,-16.73308407817163,0.06042810939209531,0.04188557365169876,0.48947494775070893,0.3768435260679904,0.09249508064960255,0.3468670248694406,1.3729218193474826,0.06411270436793615,-1.5918367346938775
0.049158078839476385,-1.8775510204081634,-15.842268709923271,0.06260187005093432,0.04339230972358554,0.5132040191230495,0.396539351358813,0.09587814886223445,0.34193947340587894,1.4622509065572102,0.06645766856116442,-1.5918367346938775
0.04177761806369827,-1.7142857142857142,-14.964068322787684,0.06508574909966613,0.04511400348306549,0.5395725888094374,0.4192987303208374,0.099734159892642,0.33584697632577,1.5642529422678983,0.06913045173509902,-1.5918367346938775
0.03302407533494391,-1.5510204081632653,-14.101082109770072,0.06805430134228896,0.04717164710038446,0.5687953792107089,0.44551872553915717,0.10434242163367147,0.3281211106467642,1.6805829541439357,0.07232465536817623,-1.5918367346938775
0.022735287797250304,-1.3877551020408163,-13.256548250733434,0.07177903989805667,0.04975343912863761,0.6009420446695376,0.47551661658497635,0.11014190835078441,0.31808453182180874,1.813477652688899,0.07634455323483769,-1.5918367346938775
0.010846964191227885,-1.2244897959183674,-12.434500884800531,0.0766363034679527,0.05312023767734786,0.6357526718649926,0.5094060834297747,0.11771106297642397,0.30478397457475925,1.962739873091596,0.08159109142282217,-1.5918367346938775
0.002495896550407406,-1.0612244897959184,-11.63993927717388,0.08302642307384156,0.05754953106561045,0.6723012216885539,0.5468819618512566,0.1276623640520511,0.2869503150201802,2.1259187930826835,0.08848880770629641,-1.5918367346938775
0.016784307728567444,-0.8979591836734694,-10.878943220565063,0.09109492741759428,0.06314219210281835,0.7084685250716612,0.5868681774314104,0.14026632769844527,0.26306685987427186,2.296984704153622,0.09722520957167413,-1.5918367346938775
0.031006735528722452,-0.7346938775510204,-10.1585408742163,0.10026612230396958,0.06949917998067545,0.740401351846506,0.627061942662564,0.15480765178326994,0.23167821762782367,2.463709298760073,0.10730448736267872,-1.5918367346938775
0.04370993073931105,-0.5714285714285714,-9.485959025764531,0.10912441773383952,0.07563928248245655,0.7665651599687429,0.6637443033098505,0.16916339257247737,0.19199591136213118,2.6091160247498633,0.11725512861556764,-1.5918367346938775
0.05349609687090473,-0.40816326530612246,-8.866983739448354,0.11661930638029849,0.08083434341636053,0.7986967710987588,0.6926450172341312,0.18146402852586174,0.14445120556255592,2.7194822964852063,0.12578127974575048,-1.5918367346938775
0.05980748774478186,-0.24489795918367346,-8.304031399024188,0.12397874195203729,0.08593551543342359,0.8140261208837252,0.7109212719796207,0.19301899105215758,0.09045281043970906,2.7817164745508807,0.13379056944232826,-1.5918367346938775
0.0632481583037505,-0.08163265306122448,-7.795507990519852,0.13412942033576902,0.09297142953587834,0.812526608763905,0.7183617500416839,0.20816092857420587,0.03131455053518466,2.7954414547309163,0.14428616074395073,-1.5918367346938775
0.06507168358135225,0.08163265306122448,-7.33719597074337,0.1483058867848457,0.10279780728535814,0.8067513806346436,0.7164010481123475,0.23008489608693772,0.0324734129972337,2.7684640391384177,0.15948269701208773,-1.5918367346938775
0.06645608210612013,0.24489795918367346,-6.924425896316495,0.16436188084217473,0.11392697429728282,0.7970017639943738,0.7063941282511053,0.2556483525313644,0.1009064903877733,2.7066672807436047,0.17720193477191026,-1.5918367346938775
0.06814955217007526,0.40816326530612246,-6.55348645548234,0.1782713222464758,0.12356826438983859,0.7780253202492734,0.6889119033102974,0.2776972867692873,0.17356370047941683,2.6115878984205487,0.1924850913732774,-1.5918367346938775
0.07045297663947041,0.5714285714285714,-6.221877654651072,0.18625583702263304,0.12910270829507087,0.7519858463386455,0.6641645766340403,0.29025357106696603,0.24886169679603815,2.4895338347501146,0.20118844443252337,-1.5918367346938775
0.07332799942712279,0.7346938775510204,-5.927796505087311,0.18613666001845486,0.1290201010906371,0.7209300933127252,0.6328646076599203,0.28995364166284965,0.3239105210992858,2.348691567506102,0.2009805492116925,-1.5918367346938775
0.07653581441838425,0.8979591836734694,-5.669387923580453,0.1778987764578921,0.12331003532685192,0.6867881094585059,0.5967934184472836,0.2768569979135025,0.39514472168487624,2.1979185027405603,0.19190264752203445,-1.5918367346938775
0.07977964008033606,1.0612244897959184,-5.4442013348815825,0.16341461013051317,0.1132703762742675,0.6515197635024248,0.5586035911979143,0.2539881458636106,0.45942664239771325,2.046565856820643,0.1760511672010101,-1.5918367346938775
0.0828159342693347,1.2244897959183674,-5.249075222323088,0.14545874195314035,0.10082431687261573,0.6168970075188491,0.5210227954097653,0.22575476937931338,0.5149206974326803,1.9019008927270706,0.1564812818932313,-1.5918367346938775
0.08550342364187993,1.3877551020408163,-5.080385465194314,0.1266269326119258,0.08777110132291077,0.5850156025121457,0.48610199969404916,0.19623955272935456,0.5612638861083932,1.768702219591138,0.13602289268869683,-1.5918367346938775
0.08779558285084774,1.5510204081632653,-4.934425162683664,0.10872759690015643,0.07536422724040137,0.5574627255427107,0.4549449862985425,0.1682605121968841,0.599162571905649,1.6503073654111986,0.11662929962884183,-1.5918367346938775
0.08970767651442164,1.7142857142857142,-4.80771779396371,0.09271531373235709,0.06426535830831415,0.532125389311397,0.4278592744101089,0.14328727866556834,0.6298384946854204,1.545231956443723,0.0993191732171459,-1.5918367346938775
0.09128464515993219,1.8775510204081634,-4.6971911901396455,0.07891037013449331,0.05469650057566544,0.5091562448652909,0.40465674513824956,0.12179783237130737,0.6546113556288597,1.452334010307638,0.08442382410648408,-1.5918367346938775
0.09257986489859067,2.0408163265306123,-4.600231107075955,0.06726148644684926,0.046622109690904745,0.48849106797893954,0.38491498360138904,0.10369446319716635,0.674678011437525,1.3705293609794804,0.07187552480479242,-1.5918367346938775
0.09364420384408548,2.204081632653061,-4.514661506219057,0.05754331914559341,0.03988598942582944,0.4699558568157276,0.3681439562791888,0.08861343106493225,0.6910344697021535,1.2985419479604463,0.061422149902401024,-1.5918367346938775
0.09452170466922191,2.36734693877551,-4.438691540018729,0.04947504637623634,0.034293488903760716,0.45333423259537803,0.3538723970696172,0.07610891382906093,0.7044733951781185,1.2352308514080634,0.05275467903609243,-1.5918367346938775
0.09524871219917537,2.5306122448979593,-4.370853722467339,0.042780816978357006,0.029653402670599016,0.4384049343639245,0.3416837059653662,0.06574601305719519,0.7156117726244574,1.1793165828393355,0.04557166358365139,-1.5918367346938775
0.09585448898951124,2.693877551020408,-4.309945364686884,0.03721533362307783,0.025795703574433615,0.4249602135225896,0.33122498393681743,0.05713960236389415,0.724925504803519,1.129667384595817,0.03960615427684955,-1.5918367346938775
0.09636232687306653,2.857142857142857,-4.254977928706543,0.0325710754705848,0.022576549130240986,0.41281355082965776,0.32220391992047404,0.049964764803205775,0.7327811153129167,1.0853910799291486,0.0346329358506825,-1.5918367346938775
0.09679068797100977,3.020408163265306,-4.205135201526572,0.028677424776509586,0.019877676129557598,0.40180134215928565,0.3143809230462448,0.04395496439744573,0.7394617865542712,1.0457361939019785,0.030467259643701894,-1.5918367346938775
0.09715420478789957,3.183673469387755,-4.15973957551544,0.025395892425914557,0.017603091232826218,0.39178191756449754,0.3075607018943065,0.03889422292942468,0.7451873565861172,1.0100628769587918,0.026959420963600156,-1.5918367346938775
0.0974645272877203,3.3469387755102042,-4.118225181028198,0.022615350468900175,0.01567576641489321,0.38263477032046506,0.30158417081459826,0.03460942207474815,0.7501296791612464,0.9778355666543893,0.023989423331920445,-1.5918367346938775
0.09773031857071991,3.510204081632653,-4.08010950140222,0.020238298887736317,0.014028119813363826,0.37423065723291926,0.29630248619465194,0.030949197909475146,0.7544348492142753,0.9485287152364817,0.021452349271544158,-1.5918367346938775
0.09796052983872003,3.673469387755102,-4.045011998793187,0.018217771563086682,0.012627596995038903,0.3665463288336166,0.2916597657088532,0.027840521783992767,0.758183049248066,0.9219591594435396,0.0192975791798915,-1.5918367346938775
0.0981599486877874,3.836734693877551,-4.012562919607149,0.016453254822732077,0.01140452719141094,0.3594396353207656,0.287525330102693,0.025127301488319098,0.7614822534678918,0.8976407275100218,0.01741691818170743,-1.5918367346938775
0.09833427369287928,4.0,-3.9824980813021367,0.014951333536885159,0.0103634746867034,0.3528749868791175,0.28382235343609946,0.02281900194262132,0.7644090252446224,0.8753057635969131,0.015816926859719693,-1.5918367346938775
0.08463512842071498,-4.0,-27.451737981233613,0.050239096483198686,0.0348230880812086,0.33823858631632625,0.2732807580653773,0.0763739244557291,0.36986856900963366,0.8518555393344059,0.05293837040478566,-1.346938775510204
0.08390420769305941,-3.836734693877551,-26.500731818393394,0.04880318512312076,0.033827790170436245,0.3454567001136255,0.27688826812360595,0.0742157648478714,0.36914879930678657,0.8739059178158243,0.05144244815740162,-1.346938775510204
0.0826509971618119,-3.673469387755102,-25.551977580387877,0.05029468788288227,0.03486162110316249,0.3546743019973151,0.28218020050100173,0.07651874586971541,0.36756020077398455,0.9037430087316092,0.0530387529595755,-1.346938775510204
0.08120070988990301,-3.510204081632653,-24.605788159055457,0.05204859446674748,0.03607733650673395,0.36475192337361223,0.2881598752830281,0.07922729693546238,0.36578139241177665,0.9367962678312175,0.05491617749420108,-1.346938775510204
0.07960559997150471,-3.3469387755102042,-23.662499336796905,0.05355459868804946,0.03712121908664057,0.37546335626037314,0.29468856967586604,0.08156570859689927,0.3639338098896638,0.9722000797528823,0.05653704094431422,-1.346938775510204
0.07784763340836841,-3.183673469387755,-22.722501974017323,0.05459686857962742,0.03784366552337026,0.3868577557820018,0.30180825293874597,0.08320654696270458,0.36204268471309015,1.0100826337041726,0.057674383431327136,-1.346938775510204
0.07562681322685323,-3.020408163265306,-21.786277178850902,0.0570240397053845,0.039526052345925766,0.39995972963221615,0.31040968777708483,0.08696257717289058,0.3596047149338547,1.0548018776014771,0.060277865181615375,-1.346938775510204
0.07317042841321156,-2.857142857142857,-20.85437314232971,0.05880074464169338,0.04075757036321481,0.4138902378453201,0.3198118080730062,0.08973894673754446,0.35710835326088713,1.1026799243601104,0.06220229791754761,-1.346938775510204
0.07030461443300344,-2.693877551020408,-19.927466477999022,0.06065609751107859,0.042043602973573124,0.42918138371724335,0.3305114685841991,0.09264569962931501,0.3543160596356579,1.1559981130217227,0.06421710548906212,-1.346938775510204
0.0669525056010923,-2.5306122448979593,-19.006370239533936,0.06252355096349982,0.04333802306894596,0.44597849349821694,0.342707968426127,0.09558165086668113,0.35118110038501027,1.2154403847322381,0.06625215181150423,-1.346938775510204
0.06299931288140502,-2.36734693877551,-18.09207300694549,0.06443744020433506,0.044664630000134986,0.4645138333638733,0.35668915974789117,0.0985987263758088,0.34760584283914936,1.282089197384501,0.068343429194194,-1.346938775510204
0.05831653977100113,-2.204081632653061,-17.185783499701746,0.06637296328598419,0.04600623236708867,0.4850060925141728,0.3727585504779494,0.1016573143393722,0.34347555343266106,1.3570563642672555,0.07046348081763165,-1.346938775510204
0.05274643187642142,-2.0408163265306123,-16.288986660366934,0.06832342950615944,0.04735819252838058,0.5076988250772717,0.39126694555072666,0.10474323918502737,0.3386222469101907,1.4419300488909494,0.07260248092381838,-1.346938775510204
0.04610631163347593,-1.8775510204081634,-15.403513315634896,0.07028524767772248,0.04871802126277047,0.5328305601377914,0.4125892039999406,0.10784398277993823,0.3328077805533744,1.5381975642370034,0.0747517526042687,-1.346938775510204
0.03819681942400434,-1.7142857142857142,-14.531624752332027,0.0722662489969812,0.050091146741900294,0.5605970383486064,0.43709079558063924,0.1109605055384848,0.3256926796900527,1.647129646491589,0.07691196156750646,-1.346938775510204
0.02882480185542714,-1.5510204081632653,-13.676111554631667,0.07429702700794794,0.051498774794545454,0.5910779751080518,0.46506228982017495,0.1141251581118432,0.31679619241196616,1.7704057897749976,0.07910553157618194,-1.346938775510204
0.01785099940363886,-1.3877551020408163,-12.840401282554325,0.07644361989719473,0.05298667960353676,0.6241060038902189,0.49660755960755487,0.11742879768100112,0.3054519035305757,1.9093964339921057,0.08139544002912968,-1.346938775510204
0.00527447482477531,-1.2244897959183674,-12.028658876714434,0.07880742831929588,0.054625146746699826,0.659048743444939,0.5314729288739264,0.12104260744538964,0.29077577606748534,2.061731081999474,0.08390034207839525,-1.346938775510204
0.008641652024682842,-1.0612244897959184,-11.2458402595946,0.08147699493778449,0.05647554932162202,0.6944886893860757,0.5688194599592432,0.12510620842154818,0.2716857597412248,2.222960902587964,0.08671701563794043,-1.346938775510204
0.023229695134597335,-0.8979591836734694,-10.497613170703344,0.08439138231892018,0.058495648717916016,0.7278684497319358,0.6069877001310845,0.12954656650328467,0.2470364201951826,2.3852038495717602,0.08979483732297266,-1.346938775510204
0.03735812004887544,-0.7346938775510204,-9.789992849576883,0.08719421382150472,0.060438423471516955,0.755388824726852,0.6434110991094204,0.1339596318518006,0.21591616129268315,2.5377308838066064,0.09285374112692368,-1.346938775510204
0.04962220959047646,-0.5714285714285714,-9.128528647661986,0.08946209162990959,0.06201039658026697,0.7837553519872715,0.6749617667803747,0.1379216694398404,0.17801978948916491,2.662467834877616,0.09560001631034609,-1.346938775510204
0.05886858363101264,-0.40816326530612246,-8.517107210309312,0.09162832791823172,0.06351191715594462,0.8109982588526135,0.6988827108890712,0.14189884412991205,0.1337834240898316,2.763373710707314,0.09835678373336343,-1.346938775510204
0.06477304240635037,-0.24489795918367346,-7.956945996185634,0.0957339805843822,0.06635773872584494,0.8231922252272612,0.7138081223963182,0.14847761348005584,0.08400721116569591,2.816625662570459,0.10291683915996952,-1.346938775510204
0.06795397636478304,-0.08163265306122448,-7.446562546162003,0.10434628114363065,0.07232733057662322,0.8206295875111023,0.7199310880444053,0.16139203256453172,0.02923399401321316,2.8253955031412454,0.11186843233694344,-1.346938775510204
0.06952977563008494,0.08163265306122448,-6.982830929372958,0.11814866434177906,0.0818944135754276,0.8149907714267358,0.7181777624081416,0.18273452812616808,0.030493475442542595,2.8001095265641114,0.12666192296160528,-1.346938775510204
0.07057212907227808,0.24489795918367346,-6.5623672964837985,0.13496141406337792,0.09354812364241405,0.8066647479708963,0.709263777133304,0.2093117208839117,0.09528784292486306,2.744261188469334,0.14508382918883367,-1.346938775510204
0.07181258942008206,0.40816326530612246,-6.182447346338821,0.15093761098974579,0.10462197949799612,0.788863514269691,0.6933607321868951,0.23443645442634997,0.16477337241784268,2.6550667083983757,0.1624989674060946,-1.346938775510204
0.07359474268025656,0.5714285714285714,-5.8411984020084775,0.16226438299735202,0.11247309957991347,0.7638586628327355,0.6704350881701678,0.25213146856066304,0.23751660698304042,2.537477795012587,0.1747642165632617,-1.346938775510204
0.07594214861873265,0.7346938775510204,-5.537227676809037,0.16638549062410535,0.11532963371218163,0.7335330934134998,0.640935907011792,0.25845395383981007,0.3108640637208082,2.399566184109518,0.1791466294086348,-1.346938775510204
0.07866988776480835,0.8979591836734694,-5.269014322162002,0.16266212094003052,0.11274879051348274,0.6997377728991226,0.6063263396138041,0.25246719468806544,0.381413976407947,2.249763387398444,0.17499692418191115,-1.346938775510204
0.08151177110134894,1.0612244897959184,-5.034418007629926,0.1523351132001034,0.10559065421493163,0.664406529349383,0.5690054174723901,0.23617608979334026,0.44597661167033265,2.0970934543153477,0.16370479075592614,-1.346938775510204
0.08422956768361528,1.2244897959183674,-4.8305380611492765,0.13777357010455482,0.09549736167365008,0.6293531227125518,0.5316335872838325,0.21333024009206092,0.5024579295181496,1.949549303376153,0.1478692544479876,-1.346938775510204
0.08667088938393348,1.3877551020408163,-4.65392035788626,0.12146613561371522,0.08419390943415883,0.5959844160131552,0.49637557268386334,0.18783341945882714,0.5501636931884458,1.8127544745356623,0.13019620511281893,-1.346938775510204
0.08877276416751892,1.5510204081632653,-4.500925023171049,0.10532448479863499,0.07300536968210225,0.5673528408201913,0.4645299334797345,0.16266218144706945,0.5895237386921093,1.689964495119949,0.11274883245376621,-1.346938775510204
0.09053556761425924,1.7142857142857142,-4.3680592671614,0.09048684418682429,0.06272070092586435,0.5413596405931563,0.43658668625862046,0.13957356136771537,0.6215871239831603,1.5812050994018645,0.09674502054274203,-1.346938775510204
0.09199308843509713,1.8775510204081634,-4.252183284762837,0.0774506101953274,0.05368467208953853,0.517696191926794,0.41248718412966506,0.11932415614796943,0.6475923055063635,1.4847883041872072,0.08270920240665935,-1.346938775510204
0.09319097933268236,2.0408163265306123,-4.150591938712471,0.0663016821551281,0.0459568240522088,0.4963463815660778,0.3918848011279147,0.10203296513445759,0.66871375648363,1.3997739935652145,0.07072386210711956,-1.346938775510204
0.09417484226604018,2.204081632653061,-4.061013727913384,0.056909930413005405,0.03944695781163743,0.4771633634869858,0.3743262080549739,0.08748682961243759,0.6859555784500053,1.3249066854391938,0.06064124928198966,-1.346938775510204
0.09498505504825619,2.36734693877551,-3.9815679235382975,0.04905692472090184,0.03400366905723451,0.4599436141626084,0.359352910658605,0.07533879991856685,0.7001309616201633,1.2590211441926615,0.052220876750324496,-1.346938775510204
0.0956553185238811,2.5306122448979593,-3.9107071356341767,0.042506556684773766,0.02946329992136243,0.44446995803299877,0.3465481247894512,0.06521713247167638,0.7118803074536582,1.2008107608442686,0.04520507149694675,-1.346938775510204
0.09621290975874028,2.693877551020408,-3.8471598675402423,0.037038552891498266,0.025673168508762112,0.4305338584797482,0.33555262852151835,0.05677658246979078,0.7217014869085606,1.1491371062200735,0.03935452806076434,-1.346938775510204
0.09667962589621355,2.857142857142857,-3.7898793634191352,0.03246154312985183,0.022500627097081782,0.41794553755802066,0.3260654835698674,0.049718101684151694,0.7299799264191147,1.1030795946671896,0.03446196200516205,-1.346938775510204
0.09707268684920439,3.020408163265306,-3.738000602852372,0.028614635257993903,0.01983415375182962,0.40653705683865604,0.31783809154134857,0.0437907883389701,0.7370145259829917,1.061855866057489,0.03035346147165452,-1.346938775510204
0.09740585888092788,3.183673469387755,-3.690805177793442,0.025369347800435094,0.017584691900516036,0.39616301988217184,0.3106673187120998,0.03879429380686217,0.7430369864348159,1.0248016129904238,0.02689015537404016,-1.346938775510204
0.0976896920378557,3.3469387755102042,-3.6476933666406186,0.022609093117334833,0.01567142914929809,0.3866944773073245,0.3043831731747539,0.034548440954421444,0.7482330986640864,0.9913439877036584,0.023947154440298934,-1.346938775510204
0.09793321083461927,3.510204081632653,-3.6081612179405473,0.020255324480053183,0.014039921054675775,0.37802482719503605,0.29885101592808266,0.030930279727466647,0.7527439791146884,0.961017552748157,0.021439236187023702,-1.346938775510204
0.09814297520842921,3.673469387755102,-3.571783153067754,0.018239338808892835,0.012642546270661859,0.3700626282729708,0.29395938242754277,0.027833441221088773,0.756683596017462,0.9334316477595548,0.019292671307678422,-1.346938775510204
0.09832510002278119,3.836734693877551,-3.538196633267676,0.01650056737161254,0.011437321751272655,0.3627359170368795,0.2896169927326938,0.02516397401151993,0.7601425210598665,0.9082738387519996,0.017442337637768368,-1.346938775510204
0.09848325289971213,4.0,-3.507095167599033,0.014987760176347287,0.010388723709143788,0.3559346112110328,0.28572906069153403,0.022843571814236352,0.7632089815566839,0.8851172491089082,0.01583395739695659,-1.346938775510204
0.08417138957768469,-4.0,-26.98074387066811,0.053310462725670416,0.036951996932644615,0.34559584325883574,0.27751749625984445,0.0810291569067032,0.36713027244488516,0.8751246933530329,0.05616513165302983,-1.1020408163265305
0.08278632139227197,-3.836734693877551,-26.030995161163798,0.05647817593530835,0.039147688412727755,0.35538180110841905,0.2833492746173708,0.08588885282236669,0.3650164452214706,0.9073569490000889,0.0595336161753508,-1.1020408163265305
0.08165037018228405,-3.673469387755102,-25.083679394721763,0.05690361288708967,0.03944257883636104,0.3645142154251713,0.2885488259070109,0.08657109269569618,0.36351372677182614,0.9367374400450722,0.060006508820015014,-1.1020408163265305
0.08014127504591835,-3.510204081632653,-24.139084248435086,0.058805230363053074,0.04076067962832819,0.3751101077429873,0.2950005355692745,0.08951469726031425,0.36147132733747994,0.971837673854139,0.06204686002466353,-1.1020408163265305
0.07833788974937536,-3.3469387755102042,-23.19757477622184,0.06134877732742661,0.04252373203530602,0.3868644490803335,0.3024590915865003,0.09344730370917098,0.35908320678837047,1.0114421715078026,0.06477273509694026,-1.1020408163265305
0.07644654408386047,-3.183673469387755,-22.259585455910234,0.06288124246623239,0.043585955925574904,0.39910829068934883,0.3103260635241617,0.09584620942641786,0.3567829930068288,1.0528088617876101,0.0664355298312791,-1.1020408163265305
0.074191183371587,-3.020408163265306,-21.325615922720864,0.06492730524893586,0.04500417857465466,0.41267409454569765,0.319410916134616,0.09904410941093644,0.3541109023750799,1.0994132585893261,0.06865214518926077,-1.1020408163265305
0.07156912998483608,-2.857142857142857,-20.396275344706304,0.06706474264394435,0.04648573727862848,0.4275330557270382,0.3297121384339854,0.10239598196370725,0.3511381337703593,1.1511790100059667,0.07097548619881078,-1.1020408163265305
0.06851185337933823,-2.693877551020408,-19.472293938476774,0.06922812710921189,0.0479852811211956,0.4438215141247861,0.34141246065025044,0.10580477054885362,0.3478243261367378,1.2087511750341629,0.07333827839572926,-1.1020408163265305
0.06492432685747315,-2.5306122448979593,-18.554555769350042,0.07139224890281914,0.04948533604082295,0.4617261254598574,0.35475402222194397,0.10923367402761253,0.3440982044408892,1.2730002452787799,0.07571501317444307,-1.1020408163265305
0.06068795187333716,-2.36734693877551,-17.64413726071481,0.07352631791791575,0.05096455996175764,0.48145581786332314,0.3700208124092478,0.1126363183818766,0.33986262030010905,1.3449809442992349,0.07807354651504994,-1.1020408163265305
0.05565969899459601,-2.204081632653061,-16.74235539546746,0.07557970288054783,0.052387857959210304,0.5032281210134193,0.3875305043210663,0.11593415096800097,0.33498758220976965,1.4259915292707284,0.08035942987408085,-1.1020408163265305
0.049667813993037394,-2.0408163265306123,-15.850827127486253,0.07748880666871028,0.0537111478673713,0.5272601331863951,0.4076287680675394,0.11902523376946439,0.3292917669924934,1.5174768140974326,0.08250200520279227,-1.1020408163265305
0.04251638208684484,-1.8775510204081634,-14.971540449793473,0.07916763631051893,0.05487482390023124,0.5537329535629241,0.4306573836748136,0.12176771493212302,0.3225235931604874,1.6204807138936852,0.0844029482884272,-1.1020408163265305
0.03399868104723337,-1.7142857142857142,-14.106935009863946,0.08050613594546396,0.0558026011483741,0.5827330904192546,0.4568972142612034,0.12397442381498047,0.3143342378680567,1.7362458222821493,0.08593252232889714,-1.1020408163265305
0.023929924761681688,-1.5510204081632653,-13.259984816680396,0.08137083749852536,0.05640196659190422,0.6141511039251335,0.4864684156881583,0.12541104007199122,0.3042477640802349,1.8655944731923126,0.0869283088369901,-1.1020408163265305
0.012210582457718734,-1.3877551020408163,-12.434265802969499,0.08161194657165671,0.056569090666152455,0.6475227657742749,0.519180065417823,0.12580680429130675,0.29163773593017456,2.0084186106418835,0.0872026316897756,-1.1020408163265305
0.0010715849627912471,-1.2244897959183674,-11.633975279475322,0.08107880082735575,0.05619954219666323,0.6818112309929525,0.5543425684421404,0.12488916440457709,0.2757319650844162,2.1606471084785714,0.08656657218952013,-1.1020408163265305
0.015511533591977145,-1.0612244897959184,-10.863849458657866,0.07964501286736692,0.05520571611467573,0.7151761018172775,0.5906044092244279,0.12246970541368407,0.2556795889973915,2.31574782343338,0.08488953101150187,-1.1020408163265305
0.030285192439606545,-0.8979591836734694,-10.128907938795866,0.07725194621770415,0.05354696871357012,0.7448749720157576,0.6259391663982787,0.11853352177286514,0.23070831146221216,2.4651461377753865,0.08216117641870202,-1.1020408163265305
0.04418973042905491,-0.7346938775510204,-9.433966599377506,0.07401209425026778,0.05130127445691013,0.7675560265453584,0.6579269181476661,0.11336486042905358,0.20034191851238262,2.6019779779448986,0.07857853338097032,-1.1020408163265305
0.055933548837899326,-0.5714285714285714,-8.782947547537852,0.07047872991794346,0.04885213293206836,0.7985981259440759,0.6843405532423286,0.10806150365852796,0.1645422335744909,2.71231076391824,0.07490252658797658,-1.1020408163265305
0.06461719806059787,-0.40816326530612246,-8.17819043956043,0.06808811480842003,0.047195084809098065,0.8212242098432228,0.7037637109180203,0.10489331251569878,0.12360537938604255,2.7994263013411205,0.07270650382984911,-1.1020408163265305
0.07010658421716393,-0.24489795918367346,-7.620113643503291,0.06921521968069255,0.047976334373509344,0.8306852552523274,0.7158187184809437,0.10693564568993041,0.07782666081997122,2.84564970921063,0.07412214131133199,-1.1020408163265305
0.07301194420520973,-0.08163265306122448,-7.107468754801018,0.0760922797084902,0.0527431491423187,0.8275535391783224,0.7208550729001304,0.11730147621862885,0.02720812228609588,2.8494127281491926,0.08130718751646171,-1.1020408163265305
0.07432514611874932,0.08163265306122448,-6.638077025057479,0.08910143250884817,0.06176040672736005,0.822399336684181,0.7193772662455518,0.13739131292356443,0.028530739714126074,2.8263000513721526,0.0952324011863972,-1.1020408163265305
0.07501559471222823,0.24489795918367346,-6.209657745381403,0.10616397681492495,0.07358726120629644,0.8151439220454815,0.711600824486715,0.16417470519744848,0.08963051408105652,2.777200910077139,0.11379723402687114,-1.1020408163265305
0.07579143423622683,0.40816326530612246,-5.820383021185881,0.12368040761859467,0.08572872583133329,0.7987341966785422,0.6973542422000217,0.19152430859599967,0.1558110629474497,2.6947453654263582,0.13275453451201003,-1.1020408163265305
0.07703236490147372,0.5714285714285714,-5.468998136428835,0.13788416519750957,0.09557402035051532,0.7750383040119474,0.6763674141712576,0.21359108641719038,0.22582176993586045,2.582899059637679,0.14805005934281112,-1.1020408163265305
0.07882240470803477,0.7346938775510204,-5.1545436142107075,0.14592434444990765,0.10114704793051188,0.7457305015576619,0.6488274556975381,0.22598852621998056,0.297265971690458,2.4492108067524803,0.15664330978827667,-1.1020408163265305
0.08103352317701565,0.8979591836734694,-4.875860521298173,0.14658605039593997,0.10160570754136389,0.7125488060051515,0.6158741524523337,0.2268668503876019,0.3669367525906703,2.3015809511390493,0.1572521177086803,-1.1020408163265305
0.0834353068324727,1.0612244897959184,-4.631147192590689,0.14046386265606525,0.09736213037061092,0.6773778759626305,0.5796259890327077,0.21719448791761664,0.43163470433819173,2.1485473193991504,0.150547746933257,-1.1020408163265305
0.08579954503962053,1.2244897959183674,-4.417795670696729,0.12945437013005368,0.08973093166681001,0.6420589535586181,0.5426355409126359,0.19995938239085653,0.4890367352364823,1.9990484066923644,0.1386012821307303,-1.1020408163265305
0.08796524285306619,1.3877551020408163,-4.23255434393404,0.1158619192866559,0.0803093626878093,0.6080949506261805,0.5071526210546716,0.17876376356526613,0.5381172614257899,1.858597885601388,0.12390959870154816,-1.1020408163265305
0.08985330905963536,1.5510204081632653,-4.071876813118963,0.10164906522235073,0.07045776296542638,0.5775070500233717,0.47466655612507014,0.15665719602952954,0.579007319683872,1.7314518810413222,0.10858649374229445,-1.1020408163265305
0.09144838031344463,1.7142857142857142,-3.9322700944698203,0.08811672792241376,0.06107786151958927,0.5508993371978366,0.4458634910661245,0.13565036710968625,0.6125559235747378,1.6189151368545627,0.09402566950400004,-1.1020408163265305
0.09277196435675977,1.8775510204081634,-3.810532634855525,0.07593909772244745,0.052636971480580774,0.5265545088492464,0.4208329400092204,0.116777199013125,0.639898920405907,1.518896015083117,0.08094378624963472,-1.1020408163265305
0.09386101051361692,2.0408163265306123,-3.7038669184161246,0.06534740941480388,0.04529537259276761,0.504514907797812,0.3993199522175332,0.10038499841240833,0.6621756385892559,1.4304876621839964,0.06958157862007486,-1.1020408163265305
0.09475512012698421,2.204081632653061,-3.6099002943537433,0.05631613996921381,0.039035373639680016,0.48466858377081656,0.3809186866152407,0.08642524429908471,0.6803923408363406,1.352634144488721,0.059905414415114766,-1.1020408163265305
0.0954904813962566,2.36734693877551,-3.526654683632243,0.04869702859989378,0.033754208075663206,0.4668300723288375,0.36518970216398366,0.0746616599079184,0.6953810149334873,1.2840308361295325,0.05175151906109887,-1.1020408163265305
0.09609777684258572,2.5306122448979593,-3.452495037913156,0.04229935290676101,0.029319677206831374,0.45078954800063087,0.3517191930072162,0.06479426078007888,0.7078059103731829,1.2233819409226792,0.044911959176177074,-1.1020408163265305
0.09660206955211384,2.693877551020408,-3.3860737958288167,0.03693162888749457,0.025599054436853175,0.43633945806022933,0.3401428177717717,0.05652345204009679,0.7181882593275423,1.1695660411923279,0.03917907141710808,-1.1020408163265305
0.09702330561027661,2.857142857142857,-3.32627955599256,0.03242104562670001,0.022472556366952334,0.42328811785388604,0.33015128986455594,0.04957970167736425,0.7269339610727868,1.121621395792638,0.03436603043066766,-1.1020408163265305
0.09737751451223667,3.020408163265306,-3.272192950573904,0.028617611976329727,0.01983621705575156,0.4114627365004247,0.32148666576406304,0.04372948184775938,0.7343592701926712,1.0787344491081152,0.030310967050121818,-1.1020408163265305
0.09767708202278039,3.183673469387755,-3.2230502782115025,0.02539891027220742,0.017605183044475448,0.4007145401294559,0.31393509522141183,0.03878282278907674,0.7407113292016543,1.0402081739124849,0.02688220427040422,-1.1020408163265305
0.09793212794717836,3.3469387755102042,-3.178213723273996,0.022660725146352423,0.015707217744638458,0.39091138015082383,0.30732251441026126,0.03457777152909314,0.7461833626688925,1.0054587288552286,0.023967484845436537,-1.1020408163265305
0.0981505075837281,3.510204081632653,-3.1371478718900185,0.020319864736406235,0.014084656951399488,0.38193996187989804,0.3015030129969728,0.030985505274658376,0.7509299440144142,0.9739841294582499,0.021477515619354293,-1.1020408163265305
0.09833857585166714,3.673469387755102,-3.0994006562622363,0.018309369556648747,0.012691087886021357,0.37370472781882735,0.29635935563649324,0.02790229310834702,0.7550715842912294,0.9453728602616931,0.019340395799207766,-1.1020408163265305
0.09850138215786208,3.836734693877551,-3.0645882776031472,0.016572352211366326,0.011487079210554807,0.3661196022688518,0.29179200485903933,0.02524024885904641,0.7587073186278379,0.9192605559777313,0.01749520733327925,-1.1020408163265305
0.09864334159281461,4.0,-3.0323831226112543,0.015064524730361128,0.010441932843325397,0.35911578517032217,0.28772078046843597,0.02293095072922524,0.7619152454049956,0.895355317007736,0.015894523845521036,-1.1020408163265305
0.0824168383327696,-4.0,-26.511429120504243,0.06513573585230237,0.04514865165972104,0.3571874920347597,0.28591988117482287,0.098993388547445,0.36171829380396003,0.9154300168855686,0.06861698816573591,-0.8571428571428571
0.08173317842344688,-3.836734693877551,-25.563247931853013,0.06341381386134826,0.04395510628654664,0.36525470857491926,0.28997029027197946,0.0964248148393585,0.3607924770205023,0.9404832820890866,0.06683658854191599,-0.8571428571428571
0.08028539953637029,-3.673469387755102,-24.61755235609277,0.06568324590150221,0.04552815670665189,0.37579159924405736,0.29639483095757113,0.09992510760450024,0.3585463611327821,0.9755354173955894,0.06926280660320794,-0.8571428571428571
0.07801409912965107,-3.510204081632653,-23.67473623494123,0.07237885202660843,0.050169197214408934,0.38896308519841,0.30545282860240314,0.11020054469235863,0.35489570207871607,1.021247907557633,0.07638519684967804,-0.8571428571428571
0.07702371279512675,-3.3469387755102042,-22.735337733659648,0.06913343089727642,0.047919642708882826,0.3987054151138594,0.3108601365790495,0.10531571613074808,0.35388495606580284,1.0523463645431632,0.07299929170467889,-0.8571428571428571
0.07491984602813892,-3.183673469387755,-21.799649669062227,0.07157068482518225,0.04960901839731946,0.4119953645384418,0.3197453832380227,0.10911659841234478,0.35101075151145034,1.098023378577357,0.07563386254180848,-0.8571428571428571
0.07249132352304102,-3.020408163265306,-20.86828668028073,0.07408763089065662,0.05135363246622471,0.42649545950414486,0.3297620380531031,0.11305864735454474,0.347839662038396,1.1485541711091374,0.07836628265172374,-0.8571428571428571
0.06967653128191051,-2.857142857142857,-19.941910377634613,0.07662826903623854,0.05311466863365788,0.44233438116645724,0.3410785525698274,0.11706018262870277,0.3443340410442685,1.2045170066342459,0.08113993554491694,-0.8571428571428571
0.06639067395240171,-2.693877551020408,-19.021318159929553,0.07916615251430636,0.05487379541107029,0.4596838382595287,0.3539162586555712,0.12108509563449976,0.3404316382628629,1.266725286733026,0.0839297926468845,-0.8571428571428571
0.06252785314406581,-2.5306122448979593,-18.10747653162786,0.08165895032457327,0.05660167118496262,0.47873455493853967,0.3685322792528587,0.12507225495366026,0.3360518770766872,1.3362185565175921,0.08669348088740358,-0.8571428571428571
0.05795875434672648,-2.36734693877551,-17.201562781597875,0.0840376722680305,0.058250475593405904,0.49968283569544686,0.38521475368510827,0.12891890591688648,0.331090961095834,1.4139437946216784,0.08935977615716206,-0.8571428571428571
0.052525535876101745,-2.204081632653061,-16.305016231986947,0.08620663372541193,0.05975388511233315,0.5227245536595654,0.40427876128576445,0.1324786101586808,0.3254088753415019,1.5011997035444717,0.09182717511598915,-0.8571428571428571
0.04604183946492961,-2.0408163265306123,-15.41959932438501,0.08803186662985807,0.061019040153915016,0.5480269050966455,0.42604219749482475,0.13554106078273165,0.3188159704376562,1.5991696382253517,0.09394990413165383,-0.8571428571428571
0.03829945690686357,-1.8775510204081634,-14.547466368108669,0.08933010380045614,0.061918909588413173,0.5756800528895035,0.4507779592456034,0.13781154109487392,0.3110548473733344,1.7088117561110299,0.09552368115853227,-0.8571428571428571
0.029089371501848576,-1.7142857142857142,-13.691232726247373,0.08985918610707211,0.06228564149752813,0.605615574777632,0.478628306817617,0.13889165479905996,0.3017798773206732,1.8304036919341842,0.09627235892727315,-0.8571428571428571
0.01824759037153135,-1.5510204081632653,-12.854028183544097,0.08931691702796263,0.06190976921423874,0.637481833264137,0.5094719850287486,0.13827340663109577,0.2905401208842065,1.9640530733339006,0.09584382195276264,-0.8571428571428571
0.005736284369874378,-1.3877551020408163,-12.039504797772564,0.08736107189715847,0.06055408067620993,0.670478661391166,0.5427539456276511,0.1353696975252765,0.27677884296274596,2.107859889696715,0.09383112417289752,-0.8571428571428571
0.00824043159889461,-1.2244897959183674,-11.25175515976408,0.08366875208945102,0.057994759611771585,0.7031892543640347,0.5773337188460106,0.12961618240518602,0.25987061992805566,2.2560394814427323,0.08984309138909774,-0.8571428571428571
0.023119114790503995,-1.0612244897959184,-10.495093587735328,0.07805199359656978,0.05410151929854523,0.7335091190270356,0.611471227035984,0.12068003184917586,0.23921437345529287,2.4008219651690896,0.08364902382614003,-0.8571428571428571
0.03793983447833867,-0.8979591836734694,-9.77368105199867,0.07063162743032647,0.048958113411691206,0.7588247119433631,0.6430816323137897,0.10878855923951214,0.21436921240226053,2.536324244337815,0.07540648311404574,-0.8571428571428571
0.0514894597359563,-0.7346938775510204,-9.091047424293063,0.06204051880145256,0.043003210687702964,0.7818900271222815,0.6702523584271594,0.09512494794553161,0.18515940742869821,2.65353744808443,0.06593558946935651,-0.8571428571428571
0.06264182302966223,-0.5714285714285714,-8.449652966921136,0.05357912101889539,0.0371382166711276,0.8107385882567003,0.6917585299578823,0.08188988716947376,0.15164341705981604,2.754943113152254,0.056761744407892056,-0.8571428571428571
0.07074275205336722,-0.40816326530612246,-7.850659455447912,0.04723614822733735,0.03274160296429085,0.8291264853470017,0.7072252501202765,0.07234565006461535,0.11392147090369871,2.828791559643379,0.050146183368064534,-0.8571428571428571
0.07580654964283981,-0.24489795918367346,-7.294003072848648,0.045457595467179424,0.03150880413310997,0.8362588871808805,0.7168617260147216,0.06994560601197719,0.07190721145895992,2.8672297092179733,0.0484825995997582,-0.8571428571428571
0.07842000335594043,-0.08163265306122448,-6.77873001783364,0.05027828283329283,0.034850249989292204,0.8327856645563835,0.7210259054372977,0.07725756540258555,0.025239764095606222,2.8664923525728745,0.053550863635727364,-0.8571428571428571
0.07945785147598694,0.08163265306122448,-6.303464982907886,0.06199516205565869,0.0429717717872371,0.8282530632130887,0.719889693500839,0.0953123437582497,0.02659231805945821,2.8460232529826377,0.06606548234859044,-0.8571428571428571
0.07979094983071627,0.24489795918367346,-5.86686001696728,0.07871230706582866,0.05455921371804795,0.8221791020435977,0.7132901530827045,0.1213702860597432,0.08396046442185967,2.804493163222084,0.08412747158606448,-0.8571428571428571
0.08009674217954238,0.40816326530612246,-5.467889382343901,0.0971257583297862,0.06732244554603772,0.8073761257801733,0.7007701801679826,0.14992763406711118,0.14671619189745155,2.729715209441601,0.10392191684164054,-0.8571428571428571
0.08078273126295066,0.5714285714285714,-5.105896941105578,0.1136003373419121,0.0787417535392052,0.7852769511381443,0.6818365077901933,0.1753958127851427,0.21381897702591074,2.6251899424593566,0.12157511311404079,-0.8571428571428571
0.08199012616731803,0.7346938775510204,-4.780373259681955,0.1250901067410939,0.08670585480353199,0.7573037361080637,0.6564188237532383,0.19310138064342564,0.2831484797390098,2.497118176638541,0.1338476775552233,-0.8571428571428571
0.08364988316740071,0.8979591836734694,-4.490547129808867,0.12987336487130774,0.09002135669038003,0.7250428416336812,0.6253308258269522,0.20039649496753764,0.35172421326303116,2.352957640089177,0.13890426548084367,-0.8571428571428571
0.08557268940453443,1.0612244897959184,-4.234984400543592,0.12790242054765377,0.08865520218939849,0.6903003813875885,0.5903849531876287,0.19722670266185105,0.416383240329494,2.2009526114952567,0.13670713288119662,-0.8571428571428571
0.08754592352813265,1.2244897959183674,-4.011403755555833,0.12054148290378164,0.08355298901527064,0.6549246648090952,0.5539819243266427,0.1857266218677931,0.4746107539958457,2.049744634656817,0.12873588430258298,-0.8571428571428571
0.08940350802530253,1.3877551020408163,-3.8167925679957047,0.10982699418056852,0.07612627136563477,0.6205067909778977,0.5184202153384676,0.169065906734021,0.5250573566690602,1.9063060171434414,0.11718755658149727,-0.8571428571428571
0.09105128212813325,1.5510204081632653,-3.6477295558957463,0.09770698459598925,0.06772532089372385,0.5881641915329462,0.48536894897395555,0.15026626248531594,0.5675360241687135,1.7748903572371453,0.10415663617497728,-0.8571428571428571
0.0924576205745797,1.7142857142857142,-3.500742587756103,0.08561257012768975,0.05934211160449898,0.5607244804503292,0.45572127584746874,0.1315393173328423,0.6026668883218611,1.6582259516040336,0.09117610694203915,-0.8571428571428571
0.09363068264104366,1.8775510204081634,-3.372577909955408,0.07438754117984514,0.05156151443759671,0.5357253743792788,0.4297344271244813,0.11418318172756559,0.631458490704383,1.5547258618825215,0.0791457504818256,-0.8571428571428571
0.09459768200043021,2.0408163265306123,-3.26034623238924,0.06441369140190378,0.04464816858468823,0.5129997690105551,0.4072634142503409,0.09878051787460596,0.6549991458208243,1.4628103763537446,0.06846943745903422,-0.8571428571428571
0.09539140685487106,2.204081632653061,-3.161568881520531,0.05577876775677204,0.03866289560571423,0.49247984638686354,0.3879630833410123,0.0854602933600277,0.6742892222764381,1.3817704332744918,0.05923656139232936,-0.8571428571428571
0.0960432610320443,2.36734693877551,-3.074162945117633,0.04841262733235441,0.03355707613892078,0.47400464316592333,0.37142115100146,0.07410890209756449,0.6901766001834166,1.3103156689363746,0.05136837654331883,-0.8571428571428571
0.09658047729545585,2.5306122448979593,-2.9963975016065625,0.0421759569118243,0.029234145620848695,0.45737583630936957,0.3572311272298293,0.0645072663343611,0.7033492902409195,1.247097768453174,0.04471302978529179,-0.8571428571428571
0.0970255198012103,2.693877551020408,-2.926841019368766,0.036910470678717555,0.02558438868409363,0.44238963252338825,0.34502559247320297,0.05640816223442657,0.7143530021368234,1.19101826857747,0.03909915861336,-0.8571428571428571
0.09739644831774888,2.857142857142857,-2.8643103374144836,0.03246396170487342,0.022502303525538947,0.42885311645658075,0.3344871207138335,0.04957465335358613,0.7236160563063196,1.141074066936932,0.03436253119927413,-0.8571428571428571
0.09770761038902968,3.020408163265306,-2.807825619725223,0.02870083383154265,0.019893902050053258,0.4165912801880718,0.3253480774984975,0.043796103141295895,0.7314736230465411,1.0964205565708094,0.030357145411901598,-0.8571428571428571
0.09797032455618296,3.183673469387755,-2.7565724657586537,0.02550538753885334,0.01767898746164498,0.4054497191231386,0.31738594276997306,0.03889308838021943,0.7381881566137494,1.0563392429938017,0.026958634554017813,-0.8571428571428571
0.09819354664524846,3.3469387755102042,-2.7098708650629835,0.02278073156146654,0.015790399852923187,0.39529302348649414,0.310416396889767,0.034715521903978086,0.7439663305348797,1.0202123515865102,0.02406296612940917,-0.8571428571428571
0.09838441498951842,3.510204081632653,-2.6671501114965483,0.020446585684543273,0.01417249321931835,0.38600387902566285,0.30428713235935284,0.031139225072151167,0.7489718970392444,0.9875203311802165,0.02158406606358243,-0.8571428571428571
0.09854850913785955,3.673469387755102,-2.627928665487626,0.0184376726001374,0.012780020778872414,0.37748174984303906,0.29887268730755523,0.028063341171147727,0.753334896098993,0.9578259163913901,0.01945202580987271,-0.8571428571428571
0.09869046871626656,3.836734693877551,-2.591798027914335,0.016700216927032496,0.011575708277711927,0.3696391463826555,0.2940691988713565,0.02540468714227284,0.757159616544403,0.930752934103739,0.0176091872656734,-0.8571428571428571
0.09881408264149828,4.0,-2.558409753768919,0.015189506471690706,0.010528563584949246,0.36239963640924877,0.28978979298234736,0.0230946494320472,0.7605305739532916,0.9059875723309712,0.016007991139843192,-0.8571428571428571
0.08201314791315933,-4.0,-26.044374875905554,0.06786268337876322,0.04703882764922196,0.3652621116657362,0.2907690620695787,0.10313278866610132,0.35866120813482105,0.9410035323755356,0.07148620168719244,-0.6122448979591837
0.0806458344489571,-3.836734693877551,-25.097785963030073,0.07041570183394841,0.04880844519335081,0.3755820494965952,0.29712383873291276,0.10706844641862201,0.35628012873910514,0.9753045007876234,0.07421419176200095,-0.6122448979591837
0.0791024386042505,-3.673469387755102,-24.153974520534494,0.07309401791853087,0.05066491243602789,0.3867334266621115,0.30418258522080077,0.1112069696721103,0.3536855733742952,1.012777837906152,0.07708279748683866,-0.6122448979591837
0.07735838138437877,-3.510204081632653,-23.21330374445211,0.07586366734094474,0.052584687124313634,0.39877719008983165,0.3120293332704879,0.11550039112692412,0.3508650644648442,1.0537193737222887,0.08005877046319831,-0.6122448979591837
0.07537326045653099,-3.3469387755102042,-22.276201782790054,0.07872393322787286,0.05456727235948944,0.4118311732306239,0.3207902164693364,0.11995050491490078,0.34778506801421244,1.098630465105341,0.08314335428850494,-0.6122448979591837
0.07310137740098831,-3.183673469387755,-21.3431761242186,0.0816549858187825,0.056598923198951434,0.4260071193574768,0.3306031191977417,0.12453271822237033,0.34441335383532995,1.1480162923727062,0.08631950252330167,-0.6122448979591837
0.07048144187677988,-3.020408163265306,-20.414831860668517,0.0846407602229009,0.05866850430895387,0.44145129229762475,0.3416410286919255,0.1292269880646173,0.34070439961435556,1.2025273733377557,0.08957332242924299,-0.6122448979591837
0.06744011489258103,-2.857142857142857,-19.491894728417087,0.08764338508055936,0.060749765263319544,0.4583125280593356,0.3540984549287016,0.1339820705792949,0.3366069818174985,1.263011299869094,0.09286929446762171,-0.6122448979591837
0.0638845894429937,-2.693877551020408,-18.575240042625605,0.09061102779006047,0.06280677844031923,0.47675758750788705,0.36820327372793116,0.1387256338808811,0.33205539467280304,1.3303162778071542,0.09615728199592333,-0.6122448979591837
0.05969904288385125,-2.5306122448979593,-17.665928833118116,0.09346787622991881,0.06478699488169393,0.4969629892150942,0.3842144140127699,0.1433484361912556,0.32696555615455963,1.405228490602582,0.09936156438364607,-0.6122448979591837
0.054740322488115556,-2.36734693877551,-16.765252260943598,0.09610510624000934,0.06661498342767636,0.5191040734466896,0.40241582442938845,0.14768900413449026,0.3212279526202184,1.488795958612844,0.10237021681552738,-0.6122448979591837
0.04883516175307963,-2.204081632653061,-15.87478463075486,0.09836832665093631,0.06818372827449592,0.5433331206919066,0.4230986392946011,0.1515117198175573,0.3146980508325126,1.5823107331447723,0.10501992141332783,-0.6122448979591837
0.04178191386926551,-2.0408163265306123,-14.996443278472018,0.10004236213392792,0.06934408124968927,0.5697398669897105,0.44652299874263923,0.15447926760143327,0.30718383616204736,1.686571614126581,0.10707686879289824,-0.6122448979591837
0.03336252698342461,-1.8775510204081634,-14.132549284580476,0.10083549527742308,0.06989383925191128,0.5982852732832469,0.47284743945074237,0.15612262799379417,0.29843140269447543,1.8018241754374054,0.10821595941550699,-0.6122448979591837
0.023373951574731728,-1.7142857142857142,-13.285875038062352,0.10037001302258686,0.06957119153937152,0.6287004440264007,0.502014865278837,0.15582012771017784,0.28811213487411946,1.9278839260954421,0.1080062821968002,-0.6122448979591837
0.011690359030255889,-1.5510204081632653,-12.459652581974632,0.09819383253325675,0.06806277816880213,0.6603523977936825,0.5335977785826008,0.15281151585927288,0.27581988777944166,2.0631300775676467,0.10592087137494621,-0.6122448979591837
0.0016376189106264677,-1.3877551020408163,-11.657503402816841,0.09383717945300551,0.06504297636954837,0.6921063968151547,0.5666441578730564,0.14629035057517514,0.2610922945420259,2.204363033723584,0.10140074404430788,-0.6122448979591837
0.01626286583315146,-1.2244897959183674,-10.883247142282416,0.08693820126334328,0.060260969088639316,0.7222628826340162,0.5996278394795508,0.1356189372334331,0.24347035501604958,2.343990009256619,0.09400388397388992,-0.6122448979591837
0.03145967600200043,-1.0612244897959184,-10.140574171182195,0.07743304606504164,0.053672497562151866,0.7486860936056382,0.630641781732278,0.12065952922756562,0.22259223264174502,2.4752041246121026,0.08363481249177696,-0.6122448979591837
0.046171302968078705,-0.8979591836734694,-9.432638088523431,0.06574757454421931,0.04557274592398053,0.7691962809934032,0.6578728578977759,0.10210926470219128,0.19827642638939874,2.5950990552553046,0.07077674893737296,-0.6122448979591837
0.0592391455306987,-0.7346938775510204,-8.761706824496446,0.052898492332858815,0.03666644081639303,0.7960310830085051,0.680143532375951,0.08167204521020421,0.1705187362745033,2.695153931648259,0.0566107478680169,-0.6122448979591837
0.06973755116320737,-0.5714285714285714,-8.129021871896498,0.04048656125394867,0.028063145783741694,0.8198772279241765,0.6971469965961943,0.062054800766840224,0.13936522493714218,2.78684103177417,0.043013110191744364,-0.6122448979591837
0.07723636988446317,-0.40816326530612246,-7.534910417257151,0.03063912902974497,0.021237425901780016,0.8344733748186957,0.7092156206417353,0.046738107723646394,0.10472458499065304,2.8477226662628676,0.032396387593351506,-0.6122448979591837
0.08186155911850866,-0.24489795918367346,-6.979060529737257,0.02579975242075294,0.017883025649589657,0.8396718725236804,0.7168496803904921,0.039500646221867886,0.06624449551719036,2.880003239956796,0.027379761558982807,-0.6122448979591837
0.08416693437884683,-0.08163265306122448,-6.460829186223046,0.028064392585396725,0.0194527545946952,0.8360749729308868,0.7203389814908847,0.04298994154843516,0.023332114655208458,2.875668620636772,0.029798356776734813,-0.6122448979591837
0.08491956222364386,0.08163265306122448,-5.9795078888442275,0.037881244754785826,0.026257277997880912,0.8322792216136049,0.7196061419823677,0.05807369280570063,0.024685941095728792,2.858330724840467,0.0402536164329752,-0.6122448979591837
0.08489521727199248,0.24489795918367346,-5.534524469547089,0.053555254060073665,0.03712167335591143,0.8275039469436745,0.7142143773649552,0.08232977161568744,0.07830700086599096,2.825153373060966,0.057066649071557674,-0.6122448979591837
0.08473308638487202,0.40816326530612246,-5.125558630176237,0.0720897666384892,0.04996881849269319,0.8145132583264082,0.7034790633525105,0.11089392387103292,0.1375360298902573,2.759136207959266,0.07686581067243559,-0.6122448979591837
0.08485854774365753,0.5714285714285714,-4.752522777699752,0.090065981723368,0.06242898129591601,0.7943023478253451,0.6867040994315693,0.1385640293491628,0.2015624329127877,2.6628578654920743,0.096045266270397,-0.6122448979591837
0.085464620517234,0.7346938775510204,-4.415365822043215,0.10435899000214466,0.07233613968607,0.7680025910019237,0.6635707512786881,0.16055527495202115,0.26855942660102594,2.541822466706667,0.11128843615701944,-0.6122448979591837
0.08654197210571861,0.8979591836734694,-4.113726274688629,0.11283314178678117,0.07820997410322827,0.7370069288810764,0.6345672753396148,0.17356848766797617,0.3358040458737359,2.40267817424983,0.12030850786111102,-0.6122448979591837
0.08794752319506163,1.0612244897959184,-3.846565485744965,0.11482547769428875,0.07959095612024503,0.7030073185357016,0.6011771760047345,0.1765726865728383,0.400219001883751,2.2532279335907504,0.12239085986185705,-0.6122448979591837
0.08949059176578043,1.2244897959183674,-3.611963970937386,0.11112034072365296,0.07702275087546062,0.6678316403663512,0.5656030025609804,0.17078674458092058,0.459143285618328,2.1016630222112997,0.11838035048327633,-0.6122448979591837
0.09100469784499268,1.3877551020408163,-3.407188242447859,0.10339941338421932,0.07167101185882419,0.6331447903101503,0.5301473212368435,0.15881796401438653,0.5109204721378925,1.9559230982108935,0.11008422397884265,-0.6122448979591837
0.09238260305700782,1.5510204081632653,-3.228979345626775,0.09351753988739597,0.06482141910585071,0.6001962130832404,0.4966393351955441,0.14353553852354883,0.5550311041713962,1.820514392415097,0.09949125383775081,-0.6122448979591837
0.09357640252560816,1.7142857142857142,-3.073912884319426,0.08298967190697715,0.05752405709791608,0.5708031346655447,0.4661854982461793,0.1272777161659211,0.5918371161316476,1.699244759825842,0.08822219010851695,-0.6122448979591837
0.09458000054401115,1.8775510204081634,-2.9386970983070118,0.07281264924899222,0.050469882536039234,0.5451949011667426,0.43923023403507244,0.11157939522879623,0.6221917269196002,1.5921679139942129,0.0773409432114236,-0.6122448979591837
0.09540983074318032,2.0408163265306123,-2.8203544355794428,0.06351939861744782,0.044028292062547436,0.521798929768974,0.4157590922037676,0.09725836852642145,0.6471127866459193,1.4968678960098307,0.0674143639299487,-0.6122448979591837
0.09609098734528956,2.204081632653061,-2.716296687330116,0.055317944180038214,0.03834347704276575,0.5006023687555308,0.3955035258160034,0.08463129101444844,0.667584064829186,1.4124487046467262,0.058661940753812924,-0.6122448979591837
0.0966494221066687,2.36734693877551,-2.6243289119812783,0.04822397355713637,0.03342631130652651,0.48147663574850796,0.3780887385866998,0.07371879376914858,0.6844648459321526,1.3379461545309532,0.0510979740553652,-0.6122448979591837
0.0971084261456247,2.5306122448979593,-2.542615766499791,0.04215587173842783,0.0292202236395378,0.46424016731243406,0.3631214137821157,0.0643922185471073,0.6984660339210748,1.2720430607591002,0.04463328473592698,-0.6122448979591837
0.09748752950559333,2.693877551020408,-2.4696332165030164,0.03699290577380854,0.025641528337835506,0.4486960787966009,0.3502338468299443,0.05646330690984236,0.7101587987768829,1.2135585056573603,0.039137381989647224,-0.6122448979591837
0.09780254164872862,2.857142857142857,-2.4041185074678335,0.032606942669697325,0.022601410378180198,0.4346526053954609,0.3391017586426739,0.04973299784803098,0.7199953173121427,1.161498740802401,0.034472287239156074,-0.6122448979591837
0.09806602722231895,3.020408163265306,-2.345024443562158,0.028877965243542025,0.02001668018886904,0.42193283737085807,0.3294480752328076,0.044015209141494704,0.728331422217452,1.1149745517850913,0.03050901811818285,-0.6122448979591837
0.09828794485340253,3.183673469387755,-2.291480125624254,0.02569928746522976,0.017813388648923567,0.41037861941111814,0.3210401353050352,0.03914483461677731,0.7354470594389753,1.0732416508558291,0.027133131748104056,-0.6122448979591837
0.09847609226864157,3.3469387755102042,-2.2427583504770507,0.022980811520720845,0.015929084712567265,0.3998504869553177,0.31368412936660384,0.034982494608474024,0.7415630589727982,1.0356544665850964,0.024248017506817376,-0.6122448979591837
0.09863671608173837,3.510204081632653,-2.198249033067353,0.020646046141568952,0.014310748672739182,0.39022689195075283,0.3072193383092792,0.03141013400965953,0.7468545063772652,1.0016690730635243,0.021771845829805514,-0.6122448979591837
0.09877451250935014,3.673469387755102,-2.157437752668211,0.018633198144164087,0.01291554875844203,0.38140411097310994,0.3015134385020101,0.028332257979126307,0.751460187283411,0.9708296647522932,0.01963842473712818,-0.6122448979591837
0.09889157364085513,3.836734693877551,-2.1198868507775646,0.016904683915081264,0.01171743399399583,0.37330120650267923,0.2964598415104937,0.025690519390731303,0.7554850067938323,0.94278052217123,0.0178073110828052,-0.6122448979591837
0.09899690140189117,4.0,-2.0852295628225646,0.015375522254880813,0.01065749990060727,0.3658109474467934,0.29195546925804977,0.023355274164235773,0.7590400582129397,0.9170794698510621,0.016188642438144107,-0.6122448979591837
0.08058922122056925,-4.0,-25.579594219047003,0.07701140342591373,0.05338023715563689,0.3765075313095095,0.29902848977900176,0.11704086726535978,0.3534443951566089,0.9794053441773132,0.08112654715527468,-0.3673469387755102
0.07915163406128037,-3.836734693877551,-24.634939106967362,0.0798007385960191,0.05531365696443169,0.3873590318911446,0.30594528088985473,0.12134658655426911,0.3507505633368594,1.0159104163735655,0.08411104434066408,-0.3673469387755102
0.07749064141349303,-3.673469387755102,-23.693288450147158,0.08291327910479884,0.05747110564247149,0.3992013232924899,0.3137330752286931,0.12616321031438416,0.3477539304190483,1.0562579701323322,0.08744967351980648,-0.3673469387755102
0.07557750542334336,-3.510204081632653,-22.755041836440512,0.08631926389395606,0.05983195439610567,0.41210714213978095,0.32248747770419905,0.13144970355549912,0.34443466890906754,1.1008021339597525,0.09111399140493459,-0.3673469387755102
0.07342404598668859,-3.3469387755102042,-21.820670100940433,0.08971683350410009,0.06218697019213315,0.4260112993677103,0.3321850886445839,0.1367496264920538,0.340851525542627,1.149364847972305,0.09478761804559266,-0.3673469387755102
0.07095420037370885,-3.183673469387755,-20.890732025121658,0.09321184969122287,0.0646095308082486,0.4411167468671101,0.34304610667533136,0.14223193363621567,0.33692625494539696,1.2028265695920561,0.09858766378553163,-0.3673469387755102
0.06810736007662169,-3.020408163265306,-19.965894295321633,0.09674382094343681,0.06705770672353939,0.45754270895023025,0.3552322902863091,0.14781278715476676,0.3326214846048153,1.2618574752880094,0.10245601666703363,-0.3673469387755102
0.06480025932236526,-2.857142857142857,-19.046956739498576,0.10026839869485027,0.06950075785459608,0.4754433032435775,0.36895083427636927,0.1534339412647734,0.32787948925147453,1.3271047658492976,0.10635230378987792,-0.3673469387755102
0.060930242200879,-2.693877551020408,-18.1348836922213,0.10370832506720751,0.07188513312092915,0.494973536824822,0.3844308822300321,0.15898787471962095,0.32263241360201805,1.3993813019223598,0.1102019971051229,-0.3673469387755102
0.056368839189813204,-2.5306122448979593,-17.230842523864336,0.10695226177971895,0.0741336587071213,0.5162877977340178,0.401924481196564,0.16431426348481315,0.31679435235831016,1.4797794604603656,0.11389396846028221,-0.3673469387755102
0.05095768151890338,-2.36734693877551,-16.336249755078565,0.10984112283547143,0.07613606460294542,0.5395217825865971,0.4216928155525636,0.16917633873669713,0.3102548680642491,1.5692728830452043,0.1172641022127956,-0.3673469387755102
0.044506682894819724,-2.204081632653061,-15.452823593169025,0.11215174117502968,0.07773766319036035,0.5647604609141716,0.44397678177970923,0.17323119202765325,0.3028702086005529,1.6687120622978757,0.12007471233900535,-0.3673469387755102
0.03679923744973851,-2.0408163265306123,-14.582638254446026,0.11357812893079622,0.07872635984165544,0.5919845226258202,0.46894074183874146,0.17599398229815444,0.29445281582976773,1.778309590918619,0.12198973262548307,-0.3673469387755102
0.027611973364963134,-1.8775510204081634,-13.72816883715073,0.11371634830307631,0.07882216620984983,0.6209878237804651,0.49657812565738324,0.1768059127009951,0.2847612295642725,1.8978040974369856,0.1225525198950228,-0.3673469387755102
0.01676017756146917,-1.7142857142857142,-12.892304887703459,0.11206639181218048,0.07767850352013883,0.651265349922836,0.5265752446025178,0.1748295870482548,0.27349587197018665,2.0257453063562925,0.1211826353409573,-0.3673469387755102
0.004179247221613192,-1.5510204081632653,-12.07829784198071,0.10807551713362074,0.07491223998872742,0.68189256152393,0.5581583815408953,0.1691163036551271,0.26031074261694953,2.1593981210472712,0.11722248906527089,-0.3673469387755102
0.009961345773093428,-1.3877551020408163,-11.289600949799723,0.10125264386717481,0.07018298462077222,0.7114571644585466,0.5900054930383212,0.15880067854862467,0.24485292379878149,2.293874995180766,0.11007224260698445,-0.3673469387755102
0.02515008187183357,-1.2244897959183674,-10.529579057916774,0.09136038191336748,0.06332619113812998,0.7381436466666141,0.6203572196289036,0.14343740029762886,0.22683189222561334,2.420507846012611,0.0994232296031492,-0.3673469387755102
0.040511753122350155,-1.0612244897959184,-9.801128014899987,0.0786222186956862,0.05449676921828206,0.7600466579765776,0.6474169512278214,0.12336964828467378,0.20609189622087465,2.53795333937603,0.0855133238751935,-0.3673469387755102
0.05494711703038939,-0.8979591836734694,-9.106331298870963,0.06381272861816178,0.044231612925515806,0.7798665600113738,0.6699127513912587,0.09989007180849185,0.1826296867574091,2.6385624402902654,0.06923852163998623,-0.3673469387755102
0.0674126099329714,-0.7346938775510204,-8.446316042358342,0.04814970865771784,0.03337483480087977,0.8066149603722967,0.6874637313232416,0.07504113010614777,0.15651202520399052,2.731623577417317,0.052014547759108076,-0.3673469387755102
0.07720055577199136,-0.5714285714285714,-7.821380945130347,0.03310375012476374,0.022945771064941,0.8257666266612935,0.7004782180640697,0.05124951205573147,0.12771862730750225,2.807350103745361,0.035523454786503095,-0.3673469387755102
0.08407684082464566,-0.40816326530612246,-7.231310028386155,0.020371958294172376,0.014120765454090689,0.8370531963154457,0.7096935434389907,0.031241433501518312,0.09600078129786312,2.8580895599974667,0.021654911548228295,-0.3673469387755102
0.08824842653232841,-0.24489795918367346,-6.67570512217284,0.012137138728914643,0.008412823490012045,0.8406965950461824,0.7157029915690154,0.018478458867812186,0.060834788943381214,2.883685910446133,0.012808291665316052,-0.3673469387755102
0.09023067539105159,-0.08163265306122448,-6.154221679162249,0.011010966621205487,0.007632220468728468,0.8371825657361326,0.7186975468490431,0.016816804662864282,0.02148880748775428,2.87692791473058,0.011656520738091203,-0.3673469387755102
0.09069196611995503,0.08163265306122448,-5.666692865616378,0.018131031994919056,0.012567473707920218,0.8342310578678187,0.7184234815797366,0.02771979648412426,0.0228198896822148,2.8632362819735,0.01921389877866586,-0.3673469387755102
0.09031628853789109,0.24489795918367346,-5.213179572018612,0.03192574350517052,0.022129239097888886,0.8308560050580212,0.714258697186672,0.0489024537679672,0.07270240245412558,2.838455129958929,0.03389659795172939,-0.3673469387755102
0.08969712380122158,0.40816326530612246,-4.793969124700822,0.04963804027042107,0.034406467661963314,0.8198638678741657,0.7053487547863282,0.07605048550771931,0.12832536740427214,2.781454183738462,0.05271417960989,-0.3673469387755102
0.08926648128342979,0.5714285714285714,-4.4095016654577215,0.06814883640657188,0.04723717381365633,0.8018244999396579,0.6908222462364844,0.10445552574128003,0.18911914552326953,2.6946625348528097,0.07240305316147477,-0.3673469387755102
0.08926151535116014,0.7346938775510204,-4.0601824008363865,0.08438518940169981,0.05849135611480505,0.7775484757093607,0.6701269810375715,0.129395146847874,0.25356382269238054,2.5821879353512234,0.0896898812157434,-0.3673469387755102
0.08973144079585355,0.8979591836734694,-3.7460755010511133,0.09591292327364309,0.06648177234638819,0.7481933044328563,0.6434311066556682,0.14710471208982767,0.3192233141886027,2.449676097058786,0.10196521643214629,-0.3673469387755102
0.09058387127925474,1.0612244897959184,-3.466563215455918,0.10150623792876612,0.07035876262957141,0.7152957610236693,0.6118703435358486,0.15568439027642533,0.3831570784327676,2.3043180432704133,0.10791219617729775,-0.3673469387755102
0.09165697841232204,1.2244897959183674,-3.220123137206544,0.10133960167583922,0.07024325918067587,0.6806280995220659,0.5774019626459059,0.1553993534419562,0.44261138731396743,2.1540805332954,0.10771462369912976,-0.3673469387755102
0.09278979092665544,1.3877551020408163,-3.004344105064978,0.09665411090153508,0.06699552446092727,0.6459065375355051,0.5422800555886813,0.1481628180741965,0.49565030252533415,2.006830512445831,0.10269863961194581,-0.3673469387755102
0.09386515843052849,1.5510204081632653,-2.816172391194021,0.0891202744042876,0.06177346693406083,0.6125078326830874,0.5084637120703915,0.1365497176127759,0.5414146816591767,1.8686717309533296,0.09464905176955218,-0.3673469387755102
0.09481960821111608,1.7142857142857142,-2.6522648671284954,0.08027451240027172,0.055642051941072745,0.5813314526426587,0.4772721439122566,0.12292676154667026,0.579979962633329,1.7422366535792562,0.08520633818143875,-0.3673469387755102
0.09563218602880649,1.8775510204081634,-2.5093117105346145,0.07123790502619931,0.04937835301790727,0.5549387711932461,0.4493549093230211,0.10901950606969146,0.6120130214487783,1.6311930476732355,0.07556656325824473,-0.3673469387755102
0.09630755543208896,2.0408163265306123,-2.3842545341248527,0.06268818085743222,0.043452135815760906,0.5309034562223979,0.42485054965543945,0.09586997797595886,0.6384378019529034,1.532527926737452,0.06645200493437908,-0.3673469387755102
0.09686219024003757,2.204081632653061,-2.274394164984668,0.05495765840285527,0.03809374597211557,0.509037034353819,0.4035859831922332,0.08398804805650784,0.6602075251776609,1.4447633207783799,0.058216078711101016,-0.3673469387755102
0.09731585374852864,2.36734693877551,-2.17741715391132,0.048154669361704094,0.03337827329886145,0.48925278889374746,0.3852368718368991,0.07353871305395732,0.6781863196652524,1.3670452785846952,0.05097315161535709,-0.3673469387755102
0.09768734104079389,2.5306122448979593,-2.0913750633485337,0.04226156332488307,0.02929348346469829,0.4713924674766793,0.36943084369859597,0.06449317129080034,0.693106009635246,1.2982743816033113,0.04470325984558743,-0.3673469387755102
0.09799282914306767,2.693877551020408,-2.014642262727099,0.037199906314330455,0.025785010178871914,0.4552703458030183,0.35580399047393774,0.056729297750265584,0.7055636768702329,1.2372560744014023,0.039321752790741904,-0.3673469387755102
0.0982455599257179,2.857142857142857,-1.9458678361258541,0.03286890087773253,0.02278298597150452,0.44069840950235717,0.3440269517676247,0.050090824955926205,0.7160368679457132,1.1829584295253313,0.034720314090121995,-0.3673469387755102
0.0984560993769328,3.020408163265306,-1.8839296013455369,0.029165774745310458,0.020216174533558506,0.42749929657624114,0.33381360520508185,0.04441872194490459,0.7249040077301419,1.1344525367949019,0.03078871188018617,-0.3673469387755102
0.0986327136318456,3.183673469387755,-1.8278935880389289,0.02599652483872461,0.018019417896318446,0.41551294449170056,0.3249217114202728,0.0395677857930683,0.7324633210778926,1.0909707783004396,0.02742629916346484,-0.3673469387755102
0.09878211349649038,3.3469387755102042,-1.7769798516854307,0.023274731720299258,0.01613281467021488,0.4045937836000762,0.31714569660224323,0.035404332076536704,0.7389534994942283,1.0518308923950561,0.024540412958458546,-0.3673469387755102
0.09890928455661026,3.510204081632653,-1.7305342836172313,0.02093082272828939,0.014508140760913779,0.3946181933881081,0.3103171907546099,0.031821362265922026,0.7445604798234979,1.0164738982365968,0.022056887536200165,-0.3673469387755102
0.0990181474375014,3.673469387755102,-1.6880057213920774,0.018905594384702074,0.013104359444566116,0.3854791098055902,0.3042952699949929,0.028727421123992514,0.749434110591747,0.9844180122939623,0.019912330956852742,-0.3673469387755102
0.09911209345120109,3.836734693877551,-1.6489274147934287,0.017147511548512018,0.011885749283470304,0.37707874477074077,0.2989617094112588,0.02604313494104593,0.7536952345196084,0.9552444955680658,0.01805172555732737,-0.3673469387755102
0.09919366069474884,4.0,-1.6129021107333799,0.015614341059045689,0.010823036481379056,0.3693360365706846,0.29421900193232065,0.023703608915779384,0.7574410708915844,0.9286040350466894,0.01643008968906834,-0.3673469387755102
0.07885161760917825,-4.0,-25.117545644168146,0.08776939656138483,0.06083710976597145,0.38877267915652897,0.30867017425700793,0.13340274148177755,0.34739883588629233,1.0219596606681014,0.09246773413706144,-0.12244897959183673
0.07723127354609652,-3.836734693877551,-24.17511477597418,0.09121640238532613,0.06322639213421022,0.40050902908133484,0.3164843670397892,0.13873390075368608,0.3442071231910104,1.062070328311339,0.09616301215550038,-0.12244897959183673
0.07554742716929959,-3.673469387755102,-23.23597505696571,0.09433769959507465,0.06538991049483722,0.41278243226694156,0.32480513154394197,0.14359188465755102,0.3409480150847886,1.1043467168401448,0.09953031000166934,-0.12244897959183673
0.07350023823997745,-3.510204081632653,-22.300537371266223,0.09814049510542322,0.06802580748108111,0.4263920946269512,0.33440610763596695,0.14951427445324672,0.3371784699174508,1.152009850605122,0.10363539779073339,-0.12244897959183673
0.07111949459081592,-3.3469387755102042,-21.36933620267136,0.10229396047440353,0.07090477029114317,0.4412708657199472,0.345241347554963,0.15601364070529078,0.3329942312757138,1.2049314062529788,0.10814041518376438,-0.12244897959183673
0.06842237539680412,-3.183673469387755,-20.442988165464893,0.1064061781727097,0.07375514239457281,0.4573060181317252,0.3572540516467651,0.16249711756460972,0.32847287139748804,1.2627396128914945,0.11263441888902648,-0.12244897959183673
0.065311608233802,-3.020408163265306,-19.522231311872975,0.11054592409343877,0.07662459560776091,0.4747121614159505,0.37069690470992256,0.16908316432136639,0.3235286338290603,1.3263733289433588,0.1171995186295085,-0.12244897959183673
0.06169662819706214,-2.857142857142857,-18.607949635132876,0.11464008478163068,0.07946245154554021,0.49362258321602087,0.38577016943334863,0.1756742792157171,0.31810690900375543,1.3965191548095153,0.12176813133527498,-0.12244897959183673
0.05746311742852679,-2.693877551020408,-17.701206996480355,0.11858099114391862,0.0821940796794105,0.5141699117123261,0.40269354066194774,0.18212045109091823,0.31214083847132523,1.4739198504130078,0.12623627719597508,-0.12244897959183673
0.05246821699656627,-2.5306122448979593,-16.8032871761074,0.12221317605034576,0.08471171840657354,0.5364717630009208,0.421695816847412,0.1881962394581893,0.3055467773002273,1.5595545495841214,0.13044769277242763,-0.12244897959183673
0.04653621591647426,-2.36734693877551,-15.915739929960647,0.12531838579467314,0.08686408578590132,0.560604440848403,0.4429927790977374,0.19357293460149494,0.2982177497576727,1.6545426552523599,0.13417453385174039,-0.12244897959183673
0.03945881461717054,-2.204081632653061,-15.040429747359626,0.12759583795511986,0.088442695329775,0.5865602328793609,0.4667437809768334,0.19778033375155557,0.2900154427467001,1.7589565473564033,0.1370908807100948,-0.12244897959183673
0.0310057109513213,-2.0408163265306123,-14.179578752388025,0.12864407854146664,0.08916928033674965,0.6141804343341993,0.492976366555878,0.20016799099232419,0.2807616985155018,1.8723964219783067,0.13874587859467802,-0.12244897959183673
0.020955619426056633,-1.8775510204081634,-13.335786228372863,0.12795513454211616,0.08869174074603592,0.6430615844443947,0.52147110361577,0.19988471530334673,0.27023319033210974,1.9939734635254267,0.13854952684954158,-0.12244897959183673
0.00915999488604391,-1.7142857142857142,-12.511995009412354,0.12494308045518565,0.08660394394798643,0.6724475007167523,0.5516176663395789,0.19591723228035995,0.25816666199586835,2.1205193803481577,0.13579947717823915,-0.12244897959183673
0.0043549910645479415,-1.5510204081632653,-11.71136525302158,0.11903847384119493,0.08251118252118284,0.7011524649555471,0.5822987484883215,0.18724844715569677,0.24428508925211992,2.2488860009148786,0.12979073321019863,-0.12244897959183673
0.019268860349627822,-1.3877551020408163,-10.937024552659,0.10986816028730528,0.07615480553645404,0.7276014726042164,0.6119197153131575,0.17317601382565107,0.2283507058861896,2.3722415322654093,0.12003646572386018,-0.12244897959183673
0.034894244649207116,-1.2244897959183674,-10.191711299571407,0.09747921597539433,0.06756744371653878,0.7500735445562416,0.638707099964072,0.15372051458126101,0.21023086129235574,2.484611817690127,0.10655094127622489,-0.12244897959183673
0.05023809380714532,-1.0612244897959184,-9.477414298897695,0.08247300623237797,0.057165931742275466,0.767126692257044,0.6612443523641278,0.12987981825295059,0.18993295679087285,2.5851845855572737,0.09002582983367002,-0.12244897959183673
0.06422315401615697,-0.8979591836734694,-8.795174616309938,0.06590642463441077,0.04568285241612813,0.7917395760809364,0.678952094547401,0.10346485817120188,0.1675593163780251,2.671372104351632,0.07171637472840287,-0.12244897959183673
0.07597155913602052,-0.7346938775510204,-8.145166196948216,0.04899372050755835,0.03395985923495615,0.8133204148687182,0.6921631791099644,0.07656500539833377,0.14318097771646307,2.7553167522899615,0.053070817621411415,-0.12244897959183673
0.0849960315307591,-0.5714285714285714,-7.527015647154765,0.03285609359963004,0.022774108642797053,0.8282078860811151,0.7017541127571232,0.05107281542344655,0.11669416002564596,2.8155485342463464,0.035400978014020534,-0.12244897959183673
0.0912280372994326,-0.40816326530612246,-6.940194374909254,0.018548155604676708,0.012856601761969122,0.836680861716956,0.7086294490418966,0.028673562538629405,0.08773404169898055,2.858016452754445,0.01987499903026002,-0.12244897959183673
0.09493040557898509,-0.24489795918367346,-6.384323195849741,0.007383206878867288,0.005117649031577853,0.8391298994183801,0.7133546997544017,0.011344753862927437,0.05567603961432503,2.877288798628585,0.007863584154234715,-0.12244897959183673
0.09657692283263349,-0.08163265306122448,-5.859327925680158,0.0016027243663043755,0.0011109238757185391,0.8358932514730838,0.7160178976856628,0.0024331450624335282,0.01971397672778854,2.87022916664331,0.0016865276399187223,-0.12244897959183673
0.09674543069588011,0.08163265306122448,-5.365472148112039,0.004707423754595652,0.0032629375031989483,0.8338828787817799,0.7162497919549293,0.007171297162857471,0.021002898119034996,2.8601306441456296,0.00497076440939237,-0.12244897959183673
0.09603141948327037,0.24489795918367346,-4.903321676865279,0.01551824847785399,0.01075643017965322,0.8319889497565214,0.7133166399868252,0.023655221028923368,0.06718136305123283,2.842875371346801,0.016396549761720447,-0.12244897959183673
0.09497579042165756,0.40816326530612246,-4.473674079991887,0.03119065855088765,0.021619717034355723,0.8231524216530662,0.7062503443005342,0.04760528195243685,0.11914573924719596,2.7955619903581543,0.032997466965092315,-0.12244897959183673
0.09400513306477169,0.5714285714285714,-4.077446141348951,0.048997383703320185,0.03396239836877024,0.8075455970089314,0.694038578181139,0.0748655992726337,0.17656869011273682,2.7193911444031977,0.05189287905675588,-0.12244897959183673
0.09339079296281583,0.7346938775510204,-3.7154854504690755,0.06604861559975062,0.045781411682854545,0.7856407984992163,0.6759179127617969,0.1010057843582195,0.2382448343238365,2.6169875822675728,0.07001187464814507,-0.12244897959183673
0.09323698995964769,0.8979591836734694,-3.38828934823563,0.07973674507471928,0.055269300035568625,0.7583216505689511,0.6517479797159649,0.12201172091323276,0.30205099387202833,2.492815687916676,0.08457208034627417,-0.12244897959183673
0.09350519243594227,1.0612244897959184,-3.0956816545595167,0.0883468105729257,0.061237342660086735,0.726925212364805,0.6223036870609346,0.1352345356021134,0.3652348313722328,2.353248661654809,0.09373743706693816,-0.12244897959183673
0.09406950279002055,1.2244897959183674,-2.836570657942861,0.09143369225416365,0.06337700599415919,0.6931252793947574,0.5892512435469539,0.1399785955040973,0.4250105570520665,2.20592082974224,0.09702576881240654,-0.12244897959183673
0.09478155661061857,1.3877551020408163,-2.6089126191595087,0.08971785662281784,0.062187679363987725,0.658657486022574,0.5547366315167255,0.13734454953720565,0.47920209208090075,2.0585266861035425,0.09519998727698953,-0.12244897959183673
0.09551884104637826,1.5510204081632653,-2.40990736271661,0.08458382580399171,0.058629040377010666,0.6250129705471432,0.520806733075348,0.129457666564742,0.5266129590716861,1.9181615190770545,0.08973321658122035,-0.12244897959183673
0.09620402180955082,1.7142857142857142,-2.2363338576105076,0.07750950405542811,0.053725494202619295,0.5932476836450221,0.48898350393822937,0.11858915195372033,0.5670068894013616,1.7882932214701097,0.08219973632171573,-0.12244897959183673
0.0968011789367059,1.8775510204081634,-2.0848910840652906,0.06969596547086843,0.048309561962535774,0.5649194230502138,0.4601359817865479,0.10658586108783785,0.6008311550903505,1.6718824913130008,0.07387968910058795,-0.12244897959183673
0.09730237312235074,2.0408163265306123,-1.9524523589473162,0.0619496634418466,0.04294023455135343,0.5402953757330543,0.4345791752335654,0.09468830855862764,0.6288881092937151,1.5697845590353243,0.06563293410940219,-0.12244897959183673
0.09771452816676539,2.204081632653061,-1.83620913261313,0.05472639425539194,0.03793344588033687,0.5177788492903512,0.4122572989262923,0.0835976728291894,0.6520826010988795,1.4786485230280848,0.057945491222924694,-0.12244897959183673
0.09805042660050911,2.36734693877551,-1.733724286030687,0.048232068376438786,0.03343192220770286,0.4973362027703859,0.39291249738977396,0.07363050832377915,0.6712743726531032,1.3977208425430787,0.051036779247823016,-0.12244897959183673
0.09832374853795604,2.5306122448979593,-1.642927809161573,0.04251878423207378,0.02947177541129875,0.4788405593693449,0.3762034774450161,0.06486650670867267,0.6872126751871779,1.3259036620911056,0.04496203623788908,-0.12244897959183673
0.09854684552264693,2.693877551020408,-1.5620829514512102,0.03755522861794347,0.0260313008318116,0.4621227457716833,0.36177581687058724,0.05725689720274385,0.7005202039570475,1.2621859867796397,0.03968745686369246,-0.12244897959183673
0.09873002875093909,2.857142857142857,-1.4897413521800826,0.033271379401385026,0.023061962825410287,0.44700191290771074,0.349297792135913,0.05069333920337904,0.711701152829009,1.2055179032885408,0.035137945141990645,-0.12244897959183673
0.09888156910172345,3.020408163265306,-1.4246974191140762,0.029584210454029147,0.020506212065302565,0.4333022854658677,0.338475223444746,0.04504754692478308,0.7211583386947442,1.1549147770033936,0.03122458014205476,-0.12244897959183673
0.09900795474215894,3.183673469387755,-1.3659467733248092,0.026411224514885312,0.018306865807628414,0.42086151226919993,0.3290550373218252,0.040192164780854966,0.72921169373071,1.1095718626649786,0.02785908569844997,-0.12244897959183673
0.09911425061100484,3.3469387755102042,-1.3126504722623986,0.023676683964497514,0.01641142673500018,0.4095334635880017,0.3208229691768424,0.03601033894267269,0.7361152960203811,1.0687906990595437,0.02496046490912196,-0.12244897959183673
0.09920438078378203,3.510204081632653,-1.2641051513184123,0.02131407181063949,0.014773788781796693,0.3991892697312674,0.31359949967564626,0.03239952596561624,0.7420711064778052,1.031979325464786,0.022457640074545537,-0.12244897959183673
0.09928140510571183,3.673469387755102,-1.2197185369792882,0.019266216234155475,0.013354323462763107,0.3897158177018468,0.30723454758195395,0.029271644020731014,0.7472407494021074,0.9986299991877107,0.020289557523323953,-0.12244897959183673
0.09934770142654371,3.836734693877551,-1.178989532028343,0.017485949431832903,0.01212033654808864,0.38101543727697534,0.3016037818584998,0.026554007132784996,0.7517530444654479,0.9683127470678563,0.018405835176658503,-0.12244897959183673
0.09940525853906436,4.0,-1.1414921598654697,0.015928349417631882,0.011040690489805272,0.37299896122505427,0.29659989876875315,0.024177636751676612,0.755715640922465,0.9406427625102458,0.016758660747026255,-0.12244897959183673
0.07709676061145153,-4.0,-24.65867824821912,0.09841777914052097,0.06821800612822337,0.4012880496188038,0.31892003450149986,0.14963364629161102,0.3410531134941212,1.065602481575414,0.10371814004393354,0.12244897959183673
0.07531907678868213,-3.836734693877551,-23.71883110492871,0.10258537943942958,0.07110676652511327,0.41377004410882656,0.32764131094065263,0.15609476708395276,0.3373565664646594,1.1089267637160252,0.10819664770440296,0.12244897959183673
0.07336615265891536,-3.673469387755102,-22.782578805122526,0.10680945542400799,0.07403467288429444,0.42707207204708436,0.33717373429593983,0.16266474769722716,0.3334140159107467,1.1556818656634265,0.11275061124282715,0.12244897959183673
0.06716378589547581,-3.510204081632653,-21.847128551221275,0.12029068511386853,0.0833791492343019,0.44801786649607805,0.353760803803989,0.18327897444383945,0.3223998089193513,1.2247035563679962,0.1270393043916651,0.12244897959183673
0.06841122684485898,-3.3469387755102042,-20.922900229747945,0.11658063289752851,0.08080753700081567,0.4575353167340179,0.3601032342760527,0.17797419172186135,0.3241608658409346,1.2653156481199341,0.12336230920444313,0.12244897959183673
0.06545113851892079,-3.183673469387755,-20.000732055568484,0.12137507019396176,0.08413078769521021,0.47448709193156036,0.37336673066914167,0.18558690904520558,0.3190081733317912,1.3275248834947915,0.12863904275351956,0.12244897959183673
0.062037916774649995,-3.020408163265306,-19.084726108129377,0.12617065557715312,0.08745483418270372,0.49282089742194757,0.38814121130202656,0.1932882072667712,0.31340291775604995,1.3957795122504584,0.13397717590244884,0.12244897959183673
0.05807085983188724,-2.857142857142857,-18.17585962400702,0.1308646039058674,0.09070843123244599,0.5126483081547334,0.4046140557348511,0.20093977054068235,0.30729445325172405,1.4707273898218804,0.13928083541263625,0.12244897959183673
0.053422415134178114,-2.693877551020408,-17.27530442425703,0.13530947318458209,0.09378937984094438,0.5340675540264266,0.42298024014229246,0.20833393679026768,0.3006208870472819,1.5532193170560373,0.14440608090112805,0.12244897959183673
0.047932528722234725,-2.5306122448979593,-16.384467105938874,0.1392981394657773,0.09655411262794966,0.5571432127501621,0.44342608000723055,0.21516574796277732,0.2933041335379084,1.64394170048407,0.14914153155347032,0.12244897959183673
0.04140536546678893,-2.36734693877551,-15.505032605522182,0.14254459913806672,0.09880438699659844,0.5818726742528152,0.4660968114582989,0.22099517517004097,0.28524327788755105,1.7430553132681583,0.1531821825864652,0.12244897959183673
0.03361284389688386,-2.204081632653061,-14.63900495330489,0.14466487338725065,0.10027404911443427,0.6081325587387226,0.49103857744583135,0.22520541224459567,0.2763068324002115,1.8508665401170035,0.15610049654418168,0.12244897959183673
0.02431369284290804,-2.0408163265306123,-13.78873176483281,0.14516617609112492,0.10062152567023186,0.6356009742370914,0.5181048703519159,0.22697109708182772,0.2663263384707183,1.9663357454570707,0.15732437601086646,0.12244897959183673
0.013300611538344173,-1.8775510204081634,-12.956888007503403,0.14346299580437005,0.09944097105648209,0.6636613131285272,0.5468280042054768,0.22527112603832222,0.2550969583455335,2.086822996702772,0.15614604587502656,0.12244897959183673
0.0004868697379161957,-1.7142857142857142,-12.146382990832276,0.13895007899496248,0.09631285549393964,0.6913187921924909,0.5762894518404591,0.21900527177692464,0.24239422987842169,2.2082736108053442,0.15180288665993968,0.12244897959183673
0.01397348730364006,-1.5510204081632653,-11.360154023780241,0.13116043393587073,0.09091348498366769,0.717200175440584,0.605082119511052,0.20727440741627623,0.2280153446821367,2.327445556177817,0.1436716711028252,0.12244897959183673
0.029577962693782923,-1.3877551020408163,-10.600841918923205,0.11999198345481554,0.0831721050215013,0.739727466924335,0.6314987043086758,0.18980250011320443,0.21183999434090986,2.4373082741813814,0.13156106781669585,0.12244897959183673
0.04546747231960889,-1.2244897959183674,-9.870419629408383,0.10589082030480279,0.07339792354145391,0.757489804639539,0.6539967167758405,0.1672956029293604,0.19387875102823895,2.534169514674674,0.11596047549056188,0.12244897959183673
0.0605829486566275,-1.0612244897959184,-9.169928014332019,0.08981770375741016,0.062256888123817244,0.7765001036857762,0.6717443277166861,0.14141117304767636,0.1742597110654174,2.6142493163925877,0.0980187558976704,0.12244897959183673
0.07393855507216134,-0.8979591836734694,-8.499470421584526,0.07294255984581222,0.050559929699949935,0.7992196210307447,0.6848736246194328,0.11422223337386761,0.15313264917881042,2.697943240452578,0.07917281902035622,0.12244897959183673
0.08485998090054009,-0.7346938775510204,-7.858487361904101,0.056265025859361995,0.038999944038548895,0.8159146191976698,0.6942557664980503,0.08752198516125276,0.13053250646971087,2.763212626761335,0.06066561725153141,0.12244897959183673
0.09307072807702893,-0.5714285714285714,-7.246174827045143,0.04045302117124505,0.028039897569980266,0.8270520110265304,0.7009997208620125,0.06248943796554851,0.10627318195428963,2.810208201393791,0.043314377740595766,0.12244897959183673
0.09863687997021861,-0.40816326530612246,-6.661864664325812,0.026003029346617357,0.018023926477625185,0.8332088589544677,0.7060092249400094,0.03991223375828046,0.07991048544765626,2.845430245517425,0.027665052299401083,0.12244897959183673
0.10185603295733925,-0.24489795918367346,-6.105260905455435,0.013601046408785677,0.009427526970914757,0.8348065872697341,0.7097560991253414,0.020769509377370987,0.05076870091352612,2.859898486815433,0.014396326866537468,0.12244897959183673
0.10315829985542466,-0.08163265306122448,-5.576524686149207,0.0045474226257202766,0.0031520331718326577,0.832029073903113,0.7122350542943178,0.006926245666269093,0.01801227951248281,2.8540541198254066,0.004800907655439612,0.12244897959183673
0.10303817147316238,0.08163265306122448,-5.076253381300818,0.0014550200378193878,0.001008543036872922,0.831043653197582,0.7130102551909137,0.00221032805540311,0.019244015461582498,2.8478523513765697,0.0015320826597142734,0.12244897959183673
0.10200613685476903,0.24489795918367346,-4.605404059260859,0.006931102779879517,0.004804274350044491,0.8306866812963919,0.7112964789051845,0.010591608522739104,0.061780237315246844,2.837596276759846,0.007341543585131394,0.12244897959183673
0.1005447443359608,0.40816326530612246,-4.165189220544307,0.018693870859741946,0.012957603880181523,0.8241239996816907,0.7060651800352664,0.028570175671390086,0.11006415922823978,2.8004542058713278,0.019803336714725894,0.12244897959183673
0.09906301578733359,0.5714285714285714,-3.7569421048029246,0.03412225969979987,0.02365174810525028,0.8111732835135838,0.6962032783848306,0.0521568869102329,0.16400220402194052,2.7358628821304745,0.036152399108611455,0.12244897959183673
0.09785457623015717,0.7346938775510204,-3.3819260393915336,0.0505053912513711,0.035007669548964504,0.7919670433739276,0.6807663724232158,0.07722633600989681,0.22270393254216492,2.6449475640206477,0.05352921707023395,0.12244897959183673
0.09707236667557786,0.8979591836734694,-3.041068366015976,0.06514443472281917,0.04515468125729316,0.7670846587871825,0.6593250929016209,0.09964993839119796,0.28437988132793,2.5308470193172763,0.06907207383883085,0.12244897959183673
0.09673285064767798,1.0612244897959184,-2.7346479695351085,0.07591111067419565,0.05261757233699238,0.7376186025304436,0.6322884331957501,0.1161585947729642,0.3465156904625376,2.39890699206458,0.08051500246468501,0.12244897959183673
0.09675268164956552,1.2244897959183674,-2.4620336584333904,0.08174885865430381,0.056663990890224,0.7050948576449639,0.6009898307113444,0.12511979803317486,0.4063598343524486,2.256203198955118,0.08672643523892454,0.12244897959183673
0.09700415607821654,1.3877551020408163,-2.2215944339712785,0.08278765001586796,0.057384026193682436,0.6712263424328044,0.5674023624469351,0.12672126645809145,0.46154786169489503,2.110355226647499,0.08783648856241166,0.12244897959183673
0.09736546844547991,1.5510204081632653,-2.010836635256857,0.08001737786596497,0.05546381986359328,0.6375952362623472,0.5336059488855985,0.12247424597140677,0.5105604559254293,1.9686345317637042,0.08489267828628533,0.12244897959183673
0.09774841072597684,1.7142857142857142,-1.8267097915100952,0.07475936486310308,0.05181924297531215,0.6054125984184827,0.5013030065676912,0.11440368039211712,0.5528301994249827,1.8362281368417641,0.07929858850947769,0.12244897959183673
0.09810273606449225,1.8775510204081634,-1.6659566138480522,0.06823191377834181,0.047294758659666813,0.5754358495772497,0.4715900626592077,0.10438027650174142,0.5885506234744384,1.715055527429161,0.07235089436324893,0.12244897959183673
0.09840737748900609,2.0408163265306123,-1.5254011469774915,0.06134102965198096,0.04251836175591461,0.5499450910977485,0.4449816241250703,0.09379721073686875,0.6183706060890655,1.6087648301319601,0.06501527216664682,0.12244897959183673
0.09865884694860055,2.204081632653061,-1.402131236823822,0.054657911912942225,0.037885977537749804,0.526815025063085,0.42156372313747364,0.08353383500353129,0.6431243217583094,1.51411754356716,0.057901242214057014,0.12244897959183673
0.09886212414872611,2.36734693877551,-1.2935830551747276,0.04848770254195944,0.033609114308788435,0.5057249813491467,0.4011643997326327,0.07406030937875796,0.6636545320347171,1.4299202415913819,0.05133469463728346,0.12244897959183673
0.09902509920873556,2.5306122448979593,-1.1975572053450014,0.042956873810580554,0.029775435967473562,0.4865892164863209,0.38348645186038877,0.06557157149932102,0.680722345713493,1.3550468308279209,0.04545074990963904,0.12244897959183673
0.09915576961195173,2.693877551020408,-1.1121960848004473,0.03808577661377788,0.026399048679276005,0.46926185452719454,0.3681926312116806,0.05809890469477308,0.6949747335366531,1.2884506606260162,0.04027109198280199,0.12244897959183673
0.09926110196706932,2.857142857142857,-1.035943956806524,0.03383871306453701,0.023455208554461038,0.4535736369219879,0.354952887322124,0.05158709987785226,0.7069433388336308,1.2292425732149488,0.03575745283359755,0.12244897959183673
0.09934674450871976,3.020408163265306,-0.9675025807113309,0.030154843375821194,0.020901744666177224,0.4393531893349106,0.3434667474204839,0.04594215242225319,0.7170570760438008,1.1764244043150687,0.03184467342033903,0.12244897959183673
0.09941710332077129,3.183673469387755,-0.9057889976251943,0.026965748236624343,0.018691232361905508,0.4264382636098341,0.33347131637068517,0.041058390463407424,0.7256588675049453,1.1291139737048181,0.028459507588039834,0.12244897959183673
0.09947556086307485,3.3469387755102042,-0.8498982575762285,0.0242045039928116,0.016777283699469514,0.4146806370204368,0.32474158295724875,0.0368324816094181,0.7330221665898271,1.0865882045403954,0.025530330780593857,0.12244897959183673
0.09952466535146362,3.510204081632653,-0.7990718174757357,0.02180969074130079,0.015117325646216928,0.403947686087298,0.3170872056151838,0.03316971877051955,0.7393652888416911,1.04822908595023,0.02299149704575143,0.12244897959183673
0.09956640247715384,3.673469387755102,-0.7526713552741037,0.019728233562987807,0.013674569471613163,0.39412403911080135,0.3103497160418221,0.0299880936084862,0.7448618602912602,1.013509411692392,0.02078616253508958,0.12244897959183673
0.09960312406643776,3.836734693877551,-0.7101570008256517,0.017905867961393263,0.012411401892918228,0.38509894956038243,0.30438912202959034,0.027205821777803063,0.7496567089035369,0.9819571812242265,0.01885763866010004,0.12244897959183673
0.09963330209069905,4.0,-0.6710716175709046,0.016324038422012688,0.011314961207570695,0.37680398992074865,0.2991097620913017,0.02478921148781943,0.7538524143987705,0.9532187083813988,0.017182572051086087,0.12244897959183673
0.07483408948927041,-4.0,-24.203487802662128,0.11158256057575189,0.07734313726274178,0.4151607383161541,0.331182387302692,0.16974276360893592,0.3335428322858956,1.115102042605879,0.11765671801598687,0.3673469387755102
0.07283092414561113,-3.836734693877551,-23.266648170751715,0.11666497894978489,0.08086600122912846,0.4285249276689665,0.34102335103689907,0.17764358917273926,0.3292550915455637,1.1623504932507396,0.12313315297963356,0.3673469387755102
0.07060673574492757,-3.673469387755102,-22.33376918788706,0.12186505847145623,0.0844704216882628,0.44280844459662105,0.3518117430383372,0.18576632946724425,0.32465380013205286,1.2135404016710587,0.12876340751319004,0.3673469387755102
0.06809671435621437,-3.510204081632653,-21.40539865901638,0.12722435214357786,0.08818520098688665,0.4581639598440574,0.3637208180523228,0.19419456824367876,0.31968823344373287,1.2693474327874188,0.1346054174581619,0.3673469387755102
0.06524725347769363,-3.3469387755102042,-20.482180681200543,0.13270106349427202,0.09198136801836077,0.4746911408852971,0.37688787732112294,0.20288039768331778,0.3143256715884152,1.3302749751060878,0.14062597564507184,0.3673469387755102
0.06199018493516767,-3.183673469387755,-19.564877197316566,0.13822321754942513,0.09580903353230807,0.4924818392020556,0.39145448376006337,0.21173426625314606,0.3085354767277881,1.3968171927146857,0.14676300968129707,0.3673469387755102
0.05823608262588931,-3.020408163265306,-18.654392826496164,0.1437012493102814,0.09960611580236356,0.5116241113754222,0.40757804951773335,0.2206418211780674,0.3022807698979889,1.469502065987207,0.152937256263189,0.3673469387755102
0.05387363558321957,-2.857142857142857,-17.75180465637245,0.14899041638735477,0.10327228704934766,0.5322000222340972,0.42541798655397595,0.22940507684459321,0.2955182862463702,1.5490884055766965,0.15901148222096673,0.3673469387755102
0.04875616787995813,-2.693877551020408,-16.85839709683606,0.1539063589939702,0.10667975880691682,0.5542549622191206,0.4451306306689025,0.23775981714562677,0.2881925699603475,1.6362227041341229,0.164802546904939,0.3673469387755102
0.04270492621282893,-2.5306122448979593,-15.975700474161878,0.15817314353166356,0.10963726847927613,0.5777914462052068,0.4668384800258531,0.2452909838683861,0.2802321651512372,1.730837658447508,0.17002275388514665,0.3673469387755102
0.03549914657942875,-2.36734693877551,-15.105529310154907,0.1614333387545681,0.1118970636061074,0.6027106280888104,0.4905942083819454,0.2514318726170832,0.2715401103948277,1.832755826980475,0.1742792936074382,0.3673469387755102
0.026889392998664875,-2.204081632653061,-14.250010295641346,0.16322120989998945,0.11313632144976071,0.6287564343656743,0.5163044470699164,0.2554065050372496,0.2619872946918411,1.9420811107711353,0.17703429886323896,0.3673469387755102
0.01662922617420309,-2.0408163265306123,-13.411580678939925,0.16297231140460644,0.11296379815944046,0.6554295136843519,0.5436208556186866,0.2562256328317516,0.25140935959366717,2.0565863099103328,0.17760207498451575,0.3673469387755102
0.004545167777390974,-1.8775510204081634,-12.592925503629571,0.16007747224385405,0.1109572485569903,0.6819006984641954,0.5718091598136299,0.25276339431777384,0.2396165845744079,2.172517599287797,0.17520223412012648,0.3673469387755102
0.009350322394663223,-1.7142857142857142,-11.796815045351066,0.15401518876258224,0.10675519385419152,0.7069771749032553,0.5996626502501234,0.24398760235568018,0.22642637017078257,2.2855683069631354,0.16911931866442043,0.3673469387755102
0.024730212989802082,-1.5510204081632653,-11.025820373006649,0.14456642654622387,0.10020581096414127,0.729209825407407,0.6255870191148762,0.2293652874705443,0.2117198461759986,2.3926116560097115,0.15898390232852888,0.3673469387755102
0.04088614159371331,-1.3877551020408163,-10.281945731858848,0.13203126253667685,0.09151709737306768,0.7472023575205687,0.6479653873886461,0.209299830485969,0.19550047461566822,2.4865189128011567,0.1450755873930234,0.3673469387755102
0.056814904235736485,-1.2244897959183674,-9.566307265628334,0.11727238487332325,0.08128702293248469,0.7614462303270231,0.665716005506218,0.18526295116912062,0.1779075744041287,2.564451581649055,0.12841449226509072,0.3673469387755102
0.0714640463625343,-1.0612244897959184,-8.879028713806221,0.1014572523699937,0.07032480842762001,0.7845916898123146,0.6786989475190219,0.15936033465011645,0.15914890567577694,2.638802981427164,0.11046016665581693,0.3673469387755102
0.0840079609246002,-0.8979591836734694,-8.219435582057715,0.08561697731183537,0.05934516643176324,0.8019880121976634,0.6876631090405404,0.1335266535765185,0.13937414599953865,2.706192122926533,0.09255362345616858,0.3673469387755102
0.09399861215642705,-0.7346938775510204,-7.58645950782806,0.07033678704034196,0.04875374562665824,0.8142514766901832,0.6938026531569225,0.10891556061477248,0.11855725184248408,2.754449327111528,0.07549451375923466,0.3673469387755102
0.10135030578469491,-0.5714285714285714,-6.979068182833731,0.055782405734898344,0.038665417259995616,0.8222097290003575,0.6982632733217427,0.08587066503874308,0.0964377886689231,2.7934386471618895,0.059521009364411626,0.3673469387755102
0.10623251042403128,-0.40816326530612246,-6.396578696923822,0.0419943042286639,0.029108233575675158,0.8265430901377386,0.7018404805215671,0.06440483802122676,0.07252148162889663,2.820289596998196,0.04464203188883342,0.3673469387755102
0.10895902141975637,-0.24489795918367346,-5.8388143271469755,0.029252586602449338,0.0202763479275736,0.8276153501611218,0.7048831344496588,0.04477036455757899,0.04611618231028691,2.8318088351741495,0.031032451965725905,0.3673469387755102
0.10991442931096622,-0.08163265306122448,-5.3061348929161065,0.018379127773090698,0.012739440597068663,0.8254642944466623,0.7073087145558404,0.028044218971109647,0.01638883991687643,2.8281812847988594,0.01943877131082994,0.3673469387755102
0.10951620857053664,0.08163265306122448,-4.799388993215653,0.010948377183116254,0.007588836776183605,0.8255717039222363,0.708653232797217,0.016687742485689494,0.017552406547684907,2.825882120142811,0.011567061653865895,0.3673469387755102
0.10819382670714588,0.24489795918367346,-4.319825257139325,0.009233644505973526,0.00640027465560844,0.8267786304001492,0.7081279972600207,0.01408860221841124,0.05653607474711122,2.822447788472256,0.009765474905722105,0.3673469387755102
0.10636733396731395,0.40816326530612246,-3.8689795731363197,0.014538309035125874,0.010077187917806762,0.8225606573245946,0.7046927272721876,0.022203198897557286,0.10115133897673811,2.7953735600174334,0.015390084715252605,0.3673469387755102
0.10441679239199482,0.5714285714285714,-3.44853424286333,0.025383895567558934,0.01759477564428158,0.812437021309893,0.6971776389500854,0.03885366803457613,0.15152049391088168,2.7430002569582768,0.026931310452578128,0.3673469387755102
0.10264484462121273,0.7346938775510204,-3.0601289740649498,0.039198373985848356,0.027170242410824885,0.7962168219860104,0.6844956390604711,0.060025796311649504,0.20705995045912476,2.6648086500246344,0.041606711474285074,0.3673469387755102
0.10124401687324407,0.8979591836734694,-2.705105427512924,0.05321362361255089,0.036884873174417576,0.7741576495815556,0.6659572356576324,0.08149308833060864,0.2663275130776908,2.5624476169889445,0.0564867044114834,0.3673469387755102
0.10028416028854134,1.0612244897959184,-2.384201296586686,0.06495192111796344,0.04502124099486848,0.7470666068131728,0.6416106412310709,0.09947958562608195,0.32709239410739194,2.4400423016774346,0.06895399429998994,0.3673469387755102
0.09972980561488316,1.2244897959183674,-2.097269340250587,0.07276931215308435,0.05043984355019693,0.7162684963323597,0.6124222330046872,0.11146792672524741,0.386707025430929,2.30386255087165,0.07726367913246746,0.3673469387755102
0.09948243126511182,1.3877551020408163,-1.8431345489675208,0.07615159212588951,0.05278426137721115,0.6834013429652839,0.5801252936550136,0.11666122407506707,0.4426824178846858,2.161311976270358,0.08086339854830449,0.3673469387755102
0.09942851485902214,1.5510204081632653,-1.6196659220505163,0.07558479749164437,0.0523913892745278,0.6501027446655957,0.5467656931837847,0.11579468210318256,0.4932053693277611,2.019652647398396,0.08026275742365607,0.3673469387755102
0.09947351291084978,1.7142857142857142,-1.4240394859221774,0.072119461835499,0.04998940163477683,0.6177275966469823,0.5141891245007578,0.11047362836088359,0.5373668623917954,1.8852586143810355,0.07657448402457367,0.3673469387755102
0.09955453788950372,1.8775510204081634,-1.2530856515842554,0.06690767432203204,0.04637686581413969,0.587205210381838,0.483717897805683,0.10246472903330384,0.5750737941779465,1.7610451334277732,0.07102313803627291,0.3673469387755102
0.09963738752763528,2.0408163265306123,-1.1036061884017723,0.0609091842982985,0.042219029366571625,0.5598083242864168,0.45608635712739415,0.09324324296869158,0.6067859980331625,1.6495487534470743,0.06463129097001374,0.3673469387755102
0.09970747887068493,2.204081632653061,-0.9725967123435799,0.054792277269080536,0.037979112505521995,0.5361226321828898,0.43154878306620265,0.08383838171209312,0.6332397130490004,1.5513964052049019,0.05811233790644543,0.3673469387755102
0.09976118546535777,2.36734693877551,-0.857366827338984,0.048957799670170665,0.03393496080779701,0.5144105215383115,0.4100420639466263,0.07486843486969796,0.6552439989522453,1.4636708608306377,0.05189484454286708,0.3673469387755102
0.0997998934745151,2.5306122448979593,-0.7555812619262815,0.043609031811992605,0.030227477447431594,0.4946389545024559,0.3913294655960177,0.06664732408541418,0.6735635302711384,1.3856634986127234,0.04619640478166964,0.3673469387755102
0.09982666491697399,2.693877551020408,-0.6652519703688784,0.03882182621246377,0.026909239383357653,0.47669367919907757,0.37510115969070795,0.059292275469515765,0.6888666771465715,1.3161653895857535,0.04109827357067841,0.3673469387755102
0.09984465970565759,2.857142857142857,-0.584705401573698,0.03459821418420406,0.023981654614189996,0.4604226417669024,0.36103447930602756,0.052806409068051785,0.7017126375666185,1.2542299381028181,0.03660261356101513,0.3673469387755102
0.09985653572501788,3.020408163265306,-0.5125406320255247,0.030902041665217705,0.021419663053791727,0.4456624636858927,0.34882539759271924,0.04713377529503582,0.7125579368205974,1.1990446838297555,0.032670643454900006,0.3673469387755102
0.09986432666340443,3.183673469387755,-0.44758708013912146,0.027680560133316767,0.01918670221272878,0.4322531760097898,0.33820214970028833,0.04219275874002948,0.7217705203849327,1.1496529660390926,0.02924579176069697,0.3673469387755102
0.09986947704803813,3.3469387755102042,-0.38886593607304515,0.02487675835814329,0.017243254917418405,0.4200460994561655,0.3289291587485801,0.03789515233887908,0.7296450659422717,1.105278061361478,0.026266918000583228,0.3673469387755102
0.0998729930749247,3.510204081632653,-0.33555680759327794,0.022435756094182135,0.01555128108041326,0.4089065767000502,0.3208056166852048,0.0341561153208203,0.7364172899084929,1.065280369681776,0.023675215033506447,0.3673469387755102
0.09987558612392272,3.673469387755102,-0.286969734070059,0.02030626938792368,0.01407523337393024,0.3987135710252339,0.31366109928498814,0.030896358445376748,0.742277164258509,1.029101403325383,0.021415723745981552,0.3673469387755102
0.09987765288642525,3.836734693877551,-0.2425220881456623,0.018445109966383377,0.012785175968316853,0.3893625344391634,0.30735385505327373,0.028049194496370777,0.747375860457408,0.9962682687466337,0.019442220082136252,0.3673469387755102
0.09987949074258937,4.0,-0.20171971061709276,0.016813313852817924,0.011654101092950286,0.3807601302831282,0.30176380110607876,0.025554455446401114,0.7518367835824667,0.966368718474208,0.017712998743417696,0.3673469387755102
0.07216483134389615,-4.0,-23.752589376402053,0.12647332994923888,0.08766463207034247,0.4304988912805712,0.34520419920509593,0.19257963862100302,0.3250761080336041,1.1696216637241779,0.13348603354340094,0.6122448979591837
0.06996383816646325,-3.836734693877551,-22.819240688053448,0.13228490776804902,0.09169291085005571,0.44408476946590103,0.3560951147552488,0.2016586336270909,0.32024672148741423,1.2197823096394584,0.13977911333418902,0.6122448979591837
0.0675008580897237,-3.673469387755102,-21.890288950087307,0.13829476112037442,0.09585862375679843,0.45913393684056714,0.36805110990284334,0.21110930168127107,0.31505969675925216,1.274721249142806,0.14632981725035155,0.6122448979591837
0.06472843720562425,-3.510204081632653,-20.966343768192445,0.14446323590355759,0.10013428466111707,0.4752552275040149,0.38118674517694845,0.2208894943042954,0.30949221255201564,1.3344041768382187,0.1531089301923343,0.6122448979591837
0.061587118164431534,-3.3469387755102042,-20.048121116591854,0.1507283687166665,0.10447694380635708,0.4925222653951998,0.3956205513100096,0.2309270130426775,0.3035224799803151,1.3993138835393655,0.1600664080056613,0.6122448979591837
0.058000414912152264,-3.183673469387755,-19.13646455212814,0.15700019111659103,0.10882423981983735,0.5110041108882087,0.4114771024347066,0.2411102111486323,0.29712679247105833,1.4698786016254477,0.16712486306188667,0.6122448979591837
0.05386959145359556,-3.020408163265306,-18.23237064364582,0.16314908113081605,0.1130863255967709,0.5307596321910529,0.4288828549014621,0.2512683419895878,0.29027746441130187,1.5467351780133574,0.17416594281405473,0.6122448979591837
0.049065930790515536,-2.857142857142857,-17.337018930934157,0.16899460446617498,0.11713813361557213,0.5518247631985141,0.44795874696642246,0.26115064463832605,0.2829387727143984,1.630492171430576,0.18101583303246782,0.6122448979591837
0.043423814355717745,-2.693877551020408,-16.451805900597247,0.1742877887901928,0.12080708940594942,0.5741946802963795,0.4688044741101625,0.2703912543253191,0.27506128781065897,1.7209557999122,0.18742093558366202,0.6122448979591837
0.03673475629742391,-2.5306122448979593,-15.578380453036718,0.17869419459159275,0.1238613771635928,0.597791214053001,0.491468742600051,0.27847002606547155,0.2665739186707093,1.8178949705624112,0.19302071343773575,0.6122448979591837
0.028749129185037886,-2.36734693877551,-14.718674050455068,0.1817800306756321,0.12600031574491477,0.6224117964586163,0.5158949557007424,0.2846713487823309,0.2573752672829276,1.921045082729965,0.19731914279466922,0.6122448979591837
0.01919601022383259,-2.204081632653061,-13.874910827011558,0.18301351776497166,0.12685530384314725,0.6476561027624521,0.5418316198985845,0.2880623374321116,0.24732790728527912,2.0291761129928343,0.19966959701657583,0.6122448979591837
0.007836787209345992,-2.0408163265306123,-13.049571068850906,0.18180398456714508,0.12601691931728065,0.672839685579527,0.5687086253798418,0.2875356919074692,0.23626313663269602,2.1395293307487533,0.199304554156015,0.6122448979591837
0.005434018453571998,-1.8775510204081634,-12.245270034681838,0.17760938311626306,0.12310944314802907,0.6969344173424697,0.5955197494775175,0.28198727590186623,0.22400675783023555,2.2470961891585026,0.19545868524515742,0.6122448979591837
0.02045093581841253,-1.7142857142857142,-11.464517974200565,0.1701294520464356,0.11792475001619529,0.7186164025463061,0.6208193088403569,0.27068161148286896,0.21043208715490044,2.349888180570097,0.18762219582877293,0.6122448979591837
0.03666435946187893,-1.5510204081632653,-10.709370527261338,0.15953512365301892,0.11058132116037234,0.7365065746809043,0.642974595343551,0.25372805813236976,0.19552645461292087,2.4414388430701157,0.17587088812340212,0.6122448979591837
0.0531559765019153,-1.3877551020408163,-9.981067319261301,0.1465777461795752,0.10159995149720391,0.7495836967876083,0.660688776075294,0.23236355091393168,0.1794278317178308,2.5171097987827404,0.1610621401808885,0.6122448979591837
0.06883974426553596,-1.2244897959183674,-9.279831990975161,0.13240310343540562,0.09177483784363805,0.7699704543522865,0.67352308532046,0.20867572707335036,0.16238393527115616,2.582396388292108,0.14464299187218943,0.6122448979591837
0.0827608902116064,-1.0612244897959184,-8.604967240756904,0.11809959482945809,0.08186040118131088,0.787433547331741,0.682026864417838,0.1847800242892088,0.14463597620077542,2.647516139543266,0.12807975285986295,0.6122448979591837
0.09431405648434447,-0.8979591836734694,-7.955215216613347,0.1042815743434824,0.07228247924053721,0.7998581408131781,0.6873881127532967,0.16199153610520556,0.1262908719411578,2.69552757720958,0.11228397652589761,0.6122448979591837
0.10328171170718245,-0.7346938775510204,-7.32921082835441,0.09099952601759531,0.06307606489138773,0.8082826420363707,0.6909076898151927,0.14056794301710118,0.1072460421393854,2.7319151947196523,0.09743427337941446,0.6122448979591837
0.1097391069765186,-0.5714285714285714,-6.72585544576795,0.07797703529490896,0.05404956216308965,0.8136698405273385,0.6936224096821674,0.12003635916197197,0.08717774433024131,2.7626726673489004,0.08320286391780174,0.6122448979591837
0.11392738616091842,-0.40816326530612246,-6.1445377457526975,0.06496062599281371,0.04502727475432766,0.816662211571449,0.6961605710262233,0.09976201202118373,0.06556518869211256,2.783076059122596,0.06914975735947015,0.6122448979591837
0.11615965757925015,-0.24489795918367346,-5.585216973460612,0.05200695837669134,0.03604847656830179,0.8175158104775325,0.6987430589563871,0.07968373391754824,0.041724743641092334,2.7924702027648247,0.05523255550143702,0.6122448979591837
0.1167732349684156,-0.08163265306122448,-5.048415967881882,0.0396654840002757,0.027494018400336495,0.8161406318833511,0.7012290533022257,0.0605948950042845,0.01484907780424849,2.7936186244063665,0.04200118062854541,0.6122448979591837
0.11611438204427307,0.08163265306122448,-4.5351646848753875,0.029075686223660746,0.020153729928776176,0.817389365812676,0.7031560935597301,0.044366841585044,0.015937074822792784,2.795857674926053,0.030752751155023184,0.6122448979591837
0.11453627549084507,0.24489795918367346,-4.046916863142979,0.02194904933441899,0.015213921662123875,0.8201551363270876,0.70376911542685,0.03359542890687228,0.051485432606639445,2.7967265586656365,0.023286576826500927,0.6122448979591837
0.11239439690040501,0.40816326530612246,-3.5854456693056473,0.02017296760869325,0.013982835621492606,0.8182986404487622,0.7020587277416215,0.030881732425620534,0.09247939330509616,2.7800370930800913,0.021405585761625545,0.6122448979591837
0.11003010502401411,0.5714285714285714,-3.1527103640117264,0.02452786834019971,0.01700142278515493,0.8111067439323787,0.6968437696526475,0.037531973207963976,0.13923118258608527,2.739990839047171,0.026015181409951182,0.6122448979591837
0.10774136389347475,0.7346938775510204,-2.7506760172843836,0.03370191905091824,0.02336039016960334,0.7980997132834484,0.6869396195366619,0.05158323874653359,0.19144681557112128,2.6754033339773575,0.03575477650130976,0.6122448979591837
0.10574855803060998,0.8979591836734694,-2.38106934080507,0.04521686589956797,0.03134194311204275,0.7792127460998209,0.6714357051706122,0.06928833062510886,0.24803570088547472,2.5862837008258226,0.048027011018499266,0.6122448979591837
0.10416999392501491,1.0612244897959184,-2.045078410310401,0.05641273293200566,0.039102326779500984,0.754936239818035,0.6500370768035656,0.08649114776089872,0.3070891902257705,2.4753023042254916,0.05995109521386022,0.6122448979591837
0.10302111835055953,1.2244897959183674,-1.7430540660470721,0.06513555186301989,0.04514852412806847,0.7263405646343492,0.6233199884682646,0.09989306317598601,0.36613361494357444,2.3476737530775296,0.06924059509793068,0.6122448979591837
0.10224078389912399,1.3877551020408163,-1.47431557232179,0.07020946848131926,0.048665495126438696,0.6949282876466466,0.5927132535223162,0.10769440999869362,0.4226299023699161,2.2103106964472685,0.07464807665266093,0.6122448979591837
0.10173257190273736,1.5510204081632653,-1.2371516865694985,0.07152094386040142,0.04957454058782318,0.6623434359616844,0.5601511222865245,0.10971637676626234,0.47451606824726095,2.07050176125205,0.07604959721678695,0.6122448979591837
0.10140187306573209,1.7142857142857142,-1.0290274870288467,0.06972639532780711,0.048330654332077616,0.6300606639858134,0.5275685259080525,0.10696047646023521,0.5205436153117875,1.9349845443559721,0.07413935268975935,0.6122448979591837
0.10117622340597476,1.8775510204081634,-0.846914710041988,0.06580797677253569,0.045614613558237815,0.5991821980467145,0.4964982956721336,0.1009322770179728,0.5603041349833437,1.808556867292101,0.06996092324250247,0.6122448979591837
0.10100906875836442,2.0408163265306123,-0.6876293192641774,0.060713786890810084,0.04208359020448227,0.5703867217799918,0.46790909768146494,0.09308954652830437,0.5940303637159523,1.6926389953328458,0.06452475671569768,0.6122448979591837
0.10087439081021925,2.204081632653061,-0.5480933283284748,0.05517731000526993,0.03824599686103469,0.5456657853998325,0.4422503038024139,0.08456283495742678,0.6223281879348489,1.5903648495267524,0.0586144906308963,0.6122448979591837
0.10075925227351598,2.36734693877551,-0.42549444130430086,0.04968397394549573,0.03443830645933432,0.523375404599465,0.41959395269533095,0.07610186485633053,0.6459513439730278,1.4992767026584253,0.05274979306051941,0.6122448979591837
0.10065781557791793,2.5306122448979593,-0.3173572565805776,0.04451270985766653,0.030853859336924083,0.5029845282615928,0.3997839560083768,0.06813812127073948,0.6656562657874547,1.4178646485865503,0.047229746647464044,0.6122448979591837
0.10056758503261987,2.693877551020408,-0.2215543548336402,0.0397972750542559,0.027585368997826043,0.48442061477906356,0.3825512679787829,0.06087875274347976,0.6821277366137475,1.3452993701314562,0.042197935820148746,0.6122448979591837
0.10048740328896381,2.857142857142857,-0.13628367046731737,0.03558039545160829,0.02466245079049023,0.4675558533092502,0.3675884975264029,0.05438996343113267,0.6959515346575775,1.2806139856094625,0.03770024980304765,0.6122448979591837
0.10041652627672301,3.020408163265306,-0.060030841740079346,0.03185304335517669,0.02207884719389419,0.4522395166300966,0.35459219479669246,0.048657724900207366,0.7076128603937323,1.2228594767306546,0.033726964827039296,0.6122448979591837
0.1003542645920196,3.183673469387755,0.008472270076700308,0.028579941954506527,0.019810106186333165,0.43831710730667706,0.34328363878327056,0.04362729363161577,0.7175064682220302,1.1712516743050017,0.030240135576215188,0.6122448979591837
0.10029989366611755,3.3469387755102042,0.0702870890227373,0.025714863139762123,0.017824184883810767,0.4256407112993892,0.33341681574919035,0.03922694973004859,0.7259506663855408,1.1249184353755681,0.027190049607350275,0.6122448979591837
0.10025262283807893,3.510204081632653,0.1263033579551564,0.02320927013471641,0.016087440156732802,0.41407422853568276,0.3247796716807826,0.03538141588826127,0.7332011167289809,1.0831788250101602,0.02452452866716648,0.6122448979591837
0.10021172377706308,3.673469387755102,0.17726900346152147,0.021016620526304042,0.014567611262705782,0.40349436316264,0.3171913847831581,0.032018553032360675,0.7394635980674953,1.045453479288491,0.02219356975998954,0.6122448979591837
0.10017625721906206,3.836734693877551,0.22381503937075364,0.019096195509543445,0.01323647407686157,0.3937948653914329,0.3105011609251416,0.029075209306874683,0.7449018286404555,1.0112530036258542,0.020153399355249846,0.6122448979591837
0.10014584701079716,4.0,0.2664759634821483,0.017407164110180062,0.012065726724515669,0.3848743791598358,0.3045773542431701,0.02648837413830707,0.7496535603357987,0.9801260002094985,0.01836034185158475,0.6122448979591837
0.06880741309921982,-4.0,-23.306630850789325,0.1438849172775094,0.09973342473600666,0.4472808451891503,0.36158028486156973,0.21940888757984034,0.31526485443618474,1.2300849910607816,0.15208265181575964,0.8571428571428571
0.0666437419826357,-3.836734693877551,-22.377408064485596,0.14974717869993448,0.10379683471266588,0.46063663083579587,0.37303230302187235,0.22866717997720842,0.31028690660350244,1.2814744863601246,0.1585000110877952,0.8571428571428571
0.06390143547331309,-3.673469387755102,-21.453021998197567,0.15663935223690606,0.10857412536774791,0.4761505204578,0.38621934641817496,0.23960496895611705,0.304500289297309,1.339905644014124,0.16608150868008575,0.8571428571428571
0.060860613716695086,-3.510204081632653,-20.534221389998415,0.1636205483665476,0.11341312178194474,0.49286254000005514,0.400549447544105,0.2507863211996866,0.2983855182660941,1.4030933663102965,0.17383183146256354,0.8571428571428571
0.057400284436572836,-3.3469387755102042,-19.621787417696286,0.1706902658686169,0.11831347653585889,0.510692915805415,0.41620476336985324,0.26225789055098137,0.2918616755721246,1.4715020453108694,0.18178331741501097,0.8571428571428571
0.05346068940793834,-3.183673469387755,-18.716651382538682,0.17767583712610246,0.12315550555758592,0.5296520451822803,0.4332443024007936,0.2737794837739451,0.2849382221225844,1.5458217057981716,0.18976947727306648,0.8571428571428571
0.048918912584512454,-3.020408163265306,-17.819902177000156,0.18443617806509138,0.12784141681907024,0.5497456117908402,0.4517618862745887,0.28516746021588224,0.27759486287508006,1.626307939298299,0.19766302103607858,0.8571428571428571
0.04362706665948971,-2.857142857142857,-16.932819677201042,0.19073132181018337,0.13220487795719982,0.5709690805631005,0.4718289326938329,0.29607802011659823,0.26979943595412065,1.7127828342930032,0.20522564486959105,0.8571428571428571
0.03739165626092485,-2.693877551020408,-16.05690729299809,0.19624870438256448,0.13602923613131668,0.5932613374682144,0.4934842705739177,0.30603493436494356,0.2615005987190791,1.8050428787415775,0.2121272519079076,0.8571428571428571
0.02996591740007364,-2.5306122448979593,-15.193923280649186,0.2005902045763075,0.13903853475000982,0.6164615715231975,0.5166965578228211,0.3143917987377849,0.25261455665225213,1.9027413299607725,0.2179197888862645,0.8571428571428571
0.02106552113292846,-2.36734693877551,-14.345900082655183,0.20326147646772386,0.14089011933005424,0.6402543212173027,0.5412913172101679,0.32028463574254173,0.2430206997918069,2.004688854145946,0.22200439224161128,0.8571428571428571
0.010403801637180249,-2.204081632653061,-13.515129957187542,0.2037053021329025,0.14119775583853333,0.6640813873667744,0.5668406210106463,0.32265737881780066,0.23256064705044235,2.108783219806167,0.2236490524144208,0.8571428571428571
0.002221460862515676,-2.0408163265306123,-12.704081283341786,0.20138663030634785,0.1395905749993127,0.6870644367137284,0.5925286661907175,0.32038794980711627,0.22105920989763833,2.2114890617118252,0.22207600409418315,0.8571428571428571
0.016790023883849422,-1.8775510204081634,-11.91520391385272,0.19595970951756447,0.1358289201554459,0.7080022708623369,0.6170785398257121,0.31259926328088117,0.20837438251302381,2.308974893135494,0.2166772979882583,0.8571428571428571
0.03291182896311514,-1.7142857142857142,-11.150608106468656,0.18749233843835578,0.12995978576513711,0.7255426158125514,0.6388926243137265,0.29913662139846675,0.19447019732140047,2.3978171200191847,0.20734570572457445,0.8571428571428571
0.049774773083224956,-1.5510204081632653,-10.4116805762969,0.17661970132345362,0.12242344800369143,0.7385627365469879,0.6565065112171306,0.2809677849477894,0.17947382552357652,2.4716581835360425,0.19475202796473257,0.8571428571428571
0.0662875200793848,-1.3877551020408163,-9.698799968029642,0.1644332858470383,0.11397646847508214,0.7555857414510465,0.6691847783909017,0.26008477054438117,0.16366006192639942,2.530539219665284,0.18027702540941748,0.8571428571428571
0.08138365278052442,-1.2244897959183674,-9.01132574358422,0.1520546289391791,0.10539623734028081,0.7727487977221721,0.6772319840417228,0.2387392009662972,0.14734528899943777,2.5903082753219504,0.16548140403892297,0.8571428571428571
0.0943047680314685,-1.0612244897959184,-8.34789455731564,0.14015403606981858,0.09714737494589176,0.784756122203052,0.6817687701881903,0.21846767713985216,0.13074787180635544,2.635324053401159,0.15143025445296887,0.8571428571428571
0.1047046475355193,-0.8979591836734694,-7.706877798418849,0.1287691483654947,0.08925597213264802,0.7927970348769777,0.6841933132402129,0.19962162049161858,0.11389466597811268,2.6667382835734346,0.1383671634225725,0.8571428571428571
0.11257840880614636,-0.7346938775510204,-7.086802879500058,0.11749326400208782,0.08144012467783246,0.7980803128523237,0.6857234364483631,0.18147020648977286,0.09660064558563493,2.6954469632168703,0.1257855619840167,0.8571428571428571
0.1181233974418046,-0.5714285714285714,-6.486628289338103,0.10581272248348261,0.07334379025679749,0.8015219926203605,0.6871938053512976,0.16298763313943665,0.07849345745258103,2.718356158757027,0.11297441837673894,0.8571428571428571
0.1216208256172766,-0.40816326530612246,-5.9058697654512295,0.0933819151615749,0.06472741120953329,0.8036369466833072,0.6890446720809582,0.14350609010058335,0.05904626171273093,2.7337574592606315,0.09947084174640031,0.8571428571428571
0.12336800437679152,-0.24489795918367346,-5.344625383427307,0.08018476167920507,0.05557984148181183,0.8045540262670948,0.6913803147274042,0.12293779280642214,0.03760273658783923,2.742826565012144,0.0852139844680333,0.8571428571428571
0.12365367469403472,-0.08163265306122448,-4.803547117667889,0.06662380817225833,0.04618010479276724,0.804447280168594,0.6940216162224611,0.10189776151833163,0.013398402968541357,2.7491221561843644,0.0706301461018013,0.8571428571428571
0.12275860490873058,0.08163265306122448,-4.283787441893715,0.05357458827517236,0.03713507481259559,0.8068449425145077,0.6965301441007965,0.0818558755596035,0.014406499520026506,2.756086997711107,0.05673816935640463,0.8571428571428571
0.12096536866047947,0.24489795918367346,-3.7869311637993794,0.042393104271119864,0.029384660700710663,0.8107812431352892,0.6982117116621983,0.06490412873673312,0.04666298182760038,2.760645107385447,0.04498811384056589,0.8571428571428571
0.11856516471619527,0.40816326530612246,-3.314909622596239,0.03478120213327829,0.02410849219516753,0.8112448050356253,0.698122904030533,0.05339062214855472,0.0841190821277453,2.7538364077717383,0.03700755921061205,0.8571428571428571
0.1158533519994512,0.5714285714285714,-2.8698851654654423,0.032285234122412465,0.022378419005667727,0.8070123376907079,0.6951147135439562,0.04956203650067703,0.1272448981072428,2.726503479823814,0.03435378586325344,0.8571428571428571
0.11311020735366684,0.7346938775510204,-2.45408765506692,0.035292819183591284,0.02446311811111812,0.7973660179226211,0.6879546933071896,0.0541459895735521,0.17600978763442793,2.675795989823199,0.03753114001153568,0.8571428571428571
0.11057036121986538,0.8979591836734694,-2.069585979834775,0.04244818527373129,0.029422839942373047,0.7819375946039387,0.6755600876979144,0.06502002890494385,0.22966829248932658,2.601090500060949,0.045068449715387704,0.8571428571428571
0.10839208288710725,1.0612244897959184,-1.7179960935266165,0.051372963490273094,0.03560902480029182,0.7608844781463198,0.6573246343249075,0.07875249563067221,0.28666243779269757,2.5032911960699935,0.05458707030845966,0.8571428571428571
0.10664148355535152,1.2244897959183674,-1.4001687680598291,0.05964083703320089,0.04133987803579875,0.7349751787268464,0.6334265987844991,0.09151154724256605,0.34475877233799535,2.3862804182105055,0.06343097095986217,0.8571428571428571
0.10530155355268186,1.3877551020408163,-1.1159474502380133,0.06548742095974447,0.04539242120038911,0.7055114431488453,0.6049333340982953,0.10054388071122355,0.4014504548915353,2.2561796520373862,0.06969170743753983,0.8571428571428571
0.10430243730050721,1.5510204081632653,-0.8640956329898203,0.06814848883242952,0.0472369328936193,0.6740817100363728,0.5735831955809119,0.10466778395038778,0.45448858819741067,2.1201215699097977,0.07255017934066865,0.8571428571428571
0.10355745077897342,1.7142857142857142,-0.6424348595652447,0.06777077464471493,0.04697512136934767,0.6422410135314363,0.5413288589269512,0.10410472502679013,0.5023034652121735,1.9850933963582797,0.07215989663528743,0.8571428571428571
0.10298930451808133,1.8775510204081634,-0.4481414807258432,0.06504826371475092,0.045088020594199696,0.611253922303042,0.5098809726646021,0.09991974301040063,0.544150765450161,1.8569656381926969,0.06925908814993287,0.8571428571428571
0.10254099947607624,2.0408163265306123,-0.2780929348311323,0.06083153172682687,0.04216520470559293,0.5819803755419027,0.48044705536434396,0.09342262426617687,0.5799977114037812,1.7382455217141475,0.06475562861061146,0.8571428571428571
0.10217531278438674,2.204081632653061,-0.12916533945380818,0.05587069984139026,0.038726618070970664,0.5553923464126227,0.45369637063044604,0.08577162481467715,0.6102825616572904,1.6308144982073216,0.059452359912339325,0.8571428571428571
0.10186951434096574,2.36734693877551,0.0015646511707192445,0.050714229077131634,0.03515242489908532,0.5325908329219164,0.4298650062709245,0.07781560762207018,0.6356765335363495,1.5364789647005204,0.05393766902679609,0.8571428571428571
0.10160987500773577,2.5306122448979593,0.11671338694693378,0.04571009854371155,0.0316838259286909,0.5116130404232367,0.4089017364445174,0.07009419081950119,0.6569116125725778,1.4518018815143183,0.04858559074016844,0.8571428571428571
0.10138770189239424,2.693877551020408,0.21855518547485792,0.04104992733907542,0.028453641397270468,0.49244010023520873,0.39059535973080317,0.06290496854548211,0.6746811660941996,1.3760324692278567,0.04360240159051276,0.8571428571428571
0.10119697086184883,2.857142857142857,0.30903119740509616,0.036819173884104384,0.02552110656831319,0.47497711671497256,0.3746644152742828,0.056380804747159896,0.6895950041920761,1.3083609459665877,0.039080195848194776,0.8571428571428571
0.10103307911264799,3.020408163265306,0.38978053973273746,0.033038115517613154,0.02290027662204741,0.4590919420681784,0.3608119975835567,0.05055324890691759,0.7021673316749789,1.2479970083708578,0.035040841947974855,0.8571428571428571
0.10089224475874219,3.183673469387755,0.4621797107601255,0.029690592452243703,0.02057995044742733,0.4446393459478324,0.3487552916351456,0.04539715989135695,0.7128214224576307,1.1939849392728323,0.031466913384122996,0.8571428571428571
0.10077123923515034,3.3469387755102042,0.5273824512660868,0.02674235676057446,0.018536389190120017,0.4314749449206655,0.33823907511200624,0.04085924691287479,0.7219011908597371,1.1455690613213458,0.02832147179746114,0.8571428571428571
0.10066725599258046,3.510204081632653,0.586356267615454,0.024152130790794146,0.01674098136215374,0.4194626674770469,0.3290401523367857,0.036875302019276024,0.7296842504921914,1.1019850497863501,0.025560011626957646,0.8571428571428571
0.10057786413536052,3.673469387755102,0.6399141892899782,0.02187760294010399,0.015164398795342926,0.4084779266910821,0.32096668625449637,0.03337953919478531,0.7363944741337832,1.0626204819755434,0.023136933481255006,0.8571428571428571
0.1005009564631401,3.836734693877551,0.6887415710188963,0.01987878732979631,0.013778925390598884,0.39840897748430065,0.3138557580817448,0.030309823418053217,0.7422123501148119,1.026953875884084,0.02100916864549296,0.8571428571428571
0.1004347255617212,4.0,0.7334183621880005,0.01811906026289556,0.01255917553562158,0.3891536304300489,0.3075682037708756,0.027609399249621358,0.7472850165375167,0.9945236737463624,0.019137377246828624,0.8571428571428571
0.06517420664170062,-4.0,-22.866195254437923,0.16141578553130165,0.11188489663889079,0.4643539414623773,0.3786352467314279,0.24661758848804372,0.30478381410161653,1.2911804195802785,0.1709422861369796,1.1020408163265305
0.06284417115405476,-3.836734693877551,-21.942061988427767,0.16910267020769298,0.11721303907962044,0.47777993810484215,0.391827927985994,0.25883231225755265,0.29943555750014356,1.3466585921088754,0.17940888747913375,1.1020408163265305
0.05984219149938863,-3.673469387755102,-21.022979434498424,0.17683246723455337,0.1225709260950898,0.4934348651124462,0.406152111285296,0.2712282142753617,0.2931486673615336,1.4078589170023632,0.18800107201327565,1.1020408163265305
0.05648330022490185,-3.510204081632653,-20.110119702682795,0.18466395953252013,0.12799930290100225,0.5106238077700735,0.4216457915360471,0.2839384193192016,0.2865183592876974,1.4743073906400617,0.19681111480375169,1.1020408163265305
0.05269283762950115,-3.3469387755102042,-19.204350982171167,0.19247844428492078,0.13341589097465767,0.5287846543368495,0.43837444903892653,0.29681745864804654,0.2795410406781425,1.5460154397056247,0.20573818460286208,1.1020408163265305
0.04837975852765515,-3.183673469387755,-18.30668258913456,0.20010837953349236,0.13870455908005974,0.5479417537761172,0.45639071421981753,0.3096441800703298,0.27220883407793595,1.623356911377181,0.21462899039254513,1.1020408163265305
0.043381075692794965,-3.020408163265306,-17.41829398834559,0.20736516212572154,0.14373457747379947,0.5680154329881083,0.4757455935887506,0.32216070928840024,0.2645102885782026,1.7058929959715332,0.22330478733044634,1.1020408163265305
0.03754188104241065,-2.857142857142857,-16.54055806156746,0.21393438955015354,0.1482880189415019,0.5890197283140797,0.49646254005248025,0.3339002359636116,0.25639867264231,1.7936172718274659,0.2314420071464771,1.1020408163265305
0.03061579236678006,-2.693877551020408,-15.675079624651891,0.21945590716652363,0.1521152433097006,0.6108118972626893,0.5185270186784192,0.3442882701656851,0.24780509734681697,1.8860603741263755,0.2386424437652055,1.1020408163265305
0.022310762742920886,-2.5306122448979593,-14.82371871572653,0.22347693176682837,0.15490240517436393,0.633147507586039,0.5418263886546301,0.352540703882501,0.2386167766233437,1.9825084331567013,0.24436259492877443,1.1020408163265305
0.012304940313110241,-2.36734693877551,-13.988595416906938,0.22548320805608268,0.1562930499276851,0.6555780349031163,0.5660537900761142,0.35767559287868256,0.22867721977515937,2.0804802813977057,0.24792182875896573,1.1020408163265305
0.0003173210875137944,-2.204081632653061,-13.1720392412394,0.2249678971761493,0.15593586364414747,0.6773595579708547,0.5905675256821505,0.35859744133789473,0.21780277715056467,2.177574271086182,0.24856080541937242,1.1020408163265305
0.013760289343157145,-2.0408163265306123,-12.376438179751023,0.22157245635410572,0.15358232341159006,0.6974082457493896,0.6142653333186558,0.3543475754265053,0.20583009052253906,2.270435688139396,0.2456150228451337,1.1020408163265305
0.02969273652468072,-1.8775510204081634,-11.60395243196907,0.2152930643060258,0.14922978051783242,0.714407238073778,0.6356215299207637,0.34455239911283586,0.19269432166640427,2.3554366057709433,0.2388255240002266,1.1020408163265305
0.04678796429351721,-1.7142857142857142,-10.856122747138574,0.20665609840140187,0.14324309195245077,0.7271439735283127,0.6530509745760529,0.32989979474654296,0.17850505224725818,2.427030515776088,0.22866911259587042,1.1020408163265305
0.06397269529605407,-1.5510204081632653,-10.133514970196304,0.19667121322353376,0.1363220969431962,0.741532367354879,0.6655394878483223,0.31221572383877927,0.1635558931520897,2.481733430434625,0.21641144870533235,1.1020408163265305
0.08008427637219377,-1.3877551020408163,-9.43560275957656,0.18645205712683355,0.1292387177070664,0.7581595032276639,0.6731243962727484,0.29381386948771615,0.14822910294001793,2.5348865564171095,0.20365625524481823,1.1020408163265305
0.09421237738054353,-1.2244897959183674,-8.760987223683696,0.17670866326740908,0.12248511172432108,0.7693900011301548,0.6768214117230862,0.2764454951050275,0.13284177072465958,2.5755061745853345,0.19161741551054767,1.1020408163265305
0.1058779440140591,-1.0612244897959184,-8.107845525469862,0.16750002608905445,0.11610217082734553,0.7765183392819667,0.6780939385633187,0.2605781753803975,0.11752934517710034,2.6021995806367637,0.18061902758037762,1.1020408163265305
0.11499806769811605,-0.8979591836734694,-7.4743926693167,0.15838109696990177,0.10978141081867854,0.7809585552846183,0.678309018954275,0.24539800403355683,0.1022146394642434,2.624550394556993,0.17009693461089848,1.1020408163265305
0.12174000155908786,-0.7346938775510204,-6.859206209539387,0.14872942641334408,0.10309138258470707,0.7838626679867988,0.6784613524392695,0.22973979299600567,0.08663704983445537,2.6450088689856357,0.15924348977760605,1.1020408163265305
0.12637843939542912,-0.5714285714285714,-6.26138820203039,0.1380113298361394,0.09566216416124873,0.7859762029747662,0.6791418033360147,0.21265108798953447,0.07039485417215052,2.66099447528978,0.1473985020829507,1.1020408163265305
0.1292050495240992,-0.40816326530612246,-5.680611207307322,0.12592164938487427,0.08728223624258358,0.787644143424298,0.6806114799224917,0.19359250652629667,0.0529738024834129,2.6732620904831568,0.13418810007623527,1.1020408163265305
0.13048887264156422,-0.24489795918367346,-5.117104377985196,0.11244384111503658,0.07794013144021794,0.7888728306201609,0.682880181597717,0.17250868983591694,0.03375923484191055,2.6836578944792313,0.1195739119818553,1.1020408163265305
0.13046986770445762,-0.08163265306122448,-4.571616757530924,0.09788732990729132,0.06785032673778013,0.7906540238080267,0.6857502901924399,0.1498836561559913,0.01204178712543651,2.6946605294576,0.1038914336765413,1.1020408163265305
0.12936934826420848,0.08163265306122448,-4.045373945313884,0.08292804141812304,0.057481338098330115,0.7941915495270038,0.6888238232508848,0.12686409905751894,0.012968201404330615,2.7063187221849696,0.08793549257599587,1.1020408163265305
0.12740600344101582,0.24489795918367346,-3.5400293690779403,0.06864044162944838,0.04757792858784149,0.7987068239494187,0.6914858036317846,0.10512528272550892,0.04209996648619267,2.714870324343841,0.07286729332675357,1.1020408163265305
0.12480943763502066,0.40816326530612246,-3.0576018196278194,0.056465845415021754,0.03913914154735609,0.8013900972176959,0.6928852444318567,0.08672048729724846,0.07613671420051935,2.716842859508482,0.060110061266871906,1.1020408163265305
0.12182472280869919,0.5714285714285714,-2.6003842270407675,0.04800382964911165,0.03327371917736177,0.8000617964732848,0.6919438827155467,0.07386581892803967,0.11567062490902232,2.701919566795362,0.05119988412972143,1.1020408163265305
0.1187032921975822,0.7346938775510204,-2.1708041687521122,0.044475668008707725,0.030828183883755633,0.7938286979567157,0.687432278638237,0.06843964770800115,0.16090015807373065,2.6656187928101804,0.04743874884731669,1.1020408163265305
0.11567965541031058,0.8979591836734694,-1.7712174684402446,0.04592519201184864,0.031832917359687185,0.7820578297462731,0.6781524362579429,0.0706216426141566,0.21140683550522527,2.6057933819857353,0.04895119246451518,1.1020408163265305
0.11294028039892608,1.0612244897959184,-1.4036303737857452,0.0509101600939319,0.03528823393096414,0.7645771746693751,0.6632335007056688,0.07811707017855163,0.2659990157963744,2.52265012837598,0.054146626947866316,1.1020408163265305
0.11059762121947617,1.2244897959183674,-1.069380443175382,0.05718705973547333,0.0396390492201566,0.7418185846318035,0.6424667055676992,0.08771616485358225,0.32274171637224125,2.4182466659156647,0.06080021235779132,1.1020408163265305
0.10868283962592899,1.3877551020408163,-0.7688530969051066,0.06263724154804207,0.04341682737707764,0.714818596686144,0.6165149684747396,0.09616296188838547,0.3792463422428873,2.2975885843875576,0.0666550859072279,1.1020408163265305
0.10716172573896579,1.5510204081632653,-0.5013355196309027,0.06589155349279441,0.04567254452624536,0.6850374747967002,0.5868356929574029,0.10124351686220079,0.4331547858448676,2.1673572854938974,0.07017665826300723,1.1020408163265305
0.10596490376383531,1.7142857142857142,-0.26507515317503394,0.06651133089791683,0.046102141487180726,0.6540545720911252,0.5553118639605087,0.10225182326544502,0.48261360139541054,2.034676631029296,0.07087556300355669,1.1020408163265305
0.10501689268790886,1.8775510204081634,-0.057525025649114485,0.06478474391584266,0.04490536258856448,0.6232709690610783,0.5237785541134115,0.09962342289817183,0.5265345612723176,1.905908193541288,0.06905369469959854,1.1020408163265305
0.10425364156646237,2.0408163265306123,0.12431693230130497,0.06136208318490244,0.04253295495289966,0.5937297617684419,0.4936718431189247,0.09436032074932532,0.5645838198717436,1.785160382173439,0.06540559028412618,1.1020408163265305
0.1036278243481858,2.204081632653061,0.2835818385136651,0.056943115892150065,0.0394699602329418,0.5660786483537001,0.4659000273218828,0.08754543532111736,0.596990944737098,1.6739255655384226,0.06068187166372496,1.1020408163265305
0.10310684098067582,2.36734693877551,0.4232851028255023,0.05210447315438804,0.03611606866152561,0.5420135817418213,0.4408931460373756,0.08007373174977817,0.6243114672408205,1.575162177222111,0.0555028813992724,1.1020408163265305
0.10266854784325238,2.5306122448979593,0.5461798541455638,0.04724885750739016,0.03275041236592591,0.5205016272648765,0.4187329460072363,0.07257171612974966,0.6472313901814407,1.4873170439812675,0.05030288042373199,1.1020408163265305
0.10229744094538788,2.693877551020408,0.6546923961099478,0.04262188044083892,0.02954323625773081,0.5007429365986968,0.3992873407280535,0.06542225798800327,0.6664411099793177,1.4083849239974882,0.04534725367024972,1.1020408163265305
0.10198205772737379,2.857142857142857,0.7509128153858352,0.038352124720263614,0.026583667118334153,0.48268601499789776,0.38231486002850906,0.05882614667865971,0.6825697025404518,1.3377094111005299,0.04077517771351857,1.1020408163265305
0.10171344284825952,3.020408163265306,0.8366165822304217,0.034490754263857504,0.023907169073378753,0.4662247042518732,0.3675334908372053,0.05286344961427947,0.6961595740080482,1.2744951484090008,0.03664215105481006,1.1020408163265305
0.10148430815538574,3.183673469387755,0.9133001351502242,0.031042242818423826,0.021516843087847404,0.4512280261439807,0.3546607384616525,0.0475413213294158,0.7076637290564483,1.2179814661419037,0.03295313283957846,1.1020408163265305
0.1012885819807899,3.3469387755102042,0.982220198220836,0.027985438527433626,0.019398027812024488,0.4375583309979392,0.34343412842788706,0.04282686791468837,0.7174537207498644,1.1672996995739497,0.02968532274727842,1.1020408163265305
0.10112112760798272,3.510204081632653,1.0444314311788718,0.02528679864499095,0.017527473186162768,0.42508130379189185,0.3336197431497455,0.03866787498775137,0.7258314894125274,1.121753507553242,0.026802528526003844,1.1020408163265305
0.1009776273332224,3.673469387755102,1.1008200042831722,0.02290896531400266,0.015879284716946218,0.41367313677474565,0.32501467258017214,0.035005998499155755,0.7330407342253386,1.0806509578748,0.02426430916237532,1.1020408163265305
0.10085442200989292,3.836734693877551,1.1521324106048096,0.020813755624720987,0.014426996028138905,0.4032185989871452,0.31744435192598797,0.031781891670364715,0.7392794798852524,1.0434354572351552,0.022029528604174065,1.1020408163265305
0.10074840495642215,4.0,1.1989995800701803,0.018966118967441936,0.013146311888446949,0.3936162096847716,0.31076104705958923,0.028940948993095628,0.7447073515192189,1.0096363336218193,0.020060337197293165,1.1020408163265305
0.061006698231258746,-4.0,-22.43159413387839,0.1766954306076376,0.12247593954350955,0.4813066268568652,0.3952612901649962,0.27073520190369127,0.29336749407365825,1.351337057212189,0.18765934187787048,1.346938775510204
0.058563155411490354,-3.836734693877551,-21.51422849494938,0.19030082348081878,0.13190647925396526,0.4948315917717878,0.4123299798687552,0.2921676368550674,0.28784600821076023,1.4140623564893058,0.20251517373695105,1.346938775510204
0.055280261439190924,-3.673469387755102,-20.601257575227677,0.1988655090848579,0.13784306693278747,0.5107108891927987,0.42769667329154437,0.3060828691613442,0.2811310217186431,1.4777854285556573,0.21216047777688374,1.346938775510204
0.05161239393274787,-3.510204081632653,-19.69521934110185,0.20746368713384866,0.14380286980539747,0.5280789608955068,0.4441465145053467,0.320256522416297,0.27412756850830505,1.5471141966868847,0.2219849055687888,1.346938775510204
0.04747457021139082,-3.3469387755102042,-18.797054049472333,0.2159361788782701,0.14967555357036066,0.5462574100029274,0.4617039983068971,0.33448320132707066,0.26683688188763377,1.6211306035560982,0.23184608794452322,1.346938775510204
0.04274660239377849,-3.183673469387755,-17.907848500464432,0.2240718154873007,0.155314747147971,0.5652416527172299,0.48039342140348473,0.34847943950452676,0.2592502472099989,1.6999033723105779,0.24154754097567288,1.346938775510204
0.03725611646587788,-3.020408163265306,-17.028863317326675,0.23161354476053075,0.16054227553025635,0.5849781259762006,0.5002289896133469,0.36187509781513283,0.2513360286043818,1.783224145595373,0.2508327037654139,1.346938775510204
0.03077506016996228,-2.857142857142857,-16.161565177620826,0.23821961293924643,0.16512125306292003,0.605381764781721,0.5212063524791419,0.3741392866362987,0.24302849043903954,1.8706905621235979,0.2593335916686592,1.346938775510204
0.023008523491157524,-2.693877551020408,-15.307659349832932,0.2434782957410282,0.16876629422043443,0.6262700847583652,0.5432626744897106,0.38456926780360456,0.23421635195191715,1.9616873279030402,0.2665631037080711,1.346938775510204
0.01360870678700309,-2.5306122448979593,-14.469109416988827,0.2469240405685209,0.1711547025325395,0.6472895736467179,0.5661935146139335,0.39227250896719124,0.22473833975804433,2.054293989528525,0.27190258360178365,1.346938775510204
0.002230198504160752,-2.36734693877551,-13.64811551650452,0.24809403189781154,0.17196567872371715,0.6678148381505501,0.5895122162405428,0.3962152143072406,0.21439638637111286,2.145370410621994,0.2746354586920181,1.346938775510204
0.011347939694919821,-2.204081632653061,-12.847004022994003,0.24664495790124707,0.17096125716857613,0.6868703421041906,0.612286160977508,0.3954115418657276,0.2030009314809771,2.234045478243711,0.2740783954050894,1.346938775510204
0.02703740855037815,-2.0408163265306123,-12.067978764043158,0.2425341977444515,0.16811189535593507,0.7031784625342122,0.6330831013293707,0.38932139533037935,0.19045391754982927,2.314300988714502,0.26985702750491614,1.346938775510204
0.04427325398002108,-1.8775510204081634,-11.312732503865092,0.23619630683517245,0.16371880414147144,0.7154484885073957,0.6502353696659121,0.3783630846357786,0.17684259453124151,2.383457173201135,0.2622613053432534,1.346938775510204
0.06201760872377029,-1.7142857142857142,-10.582033418400885,0.22854188773419493,0.1584131651228049,0.7278523826636178,0.6624733946070567,0.3641445474299463,0.16247477449034425,2.435083943229587,0.25240576636734424,1.346938775510204
0.07902418719652013,-1.5510204081632653,-9.875505217740011,0.22063354195977158,0.1529315175463699,0.7437595630078112,0.6695601529233857,0.348962732904329,0.14779508635430985,2.4813896817810592,0.24188253443312835,1.346938775510204
0.0942308092600628,-1.3877551020408163,-9.191762586961156,0.2131837585387526,0.14776772117230852,0.7539596245911601,0.6723872475641667,0.33473073889357474,0.1332144340225492,2.5164600811083844,0.23201766791082834,1.346938775510204
0.10701969591716202,-1.2244897959183674,-8.528842350628578,0.20626820100168253,0.1429742219634884,0.7598288405934424,0.6724709794866631,0.32199303382041267,0.11896471578082557,2.538054498988576,0.22318856355256234,1.346938775510204
0.11722781895640452,-1.0612244897959184,-7.884702862151523,0.19943986430371385,0.1382411796333778,0.762961256716866,0.6713176760224335,0.3099612799631615,0.10505325530035226,2.553408965647471,0.2148487872892173,1.346938775510204
0.12499819280523342,-0.8979591836734694,-7.257598211199449,0.19204506951635425,0.13311549847569992,0.7647103264913553,0.6700602268657161,0.2974506996742492,0.09129751425806731,2.567505453704915,0.20617711383478898,1.346938775510204
0.13061276871176877,-0.7346938775510204,-6.646273536931958,0.1834828565281339,0.12718062468356117,0.7660081136092383,0.6693974065725683,0.2834100858654365,0.07738164037226311,2.5806378564884955,0.1964449019598793,1.346938775510204
0.13437865025713489,-0.5714285714285714,-6.050025235470075,0.17332844759740462,0.12014212476297326,0.7673703309797744,0.6696813624409159,0.26711093072819514,0.06289692131415132,2.592129026089571,0.185147188530991,1.346938775510204
0.13657307673508493,-0.40816326530612246,-5.468690735765742,0.16136711893819733,0.1118511635270929,0.7689701613646069,0.671024089131028,0.24817990572395887,0.04735802733252441,2.6036505248261834,0.1720252019241948,1.346938775510204
0.1374280718354906,-0.24489795918367346,-4.902614287731528,0.14760116784580335,0.10230933333967385,0.770713370933002,0.6733687163166888,0.22659958757359622,0.03020226131710311,2.6169165002677235,0.15706686524268454,1.346938775510204
0.13713625331449997,-0.08163265306122448,-4.3526117634989845,0.13226690753034465,0.09168043403604154,0.774338291075637,0.6765172958335756,0.20274042191119968,0.010783266016063543,2.631228121886738,0.1405289518332813,1.346938775510204
0.13586609767951927,0.08163265306122448,-3.819940698558175,0.11587263417721383,0.08031678968398959,0.7789944474355044,0.6801232790942173,0.17747111010404693,0.011628279626075,2.6474163872701473,0.12301359959946323,1.346938775510204
0.13378005183436348,0.24489795918367346,-3.306271533419035,0.09924711971964228,0.06879286121236494,0.7840708522610143,0.6836612070223247,0.15209528554464002,0.03782264087096341,2.661641164863477,0.10542441835172678,1.346938775510204
0.13105099552367377,0.40816326530612246,-2.8136492689783212,0.08356338599770519,0.05792172540235163,0.7888177287238076,0.6863898005043003,0.12831908850570573,0.06859093747250955,2.66966555767109,0.0889440144097513,1.346938775510204
0.12787265214046853,0.5714285714285714,-2.3444293323723646,0.0702680312728341,0.04870608776026297,0.7902553880423734,0.6873324618080245,0.10820955898941342,0.10461049678432006,2.6663283630279304,0.0750051507231464,1.346938775510204
0.12445930677912445,0.7346938775510204,-1.9011671341925795,0.06081156018544842,0.042151361487995365,0.7873838995185571,0.6853106711466551,0.09377169377252148,0.14626857051627645,2.6441782765802815,0.06499758515475307,1.346938775510204
0.12103164435943965,0.8979591836734694,-1.486440365760698,0.05610569594773818,0.038889504959528365,0.7793614415260617,0.6790727414341404,0.08651294430326795,0.1934439880718632,2.5999134945396785,0.05996620342574932,1.346938775510204
0.11779021075125443,1.0612244897959184,-1.1025931846407617,0.05589864474327122,0.03874598800092044,0.765712675072409,0.6675436939806613,0.0861267145363338,0.24531199592233027,2.5321570449801056,0.059698489351750705,1.346938775510204
0.1148851389910871,1.2244897959183674,-0.751419793519253,0.05868688863042504,0.040678651390014586,0.7465174846976557,0.6501600104400643,0.09021928281635683,0.30028159981883623,2.4421342419913445,0.06253524151629763,1.346938775510204
0.11239579316826487,1.3877551020408163,-0.4338495117345248,0.06240775124728071,0.04325775682213906,0.7224915448284303,0.627157788445403,0.09580591345724665,0.35616667357074,2.3330913368781507,0.06640759879386016,1.346938775510204
0.11033091465702616,1.5510204081632653,-0.14973155144070377,0.06527952395843029,0.04524831798008133,0.6948889680756025,0.5996356530445516,0.1002631523252,0.41059054111171367,2.210904458906577,0.06949712134826447,1.346938775510204
0.10864843537020048,1.7142857142857142,0.10219332065702398,0.06628796378462631,0.04594731520237327,0.6652413368760998,0.5693078865555414,0.10189813857329488,0.46147452608904127,2.0825686425643966,0.07063040745638549,1.346938775510204
0.10728314943880513,1.8775510204081634,0.32411665301514514,0.06522622556176705,0.04521137434670597,0.6350420670830071,0.5380582667509486,0.10033070350660322,0.5073959614649367,1.9547586408132238,0.06954394425919697,1.346938775510204
0.1061691584641173,2.0408163265306123,0.5188490839549762,0.06243596740431112,0.043277314771831055,0.6055058381270335,0.5075211715287321,0.09607116503238178,0.5476916674042199,1.8327484796225053,0.06659145717530457,1.346938775510204
0.10525136529165835,2.204081632653061,0.6894776378231278,0.0584826765745059,0.040537102379217815,0.5774670129885301,0.4788525465163147,0.08999202135225648,0.5823398204829757,1.7190297837400959,0.062377715873206174,1.346938775510204
0.10448788007917487,2.36734693877551,0.8390804806520813,0.053920807076021315,0.037375055398260804,0.5515824708795019,0.45270454236778485,0.08295507291970727,0.6117412642015992,1.6155278973782432,0.05750007490743947,1.346938775510204
0.10384790875112074,2.5306122448979593,0.9705364382141761,0.049183231303784325,0.03409121810904581,0.5296146687975123,0.4293230861492822,0.07563579555999445,0.6365083173510928,1.52433190171536,0.05242673844181844,1.346938775510204
0.10330861805943148,2.693877551020408,1.0864250684429737,0.04456008449700688,0.030886696934613322,0.5093112060149579,0.408680975168345,0.06848826003770236,0.6573121140006302,1.4422847789325222,0.047472444346589704,1.346938775510204
0.10285254575217159,2.857142857142857,1.1889936728521793,0.04022080592633914,0.02787893822769072,0.4906763722683739,0.3905948525815252,0.06177834584284181,0.674793199507165,1.3685661194328622,0.04282148624062332,1.346938775510204
0.1024658674598136,3.020408163265306,1.280165502831111,0.036247925707037165,0.025125147504979184,0.47363909822920097,0.3748089737453213,0.05563598136873438,0.6895197006510354,1.3025019423088444,0.038563923623423424,1.346938775510204
0.10213733631792632,3.183673469387755,1.3615691073927483,0.03266770241052397,0.022643525821225863,0.45808898528959413,0.36104761441094063,0.05010287406425684,0.7019747614047245,1.2433166958633162,0.03472866589558876,1.346938775510204
0.10185764876111461,3.3469387755102042,1.4345757896308926,0.029473078580569467,0.0204291813205435,0.4438993805159126,0.34904425627615604,0.04516841967610752,0.7125593338870571,1.1902341775671117,0.031308362748841745,1.346938775510204
0.10161904573385405,3.510204081632653,1.500337769341525,0.026639163881951866,0.01846486133724934,0.43094114728460403,0.3385556966026795,0.04079398207564289,0.7216016420970301,1.1425554606111348,0.028276233659544125,1.346938775510204
0.1014150237122037,3.673469387755102,1.5598233928807286,0.024132968417243994,0.0167276990169547,0.4190903958090047,0.32936726226752294,0.03692818929157582,0.7293685175030343,1.0996011502293972,0.02559667029063961,1.346938775510204
0.10124014685375686,3.836734693877551,1.6138479439732711,0.021919271853643618,0.015193281485280208,0.4082323932131948,0.3212933306307556,0.03351613814314236,0.7360762129393887,1.0607429651092397,0.02323161665717599,1.346938775510204
0.10108986164654735,4.0,1.6630997958440084,0.01996359894259525,0.013837712320889262,0.3982627696843763,0.3141749286186336,0.03050409641214502,0.7419003552441534,1.0254794904316056,0.02114382842360696,1.346938775510204
0.0570533560926448,-4.0,-22.00782822806622,0.20395769010614284,0.14137269785059137,0.4969575391188555,0.41899772370801414,0.3135142542938256,0.2825050868228062,1.4217156926072834,0.21731152142911814,1.5918367346938775
0.05382824358604897,-3.836734693877551,-21.095029028375745,0.2132168777518899,0.1477906776615172,0.51124926240347,0.43424922501042307,0.32858236334628455,0.27573925285856715,1.482427274563651,0.22775593873519995,1.5918367346938775
0.050259227660394964,-3.673469387755102,-20.18904427602171,0.22254742968146335,0.1542581234245688,0.5274483299251892,0.4504333637554286,0.34397654865170724,0.2687417838685028,1.5486216834168867,0.2384263748766715,1.5918367346938775
0.046286096187316106,-3.510204081632653,-19.290752486185376,0.23178658507960614,0.16066221793954694,0.5446929750230156,0.4675580973055554,0.35949526711580004,0.26151943748000583,1.619659921547256,0.2491831308259611,1.5918367346938775
0.04178539771654484,-3.3469387755102042,-18.401158883965387,0.240741862085597,0.16686954294738277,0.5625738410698963,0.4856175942163509,0.3748809253816008,0.25407221078657105,1.694579151383792,0.2598476564739598,1.5918367346938775
0.03660265520178824,-3.183673469387755,-17.521422018121964,0.2491672323239973,0.1727095645733041,0.581062354190375,0.5046169431827154,0.38979284093910316,0.24637134614503303,1.773536712633167,0.2701838086993904,1.5918367346938775
0.03051791597319279,-3.020408163265306,-16.65288562076136,0.25675197375821224,0.17796690671370574,0.6001036001306147,0.5245618770529508,0.40376300368883333,0.23835131731477058,1.856187326939418,0.27986718762132945,1.5918367346938775
0.023235739118762387,-2.857142857142857,-15.797116428556107,0.26312514673155807,0.18238445359140143,0.6195682868290547,0.5454309064785462,0.416170638967023,0.22989705010792819,1.9419172125056263,0.2884675050318224,1.5918367346938775
0.01438785613574035,-2.693877551020408,-14.955937203404668,0.26787337096217234,0.18567567182951783,0.6391841876945092,0.5671062914411722,0.42622266220479776,0.2208371000235275,2.029282485982582,0.2954350365980094,1.5918367346938775
0.003575532591226055,-2.5306122448979593,-14.131430139937777,0.2705894131633215,0.18755828882352632,0.6584287783155609,0.5892371455661113,0.43297372980735727,0.21095422973050182,2.11544865179942,0.3001145200724933,1.5918367346938775
0.009521399632245329,-2.36734693877551,-13.32586357657754,0.27096826780042127,0.1878208908470742,0.6764223364510915,0.6110482659435726,0.43545735079850667,0.20002870730741393,2.198895372139808,0.30183603496008704,1.5918367346938775
0.024951942479637654,-2.204081632653061,-12.541480798474598,0.2689595782470007,0.1864285733465001,0.6919242359782108,0.6312084771137769,0.43301960070712076,0.18792580577183657,2.274474940587613,0.30014631535733427,1.5918367346938775
0.04227971359508567,-2.0408163265306123,-11.780121475958776,0.2649283799469395,0.1836343596105352,0.7035731507043125,0.6479931769555108,0.4258332376021854,0.17470731349567475,2.340787519161271,0.29516510803266716,1.5918367346938775
0.0605128151604559,-1.8775510204081634,-11.04276025097231,0.2596783046313407,0.17999528470780035,0.7145683360256088,0.6598987808172028,0.41525505599752544,0.16069365040745262,2.389164864977349,0.28783287127794654,1.5918367346938775
0.07832935837339085,-1.7142857142857142,-10.329188865046959,0.2541810992327349,0.17618491228479805,0.7295811609227334,0.6664164740344494,0.403493401661736,0.14639303186281194,2.429700420480623,0.27968031373637325,1.5918367346938775
0.09451399945882798,-1.5510204081632653,-9.638063767949397,0.24910533602238694,0.172666661326355,0.7385365694592412,0.6683103053361275,0.3925365112973238,0.13231133057266753,2.4587855557572498,0.2720855760725769,1.5918367346938775
0.10830504200024346,-1.3877551020408163,-8.967315600860937,0.24451835510698716,0.1694872084375636,0.7428914718432451,0.6671536855617713,0.38296466745359004,0.11877146248432575,2.473670132724334,0.2654508794995327,1.5918367346938775
0.11945796641199954,-1.2244897959183674,-8.31468668253488,0.2399784987880551,0.16634041982994874,0.744412953069485,0.6645974469498833,0.3740566298762693,0.10584894296645642,2.482126012918105,0.25927629836849064,1.5918367346938775
0.1280958689357547,-1.0612244897959184,-7.6781570409433915,0.23483884654021958,0.16277788436530272,0.7446335541565459,0.6619060083324575,0.3646688004202514,0.0934124979045653,2.489272671813394,0.25276915084947493,1.5918367346938775
0.13451639430167198,-0.8979591836734694,-7.056173107257129,0.22849722160176,0.1583822049190411,0.7446327747367515,0.6598618699612209,0.353755024947195,0.08119767206107689,2.4969045958399994,0.24520429815106093,1.5918367346938775
0.13905373978807634,-0.7346938775510204,-6.44771882417338,0.22050554372643294,0.1528427959318146,0.7450462286477226,0.6588660349546691,0.3405473287065903,0.06886261015368574,2.50461235755285,0.23604942074019375,1.5918367346938775
0.1420089795216616,-0.5714285714285714,-5.8523029493578385,0.21058429185621774,0.14596590817035016,0.7461591805742588,0.659072186807238,0.32456323763978645,0.05601347945437203,2.5141830656007835,0.2249700930834253,1.5918367346938775
0.1436271839699358,-0.40816326530612246,-5.269918365762583,0.19860588671583113,0.13766311041968615,0.7480001126027588,0.660484537692449,0.30557022083359753,0.042206459914961456,2.526130855189534,0.21180513703388737,1.5918367346938775
0.14409902924972365,-0.24489795918367346,-4.701002660421836,0.1845851201571449,0.1279446556102437,0.7504055725829314,0.663008049491516,0.28356984795473483,0.0269369563413163,2.542703234495749,0.19655564060163666,1.5918367346938775
0.14357310916809257,-0.08163265306122448,-4.146410462477422,0.16869194820036126,0.11692834827824483,0.7557796953574485,0.6664594813250277,0.25882583781122337,0.009625456665318999,2.559993770610452,0.1794043997349153,1.5918367346938775
0.1421722610572847,0.08163265306122448,-3.607397409514841,0.15128916473025145,0.10486565798204306,0.7614997410913482,0.6705496702277053,0.23196443375275733,0.010390987016700182,2.5804069948572237,0.16078549324590696,1.5918367346938775
0.14001096472808242,0.24489795918367346,-3.085609493493878,0.13298799716560472,0.09218025528365259,0.7670981236413377,0.6748459560025202,0.20395598854048158,0.03385086787048972,2.600154781845451,0.14137151841515117,1.5918367346938775
0.13721195963948168,0.40816326530612246,-2.5830668762947493,0.11470078372763615,0.07950452484882709,0.7737039737754082,0.6787250417773542,0.17614646948426982,0.06152974065159038,2.613268539768347,0.12209542868860979,1.5918367346938775
0.13391960842487466,0.5714285714285714,-2.1021264795614183,0.09764654901780112,0.06768343014309708,0.7776931097451696,0.6813333736296644,0.1503274145090696,0.09415449204141786,2.620227032294731,0.10419902352782762,1.5918367346938775
0.1303062317612786,0.7346938775510204,-1.6454028327717927,0.08323540237507077,0.05769438447905295,0.7780268470791177,0.6815843269857249,0.12847644933923474,0.13225739868897984,2.611513227329431,0.08905308862784267,1.5918367346938775
0.12656710024626117,0.8979591836734694,-1.2156242828822277,0.07274736604791121,0.05042463166927158,0.7737221001215485,0.6782338854067673,0.11238533323672018,0.17597481435259288,2.5827024403390513,0.07789957686932247,1.5918367346938775
0.12290184765235612,1.0612244897959184,-0.8154075363065009,0.06680688620772068,0.04630700481687078,0.7640483525204214,0.6700738017557544,0.10319237372953616,0.22483322255421725,2.5311862713209208,0.07152750290591658,1.5918367346938775
0.11948576171695194,1.2244897959183674,-0.44695553037731584,0.06492236858769296,0.045000756741833126,0.7487430615626378,0.6562398174153251,0.1001906556706964,0.2776140723851576,2.456603548843227,0.06944687049659537,1.5918367346938775
0.11644154159247641,1.3877551020408163,-0.11172427802736781,0.06557901193563564,0.04545590722709281,0.7281629914959946,0.6365452061160496,0.10097696213744678,0.3324096160156452,2.3611958655221077,0.06999189660707872,1.5918367346938775
0.11382479779768626,1.5510204081632653,0.1898522695653033,0.06693208238995263,0.04639378419760187,0.70328084162513,0.6116687885535519,0.10286471506610839,0.38692307158395034,2.249340063771709,0.07130038722717469,1.5918367346938775
0.11163009865885609,1.7142857142857142,0.45847981000185545,0.06752915789103353,0.0468076453977575,0.6754959571225023,0.5830532756844851,0.10375556854847501,0.4389299199355651,2.127514317964181,0.07191787980676878,1.5918367346938775
0.10981235299236194,1.8775510204081634,0.6959126083873908,0.06664629882977557,0.04619569412861435,0.6463300608013867,0.55253426698723,0.10246455055475723,0.48670446524151306,2.002739988308652,0.07102301432437219,1.5918367346938775
0.10831100239458111,2.0408163265306123,0.904687972268507,0.06422438656045815,0.0445169524675737,0.6171400042595756,0.521889666829224,0.09880268122265479,0.5292387189750187,1.8806948652636761,0.06848479992124634,1.5918367346938775
0.10706712227462818,2.204081632653061,1.0877836035367725,0.06060112439515475,0.04200549851326407,0.5889477678493318,0.4925152183814087,0.09326283037620753,0.5662186543263399,1.7652074817534746,0.06464486792630808,1.5918367346938775
0.10603109675631936,2.36734693877551,1.2482985245777942,0.05624290913561403,0.038984613893840114,0.5624044380318449,0.46530741883386123,0.08656243343627112,0.5978466003936724,1.6583328348820403,0.060000506678759,1.5918367346938775
0.1051637376949873,2.5306122448979593,1.3892169721366792,0.05157576252639373,0.03574959438039915,0.5389005095444835,0.44070889002404606,0.07936538805859294,0.6246267720282377,1.562759746949034,0.05501189496685921,1.5918367346938775
0.10443457038792348,2.693877551020408,1.5132674144218763,0.04691719283277296,0.03252051993182414,0.5181157371109769,0.41882742088379804,0.07216959635647102,0.6471889465390769,1.4776832908592272,0.05002415223663714,1.5918367346938775
0.10381963671436836,2.857142857142857,1.6228598858860837,0.0424712119900259,0.029438800845850155,0.4989343872779234,0.39956051940730286,0.06529642951170134,0.6661733224990728,1.4009315702524503,0.04526003601666684,1.5918367346938775
0.10329972627325046,3.020408163265306,1.7200759929542901,0.03835035959044264,0.026582443623575536,0.4813314243002751,0.3826938345733444,0.05892401268917968,0.6821688704997968,1.331951160416048,0.04084301326278306,1.5918367346938775
0.10285916031708271,3.183673469387755,1.8066888235552248,0.03460308377872323,0.023985029959901594,0.4652248865030923,0.36796748382415423,0.05312970320743826,0.695688060282101,1.270055410194634,0.036826703982222764,1.5918367346938775
0.10248499100987998,3.3469387755102042,1.8841966711007532,0.031237173662559847,0.02165195885286475,0.45050447013010475,0.3551157757572433,0.04792675542686364,0.7071625155749883,1.2144962954533094,0.03322029539751625,1.5918367346938775
0.1021664582964981,3.510204081632653,1.9538607565433501,0.0282368939462061,0.019572323426582994,0.4370495069387988,0.3438884003492135,0.0432912517854116,0.716948957134971,1.1645323201544546,0.030007209117968614,1.5918367346938775
0.10189460379524554,3.673469387755102,2.016741673889947,0.025574401731451424,0.017726824454662893,0.42473954482494475,0.33405998906323026,0.039180093950871075,0.7253391647708635,1.1195359798796745,0.027157571656120094,1.5918367346938775
0.10166195307923198,3.836734693877551,2.073732140027238,0.02321687683322038,0.01609271271835433,0.41346019320013766,0.3254330438533789,0.03554226007250394,0.7325706242183206,1.0789295594108796,0.02463601735998422,1.5918367346938775
0.10148724999866054,4.0,2.1257240345191115,0.021211376126125447,0.014702605557620485,0.4030753524208234,0.31786810143427735,0.032438794400397875,0.7387468485588413,1.0421398973914362,0.022484858879399106,1.5918367346938775
0.05216277371200767,-4.0,-21.591288375713624,0.22765420458930352,0.1577978700536926,0.5126648542975966,0.44119543841700787,0.35134854179652164,0.2703809484120729,1.4885039728425065,0.24353625114010669,1.836734693877551
0.0486875519176008,-3.836734693877551,-20.685645756374857,0.23765082221591882,0.16472699737671692,0.5268524879473473,0.45712282709962737,0.367871554612202,0.26342278165840394,1.5508528994408943,0.25498913088765196,1.836734693877551
0.044851336898579876,-3.673469387755102,-19.787554681450914,0.2475866140351317,0.17161396346283464,0.5431512529099776,0.4738210914514721,0.38457430406309934,0.25630363562722713,1.6184170102598043,0.26656659457714005,1.836734693877551
0.040553629395650395,-3.510204081632653,-18.897947340753944,0.2572783134902408,0.17833173761497823,0.5599435633359974,0.4912717553316385,0.4012239784709819,0.24902372237245496,1.6897497859045045,0.2781072694502056,1.836734693877551
0.03564595218542717,-3.3469387755102042,-18.017890063472542,0.2664930170296542,0.18471888339301845,0.5772117664965329,0.5094712906180764,0.4175064380370075,0.24155448777720584,1.7642901905479773,0.2893934103909763,1.836734693877551
0.02991563978651889,-3.183673469387755,-17.148616448722745,0.27494676737411483,0.19057857660943878,0.5949242636910679,0.5284330582023011,0.43300807109351824,0.23382705719751168,1.8422938036227519,0.3001383236381723,1.836734693877551
0.023066592289885314,-3.020408163265306,-16.291569718770088,0.2823090219512987,0.19568170261217843,0.613000072355643,0.5481720677782204,0.4471907342635384,0.22571779979982995,1.922957604209067,0.30996899662730293,1.836734693877551
0.014715000769802936,-2.857142857142857,-15.448447494225006,0.2882207943146171,0.1997794309579244,0.6312382310683203,0.5686451441260567,0.45936742656485174,0.2170409050396382,2.0052484827247867,0.3184092365645048,1.836734693877551
0.004416146410109267,-2.693877551020408,-14.621227357580272,0.29233900126354007,0.20263395449353294,0.6492031624031768,0.5896189492210183,0.4687013060279428,0.20755614077209888,2.086612863376596,0.32487898879803234,1.836734693877551
0.008238764434121712,-2.5306122448979593,-13.812127031932144,0.2944156648231866,0.2040733879848735,0.6660957785998106,0.6104593757540153,0.474283363683504,0.19701008968281258,2.16563364578555,0.32874817632370723,1.836734693877551
0.023426476800931587,-2.36734693877551,-13.02342922311654,0.29442032410551233,0.20407661755328133,0.6807042565787057,0.6299325915498548,0.475393857072135,0.18522856195287687,2.2362808969166936,0.3295179116850684,1.836734693877551
0.04083643881367764,-2.204081632653061,-12.257116236366864,0.292672043760716,0.20286480196145718,0.6915980187757726,0.6462686791465494,0.4719897873066925,0.1722461319501258,2.299092980819816,0.3271583903247217,1.836734693877551
0.05952613303578349,-2.0408163265306123,-11.514367186579,0.2898651354551407,0.20091920138335717,0.7016924402977487,0.6577444027704822,0.4651578390280915,0.15839709398561463,2.344047576116288,0.322422844637678,1.836734693877551
0.0780996384818714,-1.8775510204081634,-10.795145842333383,0.286844399524429,0.19882538678976847,0.7156243102891572,0.6635873541544239,0.45695523452009557,0.14425875342412223,2.379629816049446,0.3167372324497131,1.836734693877551
0.09518446953613657,-1.7142857142857142,-10.098159523834369,0.2841850953284082,0.19698209758404572,0.7231241374816351,0.6644456518837426,0.44934369006123154,0.13043778047194604,2.401788254646589,0.3114613118683449,1.836734693877551
0.1098714429883469,-1.5510204081632653,-9.421247169186435,0.2819125304193828,0.19540687562471493,0.7257489037968916,0.6619700463080967,0.44290283257320606,0.11734684904532759,2.4094616541003107,0.30699684966013097,1.836734693877551
0.12183679353169552,-1.3877551020408163,-8.761958931744246,0.27958522774122585,0.19379371233504084,0.7254473946565547,0.6579720290105437,0.4369845746678349,0.1051175416621766,2.4110427510997168,0.30289462587919624,1.836734693877551
0.13119046352727107,-1.2244897959183674,-8.118037702236524,0.2765830330188135,0.19171274952770867,0.723918991154271,0.6538477841334626,0.4305211071008519,0.09364848941218604,2.4109355480941046,0.2984144915585012,1.836734693877551
0.13825349599596168,-1.0612244897959184,-7.487681394766349,0.272340705835739,0.18877219240174736,0.7223589358290768,0.6504475075214604,0.42253258126410786,0.08269906357563343,2.4121416245077354,0.29287726739793163,1.836734693877551
0.14339435170122722,-0.8979591836734694,-6.869622467096356,0.266440791376493,0.18468268332877646,0.7214780471852603,0.6481928964539988,0.4122954003147532,0.07196221605567873,2.414733860407207,0.2857813942860048,1.836734693877551
0.14694549674280588,-0.7346938775510204,-6.263109123634329,0.25861260729480895,0.17925659960365325,0.7216214435259056,0.6472405128917665,0.39933219250687246,0.061100095067412985,2.419974927278005,0.2767959833429594,1.836734693877551
0.14917504970514367,-0.5714285714285714,-5.667853683742975,0.24870050077424377,0.1723860509155135,0.7228845138495709,0.647603903220964,0.3833556487766461,0.04975109601048997,2.429330182020057,0.265721887101261,1.836734693877551
0.15028633432610003,-0.40816326530612246,-5.083982751188475,0.2366372208115668,0.16402442242107873,0.7251931493166593,0.6492222143207909,0.364225740648644,0.03752057092284855,2.4432563132994747,0.2524620452179649,1.836734693877551
0.1504286641967525,-0.24489795918367346,-4.512002466685517,0.2224358347919142,0.15418077174151334,0.7287031453128568,0.6519871452559091,0.34193945422729666,0.023964072691961037,2.462289698999819,0.23701436861985625,1.836734693877551
0.14971158755861635,-0.08163265306122448,-3.9527809874187474,0.206203610361674,0.142929451143476,0.7353297100942164,0.6557408882110234,0.3166597788771526,0.008569185381753108,2.4823700507767645,0.21949183292543362,1.836734693877551
0.1482198397103854,0.08163265306122448,-3.407545024873051,0.18817788683586345,0.13043497170400697,0.7420266855693273,0.660253046179369,0.28880443849272996,0.0092584203225752,2.506583632461883,0.20018398227443335,1.836734693877551
0.14602841620650014,0.24489795918367346,-2.8778840984716196,0.16878102661963057,0.11699009273340999,0.7482524919272452,0.665181204748713,0.2590519430142457,0.030197088647186444,2.5311332196574226,0.17956112391889967,1.836734693877551
0.1432175801958746,0.40816326530612246,-2.3657529267569606,0.14868418997367971,0.10306002707409534,0.7563104458707043,0.6700202124920905,0.22840346706891657,0.054988048315035586,2.5501368308230203,0.15831721922893482,1.836734693877551
0.13988683962943696,0.5714285714285714,-1.8734580333549287,0.12885393048129545,0.08931473861717665,0.7625733334839664,0.6740506914408575,0.19830960188987534,0.08437563803408551,2.564634889139376,0.13745774142793232,1.836734693877551
0.13616536696768064,0.7346938775510204,-1.4036092991961713,0.11053076818412544,0.07661409033195121,0.7658598996669597,0.6763087152239432,0.17055982493813326,0.11899291881707304,2.5681084595577888,0.11822306177266428,1.836734693877551
0.13221472228110734,0.8979591836734694,-0.9590128112864272,0.09506607430323566,0.06589478137018978,0.7651176886147264,0.6756137054378889,0.14703251599103462,0.15918652113739729,2.5540726919138734,0.10191517390981986,1.836734693877551
0.1282195813726501,1.0612244897959184,-0.5424828945750433,0.08356148482034431,0.0579204076066242,0.759426929566563,0.6706997872435195,0.1293010510280368,0.2048028212203353,2.518921852367953,0.08962465896352079,1.836734693877551
0.12436532688220876,1.2244897959183674,-0.1565664930020584,0.0763831972157818,0.05294479779227346,0.7482191589985028,0.6604750966453441,0.11815477887436776,0.25500385229817335,2.460792060645225,0.08189865184645129,1.836734693877551
0.12080809762119533,1.3877551020408163,0.19679215654216084,0.07285977862251158,0.05050255012841576,0.7314800593236972,0.6443640361553902,0.11258314529452917,0.3082209161059632,2.3804622978978984,0.07803668973947353,1.836734693877551
0.11764943804801167,1.5510204081632653,0.5165721646714707,0.07151734198323334,0.04957204395681969,0.709838842527281,0.622591349728529,0.11026028269444144,0.3623360901253473,2.281151510755471,0.07642660407739399,1.836734693877551
0.11492748678363336,1.7142857142857142,0.8028788838374463,0.07074727957715421,0.0490382773711906,0.6844731460685698,0.5962325077426016,0.10884012076194027,0.41507637181837165,2.1681437718795906,0.07544222283794255,1.836734693877551
0.11262746453640982,1.8775510204081634,1.0569495548214862,0.06939293253048007,0.04809951553428893,0.6568504610456556,0.5669620499373828,0.10665229525478992,0.464469530594484,2.0485094819651133,0.07392573775610423,1.836734693877551
0.11070317152380511,2.0408163265306123,1.2809578392145629,0.06695027286357291,0.04640639287310422,0.6284190643149392,0.5366195562739933,0.10292378634841537,0.5091662302861948,1.9280442391520034,0.0713413323199572,1.836734693877551
0.10909772439155896,2.204081632653061,1.4776926778347494,0.06344190534038896,0.04397457781604164,0.600373850251425,0.5068098160607164,0.09757804790659508,0.5485263905045534,1.811929878578781,0.06763594879099921,1.836734693877551
0.10775671112948657,2.36734693877551,1.6502173703235146,0.059168880320905615,0.0410127425713247,0.5735550113115196,0.47868422976158553,0.09103660224619903,0.5825074599045298,1.7028656085736995,0.0631017641747098,1.836734693877551
0.10663357819503397,2.5306122448979593,1.8015894972195678,0.054499888316656975,0.03777644392752255,0.5484601646950185,0.4529127563445103,0.08386085202645477,0.611464455728575,1.6032298840301862,0.05812791314149113,1.836734693877551
0.10569026752624891,2.693877551020408,1.9346742417090148,0.04975287983416443,0.034486068381788915,0.5271130872836941,0.42977168982965813,0.07654587579674699,0.6359569184908123,1.5145190821317096,0.053057557992005844,1.836734693877551
0.10489597904025261,2.857142857142857,2.0520455265328286,0.045154456803880194,0.031298684423325396,0.5074363427437176,0.4092670827483498,0.06944828708478745,0.6566077263759765,1.4347802743599902,0.048137884387537966,1.836734693877551
0.10422564536670756,3.020408163265306,2.1559520407824877,0.04084294129243338,0.028310169602625557,0.4892913090393418,0.3912455669287268,0.06278751207333189,0.6740185167115119,1.362864951230422,0.04352098696800333,1.836734693877551
0.1036586767420196,3.183673469387755,2.2483235650649274,0.03688810878894744,0.025568888603247464,0.4726340550030341,0.375475532125102,0.056675380518670604,0.6887284227044994,1.2981885341587465,0.039284380213678194,1.836734693877551
0.10317804065081253,3.3469387755102042,2.3307983785445416,0.033312867703914506,0.023090720325334768,0.45737741186719627,0.3616992634493127,0.05114973243933596,0.7012001101347124,1.240046688009015,0.035454292826720746,1.836734693877551
0.10276959263086002,3.510204081632653,2.4047591186085286,0.030111076544488302,0.020871407810436837,0.4434137629223259,0.3496629703931583,0.046202352301638605,0.7118206187289872,1.1877574548508902,0.03202503023311776,1.836734693877551
0.10242157177553649,3.673469387755102,2.4713697947306006,0.02726032065577577,0.01889541440371101,0.43062916600598977,0.33913207100236675,0.041799116915792744,0.7209090058359127,1.1406223875208936,0.02897294004007689,1.836734693877551
0.10212419086982245,3.836734693877551,2.5316102537245495,0.024730343690758883,0.017141768003527735,0.41891157554833297,0.32989750908952875,0.037893336346721096,0.7287262464889394,1.0980631586527574,0.02626565925073887,1.836734693877551
0.10186935723041912,4.0,2.586306556915014,0.02248833727763122,0.015587727579471577,0.40815565673109805,0.3217772351329514,0.0344341405142381,0.7354848977090471,1.0595858829588818,0.02386792741244914,1.836734693877551
0.046921840066713835,-4.0,-21.18486694004209,0.25265958202613703,0.1751302769228711,0.5268514965570151,0.46408115522793,0.3917662011137586,0.2582151724109201,1.5541631593986724,0.2715516377406817,2.0816326530612246
0.04321547551804365,-3.836734693877551,-20.28726840489368,0.26325865789864844,0.18247699648044335,0.5415796860322355,0.480371692747447,0.40960559433121446,0.2512281423659896,1.6177307945177983,0.28391696285226153,2.0816326530612246
0.03910612872480097,-3.673469387755102,-19.397974743146264,0.27359474981090814,0.18964142944743467,0.5573052672431625,0.4972246152301386,0.42738048650526705,0.24414577930812253,1.6850235159678753,0.2962375792474634,2.0816326530612246
0.03444634483157541,-3.510204081632653,-18.517970862776977,0.2835039023057462,0.1965099305609701,0.5733797180396195,0.5146516247790224,0.4448872084501234,0.2369264261028404,1.7554965088263437,0.3083723142043868,2.0816326530612246
0.029034909960604028,-3.3469387755102042,-17.648391644640515,0.2927184213848677,0.20289694848087936,0.5898028356384867,0.5326741877832024,0.46174987240001686,0.22949637785315097,1.8288120310824878,0.32006062217798625,2.0816326530612246
0.02257015637604273,-3.183673469387755,-16.790570844898294,0.3009482793710343,0.20860145134039887,0.6065343090449966,0.5513418174797663,0.47751238552603237,0.22172139941929472,1.9046648596468012,0.3309863637098225,2.0816326530612246
0.014659555945773556,-3.020408163265306,-15.946096570778883,0.307890476402199,0.21341341563944272,0.623435839426163,0.570674425141294,0.49159924277081357,0.2133964081000265,1.982048984984695,0.3407506290919935,2.0816326530612246
0.004814570627179759,-2.857142857142857,-15.116856828355418,0.31327364505862354,0.2171447438161218,0.6401424459419989,0.59054099304062,0.5032980125335298,0.20425488579370357,2.0591105814090205,0.3488595983690397,2.0816326530612246
0.007453971482950861,-2.693877551020408,-14.305029957725496,0.3169216096135101,0.21967332016212393,0.6559191737720665,0.6104299771346271,0.5117866946306546,0.1940070015124494,2.1339800664299005,0.3547435044313314,2.0816326530612246
0.02244233279460822,-2.5306122448979593,-13.512943053968714,0.31884761002771045,0.22100832191898423,0.6695692387322322,0.629192359793117,0.5163203667295795,0.18243652076525735,2.199830380893393,0.35788600646428437,2.0816326530612246
0.03996007242863846,-2.36734693877551,-12.742719967999738,0.3193463475601548,0.2213540204334381,0.6795873084413405,0.6450105892301898,0.516668875179557,0.16955036507858798,2.258426595027912,0.35812757411378815,2.0816326530612246
0.059110159682768296,-2.204081632653061,-11.995739493499428,0.3190013817551147,0.22111490835828462,0.6892252749193205,0.6559460734661651,0.5136372534141467,0.1557010955734217,2.29974780381142,0.3560262140345696,2.0816326530612246
0.07841604775526141,-2.0408163265306123,-11.272130355165332,0.3184957903874812,0.22076445912729392,0.7018656752759401,0.660974383073122,0.5090742894007758,0.1415450696840285,2.330220212863667,0.3528634083937048,2.0816326530612246
0.09634015569446416,-1.8775510204081634,-10.570642590076595,0.31826189436247754,0.22060233475701874,0.707684384259833,0.6606554358448424,0.5048162023635427,0.12779935228455774,2.3456212584219336,0.3499119273692677,2.0816326530612246
0.11182450197374302,-1.7142857142857142,-9.889019630495046,0.318248370942817,0.22059296103680914,0.7083772817844036,0.6567545418005292,0.5014079093665118,0.11496687371384981,2.3460958470021853,0.3475494786878537,2.0816326530612246
0.12447395896053348,-1.5510204081632653,-9.224628137608804,0.3180071506269404,0.2204257598549657,0.7060950148161025,0.6512680582685505,0.4982701486605605,0.10322419924865223,2.3401216477721416,0.34537454870125206,2.0816326530612246
0.13439682121126864,-1.3877551020408163,-8.574999376306797,0.3169597268265769,0.2196997410008923,0.7026959805308373,0.6457245926451268,0.49443725420987716,0.09248118264000842,2.3325524205237698,0.34271778871937686,2.0816326530612246
0.14194690380068425,-1.2244897959183674,-7.938123916542527,0.31460380047003067,0.2180667372892453,0.6994625061286921,0.6410259111348757,0.4890375694337794,0.08249888894374353,2.3266475067100925,0.3389750124409123,2.0816326530612246
0.1475325683851199,-1.0612244897959184,-7.312535969456342,0.31058442314516244,0.2152807172289064,0.6971415252105891,0.6375911469762034,0.4814409034675693,0.07298070367879517,2.3239084178082936,0.33370940484477796,2.0816326530612246
0.15152092907843878,-0.8979591836734694,-6.6972852785310115,0.30467885515134174,0.21118728942438425,0.6960942994051625,0.6355532723968075,0.471234644090472,0.06361739058158426,2.3247301495018693,0.32663496493347965,2.0816326530612246
0.15420629708222092,-0.7346938775510204,-6.091872297182177,0.296755746345315,0.20569540889421734,0.6964361137053124,0.6349038443434722,0.4581578557989556,0.05409839693267578,2.329712672529806,0.3175708259984358,2.0816326530612246
0.155809913345248,-0.5714285714285714,-5.496185817610097,0.28674036909127976,0.19875327838833856,0.6981315582772416,0.6355753156801385,0.4420471967231858,0.044104775508725734,2.3396000106377506,0.30640376808310377,2.0816326530612246
0.15649119964940533,-0.40816326530612246,-4.9104577358259185,0.27459575284090665,0.19033527187540988,0.7010479637142337,0.6374781289033584,0.4228086534523565,0.033293611284961354,2.356670602797993,0.2930686260568476,2.0816326530612246
0.15636153310738385,-0.24489795918367346,-4.335237729886588,0.26032083175255494,0.18044065057030334,0.7061787472629093,0.6405092964447492,0.4004167449120666,0.021279103695617852,2.377416712273309,0.2775477377847899,2.0816326530612246
0.15549748659101925,-0.08163265306122448,-3.771385866851287,0.24396523571305861,0.16910381528914908,0.7133877159115883,0.6445424076672515,0.37494303267165563,0.007613302806293775,2.400120016206815,0.2598907059669533,2.0816326530612246
0.15395317420667004,0.08163265306122448,-3.2200792778503082,0.22566110036807885,0.15641635548218846,0.7209469855690478,0.64940334914264,0.34663110237775374,0.008230388021566037,2.427500863312346,0.24026637130752526,2.0816326530612246
0.15177232686164877,0.24489795918367346,-2.682827620944785,0.20567220011976062,0.14256110563257285,0.7283946895111286,0.654832960973809,0.31591280467746596,0.026865843259705757,2.4561566412575457,0.21897406986497003,2.0816326530612246
0.14900078322135152,0.40816326530612246,-2.161489766924972,0.18445724951328968,0.12785602243397864,0.736968173409587,0.6604377922054846,0.28347906383676547,0.04898626495285465,2.4811479747301766,0.19649271384622624,2.0816326530612246
0.1456994473063527,0.5714285714285714,-1.658280275095782,0.16273432300923973,0.11279883717418593,0.7451818798121742,0.6656340540824931,0.25042681053941784,0.07532637420060981,2.500875772640651,0.1735826376620162,2.0816326530612246
0.14195643020962234,0.7346938775510204,-1.175748703808808,0.14151446970057124,0.0980903556813868,0.7510904314854019,0.6695993228652063,0.21825128191768162,0.10657824162374638,2.5148681966105206,0.15128026071483403,2.0816326530612246
0.13789522219704198,0.8979591836734694,-0.7167089025200167,0.1220477353400029,0.08459704364464948,0.7536402274354551,0.6712616743936799,0.18872654417420476,0.1432476589273503,2.514445087064268,0.13081527199117104,2.0816326530612246
0.1336741819591601,1.0612244897959184,-0.28409304121741247,0.10561338169399592,0.07320561775059464,0.7517983673032991,0.6693708957940399,0.1636304928383563,0.18545623183148277,2.4951005906285793,0.11342001476454078,2.0816326530612246
0.1294731891220519,1.2244897959183674,0.1192865074253769,0.09313463956767354,0.06455601282879941,0.7447514991290277,0.6626937209363174,0.14431571203026428,0.23273307051600362,2.4538721288446963,0.10003202890427865,2.0816326530612246
0.12546780690547502,1.3877551020408163,0.4910572878822561,0.08475333982470001,0.05874653854252965,0.7321333020116974,0.6503293642732775,0.13125678978975008,0.28388762837600556,2.3898346685417042,0.09098027377211437,2.0816326530612246
0.12179889476244403,1.5510204081632653,0.8296337730380491,0.07967665349119768,0.05522764772387512,0.7141918067542193,0.6320493800355871,0.12323594607802191,0.337071272183853,2.30482723956193,0.08542064856761833,2.0816326530612246
0.11855083219443721,1.7142857142857142,1.134494228630468,0.07651390587591278,0.05303539813151814,0.6917995518362345,0.6084870170354287,0.11807293205602143,0.3900716481462965,2.203016820099837,0.08184191995507684,2.0816326530612246
0.11574809459946582,1.8775510204081634,1.4062881338363369,0.0738906772859731,0.05121711463043721,0.6662741933445826,0.5810369071486797,0.11376401854306373,0.440752179849296,2.090725659016374,0.07885520870229312,2.0816326530612246
0.11336902121403229,2.0408163265306123,1.6467313190863866,0.07089880523487002,0.04914330695361868,0.6390821011526164,0.5514925021470882,0.10899959861768682,0.48745050098325626,1.9740251410461778,0.07555276446401527,2.0816326530612246
0.11136665920982702,2.204081632653061,1.858331480831412,0.06718997421661266,0.04657254119014054,0.6115558043472596,0.521608249820847,0.10326755675930643,0.529180136383421,1.8585406932672845,0.0715796158110269,2.0816326530612246
0.10968647822141812,2.36734693877551,2.044043448507192,0.06282188576730174,0.04354481299706414,0.5847225883154249,0.49278220396835143,0.0965790937561759,0.5656087052750793,1.748233138146854,0.06694352653812796,2.0816326530612246
0.10827671313545668,2.5306122448979593,2.2069516214686846,0.058043780932100386,0.04023288310212414,0.5592609750454698,0.4659355062184402,0.08925621807835649,0.5968953196549671,1.6455281160915214,0.06186769590845609,2.0816326530612246
0.1070923836265862,2.693877551020408,2.350035180070047,0.05313587697793354,0.03683098331383472,0.5362420428756616,0.4415477446658139,0.08171619364210159,0.6234929618844782,1.5526682362827091,0.05664134922911268,2.0816326530612246
0.1060957833216992,2.857142857142857,2.476026643572098,0.04832782326351426,0.033498294437704246,0.5161458454735128,0.41976587348298955,0.07431412452569575,0.6459838581864221,1.4700716146040391,0.05151062589076627,2.0816326530612246
0.10525562880577341,3.020408163265306,2.5873472776222393,0.043775289598305456,0.030342718563260762,0.49749964457895246,0.4005221618531051,0.0672951716804846,0.6649697243471587,1.395236054210781,0.04664545851562485,2.0816326530612246
0.10454597122439133,3.183673469387755,2.686094626917686,0.03956646741399705,0.02742538533272887,0.4803089791194941,0.38362984443964365,0.0608003152715364,0.6810110473839133,1.3277394439485595,0.04214356710762068,2.0816326530612246
0.10394524495948634,3.3469387755102042,2.774060133888388,0.035738774788553584,0.024772230981352505,0.46451819324654287,0.368849275597671,0.054890914610286945,0.6946005191529522,1.2669418111890849,0.0380474827004762,2.0816326530612246
0.10343550721768438,3.510204081632653,2.852761094224493,0.03229578005497169,0.022385728889087853,0.4500385749333749,0.35592873718382034,0.049574767534540154,0.7061567091933099,1.2122087362094396,0.03436261034348087,2.0816326530612246
0.10300182024907509,3.673469387755102,2.923477185491344,0.029220719431087172,0.020254259287591614,0.43676673451112963,0.34462709974604844,0.044827268866377334,0.7160280718475159,1.1628752695877378,0.031071895026931973,2.0816326530612246
0.10263180779788188,3.836734693877551,2.9872862053600167,0.026485912503961373,0.018358635576678273,0.4245954481237028,0.3347246357837695,0.04060627340442746,0.7245015509413001,1.1183135075154818,0.028146123923324495,2.0816326530612246
0.10231513388668656,4.0,3.045096471453758,0.024059206997247617,0.01667657149665014,0.4134209424595693,0.3260272207597815,0.03686231533735285,0.7318117574873566,1.0779906984890046,0.02555100994499737,2.0816326530612246
0.041440092675565275,-4.0,-20.78972815438223,0.2787048746420808,0.19318349806647173,0.5399542984714406,0.48709434602079665,0.4344367993846805,0.24633571559746334,1.6170571081649032,0.30112864262497707,2.326530612244898
0.037494153391353036,-3.836734693877551,-19.90103423469476,0.2896187805464243,0.2007484411729632,0.5546205225894038,0.5033576105327306,0.4532392109862635,0.2394710115651693,1.6807614807499733,0.31416148121434206,2.326530612244898
0.033058710233241244,-3.673469387755102,-19.021407571739264,0.3001285741212092,0.2080332749575926,0.5695314257600249,0.5200340715208494,0.4718255744026236,0.23251914328554948,1.746802249870328,0.3270445666132553,2.326530612244898
0.027930080243704174,-3.510204081632653,-18.151894412967494,0.31000014926713915,0.21487572943767952,0.5847083065334744,0.5371594726211097,0.4898865375590211,0.22539099556901937,1.815587621186376,0.33956347230330897,2.326530612244898
0.02180775510006282,-3.3469387755102042,-17.293732117330578,0.31898222794777764,0.22110163195073196,0.6001491400948268,0.5548131957743643,0.507044771202362,0.21793541116969645,1.886869004212187,0.3514566535765793,2.326530612244898
0.014284947315703423,-3.183673469387755,-16.448415253814904,0.32683542273476185,0.22654505177571793,0.615767496376693,0.5730735685457948,0.5228523227132,0.20993261122533763,1.9595853224625277,0.3624136133378735,2.326530612244898
0.004829461869224452,-3.020408163265306,-15.617758509971315,0.3333603338068687,0.23106777548875335,0.6312528782283361,0.5918973452717559,0.5367196622425259,0.2010815566022257,2.032585122128874,0.3720257206344928,2.326530612244898
0.0071217615478952525,-2.857142857142857,-14.803915768329857,0.3384673965602798,0.23460772163722288,0.6459169610961435,0.6108764037262692,0.5479399292311053,0.19105412826780546,2.1033826992333133,0.37980301706275643,2.326530612244898
0.02197811229989018,-2.693877551020408,-14.009268756189988,0.34223352724160305,0.23721820450060238,0.6585594231989834,0.6289270285492204,0.5557745480733147,0.17958975961364626,2.1649123059360402,0.3852335610239952,2.326530612244898
0.03966141196744727,-2.5306122448979593,-13.23608616554182,0.3449463073257921,0.23909856036743715,0.6675878135722881,0.6441682166163755,0.5598278696243448,0.166668715158543,2.218813608355893,0.38804310942899445,2.326530612244898
0.05930863891297442,-2.36734693877551,-12.48594071199081,0.3470732451050087,0.2405728412923276,0.6771506633688893,0.6544387675505221,0.5606121073334629,0.15266998221102357,2.2562225884326996,0.38858670158595876,2.326530612244898
0.07934630583757825,-2.204081632653061,-11.759109455138995,0.3490985532922575,0.24197667795208422,0.6882580077379047,0.6584770551757021,0.5597093908902657,0.13834403791104896,2.281227827809042,0.38796098622851183,2.326530612244898
0.0980590062770511,-2.0408163265306123,-11.05436077869699,0.35126320354709595,0.24347709917312366,0.6921484760374286,0.656801487413999,0.5587453370965525,0.12453101905368576,2.2893808203992743,0.3872927550594909,2.326530612244898
0.11424207276510527,-1.8775510204081634,-10.369322166357803,0.3534100854856015,0.24496520433579394,0.6907140919374362,0.6513474914088441,0.5582011933586561,0.11182397741656087,2.282571564660492,0.3869155833617488,2.326530612244898
0.12744441487895736,-1.7142857142857142,-9.701173120777957,0.35508398299258026,0.24612546167330285,0.6863338898063824,0.6443252201861475,0.5575678628073595,0.10043144927248819,2.268858423620089,0.3864765920757556,2.326530612244898
0.13779016890957435,-1.5510204081632653,-9.047250703387405,0.3557652010833481,0.24659764607226475,0.6810151815397257,0.6373909350071301,0.556009991972402,0.09025599540948356,2.2538717268979247,0.38539675829882736,2.326530612244898
0.14567768972798395,-1.3877551020408163,-8.405372818575382,0.3550362017402193,0.24609234223294485,0.6760961855812088,0.6314759063929711,0.552797926054398,0.08104178788512639,2.241107616286734,0.3831703238639905,2.326530612244898
0.15156035841222393,-1.2244897959183674,-7.773921562090996,0.3526251585671072,0.2444211344552938,0.6723229067354953,0.6269725675558211,0.5474252934079922,0.07248470550338496,2.2328653677287136,0.3794462986929501,2.326530612244898
0.1558408105312575,-1.0612244897959184,-7.151801921921645,0.34837746086515375,0.24147685476931402,0.6700363474950901,0.6239693716216224,0.5395737373582263,0.0642850406552671,2.229078223234105,0.3740040147540462,2.326530612244898
0.1588388723525888,-0.8979591836734694,-6.538362254470644,0.3422102277222425,0.2372020545044493,0.6693359051989564,0.622416603737675,0.5290450807749876,0.05616096481026469,2.2301196049932033,0.36670610612829124,2.326530612244898
0.1607935510905945,-0.7346938775510204,-5.933319191838452,0.33407570351416016,0.2315636319844201,0.6701870816364905,0.6222179996157827,0.5157064100007127,0.04784232293328381,2.236276464161881,0.3574604440886855,2.326530612244898
0.161876359048773,-0.5714285714285714,-5.336701825864652,0.3239393856561308,0.22453767183986773,0.6724816292179349,0.6232726046643096,0.4994570102198712,0.03905628113490036,2.2485761849820243,0.3461972184448028,2.326530612244898
0.16220607150182373,-0.40816326530612246,-4.748817371572255,0.3117715364306206,0.21610356145572673,0.6760652267592452,0.6254881639477979,0.4802154763591724,0.02950998586450424,2.267486921377659,0.332860003499611,2.326530612244898
0.16186168860540395,-0.24489795918367346,-4.170236143462175,0.29755010846655106,0.2062460187588957,0.6826400130764287,0.628778451242334,0.45792508992553893,0.018872177155649948,2.2897211932275288,0.31740948498954635,2.326530612244898
0.16089325357189313,-0.08163265306122448,-3.6017926904712736,0.2812746493032652,0.19496473012754567,0.6903732111824696,0.6330500336402949,0.432579143935913,0.0067547187906037195,2.314978657406828,0.29984101398821217,2.326530612244898
0.15933126129051273,0.08163265306122448,-3.044599800694019,0.26299248264517905,0.18229249785396573,0.6986597399535387,0.6381797104058003,0.40428127967726857,0.00730448389765852,2.3447906496140174,0.28022642916146534,2.326530612244898
0.15719571308166683,0.24489795918367346,-2.5000715694733895,0.24283937257860932,0.1683234264318092,0.7071196191787167,0.6439816464484351,0.3732631270562763,0.02385393393599533,2.376589097876533,0.25872628412604604,2.326530612244898
0.15450582919077,0.40816326530612246,-1.9699500966513532,0.2210956911094426,0.15325185492646254,0.7160553955113502,0.6501629117393084,0.33995124312790903,0.043529995428821924,2.4064085505044632,0.23563624570195785,2.326530612244898
0.15129104429213142,0.5714285714285714,-1.4563270862751,0.19825361197245428,0.13741893217453205,0.7258725478212119,0.6562685680650698,0.30511133625979925,0.06703660669824682,2.4318255187497138,0.2114870624853573,2.326530612244898
0.1476030053601426,0.7346938775510204,-0.9616463696519993,0.17507804236965452,0.12135485144648062,0.7340179157396844,0.6616243753441102,0.26989951719244676,0.09508800901539252,2.453164881158546,0.1870800893764346,2.326530612244898
0.14352669275722216,0.8979591836734694,-0.48866672894776986,0.15262258217262525,0.10578991252273373,0.7394943806458426,0.6652982898501287,0.23584713332419405,0.12829817530942086,2.464691640485641,0.16347677550681006,2.326530612244898
0.13918672516302402,1.0612244897959184,-0.040359017415873916,0.13213938380987234,0.09159204132874166,0.7412328248651577,0.6661193961909438,0.20471416006521315,0.16701004418984106,2.460032860948652,0.14189704286989935,2.326530612244898
0.13474357669481182,1.2244897959183674,0.3802864747192825,0.11482622736232306,0.0795914757505296,0.7382533829301662,0.6628033217996412,0.17817319795378772,0.21108588249507712,2.435347519695495,0.12350024981301644,2.326530612244898
0.130376030123674,1.3877551020408163,0.7705484135717321,0.1014330731132067,0.07030804864395002,0.7298883428354024,0.6542123168375256,0.15736079870642206,0.2597263818590541,2.388347451998908,0.1090741939540174,2.326530612244898
0.12625222723922586,1.5510204081632653,1.1283255222492314,0.0919134928440597,0.06370957842027658,0.7160004383789764,0.6397051660865853,0.14247820737232297,0.3114244396277278,2.3191363367941555,0.0987583677313606,2.326530612244898
0.12249970143830069,1.7142857142857142,1.4524685689227592,0.08540510728867279,0.0591983093225632,0.6970933033815194,0.6194324076206092,0.13218776279711708,0.3641397318841664,2.2305691424548377,0.09162557508734803,2.326530612244898
0.11918783436952074,1.8775510204081634,1.7429857178425727,0.0806278566919918,0.05588697154064515,0.6742363553400643,0.5943987947640743,0.12449762765130812,0.4156760827167803,2.1279348826125233,0.08629517959290522,2.326530612244898
0.11632951445359963,2.0408163265306123,2.001043725216755,0.07642369801985094,0.05297287081042423,0.6488208020093591,0.5662245060942118,0.11772182955145416,0.4641156295865013,2.017259545623182,0.08159855424394857,2.326530612244898
0.11389730055887023,2.204081632653061,2.228766773397576,0.07208228129770378,0.04996363004983251,0.6222573925548364,0.5367224460570018,0.11084007003616447,0.5081261740983619,1.9041198573230698,0.07682848203863424,2.326530612244898
0.11184323309648839,2.36734693877551,2.4289120017995742,0.06735869623192059,0.046689490379349774,0.5957403034159097,0.5075025384539628,0.10349250261747844,0.5470478682846223,1.793839013329701,0.07173553639839803,2.326530612244898
0.1101140098965172,2.5306122448979593,2.604527214492955,0.062315816328635254,0.04319403239248487,0.5701367469279722,0.47974732272725945,0.0957403491159412,0.5807941766296757,1.6893651425335379,0.06636215305553872,2.326530612244898
0.10865930164076294,2.693877551020408,2.758669349155842,0.057147059878483564,0.03961132343206142,0.5459870949658193,0.45417193907362546,0.08781022461657795,0.6096678049309786,1.5931870298973392,0.06086540961731579,2.326530612244898
0.10743490324152716,2.857142857142857,2.894215177394485,0.052056404778291654,0.03608275020216012,0.5250105834016712,0.43110008275020084,0.07999228995355345,0.6341795404979964,1.5067158119443576,0.05544643024783902,2.326530612244898
0.10640317338086458,3.020408163265306,3.0137589290739806,0.047202633223267565,0.03271837213371298,0.5059260776613539,0.4105796289868164,0.07252753680472424,0.6549129100683636,1.429040751456157,0.05027225764915144,2.326530612244898
0.10553244132743726,3.183673469387755,3.11957473015555,0.04268633265261412,0.029587911126603084,0.4882344517763767,0.39249014441890007,0.06557353815120148,0.6724407743184556,1.3587151124926053,0.04545211308884456,2.326530612244898
0.10479618049079802,3.3469387755102042,3.213619904114464,0.03855735097223656,0.026725919116266317,0.47192169385633137,0.3766238878723727,0.059210713412334304,0.6872827558841145,1.2952137322523032,0.041041739060701854,2.326530612244898
0.10417222618739808,3.510204081632653,3.2975601817611326,0.03482847170268899,0.02414125696393099,0.4569253079422724,0.3627393223559849,0.053461723788081894,0.6998891394809037,1.237947354302709,0.03705684311158297,2.326530612244898
0.10364209694372475,3.673469387755102,3.372804163420776,0.031488499944046566,0.02182616495627787,0.44315734951096436,0.35059296205293106,0.04831132087911971,0.7106396415220534,1.1862994306417718,0.033486855856488695,2.326530612244898
0.10319041461481686,3.836734693877551,3.440539572899661,0.028512454185781966,0.019763327229719296,0.4305192666393387,0.33995637823747565,0.0437221897713993,0.7198493576094418,1.1396539795586114,0.030305912567951676,2.326530612244898
0.10280439900259224,4.0,3.501767411639421,0.02586864203505357,0.01793077629151174,0.41891082246572353,0.33062381732147494,0.03964608641183265,0.7277774685607944,1.097437267569686,0.027480573016597454,2.326530612244898
0.03576096106133876,-4.0,-20.406945913223844,0.305288929194965,0.2116101605276548,0.5518579866417742,0.5095679474224835,0.4786980519675508,0.2350304384493711,1.676409868539281,0.3318082050608462,2.5714285714285716
0.031530491371624586,-3.836734693877551,-19.527976671098145,0.31630687888776077,0.21924722129276697,0.565642324193912,0.5255127224931208,0.4982237935843319,0.22835831445238725,1.7383554996595405,0.3453424178108593,2.5714285714285716
0.026659078519309848,-3.673469387755102,-18.65884939915517,0.326743111564086,0.2264810665480299,0.5796236500521917,0.5417792108225061,0.5173416319324402,0.221528951936326,1.8026965526964993,0.35859389356025106,2.5714285714285716
0.020841352544812272,-3.510204081632653,-17.800717799075716,0.3363785808518003,0.23315986491818097,0.5938350452344351,0.5584774125896649,0.5357446415840701,0.21438094137349722,1.8694869321107666,0.37134988781409595,2.5714285714285716
0.01364697072383341,-3.3469387755102042,-16.954998134419522,0.34503302468844277,0.2391586682628637,0.6082288896187837,0.5757393683564588,0.5530958943759083,0.2066641645154162,1.9377952249962063,0.38337685976594216,2.5714285714285716
0.004512964934418514,-3.183673469387755,-16.12345026289569,0.35259540333548456,0.24440050970038762,0.6225414573180436,0.5935956450303299,0.5689669127726975,0.19804965291404392,2.007004549896157,0.3943778114202914,2.5714285714285716
0.00720154818126976,-3.020408163265306,-15.308221708071065,0.3590711380971694,0.24888914699250342,0.6361084880642243,0.6117236270716422,0.5827746736341202,0.18816447727094057,2.0738400124406735,0.40394862193123204,2.5714285714285716
0.022013311022220095,-2.857142857142857,-14.511764349935902,0.3646175036191801,0.2527335946164406,0.6477018877119005,0.6290769672767003,0.5938097190637968,0.17670329289315095,2.131747206010122,0.41159753255816334,2.5714285714285716
0.039951169409052786,-2.693877551020408,-13.736499856216863,0.36952553257145615,0.25613558104681644,0.6556264596840367,0.6436890075966414,0.6015176283098089,0.1636165932325902,2.1802472096632792,0.41694024812004926,2.5714285714285716
0.06016178963484566,-2.5306122448979593,-12.9841885918443,0.3741329250612253,0.25932918216083345,0.6654295548598432,0.65314994179251,0.6061029880170583,0.14932875295160347,2.2133567957305083,0.4201185772729823,2.5714285714285716
0.08094871556082597,-2.36734693877551,-12.255229752064093,0.37868155334896025,0.2624820510338923,0.6747261496011048,0.6559839477884367,0.608816300363102,0.13470350275155538,2.2324449772800192,0.42199930207562053,2.5714285714285716
0.10040138388066215,-2.204081632653061,-11.548369561098527,0.3831756239996533,0.2655971034346576,0.6764201871836045,0.6527384731780995,0.6110074523833835,0.12071890737366738,2.2327832442588758,0.42351809292065745,2.5714285714285716
0.11717626249547393,-2.0408163265306123,-10.861084243535569,0.38733485769428855,0.2684800645433836,0.6726737148568925,0.6455934404610818,0.6130785759432165,0.1080546566237766,2.218987216189661,0.42495368637674646,2.5714285714285716
0.13079122162063864,-1.8775510204081634,-10.190353834061016,0.3907085650833504,0.27081854030814645,0.6661201808318888,0.63700102827874,0.6146079168161314,0.09693363205207099,2.197153346094299,0.4260137446909229,2.5714285714285716
0.1414100733880812,-1.7142857142857142,-9.533334793661105,0.39285896756820105,0.2723090857275894,0.6588963474403531,0.6287287746617792,0.6149248787238375,0.08723107063911222,2.1750663223183433,0.42623344594359347,2.5714285714285716
0.14948933840500436,-1.5510204081632653,-8.887704129685213,0.39347378047178516,0.27273524155828066,0.652357982888818,0.6217055697145316,0.6134710287277532,0.07865805959276242,2.1558671869789876,0.42522571391785124,2.5714285714285716
0.15553171160125237,-1.3877551020408163,-8.251733266259734,0.3923780945508142,0.2719757699513805,0.6472124604138061,0.6162696164048149,0.6098820887547256,0.07089021649134815,2.142290626833667,0.4227380502943472,2.5714285714285716
0.1599743509815493,-1.2244897959183674,-7.62422882327649,0.3894945678102246,0.2699770615210717,0.6437494044676848,0.6124463202028558,0.6039455976309194,0.06362519355457603,2.1341286568384454,0.4186231882094624,2.5714285714285716
0.1631596112315735,-1.0612244897959184,-7.004437144755211,0.3847973360442509,0.26672118856605054,0.6420261233487938,0.6101323442190073,0.5955379112986354,0.05659561982550896,2.131276756581538,0.4127954241332077,2.5714285714285716
0.16534125420959875,-0.8979591836734694,-6.39195717274202,0.3782780222292659,0.2622023445760078,0.6419838154119288,0.6091919527580806,0.5845754202707645,0.04956187992762888,2.133827072695236,0.4051968043853251,2.5714285714285716
0.16670097955864474,-0.7346938775510204,-5.786675411709107,0.3699257214708904,0.2564129708541514,0.6435105531704536,0.6094991056862109,0.570984404028692,0.04229786908767217,2.1421956650036784,0.39577622979618887,2.5714285714285716
0.16736502381222879,-0.5714285714285714,-5.188723753666299,0.3597177699278986,0.24933735802283397,0.6464706124338522,0.6109511342431364,0.5546859863013904,0.0345750170820063,2.157495628801441,0.38447902750092133,2.5714285714285716
0.16741777916454376,-0.40816326530612246,-4.598457056329357,0.34761826745454183,0.24095062199724904,0.651267826350726,0.613468419189603,0.535592797608063,0.026146063325965342,2.1772977395931563,0.3712446375902414,2.5714285714285716
0.16691224988337616,-0.24489795918367346,-4.016447039797809,0.3335829434357871,0.2312220767254034,0.6585241980849326,0.6169866243361087,0.5136163149383002,0.016728651034226428,2.200865719596765,0.3560117005890713,2.5714285714285716
0.16587811933028845,-0.08163265306122448,-3.4434897048847346,0.3175706898082238,0.2201232282690473,0.6666985527538954,0.6214434833821587,0.4886871931710832,0.005988638649419653,2.2282727931150523,0.3387321501222891,2.5714285714285716
0.16432844791921322,0.08163265306122448,-2.8806239989198827,0.2995636089268614,0.20764167092601582,0.6755657712406398,0.6267595572055455,0.4608015470373772,0.006476351347815523,2.259903188411057,0.31940329312661886,2.5714285714285716
0.16226605716371337,0.24489795918367346,-2.3291593482283,0.27959853368611354,0.19380293531322423,0.6848241459627099,0.6328109120351237,0.4300354055925961,0.02115120254591756,2.2939900414978864,0.2980778289274606,2.5714285714285716
0.15969062063643855,0.40816326530612246,-1.7907085337065718,0.25781305547454547,0.1787023925137261,0.6940676202179904,0.63939117589945,0.3966012603072877,0.03861096740830825,2.3276867442348355,0.27490304538851706,2.5714285714285716
0.1566073265132381,0.5714285714285714,-1.2672197370671425,0.23450665330372944,0.16254762556002889,0.7050418288145618,0.6461615897393074,0.3609765907390847,0.05951371752384307,2.3583799262199787,0.25020990611893756,2.5714285714285716
0.15303749805481476,0.7346938775510204,-0.7609969673802294,0.2102099269002391,0.145706418156613,0.715011737074273,0.6525921058216715,0.3239813453435847,0.08456564146048615,2.384640888746938,0.2245667560789233,2.5714285714285716
0.14903046396153372,0.8979591836734694,-0.2746914731283376,0.18573924993963153,0.12874463741497455,0.7229837765181888,0.6579065700538314,0.28682907367259247,0.1144417903393894,2.4060719259012737,0.1988147637187785,2.5714285714285716
0.14467408482626645,1.0612244897959184,0.18876038908130147,0.16219108935739257,0.11242229630002276,0.7279211827045247,0.6610615128643282,0.25109177765351776,0.1496484887418049,2.414513705003858,0.17404355774232005,2.5714285714285716
0.14009911859258892,1.2244897959183674,0.6262805452820263,0.14081324260572625,0.09760430209766291,0.7287626925073947,0.6608055846989765,0.21851518263910075,0.1903307795471703,2.405376640180661,0.1514631827558337,2.5714285714285716
0.1354717316226976,1.3877551020408163,1.0348925769891977,0.1227145532395153,0.0850592465916431,0.7246154682127753,0.6558667170699485,0.19066062136057083,0.23606636466895314,2.37536190262715,0.13215587213988655,2.5714285714285716
0.13097147806591708,1.5510204081632653,1.4120541253729364,0.10848028369725915,0.07519280279109819,0.7149904962933855,0.6452688856609542,0.16845922146626924,0.2857351942633767,2.322985486708369,0.1167670343986682,2.5714285714285716
0.1267597023438166,1.7142857142857142,1.7560189656599456,0.09791129484215899,0.06786693796481624,0.6999913840872809,0.6286847048745352,0.15188206730302234,0.33757057737958746,2.249401380294058,0.10527662672870575,2.5714285714285716
0.12295105130619999,1.8775510204081634,2.0661261839843137,0.09011759818749931,0.06246475910249916,0.6803526195784901,0.6066459822289223,0.13954383580654017,0.3894362801342621,2.1585882370373937,0.09672441635382345,2.5714285714285716
0.1196008344800368,2.0408163265306123,2.342914165006833,0.08394219009491888,0.05818429239431988,0.6572851044194769,0.5804664269699166,0.12965889230290095,0.43924676568161425,2.056297903125065,0.08987269563428102,2.5714285714285716
0.11671142917344943,2.204081632653061,2.588017443718203,0.07841603401833863,0.05435385289050454,0.6321938875563964,0.5518961798625954,0.12081875765156358,0.48535312206272696,1.9477524722073825,0.0837451812249368,2.5714285714285716
0.11425010302612808,2.36734693877551,2.803891406399217,0.07297951403260017,0.05058554439033158,0.6063964351151641,0.522688998465457,0.11222148866590498,0.5267454712436389,1.838886307269294,0.07778600846701211,2.5714285714285716
0.11216756883413395,2.5306122448979593,2.993465321249762,0.06745189911320004,0.04675409369372874,0.5809414987606425,0.4942769549796047,0.10359873981887491,0.5630434607194437,1.7337658505674647,0.07180917441501666,2.5714285714285716
0.11041100891993456,2.693877551020408,3.159821042033233,0.06188395921614642,0.042894691852558564,0.5565512054297893,0.46763456320914687,0.09500834682859294,0.5943496629727693,1.6350327547674226,0.06585476773390031,2.5714285714285716
0.10893086148234583,2.857142857142857,3.3059530978514045,0.05641562110995313,0.03910432871190217,0.5339586279098065,0.44329892547042293,0.08660957317785734,0.6210644884496238,1.5449165214637761,0.06003318145773173,2.5714285714285716
0.10768335734990905,3.020408163265306,3.434621530051039,0.051187166416202246,0.035480240082243375,0.514526023670493,0.4214683648429376,0.07858238289270503,0.6437280002167097,1.4642188182279792,0.05446915714376033,2.5714285714285716
0.10663091122282245,3.183673469387755,3.5482819719530045,0.04630111863668063,0.03209348983978688,0.4963852933609559,0.40211576828397727,0.07107562081171004,0.6629115436196289,1.3911054915134957,0.049265866172184314,2.5714285714285716
0.10574167361123052,3.3469387755102042,3.649068917417976,0.041815371590895545,0.028984206922295863,0.47957601025336294,0.38508373270584884,0.06417808737846276,0.6791555868085981,1.3248738094210541,0.044484860320111785,2.5714285714285716
0.1049888463667207,3.510204081632653,3.7388103469727723,0.03775036868204973,0.026166561617061213,0.4640708453789824,0.37015233211907594,0.0579232802011691,0.6929407079572657,1.265008951658829,0.040149358360223264,2.5714285714285716
0.10434999253399972,3.673469387755102,3.819057840517758,0.03410004500349384,0.023636350051139177,0.4498037484789988,0.357082186266166,0.05230400867285212,0.704678911927167,1.2109617128993562,0.03625437614357008,2.5714285714285716
0.10380628673131467,3.836734693877551,3.891122149162793,0.030842677196402768,0.02137851473960728,0.4366899369930939,0.34563967020665975,0.04728843687621387,0.7147152535731669,1.1621216791945168,0.032777846693833546,2.5714285714285716
0.10334247043434812,4.0,3.9561085751418874,0.02794455098384807,0.019369686726467883,0.42463305684082964,0.33560750011727525,0.04282579544969911,0.7233372560676052,1.1179246993159326,0.02968457937119462,2.5714285714285716
0.029901273076958824,-4.0,-20.037482521928684,0.3320023344188865,0.230126482041771,0.5616962729475773,0.5309982325372827,0.5240171067558186,0.22445722584884162,1.7300508833264023,0.3632209801129749,2.816326530612245
0.02526604296618338,-3.836734693877551,-19.169016429477065,0.3429161251241335,0.2376913452983347,0.5745364850643272,0.5464442967803164,0.5440622421807295,0.2179203997488214,1.7899343056948225,0.37711520921669406,2.816326530612245
0.019710462921322107,-3.673469387755102,-18.311235649344702,0.35311242743716065,0.24475888349874642,0.587582446677467,0.562247143244838,0.5635650179169645,0.21105943393504698,1.8524560777694064,0.39063350323135904,2.816326530612245
0.01280300570791858,-3.510204081632653,-17.465489527765833,0.3624799115381534,0.2512519286922894,0.6008026849472944,0.5785603831002436,0.5823533717338831,0.20356509809333687,1.9165364237735871,0.4036565977069193,2.816326530612245
0.0039108105832484225,-3.3469387755102042,-16.63351758115338,0.3709975616823127,0.25715591387470926,0.614015531040489,0.5955567472321224,0.6000755600974244,0.19515793293583591,1.982353148219568,0.4159406826044587,2.816326530612245
0.007660415105030469,-3.183673469387755,-15.817467465358956,0.3787806958968334,0.2625507714114239,0.6265069942320823,0.6129072390064308,0.6163699096160697,0.18533345758110856,2.045349299847814,0.42723506503236575,2.816326530612245
0.022539995355496174,-3.020408163265306,-15.019887073391526,0.38607610311612195,0.26760756235651084,0.6370143471075045,0.629596094924862,0.630535121025011,0.1737623578571584,2.0996335501681465,0.43705364138250946,2.816326530612245
0.04084490640897869,-2.857142857142857,-14.243363776127183,0.39318304941101,0.27253372214320315,0.6437075431167462,0.6435162683652871,0.6418600556152749,0.16038283691781147,2.1427448232812396,0.44490348786377654,2.816326530612245
0.06171050336047719,-2.693877551020408,-13.489838112959003,0.40028098629075703,0.277453637079192,0.6539938700485233,0.651993243278314,0.6502027649025881,0.1456723908420079,2.170945827790409,0.45068621328450975,2.816326530612245
0.08327428568983689,-2.5306122448979593,-12.759793934563973,0.40731691863507047,0.2823305737462638,0.6611626751959231,0.6533651174147688,0.6564138745468533,0.1306401173156179,2.183558593058057,0.4549914264225805,2.816326530612245
0.10341033936819563,-2.36734693877551,-12.051897940788443,0.4140196142238839,0.28697652829580145,0.6603782345600611,0.648309619843306,0.6615274413678449,0.11641736657082095,2.175498161874879,0.458535880847156,2.816326530612245
0.12065359163343818,-2.204081632653061,-11.363427212274699,0.4199871634946888,0.29111291824771235,0.6541588869183799,0.6393422179423911,0.6658759503572491,0.10376026342273874,2.154353947187518,0.4615500375928012,2.816326530612245
0.13452727200405187,-2.0408163265306123,-10.691146009006768,0.42480148988260735,0.2944499550097932,0.6454086032720384,0.6291758124080632,0.6691638908630906,0.09288153754416544,2.1245353790959824,0.4638290642842744,2.816326530612245
0.14526432121743033,-1.8775510204081634,-10.032044665284575,0.4281361689783334,0.29676137842306827,0.6363578219950012,0.619654698662859,0.6709255516469295,0.08360699977838319,2.095980977765401,0.46505015448969456,2.816326530612245
0.1533933110594455,-1.7142857142857142,-9.383691632649825,0.4298027624037841,0.29791657295705876,0.6283317707242525,0.6116618928634143,0.670796742679447,0.07560075375167863,2.0711262024382773,0.4649608709170536,2.816326530612245
0.15946864722973778,-1.5510204081632653,-8.744286798580998,0.42973109663861697,0.2978668980339909,0.6219602785806538,0.6054507167480017,0.6685625826665991,0.06850996698677228,2.052759685645507,0.4634122692032281,2.816326530612245
0.16395894081457957,-1.3877551020408163,-8.112579216540274,0.4279225735945995,0.2966133253850527,0.6174550693065889,0.6009671284024718,0.6641157479146291,0.06202308159317051,2.040619794301999,0.46032995823248424,2.816326530612245
0.1672243830732095,-1.2244897959183674,-7.48775486722783,0.42440782486439366,0.29417708721233304,0.6148130825920329,0.5980466788905998,0.6574048683730624,0.055879259478610055,2.0342351641950054,0.4556783309991701,2.816326530612245
0.16952896269988238,-1.0612244897959184,-6.86933873551946,0.4192186599380423,0.2905802321741724,0.6139361129442406,0.5965102879306454,0.6483965595230403,0.04985833768560775,2.033414729012742,0.44943424711816427,2.816326530612245
0.17106090935326654,-0.8979591836734694,-6.257122498317671,0.41237271605288095,0.2858349854719011,0.6146925103691342,0.596202627397327,0.6370522535767504,0.043765539712531366,2.038431098566383,0.44157097343608376,2.816326530612245
0.17195147173811093,-0.7346938775510204,-5.6511165277300694,0.40386657948140625,0.2799389808899255,0.6169449820737245,0.5970029143287754,0.6233158779414802,0.03741607723612665,2.0500983555363868,0.43204964339338403,2.816326530612245
0.1722895510876902,-0.5714285714285714,-5.05152181029833,0.39367405117349596,0.2728740586305205,0.6205598378447905,0.5988237250131218,0.6071089147574904,0.030620723807333782,2.0670338508414248,0.4208158325569622,2.816326530612245
0.17213237833199493,-0.40816326530612246,-4.45871767779054,0.38174780051471835,0.2646074116117376,0.6266642713061009,0.601604785559539,0.588331111048003,0.023171990083411354,2.087804405078986,0.40780005085862303,2.816326530612245
0.17151315322137245,-0.24489795918367346,-3.873262373583362,0.36802404583275816,0.2550948297472402,0.6342288030065949,0.605304139891457,0.5668669958637338,0.014830200005371875,2.1124491736926223,0.3929222599354323,2.816326530612245
0.17044663923168935,-0.08163265306122448,-3.2959045234364304,0.35243107916774186,0.2442866088668192,0.6427459976632929,0.6098867241066996,0.542600724351372,0.0053089420333917395,2.141360493358534,0.3761021622539369,2.816326530612245
0.16893363526298272,0.08163265306122448,-2.7276042254910577,0.3349035463181722,0.23213744888996835,0.6520448638168482,0.6153089848978432,0.5154499747121926,0.005740086812568124,2.174231342252002,0.35728269669145085,2.816326530612245
0.16696519678800545,0.24489795918367346,-2.169562540369665,0.31540543107493013,0.2186223852828817,0.6618945119007936,0.6214972060234487,0.485375468941331,0.018741782046362787,2.2098645097973484,0.33643663780964417,2.816326530612245
0.1645274859249783,0.40816326530612246,-1.623257397150348,0.29396539483472184,0.2037612846118786,0.6719775825570901,0.6283165885754765,0.4524248702218805,0.03420896774156028,2.2463115194755128,0.31359702320949534,2.816326530612245
0.1616081358281328,0.5714285714285714,-1.090481928064922,0.27072758986621004,0.18765406561555253,0.6831015788727791,0.6355283611384153,0.416839737931749,0.05274443915927714,2.281163972774429,0.288931289092738,2.816326530612245
0.158204865278271,0.7346938775510204,-0.5733774671917957,0.24601737391505285,0.17052624909798086,0.6944831479778454,0.6427345529993459,0.37913764909967407,0.07502347302185311,2.312578076907014,0.2627981925175651,2.816326530612245
0.1543364959479174,0.8979591836734694,-0.07444749059761765,0.2204114859542945,0.15277760005224716,0.7044869235520232,0.6493167520435368,0.3401957908738482,0.10174185341812118,2.3402274256249784,0.23580575328256836,2.816326530612245
0.15005516191147888,1.0612244897959184,0.40346888853927293,0.19478369878453927,0.1350137716315405,0.712161903259634,0.6543885269526358,0.3012933771924837,0.13351263664765045,2.3597627291293963,0.20884065492235404,2.816326530612245
0.14545625828227002,1.2244897959183674,0.857291841478096,0.17027349798558866,0.11802459505279028,0.7164458073715265,0.6568003149468604,0.26404821435425285,0.17070290822809248,2.3646344255560408,0.18302427531153764,2.816326530612245
0.1406803754109864,1.3877551020408163,1.2838909852055125,0.148117231341228,0.10266704129651716,0.7163114048656334,0.6552494730445707,0.2301880829539158,0.21322841531468067,2.350814673851512,0.15955422069800473,2.816326530612245
0.13590140683479657,1.5510204081632653,1.6803790139686943,0.1293283154924456,0.08964355725015571,0.7109858878533362,0.64853127932431,0.20115752318784397,0.26036960978228885,2.315571594176611,0.13943177004607543,2.816326530612245
0.13129986632258647,1.7142857142857142,2.0444755795927647,0.11433791135517835,0.07925300088695453,0.7001831735081305,0.6358944085271857,0.1776958608087309,0.3107126344443873,2.2583279551482787,0.12316938491674412,2.816326530612245
0.12702946250941305,1.8775510204081634,2.374856274065894,0.10282678269663625,0.07127409451222388,0.6842441153893325,0.6173591298907308,0.15958503699733662,0.3623031763227941,2.181222206321057,0.11061591845425811,2.816326530612245
0.1231913830153581,2.0408163265306123,2.6713742804379668,0.09390819876903977,0.06509220320822284,0.664096085929739,0.5938130105887316,0.14544640238844542,0.41300214105879807,2.0896341221222046,0.10081576373813794,2.816326530612245
0.11982714365975085,2.204081632653061,2.935073384208256,0.08654852597404705,0.059990866760530226,0.6410348566261983,0.5668013740874573,0.1336981888750537,0.4609065466239988,1.9880526458876397,0.09267252266471404,2.816326530612245
0.11692927189301554,2.36734693877551,3.1679927036314934,0.07993677952342049,0.05540795334970072,0.6164311128621552,0.5381173634496058,0.12316281741455981,0.5046579535153919,1.882391994033836,0.08536995964072114,2.816326530612245
0.11446008865480009,2.5306122448979593,3.3728424437384033,0.07362427227856605,0.051032456750665256,0.591486972211719,0.5093996668071501,0.1131959125421389,0.5435425683027939,1.7779568166943323,0.07846142762949349,2.816326530612245
0.11236882786582418,2.693877551020408,3.552657231521948,0.06746695574962835,0.04676453015881754,0.5671094700426742,0.48188941088710013,0.10358009382931543,0.5774099331590746,1.6781373920098555,0.07179624999992473,2.816326530612245
0.11060278454381792,2.857142857142857,3.7105072653524767,0.06149494168780789,0.04262504544960222,0.5438938411562174,0.45636991279563094,0.09434090223561498,0.6065031575588483,1.5850381484547378,0.06539213039609759,2.816326530612245
0.1091128825311464,3.020408163265306,3.849300675302308,0.05580012377672139,0.03867769847073044,0.52323720995723,0.433228036057435,0.08558449568244209,0.6312853864193245,1.500615163882099,0.0593226518819292,2.816326530612245
0.10785572500793583,3.183673469387755,3.9716734339099125,0.05047062687774062,0.03498357272139896,0.5047236171404019,0.4125626022495026,0.07740376224104306,0.6523062451436255,1.424873599782305,0.05365219956211131,2.816326530612245
0.10679391163485526,3.3469387755102042,4.079945666531693,0.045564610330724786,0.031582981184054226,0.4874604107184545,0.3942903756347714,0.06987333568077769,0.6701168104865574,1.3559232498369747,0.04843250562344936,2.816326530612245
0.10589565351748091,3.510204081632653,4.176120670952412,0.04110689695799863,0.028493129728004885,0.471466098528977,0.3782286621781282,0.06302798656177488,0.6852241599005248,1.2934291202688948,0.04368767118166339,2.816326530612245
0.10513416043704371,3.673469387755102,4.261907491871239,0.03709532174118779,0.02571251767686844,0.4567044253760249,0.36415154126570565,0.05686472204756443,0.6980724162911652,1.2368965130382836,0.0394156217605941,2.816326530612245
0.10448697970741114,3.836734693877551,4.338754004581594,0.03350938254213087,0.02322693403138243,0.44310801862727867,0.35182444677724384,0.0513532685995286,0.709039187606083,1.1857722266534458,0.03559537334230001,2.816326530612245
0.10393541046379803,4.0,4.4078826470906405,0.030317808638481658,0.021014703578519756,0.43059406150197865,0.34102328446330143,0.046446737471612654,0.7184399654979297,1.13949136376449,0.032194425124655535,2.816326530612245
0.023790094855933742,-4.0,-19.68218519293691,0.35850442607023325,0.2484963321488436,0.5694415927319034,0.5510846424664964,0.5700172964537589,0.2145687133316267,1.7775411603067948,0.395105881907325,3.061224489795918
0.018458050304517432,-3.836734693877551,-18.82503148594541,0.36918478384740405,0.25589939202946055,0.5813897813081895,0.5660508598856342,0.590507027694263,0.20796951138423275,1.8357554918503356,0.40930828134711117,3.061224489795918
0.011763582107564324,-3.673469387755102,-17.979601601805047,0.37919701554176344,0.2628393421995192,0.5935419949326447,0.5815466177629119,0.6105797223888692,0.20071335305695764,1.8961210076189832,0.4232216130809179,3.061224489795918
0.0030504473868266852,-3.510204081632653,-17.14760523219394,0.3886153070037115,0.2693676043720601,0.6056786350325316,0.5977262939602932,0.6301232649785984,0.19239381874152636,1.958629343241648,0.4367681645251422,3.061224489795918
0.008476046777355695,-3.3469387755102042,-16.331245906409205,0.3976672894307036,0.27564196046980793,0.6171186902926199,0.6143752861609785,0.6488412803798682,0.1825404742212649,2.017900266451826,0.4497425041262102,3.061224489795918
0.023551563537699334,-3.183673469387755,-15.533183596752755,0.4067171689937159,0.2819148589733169,0.6264924705905515,0.6304288700250581,0.6661140610398921,0.17074571116192402,2.0684913466889574,0.46171508334113653,3.061224489795918
0.042367152785857884,-3.020408163265306,-14.756188095040113,0.41605303404602845,0.2883859875124155,0.6318096833733101,0.6435860293521346,0.6810292761823029,0.1569345617123001,2.106073120604345,0.47205352266454303,3.061224489795918
0.06399915215502457,-2.857142857142857,-14.002369073558336,0.4256506494033099,0.2950385475374142,0.6427405171978634,0.6508617913565714,0.6930489293587034,0.14167331232113917,2.1286775550701997,0.48038491137507355,3.061224489795918
0.08636678409152795,-2.693877551020408,-13.272243044127727,0.43509893893960383,0.30158760279061037,0.6474250065066146,0.6504660344170949,0.7025507208209247,0.12615038996806818,2.1341443676483207,0.48697105133738106,3.061224489795918
0.10710982777034143,-2.5306122448979593,-12.564321920665671,0.443826614335773,0.3076371663843074,0.6438808816864094,0.6433464449990274,0.7102456128004797,0.11166314082458961,2.1175996143308855,0.49230474401772195,3.061224489795918
0.12467387099377292,-2.36734693877551,-11.875626718636886,0.45133838902151435,0.3128439318287304,0.6350725688398945,0.6324543807492804,0.7164426795898069,0.09902305600163833,2.0883713159271537,0.49660022339048604,3.061224489795918
0.13863658451326713,-2.204081632653061,-11.202691430451354,0.4572946525705346,0.31697249911440584,0.6241685827641412,0.6207598181032165,0.7210339101834538,0.08839994683705395,2.0511228090911446,0.49978262193177336,3.061224489795918
0.14933289204023495,-2.0408163265306123,-10.542360326043099,0.46151319378616185,0.3198965690640936,0.6134353371719434,0.6101254472418502,0.7237986288586318,0.07954685365749706,2.0167454697499934,0.5016989788865147,3.061224489795918
0.15737507734278544,-1.8775510204081634,-9.892128935380885,0.46394331650246246,0.3215810017733123,0.6041099491442325,0.6013343161425249,0.7245790894009789,0.07207017254337218,1.986995880471451,0.5022399529109807,3.061224489795918
0.16336838660991082,-1.7142857142857142,-9.250163965897944,0.46462064644205103,0.32205049111124695,0.5967063862821125,0.5945237546172475,0.7233052348103031,0.06558493061603496,1.964623343960266,0.5013569841930106,3.061224489795918
0.1678073933065634,-1.5510204081632653,-8.615193368554607,0.4636205218038758,0.3213572575380872,0.5913373568081831,0.5895475135578162,0.7199643068710473,0.05976839467742463,1.9490958107672673,0.499041229411461,3.061224489795918
0.1710640109358154,-1.3877551020408163,-7.986377381209469,0.4610238729777425,0.3195573977253485,0.5879282878847263,0.586177105505677,0.7145665718559857,0.054363048342411055,1.9397257877730691,0.4952998046043615,3.061224489795918
0.17340711841150352,-1.2244897959183674,-7.363201606385465,0.45689751001266643,0.3166972208701393,0.5863343844936767,0.5841909970893266,0.7071209225838078,0.04916230142636204,1.9360062555099589,0.49013887380391363,3.061224489795918
0.1750271894837784,-1.0612244897959184,-6.745399623784262,0.4512848461580772,0.31280681874390015,0.5863970803784341,0.5834058264764546,0.6976203044403042,0.043993370845856236,1.938069838947229,0.4835535471241661,3.061224489795918
0.1760571918351046,-0.8979591836734694,-6.132901342510607,0.4442026649097697,0.30789782477942107,0.5879676813270783,0.583682202927416,0.686033942926636,0.03870182829525959,1.946480416936554,0.4755224933080191,3.061224489795918
0.1765881931272542,-0.7346938775510204,-5.525801308157549,0.43564093877863064,0.3019632884508954,0.5909144349699692,0.5849208803236726,0.6723037734669246,0.03313835491968951,1.9604541743619335,0.46600546505841,3.061224489795918
0.1766803819318434,-0.5714285714285714,-4.924342135700186,0.42556413056628406,0.2949785772494644,0.5955456064174661,0.5870559712331296,0.65634358806156,0.02714699449616631,1.9784775736793248,0.4549427075434678,3.061224489795918
0.17637065353949116,-0.40816326530612246,-4.328909734010432,0.4139134534033735,0.28690294322237864,0.6022946972707003,0.5900475009077784,0.6380405107190947,0.02055395758569665,2.0001759805946957,0.44225598108796715,3.061224489795918
0.1756778013110949,-0.24489795918367346,-3.740038288559292,0.4006103336238169,0.277681923254528,0.6100955105442173,0.5938735707758841,0.6172595068071001,0.013156124487379883,2.0257106195638337,0.4278516868171631,3.061224489795918
0.17460615529348603,-0.08163265306122448,-3.1584239168850563,0.38556199899468657,0.2672512125342237,0.6188513692591262,0.5985213562198023,0.5938532024787997,0.004708627758415606,2.055442313098056,0.4116276729646744,3.061224489795918
0.17314836751885082,0.08163265306122448,-2.5849464834019136,0.36867085896219365,0.25554316644425756,0.6284383922037066,0.6039754407443898,0.567685580312534,0.005088711855327266,2.0890240154392274,0.39348965943816916,3.061224489795918
0.17128799405105183,0.24489795918367346,-2.0206991984402896,0.3498502274941213,0.24249769880580585,0.6386869799028057,0.6102013027085273,0.5386364951805009,0.016605613584691592,2.125530319016164,0.3733543679810549,3.061224489795918
0.16900256409724604,0.40816326530612246,-1.4670251585144027,0.32904986775461254,0.22807998809773244,0.649358103991141,0.6171210986440906,0.5066332491456298,0.030294447634229817,2.1637255246665097,0.35117140822321735,3.061224489795918
0.16626792188729006,0.5714285714285714,-0.925558569490594,0.3062953410263609,0.21230775205106878,0.6604534921679507,0.6245785364662538,0.4717348905842953,0.04669818387081941,2.201606976131196,0.32698170938025806,3.061224489795918
0.16306468407375602,0.7346938775510204,-0.398265505186842,0.2817440042354158,0.19529006217544786,0.6728557727567178,0.6322904831151679,0.43420650824440665,0.0664455657046074,2.237236411099291,0.30096901697038847,3.061224489795918
0.15938747048684976,0.8979591836734694,0.11252590488812272,0.25575534674669775,0.1772760975106047,0.6844267006879957,0.6397867850551723,0.3946108729185789,0.09022118641471003,2.2694026738396946,0.2735234139818119,3.061224489795918
0.1552567926666606,1.0612244897959184,0.6041231938783809,0.2289608916634185,0.1587035965149899,0.6943359762084966,0.646349232786861,0.3538928434692665,0.11869400782714731,2.297316734889817,0.24529982667106376,3.061224489795918
0.15073174629441688,1.2244897959183674,1.0735207064718197,0.2022976245034669,0.14022202805855266,0.701586425679397,0.6509774723843534,0.31340710418554796,0.15238914183794777,2.3142615480255726,0.21723725063366972,3.061224489795918
0.1459190191857395,1.3877551020408163,1.5175342746264744,0.17694683855015692,0.12265020225003687,0.7051079055737118,0.6524297169713688,0.2748197641690915,0.19150287528311774,2.315220401343473,0.1904905446959546,3.061224489795918
0.14097156149252796,1.5510204081632653,1.9330416124821244,0.15412491639019432,0.10683125124990034,0.70393552405562,0.6493913346057502,0.2398339318739815,0.23569702673367315,2.296592544168526,0.16624021368105613,3.061224489795918
0.13607152486641563,1.7142857142857142,2.3173206282198384,0.13474379264817937,0.0933972799720395,0.6974461541674418,0.640784486094004,0.2097721891921127,0.2839569512145582,2.2563291168211737,0.14540300149840002,3.061224489795918
0.13139906520174524,1.8775510204081634,2.6684269259041247,0.11909193920713301,0.0825482418888408,0.6855699909104381,0.6261356703909098,0.18519601951453124,0.334619221625977,2.194805866509227,0.12836809877742095,3.061224489795918
0.12709837111665903,2.0408163265306123,2.9855046699941266,0.10675816953779904,0.07399912421686627,0.668867524080319,0.6058230286230772,0.1657350592275426,0.3856214018545766,2.115719651380437,0.11487878902350657,3.061224489795918
0.1232561266333593,2.204081632653061,3.26892240253827,0.0968794938279145,0.06715174800089385,0.6484134978225177,0.5810420468078383,0.1500536736854854,0.434903577337738,2.023460200320684,0.10400928084775618,3.061224489795918
0.11990018269675162,2.36734693877551,3.520185870097661,0.08853778756185271,0.06136971782151379,0.6255366469679267,0.5534880244035779,0.13675825680640408,0.4807928327623611,1.9233210971630303,0.09479360012365223,3.061224489795918
0.11701384282956492,2.5306122448979593,3.7416696073776383,0.08104999912018584,0.056179578374542904,0.6015381933844888,0.5249250370787084,0.12485621095481036,0.5222200645584061,1.8212062400938316,0.08654373059872444,3.061224489795918
0.11455490672435262,2.693877551020408,3.936267982883041,0.07404692697992799,0.05132541866526519,0.5774954951038858,0.4968416006639796,0.11381279969213365,0.5587314043050052,1.7213512625550593,0.07888902121823538,3.061224489795918
0.11247119869743838,2.857142857142857,4.107065738645131,0.0674030619402668,0.04672024234500349,0.5541841401043994,0.4702890236888983,0.103433683142796,0.5903594099463767,1.6264366492440203,0.07169476584535861,3.061224489795918
0.1107100398434191,3.020408163265306,4.257087233562821,0.061124852581657674,0.04236851922911811,0.5320910987599857,0.4458806326740522,0.0937062829112092,0.6174480272179185,1.5388924769077643,0.0649522458006575,3.061224489795918
0.10922280191154132,3.183673469387755,4.389138668204454,0.05526277196509399,0.0383052345775321,0.51319562067728,0.4238786521977618,0.08468127124181857,0.6404972065346131,1.4598927802651058,0.05869658440749781,3.061224489795918
0.10796654460962211,3.3469387755102042,4.505729486460357,0.04986281304863471,0.03456226827944864,0.4955428018802974,0.40430375424016257,0.07639298168470487,0.6600528768515744,1.3883444374155027,0.05295157986932075,3.061224489795918
0.10690423551091455,3.510204081632653,4.6090494489638365,0.044948300996049184,0.03115578810637154,0.47909413564211056,0.38703121113830685,0.06885558359768984,0.6766413607435288,1.3232082961776328,0.04772705363654861,3.061224489795918
0.10600437618364134,3.673469387755102,4.700979355909072,0.040518446424510746,0.02808524689981895,0.46385268632988397,0.3718616783900007,0.062061326178949994,0.6907368627398729,1.2641371145494742,0.043017633262749655,3.061224489795918
0.10524041569114868,3.836734693877551,4.783119037601112,0.03655369172588108,0.025337088358851956,0.4497764053623615,0.3585676032202151,0.05597878301692871,0.7027498871238069,1.2106523760358716,0.03880153561936073,3.061224489795918
0.10459010747468458,4.0,4.856822032295547,0.03302242010752199,0.022889397392795052,0.4367979607255274,0.34692084047836913,0.05055971558050443,0.7130273136079203,1.1621989095695873,0.035045324304538994,3.061224489795918
0.017114727601364767,-4.0,-19.341883576819356,0.3846051608075305,0.26658798284254437,0.5752604388027786,0.569835374641931,0.6165808453675079,0.2051007406710743,1.8193889390490647,0.4273812745537562,3.306122448979592
0.0105868446432885,-3.836734693877551,-18.497057212363273,0.3952117420243062,0.2739399047083324,0.5863986180393471,0.5845692591303291,0.6378976538014816,0.19800752072606986,1.8764867503724223,0.44215696021830064,3.306122448979592
0.0019652350833182066,-3.673469387755102,-17.66541020942809,0.4054973775944468,0.2810693640040425,0.5975354903842541,0.600048317536469,0.6591959638317437,0.18973693352265328,1.9358266350111732,0.45691982376646845,3.306122448979592
0.009640506805123215,-3.510204081632653,-16.849215883834624,0.41582930593381384,0.28823091100222187,0.6079431238368487,0.6160873524237742,0.6803491734144145,0.17975189479131037,1.991468674429704,0.47158211134849104,3.306122448979592
0.02506069111504535,-3.3469387755102042,-16.051282805143927,0.42667422149649026,0.2957480336479015,0.61611846865736,0.6315320274537761,0.700743717053284,0.1676081863935205,2.038311267595132,0.4857185317705799,3.306122448979592
0.04455465847346577,-3.183673469387755,-15.274582923301363,0.4382962844349736,0.30380383380600184,0.6198823280656105,0.6438221580750965,0.7192345025304792,0.15322074547219042,2.069991741159654,0.49853536759043626,3.306122448979592
0.06707659170103134,-3.020408163265306,-14.5213766262601,0.4503924986881289,0.31218829061102515,0.6315257516523972,0.6496205691687871,0.7347963676444595,0.13728794058759283,2.086560262915978,0.5093220305184456,3.306122448979592
0.09026032384730384,-2.857142857142857,-13.7921416863296,0.4621231846859133,0.32031938253642367,0.6333355822073299,0.647103945020515,0.7472720764379788,0.12122091145442893,2.08383716243391,0.5179695328941603,3.306122448979592
0.11150109302807451,-2.693877551020408,-13.08514164182415,0.47261850396401206,0.3275941835031142,0.6267750131372694,0.6376739050055924,0.7570886412417948,0.10648765817040964,2.058458345717444,0.5247738571107092,3.306122448979592
0.12920861519693466,-2.5306122448979593,-12.397081175235096,0.4813516408687266,0.3336475327260606,0.6153321320758635,0.6248115149438027,0.7646233999595107,0.09391854211802161,2.0207813227656644,0.5299965538720937,3.306122448979592
0.14307604769991739,-2.36734693877551,-11.72425828604654,0.48812196996590673,0.33834036725123506,0.6023981940440544,0.6117020790567714,0.77003257428392,0.08359965578090922,1.9768302028613447,0.5337459078042155,3.306122448979592
0.15357252243372868,-2.204081632653061,-11.063400992220073,0.49292174802926914,0.34166731988316745,0.5901936845154239,0.60014200000645,0.7733705693410315,0.07518905566189413,1.9373252580503932,0.5360596296667755,3.306122448979592
0.16140047019306558,-2.0408163265306123,-10.411972285903937,0.4958434624869157,0.3436924980218867,0.5798043334910997,0.5907542539704984,0.7746820731091364,0.06822942521986726,1.9036801542273016,0.5369686948059318,3.306122448979592
0.16721064604852828,-1.8775510204081634,-9.768143654810578,0.49702191983547284,0.3445093424104493,0.5715942523726719,0.5835330670948762,0.7740247974222352,0.06230459725864139,1.8783677227721118,0.5365131060167045,3.306122448979592
0.17151555456433928,-1.7142857142857142,-9.13065452741736,0.49659623451549084,0.3442142798310981,0.5655630988411803,0.5782330903010309,0.7714622640535214,0.0570824833952134,1.8601018645366545,0.5347368932370902,3.306122448979592
0.17469160995254482,-1.5510204081632653,-8.498667959558317,0.4946878427503836,0.3428914834597101,0.5615605376879935,0.5745637463821229,0.7670509759986399,0.052309025957637444,1.8482810255444821,0.5316792213592119,3.306122448979592
0.17700691346784841,-1.3877551020408163,-7.871657125468651,0.49139047896474786,0.34060592504841614,0.5593942842305071,0.5722656578255787,0.7608303362141213,0.047788823897591245,1.8423013919711613,0.5273674024312931,3.306122448979592
0.1786498758699699,-1.2244897959183674,-7.24932518707628,0.4867673260802774,0.33740139966124794,0.5588778515037197,0.5711319281082292,0.7528165368100859,0.04336587355797539,1.8419757345654093,0.5218126599688127,3.306122448979592
0.17975187481717794,-1.0612244897959184,-6.631552056307067,0.4808516276536676,0.3333009499758002,0.5598481539952879,0.5710077239282448,0.7429994052495554,0.03890777105677101,1.847650541418379,0.5150079429064451,3.306122448979592
0.18040355167616498,-0.8979591836734694,-6.0183609703048315,0.4736485454949615,0.32830815388615164,0.5621691300599184,0.5717830359892971,0.7313409842405689,0.0342932154717148,1.8587027051051452,0.5069269412542847,3.306122448979592
0.18066604321223867,-0.7346938775510204,-5.40989944177101,0.4651371839194507,0.32240852760735983,0.5657292171574844,0.5733844051436241,0.7177750240289007,0.029401764433437227,1.8739452873173954,0.49752373418197937,3.306122448979592
0.18057855580884868,-0.5714285714285714,-4.806430940653124,0.4552724145613314,0.31557079053990544,0.5714903471819759,0.5757674305132432,0.7022070618553653,0.024104752032662713,1.8928754371928145,0.4867328450943287,3.306122448979592
0.1801634046333326,-0.40816326530612246,-4.208335094674492,0.44398658160460736,0.3077480472456817,0.5784457835311029,0.5789102338241977,0.6845152606031468,0.01825643893968909,1.9153878055828035,0.4744698229373272,3.306122448979592
0.17942933885280513,-0.24489795918367346,-3.6161152370917953,0.4311915119979912,0.2988791808227873,0.5864026098686808,0.5828073497995986,0.6645527734932846,0.011684640061713259,1.9416046455573557,0.46063288128016167,3.306122448979592
0.1783737557821559,-0.08163265306122448,-3.0304128544581412,0.416781629496342,0.2888910113945691,0.5952949920739306,0.5874631091289283,0.6421534636637838,0.004180252835052567,1.9715011972124028,0.4451068628253543,3.306122448979592
0.17698428535717006,0.08163265306122448,-2.4520289450408588,0.40063947806821965,0.27770212464399413,0.6050384101636985,0.5928831872843566,0.6171476365489674,0.004514644717503957,2.0053152436859008,0.4277741442631502,3.306122448979592
0.17524019656229298,0.24489795918367346,-1.8819524696741592,0.38264567388405535,0.26522977000619363,0.6155143661817801,0.5990624771341337,0.5893623104224135,0.014720010830742192,2.0421006433814406,0.4085148237975913,3.306122448979592
0.17311413322989522,0.40816326530612246,-1.3213958365222798,0.3626962306570518,0.25140186967965517,0.6265502718472065,0.6059667850790857,0.5586421298930646,0.026831391907718837,2.0812002304161266,0.38722121727738035,3.306122448979592
0.17057481556796872,0.5714285714285714,-0.7718364374193505,0.34073114941895133,0.2361768355486955,0.6378938327839788,0.6135052056651898,0.524912775203616,0.04133122143962194,2.1209769392994158,0.36384181017228245,3.306122448979592
0.16759150307596063,0.7346938775510204,-0.2350611846998445,0.3167784707321335,0.21957410385006937,0.6505388694588438,0.6214899314590722,0.4882416738347737,0.05879253114558776,2.159831412648134,0.33842333965044213,3.306122448979592
0.16414108298402608,0.8979591836734694,0.28679284918889264,0.29101608295223746,0.20171697739594263,0.6632384747065357,0.6295819578311643,0.4489227196070429,0.07986562587541546,2.196099966308029,0.31116951738492427,3.306122448979592
0.16021836179604093,1.0612244897959184,0.7912147817010611,0.26384661235206686,0.1828845354521278,0.6748743271286292,0.6372269361128756,0.4075744591472672,0.10523341685724749,2.228985919718971,0.2825090872261722,3.306122448979592
0.15584907190214659,1.2244897959183674,1.275334661704104,0.23596530933883963,0.16355868887817215,0.6845606581764836,0.6435981563400078,0.36522204042111994,0.13551834187450135,2.2557587132948527,0.2531526275962488,3.306122448979592
0.15110289206720365,1.3877551020408163,1.7360058694384972,0.20837729204593103,0.1444361324743535,0.6912640467103929,0.6475836587919517,0.323304207665589,0.17112967755433747,2.269601005913003,0.22409740000657008,3.306122448979592
0.14610080080612195,1.5510204081632653,2.1699851276939355,0.18230229016839994,0.12636231843984747,0.6939275942965799,0.6478725090130758,0.2835345354512788,0.21206370055726617,2.2663681417934582,0.19653116383942804,3.306122448979592
0.14100942896554,1.7142857142857142,2.5742230536894235,0.15892633189413718,0.11015933886915552,0.6916775972525206,0.6431858060895541,0.24758189061043634,0.25771320182279406,2.242905789013879,0.17161068943432412,3.306122448979592
0.13601823351185732,1.8775510204081634,2.9462364136186734,0.13905395358209027,0.09638485587113954,0.6840644528867414,0.6326314989117849,0.21664138488109907,0.3067861814336303,2.1979349366711847,0.15016436512293563,3.306122448979592
0.13130447051353872,2.0408163265306123,3.2844778221085362,0.12284229587791051,0.0851477910412839,0.6712362182008337,0.6160517066593034,0.1911093187156161,0.3574272111964472,2.133287002602161,0.132466885446461,3.306122448979592
0.1270003761842972,2.204081632653061,3.588585693942262,0.10981136017513649,0.07611543469884818,0.6539443951163153,0.5941692559485144,0.1704946384577144,0.4075451679146509,2.0524264371109706,0.11817787794755175,3.306122448979592
0.12317710316441688,2.36734693877551,3.859424265982614,0.09913388329829997,0.06871437170617511,0.6333635378188617,0.5684249412282658,0.1535256056705685,0.45522502064348347,1.9602684889096758,0.1064158407143121,3.306122448979592
0.11984915171463797,2.5306122448979593,4.098905835928085,0.08999500808456551,0.06237978611828621,0.610811823115887,0.5405865902801231,0.13897405963976972,0.49904869406406255,1.862290881450986,0.09632947761027566,3.306122448979592
0.11699137583571624,2.693877551020408,4.309671155820585,0.08181294109289317,0.05670840945185596,0.5874983644297117,0.5123344247558697,0.1259914451218398,0.5382194221029939,1.7638913085962353,0.08733061496087569,3.306122448979592
0.11455762263612904,2.857142857142857,4.494736528363194,0.07427438066870717,0.0514830775483508,0.5643755836492602,0.48498880070743855,0.11411705605792788,0.5725035484891202,1.6685991239210334,0.07909991566035357,3.306122448979592
0.11249455734627187,3.020408163265306,4.657192662569959,0.067261094117125,0.046621837748662465,0.5421012027493852,0.4594213919930995,0.10316212967612604,0.6020751643930307,1.5785044521059255,0.07150653932556539,3.306122448979592
0.1107496255531061,3.183673469387755,4.799993421887692,0.060756116170170404,0.042112930625126,0.5217279443547724,0.4360978846749114,0.09307696617596495,0.6273476501977118,1.4961354757222796,0.06451603667994332,3.306122448979592
0.10927474472455696,3.3469387755102042,4.925833879963608,0.05477515741537298,0.03796724592719314,0.5037768040585274,0.41517839906252896,0.08385927623533096,0.6488389606789232,1.4220376552830818,0.05812682088631682,3.306122448979592
0.10802758076880754,3.510204081632653,5.037097798848023,0.04933050332049804,0.034193299292205825,0.4869279097949317,0.39662278907719994,0.07550180454011413,0.6670826819694371,1.354344662982612,0.052333862944168086,3.306122448979592
0.10697165818038164,3.673469387755102,5.1358508609589215,0.04441821782917499,0.03078836245379013,0.4712348810462805,0.38027612133071487,0.06797277362242626,0.6825782527531763,1.2927151692468462,0.04711513639122389,3.306122448979592
0.1060759684941706,3.836734693877551,5.223859927768024,0.040017693617758976,0.027738151503661213,0.45668948574952645,0.36592878784106897,0.061230812474130314,0.6957683650967248,1.2367971841002374,0.04244196502983755,3.306122448979592
0.10531438804904565,4.0,5.30262456428363,0.03609599931992502,0.025019840158100104,0.44324606669393485,0.3533546357884265,0.05522230513991788,0.7070327677842617,1.186089006781356,0.038277185111754264,3.306122448979592
0.00928420024227718,-4.0,-19.017636039283822,0.41057057521585794,0.28458583663174664,0.5793932544791697,0.587618518724921,0.6643554087469052,0.19545322821060923,1.857806692524325,0.4604960784626675,3.5510204081632653
0.0006644643835220287,-3.836734693877551,-18.186676445223945,0.42172410416802997,0.2923168737782389,0.5895845004196596,0.6024948964410031,0.687424843289699,0.18715329323946223,1.9139405932127398,0.47648659197311716,3.5510204081632653
0.011143141204639143,-3.673469387755102,-17.371096629127162,0.43337655689148047,0.30039373853010676,0.5989616781930469,0.6180041259756348,0.7110656231876438,0.17693823929955016,1.965976695221832,0.4928731319056152,3.5510204081632653
0.02709481255094149,-3.510204081632653,-16.57389062239049,0.4461039057706726,0.309215664521721,0.6058525518705035,0.6328600266239294,0.7346527208500437,0.16429176977927756,2.0089585293803154,0.5092224621478998,3.5510204081632653
0.04745857297773288,-3.3469387755102042,-15.798253137549185,0.4600921061177794,0.3189115461534262,0.6111325822245157,0.6441289453579625,0.7567022187046315,0.14917515893069885,2.034726972713259,0.5245060094185696,3.5510204081632653
0.07099473148802453,-3.183673469387755,-15.046563523427054,0.474658106035442,0.32900792792838995,0.6201604997559385,0.6480981288144815,0.7755886127680838,0.13246336492938218,2.044052540719124,0.5375970602145963,3.5510204081632653
0.09497416207653124,-3.020408163265306,-14.319164015234408,0.4884655982563557,0.33857855223192,0.6186869279362074,0.6430684744146457,0.790587673501713,0.11583857357399974,2.03195874623109,0.5479936168731578,3.5510204081632653
0.11655782616393759,-2.857142857142857,-13.613959513651482,0.5003905767135604,0.34684431742776933,0.6089109401699924,0.631122244283544,0.8019472054404821,0.10092775794051848,1.9975927565648626,0.5558674444089977,3.5510204081632653
0.13420007831842803,-2.693877551020408,-12.927283417998117,0.5099727531809619,0.3534861760297765,0.5948857187636198,0.6163305795336793,0.8102499655259261,0.0885243955377127,1.9514904625503322,0.5616224791530882,3.5510204081632653
0.1477784728999338,-2.5306122448979593,-12.255208299520486,0.517216690168365,0.35850729052874897,0.5801355818817857,0.6019992095335024,0.8159925261609495,0.0785848520987316,1.9019552232116745,0.565602918866448,3.5510204081632653
0.15792223192887503,-2.36734693877551,-11.594388240863465,0.5223087220770979,0.3620368180896083,0.5667323838752015,0.5897510026834049,0.819511976986202,0.07065486522863515,1.857998533500612,0.5680424162830922,3.5510204081632653
0.16542229394263705,-2.204081632653061,-10.94229865018012,0.5254783015586928,0.36423380317083653,0.5555486999207502,0.5799910042019782,0.8210316285918133,0.0642137674042802,1.8216189954284583,0.5690957585089551,3.5510204081632653
0.17096457011431263,-2.0408163265306123,-10.297152607172935,0.5269450959818225,0.36525050758969013,0.5467737712515067,0.5725524145882747,0.8207086785903219,0.058819711731958525,1.7941363465758302,0.5688719066259598,3.5510204081632653
0.17506925613880864,-1.8775510204081634,-9.657729476397728,0.526897749645356,0.3652176896100585,0.5402888803606707,0.5670916809141022,0.8186596344527,0.05413600447272495,1.773933142969469,0.5674516174591235,3.5510204081632653
0.17810942707194172,-1.7142857142857142,-9.023218145025313,0.525486482531111,0.3642394737888026,0.535870290871342,0.5632630532387857,0.8149699750687875,0.04991436629495072,1.760318726068378,0.5648941404599395,3.5510204081632653
0.1803468362665827,-1.5510204081632653,-8.393099896075942,0.5228228953533334,0.36239321584634987,0.5332822698259247,0.5607768462247059,0.8096970896964417,0.04597034713468262,1.7526228408207778,0.5612392548306815,3.5510204081632653
0.18196387640320405,-1.3877551020408163,-7.767067890115741,0.518983059465429,0.3597316444268366,0.5323135657034186,0.5594090246431208,0.8028712428297209,0.04216208080995656,1.7504631400893649,0.5565079383200797,3.5510204081632653
0.1830874077303438,-1.2244897959183674,-7.144974179162968,0.514011519079554,0.35628563522532697,0.5327879174321829,0.558994167902569,0.7944961542546616,0.03837417025816727,1.7539910748494714,0.5507027692873376,3.5510204081632653
0.1838053369464158,-1.0612244897959184,-6.52679611403818,0.5079249970140478,0.3520667796162058,0.5345636715329876,0.5594147468324729,0.7845494613929946,0.03450575203136199,1.762506657275732,0.5438082471743781,3.5510204081632653
0.1841778142353278,-0.8979591836734694,-5.912616298433097,0.5007153255052281,0.3470694161371042,0.5375293360845477,0.5605911871153505,0.7729829808116757,0.030461356426378393,1.7751193992811862,0.5357909737704358,3.5510204081632653
0.18424468669358549,-0.7346938775510204,-5.302612270402638,0.4923515174180393,0.3412720661427249,0.5421313877809002,0.5624738333435494,0.759722700931166,0.0261433666767364,1.791354431385912,0.5265996481578239,3.5510204081632653
0.18403040520192476,-0.5714285714285714,-4.69705358392484,0.4827810967965478,0.3346383560721653,0.548241797760854,0.5650367064901654,0.7446685751363868,0.02144514275541771,1.8109488466452532,0.516164923307378,3.5510204081632653
0.183547205832664,-0.40816326530612246,-4.0963050072139575,0.4719309376355456,0.32711759884108993,0.5553319618935432,0.5682725373564063,0.727694394873073,0.01624407668662322,1.8341758207045642,0.5043993181155466,3.5510204081632653
0.18279712302537093,-0.24489795918367346,-3.5008352858751617,0.4597079980748955,0.31864530274647085,0.5633645751995567,0.5721884004641986,0.7086483639456067,0.010393980816151194,1.8605397407406596,0.491197615477315,3.5510204081632653
0.18177322754393027,-0.08163265306122448,-2.9112314390050122,0.44600054887727003,0.309144022982468,0.5722991672614429,0.5768011305055788,0.6873557382180011,0.0037163138275844608,1.8904463889322183,0.4764386919875072,3.5510204081632653
0.18046039908718375,0.08163265306122448,-2.3282189148017216,0.43068084354598124,0.2985252124250757,0.5820829721284124,0.5821314644655404,0.6636286095157717,0.004010118378343997,1.923926679970805,0.4599922996247736,3.5510204081632653
0.17883593077907628,0.24489795918367346,-1.7526881188693382,0.41361072964762746,0.2866931111045945,0.5926387402402437,0.5881954510700179,0.637262979272291,0.013061091909252998,1.9604978135285267,0.4417170373578192,3.5510204081632653
0.17687031919404825,0.40816326530612246,-1.1857277536485817,0.3946525090681887,0.27355227396152326,0.6038483306310858,0.5949910741640646,0.608051159429611,0.023780085629439517,1.9998018266022113,0.42146894679483937,3.5510204081632653
0.17452872131188854,0.5714285714285714,-0.6286648658310824,0.37368838796645676,0.2590210525269405,0.6155309736404471,0.6024773002014502,0.5758274421592331,0.0365910690649379,2.0405182726108166,0.3991331680217165,3.5510204081632653
0.17177374929850098,0.7346938775510204,-0.08311011782370656,0.35065282775749473,0.24305401891547995,0.6279063858581202,0.6105421581501751,0.5405138858784362,0.052007440331998535,2.0813969821668525,0.3746556760501374,3.5510204081632653
0.16857046945122117,0.8979591836734694,0.44899599560471565,0.3255821269286798,0.22567633332132475,0.6413415591425138,0.6189567737857216,0.5021907056510515,0.07063031600892596,2.1208297295006124,0.3480920717254352,3.5510204081632653
0.1648945088189399,1.0612244897959184,0.9653451742021049,0.29868263265468853,0.20703102470681922,0.6542233975573217,0.6273152012048115,0.46118982194643454,0.09312478959667077,2.1576995428785364,0.3196724247851135,3.5510204081632653
0.1607437072411978,1.2244897959183674,1.4632482102337228,0.27040976275832085,0.18743376465181383,0.6658029408429034,0.6349682044413285,0.41819865084229013,0.1201581927523506,2.190845684268667,0.28987321574530656,3.5510204081632653
0.15615228286841112,1.3877551020408163,1.9396723865346173,0.24153137498611166,0.1674167915883904,0.6751428285979117,0.6409754702212098,0.37433534948307257,0.15228404582796967,2.21538731994209,0.2594694920781122,3.5510204081632653
0.15120372423922426,1.5510204081632653,2.391361323913103,0.21312406118757687,0.14772634212165414,0.6811868425886269,0.6441227374646742,0.3311291680400261,0.18976741542248493,2.2257628830369325,0.22952124922810402,3.5510204081632653
0.14603546980399648,1.7142857142857142,2.815063864010285,0.18643977775485832,0.12923020629500281,0.682915102810108,0.6430620991009696,0.2903364883496655,0.23238009398985698,2.218141624784369,0.20124591831324556,3.5510204081632653
0.14082784122229544,1.8775510204081634,3.207870594875317,0.1626217198735147,0.11272078662813545,0.6795724623845013,0.6366035814470726,0.2535793389710941,0.27924232410624256,2.189922972307622,0.17576780385606794,3.5510204081632653
0.13577526981884142,2.0408163265306123,3.567604716053367,0.1423612060725068,0.09867726861027126,0.6708988858451482,0.624093800705543,0.22191894473079188,0.3288171507597114,2.1409230597356395,0.15382249085298616,3.5510204081632653
0.13104874811279438,2.204081632653061,3.8931612557193467,0.12569492660265924,0.08712508398532215,0.6572505937523564,0.6057095058993336,0.1955972900219991,0.37912277791805993,2.0736598463473603,0.1355777101039144,3.5510204081632653
0.12676608539434453,2.36734693877551,4.1846782433105965,0.11209250802102577,0.07769660589666727,0.639534294276706,0.5824847700169993,0.17402876640628273,0.4281122412312932,1.9915990749900896,0.1206275487708397,3.5510204081632653
0.1229822524323311,2.5306122448979593,4.443479699626298,0.1007682433425674,0.06984722376287933,0.6189792407691169,0.5560362741783075,0.1560149331535423,0.47406251367343605,1.9001545555828903,0.10814131104062552,3.5510204081632653
0.1196990596317288,2.693877551020408,4.671823052215956,0.09099687142777713,0.06307422486993919,0.5968594833457029,0.5281368178517271,0.14046822403440995,0.5158162098972066,1.8049664606140416,0.09736515344771313,3.5510204081632653
0.1168838737661965,2.857142857142857,4.8725501114401375,0.08227571147333856,0.05702917743630809,0.5742799119236883,0.500344838892427,0.12665011216444766,0.5528222629267662,1.7104170828910867,0.08778716816438692,3.5510204081632653
0.11448727539054046,3.020408163265306,5.0487463289468835,0.07433036933246706,0.051521885932778844,0.5520739131682528,0.47380745528554924,0.11414868879538487,0.5850282106002386,1.6193813871654918,0.07912184180313542,3.5510204081632653
0.11245513405363328,3.183673469387755,5.203474151956385,0.06704338135885557,0.04647093076409603,0.5307959906696595,0.4492319782143803,0.10277088149462132,0.6127145597323198,1.5342742697687772,0.07123534675165688,3.5510204081632653
0.11073521827509163,3.3469387755102042,5.33959988889657,0.060376335928368885,0.041849687021288995,0.5120983215390802,0.4269580291124834,0.09243293364362692,0.636339888936325,1.4568589695801901,0.064069627345964,3.5510204081632653
0.10928015026811441,3.510204081632653,5.4597029117514495,0.05431632734138603,0.037649209155052654,0.494927534133666,0.40706290713593835,0.08308860368431281,0.6564267955042926,1.3867612280683133,0.05759263138044313,3.5510204081632653
0.1080483685061541,3.673469387755102,5.566044312752086,0.048848876142598474,0.03385946077176416,0.47882833538978753,0.38945957363708,0.07469388322138615,0.6734911142379454,1.322629807667676,0.051773854559977295,3.5510204081632653
0.10700412489785369,3.836734693877551,5.660572520830156,0.04394878045478112,0.030462973261279558,0.46383643988016837,0.37397157156365324,0.06718730579520171,0.688004777414881,1.264229809087866,0.0465706915813624,3.5510204081632653
0.10611706399283558,4.0,5.7449486480651695,0.03958013335614874,0.027434857842000948,0.44993537571344794,0.3603837462372109,0.06050039680590258,0.7003807577000029,1.2112024484516504,0.041935679468769305,3.5510204081632653
0.0008532589243942762,-4.0,-18.711190690901827,0.43738442368404895,0.3031717800974352,0.5818231869383785,0.6050496097125594,0.7149562332051791,0.18460328693620429,1.8929676532463957,0.4955698972699283,3.795918367346939
0.01301667312567754,-3.836734693877551,-17.896663897337476,0.4504438650534639,0.3122238950623333,0.5901560174737416,0.6201135203755019,0.7412068257523505,0.17402797172027173,1.9413563347252494,0.5137654214820282,3.795918367346939
0.02970025434547437,-3.673469387755102,-17.100787078296207,0.4651836895782151,0.32244076287361256,0.595629670731926,0.634361904174819,0.7680926863741946,0.1607241223303312,1.9801099879535802,0.5324012799689868,3.795918367346939
0.05114526787028915,-3.510204081632653,-16.32699511948742,0.4816289458845726,0.33383974591595056,0.6025180402265555,0.6443806357764548,0.7936553825771342,0.144719234939629,2.000213633573779,0.5501199907695651,3.795918367346939
0.0758038572347092,-3.3469387755102042,-15.577732841474791,0.49858121268426103,0.34559016185225366,0.6084081884802335,0.6460789474152587,0.815526188360661,0.1271450625219168,2.0011194628165008,0.5652796781349911,3.795918367346939
0.10050474328717493,-3.183673469387755,-14.853078642740112,0.5141623983415604,0.35639021676039206,0.6032537976828306,0.6381292504545598,0.8324430422570965,0.1100011431673484,1.9786117166346777,0.5770055477172495,3.795918367346939
0.12222127477845657,-3.020408163265306,-14.15045764506793,0.52710015612998,0.36535798709420275,0.5901629604066438,0.6235460256814249,0.8446641532728925,0.09503450560998114,1.934532996953261,0.5854765763611587,3.795918367346939
0.13956215384467016,-2.857142857142857,-13.465794211714867,0.5371285785473319,0.3723091598182542,0.5737288249560781,0.6069799204919896,0.8531450432298411,0.08292575885864058,1.8804383372887779,0.5913550813234574,3.795918367346939
0.15265754577690466,-2.693877551020408,-12.794969094524244,0.5445145530733702,0.37742872723666476,0.5574662112988271,0.5917013730159096,0.8587739839025308,0.07345642379719233,1.8263728514385136,0.5952567656802712,3.795918367346939
0.16230982864960955,-2.5306122448979593,-12.134617655060687,0.5496397031668216,0.3809812105738877,0.5431854574938988,0.5790420902433097,0.862145570521514,0.06605185097113893,1.7791640597967704,0.5975937714392328,3.795918367346939
0.16938692920687926,-2.36734693877551,-11.482275315419159,0.5528514113200567,0.383207397025084,0.5314951541807497,0.569144167776311,0.8636186358325433,0.060135792489381654,1.7410746879324288,0.5986148225063537,3.795918367346939
0.17459494536240083,-2.204081632653061,-10.836230796717615,0.5544336006213753,0.38430408707840535,0.5223978292743703,0.5616754588744298,0.8634140230580853,0.055250210229484974,1.7123006572370711,0.5984729957386312,3.795918367346939
0.17845013685479774,-2.0408163265306123,-10.195327106590844,0.5546079006243869,0.3844249026340638,0.5156605329248266,0.5562036654063366,0.8616763097410307,0.051060479623471974,1.6909966887522305,0.5972685046522934,3.795918367346939
0.18131442717686436,-1.8775510204081634,-9.558796680642118,0.5535411906251961,0.38368551560565,0.5109943437698953,0.5523391826229747,0.8585033402533688,0.04732757844538347,1.6762063476272369,0.5950691697979176,3.795918367346939
0.18343815979083286,-1.7142857142857142,-8.926143952309321,0.5513541838929727,0.38216959805534345,0.5081277398644817,0.5497715715440551,0.8539591675561042,0.04387888794178925,1.6672607896238445,0.5919193893048309,3.795918367346939
0.184994359386585,-1.5510204081632653,-8.297066687163904,0.5481293558470632,0.3799343175875305,0.5068304282246215,0.5482669525023988,0.8480799488011104,0.04058549177285087,1.6637659759671146,0.5878442254009126,3.795918367346939
0.18610300886526432,-1.3877551020408163,-7.671404806276396,0.5439175264178306,0.37701489989365866,0.5069165253571427,0.5476547092441038,0.840876958124015,0.037346000254838786,1.6656072172964684,0.5828514927214843,3.795918367346939
0.18684745768771432,-1.2244897959183674,-7.049107844924403,0.5387429237302488,0.3734281386302436,0.5082401968110357,0.5478136996388285,0.8323382592109216,0.03407517347989823,1.6720588375347145,0.5769329176442235,3.795918367346939
0.18728531283136085,-1.0612244897959184,-6.4302150249475565,0.5326068230706711,0.36917491775842537,0.5106892410183649,0.5486608978796982,0.8224295573631051,0.030695668781158748,1.6824033294096417,0.5700647288953999,3.795918367346939
0.18745561808715935,-0.8979591836734694,-5.814844098214629,0.5254899591165558,0.3642418835742016,0.5143670264934406,0.55014280415405,0.8110944093822829,0.027131641383237915,1.6961773412903667,0.5622078030312632,3.795918367346939
0.18738356097066455,-0.7346938775510204,-5.203186618278749,0.5173539314525364,0.3586024189379291,0.5196955745823724,0.552229172587333,0.7982538882044543,0.023303283465084236,1.713141031916996,0.5533074319799307,3.795918367346939
0.18708352212464727,-0.5714285714285714,-4.595508302641478,0.5081418209609305,0.35221707052366535,0.5259490611947042,0.5549084496247956,0.783805824332791,0.019121627415150378,1.733406356544956,0.5432927972427368,3.795918367346939
0.1865609964942105,-0.40816326530612246,-3.992153833904691,0.49777824540110727,0.3450335873438537,0.5331027339881825,0.5581843297307052,0.767623845853135,0.01448308080966203,1.7567663437949428,0.5320763044836823,3.795918367346939
0.18581373409981994,-0.24489795918367346,-3.3935559379056044,0.48616913505413173,0.3369867652380385,0.5411367341734068,0.5620728521571875,0.7495566525429003,0.009263236232297611,1.7830065182648718,0.5195530803800614,3.795918367346939
0.1848323408916783,-0.08163265306122448,-2.8002489462982765,0.47320163459888853,0.3279983788585774,0.5500306608776919,0.5665994107135629,0.7294284920860057,0.003309543273412108,1.8127037324875501,0.5056013027095072,3.795918367346939
0.18360052858294124,0.08163265306122448,-2.2128873348583027,0.4587447769724129,0.31797764875502854,0.5597565755114811,0.5717948854162543,0.707044666498049,0.0035675146062621233,1.8455197785353574,0.49008601711306854,3.795918367346939
0.18209519951056094,0.24489795918367346,-1.63226992041481,0.44265198587190513,0.30682297597637165,0.5702695657873641,0.5776897902043331,0.6821864429190589,0.011604964141998853,1.881431618919774,0.4728556095255638,3.795918367346939
0.1802866011097061,0.40816326530612246,-1.0593704370041899,0.4247671134194819,0.2944261270613002,0.5814947748293118,0.5843048253256802,0.6546170754050533,0.02109951417959264,1.9203862500916058,0.45374598016340917,3.795918367346939
0.17813889388168863,0.5714285714285714,-0.49537494840395335,0.40493665530590883,0.2806807009306651,0.5933096654581936,0.5916355175964096,0.6241132787410248,0.032420566605527855,1.961261081265884,0.4326023595093642,3.795918367346939
0.1756116550708221,0.7346938775510204,0.05827429189258902,0.3830319382228997,0.2654975080436137,0.605520452869052,0.599627835152248,0.5904972615352331,0.04602190615803956,2.0031170342992546,0.4093015119615151,3.795918367346939
0.1726630741630471,0.8979591836734694,0.5998308236443239,0.358986031408441,0.24883015553116494,0.619117278608483,0.6081411995237758,0.5536906133250983,0.06244746710543088,2.0447262105750545,0.38378908752879815,3.795918367346939
0.16925580463839665,1.0612244897959184,1.1271977303839,0.33284971209679837,0.2307138394900854,0.6328142569847048,0.6168962838260719,0.5137934893246787,0.08232274510192714,2.084489794608328,0.3561345085154568,3.795918367346939
0.16536639266633016,1.2244897959183674,1.637895155748245,0.30486651201508197,0.2113173632503984,0.6457690845713019,0.6254095761832359,0.47118754994000733,0.10631854062598209,2.121727810477276,0.32660232175586357,3.795918367346939
0.16099846534215764,1.3877551020408163,2.1290621704629693,0.2755549105419175,0.19100010933157807,0.657176465353791,0.632928061577029,0.42664328617180436,0.1350700311958089,2.154276331709211,0.29572659091481546,3.795918367346939
0.15619787463823204,1.5510204081632653,2.59752261170653,0.24576374801496392,0.17035044902041685,0.6660542412852865,0.638397252817969,0.38138392756608974,0.16903750203040838,2.1761014385738586,0.2643551941033131,3.795918367346939
0.15106469697386224,1.7142857142857142,3.0399476974937847,0.2166420842021024,0.15016484985531764,0.6713401607945645,0.6405176025195076,0.33703271786881794,0.2083146290508719,2.1827090245024556,0.23361327814722666,3.795918367346939
0.1457540028133587,1.8775510204081634,3.4531345923123697,0.18946448250181147,0.13132677186237962,0.6720765298626172,0.6379445108992348,0.2953797536097831,0.2524312224171842,2.170593629666185,0.2047416434091125,3.795918367346939
0.14045844040382566,2.0408163265306123,3.8343804007492737,0.1653168141202217,0.1145888836065847,0.6676505764368577,0.629631758092709,0.2579844356138188,0.30024406355399447,2.137898096588287,0.17882118417406678,3.795918367346939
0.13537394694764746,2.204081632653061,4.181872912454432,0.14477172072972655,0.10034811004862187,0.6579989090372569,0.6152066262705936,0.22576675546636116,0.3500158385658936,2.085628540977661,0.15648959001567464,3.795918367346939
0.13066154709119546,2.36734693877551,4.494977895729742,0.12775585996221572,0.08855361413282115,0.6436666105286868,0.5951797001964133,0.19882376739992047,0.3997064059667443,2.015950932555162,0.13781413380156105,3.795918367346939
0.12642253892522587,2.5306122448979593,4.774320317229224,0.11370305349666898,0.07881295095227281,0.6256765851881823,0.5708477455308814,0.17649668032377575,0.44737452157763913,1.9333295055484627,0.12233817634461497,3.795918367346939
0.12269563689022962,2.693877551020408,5.0216368212542015,0.10187103334542646,0.07061161954411044,0.6052732233598072,0.5439341162319234,0.1576621035118797,0.491518043641409,1.8432763651622786,0.10928304253040944,3.795918367346939
0.1194709878427106,2.857142857142857,5.239467341667375,0.09161095160149912,0.06349987281099256,0.5836627748288321,0.5161618628254168,0.1413493426170569,0.5312318900589641,1.7511495696393367,0.09797589830901421,3.795918367346939
0.11670957686005945,3.020408163265306,5.430796056700006,0.08248167696960218,0.05717194183933594,0.5618419144254753,0.4889444647604149,0.12690309376168107,0.5661794104711231,1.6603653192984946,0.0879625216452431,3.795918367346939
0.1143594620788014,3.183673469387755,5.598734136055452,0.07423586264456894,0.051456378888518284,0.5405344170890506,0.4632597278753773,0.11394307670716008,0.5964534960800958,1.5734597838014672,0.07897932236389282,3.795918367346939
0.11236612826360284,3.3469387755102042,5.74628998380564,0.06675342269330997,0.04626994673259399,0.5204217602481154,0.4396681559989128,0.10226712952313743,0.6224122607635669,1.4931804001679085,0.07088617249292106,3.795918367346939
0.11067790368030277,3.510204081632653,5.876231187399273,0.05997722242462844,0.04157304262144801,0.5030371040362682,0.41840309755048866,0.09176167310525196,0.6445411321934029,1.420343589061439,0.06360434499636858,3.795918367346939
0.10924829008055173,3.673469387755102,5.991020140485508,0.053871144862685405,0.037340632175106636,0.48659885367180117,0.3994752343831521,0.08234528104601457,0.6633580480407816,1.3538229811671882,0.05707739938946066,3.795918367346939
0.10803665197585074,3.836734693877551,6.092799631631753,0.048399600605433246,0.033548046699883205,0.47119839573471844,0.38276175369024357,0.0739421303102934,0.6793579188445371,1.2929818091568384,0.05125277914917614,3.795918367346939
0.10700811280516831,4.0,6.183407807340031,0.04352086584414527,0.03016636545539675,0.4568575429251751,0.36807134717244744,0.066470817501453,0.6929854914934555,1.2375679188450341,0.0460740597406466,3.795918367346939
0.01562001298673916,-4.0,-18.42262924254027,0.4597400834148755,0.318667542609415,0.5820917184380187,0.6180914778980725,0.7581396647091201,0.17129043888717113,1.9149494037574017,0.5255023710637885,4.040816326530612
0.03294485389274478,-3.836734693877551,-17.631825545145478,0.48410934789303495,0.3355590295747708,0.5853537646858507,0.6359728014092376,0.801328778364979,0.15681848172220608,1.951324859394316,0.5554387834252301,4.040816326530612
0.055694419592663524,-3.673469387755102,-16.860694840819953,0.5030917885633661,0.34871665480555736,0.5937908950988613,0.6444075452539245,0.8302874404796357,0.13976624547982697,1.9646974870142757,0.5755113984227931,4.040816326530612
0.08154384128785261,-3.510204081632653,-16.114779699977237,0.5222558002651065,0.3620001354848368,0.5959878964988895,0.643299487906855,0.8546323741584003,0.12128657076037053,1.9568836458127086,0.5923860205631462,4.040816326530612
0.10681576588593603,-3.3469387755102042,-15.393730867324967,0.5391931670468266,0.3737402235156959,0.5868143401837107,0.6320537274325916,0.872698940537211,0.10372787320358931,1.9227206516650197,0.6049088101110183,4.040816326530612
0.12839708985546577,-3.183673469387755,-14.694373868633127,0.5526633591387116,0.3830770491857862,0.5704538213924718,0.6148489150954344,0.8850370689412927,0.0888791554667356,1.868879003837266,0.6134609490276945,4.040816326530612
0.1451842378604435,-3.020408163265306,-14.012217538282334,0.5627328025980063,0.3900566555294043,0.5519177436695253,0.5967930396000563,0.8931369997801553,0.07721664870945348,1.807773468538233,0.6190753932513839,4.040816326530612
0.1576147645064488,-2.857142857142857,-13.34301142278633,0.56996123673136,0.3950670242688019,0.5345240182258673,0.5809126523229791,0.8982790587599374,0.06831184314015301,1.750520613486813,0.6226395969354916,4.040816326530612
0.16665899004875745,-2.693877551020408,-12.683437629313351,0.5749039518161769,0.3984930532941535,0.519715517413746,0.5681403436648333,0.9012540843652226,0.061474607532792366,1.701423611167262,0.6247017275458888,4.040816326530612
0.17324047914318302,-2.5306122448979593,-12.031138462942577,0.5779962021454743,0.4006364378914917,0.507806188312177,0.5583332058592151,0.9024996589732468,0.05608809356779117,1.6625707305992374,0.6255650940736186,4.040816326530612
0.17806735968548887,-2.36734693877551,-11.384507574699377,0.5795620126912207,0.4017217750565669,0.4986154901994073,0.5510051279669483,0.9022623674374359,0.05169030656561446,1.6332944266936762,0.6254006161145997,4.040816326530612
0.1816401103180138,-2.204081632653061,-10.742469905472504,0.5798392278885078,0.401913925988975,0.4918092418258704,0.5456522736865649,0.9006918146527316,0.04795616606567317,1.611487337353437,0.6243119918799618,4.040816326530612
0.18430240838571935,-2.0408163265306123,-10.104314075011352,0.5790001885383624,0.4013323482290423,0.48704604723946593,0.5418556140294472,0.8978842208489293,0.044659667323319455,1.596112989242265,0.6223659161506983,4.040816326530612
0.18628898468248498,-1.8775510204081634,-9.469577984134597,0.5771671284413045,0.4000617677909697,0.48402849024163513,0.539294449237729,0.8939013397952311,0.041641271852546693,1.5864302090854974,0.6196051933778213,4.040816326530612
0.18776091230220265,-1.7142857142857142,-8.83797397084359,0.5744234956187069,0.39816002643549475,0.48251423086595907,0.5377324129538865,0.8887789049764954,0.03878452198844815,1.5819979365756787,0.6160545921256131,4.040816326530612
0.18882957484495,-1.5510204081632653,-8.209340671708086,0.5708221775377611,0.3956637829613878,0.4823123492573802,0.5369988943354354,0.8825307406739609,0.0360001808335763,1.5825804559286831,0.6117236946556357,4.040816326530612
0.18957247219056866,-1.3877551020408163,-7.583612419499452,0.566391352335391,0.3925925689648111,0.4832754668894877,0.5369729131415528,0.8751509220103286,0.033215513257988126,1.5874026236900105,0.6066083941558951,4.040816326530612
0.19004355842671988,-1.2244897959183674,-6.96080021318894,0.5611385191425944,0.38895158244727224,0.4852916274073676,0.5375707923092372,0.8666148721642473,0.030366824678844283,1.5958773022497088,0.6006916552719654,4.040816326530612
0.19028000308279808,-1.0612244897959184,-6.340980533716081,0.5550531284116969,0.38473351101954534,0.4882772044832369,0.5387372264404837,0.8568797269070241,0.0273939532298332,1.607479665627296,0.5939437667845802,4.040816326530612
0.19030661566130838,-0.8979591836734694,-5.724289738931277,0.5481081232919021,0.37991960030178484,0.4928826352577049,0.5404389767476037,0.8458840962265932,0.024235835725127153,1.6220873807847689,0.5863221763799604,4.040816326530612
0.19013872345717603,-0.7346938775510204,-5.110922713752258,0.540260624346494,0.3744801285333279,0.4983737175434453,0.5426604752410238,0.8335472985887624,0.020826536557551976,1.6396952272631777,0.5777709598801595,4.040816326530612
0.18978400435861273,-0.5714285714285714,-4.501135074613607,0.5314519341662072,0.36837440977043623,0.5047008961312045,0.5454007546497504,0.8197681443402396,0.017091283329411077,1.660175961508559,0.5682199779622956,4.040816326530612
0.18924359299689147,-0.40816326530612246,-3.895248661303329,0.5216070183480936,0.3615504341282607,0.5118527068249908,0.5486712302220631,0.8044234031905391,0.012942131520541378,1.6834135175914078,0.5575838138979576,4.040816326530612
0.18851266545921952,-0.24489795918367346,-3.293660375771484,0.5106336387580912,0.3539442670042363,0.5198229089706613,0.5524939098786902,0.7873662326325142,0.008272911261707705,1.709303730449979,0.545760684217333,4.040816326530612
0.1875806425754668,-0.08163265306122448,-2.696854694387784,0.4984213906805879,0.3454793816810162,0.5286064447725839,0.5568995833834565,0.7684252285485713,0.002953115299973508,1.738522662107482,0.5326317806395728,4.040816326530612
0.18643112060615905,0.08163265306122448,-2.105420409725349,0.4848410580051814,0.33606621237599255,0.5381942226006657,0.5619254220587641,0.7474069636260636,0.003179604574642747,1.7706155033122455,0.5180630295682747,4.040816326530612
0.18504163934840753,0.24489795918367346,-1.5200723465290338,0.46974499499410083,0.325602418862307,0.5485659918926001,0.5676111768109162,0.7240896137966799,0.010328613858913172,1.8054329871657928,0.5019006742759076,4.040816326530612
0.18338343514001285,0.40816326530612246,-0.9416789039645773,0.4529697355824518,0.3139746950979603,0.5596803580405649,0.5739927530582929,0.6982244656279497,0.01874925666518088,1.8436141378023299,0.4839723197479877,4.040816326530612
0.18142141150265229,0.5714285714285714,-0.3712962023513974,0.43434279665640396,0.3010634848989078,0.5714607648696769,0.5810913280782396,0.6695565474370189,0.028761294659210245,1.8840162996273835,0.4641012330814207,4.040816326530612
0.17911470868910176,0.7346938775510204,0.1897908441491834,0.41369672033173543,0.28675271530483837,0.5837761742246621,0.5888953720088118,0.6378452293529122,0.040761619675571084,1.9260112733600727,0.44212062235958216,4.040816326530612
0.17641847443531483,0.8979591836734694,0.7400214083898071,0.3908946678025824,0.2709475368832768,0.59689500244502,0.5973321259778755,0.6029025443523968,0.055234320456279115,1.968680648559474,0.4179001987702806,4.040816326530612
0.17328770636624122,1.0612244897959184,1.277508985175425,0.3658727520266769,0.2536036665109995,0.6110389401695009,0.6062249047260868,0.5646546074061001,0.07275224407566494,2.0107389833792655,0.3913887491137209,4.040816326530612
0.16968423090282525,1.2244897959183674,1.79999698073327,0.3387032194517494,0.23477118160955635,0.6249025944324912,0.615234519302609,0.5232308576377975,0.0939598513720272,2.05091269447318,0.36267599375360104,4.040816326530612
0.16558769489338204,1.3877551020408163,2.304834951933982,0.30967648327681907,0.21465138126904648,0.6378271605539553,0.6237898873708174,0.4790760870745867,0.11952228947765009,2.0881350349705734,0.3320702390294401,4.040816326530612
0.16101032662818487,1.5510204081632653,2.7890002664165645,0.279384798609676,0.19365478544760495,0.6489528630520439,0.6310277781874231,0.43305866448374974,0.1500236385281672,2.1190291949065165,0.3001733923039662,4.040816326530612
0.15601262577928005,1.7142857142857142,3.249198053650034,0.24876522472678309,0.17243091414073075,0.6572625581001461,0.6357844244480331,0.38651757927535035,0.1858056847188546,2.1377898022917283,0.2679135703115634,4.040816326530612
0.15071341583625708,1.8775510204081634,3.68207046016974,0.2190370963153061,0.15182494574899152,0.6617074623795368,0.6366999793884182,0.34116959005662517,0.22676653747167172,2.1403995137752143,0.23648073944054104,4.040816326530612
0.14528539509107408,2.0408163265306123,4.084522420144279,0.1914841955062494,0.13272673023694614,0.6614170815795788,0.6324796263132917,0.29882441422378525,0.27218534194597593,2.123776708825442,0.20712930020169296,4.040816326530612
0.13993084778557582,2.204081632653061,4.4541205386589455,0.1671190150263948,0.11583807408350055,0.6559394909751434,0.6222730517652488,0.2609600508223098,0.3206769693391792,2.087275798149088,0.18088372346626347,4.040816326530612
0.1348429827787973,2.36734693877551,4.789463278652078,0.1463909772174059,0.10147049311765999,0.6454058676576891,0.6060157086840289,0.22834758764398577,0.37035694482855896,2.0317860192650046,0.1582784865630935,4.040816326530612
0.1301692974154623,2.5306122448979593,5.090398386411524,0.1291269739411196,0.08950399792152441,0.6305237493354231,0.5845327491506466,0.20094789991919582,0.4191919467315093,1.9602882878571728,0.139286470268432,4.040816326530612
0.12599318311287314,2.693877551020408,5.358010320839736,0.1147367270152988,0.07952943883733021,0.612393546798244,0.5593259459160548,0.17804670139561374,0.4653941296272485,1.877701252425043,0.12341256908036735,4.040816326530612
0.1223376444098033,2.857142857142857,5.594394639942025,0.10252108624071976,0.0710622018756979,0.5922424374836391,0.5321616287286037,0.15859294787078282,0.5076950168668851,1.7896938480069937,0.10992825467332246,4.040816326530612
0.11918248313171395,3.020408163265306,5.802313476461635,0.0918959277119562,0.06369740319848338,0.57119399837811,0.5046719227583717,0.14171199113109845,0.545423819331141,1.700575467176424,0.09822726710405671,4.040816326530612
0.11648347300769438,3.183673469387755,5.984842297076865,0.08246817332860301,0.05716258182864986,0.5501384625496811,0.4781140974082505,0.12681144750475726,0.5784259875427491,1.6134967530858868,0.08789899730064787,4.040816326530612
0.11418689159003972,3.3469387755102042,6.1450831782482735,0.07400944717833458,0.051299439646462774,0.5297010593364143,0.4533063431739633,0.11353143245957664,0.6069082918167293,1.5309125774567718,0.07869399231428709,4.040816326530612
0.11223824753904395,3.510204081632653,6.285971652100802,0.06639559060979527,0.046021916432791965,0.5111811138532716,0.4306803514375085,0.10165912200176574,0.6312833638588786,1.454957883464788,0.07046473379372387,4.040816326530612
0.11058666441304892,3.673469387755102,6.410169894195103,0.05955365998017159,0.041279451507281406,0.4944977731297657,0.4103807773373517,0.09105572001702322,0.6520498127637058,1.3862054036217186,0.06311501560365462,4.040816326530612
0.10918668616946096,3.836734693877551,6.520024341863246,0.053428943696916864,0.0370341216838137,0.4787461489159227,0.3923651413288261,0.08161182812788459,0.6697145937339559,1.3230065027441882,0.056569008567185275,4.040816326530612
0.10799873575766732,4.0,6.617564634215694,0.047969317395602395,0.03324979710614673,0.46399702617093386,0.376483706099748,0.07322677067715322,0.684750048000204,1.2652126936848325,0.05075692963637746,4.040816326530612
0.03691969740182531,-4.0,-18.166934091682894,0.5030907633896926,0.34871594420931595,0.5748901140748174,0.6376009330214154,0.8346254375388331,0.15247396485104145,1.9228284273358673,0.5785182688536521,4.285714285714286
0.061193903355185,-3.836734693877551,-17.399326329602363,0.5246436362699964,0.3636552572792655,0.5846711792397062,0.6439801678976174,0.8667282317871474,0.134227398769823,1.9274862431803352,0.6007702301749678,4.285714285714286
0.08823074830205088,-3.673469387755102,-16.657680115235827,0.5457120066803229,0.37825873882817596,0.5825869662736587,0.6394531847755975,0.8928196676458282,0.11486161450954831,1.909777175784993,0.6188554353771725,4.285714285714286
0.1138282104636783,-3.510204081632653,-15.941021071931463,0.563471100041689,0.39056840432090767,0.5691807772702377,0.6246372499106727,0.9111255784533774,0.09706889498355575,1.863312391905205,0.6315441258410077,4.285714285714286
0.13495601025949627,-3.3469387755102042,-15.245476751401062,0.5769618370472802,0.39991947064000866,0.549778885029359,0.6050098794080432,0.9228372337931456,0.0825550273188416,1.8005898298017122,0.6396620267194573,4.285714285714286
0.15093856669605957,-3.183673469387755,-14.566178572382446,0.5866979654278928,0.4066680405765999,0.5295759795242018,0.5858754286284096,0.9300828235535312,0.07149750073974045,1.7342955559308562,0.6446842868333622,4.285714285714286
0.16254781061921292,-3.020408163265306,-13.898831514305789,0.5935216578781137,0.41139786375947884,0.5114853279255764,0.5697840860464654,0.9344663738592254,0.06324255531777583,1.674883466475403,0.6477227323685977,4.285714285714286
0.17089618050485378,-2.857142857142857,-13.240234513941974,0.5981187349145194,0.4145843147460806,0.49650314561702064,0.5571943529135586,0.936884766540429,0.057003932297148306,1.62510447264203,0.6493990344370602,4.285714285714286
0.17693393024088636,-2.693877551020408,-12.588178812840543,0.6009757891503305,0.41656467383433937,0.4846443979608471,0.5476854456201667,0.9377935319125696,0.0521446602786102,1.5865580285484562,0.6500289425925501,4.285714285714286
0.1813520474157167,-2.5306122448979593,-11.941185697086565,0.6024326285143808,0.41757447793206004,0.4755641744135467,0.5406432813429374,0.9374308856915277,0.048212068363277336,1.5574158086398477,0.6497775753868944,4.285714285714286
0.1846244213104721,-2.36734693877551,-11.298274520710033,0.6027282338696209,0.4177793759506032,0.4688469418910347,0.5355151482999562,0.9359330955975387,0.04489779467070536,1.5356627438586201,0.6487393864061755,4.285714285714286
0.1870706966033833,-2.204081632653061,-10.658797983012757,0.602031113387234,0.4172961688537262,0.46411422580867573,0.531868375552184,0.9333845855182044,0.041992206900269856,1.520232896623012,0.646972893830057,4.285714285714286
0.18890688693973703,-2.0408163265306123,-10.022333767798838,0.6004590718980407,0.4162065127277683,0.46105348350122394,0.5293823198519715,0.9298386838540735,0.03934995900836287,1.5102572023221703,0.6445150620890199,4.285714285714286
0.1902803651927389,-1.8775510204081634,-9.388615085258701,0.5980924198497792,0.4145660745331494,0.45941755633551945,0.5278248676263246,0.9253264774901662,0.03686677910342908,1.505178386016739,0.6413874389697742,4.285714285714286
0.19129282741991682,-1.7142857142857142,-8.757486447007201,0.5949829442639292,0.41241075029779783,0.4590152142936107,0.5270299611087108,0.919860900472028,0.03446432374161994,1.504868518542102,0.637598989669518,4.285714285714286
0.1920151310867607,-1.5510204081632653,-8.128875588589638,0.5911600228251062,0.40976090308097546,0.45970048863298796,0.52688001928588,0.9134387906783767,0.03208024832369387,1.5084421139060908,0.6331475223728025,4.285714285714286
0.19249688424504435,-1.3877551020408163,-7.502775838120167,0.5866347396774398,0.406624215825935,0.46136328685271205,0.527293164888528,0.9060419190711984,0.02966150330766193,1.515376540505047,0.6280204016733237,4.285714285714286
0.19277267930281874,-1.2244897959183674,-6.879235431776506,0.5814025621290075,0.40299754671004995,0.4639218160042039,0.5282142386001938,0.8976373593349751,0.027159566206916307,1.5251764772070446,0.6221948047883119,4.285714285714286
0.1928661672781497,-1.0612244897959184,-6.25835165608177,0.575444949644067,0.39886804441324464,0.4677993853453501,0.5296085815950732,0.8881773350715298,0.02452678027144777,1.5377102366180164,0.615637615642076,4.285714285714286
0.19279272111881504,-0.8979591836734694,-5.6402685608914975,0.5687301395910782,0.3942136927570201,0.4726174587591307,0.5314577814429445,0.8775985935068022,0.021713250963125173,1.5529940597655325,0.6083049907526128,4.285714285714286
0.19256115427780654,-0.7346938775510204,-5.025177542359403,0.5612132718663254,0.38900339708696574,0.4782003086034455,0.5337567925582423,0.8658213283390794,0.018663911879420715,1.570913666790194,0.6001416126068992,4.285714285714286
0.19217478657479467,-0.5714285714285714,-4.413320470767543,0.552835965908939,0.3831966910819147,0.48453901271486116,0.5365120011839264,0.8527476815406705,0.015315455532175015,1.5913162928637479,0.5910796511889451,4.285714285714286
0.19163204050797095,-0.40816326530612246,-3.804995312866433,0.5435254364984892,0.3767431238715415,0.4916323389578328,0.5397399056848794,0.8382598851146423,0.011592859699893187,1.6142185487704157,0.5810374759437171,4.285714285714286
0.19092668455099057,-0.24489795918367346,-3.2005644205636745,0.5331932434019602,0.36958139335768103,0.49948427207322416,0.5434661229113223,0.8222182028915337,0.007405243082434021,1.6396062967168505,0.5699182291393323,4.285714285714286
0.1900478001583487,-0.08163265306122448,-2.6004658563699863,0.5217338144323018,0.3616383224765358,0.5081010986180797,0.5477244137914752,0.8044591095753097,0.0026407690360753743,1.668105756399788,0.5576085636778902,4.285714285714286
0.1889795308535906,0.08163265306122448,-2.0052283154076185,0.5090229885575819,0.3528278493588852,0.5174876124681526,0.5525553314310574,0.7847958451972512,0.002839701990627108,1.6992711957662876,0.5439790274136334,4.285714285714286
0.18770067336990104,0.24489795918367346,-1.415490383051503,0.4949170288615785,0.3430503431665086,0.5276418565973692,0.5580039101729788,0.7630114365273086,0.009210506743909597,1.7330115048192525,0.5288792259638981,4.285714285714286
0.18618419738093564,0.40816326530612246,-0.8320250123385814,0.4792529109131092,0.3321928039745681,0.5385476154567393,0.5641154954196826,0.7388571942108713,0.01669084201332498,1.7699087232912554,0.5121367810036972,4.285714285714286
0.18439684246723415,0.5714285714285714,-0.25577015147301435,0.4618512770794214,0.32013091054561116,0.5501636301596314,0.5709283138638419,0.7120653809262367,0.025556184770243285,1.8093879529523076,0.4935661111633647,4.285714285714286
0.1822990551417843,0.7346938775510204,0.31213373823280316,0.4425243438813591,0.30673450129050317,0.5624082864776274,0.578460667739952,0.682360977789902,0.03615090372342984,1.8508758861519128,0.47297658787919783,4.285714285714286
0.17984571356477827,0.8979591836734694,0.8702992206359697,0.42109228276850974,0.29187892855654396,0.575138489153414,0.5866897537545149,0.6494868768349549,0.04890035248855209,1.8937046708374006,0.45018999748883326,4.285714285714286
0.1769883487328862,1.0612244897959184,1.4170420592376707,0.3974129598083507,0.2754656726091409,0.5892355161390671,0.5955183594349037,0.613248035087079,0.06431862033613242,1.9369218471973715,0.4250711465045347,4.285714285714286
0.17367986189916187,1.2244897959183674,1.9503308660663616,0.3714306056781198,0.25745607709946117,0.6036085934731038,0.6047259683437936,0.573581837673899,0.08300465195233216,1.9791166483970872,0.3975766336040554,4.285714285714286
0.16988288122903109,1.3877551020408163,2.4677467463388028,0.34324696512093933,0.2379206661093367,0.617550352097105,0.6139040764243837,0.5306581711712548,0.1056147023053344,2.0192940491979066,0.3678242151884512,4.285714285714286
0.16558248457246502,1.5510204081632653,2.966471951933997,0.31321004262906404,0.21710065797139566,0.6303469703046379,0.622385012051067,0.4849997456276749,0.13279467755290805,2.0563470444950727,0.3361762062541138,4.285714285714286
0.16080239606083085,1.7142857142857142,3.443336448282792,0.2819966467939814,0.19546518065260665,0.641088345561735,0.6291921403812012,0.43758774914247267,0.16505669960031386,2.084945356502642,0.3033127145656769,4.285714285714286
0.15562051223294407,1.8775510204081634,3.894957152835661,0.25063732619759804,0.17372855599694836,0.6487350683516605,0.6330635784529862,0.38988523219329885,0.20259903109457283,2.100345137783967,0.2702478494367444,4.285714285714286
0.1501757226660601,2.0408163265306123,4.3179956658889305,0.22041550301275903,0.1527803844649962,0.652273195653742,0.6326117871099728,0.34369694702964404,0.24510484892354262,2.0988026872078427,0.2382325698006582,4.285714285714286
0.14465705587073188,2.204081632653061,4.709525153998019,0.19260701394875968,0.13350500867465254,0.6509426606606934,0.6266416810835673,0.30083287973202477,0.2916039770308782,2.078118261515193,0.20852146240598213,4.285714285714286
0.13927260636714459,2.36734693877551,5.067438217002555,0.16813419998458246,0.11654174667501516,0.6444642390444744,0.6145441176447124,0.2626686493176229,0.3405020861593404,2.0378606438861837,0.18206803369599855,4.285714285714286
0.1342083111094206,2.5306122448979593,5.390776314007423,0.14732038065025854,0.1021147064867447,0.6331531966553151,0.59657380814306,0.22981954702230434,0.38982516263050815,1.9795211700489572,0.15929877105607382,4.285714285714286
0.12959513925705635,2.693877551020408,5.679864546755274,0.12990320683158352,0.0900420415610077,0.6178488544923256,0.5738359018319816,0.2021193916712174,0.43760481826135206,1.906782732213793,0.1400984864733954,4.285714285714286
0.12549801026513516,2.857142857142857,5.936208390036044,0.11527803378128443,0.07990464409599118,0.5996934614215987,0.5479761626613252,0.17881343840896724,0.48223974073734144,1.8248436920403455,0.12394403067940507,4.285714285714286
0.12192531412518748,3.020408163265306,6.162206065319162,0.10278748166254248,0.07124685311124845,0.5798722970279965,0.5207490871379397,0.15891815688882405,0.5226948929679759,1.7391929437461315,0.11015367238727114,4.285714285714286
0.11884800274871284,3.183673469387755,6.3607862205082,0.09190229868273292,0.06370181921891427,0.5594185933772964,0.49366741211440085,0.1416376574599072,0.5585101262390404,1.6530936824364022,0.09817574292944986,4.285714285714286
0.11621779473710783,3.3469387755102042,6.535072374060392,0.08226729106980235,0.057023340857337956,0.5391216533699205,0.46782995399243354,0.12642755011210438,0.5896819994410344,1.5696169522213805,0.08763289990530598,4.285714285714286
0.1139798798554891,3.510204081632653,6.688130271653256,0.07366765474947012,0.05106252718805848,0.5195195956563955,0.4439082828570832,0.11294128963869277,0.6165043890424701,1.4913043689836527,0.07828493648186408,4.285714285714286
0.11208016508125267,3.673469387755102,6.822809324285841,0.06597485272822068,0.04573028315642369,0.5024585893159637,0.42222259019111624,0.1009556893303083,0.6394262679052328,1.4196260912019134,0.06997715142078853,4.285714285714286
0.11046878124368761,3.836734693877551,6.941662940826415,0.05910292827276331,0.040967028095102664,0.4864374373227547,0.40284412561686056,0.09031124770037113,0.6589493987684614,1.3542326185722955,0.06259898671636233,4.285714285714286
0.10910145284355739,4.0,7.046924183295339,0.05298244994812418,0.03672463580070051,0.4713290002397959,0.38568833888733023,0.08087662552724106,0.6755655926617525,1.2941178218013838,0.0560594049574088,4.285714285714286
0.0677284982983579,-4.0,-17.942948891918064,0.5463996872195245,0.37873540265504935,0.5748126990863284,0.6427942230734972,0.9030016681891158,0.12802202900982693,1.888809870077911,0.6259130603462122,4.530612244897959
0.09583942180693505,-3.836734693877551,-17.206474872739477,0.5688938044265677,0.3943271365762959,0.5678876269309472,0.6342113305634776,0.9298648163173602,0.10787818377768074,1.8600986904138923,0.6445331757322696,4.530612244897959
0.12141355493380775,-3.673469387755102,-16.4948790677522,0.586845135939793,0.4067700514019854,0.5502368538357886,0.6157437355891574,0.9474183948104948,0.09011116337067908,1.8008048869254611,0.656700389173523,4.530612244897959
0.141740088951196,-3.510204081632653,-15.80354113931774,0.5998592843956598,0.4157907717115583,0.5282238092591837,0.5941035707586133,0.9578428949901618,0.07617434355136095,1.7298843202240035,0.6639261020818052,4.530612244897959
0.1566905588910132,-3.3469387755102042,-15.127305779878231,0.6089506766559691,0.4220924446241556,0.506890624814361,0.5744006172681797,0.9638930548086146,0.06586955285210809,1.660401380293546,0.6681197533019034,4.530612244897959
0.1673592412449194,-3.183673469387755,-14.461938891404793,0.6151883376780898,0.4264160617749273,0.48855598947569284,0.5584995632493867,0.9673613095926421,0.058330094157292026,1.600090004891867,0.6705237643269149,4.530612244897959
0.17495655563578344,-3.020408163265306,-13.804423345270143,0.6193313821392672,0.4292878013621271,0.4737334499548556,0.5463616246386348,0.9691482864302086,0.0527055727664667,1.5507558803194639,0.6717624022836013,4.530612244897959
0.18042689533844639,-2.857142857142857,-13.152732747888752,0.6218807107369866,0.43105486129195714,0.4621618913496213,0.5373242720963958,0.9696733802915367,0.04836192894134674,1.5133469155568515,0.6721263696131095,4.530612244897959
0.1844263099642315,-2.693877551020408,-12.505530978484986,0.6231705400854346,0.4319489028682375,0.4533626280626435,0.5306819488460601,0.9691406803197684,0.044868331561170226,1.4849348707059817,0.671757130129595,4.530612244897959
0.1873933797855753,-2.5306122448979593,-11.861938531547496,0.6234289684799563,0.43212803178127657,0.44686263598197484,0.5258580166502812,0.9676609647376089,0.04193911260988015,1.463708882965298,0.6707314694457902,4.530612244897959
0.18961961737824068,-2.36734693877551,-11.221375875614191,0.6228138014373426,0.43170163048011534,0.4422625129279086,0.5224214654200414,0.9653008428521406,0.03938350764382388,1.4486074414650938,0.6690955576151003,4.530612244897959
0.19130040561194037,-2.204081632653061,-10.583463513462986,0.6214342569786049,0.43074540312808396,0.43924503636541373,0.5200608923529028,0.9621018545808435,0.03707104820378297,1.4386582349125554,0.666878187914206,4.530612244897959
0.19256848572297783,-2.0408163265306123,-9.947958988088988,0.6193647276767114,0.4293109147273906,0.4375649191113821,0.5185540695624502,0.9580881400337975,0.03490932366065367,1.4332799560377694,0.6640960929923483,4.530612244897959
0.1935153547502947,-1.8775510204081634,-9.314717099266998,0.6166537516832067,0.4274318093609273,0.43703491152774654,0.517743124143558,0.9532697285222747,0.03282989843091051,1.432341917493864,0.6607562246383583,4.530612244897959
0.19420486788037125,-1.7142857142857142,-8.683664675726007,0.6133299723482559,0.42512794108610286,0.4375131942255366,0.5175163950170948,0.9476440996102915,0.030779285994617434,1.4349864404137573,0.6568568358191413,4.530612244897959
0.19468193852134866,-1.5510204081632653,-8.054784622946595,0.6094061080679456,0.4224081256233061,0.4388932237508989,0.5177957233550272,0.9411969498730479,0.028712990583389365,1.440673901841041,0.6523880121561225,4.530612244897959
0.19497819288583837,-1.3877551020408163,-7.428106052528108,0.6048815065127369,0.41927191081215587,0.44109593035491096,0.5185276798308969,0.9339024112124954,0.02659138059955668,1.4489829276818933,0.647331823250076,4.530612244897959
0.19511563477710614,-1.2244897959183674,-6.803698565474927,0.5997437513254646,0.4157106902896912,0.4443966588303918,0.5196775929917525,0.9257229497533568,0.02437663564467356,1.4597491124324022,0.6416622526011753,4.530612244897959
0.19510907261523652,-1.0612244897959184,-6.181669536984079,0.5939694911489415,0.4117082781285146,0.4486313108873178,0.5212254826341588,0.9166088503514582,0.022030273432327375,1.4730380672932197,0.6353448402974058,4.530612244897959
0.19496769678653425,-0.8979591836734694,-5.562163737822961,0.5875246910244094,0.40724108309292206,0.45355960792494504,0.5231633380318218,0.9064973558636225,0.019510929166214684,1.4887018906144112,0.628336086401915,4.530612244897959
0.19469608405896932,-0.7346938775510204,-4.945364948690808,0.5803643866883914,0.40227793833046044,0.4591726706867136,0.5254933292903926,0.8953114263667366,0.01677214059773473,1.5065957864926094,0.6205825909092062,4.530612244897959
0.1942947916802759,-0.5714285714285714,-4.331499451598384,0.5724320018293896,0.3967796281303271,0.4654700581231757,0.5282266703460412,0.8829581145255632,0.013759932984084022,1.5267498821461962,0.6120199276359193,4.530612244897959
0.1937606438125585,-0.40816326530612246,-3.7208414604562865,0.5636582659670148,0.39069813785434415,0.47245810005360844,0.5313829193313901,0.8693265710307876,0.010410007736292326,1.5491640336859558,0.6025712616958345,4.530612244897959
0.19308677294079696,-0.24489795918367346,-3.1137207094789394,0.5539597712585178,0.3839756535914738,0.4801481713887424,0.534989529056616,0.8542857590168835,0.006644327536057637,1.573907352228059,0.5921457652550655,4.530612244897959
0.1922624553924388,-0.08163265306122448,-2.5105325703487615,0.543237232043948,0.37654335576645126,0.48855465021289063,0.5390814443638474,0.8376821569635342,0.0023668656955282198,1.6015307110744703,0.5806370253046462,4.530612244897959
0.19127276841184698,0.08163265306122448,-1.9117512273642112,0.5313735779907893,0.3683200974083658,0.4976922266203563,0.5437004763931989,0.8193390445942268,0.0025417433238736687,1.631623030119632,0.5679225486831667,4.530612244897959
0.1900980969591469,0.24489795918367346,-1.3179466053664481,0.5182321465754902,0.35921115127432923,0.5075721095109851,0.548894046574633,0.799049407211315,0.008230937429798723,1.6641550573054635,0.5538588437366183,4.530612244897959
0.18871353578467728,0.40816326530612246,-0.7298059053100827,0.5036554870022756,0.3491073807891738,0.5181965057166199,0.554712652625494,0.7765725668199468,0.014888613630748138,1.6996582481354237,0.5382790851914456,4.530612244897959
0.18708827500679812,0.5714285714285714,-0.1481607176574213,0.4874657122475643,0.3378854840640446,0.5295505178544752,0.5612050187535743,0.7516412061103543,0.022751324475664504,1.73779617978638,0.5209979828080682,4.530612244897959
0.185185140070105,0.7346938775510204,0.4259793348305705,0.46946802721377656,0.3254104394262691,0.5415903464682831,0.5684093010082402,0.72396670595047,0.032116120472551815,1.7782988915244722,0.5018154810488391,4.530612244897959
0.18296059967127026,0.8979591836734694,0.9913858050067902,0.4494601059520815,0.31154200521485964,0.5542264723538455,0.5763379041884464,0.6932540887568215,0.043353151122181674,1.8205989425668405,0.48052711703344464,4.530612244897959
0.18036577745318347,1.0612244897959184,1.5465638336796104,0.4272513873295689,0.2961480945178159,0.5676814691174626,0.5849525348680447,0.6592313773740441,0.05691669877720886,1.8640244036050735,0.45694437056346837,4.530612244897959
0.17734930198565432,1.2244897959183674,2.0897002809504652,0.40269778469746154,0.2791288340807814,0.5822372051636177,0.5941255267380217,0.6217008456347561,0.07334975914631614,1.9075731329748575,0.43093018830346486,4.530612244897959
0.17386312550092864,1.3877551020408163,2.61861421120718,0.3757576450855997,0.2604553522649278,0.5967656129045493,0.6035844612683345,0.580619559017411,0.09327329944434226,1.9498640355858494,0.4024548103108767,4.530612244897959
0.16987248147547723,1.5510204081632653,3.130723219280535,0.34657144660121997,0.2402250210742174,0.6107021478942027,0.612842165847838,0.5362107325856349,0.11734637543857611,1.9902608640033048,0.37167295747771556,4.530612244897959
0.16537040616708362,1.7142857142857142,3.6230486274335734,0.31555637675150194,0.2187270128530152,0.6232782100147879,0.6211268809205963,0.4890909784144215,0.14617996187468676,2.025949258131082,0.33901203272526104,4.530612244897959
0.1603950193158193,1.8775510204081634,4.09229215646804,0.2834840339402551,0.19649615885944782,0.6335399369567775,0.6273494839756627,0.44036864054053915,0.1801920702268836,2.0518738315451133,0.3052402815976909,4.530612244897959
0.1550438974875933,2.0408163265306123,4.535018672840524,0.25148080492666613,0.17431321089986418,0.6404409689595351,0.6301679449806504,0.39163550451444307,0.2194140022792977,2.0636723102075347,0.2714610457613582,4.530612244897959
0.14947626238510425,2.204081632653061,4.947961657271511,0.22088339443990712,0.15310470208853233,0.6430243608921252,0.6282062029052545,0.344772822935715,0.26330107485407606,2.0580813435259766,0.23897831015158344,4.530612244897959
0.1438948780255037,2.36734693877551,5.328421500867221,0.19293920585774682,0.1337352665597722,0.6406603910712362,0.6204190298261129,0.3015665229116542,0.31064557968071327,2.033432836997312,0.20902998510747883,4.530612244897959
0.13850901478492292,2.5306122448979593,5.674664300809092,0.16846410976162973,0.11677042270681492,0.6332471590939455,0.606473250806759,0.26326802156785023,0.35968557503621973,1.9896458880164865,0.18248348688134985,4.530612244897959
0.13349295592775293,2.693877551020408,5.986192457250565,0.1476548557605981,0.10234654696644374,0.6212666150575865,0.5869373980722293,0.23033201715530227,0.4084153736158562,1.9289343330244566,0.15965398828388278,4.530612244897959
0.12895898668951444,2.857142857142857,6.263790099943986,0.13017095398532685,0.09022762974572762,0.6056576774505367,0.5631510317448291,0.20247559740501853,0.4549797685774094,1.8555040762643946,0.1403453894734783,4.530612244897959
0.12495381587987708,3.020408163265306,6.509337939948294,0.11540179083779156,0.07999042595078376,0.5875735307734884,0.5368444564310244,0.17891670846601793,0.49798341965447646,1.7749270428375632,0.12401561202828537,4.530612244897959
0.12147272265605491,3.183673469387755,6.725481207764437,0.10273005767415588,0.07120704983560189,0.568140120104999,0.5097160165464296,0.15873385738207757,0.536614860792639,1.6914887896250812,0.1100259257037921,4.530612244897959
0.11847936077010553,3.3469387755102042,6.91526530371234,0.09167330343864233,0.06354309181111106,0.5482981456198888,0.48314160444075005,0.1411960907835228,0.570598404851053,1.6084887426309182,0.09786967223268439,4.530612244897959
0.11592247345985021,3.510204081632653,7.081826052483341,0.08190662677915839,0.05677334742114959,0.5287436394318382,0.45806572433982506,0.12579626881395845,0.600053408142055,1.5285951923351477,0.08719532905335559,4.530612244897959
0.11374677720099147,3.673469387755102,7.228172067254046,0.07322523212387777,0.05075586319251335,0.5103932509952348,0.43502784396153765,0.11219695529273155,0.6253386077058944,1.4542229894309053,0.07776900322856717,4.530612244897959
0.11189890095714836,3.836734693877551,7.35705777985305,0.06549652198644518,0.04539872955138713,0.49421378473823896,0.41425266813063893,0.1001658833975747,0.6469252142428066,1.3865378880344785,0.06942969966532431,4.530612244897959
0.11033015945363608,4.0,7.4709269222876875,0.05862407314053053,0.040635111010298486,0.47881686561262293,0.3957511490826885,0.08952703285454788,0.665310900738881,1.3242337091875886,0.062055410407027,4.530612244897959
0.10428495451924706,-4.0,-17.761246566064756,0.5916456202206302,0.41009749354657,0.5516105839820763,0.6272661304859902,0.9654043593168988,0.10039245209348868,1.805831395653257,0.6691673097607889,4.775510204081633
0.12939413197745528,-3.836734693877551,-17.055235648983782,0.6091171970384694,0.4222078677577914,0.5299747604727436,0.605349209881733,0.9812383247903003,0.08297829994556949,1.734846383625372,0.6801425782857602,4.775510204081633
0.14857482209789188,-3.673469387755102,-16.368326689996167,0.621224520191427,0.43060002466539227,0.5059693189844133,0.5823067288695274,0.9898795483310772,0.06986006837565403,1.657332208115125,0.6861322180196376,4.775510204081633
0.16231060340301448,-3.510204081632653,-15.695218525128436,0.6294460040856622,0.43629872304670037,0.48409803536529256,0.5625943172459503,0.994551554233793,0.06042749752223209,1.5865444601755399,0.6893706057386648,4.775510204081633
0.17196413532152682,-3.3469387755102042,-15.031849642015365,0.6349865032658446,0.4401391044323384,0.46595392254137996,0.5472569141318611,0.9970585340702649,0.05364223755222521,1.5268120051512821,0.6911083117440362,4.775510204081633
0.17878812523452542,-3.183673469387755,-14.37544323439807,0.6386183040974829,0.4426564769391439,0.45158221829295236,0.5357938570472787,0.9982116126637872,0.04862940879214343,1.4791812776910829,0.691907564920101,4.775510204081633
0.18368973069529906,-3.020408163265306,-13.72417746483207,0.6408245623801387,0.4441857386473538,0.440491175034108,0.5273591852578037,0.9983549527545112,0.0447800479796979,1.4432872050790744,0.6920069206998472,4.775510204081633
0.1872755891018792,-2.857142857142857,-13.076865774202762,0.6419176278178313,0.4449433938736578,0.4321058516486774,0.5211970231005683,0.9976433930717916,0.041695411668464445,1.4160735191232594,0.6915137051119693,4.775510204081633
0.1899430206293715,-2.693877551020408,-12.43273130556558,0.6421063517484398,0.4450742073340639,0.42592042836470057,0.5167307892297224,0.9961563627711709,0.03911673739753278,1.3957651047505764,0.6904829742516863,4.775510204081633
0.1919530136896614,-2.5306122448979593,-11.791262488679275,0.641533538411974,0.4446771633849049,0.4215298329069688,0.5135445217475696,0.9939405033360589,0.03687355001194168,1.381289132217627,0.6889470575317218,4.775510204081633
0.19347966364647814,-2.36734693877551,-11.152123118593739,0.6402972470062296,0.44382023148266314,0.41862133295454873,0.5113433600592693,0.9910243776577903,0.03485040527316903,1.3715936275239795,0.6869257532396711,4.775510204081633
0.19464083563579998,-2.204081632653061,-10.515096405416749,0.6384643834441568,0.44254978727226146,0.4169571874732738,0.5099192529792085,0.9874244652291142,0.032966256431800664,1.3662097838176737,0.6844304840894719,4.775510204081633
0.19551780292997675,-2.0408163265306123,-9.88004984646586,0.6360789595582732,0.44089633743132084,0.4163576548350243,0.5091251314541433,0.9831469984589103,0.031161693855529516,1.3648228495767452,0.6814655700577665,4.775510204081633
0.19616739969761662,-1.8775510204081634,-9.246912959304165,0.6331676690994938,0.43887838465802687,0.4166873148756101,0.508857026081703,0.9781889119191631,0.029390892397934576,1.366784143151335,0.6780288863517687,4.775510204081633
0.19662978348676494,-1.7142857142857142,-8.615663121978928,0.6297435092487551,0.43650493791170075,0.4178446194388485,0.5090418377827055,0.9725381945616163,0.027616383206938266,1.3714752426807808,0.6741121075472436,4.775510204081633
0.1969334499849512,-1.5510204081632653,-7.9863166762663855,0.6258081579890962,0.433777160281555,0.4197541205614136,0.5096290272324548,0.9661739603447663,0.025805500287431626,1.378554272511222,0.6697007565434108,4.775510204081633
0.19709849930255868,-1.3877551020408163,-7.3589235825351835,0.6213534652340313,0.43068940255812094,0.4225994726239024,0.5105849980380068,0.9590662805893557,0.023927820813031374,1.3878615995202632,0.6647740883606246,4.775510204081633
0.1971388003347912,-1.2244897959183674,-6.733564596660469,0.6163622879819166,0.42722978211814255,0.4263335057323889,0.5118892886047337,0.9511757638013356,0.021953167335169544,1.3994370848245397,0.6593047988958478,4.775510204081633
0.19706341406603883,-1.0612244897959184,-6.110350361336882,0.6108088192099035,0.4233804108964938,0.43069377748192217,0.5135320242295631,0.9424528724165664,0.019849892026580516,1.413147621196544,0.6532585513261648,4.775510204081633
0.19687751724648278,-0.8979591836734694,-5.489422076690016,0.6046584992324586,0.41911733394458683,0.4356706116598428,0.5155122442756209,0.9328369537423931,0.017583242935928344,1.4288614184553292,0.6465933044086674,4.775510204081633
0.1965829745628424,-0.7346938775510204,-4.870953602830445,0.5978675516088376,0.4144102077459435,0.4412626664650082,0.5178368511713248,0.9222549475445514,0.0151136537572649,1.4465694964236415,0.6392584166479653,4.775510204081633
0.19617864803474214,-0.5714285714285714,-4.255154988673229,0.5903821680948598,0.4092217352678198,0.4474756820302913,0.5205200067844118,0.9106197477440996,0.012394813873774103,1.466336313488033,0.6311935107110305,4.775510204081633
0.1956605001535066,-0.40816326530612246,-3.6422775412565445,0.5821373468479822,0.4035068606663257,0.4543213537618432,0.5235828427120145,0.8978282004484721,0.009371372111952447,1.4881480692461055,0.6223270857680667,4.775510204081633
0.19502152157205743,-0.24489795918367346,-3.0326206640876316,0.5730553876594802,0.3972117262608552,0.4618161722316234,0.527053367973678,0.8837587668557467,0.005976110626926712,1.5121675604400793,0.6125748975411947,4.775510204081633
0.19425150119668827,-0.08163265306122448,-2.4265408129976,0.5630440580710778,0.3902724013829977,0.46998003999562277,0.5309664430687584,0.8682690201514984,0.0021263969938807303,1.538779979407898,0.6018382232855579,4.775510204081633
0.19333664748119767,0.08163265306122448,-1.824463051153331,0.5519944852398337,0.38261342112862917,0.4788344168499774,0.5353636413149722,0.8511941686483318,0.002280312722274602,1.5677027976718305,0.5900028381076581,4.775510204081633
0.19225906979065707,0.24489795918367346,-1.226895834219549,0.5397789129037545,0.37414623160494975,0.4883996502507156,0.5402927183817048,0.8323401696911685,0.007372181760631147,1.5989540111187637,0.5769342418882193,4.775510204081633
0.1909961388232898,0.40816326530612246,-0.6344498168803476,0.5262486268627877,0.36476775198348377,0.4986910058526417,0.5458062341023504,0.8114793244604361,0.013310189528163496,1.6329861348082566,0.5624746058324401,4.775510204081633
0.18951977283697136,0.5714285714285714,-0.047861621097515024,0.5112326473334439,0.3543594681093729,0.5097127156401096,0.5519585765204732,0.7883534388038682,0.020297057119867002,1.669538461258413,0.5464449633916386,4.775510204081633
0.1877957532820472,0.7346938775510204,0.5319764103151883,0.49453829109920155,0.3427878221543448,0.5214491090541442,0.558800174102819,0.7626747360329014,0.028587974389954106,1.7086854727174958,0.5286458429655054,4.775510204081633
0.1857832773542801,0.8979591836734694,1.1039795514674247,0.47595552100347893,0.3299072274555013,0.5338516200538419,0.5663669967540652,0.7341332758759243,0.03850277053493636,1.749952499803663,0.508862410328633,4.775510204081633
0.18343512875405588,1.0612244897959184,1.6668267113659672,0.4552682119826308,0.31556787753432824,0.5468202846330408,0.5746625408809967,0.7024146527100075,0.05043824117322719,1.7928683249174853,0.48687673610993487,4.775510204081633
0.18069910932756,1.2244897959183674,2.2189100518988703,0.43227702341009033,0.2996315999975496,0.561076026445226,0.5836285582780032,0.6672345219754692,0.06487756461219796,1.8367242822347762,0.4624917276795597,4.775510204081633
0.17752170461228883,1.3877551020408163,2.7582819213737007,0.4068399899713424,0.28199999198767256,0.575837639732444,0.5931004969174992,0.6283982310036307,0.08239069798169343,1.8803335051062267,0.4355724620890231,4.775510204081633
0.17385522904506887,1.5510204081632653,3.2826079213992414,0.37893671436671506,0.262658915173938,0.590452700191312,0.6027456225416011,0.5858926192769207,0.10361519654606033,1.922632654765897,0.4061098171626787,4.775510204081633
0.1696695619713117,1.7142857142857142,3.7891429772728076,0.34875689617202976,0.24173985928247999,0.6043047803633953,0.611989130685425,0.5400088252599362,0.12920205993572614,1.9628057536089822,0.37430559470641267,4.775510204081633
0.16496839685609083,1.8775510204081634,4.274757564119467,0.31679905606003,0.21958837251206176,0.6165724371142323,0.6199498616327909,0.4914741406085952,0.15970977422762647,1.9967037964412107,0.3406639148809689,4.775510204081633
0.159807006743461,2.0408163265306123,4.736049476728139,0.2839384681013821,0.19681114861698346,0.6262670481035535,0.6254320492486116,0.4415367453304917,0.1954396055003266,2.019677331468257,0.3060499501394447,4.775510204081633
0.15430423334762317,2.204081632653061,5.169572855776715,0.2513958109426673,0.17425429755949073,0.6323527021751185,0.6270384108700455,0.39191689510078964,0.23623547150234475,2.0276925457548747,0.27165609085291953,4.775510204081633
0.14863869162038262,2.36734693877551,5.572187696083626,0.22054536857453844,0.1528704004129955,0.6339511874670589,0.6234483368713531,0.34455432427699595,0.281319617228116,2.0182486650815794,0.23882685842233675,4.775510204081633
0.14302312385445265,2.5306122448979593,5.941476630978875,0.19258324478895084,0.13348853314854714,0.6305784902895485,0.6138132462034934,0.30118254664871325,0.32926859892323146,1.9897031149808235,0.2087638330434194,4.775510204081633
0.13766295332935832,2.693877551020408,6.276115919923702,0.16820432219459125,0.11659035168717757,0.6223075093813472,0.5980977522296256,0.26290788560909384,0.3782003888626716,1.942677046330224,0.18223385965691996,4.775510204081633
0.13271700408498716,2.857142857142857,6.576072866443767,0.14748131878891213,0.10222626030379711,0.6097644715408602,0.5771637683278718,0.23002295727167832,0.42613204654260467,1.8801155623923724,0.15943976429692475,4.775510204081633
0.12827770340390354,3.020408163265306,6.842561307041224,0.13000738669146727,0.0901142535371573,0.5939565273551737,0.5525333019856057,0.2021400913757052,0.4713585355659232,1.8065408860459147,0.1401128344151994,4.775510204081633
0.12437452502653797,3.183673469387755,7.0777874841955475,0.11517335841648402,0.07983208866200564,0.5760225085898851,0.5259669314837782,0.17846162373658592,0.5126980637357904,1.7276154511048607,0.12370017133116384,4.775510204081633
0.12099138490040148,3.3469387755102042,7.284590826779332,0.10240025215604298,0.07097844607058867,0.5570179008286582,0.4990732355478076,0.15812278973682004,0.5495463758359437,1.6464700812920365,0.1096023658883496,4.775510204081633
0.1180861456963882,3.510204081632653,7.466090173894083,0.09124587666552753,0.06324682214843103,0.5377925858150993,0.47308275110626863,0.14044677240941006,0.5817857807412652,1.5665429975119272,0.09735028431432591,4.775510204081633
0.11560553834278346,3.673469387755102,7.625404721281251,0.0814099532295236,0.05642907955056109,0.5189579716936625,0.44879402262164947,0.12495604999928434,0.6096334392611182,1.4903297149769201,0.08661293375091095,4.775510204081633
0.11349432862550683,3.836734693877551,7.765470483619021,0.07269535990066833,0.05038858375493871,0.5019969682024714,0.42662925402796664,0.11131990966953742,0.633494792477257,1.4197294684656374,0.07716108152762757,4.775510204081633
0.11170013360340122,4.0,7.8889414565950124,0.06496606840342034,0.04503104714589523,0.4864093013293014,0.40673209597599974,0.09929873285615853,0.6538524817997763,1.355456713173777,0.06882863671242134,4.775510204081633
0.137553536735888,-4.0,-17.621994394248883,0.6300735453477295,0.43673370150318713,0.5085203220509789,0.5935743209620454,1.0122714588341206,0.07582234858948025,1.665502475535415,0.7016531076521737,5.020408163265306
0.15528557087744205,-3.836734693877551,-16.939562098542897,0.6409553328824944,0.4442763818523623,0.4832791651822642,0.5698851410932899,1.018856122412616,0.06373424570708759,1.5845242649210363,0.7062172486465426,5.020408163265306
0.16768509116566094,-3.673469387755102,-16.269520945078614,0.6481772914389055,0.449282262063859,0.46146119696318805,0.5507092936283084,1.0221242963554142,0.0552522516002365,1.5135468498167053,0.7084825742005729,5.020408163265306
0.17629534132862282,-3.510204081632653,-15.608084579279286,0.652974930229576,0.45260773186495684,0.4438904363880845,0.536248091509296,1.0237161984375436,0.049230305504190094,1.4556795068509625,0.7095859966405285,5.020408163265306
0.18235396462399442,-3.3469387755102042,-14.952756275277379,0.6560809742418061,0.45476067751473015,0.4302039718810983,0.525624444154165,1.024285800870389,0.044809563297331254,1.410686901317177,0.7099808149608942,5.020408163265306
0.1867041137770487,-3.183673469387755,-14.3019288225234,0.6579381341360762,0.45604796265929237,0.41973873610923007,0.517878870163656,1.0240829073528466,0.041424589206307275,1.3766494759253893,0.7098401798912573,5.020408163265306
0.18989340251557643,-3.020408163265306,-13.654564870676547,0.6588261627398793,0.45666349718227495,0.41186250402060465,0.5122447633543736,1.0232077281505174,0.03871578256474084,1.3509738077831697,0.7092335518946782,5.020408163265306
0.192274689445278,-2.857142857142857,-13.00998740458023,0.6589300263483975,0.45673548994968205,0.4060595787771767,0.5081662069792675,1.0217080048164813,0.03645354102817104,1.3318577986252302,0.7081940228940713,5.020408163265306
0.19407809436773707,-2.693877551020408,-12.367750315413918,0.658375149406095,0.45635087856156775,0.40193213262226457,0.505252438943803,1.0196107134623449,0.03448804152451894,1.3181763997167697,0.7067402913051382,5.020408163265306
0.19545639810878956,-2.5306122448979593,-11.727559282914912,0.6572475586659565,0.4555692922192154,0.39917949570870903,0.5032306213295847,1.0169323577048952,0.03271847029958415,1.3089489002054475,0.7048837965633266,5.020408163265306
0.19651306715369826,-2.36734693877551,-11.08922299760185,0.6556059336195146,0.45443140444673724,0.39757578973101826,0.5019096409315373,1.0136819659040532,0.031074455307431182,1.3037640971979259,0.702630796650856,5.020408163265306
0.1973194866157166,-2.204081632653061,-10.452622644219499,0.6534891974022603,0.45296419470575855,0.3969514294709137,0.5011548755359183,1.0098619037909313,0.029504758577050573,1.3022036541389697,0.6999829313675816,5.020408163265306
0.19792572352199772,-2.0408163265306123,-9.81769254370132,0.6509214032274353,0.4511843354132201,0.39717905191375735,0.500871117559487,1.005468002518747,0.02797022110129017,1.3036096233932646,0.6969373110891097,5.020408163265306
0.19836729565749814,-1.8775510204081634,-9.18440777863611,0.6479149950606504,0.4491004520688009,0.39816318743441415,0.5009911636673319,1.0004895828816802,0.026439233778969284,1.3075092259509218,0.6934865335540321,5.020408163265306
0.19866959561256398,-1.7142857142857142,-8.552776323373159,0.6444728843796859,0.4467145627551148,0.3998327344480919,0.5014681035869823,0.9949092648222746,0.02488469772014055,1.3135735557386377,0.6896185518245272,5.020408163265306
0.19885072402685963,-1.5510204081632653,-7.922834189647744,0.6405898264834886,0.4440230321224148,0.40231893658731693,0.5022701767166736,0.9887027789581277,0.023281879386232874,1.3216507598706753,0.6853165436466084,5.020408163265306
0.19892340675189152,-1.3877551020408163,-7.2946426873318355,0.6362532032957411,0.44101711398667676,0.4056256606894225,0.5033772602084343,0.9818385766002016,0.021606778982263885,1.3317895511365145,0.6805586411354199,5.020408163265306
0.198896262370512,-1.2244897959183674,-6.668287260195392,0.6314433725286785,0.4376831933515162,0.40949643680858455,0.5047785208442072,0.9742772592015592,0.019834783948066502,1.3438031007453959,0.6753175352992322,5.020408163265306
0.1987746396125974,-1.0612244897959184,-6.043877585965527,0.6261336860307019,0.4340027991257871,0.41392071339135245,0.5064708592177641,0.9659708225613506,0.017939436943455143,1.3576207539436427,0.6695599521615705,5.020408163265306
0.19856112093860073,-0.8979591836734694,-5.4215487845397075,0.6202902500330656,0.42995243793924254,0.41889577107553,0.5084579386237928,0.956861743497877,0.015891199890565866,1.3732195853099323,0.6632460196912264,5.020408163265306
0.19825587215838508,-0.7346938775510204,-4.801463691110103,0.6138712915977709,0.42550315499768643,0.42442569980497274,0.5107495958422479,0.9468816130089803,0.013656104823104176,1.390625841052498,0.6563283203812276,5.020408163265306
0.1978567645867461,-0.5714285714285714,-4.183816242704038,0.6068263272854035,0.4206199578474237,0.4305205707271965,0.5133615904036546,0.9359496047976132,0.011194190568386353,1.4098851315612158,0.6487508297116595,5.020408163265306
0.1973593756122877,-0.40816326530612246,-3.5688361108359024,0.5990949956435738,0.41526100711791547,0.4371957094644792,0.5163155745822712,0.9239705406276584,0.00845761231010247,1.4310169457871118,0.6404475751565091,5.020408163265306
0.19675685803744455,-0.24489795918367346,-2.956794799385235,0.5906055741411782,0.40937658853894576,0.44447095263894415,0.5196392251218391,0.9108326115809651,0.005388293411977196,1.4542271763384258,0.6313410566793971,5.020408163265306
0.19603968483002834,-0.08163265306122448,-2.3480135231297323,0.581273162185123,0.40290785350378155,0.45236975102095855,0.5233664549647661,0.89640484673293,0.0019149610061720557,1.4797664593157231,0.6213404921532,5.020408163265306
0.19519526851371788,0.08163265306122448,-1.742873294647045,0.5709975354536305,0.39578533180636133,0.46091793704545203,0.5275375888696088,0.8805352216771323,0.0020506284637222816,1.5074637012151386,0.6103405062892304,5.020408163265306
0.19420745272515993,0.24489795918367346,-1.141827779454499,0.559660727699983,0.38792725547537077,0.4701419007910895,0.5321993160493512,0.8630441833172049,0.006618506392290668,1.5373649122431565,0.5982166423649806,5.020408163265306
0.19305587846093047,0.40816326530612246,-0.5454196306389466,0.5471245005048235,0.37923780494018655,0.4800658061264722,0.5374041058152418,0.8437197841388211,0.011926617168458286,1.5698483306657829,0.5848219895584701,5.020408163265306
0.19171524449679028,0.5714285714285714,0.04569882577952419,0.5332280580319981,0.36960552502033406,0.4907073164010839,0.5432085562352114,0.8223182980874086,0.01814852092093593,1.6048626107044537,0.5699876098421397,5.020408163265306
0.19015451872397832,0.7346938775510204,0.6307395465368962,0.5177867159023561,0.35890240225911185,0.5020710780979394,0.549669794861323,0.7985622668819059,0.025502872796791753,1.6422876598385818,0.5535211837907514,5.020408163265306
0.18833622922407345,0.8979591836734694,1.2087463191236911,0.500592832163123,0.3469845102223863,0.5141389376521901,0.5568385070179046,0.7721426931476185,0.03426464129819011,1.6821698390369997,0.5352085307452348,5.020408163265306
0.18621609183598728,1.0612244897959184,1.7785550608053233,0.48142126572483157,0.33369579299876717,0.5268555917000601,0.5647463850937207,0.7427281241616961,0.04477746051590133,1.724040175661697,0.5148199051852567,5.020408163265306
0.1837434391625528,1.2244897959183674,2.3387467695455295,0.460043022984161,0.3188775243177455,0.54034990579967,0.5733848110604476,0.7099858351572004,0.05746533773993852,1.767422062729888,0.4921246798767114,5.020408163265306
0.18086321686010703,1.3877551020408163,2.8875947988059285,0.43625246607580204,0.3023871668727651,0.5550671847348386,0.5826707125865835,0.6736226441798796,0.07283977034892286,1.8115121049902907,0.4669196365746191,5.020408163265306
0.17752066296980987,1.5510204081632653,3.4230116733260987,0.4099147702741086,0.28413126728537574,0.5699795733318112,0.5923957209603741,0.6334541764473909,0.09149478688182056,1.8550029736818234,0.43907697641843013,5.020408163265306
0.17366999377905928,1.7142857142857142,3.942506849514385,0.3810392159898286,0.2641162582461216,0.5846162396011223,0.6021581436980621,0.589508929456183,0.11407763349301647,1.897359072153015,0.40861645236746424,5.020408163265306
0.1692880216609964,1.8775510204081634,4.443176019682771,0.34987637621817225,0.2425158237201568,0.5983078649476369,0.6112873922034293,0.5421621562258734,0.1412185469533047,1.9366496663866875,0.3757981699942645,5.020408163265306
0.1643918811763652,2.0408163265306123,4.92175306700404,0.31701829064563736,0.21974033434695683,0.610183947605091,0.6187905293248693,0.4922687085606179,0.1734044736296541,1.9684498784842843,0.34121466741667694,5.020408163265306
0.1590564179682979,2.204081632653061,5.374761372365716,0.2834504839476981,0.19647290377669946,0.6192324326142458,0.6233765970877349,0.4412263495455595,0.210797788229636,1.9882354040477725,0.3058348001762612,5.020408163265306
0.1534224037306765,2.36734693877551,5.798789958955382,0.250481634099323,0.17362063845799347,0.6244466485100808,0.6236244842091898,0.39087740937024185,0.2530390094919329,1.9927076417154006,0.2709355742495587,5.020408163265306
0.14768565253612825,2.5306122448979593,6.190880214775263,0.21950319135176244,0.1521480182093844,0.6250472117374645,0.6183154488013647,0.34319558309394127,0.29912059079907094,1.979203250444195,0.2378850508021917,5.020408163265306
0.1420642333120909,2.693877551020408,6.548945765424758,0.19163609183715602,0.1328320167504513,0.620705787661091,0.6068376785913223,0.2998311867705139,0.347433914165772,1.9468857599448068,0.2078271417539237,5.020408163265306
0.13675476301996609,2.857142857142857,6.872097796212858,0.16744282435782853,0.11606252160862307,0.6116610948812626,0.5894612261370584,0.26172738998093825,0.39602711414599046,1.897041555692648,0.18141560244059995,5.020408163265306
0.13189768043973998,3.020408163265306,7.1607597288351,0.14687789933095985,0.10180800180782223,0.5986582847149724,0.5673086881714056,0.22901737687050616,0.4429881157803937,1.8331203173860366,0.158742749077025,5.020408163265306
0.12756535766597166,3.183673469387755,7.416537702571371,0.1294804417973019,0.08974900316945589,0.5827439377047817,0.5420305353849242,0.2012223369249071,0.48678763512796247,1.7601755855801886,0.1394766955051825,5.020408163265306
0.12377154760933906,3.3469387755102042,7.641912687669265,0.11464928676551489,0.07946882987472526,0.5650229839353176,0.5153708123317532,0.17753940579078398,0.5264554592440746,1.6827438352395183,0.12306093856216949,5.020408163265306
0.12049063936362443,3.510204081632653,7.839869794962513,0.10184207225109221,0.07059154524322642,0.5464744709700333,0.48882469348835933,0.157155751413931,0.561574365987916,1.6040424744028676,0.10893206600134597,5.020408163265306
0.11767609414449591,3.673469387755102,8.013564427641938,0.09065155064892982,0.06283486674569261,0.5278617437109117,0.4634757309807881,0.1394403427361186,0.5921593824325104,1.5270587631522885,0.09665268042385255,5.020408163265306
0.11527345731552296,3.836734693877551,8.166076198291234,0.0807977958369901,0.05600476437986779,0.5097204293886627,0.439987384124717,0.12393988060869132,0.6185039554223171,1.454467102724169,0.08590857880285041,5.020408163265306
0.11322797275520788,4.0,8.300257398159145,0.07208983232436506,0.049968864022672754,0.4940369250222249,0.41867898603927467,0.11032915319348113,0.6410456183233085,1.3876266188827602,0.07647434146962784,5.020408163265306
0.16171481190295875,-4.0,-17.516937039582206,0.6589966652327091,0.4567816805044582,0.4604723693467277,0.557161977190408,1.0447862636810545,0.057905603033231626,1.5115791728379802,0.7241906529582822,5.26530612244898
0.17272472449207835,-3.836734693877551,-16.849801857743888,0.6651793890139417,0.4610672180616009,0.4392434329963022,0.5389964804022844,1.046755109707457,0.05040561088548971,1.4423486125488578,0.7255553530304395,5.26530612244898
0.18030706881852415,-3.673469387755102,-16.190171176900574,0.6692412637404006,0.4638826950760333,0.42255372375215705,0.5256413786708674,1.0475410368708,0.0451281409196693,1.3872581052373822,0.726100116227836,5.26530612244898
0.18563210597128754,-3.510204081632653,-15.535848732306253,0.6718401382843417,0.46568409763879504,0.40972365958252466,0.5159602258006318,1.0476116285311847,0.041265566865171535,1.3454250669660768,0.726149046638203,5.26530612244898
0.18946234321899819,-3.3469387755102042,-14.885440733925435,0.6733629594404125,0.46673963682962216,0.39998180471953615,0.5089477123327242,1.0471170074821976,0.03830867784076297,1.3136354492867415,0.7258062014526518,5.26530612244898
0.19228045028723054,-3.183673469387755,-14.238052711644428,0.6740527049187048,0.4672177319632056,0.39267474514355183,0.5038609490340467,1.046107262648,0.03594071924620157,1.2897048783948155,0.7251062996677424,5.26530612244898
0.19439475409210966,-3.020408163265306,-13.593101471768788,0.6740684248326638,0.4672286281772442,0.3872959582864849,0.5001799240673928,1.0446011480579194,0.03396166214513026,1.2720319420662292,0.7240623405860291,5.26530612244898
0.19600413569108635,-2.857142857142857,-12.950201986254893,0.6735191168341825,0.46684787688683804,0.3834651006174651,0.4975469643630336,1.0426106041462444,0.03224177074253607,1.259277673198414,0.7226826006858702,5.26530612244898
0.19724302853675785,-2.693877551020408,-12.309099142153864,0.6724763374156573,0.46612507727294106,0.3808991132285059,0.49571304430617696,1.0401379747334238,0.030694143153141628,1.250590990564519,0.720968704579803,5.26530612244898
0.19820082282641832,-2.5306122448979593,-11.669625901895541,0.6709912529831357,0.4650956951856451,0.3793867480116171,0.49450584502562844,1.037186821152852,0.029257968033159852,1.2457092903320435,0.7189231207960316,5.26530612244898
0.19893861257547737,-2.36734693877551,-11.031677161464465,0.6690987413662803,0.46378390609424547,0.37877060766778003,0.49380470614250066,1.0337578727447831,0.02788956903084805,1.244103234562196,0.7165463548746929,5.26530612244898
0.19950067576772862,-2.204081632653061,-10.395193135066844,0.6668193485406584,0.462203951383777,0.378932351248093,0.4935232448065447,1.0298447965546367,0.026555519019360773,1.2451012783604158,0.7138340171461768,5.26530612244898
0.19991806027273548,-2.0408163265306123,-9.760148677411152,0.6641645561209599,0.46036378950309076,0.37978328480099366,0.49360062626420814,1.0254377992508927,0.025229120347628985,1.2483773696772038,0.7107793193903511,5.26530612244898
0.20021329468404664,-1.8775510204081634,-9.126546422919164,0.6611376777729085,0.4582657173102411,0.3812571638033246,0.4939938949856467,1.0205218688607842,0.02388781148333443,1.2536147164919447,0.7073718561006186,5.26530612244898
0.2004024751880078,-1.7142857142857142,-8.49441246780556,0.6577354350761508,0.4559074623774031,0.3834596452117829,0.4946736140887877,1.0150770280478203,0.022511309232081354,1.260695896291182,0.7035977800425153,5.26530612244898
0.20049711233170303,-1.5510204081632653,-7.8637938210644425,0.6539484633999608,0.4532825336371913,0.38640237527307353,0.4956205625462772,1.0090776743255492,0.021080304111207204,1.2696163337297213,0.6994393449247416,5.26530612244898
0.20050520252985277,-1.3877551020408163,-7.234757154290755,0.6497617238027091,0.4503805068896176,0.3898526343731181,0.496823627340639,1.002492191626939,0.019575380241417785,1.280179147027823,0.6948746361595726,5.26530612244898
0.20043196978356562,-1.2244897959183674,-6.607388571835234,0.6451545829658873,0.44718708020813236,0.3937992162280798,0.4982783810278292,0.9952823550751115,0.017976069889390555,1.2923700465990131,0.6898771582813752,5.26530612244898
0.20028035253216844,-1.0612244897959184,-5.9817942498441825,0.6401006495364925,0.4436839605008094,0.39823809614934164,0.49998616288929076,0.9874025698017452,0.01625994184642836,1.3061458649756954,0.6844153073357231,5.26530612244898
0.20005130332040974,-0.8979591836734694,-5.358101883105776,0.6345673911709167,0.439848598065401,0.40317152706867504,0.5019535300760376,0.9787989165577442,0.014401638297936347,1.3215113298482737,0.6784517093471294,5.26530612244898
0.19974394279819158,-0.7346938775510204,-4.736462949360326,0.6285155249858989,0.4356537640821292,0.4086073773249849,0.5041919948355397,0.9694079580064145,0.01237179260946708,1.3385175078069536,0.6719423929045192,5.26530612244898
0.19935561033829485,-0.5714285714285714,-4.117055862926048,0.62189815441945,0.4310669523312749,0.41455861306254443,0.5067179726749398,0.959155240015662,0.010135747718292709,1.3571910758620511,0.6648357503361533,5.26530612244898
0.19888179889339677,-0.40816326530612246,-3.5000901510425284,0.6146596595428018,0.4260496100160285,0.42104285904636907,0.5095529166292512,0.9479534971153893,0.007651989374819123,1.3775762116901256,0.6570712938274723,5.26530612244898
0.19831600000415847,-0.24489795918367346,-2.8858118535318757,0.606734285509952,0.4205561593502767,0.42808195489420847,0.5127235807820367,0.9357004966961342,0.004870187960605121,1.3999154877443007,0.6485781611334658,5.26530612244898
0.1976494462876605,-0.08163265306122448,-2.2745104247532075,0.5980444102733311,0.4145327968305945,0.43570141079776475,0.5162623732959002,0.9222765914734112,0.0017287185082617285,1.4243547234521108,0.6392734190762317,5.26530612244898
0.19687074840411167,0.08163265306122448,-1.6665275114629796,0.5884984636334694,0.4079160508313986,0.4439296304494669,0.5202077240662977,0.9075426460055325,0.0018485051218092962,1.4508022951014579,0.6290606263166474,5.26530612244898
0.19596541684169222,0.24489795918367346,-1.0622680953664487,0.5779885027954204,0.40063110110870936,0.4527967127856751,0.5246043459855799,0.8913340819645685,0.005956083863158601,1.4793260987376207,0.6178257058507279,5.26530612244898
0.19491526171535148,0.40816326530612246,-0.46221462690260046,0.5663875101600726,0.3925899057718214,0.4623325577309742,0.5295031783491778,0.8734559337238168,0.010712316127873534,1.510227103931596,0.6054335178040176,5.26530612244898
0.1936976728738007,0.5714285714285714,0.13305506646056722,0.5535466050294575,0.3836892685846982,0.4725638722655674,0.5349606460199998,0.8536818651373133,0.01626577779433831,1.5436232513937178,0.5917271779150841,5.26530612244898
0.19228480602109801,0.7346938775510204,0.7228451548701574,0.5392925962224955,0.37380914256847575,0.48350949057549053,0.5410366097773205,0.831750498631179,0.02280355408167629,1.5793680035599307,0.5765255130555293,5.26530612244898
0.19064274807852497,0.8979591836734694,1.3063134026329066,0.5234267232643321,0.3628117574604024,0.4951731782233676,0.5477899697686132,0.807364182873378,0.03056126510062771,1.6175019431648572,0.5596222070437658,5.26530612244898
0.1887308250187405,1.0612244897959184,1.8824359439444995,0.5057261434026121,0.3505426504349751,0.5075327997658238,0.5552702542085408,0.780192064945703,0.03983470293512781,1.6579552499101948,0.540787930112355,5.26530612244898
0.18650137075548834,1.2244897959183674,2.4499645428051577,0.48595084306231806,0.3368354567593741,0.5205244636398437,0.5635026469262112,0.749881337414521,0.050992164543060214,1.7002965456739176,0.5197781347833956,5.26530612244898
0.18390052132879417,1.3877551020408163,3.0073766736892495,0.4638602440697466,0.32152342035079307,0.5346900857972201,0.5724628768566069,0.7160827891990773,0.0644851058980013,1.7440194159393068,0.49635076638084197,5.26530612244898
0.180870936163676,1.5510204081632653,3.5528210638628277,0.4392456075736395,0.30446185446300866,0.549599089590796,0.5820376802850477,0.6784990688903973,0.0808521483367765,1.7881588512368518,0.47029971661392667,5.26530612244898
0.17735769686428943,1.7142857142857142,4.0840657480103655,0.41198538638458215,0.28556650900437286,0.564610583398587,0.5919674496157391,0.6369648818658686,0.10070744726376768,1.8316425118298274,0.44151041198102536,5.26530612244898
0.17331871894437273,1.8775510204081634,4.598463023268204,0.3821283025064961,0.26487115549453577,0.5792062644675977,0.6017728779705693,0.5915641251368187,0.12469949455204228,1.873962047518114,0.41004100545899647,5.26530612244898
0.16874024580443675,2.0408163265306123,5.092955856443112,0.34999837678746415,0.2426003880707881,0.5926641079548294,0.610680783031102,0.5427736247184152,0.15342330201647078,1.9117804083179526,0.37622200765587044,5.26530612244898
0.1636555854755497,2.204081632653061,5.5641602791445175,0.31629267640834025,0.21923737688419975,0.6040702895373818,0.6175877772485352,0.4915918139965858,0.18727425349291962,1.9410428550521734,0.3407454798580818,5.26530612244898
0.158161016474715,2.36734693877551,6.0085597161059265,0.2821102135533349,0.19554389913165804,0.61240273395263,0.6211251973196175,0.439571474640458,0.2262552652314322,1.9576176999976242,0.30468772830161095,5.26530612244898
0.15241881197588847,2.5306122448979593,6.422826750334537,0.24883604907666568,0.1724800058391669,0.6167033637538578,0.6198850904947486,0.3886636167577535,0.26979308508637856,1.9582767079155599,0.2694010901418684,5.26530612244898
0.1466386102003783,2.693877551020408,6.804237213283049,0.2178543983447132,0.15100516198522107,0.6163089669152427,0.6127966848561054,0.34084559326002095,0.3166623250838991,1.9408921177659215,0.23625616197446497,5.26530612244898
0.14103863054345367,2.857142857142857,7.151076313734605,0.190187814105355,0.13182814712398572,0.6110511033439874,0.599515620887706,0.2976533893132811,0.3651066245431028,1.9050441425766127,0.20631760758661244,5.26530612244898
0.13580220686290123,3.020408163265306,7.4629027638507806,0.16625916177924172,0.11524206922954106,0.6013200279960741,0.5806110255306871,0.2598535020427266,0.4131541316529751,1.8528127865953834,0.18011672229954367,5.26530612244898
0.13104951061177167,3.183673469387755,7.740576404854337,0.14591376251669175,0.10113971309333847,0.5879534538421695,0.5574246709256576,0.2274267714654461,0.459003582547368,1.7880255745333158,0.15764022542512413,5.26530612244898
0.1268335229887529,3.3469387755102042,7.9860530125267815,0.1286492605863261,0.0891728722565337,0.5720122624269146,0.5316831297597526,0.19981812080315464,0.5013164159941439,1.7160388457744042,0.1385033670594935,5.26530612244898
0.12315413273044969,3.510204081632653,8.202038578918259,0.11387817518052756,0.07893433605369427,0.5545532922820469,0.5050756452848073,0.17622860016856423,0.5393248933061583,1.6401991230837236,0.1221523573408656,5.26530612244898
0.11997800068070834,3.673469387755102,8.391620471253718,0.1010930693812715,0.07007237601577954,0.5364771352447169,0.4789690507602441,0.15589309654540706,0.5727769278480296,1.5639703541439673,0.10805686033920736,5.26530612244898
0.11725541528515601,3.836734693877551,8.557959866963579,0.0899172627702649,0.06232589717287684,0.5184664051481634,0.45430330352722487,0.13821990291121145,0.6017970440736845,1.4900815834624173,0.09580673600017509,5.26530612244898
0.11493142333034598,4.0,8.704078962309488,0.08008791897289402,0.05551271523297485,0.501608658281654,0.4316189256446362,0.12277611553590395,0.6267367953875994,1.4207629001854611,0.08510191832381331,5.26530612244898
0.17736882979079902,-4.0,-17.435639491761986,0.6805250872541859,0.4717040455305497,0.4176841133494208,0.5276790698368707,1.0686501137636744,0.045927807697151435,1.373558533304095,0.7407318133603544,5.510204081632653
0.1839728307051482,-3.836734693877551,-16.77764786355214,0.6838972370515046,0.4740414416549872,0.40209730621815276,0.5155711945253604,1.0687743657086402,0.04135303590388828,1.3221288393805284,0.7408179382456881,5.510204081632653
0.18861482913870392,-3.673469387755102,-16.124233340389342,0.6860282771818436,0.4755185661129919,0.39023214805157047,0.5068770521298395,1.0684435467638038,0.03800429870621298,1.2836391279178363,0.7405886320267987,5.510204081632653
0.1919661274795756,-3.510204081632653,-15.474205191688807,0.6872446604630524,0.4763616987548416,0.38126817504864285,0.5006052458667076,1.0677190940856174,0.035435351717718166,1.2543680236896864,0.740086479695464,5.510204081632653
0.19444339698009028,-3.3469387755102042,-14.82680120782448,0.6877526646530687,0.47671382042686417,0.3745600398689077,0.49606201014804324,1.0666101998177706,0.033372799526879125,1.2324042827165727,0.7393178527601671,5.510204081632653
0.19631280533031015,-3.183673469387755,-14.181523902248873,0.6876851088028801,0.47666699427977544,0.36962506674083745,0.4927728998828888,1.0651105960144922,0.031645127264588145,1.216121299482099,0.7382784066119683,5.510204081632653
0.1977455397046825,-3.020408163265306,-13.538043802541194,0.6871332961897818,0.476284506922809,0.36610757363308466,0.49041599683588516,1.0632173887103025,0.030141439034878002,1.2043297434977158,0.7369661353068526,5.510204081632653
0.19885546225492182,-2.857142857142857,-12.896141568961369,0.6861596137415069,0.47560960167902633,0.3637454491330874,0.48877009225934104,1.0609280576805493,0.028787415908520363,1.1962527120533575,0.7353792919582114,5.510204081632653
0.1997570644158207,-2.693877551020408,-12.255671245882231,0.6847606735242642,0.47463993021167306,0.3623475721334052,0.4876552160943106,1.0581685311137563,0.0275340259037804,1.1917606931511628,0.7334665338987589,5.510204081632653
0.20039246977958464,-2.5306122448979593,-11.6165449107634,0.6831039494725086,0.47349157660623287,0.3617599133703218,0.4870419387395667,1.0551494497177454,0.02633590385651776,1.1902037075928291,0.7313738661412326,5.510204081632653
0.20091144238920208,-2.36734693877551,-10.978705004387686,0.6810686094519278,0.47208078640948625,0.3618830356383639,0.48677458460397977,1.0516491677227786,0.025172619818159436,1.1909306658497223,0.728947655545257,5.510204081632653
0.2013029942078779,-2.204081632653061,-10.342128772015093,0.6787120855109934,0.4704473684839059,0.3626324863896742,0.48682553352933855,1.0477315611076148,0.024019099184726424,1.193710278830787,0.7262321775654126,5.510204081632653
0.20158139575505415,-2.0408163265306123,-9.70681512090134,0.676059074585889,0.4686084414411751,0.36393587355987655,0.4871553194405185,1.0434162550153938,0.02285931063801829,1.1982350165788864,0.7232410353143375,5.510204081632653
0.2017793736750507,-1.8775510204081634,-9.072784441481058,0.673041215568686,0.46651662097207347,0.36592443128408025,0.4877375339997254,1.0385843067547111,0.021667797667279644,1.2045486329263473,0.7198917840008328,5.510204081632653
0.20188847338563337,-1.7142857142857142,-8.440071804932048,0.669718132673295,0.46421323543236626,0.36855701845678146,0.4885539011818866,1.0333173764026022,0.020437623562450047,1.212423939017642,0.7162410260770624,5.510204081632653
0.20192223791056801,-1.5510204081632653,-7.808730222756859,0.6660559879434995,0.46167483013810595,0.3716462061827228,0.4895936094201213,1.027555591953766,0.019150366997893787,1.2217689985031275,0.712247261431358,5.510204081632653
0.20188560302227304,-1.3877551020408163,-7.178827992554651,0.6620386968490699,0.458890256142513,0.3751804416740345,0.49085150338835604,1.0212682638070736,0.017789969185415578,1.2325534733709926,0.7078892176532237,5.510204081632653
0.20178160059434574,-1.2244897959183674,-6.550449429656266,0.6576455942512172,0.45584518946290076,0.37915465523652675,0.4923273381590774,1.0144190128284944,0.016339127085040463,1.2447610906760753,0.7031416786484734,5.510204081632653
0.20161163027435944,-1.0612244897959184,-5.923695771311086,0.6528511968362016,0.45252196641219844,0.38356944985480046,0.4940252608968202,1.0069650690953424,0.014778595788130322,1.2583778759325692,0.6979749985657868,5.510204081632653
0.2013756142365017,-0.8979591836734694,-5.298686691082536,0.6476247797765957,0.44889929016290275,0.3884305287277867,0.49595354303473493,0.998856379669339,0.013086423193491958,1.2734223292029951,0.692354483352116,5.510204081632653
0.2010720687129166,-0.7346938775510204,-4.67556245810563,0.6419297655363407,0.44495180709902127,0.39374827970784493,0.4981244967649051,0.9900344961552299,0.011237067107202625,1.2899562846904387,0.686239619667083,5.510204081632653
0.2006980931707444,-0.5714285714285714,-4.054486819972388,0.6357229044211756,0.44064953881691715,0.39953748072823964,0.5005545578154489,0.9804312005818656,0.009200334986371472,1.3079970082239045,0.6795831224163216,5.510204081632653
0.20024927994680913,-0.40816326530612246,-3.435650734607625,0.6289532371567876,0.435957163039278,0.40581705763750464,0.503264506573641,0.9699668537614801,0.006940077685058244,1.327603484215022,0.67232978992137,5.510204081632653
0.19971955185032525,-0.24489795918367346,-2.8192771298664376,0.6215607834714212,0.43083310460984614,0.41260985567125946,0.5062798047623935,0.9585483993531887,0.004412551357810246,1.3490435945992105,0.6644151204419115,5.510204081632653
0.1991009165635936,-0.08163265306122448,-2.2056269339243544,0.6134749304555536,0.42522841838947545,0.4199423464294104,0.5096310231774268,0.9460670624256715,0.0015643394893785744,1.3723779140057064,0.6557637169409825,5.510204081632653
0.19838312803224173,0.08163265306122448,-1.595006699155448,0.6046124821232022,0.4190854373150479,0.4278441757086389,0.5133543185429373,0.9323962546832711,0.00167030233373775,1.3975763971477142,0.6462878350983621,5.510204081632653
0.1975532545262758,0.24489795918367346,-0.987778241370421,0.5948753212898503,0.4123361517367512,0.43634742690503825,0.517491877080921,0.9173861675697643,0.005372851481061924,1.4247207517296552,0.6358836355356758,5.510204081632653
0.19659512033976484,0.40816326530612246,-0.38437083843089787,0.5841477290772183,0.4049003514403686,0.4454853777200552,0.5220921977641382,0.9008590074584819,0.009644886181393409,1.4540450331540216,0.6244278811018771,5.510204081632653
0.19548863473681785,0.5714285714285714,0.2147033221344203,0.5722934051009836,0.3966835601987968,0.4552904683100976,0.5272099559464005,0.8826070638493158,0.014613665841133706,1.4857931486380789,0.6117765978494445,5.510204081632653
0.1942090011182426,0.7346938775510204,0.8088295947592368,0.5591524452175918,0.38757494090577294,0.4657910221729046,0.5329050212578234,0.86238813410541,0.02043919171959563,1.5198100856930792,0.5977619037035171,5.510204081632653
0.1927258467166201,0.8979591836734694,1.3972662199023107,0.5445387852754124,0.3774455237191898,0.4770060735390585,0.5392398889931618,0.8399222002835347,0.02732297768654628,1.5561627078465516,0.5821897050162379,5.510204081632653
0.19100236866027723,1.0612244897959184,1.9791134635576826,0.5282391296080422,0.3661474633492541,0.4889373850105851,0.5462743033806629,0.8148905420904842,0.03551859419028473,1.594872654339044,0.5648390817149838,5.510204081632653
0.18899470334037902,1.2244897959183674,2.553275553626928,0.5100152224277532,0.35351561346845073,0.5015574366718912,0.5540551292262514,0.786940008069624,0.04534361670960958,1.635791599538293,0.5454652478632793,5.510204081632653
0.18665191276000065,1.3877551020408163,3.11841494300773,0.48961262601287636,0.3393736112873762,0.5148818704619995,0.5625985587584234,0.7556970723090219,0.057191678252274024,1.6785200921038383,0.5238092950284039,5.510204081632653
0.18391726617351734,1.5510204081632653,3.67289981930368,0.4667809624185648,0.32354790803948585,0.5295607117311819,0.5718607033398337,0.7207987049225415,0.07154153945016566,1.7224246734007087,0.4996195900683187,5.510204081632653
0.1807318616810596,1.7142857142857142,4.214748719664788,0.441312466144268,0.3058944916538555,0.5446214932248891,0.5816921984333575,0.6819493424283025,0.08895704018301556,1.7664674121391213,0.4726912639888865,5.510204081632653
0.17704194784950994,1.8775510204081634,4.741581490919641,0.41310625096458464,0.28634343312779076,0.5596825605144865,0.5917743609576324,0.6390133260290201,0.11006735234103567,1.8098891015585128,0.4429302852772481,5.510204081632653
0.17281119287404062,2.0408163265306123,5.250594333441056,0.38226154803231793,0.26496351425508124,0.5741762606539773,0.601541910746189,0.5921454911339024,0.13551217178837927,1.8517565251529515,0.41044397766074825,5.510204081632653
0.16803790247086275,2.204081632653061,5.738587471278417,0.34918891702114596,0.24203931331598794,0.5873294026994121,0.6101142218146844,0.5419423960020531,0.16583526284048325,1.8878545976674688,0.37564584381472477,5.510204081632653
0.1627740639007103,2.36734693877551,6.202082452468361,0.3147004104370459,0.21813370221549566,0.5981925580826271,0.6162832050761622,0.4895600374050839,0.20132011991213683,1.9143549585086048,0.33933715964215505,5.510204081632653
0.15713847321699242,2.5306122448979593,6.637561618359586,0.2800074456719819,0.1940863715033263,0.6057487446406479,0.6186260880897204,0.43670600916075175,0.24179235293492188,1.9277081781569287,0.3027015389833605,5.510204081632653
0.1513132933271604,2.693877551020408,7.041831381607968,0.24655435729459674,0.17089845761351907,0.6091074907186415,0.6157891069388547,0.3854192510914416,0.2864611631343058,1.9245221480826524,0.2671522672275577,5.510204081632653
0.14551763141185478,2.857142857142857,7.412451213055333,0.21569096882441485,0.1495055869128865,0.6077354467009637,0.6068923621449539,0.33764611577303194,0.33390349429683674,1.9032592312331216,0.23403845317509386,5.510204081632653
0.13996457759049818,3.020408163265306,7.748108980390508,0.18832060288517338,0.13053389493120693,0.6016226344444615,0.5918782730208193,0.29477907015158156,0.3822572278033451,1.8642281773756801,0.20432528136365047,5.510204081632653
0.13482051882678256,3.183673469387755,8.048811831043503,0.16472410462470588,0.11417804869087633,0.5912926705443783,0.5715959982029967,0.2574002061200664,0.4295772659610644,1.810063065902013,0.17841622714767258,5.510204081632653
0.13018454748965133,3.3469387755102042,8.315827588862884,0.1446493759965688,0.10026330714177689,0.5776500833235986,0.5475598082876955,0.22534928966301138,0.47420403071531647,1.7451744449707312,0.15620022477110318,5.510204081632653
0.12609159567653316,3.510204081632653,8.55141626367922,0.12756489612917976,0.08842124809036322,0.5617491353944031,0.5215243579331783,0.19801047101304947,0.5149954446855728,1.673955281409169,0.13725039970404174,5.510204081632653
0.1225297025164187,3.673469387755102,8.758461840339015,0.11290160471865418,0.07825742899142818,0.5445890644435528,0.49509450169738634,0.17459646177947574,0.5513722342878778,1.5998604996814323,0.12102104521818546,5.510204081632653
0.11945947120044323,3.836734693877551,8.940115907228714,0.10018525209669038,0.06944312502450845,0.5269928706912664,0.4695009942919329,0.1543861699932605,0.58322536414683,1.5261073640247471,0.10701233844827662,5.510204081632653
0.11682906658849615,4.0,9.099520162559632,0.08906605642572574,0.0617358858950845,0.50956899581084,0.4455470398368136,0.13682215973554213,0.6107681182411027,1.4553647770539369,0.09483789425881284,5.510204081632653
0.18728615340347474,-4.0,-17.37006925169243,0.6970696436900528,0.4831718581776856,0.3826315981827652,0.5061304379853038,1.0876744028522318,0.03790839528515651,1.2607904088769992,0.7539184457042474,5.755102040816326
0.19130539097592816,-3.836734693877551,-16.717451773272238,0.6987834590114557,0.48435978443571703,0.37178654298818337,0.4984206873305526,1.0870377046453235,0.03502263183917822,1.2255789161010724,0.7534771201372599,5.755102040816326
0.1942228396819102,-3.673469387755102,-16.067752292196932,0.6997295752160402,0.4850155822154065,0.36361842799982824,0.49286947765926553,1.0861464522662287,0.032800041592842534,1.1988673307305762,0.7528593510635244,5.755102040816326
0.19639331908734142,-3.510204081632653,-15.420327657115427,0.700076106830323,0.485255779626822,0.3575143752267663,0.4888476744113014,1.0849719145976446,0.031008174230457496,1.1788316147746924,0.7520452235900832,5.755102040816326
0.198041776452747,-3.3469387755102042,-14.774756880395202,0.6999341630417644,0.4851573916899843,0.35302548437700443,0.4859331087188578,1.0834928902679475,0.02950204417298412,1.1639419475308497,0.7510200420459734,5.755102040816326
0.19931501923838027,-3.183673469387755,-14.130759985158136,0.6993780971287475,0.48477195617017066,0.349824826827841,0.4838402620041988,1.08169400649412,0.02818779559607083,1.153139995933425,0.7497731508299905,5.755102040816326
0.20030600757508993,-3.020408163265306,-13.48814961965039,0.6984644776103548,0.48413868337689236,0.3476738250420666,0.48237718701391896,1.079573492589272,0.02700253170319287,1.1457538840120112,0.7483033225955067,5.755102040816326
0.20108481781207507,-2.857142857142857,-12.846801461369814,0.6972247332835972,0.4832793580921855,0.3463954402122196,0.48140565519422723,1.0771181628030884,0.02590262664530778,1.1417245581749893,0.7466014176768678,5.755102040816326
0.20169741004174618,-2.693877551020408,-12.206635669961072,0.6956830898773543,0.4822107723117195,0.3458574737911366,0.48083039190063986,1.074321591203646,0.02485572573811514,1.1402197647471295,0.7446629819574819,5.755102040816326
0.2021741336436474,-2.5306122448979593,-11.567605003947138,0.6938572475616831,0.4809451948584649,0.3459625747024882,0.48058556744013237,1.0711804187147682,0.023838500657750415,1.140774412486417,0.7424856871031631,5.755102040816326
0.2025406519983887,-2.36734693877551,-10.929687101900365,0.6917542927884299,0.47948753768653973,0.3466350480327136,0.480620785235902,1.0676826968224469,0.0228316711794184,1.1431661769831714,0.7400612510351179,5.755102040816326
0.2028123973988992,-2.204081632653061,-10.292879430447043,0.6893790576730217,0.4778411501631268,0.34781956763636235,0.4809029274680448,1.0638193737500763,0.021819487240443226,1.1471826202541475,0.7373833995399126,5.755102040816326
0.20300333422547764,-2.0408163265306123,-9.657196009148755,0.6867287607539239,0.47600410432600726,0.34961737863211945,0.4814065055720917,1.0595737930625195,0.020788039882082266,1.1527878179147557,0.7344405872564916,5.755102040816326
0.20312160392355155,-1.8775510204081634,-9.022665361173749,0.6837991260762095,0.4739734363090793,0.351985216681646,0.48211578965499,1.0549301554484525,0.019724481739154708,1.159779940636612,0.7312218629367591,5.755102040816326
0.2031739812952808,-1.7142857142857142,-8.389329349246816,0.6805808641871249,0.4717427071543565,0.3547640281197987,0.4830202165223426,1.0498670830903953,0.018616338417995017,1.1680895613936606,0.7277124086068012,5.755102040816326
0.20316512734156777,-1.5510204081632653,-7.757242687596688,0.6770612482987186,0.4693030953246533,0.3579421524408253,0.48411423730727526,1.0443595833166701,0.017450831342971828,1.1776755050756378,0.7238949006667079,5.755102040816326
0.20309800292189303,-1.3877551020408163,-7.126473005041223,0.6732239766322623,0.4666433012880067,0.3615138072135913,0.48539658708125605,1.0383783984030468,0.016214427032620705,1.1885320924347502,0.719749059207424,5.755102040816326
0.20297420850743628,-1.2244897959183674,-6.497101393607941,0.6690489814622738,0.46374941515707824,0.3654782509792883,0.4868696965936133,1.031889401892227,0.014892298544807581,1.2006421615855658,0.7152512295712854,5.755102040816326
0.2027941752633112,-1.0612244897959184,-5.869223420009169,0.6645120370103403,0.46060464490186326,0.3698393165798992,0.4885394175292948,1.024852769480805,0.013467767397754238,1.2140122291278213,0.7103738076546713,5.755102040816326
0.20255717966181858,-0.8979591836734694,-5.2429506126088725,0.6595844813447407,0.4571891235852006,0.37460500008163805,0.4904149265738848,1.0172224062145614,0.011921701182167777,1.2286783905569283,0.705084842870026,5.755102040816326
0.20226143541615954,-0.7346938775510204,-4.618412468625593,0.6542324679605862,0.4534793905976551,0.3797872759228579,0.4925087371457108,1.0089446643825917,0.010231765266057314,1.2446846232508313,0.6993471494577936,5.755102040816326
0.20190397157273168,-0.5714285714285714,-3.995759058827331,0.6484163367018012,0.4494479556138613,0.38540193258626065,0.4948368995180151,0.9999573071517038,0.008371551373575859,1.2620641117753388,0.6931175881325187,5.755102040816326
0.20148058980415606,-0.40816326530612246,-3.3751643433005394,0.6420895885304319,0.44506258795676445,0.3914684643533017,0.4974192242366719,0.9901878937143578,0.006309477611769454,1.2808788187573361,0.6863459467526973,5.755102040816326
0.20098568372441714,-0.24489795918367346,-2.756830354887431,0.6351977106667763,0.44028550224680774,0.39800999753198546,0.5002796694378239,0.9795519952572911,0.004007415645513568,1.301409374844733,0.6789737037244601,5.755102040816326
0.20041201288145044,-0.08163265306122448,-2.1409924600047567,0.6276767032717636,0.43507233717598415,0.4050531706874729,0.5034467982369893,0.9679510735555108,0.0014189464378027595,1.3236507470744874,0.6709325575549743,5.755102040816326
0.19975039870607197,0.08163265306122448,-1.5279259734089958,0.6194512803669565,0.4293709084806039,0.4126279161934837,0.5069543040899853,0.9552704420645406,0.0015128679300789871,1.3476192244527794,0.6621430135892883,5.755102040816326
0.19898933225937868,0.24489795918367346,-0.9179544880834205,0.6104326949154681,0.4231197014022656,0.42076704789287256,0.5108415576209497,0.9413744401164874,0.004858342300252549,1.3734043816559345,0.6525110390179392,5.755102040816326
0.19811447409833477,0.40816326530612246,-0.3114603877395918,0.6005161727067563,0.4162460919923372,0.4295054976614667,0.5151540891133553,0.926101957543628,0.00870484023424436,1.401199574917365,0.6419249607824113,5.755102040816326
0.19710803977161911,0.5714285714285714,0.2911018598527666,0.5895779529602114,0.40866429581467467,0.438878989023975,0.5199438410190034,0.9092640172639608,0.013161483076949042,1.431290326397838,0.6302537899511229,5.755102040816326
0.1959480609540744,0.7346938775510204,0.8891888766764352,0.5774720498542387,0.4002731232086385,0.44892180725679076,0.5252688981597707,0.8906388410716377,0.018365153318663306,1.4635618088797617,0.6173438015859829,5.755102040816326
0.19460753564159977,0.8979591836734694,1.4821470976194124,0.5640270195090951,0.3909537383323587,0.45966317141889007,0.5311921813272383,0.8699673811622106,0.024488053922814147,1.4981327375190119,0.6030154374317047,5.755102040816326
0.1930535181045499,1.0612244897959184,2.069185980028298,0.5490433604302258,0.38056785728736897,0.47112148681034116,0.5377782317807286,0.8469500009455477,0.031747015599495595,1.5349700429282693,0.5870610052306491,5.755102040816326
0.19124627504134492,1.2244897959183674,2.649344587994725,0.532292772935909,0.3689572347929604,0.4832954707341217,0.5450866532587479,0.8212461248719305,0.04041450977347623,1.5741669747366036,0.5692444360007589,5.755102040816326
0.18913876904928206,1.3877551020408163,3.221450644609752,0.5135214949200684,0.35594597636077374,0.4961508361056332,0.5531599607727422,0.7924801555726151,0.05083076191279954,1.6154775636260095,0.5493053854848648,5.755102040816326
0.18667695172389603,1.5510204081632653,3.784071902764006,0.49246144105801504,0.34134825940385105,0.5100511438849119,0.5620025382151603,0.7602590620327088,0.06341519511612108,1.6584799698692692,0.5269714253431208,5.755102040816326
0.18380167147506987,1.7142857142857142,4.335461511908573,0.4688548571732789,0.3249854223414941,0.5249142684365544,0.5715464265590908,0.7242096301825689,0.07867328101612539,1.7024528371726961,0.5019838632954077,5.755102040816326
0.1804533815323373,1.8775510204081634,4.873502736422179,0.44250004832771284,0.3067176608959936,0.5400889295544974,0.5815997076241081,0.6840455078331549,0.0971913604879513,1.746350202310001,0.47414421512924676,5.755102040816326
0.1765810703454765,2.0408163265306123,5.395664822438885,0.4133254950984022,0.28649540158100106,0.5551511777191824,0.591776516633307,0.6396730768631742,0.11960724454205099,1.7898224578177455,0.4433875897078132,5.755102040816326
0.1721564363495182,2.204081632653061,5.898991397654942,0.3814931564717341,0.2644309058112966,0.5694829225409574,0.6014179390165685,0.5913352187943404,0.14654020008045412,1.8305873602836376,0.40988233967309506,5.755102040816326
0.1671924964226388,2.36734693877551,6.380153722084677,0.3475131645959495,0.24087777024714674,0.5822628437959609,0.6095336828648643,0.5397662848353422,0.17846546979601657,1.8647328138977257,0.3741374784949336,5.755102040816326
0.16176199819544915,2.5306122448979593,6.835606808359116,0.3123199863294728,0.21648371795679489,0.5925155491306702,0.6148217137751616,0.4862904595960922,0.2155348214967865,1.8885650444570106,0.33707086100223105,5.755102040816326
0.1560063819347702,2.693877551020408,7.26187440041237,0.27723123723362786,0.19216205045163437,0.5992454514461687,0.6158345059764866,0.4327631894914261,0.2573825369208138,1.8982720062279117,0.29996858464611087,5.755102040816326
0.150124921497596,2.857142857142857,7.6559469562926115,0.2437282559867704,0.16893955346002265,0.6016474450033402,0.6113155736562452,0.38128353026171125,0.30300366139808266,1.891310553210035,0.2642856039948476,5.755102040816326
0.14434116397522057,3.020408163265306,8.015711102587133,0.2130981936761973,0.14770841212907349,0.5993274674659347,0.6006128722834688,0.33372983615932084,0.35080484117198457,1.866341293101961,0.23132389500256556,5.755102040816326
0.13885810093831968,3.183673469387755,8.34027817236837,0.18610821267087818,0.12900038289187,0.592427438707158,0.5839626564621095,0.29132600468796976,0.3988622573717965,1.8245004354410952,0.20193179877325873,5.755102040816326
0.13382253055711882,3.3469387755102042,8.630094028344363,0.16289974113008654,0.11291349627826452,0.5815837549281071,0.5624646191222742,0.254468387241888,0.445299089575186,1.7688490151354326,0.17638404515835004,5.755102040816326
0.129312635806368,3.510204081632653,8.886799581978241,0.14313707632042938,0.09921506088509946,0.5677438563150505,0.5377570971673203,0.2228704118391791,0.4886191936863738,1.7041307734037878,0.15448199759655967,5.755102040816326
0.1253471073265469,3.673469387755102,9.112913054213275,0.12627115193005078,0.08752449294637121,0.5519387528134583,0.5115809118951481,0.19587083875953404,0.5278752306807457,1.6338686201027601,0.13576731964008193,5.755102040816326
0.12190415418005136,3.836734693877551,9.311453102029539,0.1117550570783119,0.0774627027271475,0.5351044448570651,0.48543510603740925,0.17270036090056307,0.5626593855272848,1.5616442671774096,0.11970676823990978,5.755102040816326
0.11893980963112812,4.0,9.48560283792888,0.09914590471485063,0.06872270431716387,0.5179891767076028,0.46041230519227244,0.1526786134260596,0.5929844443036686,1.490310242810143,0.10582875042807505,5.755102040816326
0.19371242174203876,-4.0,-17.315076636599773,0.7102470275674393,0.4923057246594522,0.354412154321635,0.4906117464201608,1.1036464562921817,0.03230971619870142,1.171223039164127,0.7649894295139008,6.0
0.19624747029256656,-3.836734693877551,-16.66564988542683,0.7109560533260453,0.4927971838649745,0.34702951266285237,0.4857376046437837,1.1026374553751093,0.030392613678431178,1.1470347284299587,0.7642900433730504,6.0
0.19814420374736463,-3.673469387755102,-16.018192525343892,0.7111648558544879,0.4929419147488583,0.34151606706466014,0.48220425915460047,1.101430230237478,0.02883854958370018,1.1288470213839947,0.7634532586725999,6.0
0.19959539604589255,-3.510204081632653,-15.37235056803525,0.7109601024843193,0.4927999905276159,0.3374622143573424,0.4796394750414626,1.0999861469284613,0.027526438178749224,1.1153292471417606,0.7624522963984601,6.0
0.20071949877941114,-3.3469387755102042,-14.727887399330502,0.7104071696034202,0.49241672666018155,0.33457481802721284,0.47779880757328064,1.0982895661193068,0.02637734419630273,1.1055196252918726,0.7612763161940039,6.0
0.20160970866684264,-3.183673469387755,-14.084643821302066,0.7095404646085983,0.4918159725366438,0.33263172962188675,0.47650291617448676,1.0963155333149408,0.02533900762703405,1.098900196373679,0.7599080209213236,6.0
0.20231148736077556,-3.020408163265306,-13.442513513912873,0.7083976534873786,0.4910238362300572,0.3314801814284203,0.4756432192700505,1.0940661092583368,0.024374000283619624,1.0952996585297328,0.7583488389786064,6.0
0.20286745562548808,-2.857142857142857,-12.801427636602865,0.7069968682752505,0.49005288590970086,0.3309992506776772,0.47513341993959946,1.091530808661933,0.023455554780056963,1.0938754661610144,0.7565915025183361,6.0
0.20330673692911091,-2.693877551020408,-12.161344884417042,0.7053497273308662,0.48891117480811563,0.3310997094170911,0.4749133236971742,1.0886998024209782,0.022563460318075657,1.0943232497678899,0.7546291985242704,6.0
0.20364756492110017,-2.5306122448979593,-11.522244994213834,0.703466058962495,0.4876055153894694,0.3317144552673411,0.47494180879231873,1.085568047230249,0.021681681218739524,1.0964247234139826,0.7524584312436127,6.0
0.203906510202794,-2.36734693877551,-10.884124460534032,0.7013467889266627,0.48613654933928685,0.33279245488006465,0.4751869638861493,1.0821221378980055,0.020796993739510227,1.1000308705281192,0.7500699089055032,6.0
0.2040935295669417,-2.204081632653061,-10.24699372443578,0.6989923994765985,0.48450461093003505,0.3344459268375611,0.4756277292258081,1.0783516586009694,0.01989780481416603,1.1050345718891645,0.747456411811402,6.0
0.2042180303975502,-2.0408163265306123,-9.610875377029359,0.696397605231394,0.4827060366148388,0.33658652015050566,0.47624790085826196,1.0742399794173907,0.018973552302594187,1.1112768770224297,0.7446064129779382,6.0
0.2042827588783338,-1.8775510204081634,-8.975803097810553,0.6935577945193523,0.4807376298264632,0.33909837039218715,0.4770406086064035,1.0697741735833284,0.018014043573740656,1.1187056858893938,0.7415109522551293,6.0
0.20429506983948906,-1.7142857142857142,-8.34182113888864,0.6904601633710077,0.47859051552957266,0.34196840205332724,0.47799752058911843,1.0649290950394001,0.017009035419882967,1.127273264342374,0.738152599722814,6.0
0.20425667256151447,-1.5510204081632653,-7.708984262677448,0.6870927694851696,0.47625641595176993,0.3451908851576666,0.47911769924570685,1.059682761673661,0.015947803880709332,1.1369621621704524,0.734516118542075,6.0
0.2041692604123538,-1.3877551020408163,-7.077358056217825,0.6834396211031102,0.47372424645057865,0.3487640877587342,0.48040236124873503,1.0540076188143677,0.01481876733046883,1.1477743057752836,0.7305824092698798,6.0
0.20403353275293812,-1.2244897959183674,-6.447019604526869,0.6794816274575086,0.47098077431445495,0.35269021400748635,0.4818555494160825,1.0478719718646272,0.013609070577880255,1.159701544684616,0.7263295028857555,6.0
0.20384928331036112,-1.0612244897959184,-5.818058519830818,0.6751960217767805,0.4680102188198665,0.35697533104764334,0.483484108561382,1.0412389780357327,0.01230415514294667,1.1727611483470037,0.721731861914586,6.0
0.20361545308076856,-0.8979591836734694,-5.190578351177139,0.6705562006000236,0.46479413985289564,0.36162888736983145,0.48529755109794454,1.034066264631352,0.010887235779250637,1.187002180892035,0.7167601158413759,6.0
0.2033300754349765,-0.7346938775510204,-4.5646984211589965,0.6655310853259837,0.461310995368706,0.3666637492954099,0.4873082436676647,1.026304881129818,0.009338699373296056,1.2024527946951105,0.7113803347500425,6.0
0.20299025748224525,-0.5714285714285714,-3.9405561617294693,0.6600844067234717,0.45753564545195835,0.3720961278786121,0.48953156076853926,1.0178981432671477,0.007635361438260269,1.2191577786392267,0.705553228102827,6.0
0.20259205525154794,-0.40816326530612246,-3.3183100497378146,0.6541738731792028,0.45343877579014324,0.3779455635641409,0.4919861850756778,1.00878033259121,0.005749545184857841,1.2371925594239765,0.6992332433399211,6.0
0.20213035143669358,-0.24489795918367346,-2.698143277959754,0.6477500521329502,0.44898612234351254,0.3842349534059904,0.49469446344872325,0.9988749949385709,0.0036479246395618057,1.2568063875800919,0.6923673864734994,6.0
0.20159859930935614,-0.08163265306122448,-2.080268341384424,0.6407551117127532,0.4441375991130678,0.3909905373739887,0.4976829032252943,0.9880931257070293,0.0012900588038613047,1.2779792560653889,0.6848939642144907,6.0
0.20098860285271666,0.08163265306122448,-1.4649327745387761,0.6331211113800967,0.438846113306093,0.39824186351145563,0.5009826758477887,0.976331126028001,0.0013734805788961023,1.3007502208295272,0.676741167299225,6.0
0.2002901371688625,0.24489795918367346,-0.8524263473020596,0.6247680627467238,0.4330562211967901,0.40602158743506483,0.5046302263776286,0.9634666030391732,0.004403507630877912,1.3252124301404198,0.6678241594602712,6.0
0.19949051386863975,0.40816326530612246,-0.24309011797356495,0.6156015255130605,0.4267024617577795,0.41436506049072663,0.5086678593404681,0.9493542346007087,0.007875304484381073,1.351526065240172,0.6580422110661264,6.0
0.1985740269246858,0.5714285714285714,0.36267214299252315,0.6055097937249316,0.41970740632187,0.42330951197234173,0.5131442261563219,0.9338231656336595,0.011882582354189796,1.379994579655354,0.6472768944005338,6.0
0.19752127978490272,0.7346938775510204,0.9643795053614067,0.5943606700032289,0.4119794226484583,0.4328925921134384,0.518114512943048,0.9166720679477289,0.01654255506733948,1.4105510012299936,0.6353886593960221,6.0
0.19630838826744057,0.8979591836734694,1.5614555930587368,0.5819979700200184,0.40341025201098746,0.44314990014535194,0.5236399801267687,0.8976641692445742,0.02200238632715823,1.4433136764299714,0.6222133880015619,6.0
0.1949060810977487,1.0612244897959184,2.1532054788328274,0.5682381131259184,0.39387264599993377,0.45411094525325807,0.5297862443305335,0.8765225855784871,0.02844725875734202,1.4783191699767535,0.6075591588908411,6.0
0.19327876888994,1.2244897959183674,2.7387866513746997,0.5528675640863447,0.3832185932694945,0.4657927419223969,0.5366192740018634,0.8529271099735447,0.03611020244398779,1.5155744939206046,0.5912040215013055,6.0
0.19138374568773842,1.3877551020408163,3.317172955984536,0.5356426034822626,0.37127916039151887,0.47818993709861285,0.5441974252039617,0.8265146927225175,0.04528350293923673,1.5551884203432647,0.5728963289519822,6.0
0.18917084955095304,1.5510204081632653,3.887110753343879,0.516294069392957,0.35786777853954876,0.49126006274651013,0.5525569303546736,0.7968875201963095,0.05633078814521877,1.5968243171065661,0.5523603378474777,6.0
0.18658316657709684,1.7142857142857142,4.447067583400337,0.4945414410154956,0.3427900055099429,0.5056890234774483,0.5616871524705876,0.7636349536573035,0.06969745897396103,1.64000292321646,0.529311415104583,6.0
0.1835597188536845,1.8775510204081634,4.995175971469081,0.4701227820357565,0.32586428088508224,0.5207082935119426,0.5714910840522146,0.7263783574723246,0.08591457485433969,1.6839399371437531,0.5034871105017054,6.0
0.1800414476192545,2.0408163265306123,5.529179535804104,0.4428487094367486,0.30695933436069245,0.53595996875172,0.5817272984321,0.6848496405655475,0.1055873432047246,1.727874410854596,0.47470159746550067,6.0
0.17598190094728045,2.204081632653061,6.046396110006758,0.41268710812987,0.28605290545365647,0.550975401111614,0.5919345872476718,0.6390114757851477,0.12935449027715576,1.7710895350761837,0.44292900278592473,6.0
0.1713632465444223,2.36734693877551,6.543723090781267,0.379875751831265,0.2633098063449306,0.5650859179155953,0.6013539183009666,0.5892130509637372,0.15780170432551413,1.8103457618869887,0.4084113650246377,6.0
0.16621573093652303,2.5306122448979593,7.017720566846472,0.3450365910452504,0.23916114027303004,0.5774267064698625,0.6088864142109924,0.5363434653621417,0.19131760889802488,1.8424067471226988,0.3717649608275191,6.0
0.1606343175938958,2.693877551020408,7.464809290703091,0.30923040498063203,0.21434218335573507,0.5870078111631036,0.6131522314553318,0.48190101303572463,0.22990378162611727,1.8632662780659361,0.3340283284946941,6.0
0.1547821400582804,2.857142857142857,7.881599464707514,0.27386917516239206,0.18983164660608964,0.5928719168930731,0.6127133972481372,0.42787456030026183,0.27299396233263973,1.8694028727727097,0.29658004510545277,6.0
0.14887176726771928,3.020408163265306,8.265314044682679,0.2404446745184381,0.16666354822310914,0.5943149556346129,0.6064535577447578,0.37638939498981916,0.31937972173323376,1.858593866905536,0.2608932479298569,6.0
0.14312585714759857,3.183673469387755,8.614203150465098,0.21015382690568662,0.1456675326035597,0.5910870220495541,0.5939773036874382,0.32921891672141523,0.3673304853851763,1.8302039943038266,0.22819716391244826,6.0
0.1377329980573807,3.3469387755102042,8.927811965593694,0.1836157994685368,0.12727277370787626,0.5834710609145382,0.5758096226861164,0.2873993305282614,0.41490446950979665,1.7859570179968205,0.1992100356504798,6.0
0.1328188574855646,3.510204081632653,9.20700620611853,0.16083989391365572,0.11148571898781112,0.5721946535467233,0.5532635373258635,0.25114624924256734,0.4603280273136813,1.729379966566622,0.17408131457069054,6.0
0.1284416917132101,3.673469387755102,9.453760713364145,0.14142181060339043,0.09802612928942223,0.5582268994914985,0.5280541617651652,0.22006394873183588,0.5022816580833881,1.66482375163068,0.15253670560636046,6.0
0.1246060174864636,3.836734693877551,9.6708069389098,0.12480545514482522,0.08650854935213648,0.5425629611934538,0.5018735789823271,0.19346038462286197,0.5400052682601976,1.5956804418085233,0.13409652015137885,6.0
0.1212821253610394,4.0,9.861259179620367,0.11046876954703944,0.07657111615145706,0.5260730219618666,0.47610084737276315,0.1705891191867921,0.5732440227705787,1.5253951010385276,0.11824336699852855,6.0
