U,E_p,m_cdw,m_sdw,V,S,E_GS,coherence,E_p_bits
-6.0,0.0005455031665060339,0.24178575579601366,-0.09647972471779695,-4.0,0.09334239805158984,-58.46341216574252,0.14960077300105537,0.0007869947131071697
-6.0,0.0014260630801186114,0.08077883532356443,0.060425243504875194,-3.7241379310344827,0.1375380995214524,-55.73417099569356,0.17912821829239883,0.0020573741336820106
-6.0,0.11299322558963376,0.20912199395770706,-0.06331094997041706,-3.4482758620689653,0.18447374596757607,-53.00357371847739,0.18986205432855024,0.1630147662122119
-6.0,0.002685984053356405,0.17554785493360398,-0.030636887704083727,-3.1724137931034484,0.1637593287669898,-50.28486565899678,0.20151984188483046,0.0038750558736837526
-6.0,0.0045058640522439575,0.17436787829424033,-0.02890566318567627,-2.896551724137931,0.16897139838598269,-47.567958023161935,0.21105072336755495,0.006500587723091922
-6.0,0.0062900955953224535,0.15534952297466886,-0.010704630156590286,-2.6206896551724137,0.18040526046495217,-44.85952100600757,0.2288996449257258,0.009074689722089246
-6.0,0.07361118292253699,0.16547006684116333,-0.018933032684656848,-2.3448275862068964,0.2156166202079724,-42.161004770830864,0.25330666070218116,0.10619848855631409
-6.0,0.0322085959227707,0.1495170115270084,-0.004184520617194383,-2.0689655172413794,0.2059841506707381,-39.47649707703789,0.2700974609679516,0.046467181611776986
-6.0,0.01727874308518662,0.15813666382112457,-0.01007803179637223,-1.793103448275862,0.2098416145018423,-36.81085742379165,0.2820146201326479,0.024927956961793285
-6.0,0.023055788561948898,0.16041617333385888,-0.009658661160029614,-1.5172413793103448,0.22580833093574165,-34.17183148426504,0.3049539409164112,0.03326247182210862
-6.0,0.21692949197482414,0.16290657145584983,-0.007858560958684148,-1.2413793103448276,0.3493430616668989,-31.571697349014137,0.36233415400122415,0.3129631022946411
-6.0,0.08936763149164917,0.168927011500605,-0.006451468524655815,-0.9655172413793104,0.28937770388362344,-29.02049344356169,0.37887807052360745,0.1289302387689939
-6.0,0.17828958840596676,0.17603385996175078,-0.0020628635010105484,-0.6896551724137931,0.35599224762455434,-26.546321355252722,0.41712886828452983,0.25721750503542173
-6.0,0.3033049709869491,0.19900624685529827,0.002492059071201943,-0.41379310344827586,0.47139503527781745,-24.230339393874058,0.48926148528078445,0.4375765775198417
-6.0,0.4005664612585187,0.14423999877113053,-0.020654167201592688,-0.13793103448275862,0.6313452472255844,-22.530792647803345,0.6411787270338892,0.5778952472041059
-6.0,0.4130143819531933,-0.1345533494467736,-0.030280062878948116,0.13793103448275862,0.6399659127008414,-21.54588246441569,0.637843828445107,0.5958538006596923
-6.0,0.36084089212955317,-0.35382364346404854,-0.044010204129117624,0.41379310344827586,0.5640230644125115,-20.90938311516392,0.5942214022475911,0.5205833656252556
-6.0,0.27613364179970934,-0.5278513676283086,-0.06357262247367325,0.6896551724137931,0.47303224050301446,-20.443133457985745,0.5507441044036663,0.39837663564704995
-6.0,0.1950323795521094,-0.6422969069929876,-0.08251857998257546,0.9655172413793104,0.39563076930545854,-20.097354808335712,0.5061051168806262,0.28137224679260164
-6.0,0.13614431952382877,-0.7101123733296707,-0.09757964738426496,1.2413793103448276,0.34135601213496025,-19.83833999435186,0.46764349647313436,0.1964147346222309
-6.0,0.0968587873858644,-0.7508134963244905,-0.1086702562440169,1.5172413793103448,0.30493336116794867,-19.639669284715094,0.4366530338704716,0.13973769222810484
-6.0,0.07078491419381039,-0.7765260471026706,-0.11667025112922523,1.793103448275862,0.2801278715519368,-19.483033734611674,0.4119463816963248,0.10212104467716099
-6.0,0.05313981229203146,-0.7936663258661307,-0.12245747278654713,2.0689655172413794,0.26272531264393,-19.35631716501847,0.39201695624061167,0.07666454366748399
-6.0,0.040890648901042326,-0.805645662603821,-0.12669646011960073,2.3448275862068964,0.2501276581062653,-19.25149020436134,0.3756578154578223,0.058992736388265854
-6.0,0.03217318531838753,-0.8143579224369687,-0.1298540708895567,2.6206896551724137,0.24077711029195412,-19.16312430329071,0.3620404321350063,0.04641609490843912
-6.0,0.02580264202378868,-0.820908462503076,-0.1322390603928025,2.896551724137931,0.23355503240420375,-19.087452928555035,0.35038874585725444,0.03722534368955355
-6.0,0.02103801971490027,-0.8259709606334339,-0.13406989141138956,3.1724137931034484,0.22782226458347205,-19.02178269397695,0.3402927483605622,0.03035144671281076
-6.0,0.01738171784044984,-0.8299824814902036,-0.13546671304502825,3.4482758620689653,0.2225979871391994,-18.964123342081297,0.33052123278464896,0.025076518130547676
-6.0,0.014657789513544017,-0.8332014628632596,-0.13665004127534133,3.7241379310344827,0.21991820710818505,-18.91312162397162,0.32420140786327684,0.021146720241583594
-6.0,0.012517724223146898,-0.835931279795897,-0.13766510976392374,4.0,0.22033065209628808,-18.866995962453625,0.3207472617158221,0.01805925865994995
-5.586206896551724,0.003278345513360703,0.05489813390166508,0.08642167009560442,-4.0,0.10826554516913409,-57.20795329119074,0.16194016738957467,0.004729652814445817
-5.586206896551724,0.036137716474385684,0.05646986071687177,0.08429331915262417,-3.7241379310344827,0.12175283051848666,-54.49902671898183,0.1624603646106174,0.05213570434664749
-5.586206896551724,0.029501714613692664,0.05928347787972318,0.08083646167737,-3.4482758620689653,0.14160221727565694,-51.77186196629885,0.21012767411538363,0.0425619773708954
-5.586206896551724,0.003621352421508739,0.12709141608486169,0.015413155287163744,-3.1724137931034484,0.17063096008251746,-49.05462367272118,0.2105779924524147,0.0052245071798218135
-5.586206896551724,0.004119814246342779,0.14110205952825652,0.0021563083648466794,-2.896551724137931,0.1766612793830411,-46.33874990353116,0.21843987468597087,0.00594363558258193
-5.586206896551724,0.006027075706653173,0.13691494643190188,0.006164417765859199,-2.6206896551724137,0.18245366539938512,-43.6307113783536,0.2340831664793532,0.008695232233050909
-5.586206896551724,0.0376007611716771,0.16073417305161186,-0.014841444511387367,-2.3448275862068964,0.2003304551581209,-40.93363610516127,0.2577367719350393,0.05424643167602872
-5.586206896551724,0.011700541998836078,0.15499185334330884,-0.008869554906917343,-2.0689655172413794,0.19942356223314586,-38.25052775462844,0.26686702928242373,0.01688031391743383
-5.586206896551724,0.017815145375664976,0.1565562946927544,-0.008788173932227668,-1.793103448275862,0.21286354048468695,-35.587096324155624,0.28984137616780586,0.025701821886187304
-5.586206896551724,0.0312721808073082,0.1595883805772397,-0.00893353708570742,-1.5172413793103448,0.23213870089518956,-32.95100188030523,0.318654222556167,0.045116220168486265
-5.586206896551724,0.044725718947874915,0.1635504030680305,-0.00824314022942964,-1.2413793103448276,0.2552509494348786,-30.35306583473382,0.35031387491223553,0.0645255729262928
-5.586206896551724,0.08997426239812012,0.16784076581883825,-0.005816834309106551,-0.9655172413793104,0.2953344951587285,-27.809319089305585,0.39056073886693166,0.12980542216941027
-5.586206896551724,0.20387505257776506,0.17405484845474123,-0.0011170154404550002,-0.6896551724137931,0.378397909905177,-25.34685144045397,0.4307939388217034,0.29412952731491826
-5.586206896551724,0.3039638242031095,0.2025261964760659,0.0020972319864389533,-0.41379310344827586,0.4898653703789368,-23.062499921744795,0.5234185215846126,0.4385271017874697
-5.586206896551724,0.3850002640100094,0.1354881918809771,-0.02307599311226836,-0.13793103448275862,0.6399526101197015,-21.411678585660287,0.6633466034597167,0.5554379716281819
-5.586206896551724,0.39735412066711473,-0.12804113556065738,-0.03242130256085834,0.13793103448275862,0.6460774033180233,-20.41996282561519,0.6580158155788818,0.5732608193632407
-5.586206896551724,0.35201227834255344,-0.34215826119696235,-0.04561654764442646,0.41379310344827586,0.5732045537276296,-19.76502003812789,0.6131086231742867,0.5078463682968266
-5.586206896551724,0.2732607750590088,-0.515977794029811,-0.06466977014769197,0.6896551724137931,0.4836887570466886,-19.282527847763326,0.5671202795740258,0.3942319650471062
-5.586206896551724,0.19452579862435404,-0.6332487166612495,-0.08334647212551681,0.9655172413793104,0.40523632071387006,-18.92326262258074,0.520312027439441,0.2806414050003201
-5.586206896551724,0.1360196492541641,-0.7037569723291304,-0.09826283123029826,1.2413793103448276,0.34915777460710223,-18.653597498067064,0.47973858515846624,0.19623487344243795
-5.586206896551724,0.09666425982128568,-0.7462797412476311,-0.10924739440830623,1.5172413793103448,0.3111985091066452,-18.44662834812173,0.44692627557962555,0.13945704827537098
-5.586206896551724,0.070505934637356,-0.773167559674648,-0.11715934553514988,1.793103448275862,0.2852361249233607,-18.283458830656503,0.4207423891312531,0.10171856225455445
-5.586206896551724,0.05282384233478621,-0.7910870186948042,-0.1228726846835605,2.0689655172413794,0.2669677392663055,-18.15150812259885,0.39962835181649103,0.07620869537709662
-5.586206896551724,0.040574063241963776,-0.8036045344547899,-0.12705036938470163,2.3448275862068964,0.25370859233427134,-18.04241528709185,0.3823123885074488,0.058535999827896035
-5.586206896551724,0.031900267127930926,-0.8127117397062759,-0.13016596169246666,2.6206896551724137,0.24400611373414202,-17.950513082038423,0.36810920601128255,0.046022357188498564
-5.586206896551724,0.025538005502685257,-0.8195428014675821,-0.13250208824939977,2.896551724137931,0.2362318054074589,-17.871885840252133,0.35564575230235124,0.03684355389291927
-5.586206896551724,0.020818009614713473,-0.824818599539844,-0.13430174687177623,3.1724137931034484,0.230348908728995,-17.803702238547547,0.34521644015034914,0.030034039232325505
-5.586206896551724,0.01723304642082968,-0.8289943952387249,-0.13570622211407624,3.4482758620689653,0.22541934215308368,-17.743940777330497,0.33587847472815524,0.024862030610739883
-5.586206896551724,0.01448922853802359,-0.8323614619264841,-0.13683636188541706,3.7241379310344827,0.22222883437475888,-17.69099937228459,0.32863943001218704,0.020903538158113744
-5.586206896551724,0.012309286414754483,-0.8351506418343199,-0.13770245090682834,4.0,0.2183511987678753,-17.64384512858197,0.320649528341958,0.017758546467448344
-5.172413793103448,0.0019148481082298385,0.09364940571491073,0.0486027994126258,-4.0,0.14701774061426073,-56.00251517196589,0.18410796576452435,0.002762541869798074
-5.172413793103448,0.06851008583538243,0.0384356555300858,0.10241315809003149,-3.7241379310344827,0.20443097881371686,-53.26728483942071,0.24447616325981397,0.09883916108558255
-5.172413793103448,0.0021153975963674743,0.09409294674674937,0.04755604407093656,-3.4482758620689653,0.1527205560305182,-50.54524690566191,0.19871196119389525,0.003051873621787937
-5.172413793103448,0.002586271590541811,0.09324206245095068,0.04790821589069998,-3.1724137931034484,0.15582190674051904,-47.82326892990124,0.20718568615952354,0.0037312011980668025
-5.172413793103448,0.004502989827293247,0.13302394039055584,0.00981984572727492,-2.896551724137931,0.17759618197470267,-45.11018076579353,0.22608729503274133,0.00649644109300862
-5.172413793103448,0.11862988503892047,0.19057609888823615,-0.04328289830818185,-2.6206896551724137,0.2257458597851199,-42.40018896699454,0.24486029774173165,0.17114674684687747
-5.172413793103448,0.0075906867478408024,0.15538103269742495,-0.010141129747392907,-2.3448275862068964,0.19105623582061768,-39.70764922160284,0.25347448828794805,0.010951046128050645
-5.172413793103448,0.07290648185620596,0.164467754698157,-0.016776040039004365,-2.0689655172413794,0.22728836887041032,-37.02642643720488,0.2764817468438637,0.10518181982260932
-5.172413793103448,0.019867502573919005,0.15548230542161842,-0.007883034274133161,-1.793103448275862,0.2167046882140608,-34.365410264910004,0.29850957490695906,0.028662747438241265
-5.172413793103448,0.02959421467928114,0.15878189900012898,-0.008313012125031513,-1.5172413793103448,0.23546418313090337,-31.732456205201213,0.3270815736732308,0.04269542675680249
-5.172413793103448,0.06082859203542301,0.1624806344315666,-0.00744530140955216,-1.2413793103448276,0.26693074811475,-29.13944887276643,0.3635531265344334,0.08775710807376358
-5.172413793103448,0.10731182784876458,0.1670020385442069,-0.004917647046507065,-0.9655172413793104,0.31030890913530645,-26.602930100781474,0.4041813375226476,0.15481824186614324
-5.172413793103448,0.24344923228581172,0.17470102574720445,0.00010945857729141088,-0.6896551724137931,0.4118790467639237,-24.155351301501945,0.454837235402111,0.3512230001269656
-5.172413793103448,0.30216780938924237,0.20626509562019907,0.0009959871057409575,-0.41379310344827586,0.511240801402135,-21.90963895714346,0.566627367688586,0.43593600012214084
-5.172413793103448,0.36685622894166614,0.12657914123924002,-0.025845763322330326,-0.13793103448275862,0.6488399814570729,-20.30655220781137,0.6873973819983887,0.5292616622133672
-5.172413793103448,0.37959679730185925,-0.1213316000380735,-0.03489217608467771,0.13793103448275862,0.6526446042613175,-19.30647258003663,0.6796774898535247,0.5476424170047256
-5.172413793103448,0.34147549328764915,-0.3297572980382228,-0.047476958093867684,0.41379310344827586,0.5829749393776027,-18.631154704706095,0.6334889939131714,0.49264500075120443
-5.172413793103448,0.269377520348997,-0.5030016916249117,-0.06593124102327046,0.6896551724137931,0.4951751800485568,-18.13048844491252,0.584777170011908,0.3886296127344644
-5.172413793103448,0.1936195852546645,-0.6231367372950759,-0.08428033604706171,0.9655172413793104,0.4157692006628153,-17.756029127282144,0.535681837240108,0.27933401546588277
-5.172413793103448,0.1357617347979969,-0.6965940200602231,-0.09902441109945981,1.2413793103448276,0.357759722906517,-17.47432087761013,0.4927259182094297,0.1958627815355527
-5.172413793103448,0.09642384326549824,-0.7411688863453788,-0.10988734203266928,1.5172413793103448,0.31808859943152246,-17.257977751163253,0.4579084094065019,0.13911020050258927
-5.172413793103448,0.07021000182722381,-0.7693936518350585,-0.11769983362796557,1.793103448275862,0.2908213732129354,-17.087455044266957,0.43009981472765824,0.10129162145694037
-5.172413793103448,0.05250232439210234,-0.7882012575836805,-0.1233301798456096,2.0689655172413794,0.27157527663230857,-16.949642165809983,0.4076883272195907,0.07574484303562912
-5.172413793103448,0.040255797648452774,-0.8013312972358698,-0.1274379730807125,2.3448275862068964,0.2575575313630731,-16.83579557290148,0.3893129837503764,0.05807683963445198
-5.172413793103448,0.03157576299363685,-0.8108704728193883,-0.13048679889996936,2.6206896551724137,0.24708575671388916,-16.739983991295823,0.3740327965259459,0.04555419668320537
-5.172413793103448,0.025271459419695885,-0.8180343793585374,-0.1327863810237161,2.896551724137931,0.2390378044900454,-16.65808258165376,0.3610953423371832,0.03645900918082168
-5.172413793103448,0.020577298701750735,-0.8235565139063651,-0.13454652267290257,3.1724137931034484,0.2326756658806612,-16.587145072046226,0.34996399567703446,0.029686766791906738
-5.172413793103448,0.01705832851064293,-0.8279267062493509,-0.13593257720630872,3.4482758620689653,0.228031705117526,-16.525007337009434,0.340810529057599,0.024609965948158674
-5.172413793103448,0.0143025086618489,-0.8314714756341438,-0.1369986076128051,3.7241379310344827,0.2230359289963597,-16.47008129043589,0.33123913695439083,0.02063415831872062
-5.172413793103448,0.012152164133596655,-0.8343511716956323,-0.13786837289143344,4.0,0.21998066207663072,-16.421132653158978,0.324230901466486,0.017531866931607798
-4.758620689655173,0.03838664342206166,0.060066436168543506,0.0821146455996244,-4.0,0.16203452883661024,-54.76988754717144,0.22111157066607465,0.05538022010138155
-4.758620689655173,0.018421002900814942,0.09059897705519163,0.05160727820403012,-3.7241379310344827,0.15754326561181425,-52.041854647355606,0.20824310475862737,0.026575889533206443
-4.758620689655173,0.1571583090203632,0.09052025665218333,0.05127320950210284,-3.4482758620689653,0.22561496044066034,-49.301873609150256,0.19591325336978105,0.2267315130581733
-4.758620689655173,0.003785991026669766,0.07258214201679236,0.0681212204473349,-3.1724137931034484,0.1403237280661169,-46.59292306815378,0.2069465984777786,0.005462030479026492
-4.758620689655173,0.0027389165184781294,0.17018673131066844,-0.025359099170330027,-2.896551724137931,0.17414496739946786,-43.88266391760051,0.22533566856756354,0.003951421278617584
-4.758620689655173,0.0073951385045401,0.1429490226287544,0.0007250236274361123,-2.6206896551724137,0.1866968145698811,-41.177764711612724,0.2459322181251595,0.010668929647186687
-4.758620689655173,0.012042908494274807,0.1397103756289342,0.003973453540272718,-2.3448275862068964,0.19572618597544406,-38.483469583801565,0.26408931572156663,0.01737424436256907
-4.758620689655173,0.010738800062821019,0.15328220317989724,-0.007400459800467457,-2.0689655172413794,0.20440838193980795,-35.804381548270335,0.2799950827678181,0.015492813595729515
-4.758620689655173,0.012687518093975836,0.1551215728327959,-0.007600794952540795,-1.793103448275862,0.21768469289933132,-33.14589008876939,0.3006379331653422,0.018304219435367308
-4.758620689655173,0.1745308576595297,0.15665684864609095,-0.006233139661985752,-1.5172413793103448,0.31949251033837534,-30.5185453158583,0.35853251981621803,0.25179480282750033
-4.758620689655173,0.10941483983164546,0.16098347648602088,-0.006186630286130636,-1.2413793103448276,0.29632669725252186,-27.93028138990923,0.376142404006045,0.1578522468247754
-4.758620689655173,0.1758858957577243,0.1665196289423083,-0.0033230789868806876,-0.9655172413793104,0.35524580897564473,-25.403381843667876,0.42052279315571817,0.25374970957198206
-4.758620689655173,0.23872697496613982,0.17582112311127115,0.0013424027767089594,-0.6896551724137931,0.4210887143817271,-22.970943995419688,0.4761929957853927,0.34441022291007295
-4.758620689655173,0.2957751740114458,0.2088918594430472,-0.0011248196121630436,-0.41379310344827586,0.5345629210711281,-20.775123867903933,0.6149987921829606,0.4267133767643827
-4.758620689655173,0.34588385068036387,0.11756746032447532,-0.029038601835677073,-0.13793103448275862,0.6580006921885995,-19.21737262384396,0.7133653890949498,0.4990049161001404
-4.758620689655173,0.35948757344924176,-0.11442836491709453,-0.03776055343282299,0.13793103448275862,0.659683455611341,-18.207167898918154,0.7028593512943105,0.5186309394764277
-4.758620689655173,0.32897329853219337,-0.3165657267004018,-0.04964539293205543,0.41379310344827586,0.5933678673486504,-17.509315285303966,0.6554381250261767,0.47460814637727866
-4.758620689655173,0.2642761982944293,-0.48880586520447444,-0.06739295762614418,0.6896551724137931,0.5075531362377476,-16.98826871094024,0.6038137715610626,0.38126996070436103
-4.758620689655173,0.19220670683151897,-0.6118069707327541,-0.08534146553463748,0.9655172413793104,0.42733288982940715,-16.596645157130407,0.5522659106249608,0.27729566277143025
-4.758620689655173,0.1353333024566974,-0.688490453881899,-0.09987817936575147,1.2413793103448276,0.3672701256498049,-16.301273779036038,0.5066996241005185,0.19524468432140285
-4.758620689655173,0.09612871569151094,-0.7353834888475718,-0.11060028527002082,1.5172413793103448,0.32569275948211507,-16.074302872769152,0.46967582672114194,0.13868442141516768
-4.758620689655173,0.06989807720771979,-0.7651355681973817,-0.11829970251274256,1.793103448275862,0.296951298285198,-15.895474343466644,0.44007822771355626,0.1008416093552511
-4.758620689655173,0.05217940569280266,-0.7849602982859015,-0.12383634865797995,2.0689655172413794,0.27659858874853827,-15.751072462752747,0.41624333251268225,0.0752789698295393
-4.758620689655173,0.03994622662340519,-0.7987917248256764,-0.12786781075665657,2.3448275862068964,0.26175595312408173,-15.631910822518838,0.3967473718704254,0.057630223051813534
-4.758620689655173,0.0312900325184462,-0.8088317269729538,-0.13085205841412115,2.6206896551724137,0.2506215829876022,-15.531744194999128,0.38053147970007734,0.04514197474361614
-4.758620689655173,0.025017226386114366,-0.8163652333608654,-0.13309865456535738,2.896551724137931,0.24204941368744967,-15.446224770088016,0.3668244555039678,0.03609222844404325
-4.758620689655173,0.020369423711335433,-0.8221774860726585,-0.13481871573478788,3.1724137931034484,0.23530597708631923,-15.372247165085927,0.3550838570151391,0.029386866574109494
-4.758620689655173,0.01685444903573563,-0.8267685062681585,-0.1361556294558439,3.4482758620689653,0.22988014527842132,-15.307538199942263,0.34487884326172363,0.02431583004077087
-4.758620689655173,0.014144210680967495,-0.8304655092198308,-0.1372068551703758,3.7241379310344827,0.22536958071263916,-15.250390051709855,0.33583359559081494,0.020405782606720546
-4.758620689655173,0.012027763489236953,-0.8334934247385922,-0.13805266461637902,4.0,0.22179055937038325,-15.199519297233282,0.3280317323985657,0.01735239473890715
-4.344827586206897,0.0001582410815037516,0.26253202300539114,-0.11867841732899757,-4.0,0.062163333103249,-53.53414607722076,0.1337374029626227,0.0002282936235502575
-4.344827586206897,0.0004240953259995184,0.22506957527006735,-0.0809257867177643,-3.7241379310344827,0.11965836307808678,-50.81015093672919,0.17752730696198357,0.0006118402236827691
-4.344827586206897,0.14793637418365502,0.09387076556945471,0.04822556326516002,-3.4482758620689653,0.24154797760974084,-48.074755911452336,0.20768841016199302,0.21342707340185374
-4.344827586206897,0.0022844525498915136,0.10400119225150743,0.03813374373413685,-3.1724137931034484,0.16511503414598558,-45.36894028360709,0.21850980874333262,0.0032957683648744407
-4.344827586206897,0.002034954002211098,0.18273264254742247,-0.0374816259539867,-2.896551724137931,0.16966781342338583,-42.65628862217278,0.22637962386822194,0.002935818047426597
-4.344827586206897,0.005004993293746152,0.14723226197546863,-0.0032444864676395464,-2.6206896551724137,0.18785404101042266,-39.95371070903891,0.2494563556504984,0.007220679004570574
-4.344827586206897,0.010763458025016659,0.14378159513641098,0.00037088665378489017,-2.3448275862068964,0.19788601135649236,-37.26145149051429,0.2697155881942114,0.015528387515508335
-4.344827586206897,0.011337199177422486,0.14935958058288862,-0.00393633344575225,-2.0689655172413794,0.20816977173177267,-34.58474657788473,0.28885779731938266,0.016356121030837834
-4.344827586206897,0.014463084928369119,0.1542253948058677,-0.006795086986420153,-1.793103448275862,0.222423427029407,-31.929581230968417,0.31352382320028066,0.020865820902113974
-4.344827586206897,0.039206756753761285,0.1566369371714639,-0.006437687471186809,-1.5172413793103448,0.24922950843811398,-29.30523954949824,0.3507932225789939,0.05656339353799078
-4.344827586206897,0.05824802693389475,0.1603858289856134,-0.005571516901533957,-1.2413793103448276,0.2791093943028212,-26.724081433444496,0.3901825808583745,0.08403413959909622
-4.344827586206897,0.15564458342719578,0.16462068707293145,-0.0022986382255313106,-0.9655172413793104,0.3531852682829938,-24.20853813161851,0.435840416846294,0.22454766865164322
-4.344827586206897,0.23970079262325528,0.1762081151007215,0.0026365640885454475,-0.6896551724137931,0.43721221850704745,-21.798530565401173,0.505123574735847,0.34581514481472464
-4.344827586206897,0.283789792150966,0.2095320566061139,-0.004489964859284583,-0.41379310344827586,0.55910812696951,-19.662621808831545,0.664354236733214,0.4094221257911088
-4.344827586206897,0.3218642180999678,0.10851182541752814,-0.03274710680887372,-0.13793103448275862,0.6674050500898419,-18.146362037525456,0.7406259695842081,0.4643519112924279
-4.344827586206897,0.33677323088127253,-0.10734018658515353,-0.04110996084871702,0.13793103448275862,0.66719141142071,-17.124062412721216,0.727536348769993,0.48586107009656576
-4.344827586206897,0.31422554669055347,-0.30253130935068,-0.05218926529055902,0.41379310344827586,0.6044041473452092,-16.401278072566278,0.6789958127556861,0.45333163793108433
-4.344827586206897,0.25771478126542546,-0.4732658054086832,-0.06910059111283932,0.6896551724137931,0.5208784298372245,-15.857338426018964,0.6243170243455972,0.37180383689541285
-4.344827586206897,0.19015408733772987,-0.5990836427947771,-0.08655703519576982,0.9655172413793104,0.4400373872177564,-15.44627781815554,0.5701759884475673,0.27433435880690915
-4.344827586206897,0.13468662052083835,-0.6792882896350939,-0.10084138227129494,1.2413793103448276,0.37781262567574153,-15.135355719425453,0.5217631620709707,0.19431171949950743
-4.344827586206897,0.09576790510328004,-0.7288063158558858,-0.11139873887453743,1.5172413793103448,0.33411572850401533,-14.896290711936286,0.48231482329569864,0.13816388176882688
-4.344827586206897,0.06957193480596424,-0.7603105235891584,-0.1189686549880635,1.793103448275862,0.3037062830522911,-14.70804423765815,0.45074563046488836,0.10037108532961447
-4.344827586206897,0.05186082282056281,-0.7813055273623093,-0.12439877719326699,2.0689655172413794,0.2820975816260067,-14.556208686880383,0.42534606942757247,0.07481935189964739
-4.344827586206897,0.03964612012250113,-0.7959425943959008,-0.12834259775269666,2.3448275862068964,0.26630365942447015,-14.431083162187887,0.4046037833349026,0.057197260891220125
-4.344827586206897,0.031019105448617523,-0.8065561569252494,-0.1312546824288451,2.6206896551724137,0.2544362155867819,-14.32605621958677,0.38738320094999507,0.04475110960353179
-4.344827586206897,0.024779233195237893,-0.8145118543526141,-0.13344262869913753,2.896551724137931,0.24529218783695253,-14.236519590266987,0.37286045241654286,0.035748876847800926
-4.344827586206897,0.02016472236500788,-0.8206429341239405,-0.13511421679780494,3.1724137931034484,0.23809152364830805,-14.159180168135594,0.3604425297070755,0.029091544956899362
-4.344827586206897,0.016654788526784703,-0.825465210565533,-0.1364043399092826,3.4482758620689653,0.2320704415943131,-14.091613680898249,0.3494324416621085,0.02402778081464607
-4.344827586206897,0.014001694986749413,-0.829391267135094,-0.13742125347102865,3.7241379310344827,0.22740262482704984,-14.032036873016857,0.33999844845149896,0.020200175921423646
-4.344827586206897,0.011903482960269107,-0.8325494486441384,-0.13825515243308145,4.0,0.2240012213171117,-13.979059128793567,0.3323489119397903,0.017173095836086727
-3.9310344827586206,0.09143635392378635,0.21967570506221148,-0.07647613831019384,-4.0,0.1540290868761245,-52.30703915769031,0.1714839977423685,0.13191477436281396
-3.9310344827586206,0.006042962817719877,0.1722090780441728,-0.028871688661150613,-3.7241379310344827,0.16499118680714892,-49.5857908913327,0.20755470233497067,0.008718152489400222
-3.9310344827586206,0.005731787737596417,0.08904979744680844,0.05350740057034823,-3.4482758620689653,0.15529684975692956,-46.86111918634106,0.2178585536641613,0.00826922174445821
-3.9310344827586206,0.0071342084315613175,0.11111832042500279,0.03153388251687572,-3.1724137931034484,0.1722742790299921,-44.144129751195464,0.22941417871412248,0.01029248712488151
-3.9310344827586206,0.19541649692105367,0.13983544186842492,0.0037611957298303955,-2.896551724137931,0.30110571598464025,-41.43296766048031,0.27484123633527435,0.28192641101589766
-3.9310344827586206,0.007464641647138226,0.14067407598250714,0.002997929256094914,-2.6206896551724137,0.19120611974605484,-38.731773912859474,0.25829665162179655,0.01076920148633942
-3.9310344827586206,0.026323932321952626,0.1404903586346998,0.0034921626401458574,-2.3448275862068964,0.20721566678804473,-36.04196166375555,0.28299541244666454,0.03797740661757798
-3.9310344827586206,0.03750955202148143,0.14827311376510352,-0.002882643167009993,-2.0689655172413794,0.222584250383389,-33.368380403936364,0.30532369340080484,0.054114844687358055
-3.9310344827586206,0.016687276398659634,0.15352750446329777,-0.006293531391985159,-1.793103448275862,0.22745318045068788,-30.71600174358103,0.3170363818999286,0.024074650906289907
-3.9310344827586206,0.040819490432369765,0.15550799785787234,-0.005237436976712592,-1.5172413793103448,0.2563307617077858,-28.097810885567974,0.3642348190040269,0.058890076418394166
-3.9310344827586206,0.10281687636482828,0.15865314650478962,-0.003836121794316453,-1.2413793103448276,0.30851947609604224,-25.525890752586253,0.4075300125175461,0.1483333976512311
-3.9310344827586206,0.041823831463836614,0.16582278800268893,-0.0029491133507976225,-0.9655172413793104,0.3133335612402744,-23.01515184665559,0.4439874448403182,0.06033903424385256
-3.9310344827586206,0.13678561123279587,0.170723762484616,0.00028738696906030877,-0.6896551724137931,0.38777840652138595,-20.599101165769174,0.4976933819618362,0.1973399229905195
-3.9310344827586206,0.26568901979410264,0.20713220481103276,-0.009220224313321146,-0.41379310344827586,0.5839369656842938,-18.575772838852078,0.7121281971407635,0.38330823127560176
-3.9310344827586206,0.29464789818021075,0.0994756045216209,-0.0370842893890598,-0.13793103448275862,0.6769881424590654,-17.096010353245514,0.7689835078262633,0.4250870615129463
-3.9310344827586206,0.31122663957770746,-0.10008286227569974,-0.04504262060411872,0.13793103448275862,0.6751368874887274,-16.059446884208338,0.753599320554854,0.44900512951129556
-3.9310344827586206,0.2969397602399011,-0.28760947529783226,-0.055192776229993135,0.41379310344827586,0.6160822239187321,-15.309099675506642,0.7041424058272707,0.428393519540863
-3.9310344827586206,0.24941637449875853,-0.45625337055310383,-0.07111246482158441,0.6896551724137931,0.5351937499755988,-14.739420030364219,0.6463478817396745,0.35983176660586347
-3.9310344827586206,0.1872972342976802,-0.5847685150947723,-0.08796205432408115,0.9655172413793104,0.4539951589304164,-14.306304385264655,0.5895217930655968,0.27021279109348173
-3.9310344827586206,0.13376023812840576,-0.6688003649353418,-0.10193582369293475,1.2413793103448276,0.38952675171886497,-13.977630019121825,0.5380788726034681,0.19297523221597723
-3.9310344827586206,0.09532744259407067,-0.7212959659817196,-0.11229819405310991,1.5172413793103448,0.34348027463631553,-13.724751095815785,0.49592214819973346,0.13752842869109294
-3.9310344827586206,0.0692343504420363,-0.7548183761412964,-0.11971853920800625,1.793103448275862,0.3111817891962049,-13.525783313559653,0.4621793222669087,0.09988405404189438
-3.9310344827586206,0.05155409272500777,-0.7771664288173646,-0.12502679413797332,2.0689655172413794,0.28814272355641385,-13.365528301496342,0.43505565049193745,0.0743768339118982
-3.9310344827586206,0.039366508055446836,-0.7927336283316684,-0.1288707504274492,2.3448275862068964,0.27126946189593,-13.233685931675035,0.41294745402440414,0.056793865948708167
-3.9310344827586206,0.030771079168064874,-0.8040075322243281,-0.13170119752756043,2.6206896551724137,0.2585751831940834,-13.123215686384773,0.39463229466299876,0.044393283318568955
-3.9310344827586206,0.02456500077954238,-0.8124464502171385,-0.1338224006883862,2.896551724137931,0.2487876660061026,-13.02920406790184,0.37922180447115034,0.035439804804079156
-3.9310344827586206,0.019981947103208775,-0.8189416444254165,-0.13543884491043862,3.1724137931034484,0.24106088183719906,-12.948138467855415,0.36605351147295423,0.028827855993105
-3.9310344827586206,0.016528997715958393,-0.8240574041195483,-0.13669179825598834,3.4482758620689653,0.23488548863061753,-12.877447540073728,0.3547140803699246,0.02384630303567814
-3.9310344827586206,0.013875946172933196,-0.8281691024253218,-0.13767570771877508,3.7241379310344827,0.2298295313024692,-12.815206939788954,0.34479056261867697,0.020018758731333186
-3.9310344827586206,0.011848963086658948,-0.8315337646941047,-0.1384871002709505,4.0,0.22674249703835067,-12.759904746741704,0.337266376647178,0.01709444028479945
-3.5172413793103448,0.005315996222838626,0.2729837119449986,-0.13068035667972605,-4.0,0.04419767673646197,-51.0731936909118,0.10931459744240475,0.0076693613880736144
-3.5172413793103448,0.0009128244099809724,0.15337568033739327,-0.010213272559956688,-3.7241379310344827,0.17023527061458057,-48.359859501055325,0.20876420559928893,0.0013169272494817363
-3.5172413793103448,0.21123545705697233,0.20724749299062908,-0.06360637989107364,-3.4482758620689653,0.2867751666066347,-45.63305608230749,0.19403309527938245,0.304748346356007
-3.5172413793103448,0.0656873521357062,0.108032207271146,0.03473825980643446,-3.1724137931034484,0.20227032668125514,-42.919544327145175,0.2510941725716651,0.09476681717531044
-3.5172413793103448,0.023051291446769984,0.11679042362532331,0.02590117206684283,-2.896551724137931,0.1895473300932952,-40.210672460666714,0.2561319284604172,0.03325598385634132
-3.5172413793103448,0.14699696385335614,0.1681142253489337,-0.022901522941538795,-2.6206896551724137,0.2684327764076262,-37.51247849876478,0.28048058932916586,0.21207179077697091
-3.5172413793103448,0.023226750421912135,0.14236968548645523,0.0019388498440583168,-2.3448275862068964,0.20933279482112038,-34.825218751228896,0.2904425287259439,0.03350911764965803
-3.5172413793103448,0.01910281577323336,0.14734404321625136,-0.0019117354171883326,-2.0689655172413794,0.21921320705673578,-32.15482015858667,0.3114872247091033,0.02755953758305907
-3.5172413793103448,0.028135341924837798,0.15059071270569252,-0.003493811623200426,-1.793103448275862,0.23823173809174777,-29.50833256354817,0.34195686974956285,0.04059071826867777
-3.5172413793103448,0.05407564547870036,0.15374381779097876,-0.0034900485478854665,-1.5172413793103448,0.2697417699445912,-26.896134449715735,0.3812475773840806,0.0780146655649907
-3.5172413793103448,0.12330573934270928,0.1578394751540353,-0.0018226693727592927,-1.2413793103448276,0.3298392417730559,-24.33478021452184,0.42828453990521365,0.177892578662874
-3.5172413793103448,0.19977803438003972,0.16388315418070137,0.001693479151101844,-0.9655172413793104,0.40526454858638583,-21.850804512858687,0.4934219493171853,0.28821877947862795
-3.5172413793103448,0.2288940780574087,0.17925637695222355,0.004811684238862228,-0.6896551724137931,0.4791403146011922,-19.504189271253313,0.5814299855635306,0.3302243513022747
-3.5172413793103448,0.24185014126769278,0.20106849907894658,-0.015322541330058408,-0.41379310344827586,0.608300283652125,-17.51802968314919,0.7562823139492957,0.3489159994451958
-3.5172413793103448,0.264208514655196,0.09052750146730333,-0.04218596990697603,-0.13793103448275862,0.6866358032684217,-16.069061132053896,0.7980917203101111,0.38117231385369044
-3.5172413793103448,0.28268544889287983,-0.0926815459581887,-0.04968234207243168,0.13793103448275862,0.6834458940096255,-15.015898040022755,0.7808191357537511,0.40782889524922794
-3.5172413793103448,0.27683181667518997,-0.27177043913765914,-0.058760718212610814,0.41379310344827586,0.6283649974814877,-14.235145930685468,0.7307665273789127,0.3993838890775785
-3.5172413793103448,0.23907323012499693,-0.4376431811998776,-0.07350324986935122,0.6896551724137931,0.5505178249588643,-13.636527595712245,0.6699204219447558,0.3449097635106395
-3.5172413793103448,0.1834349536434725,-0.568642071120155,-0.08960201298095465,0.9655172413793104,0.4693139095180307,-13.178351573773384,0.6104009598506066,0.2646406979471343
-3.5172413793103448,0.13247479413953722,-0.6568060194937727,-0.10318938211624458,1.2413793103448276,0.40256698586239503,-12.829357533777522,0.55576516989764,0.19112072854789686
-3.5172413793103448,0.09478912808483764,-0.7126816442360889,-0.11331801479430792,1.5172413793103448,0.35392953481479317,-12.560642777344222,0.5106049770475534,0.13675180501818396
-3.5172413793103448,0.06888928083667767,-0.7485375186488353,-0.12056396470780027,1.793103448275862,0.3194913513509589,-12.349420459721905,0.47446694421056684,0.09938622383348195
-3.5172413793103448,0.051270084968623175,-0.7724574206492033,-0.1257317286962077,2.0689655172413794,0.29482087423258296,-12.179590507888568,0.4454423713879655,0.07396709733018803
-3.5172413793103448,0.03912672272141804,-0.7891062280916012,-0.12946321555498455,2.3448275862068964,0.2767589481329886,-12.040153210705778,0.4218826960018759,0.056447928836427685
-3.5172413793103448,0.03055700216130397,-0.8011415505065314,-0.13219836001613963,2.6206896551724137,0.2630842935432172,-11.923564425442207,0.4023183680840533,0.044084435482545814
-3.5172413793103448,0.024383578693697894,-0.8101368765660025,-0.13424366782655792,2.896551724137931,0.25257019995496005,-11.824550592796738,0.3859399564942934,0.03517806806052404
-3.5172413793103448,0.01983195942122884,-0.8170475489178214,-0.13579848640857414,3.1724137931034484,0.24428209417387806,-11.739341730029624,0.37199300626502074,0.02861146950811788
-3.5172413793103448,0.016406173110855127,-0.8224827816609253,-0.13700081596385733,3.4482758620689653,0.23764485718620612,-11.665178814984023,0.3599906787880788,0.023669104586995893
-3.5172413793103448,0.013772636822199535,-0.8268425975045807,-0.13794248217547253,3.7241379310344827,0.23221243157472113,-11.599998414174255,0.3495120456245135,0.019869714843351538
-3.5172413793103448,0.011725117729133094,-0.8303940478944234,-0.13869318516689683,4.0,0.2277464096000168,-11.542221558438658,0.34032709818875834,0.01691576920165927
-3.103448275862069,0.22630000110858473,0.20642146308960554,-0.06409428024389673,-4.0,0.2750126252751946,-49.85564478880108,0.18158933080455447,0.3264818893525212
-3.103448275862069,0.0008250810681347254,0.21552589147158302,-0.07308704207133641,-3.7241379310344827,0.13346932433069433,-47.13182851880144,0.19458896455706415,0.0011903403653281686
-3.103448275862069,0.035465867111281524,0.035475495644626105,0.10862529713863343,-3.4482758620689653,0.14345289487551532,-44.406972851141425,0.23884973075396107,0.05116643060227277
-3.103448275862069,0.005435936178412648,0.10889608454706054,0.034521595719409034,-3.1724137931034484,0.17476091796273932,-41.699414270357096,0.24082995345201594,0.007842398167185127
-3.103448275862069,0.0423014007978848,0.11489541718402708,0.02848446013200473,-2.896551724137931,0.19866253242484744,-38.99261617188623,0.26205016339444026,0.06102802115376482
-3.103448275862069,0.09286658823660043,0.13213350027497064,0.011161107379918036,-2.6206896551724137,0.24159682154119544,-36.29383019957874,0.2958074218321697,0.1339781663132209
-3.103448275862069,0.00494409795182249,0.14921315322146314,-0.004574355750558659,-2.3448275862068964,0.2056462067054808,-33.611109258733975,0.28304830651514234,0.007132825596763315
-3.103448275862069,0.0059701044162447925,0.14985950705096185,-0.004278013854911645,-2.0689655172413794,0.21904822034528776,-30.94485328707452,0.30749859754089215,0.008613040034904706
-3.103448275862069,0.06221508713238433,0.14794745504357174,-0.0006631958345199109,-1.793103448275862,0.26061417843473556,-28.305740534660224,0.36059276847519883,0.08975739767436552
-3.103448275862069,0.17374612489538088,0.15782398161719552,-0.00764672163813619,-1.5172413793103448,0.33974228344800406,-25.693607597800916,0.3920543058193743,0.2506626727602397
-3.103448275862069,0.16639718357351563,0.155226027760367,0.0012443411143659097,-1.2413793103448276,0.3669327846168355,-23.15440643441816,0.46222501720279124,0.2400603915594015
-3.103448275862069,0.20417554602201338,0.16294806370749595,0.004059133914078069,-0.9655172413793104,0.4269649475544711,-20.692546434310206,0.5283425773738002,0.2945630477167551
-3.103448275862069,0.2173063858745945,0.18229978380436077,0.004650652587848852,-0.6896551724137931,0.5088916270534902,-18.394559079147005,0.6298977660144013,0.3135068452547807
-3.103448275862069,0.2132550296529121,0.19132354365140833,-0.0227600148087028,-0.41379310344827586,0.6316421967289708,-16.492616059729496,0.7955888178592619,0.3076619737248847
-3.103448275862069,0.2307120635011255,0.08174187014736782,-0.048211801389097926,-0.13793103448275862,0.6961710374355219,-15.068471797335405,0.8274181320332632,0.33284714988633324
-3.103448275862069,0.251108718886093,-0.08517330226163446,-0.05517658832315893,0.13793103448275862,0.6919867334907315,-13.996269637572563,0.8088056847998127,0.3622733034609471
-3.103448275862069,0.2536617669696708,-0.25500896241590915,-0.06302244462457997,0.41379310344827586,0.6411627547795741,-13.18211219210355,0.7586236391816417,0.36595657327027586
-3.103448275862069,0.22635896341241213,-0.4173227796162102,-0.07636853049888738,0.6896551724137931,0.5668300555627664,-12.551005922675559,0.6949718987896524,0.32656695397585267
-3.103448275862069,0.17832552250012612,-0.5504679146744499,-0.09153643796732744,0.9655172413793104,0.4860847549138401,-12.064339820260482,0.6328827069622132,0.25726934697486525
-3.103448275862069,0.13072784777832935,-0.6430473451038251,-0.1046381055840385,1.2413793103448276,0.4170992459083013,-11.692036976133018,0.5749134213261696,0.18860041769588287
-3.103448275862069,0.09412872524506954,-0.7027570864623377,-0.11448264467876278,1.5172413793103448,0.3656287937196918,-11.405105492361937,0.5264975015425337,0.1357990451162614
-3.103448275862069,0.06854197114417926,-0.7413197456809824,-0.12152306646800545,1.793103448275862,0.3287696220241039,-11.179818710001936,0.4877069477534898,0.09888516186246177
-3.103448275862069,0.05102266424314439,-0.7670744020386423,-0.12652752419556482,2.0689655172413794,0.3022341319090462,-10.999053559507265,0.45658417730561546,0.07361014467652716
-3.103448275862069,0.03891857529211307,-0.7849801341317388,-0.1301246757716382,2.3448275862068964,0.2827223254510401,-10.850993883142714,0.4313180760149221,0.05614763557239488
-3.103448275862069,0.030391056207923706,-0.7979051605344247,-0.13275465714058557,2.6206896551724137,0.26802078553259995,-10.72749959042652,0.4104896248052422,0.04384502607854879
-3.103448275862069,0.024247665204550906,-0.8075440340861325,-0.1347129994730757,2.896551724137931,0.2566831501648777,-10.62287363651337,0.3930533424019537,0.034981986343741056
-3.103448275862069,0.0197231359793133,-0.8149333794017177,-0.1361973586066388,3.1724137931034484,0.24776067752850625,-10.53304190292608,0.3782564057961133,0.02845447046813332
-3.103448275862069,0.016319522386255114,-0.8207336492355195,-0.1373411721959924,3.4482758620689653,0.24059643408500944,-10.455025037172074,0.3655223681940064,0.02354409401632651
-3.103448275862069,0.013711178019708115,-0.825380628510265,-0.1382328546621824,3.7241379310344827,0.23474395872818318,-10.386596787761901,0.3544333761444878,0.019781048533778822
-3.103448275862069,0.011683455294581258,-0.8291552401855816,-0.13895179015223594,4.0,0.23002796905961959,-10.326053799304654,0.34484864344632826,0.016855663013940703
-2.689655172413793,0.002266161993830007,0.21982848079577458,-0.07851080916705902,-4.0,0.12492633139654162,-48.60699655410942,0.18103712735191266,0.003269380670348987
-2.689655172413793,0.007263863176311336,0.07528930151123366,0.06948505236330944,-3.7241379310344827,0.14457574624665215,-45.910904509620174,0.2180848160260182,0.010479539382159953
-2.689655172413793,0.1786906642776993,0.2390299037924873,-0.09715952610256506,-3.4482758620689653,0.2266303695573487,-43.16259301435628,0.17900195441386657,0.25779613520659117
-2.689655172413793,0.00874963317194477,0.10644894573038247,0.037540472997659675,-3.1724137931034484,0.1776140022353978,-40.48079709510318,0.25050295158716046,0.012623052386761646
-2.689655172413793,0.01599524180403944,0.16031871172421067,-0.016517184925995163,-2.896551724137931,0.19357047190449844,-37.77656481572103,0.2658274982549883,0.023076256028506936
-2.689655172413793,0.017024900741437143,0.16094970904409753,-0.01656476705656177,-2.6206896551724137,0.20184748072615794,-35.08234317702298,0.280882935034064,0.02456173987129784
-2.689655172413793,0.06264586736993327,0.14245552661608557,0.0016386870889644062,-2.3448275862068964,0.23536269303554253,-32.40062756948399,0.30787173189790673,0.09037888218679102
-2.689655172413793,0.18875538845849538,0.13868958138768916,0.007098451306994887,-2.0689655172413794,0.3341569126454416,-29.744792151784285,0.37300264082451695,0.2723164628701409
-2.689655172413793,0.07406524534518444,0.14524494680443295,0.002324074333741056,-1.793103448275862,0.27500886948379344,-27.109386247302695,0.3788126479025224,0.1068535621617217
-2.689655172413793,0.15438922561100044,0.14675561359722494,0.0033475340965538544,-1.5172413793103448,0.34421021762596254,-24.517828276982264,0.4379264899783718,0.22273657015567716
-2.689655172413793,0.19280549849776718,0.15212794784091743,0.0044884821968719,-1.2413793103448276,0.39818644850612744,-21.986846698753588,0.4957032924371838,0.27815953653885295
-2.689655172413793,0.1969443008268048,0.16199222409338332,0.0065933227206476114,-0.9655172413793104,0.4479937559104238,-19.554200222230644,0.5717025928709845,0.2841305661341753
-2.689655172413793,0.19887382492796335,0.1853376807989042,0.002298700665201347,-0.6896551724137931,0.5442676040002317,-17.32094020012236,0.6965455952709012,0.2869142809861933
-2.689655172413793,0.18113596936541332,0.17841191609922522,-0.031528094378809636,-0.41379310344827586,0.6534668291659342,-15.502558754648144,0.8356895274810026,0.2613239647300971
-2.689655172413793,0.19459734964209408,0.07319810277587739,-0.05534384703275542,-0.13793103448275862,0.7053447550070316,-14.097343407384551,0.8562204191211881,0.28074463129878513
-2.689655172413793,0.216653417769604,-0.07760946319375224,-0.06169665061091591,0.13793103448275862,0.7005550841341093,-13.003658331250781,0.8369674115804971,0.31256481140785297
-2.689655172413793,0.22729070804151807,-0.23735674478649735,-0.06813532149264534,0.41379310344827586,0.6543129708288707,-12.153027551891533,0.7874762876774731,0.32791117733163944
-2.689655172413793,0.21095449576692604,-0.39520763522906105,-0.07983016455545767,0.6896551724137931,0.5840499441523265,-11.485565341895098,0.7228736531809299,0.3043430048961757
-2.689655172413793,0.17168702675067293,-0.5300022441560975,-0.0938435961449751,0.9655172413793104,0.5043641390957401,-10.966531141548717,0.6569826352681643,0.2476920220781662
-2.689655172413793,0.12838799860460903,-0.6272271646119341,-0.10632911238261958,1.2413793103448276,0.4332930701328069,-10.567452321743762,0.5956337384901488,0.1852247288965283
-2.689655172413793,0.09331339200020605,-0.6912738113321494,-0.11582325544811702,1.5172413793103448,0.37876590588970976,-10.259499153510356,0.5437791455671008,0.13462276788722471
-2.689655172413793,0.06819892287033613,-0.7329839685194052,-0.12261854379816829,1.793103448275862,0.33917557478794963,-10.018004845171742,0.5020085002603991,0.09839024781900196
-2.689655172413793,0.05083009943126249,-0.7608900215120116,-0.12743142423157555,2.0689655172413794,0.3105052206550242,-9.824696332190642,0.4685697392157032,0.07333233237737602
-2.689655172413793,0.038785533299320774,-0.780272140666416,-0.13087459175060348,2.3448275862068964,0.2893781816681537,-9.666804274495348,0.4414765786316715,0.0559556965491641
-2.689655172413793,0.03029164177058452,-0.7942341362326645,-0.13338037862852256,2.6206896551724137,0.27345341635299725,-9.535484948833352,0.4192010154636921,0.043701601362807097
-2.689655172413793,0.024173198234631377,-0.8046211848561741,-0.135238473663037,2.896551724137931,0.26117847267658434,-9.424538001724551,0.4006057345243902,0.03487455321552835
-2.689655172413793,0.01967136256347768,-0.8125644179323325,-0.13664299659889187,3.1724137931034484,0.251548228679478,-9.329529507339707,0.38489131246623104,0.028379777217857782
-2.689655172413793,0.016282829538506016,-0.8187836943084957,-0.13771949528294475,3.4482758620689653,0.2437875788648533,-9.247220172176519,0.37136120493203995,0.0234911574268426
-2.689655172413793,0.013688291555257859,-0.8237505531547729,-0.13856069209243166,3.7241379310344827,0.23750288837998892,-9.175193542041939,0.3596655735002766,0.019748030345012157
-2.689655172413793,0.011631530415880276,-0.8277698142186402,-0.13920056790413268,4.0,0.2314082684279049,-9.111522709522422,0.34830584902542194,0.01678075124893974
-2.2758620689655173,0.0030511656186644753,0.06319582106637729,0.08289702025981328,-4.0,0.12551235779050046,-47.4121029526662,0.19764850342825485,0.0044019015069780565
-2.2758620689655173,0.0021479226979415067,0.20542261222266678,-0.06429847120757594,-3.7241379310344827,0.14703738426575788,-44.68947124819796,0.21065089642430948,0.0030987974245326733
-2.2758620689655173,0.011223968701570053,0.17209848267420128,-0.029579450020883923,-3.4482758620689653,0.17798398246636085,-41.975037011827176,0.2372863419024639,0.01619276398484759
-2.2758620689655173,0.0029005613605190828,0.09738203989953144,0.047582126244671286,-3.1724137931034484,0.17149104179252067,-39.26470020572483,0.24731639510141137,0.004184625490614824
-2.2758620689655173,0.0063078476956193175,0.12104219397603604,0.02335967721120652,-2.896551724137931,0.19231236735669133,-36.56426718564915,0.27220626611286247,0.009100300589152344
-2.2758620689655173,0.05337842794938519,0.12462697910691092,0.020133602690554465,-2.6206896551724137,0.2268856537619193,-33.875057775142274,0.3129063766937194,0.07700879329302657
-2.2758620689655173,0.028360426485820378,0.1352974232620817,0.00967530015511317,-2.3448275862068964,0.22585754828012725,-31.199315721017122,0.3258645408320026,0.040915446648588816
-2.2758620689655173,0.006693412148105038,0.14296947278910638,0.002592587533229092,-2.0689655172413794,0.23247422757853795,-28.542808547001282,0.3326163878153984,0.009656552512697036
-2.2758620689655173,0.035876706121910296,0.1479461403411877,-0.000882984734747387,-1.793103448275862,0.26385987685133866,-25.915382594608808,0.37400858505139334,0.0517591460055109
-2.2758620689655173,0.1119771061542616,0.14514959182770817,0.005761661024050251,-1.5172413793103448,0.33321981317121085,-23.341986823378342,0.45603562105582923,0.16154881574184987
-2.2758620689655173,0.17684587379732908,0.15176415696319218,0.007824578806255044,-1.2413793103448276,0.40940273386234877,-20.83446033135438,0.533303077761969,0.25513466512908156
-2.2758620689655173,0.18488021931505272,0.1635040514592805,0.008842936200029199,-0.9655172413793104,0.47524182761631334,-18.443436118668807,0.6239429997732092,0.26672577556429067
-2.2758620689655173,0.17238036994042338,0.18626056703109858,-0.0034939011487861915,-0.6896551724137931,0.5823489205164167,-16.292323289731343,0.7720588479925727,0.2486923048596541
-2.2758620689655173,0.1468568292673933,0.1631798555700438,-0.041692330102107496,-0.41379310344827586,0.673244419634707,-14.550695919972036,0.8698211011079987,0.21186961930474535
-2.2758620689655173,0.15665771438981602,0.06497834596010817,-0.06378160621508798,-0.13793103448275862,0.7138354907446791,-13.158821646992308,0.8835464110136797,0.22600930766718674
-2.2758620689655173,0.17976892017491797,-0.0700570088813135,-0.06943448840593659,0.13793103448275862,0.7088635119881593,-12.041338738599386,0.8644813525297833,0.25935172964231823
-2.2758620689655173,0.197764393993902,-0.2188965296802369,-0.07428640560553901,0.41379310344827586,0.6675595265655707,-11.151233981100551,0.8176031342764813,0.2853137104794139
-2.2758620689655173,0.19259541941013425,-0.3712617209700825,-0.08404203092526973,0.6896551724137931,0.6020115249731929,-10.443305331885941,0.7521496886504255,0.2778564564809307
-2.2758620689655173,0.1632067501796557,-0.5070107360080346,-0.0966265386436457,0.9655172413793104,0.5241479300098238,-9.887577409939858,0.6826257346329323,0.2354575691237928
-2.2758620689655173,0.1252892973222124,-0.6090107032991435,-0.1083245978928499,1.2413793103448276,0.45130709633606286,-9.457727100152724,0.6180067025067423,0.1807542479232187
-2.2758620689655173,0.09229816778209776,-0.6779342351851153,-0.11738001735981989,1.5172413793103448,0.39354898826008394,-9.125451346601873,0.5625247776844677,0.13315810894236924
-2.2758620689655173,0.06786756857017928,-0.7233086488335881,-0.1238790429517018,1.793103448275862,0.35089528937750547,-8.865206109938464,0.5175128685229293,0.09791220461338934
-2.2758620689655173,0.050715932014938625,-0.7537478498036237,-0.12846490556938508,2.0689655172413794,0.31978076636084957,-8.657445272937249,0.4814983673843373,0.07316762361201379
-2.2758620689655173,0.03874558391668592,-0.7748701629437982,-0.13172730107530656,2.3448275862068964,0.2967950355741177,-8.488290547028896,0.4523864459310464,0.05589806177294987
-2.2758620689655173,0.030282393700552523,-0.7900503173141676,-0.1340881393996609,2.6206896551724137,0.2794649246625372,-8.348064920810465,0.4285150456871768,0.0436882592180341
-2.2758620689655173,0.02418053374411966,-0.8013117573854799,-0.13582982542778482,2.896551724137931,0.26611792936036377,-8.22996902352696,0.4086462368071135,0.03488513611868971
-2.2758620689655173,0.0196871946634265,-0.8098987394965393,-0.1371393169830429,3.1724137931034484,0.25563274417545656,-8.12914109453885,0.39187290136101416,0.028402618109940825
-2.2758620689655173,0.0163099525224768,-0.816602369544148,-0.13814109365284521,3.4482758620689653,0.2472522086791258,-8.042033563715151,0.3775340683102762,0.02353028762131082
-2.2758620689655173,0.01372136953633496,-0.8219403434466955,-0.1389208548575693,3.7241379310344827,0.24044456199970066,-7.966005138439855,0.3651364272814619,0.019795751784275506
-2.2758620689655173,0.011700321111787426,-0.826265937196449,-0.13953507202436638,4.0,0.23482631408754817,-7.899051813722365,0.3542904143840488,0.01687999524478423
-1.8620689655172413,0.007876708727676096,0.054632738333046306,0.09315031686219412,-4.0,0.11955350384487452,-46.19214467749016,0.205146782674217,0.011363688619944856
-1.8620689655172413,0.06791590388702873,0.06277796382531366,0.08515856404508085,-3.7241379310344827,0.20857423479746226,-43.47423446492908,0.28204566990822477,0.09798193773530794
-1.8620689655172413,0.09668921899239513,0.0664738961138681,0.08031911932173764,-3.4482758620689653,0.2415229727462688,-40.75431103268414,0.29938147476011756,0.13949305674775525
-1.8620689655172413,0.0072210483141923465,0.16013156203395887,-0.017182992135020912,-3.1724137931034484,0.1900761893182099,-38.05359873482551,0.26248211256934356,0.01041777059290494
-1.8620689655172413,0.02378581983955863,0.11379393643147459,0.0318900433244234,-2.896551724137931,0.202779793334745,-35.35683989360699,0.2939812366066345,0.034315684326009066
-1.8620689655172413,0.04038822882209958,0.11851581530887509,0.027304067837697947,-2.6206896551724137,0.22326779755407894,-32.67165189970928,0.3210033992146136,0.05826789743193128
-1.8620689655172413,0.057855680245405994,0.13650970514275138,0.009294156759673211,-2.3448275862068964,0.2474368387747163,-30.002919079378252,0.34676357506633315,0.08346810297730434
-1.8620689655172413,0.04950744733912171,0.13595995094504384,0.010732944492198198,-2.0689655172413794,0.2606772141618167,-27.356208107750387,0.3797294992015791,0.07142414876322212
-1.8620689655172413,0.11661933866050922,0.13792666097491338,0.011889947528052325,-1.793103448275862,0.32171903935387774,-24.745482873710927,0.4398038591903968,0.16824614155726714
-1.8620689655172413,0.012717683041565175,0.14834422344098366,0.0028403163020764574,-1.5172413793103448,0.30432522223331615,-22.171482844725833,0.4471830256412009,0.018347738255663604
-1.8620689655172413,0.17509173358576358,0.15037107422458598,0.011864892685585462,-1.2413793103448276,0.4345516069798441,-19.70621201919035,0.5791697240961718,0.2526039757448322
-1.8620689655172413,0.16729909301837487,0.16596858591635408,0.00975150146260005,-0.9655172413793104,0.5097709049059519,-17.370429367544094,0.6837692189673993,0.24136157184283036
-1.8620689655172413,0.13977310788516095,0.18254650244167786,-0.013419714135101696,-0.6896551724137931,0.6188732058580976,-15.315789061990177,0.8379031455011454,0.20164996959555959
-1.8620689655172413,0.11200423145388316,0.1465986512253026,-0.053386449272974604,-0.41379310344827586,0.6904180713199901,-13.639626625637964,0.8964228189960508,0.16158794927709685
-1.8620689655172413,0.11811345417949748,0.0571630044845555,-0.07373264326206856,-0.13793103448275862,0.7212615368142604,-12.255980823472916,0.9082658991263972,0.17040169460702614
-1.8620689655172413,0.14130306909328394,-0.06259792068220785,-0.0785946061435087,0.13793103448275862,0.7165405878530461,-11.112667637519431,0.8902865396089207,0.2038572370432714
-1.8620689655172413,0.16542710503982083,-0.19977555251135007,-0.08169036228281944,0.41379310344827586,0.6805363021559138,-10.18033171534014,0.8472961256154914,0.23866086406956688
-1.8620689655172413,0.17115045924916772,-0.34552331257159097,-0.0891951302841912,0.6896551724137931,0.6204348118940556,-9.427717473433079,0.7820995075429161,0.2469179188046433
-1.8620689655172413,0.15256775352302054,-0.48129526661450006,-0.10002048643274417,0.9655172413793104,0.5453369561293185,-8.830563360136841,0.7095951472476032,0.22010874140723136
-1.8620689655172413,0.12122847661857272,-0.5880340145466665,-0.11070731122693932,1.2413793103448276,0.47126477211007517,-8.365384038282613,0.6420538867770643,0.17489572203213788
-1.8620689655172413,0.09102152178414058,-0.6623858328188766,-0.11920524786075823,1.5172413793103448,0.4101991717737708,-8.004914027070575,0.5828513200284522,0.13131629809214607
-1.8620689655172413,0.06755543933964536,-0.7120229977690692,-0.1253410239781365,1.793103448275862,0.3641434676660983,-7.722895588705079,0.5343852403011226,0.09746189732038157
-1.8620689655172413,0.05070998851106112,-0.7454550848379936,-0.1296549019454158,2.0689655172413794,0.3302351714954911,-7.498408120711985,0.49547959752260823,0.07315904894844394
-1.8620689655172413,0.0388319206220078,-0.7686389196064027,-0.13270315497798965,2.3448275862068964,0.3051060900387124,-7.316291620705185,0.46413690566939403,0.05602261930956409
-1.8620689655172413,0.030393590679942184,-0.7852580511033808,-0.1348934751755387,2.6206896551724137,0.2861550962055484,-7.165882128588205,0.43850254802809746,0.04384868254876162
-1.8620689655172413,0.02429551180736267,-0.7975470752055264,-0.13649900377350047,2.896551724137931,0.2715762556339369,-7.039665253413595,0.4172309684463781,0.03505101440034064
-1.8620689655172413,0.019799402588260184,-0.8068857215006265,-0.1376993784710013,3.1724137931034484,0.2601438771983969,-6.932268276367154,0.399328646466429,0.028564499926646558
-1.8620689655172413,0.016416946733009086,-0.8141512100218168,-0.1386135896272148,3.4482758620689653,0.251022141749195,-6.839776740756664,0.38406746693396276,0.0236846476382504
-1.8620689655172413,0.013822636670133726,-0.8199189429740649,-0.13932161110829472,3.7241379310344827,0.24362762890939096,-6.759282722565912,0.3709045729276565,0.0199418493760124
-1.8620689655172413,0.011797478920405391,-0.8245785057600177,-0.13987806187570362,4.0,0.2375535565942347,-6.688585613276429,0.3594385707243175,0.017020164333460652
-1.4482758620689655,0.0030556010192885896,0.21574213255430322,-0.07735563091049455,-4.0,0.13608594472411034,-44.97414044299194,0.2047523684222483,0.004408300437462653
-1.4482758620689655,0.001637561750250649,0.035997173062046306,0.11514218727062557,-3.7241379310344827,0.09000971768494388,-42.25334866144173,0.17641266677367,0.0023625022162359066
-1.4482758620689655,0.008588290251492436,0.10088370449466252,0.046089583756319885,-3.4482758620689653,0.17702448862599005,-39.550261182342254,0.2581391072181815,0.01239028375554252
-1.4482758620689655,0.042635492110876916,0.12690331886275139,0.018553608701398848,-3.1724137931034484,0.21009088453717734,-36.84804478330142,0.28276094228365134,0.06151001303422232
-1.4482758620689655,0.14148686811040956,0.11445201324435181,0.03111317046088454,-2.896551724137931,0.2807310881013324,-34.14902505733395,0.3274832837891422,0.20412240297379824
-1.4482758620689655,0.019945490357303086,0.13921921051786482,0.00628213886107548,-2.6206896551724137,0.2221837248924241,-31.474508737491654,0.3252132177217377,0.028775260026579375
-1.4482758620689655,0.028686587265934982,0.13513408398326443,0.011780183375921547,-2.3448275862068964,0.24100579828888563,-28.813084749776856,0.3588721578906538,0.04138599718859215
-1.4482758620689655,0.12071652750809059,0.1296209374098682,0.020288347396472502,-2.0689655172413794,0.31360004284466936,-26.18073976263164,0.4262696252787372,0.17415713558925816
-1.4482758620689655,0.12074033822001495,0.13408592228574426,0.01721464100877355,-1.793103448275862,0.3385673821131797,-23.582961291808818,0.47117481354026675,0.17419148718527167
-1.4482758620689655,0.16440288538641457,0.1404156869270944,0.017455676058806782,-1.5172413793103448,0.4041821836254175,-21.047552209091414,0.5462905061674438,0.23718322745481712
-1.4482758620689655,0.16104606962964385,0.1514031556431008,0.015631223928353175,-1.2413793103448276,0.461371627644714,-18.60846316237475,0.6342949553671775,0.23234036600934527
-1.4482758620689655,0.1446647158085963,0.16884090260969623,0.007322599614970037,-0.9655172413793104,0.5512390849454636,-16.34747420601803,0.7445080369383068,0.20870706808867334
-1.4482758620689655,0.10594425674148078,0.1730655103855783,-0.027302008760878065,-0.6896551724137931,0.6505734385444766,-14.395011509713438,0.885340768909815,0.15284525381160163
-1.4482758620689655,0.07854935424913445,0.12959814341085243,-0.06679055684209198,-0.41379310344827586,0.7044705214832747,-12.771639101062226,0.9181978277398393,0.11332276384025652
-1.4482758620689655,0.08067688027106823,0.04982428337395322,-0.08539827051029601,-0.13793103448275862,0.7272048836567775,-11.391713380562447,0.9291313976376577,0.11639213508146273
-1.4482758620689655,0.10261289270866736,-0.05532555226284148,-0.0893794764462849,0.13793103448275862,0.7231439403277246,-10.220966541112416,0.9131117836141747,0.14803911144206605
-1.4482758620689655,0.1310656187023993,-0.180214259209577,-0.09058090771526718,0.41379310344827586,0.6927622580100959,-9.24408616228955,0.87536338717644,0.18908771813299552
-1.4482758620689655,0.14674164902781262,-0.3181335657646204,-0.09551997701664784,0.6896551724137931,0.6388991168301663,-8.442656578640037,0.8118663958760549,0.2117034493442933
-1.4482758620689655,0.13950507638120535,-0.45273205186035526,-0.1042010654198486,0.9655172413793104,0.5676953250293925,-7.799035440609281,0.7377785220659847,0.201263281874001
-1.4482758620689655,0.1159704278862781,-0.5639234673721224,-0.11358786238701761,1.2413793103448276,0.4932170448521605,-7.29340625592199,0.6676932686506929,0.1673099612013047
-1.4482758620689655,0.08940055064015584,-0.6442186202541055,-0.12136779226606453,1.5172413793103448,0.42893506576080104,-6.900229559959466,0.60484392191473,0.1289777310612954
-1.4482758620689655,0.06726854316664554,-0.6987973438549344,-0.1270513035597512,1.793103448275862,0.3791621157041738,-6.592847850029043,0.5527112621755821,0.09704799363434491
-1.4482758620689655,0.050849253873815226,-0.7357735889255057,-0.13103542605764842,2.0689655172413794,0.3420741728329441,-6.348916088944896,0.5106723159510119,0.07335996639665687
-1.4482758620689655,0.03908671612153136,-0.7614111369552783,-0.1338275779138504,2.3448275862068964,0.3144711978921181,-6.151810146553489,0.47682712631653884,0.05639021151316781
-1.4482758620689655,0.030663782400301764,-0.7797395523419264,-0.13581561131504108,2.6206896551724137,0.2936443908665066,-5.9896994400710835,0.4492433487784187,0.044238486803812815
-1.4482758620689655,0.024550816152977717,-0.7932430764824419,-0.13726064447245415,2.896551724137931,0.27764343334421127,-5.854214317775309,0.4264232228120537,0.03541934071367736
-1.4482758620689655,0.020032381994963044,-0.8034646324334709,-0.13833323459951702,3.1724137931034484,0.26512281041129315,-5.73936953020579,0.4072787103447547,0.028900618161326275
-1.4482758620689655,0.016627339814617725,-0.811386255114772,-0.1391451816565973,3.4482758620689653,0.25515710724339474,-5.640811778034634,0.3910084440507465,0.023988180693724104
-1.4482758620689655,0.014012852884491833,-0.817651626458313,-0.1397711521395481,3.7241379310344827,0.24710643964665668,-5.555315600980695,0.37702413585112604,0.020216273365163406
-1.4482758620689655,0.011969019027765926,-0.8226947139599748,-0.14026094829479968,4.0,0.24050040873878503,-5.480447558113772,0.36486452571352224,0.017267644395662973
-1.0344827586206897,0.012371282720612387,0.04971005846587057,0.10242001477156049,-4.0,0.12454864209839785,-43.76298826572734,0.22752558041900525,0.01784798823046252
-1.0344827586206897,0.018831323224154817,0.07374085089688184,0.07691267596824822,-3.7241379310344827,0.15771028237554793,-41.050942570355794,0.25107309010351936,0.027167856628865117
-1.0344827586206897,0.015161538448100975,0.07621409100091138,0.07504739712529951,-3.4482758620689653,0.16505432194436492,-38.343570668864665,0.2676190274537068,0.02187347633132175
-1.0344827586206897,0.01281146245058351,0.09207701185726805,0.058214651009969455,-3.1724137931034484,0.18352097054931282,-35.645221873023985,0.2864207222428588,0.018483033343991817
-1.0344827586206897,0.008259259054271162,0.15856450543545914,-0.016069061629547562,-2.896551724137931,0.20880937523249113,-32.95608270137346,0.29349788583399955,0.011915592079013937
-1.0344827586206897,0.06477955727534757,0.1142453003294569,0.036129843275399365,-2.6206896551724137,0.2518911302782278,-30.288765665877285,0.3658597682405448,0.09345714603212629
-1.0344827586206897,0.04254839945683009,0.12761634035766936,0.021578336668757213,-2.3448275862068964,0.25697718414152965,-27.635450573567393,0.3861689240450314,0.061384364894130794
-1.0344827586206897,0.14504449699972954,0.12481538853961008,0.029314928876663378,-2.0689655172413794,0.3440341414924382,-25.018382573812506,0.4635982138163386,0.20925497652974423
-1.0344827586206897,0.10438574010446389,0.13306825975583061,0.02360400831211019,-1.793103448275862,0.3491844150363809,-22.438117363381753,0.5077036591004007,0.15059678958823453
-1.0344827586206897,0.15477534274913318,0.14023794302942325,0.023021802376193744,-1.5172413793103448,0.4263633243859233,-19.936669086404223,0.595314393527486,0.22329361943606374
-1.0344827586206897,0.14511463453563844,0.15405643104200978,0.0179065621396221,-1.2413793103448276,0.4961665286285099,-17.55320883163442,0.6959778330580871,0.20935616360497988
-1.0344827586206897,0.11927896332440135,0.16917275200086085,-0.0008188772189657796,-0.9655172413793104,0.5951741706889375,-15.386307796421615,0.8178571153497686,0.17208316887049024
-1.0344827586206897,0.07614925250327009,0.1587300842399421,-0.04456781445169622,-0.6896551724137931,0.6760570974259487,-13.53084727755476,0.9145670132615366,0.10986014895386953
-1.0344827586206897,0.04904824045055389,0.11294793311032307,-0.08210272044887236,-0.41379310344827586,0.7149861494348665,-11.948678272239821,0.9368582668007103,0.07076165326234385
-1.0344827586206897,0.04665041563941674,0.04301927396821935,-0.09895335929849201,-0.13793103448275862,0.7312410205746026,-10.568652241233291,0.9448510114573349,0.06730232329839492
-1.0344827586206897,0.0656873537409004,-0.04833784254338621,-0.10196737110717113,0.13793103448275862,0.7281878415124677,-9.369402107133578,0.9315402053009223,0.0947668194911162
-1.0344827586206897,0.0960824425260205,-0.1605052702668577,-0.1011926329139936,0.41379310344827586,0.7036552290216703,-8.346300129901914,0.9003202292316385,0.13861766334878878
-1.0344827586206897,0.11991622555277526,-0.2893623903992625,-0.10328275763637916,0.6896551724137931,0.6568263779293292,-7.4922697724375995,0.8402442446676002,0.17300254392711079
-1.0344827586206897,0.12390870452786795,-0.4213202366523472,-0.10939188091998032,0.9655172413793104,0.5908065647935844,-6.797004374433088,0.768211516323876,0.17876247354533126
-1.0344827586206897,0.10927231495519352,-0.5363314756154978,-0.11711401955680809,1.2413793103448276,0.5170898805514585,-6.245292792572819,0.694675837905092,0.15764662689231423
-1.0344827586206897,0.08732788699453287,-0.6229699150457845,-0.12395909209878173,1.5172413793103448,0.4499442977913178,-5.8142046591528675,0.6285221815769314,0.12598750949832427
-1.0344827586206897,0.06700871244391338,-0.6832337922739168,-0.12907054855379677,1.793103448275862,0.3962137379258879,-5.477206250039869,0.5726059426492163,0.09667313713918757
-1.0344827586206897,0.05117829696104348,-0.7244091836255953,-0.13264973589614693,2.0689655172413794,0.3555371155202763,-5.210576474931077,0.5271998434470841,0.07383467522683995
-1.0344827586206897,0.03956282871417072,-0.7529791476364027,-0.1351325171344788,2.3448275862068964,0.32508136495378437,-4.996051169226793,0.49056583726993036,0.05707709678947337
-1.0344827586206897,0.031141627843868314,-0.7733490169185112,-0.13687848921308704,2.6206896551724137,0.3020781455684535,-4.820427775671763,0.46082649680117405,0.044927872055558815
-1.0344827586206897,0.024987713866020833,-0.7882963811212693,-0.13813284709104415,2.896551724137931,0.2844285145225702,-4.674312851494809,0.43629451960301474,0.03604965087766043
-1.0344827586206897,0.020420009850186993,-0.7995610133976593,-0.13905461957772264,3.1724137931034484,0.27065144736081376,-4.550984382549076,0.41578039847042686,0.02945984694576831
-1.0344827586206897,0.016968240612895924,-0.8082526910640339,-0.13974664958450828,3.4482758620689653,0.25971746064215057,-4.445561799876331,0.3984022825009968,0.024479996584835018
-1.0344827586206897,0.014312269830920599,-0.8150980876187036,-0.14027641867936572,3.7241379310344827,0.2509066783736387,-4.354439621489264,0.3835061825587001,0.020648240708933674
-1.0344827586206897,0.012233266819545507,-0.8205862449056097,-0.1406891126205337,4.0,0.24370896320151422,-4.2749071374778795,0.3706027081034056,0.017648873374429552
-0.6206896551724138,0.009052090650066402,0.1931562014320905,-0.055557901899609914,-4.0,0.16514367887637543,-42.553844962743035,0.2358990624914163,0.013059406290527598
-0.6206896551724138,0.03659184302441232,0.07006879300359267,0.08394166704497505,-3.7241379310344827,0.17539769609271014,-39.8475204275945,0.2791367412587542,0.052790870468307105
-0.6206896551724138,0.033796978242943476,0.07547825520412912,0.07937821187315726,-3.4482758620689653,0.18989573422896835,-37.14542599335474,0.30152686333597795,0.04875873290812649
-0.6206896551724138,0.02615039380285933,0.13372948344506394,0.012803838955085753,-3.1724137931034484,0.21601857141151146,-34.45277218283027,0.31211275066575217,0.0377270434566781
-0.6206896551724138,0.03751342246650591,0.10361687155642803,0.04963691904426803,-2.896551724137931,0.22426508997947645,-31.773772579108265,0.3433105736350576,0.054120428559200295
-0.6206896551724138,0.060420007620918925,0.12098825721784874,0.03135003743583216,-2.6206896551724137,0.259339164026672,-29.111803091388964,0.38180007530498294,0.0871676453651733
-0.6206896551724138,0.13212178577229472,0.1174134622397445,0.03963556426285679,-2.3448275862068964,0.326585310178778,-26.476721141797363,0.4471831920917567,0.19061144512708328
-0.6206896551724138,0.13824780645191992,0.12163231604992973,0.03778997626453479,-2.0689655172413794,0.3553532678639822,-23.87338797342812,0.49684262806581364,0.19944942478196115
-0.6206896551724138,0.14607915959935336,0.13090834717519448,0.0336794075682198,-1.793103448275862,0.39823887408680747,-21.324064030239324,0.564141146789899,0.21074767913121484
-0.6206896551724138,0.14209574975100492,0.14279937243638685,0.027735832178377513,-1.5172413793103448,0.4541734570417493,-18.862345019998276,0.651503944270144,0.20500083349717357
-0.6206896551724138,0.12898108286690735,0.1578920411381452,0.0162736220363223,-1.2413793103448276,0.5390537684311958,-16.553635366773108,0.7567099878638902,0.18608036862057542
-0.6206896551724138,0.09671891120844056,0.16378895962266377,-0.016066376238198097,-0.9655172413793104,0.6353893167346562,-14.49438992742122,0.8779521871346716,0.1395358935605966
-0.6206896551724138,0.05472961109729879,0.14149764994625494,-0.06479087553111083,-0.6896551724137931,0.6949911028905864,-12.722945109342701,0.9305444911538958,0.07895813851985478
-0.6206896551724138,0.027066636258061605,0.09719408397690231,-0.09950302929487038,-0.41379310344827586,0.7216698057171503,-11.172388748232397,0.9515106819446645,0.03904890190305066
-0.6206896551724138,0.019198941264019664,0.036785117455298603,-0.11451766693653442,-0.13793103448275862,0.7329659840427134,-9.78914534135011,0.9541514156913348,0.027698217351918686
-0.6206896551724138,0.03334175347648394,-0.04172860958085386,-0.11648162118189366,0.13793103448275862,0.7311805664325897,-8.560888482693029,0.9441010425950751,0.04810198239506569
-0.6206896551724138,0.06271380803677418,-0.14099886696863445,-0.11373027588620017,0.41379310344827586,0.7125680373390194,-7.490666368168702,0.9204577666871971,0.09047689984991614
-0.6206896551724138,0.09188006764835399,-0.259623235560112,-0.11277003230029159,0.6896551724137931,0.6734847053335324,-6.580878577520122,0.8662879215424748,0.13255491795282293
-0.6206896551724138,0.10599406993610372,-0.3872352513304887,-0.11586810681849628,0.9655172413793104,0.6140375328213009,-5.8289074035062685,0.7981107316134123,0.1529171190604548
-0.6206896551724138,0.10094416940824735,-0.5049930052406038,-0.12148149059820082,1.2413793103448276,0.5426180369835373,-5.2250967808259485,0.7225025010160602,0.14563165261193367
-0.6206896551724138,0.08467561159331116,-0.598142570342816,-0.12710143818818484,1.5172413793103448,0.47333658040910104,-4.750187908654816,0.6537877558453595,0.12216108492990996
-0.6206896551724138,0.06677008733242062,-0.664859614375559,-0.13147810486297978,1.793103448275862,0.4155648132120572,-4.378562484849898,0.5941471371920445,0.09632887387420519
-0.6206896551724138,0.05174878156106777,-0.7109994945027976,-0.1345532508369611,2.0689655172413794,0.37089613646573527,-4.08533781536313,0.5451630380984184,0.07465771053019843
-0.6206896551724138,0.04032526741270859,-0.7430844509918666,-0.13665836064289305,2.3448275862068964,0.33716290686811284,-3.8504708539950725,0.5055289690210355,0.0581770633188361
-0.6206896551724138,0.031887864658334264,-0.7659050356442975,-0.13811208832597097,2.6206896551724137,0.3116313654328032,-3.659161304947348,0.47334988593081784,0.046004464207117124
-0.6206896551724138,0.025657717495058074,-0.7825789999318272,-0.13913807618979546,2.896551724137931,0.29206335118408777,-3.5007916794012752,0.44692462723771637,0.037016261790649985
-0.6206896551724138,0.021004325836920135,-0.7950834274977971,-0.13988049289470036,3.1724137931034484,0.2768283172950011,-3.3677515023090234,0.42489746884825136,0.03030283672214029
-0.6206896551724138,0.017473430670519763,-0.8046840680503324,-0.14043089125987737,3.4482758620689653,0.2647764012104619,-3.254523994698944,0.40629921603690955,0.02520883177567601
-0.6206896551724138,0.014748933844817014,-0.8122093399356995,-0.14084807797384055,3.7241379310344827,0.2550985989678353,-3.157046584640204,0.3904086177582117,0.02127821371631633
-0.6206896551724138,0.01261187573922773,-0.8182155173954049,-0.1411705746578976,4.0,0.24721947658615556,-3.0722767423393567,0.3766847889686754,0.018195090585291673
-0.20689655172413793,0.014292607097366128,0.18318598395882865,-0.04564512224972927,-4.0,0.17819054916648386,-41.35123101629561,0.252116850467052,0.020619873380745002
-0.20689655172413793,0.16211645094875515,0.20925361603599837,-0.07674892321091156,-3.7241379310344827,0.25407863032176575,-38.641918413821855,0.2483653087548226,0.23388459983028786
-0.20689655172413793,0.02172833989620515,0.15924532765231805,-0.01782493516142502,-3.4482758620689653,0.20751583047167244,-35.950920096912405,0.2961071786512137,0.0313473682150045
-0.20689655172413793,0.05309142916342857,0.0939426884999333,0.0641324389846223,-3.1724137931034484,0.228867968945404,-33.27066181561892,0.34764498459327875,0.0765947415677859
-0.20689655172413793,0.07756784543621698,0.0997371134878655,0.06034065694348455,-2.896551724137931,0.2613983773192921,-30.601655865287295,0.38665285919616954,0.11190674594327232
-0.20689655172413793,0.08570794301508555,0.11390082624773475,0.04609343223785039,-2.6206896551724137,0.2863935111676165,-27.951245492779393,0.41994831434099067,0.1236504243526575
-0.20689655172413793,0.1041820994204874,0.1169663444011594,0.047407287202806056,-2.3448275862068964,0.3216643585114961,-25.33031222760513,0.4722561213898151,0.1503029981833377
-0.20689655172413793,0.13439674606861218,0.12279861280427994,0.047031726076768,-2.0689655172413794,0.3739250934348409,-22.752973553729937,0.5382927669433042,0.19389351906480012
-0.20689655172413793,0.13529808516591468,0.13401471960615355,0.04025240268199829,-1.793103448275862,0.4202899360159674,-20.239151566339427,0.614024794475012,0.19519387651063802
-0.20689655172413793,0.13175678069527064,0.14797662228441494,0.029697547808107422,-1.5172413793103448,0.4909372087682892,-17.836573926074838,0.7109844055698729,0.19008485411256215
-0.20689655172413793,0.1166040390262657,0.1592467742339768,0.007525315751115351,-1.2413793103448276,0.5861637056097776,-15.622933360189416,0.8142500478164771,0.16822406885081653
-0.20689655172413793,0.0825861694339769,0.15195359174677098,-0.03819662408903046,-0.9655172413793104,0.6674551850198255,-13.673645860184308,0.9123725923895658,0.1191466570884141
-0.20689655172413793,0.04512352503561101,0.12324213604549658,-0.08780361680137971,-0.6896551724137931,0.7073376101379124,-11.970889800482825,0.9361002639194135,0.06509948579630453
-0.20689655172413793,0.017907812394176492,0.0826569825490711,-0.11909804131924277,-0.41379310344827586,0.7243229545263782,-10.444222984521007,0.9574917370939037,0.025835512134248617
-0.20689655172413793,0.003433208230537055,0.03113862191651243,-0.13211397554564666,-0.13793103448275862,0.7320160134777906,-9.055279200735589,0.9558246907096258,0.00495307248853516
-0.20689655172413793,0.009742012408265888,-0.035579480151337176,-0.13295026562800216,0.13793103448275862,0.731663867099515,-7.798027481313872,0.9493750663106818,0.014054752989683283
-0.20689655172413793,0.03437938287934417,-0.1220756479887896,-0.12832367924821936,0.41379310344827586,0.7188438593752602,-6.680622919835195,0.9339695584268644,0.04959896518885332
-0.20689655172413793,0.06481047658158512,-0.22946795884647272,-0.12425546958869581,0.6896551724137931,0.6880209596038556,-5.71281849207132,0.8893963869840753,0.0935017531619029
-0.20689655172413793,0.08656097975456611,-0.3508751950609854,-0.12394999015035264,0.9655172413793104,0.6365242218912793,-4.899517574814959,0.8259767823289341,0.12488109622640264
-0.20689655172413793,0.09097276254793729,-0.4698034914376436,-0.12694409781930194,1.2413793103448276,0.5692735241740061,-4.237429916414718,0.751603652545134,0.1312459533838779
-0.20689655172413793,0.0813177017820832,-0.5692451390762059,-0.13095870377080973,1.5172413793103448,0.4990734792564796,-3.7121419600132506,0.6803480427061745,0.11731664509749873
-0.20689655172413793,0.06653629066236921,-0.643128008506881,-0.13437866776493396,1.793103448275862,0.4374533327599397,-3.3000471272667102,0.6173367393963857,0.0959915765777466
-0.20689655172413793,0.05261755396490608,-0.6951014312629381,-0.13681750806265652,2.0689655172413794,0.388449082009624,-2.975569536538139,0.5646658371351562,0.07591108416887682
-0.20689655172413793,0.041451995509121486,-0.7314050395411039,-0.13845647530210445,2.3448275862068964,0.35098016149671196,-2.716837734958231,0.5217901666875286,0.05980258835596075
-0.20689655172413793,0.03297719255389597,-0.7571809412107665,-0.1395541548080106,2.6206896551724137,0.32251375235406826,-2.507222091479055,0.48694097994067453,0.0475760321599461
-0.20689655172413793,0.02662465702062211,-0.7759316073359629,-0.14030438515494575,2.896551724137931,0.30070752877463963,-2.334647767689171,0.45840163452171717,0.038411260649021006
-0.20689655172413793,0.02183747401279179,-0.7899186921900508,-0.1408318770925938,3.1724137931034484,0.2837732826438996,-2.190431518421649,0.4347016385674914,0.03150481546379691
-0.20689655172413793,0.018184754102713585,-0.8005988032221353,-0.14121378701210643,3.4482758620689653,0.27042378091195735,-2.068286003752346,0.4147569841446168,0.026235054563770177
-0.20689655172413793,0.015351125396570575,-0.808908660918626,-0.14149606374421206,3.7241379310344827,0.259723415318614,-1.9635952262473173,0.3977664286396082,0.022146992481696604
-0.20689655172413793,0.013131532540396229,-0.8155382352614702,-0.1417146834327107,4.0,0.2510845204529367,-1.8729202763884036,0.38314956809251616,0.018944796875301595
0.20689655172413793,0.026292312291773978,0.07154865446542547,0.08818078123216425,-4.0,0.1712414690612028,-40.15948539359217,0.2802408723059046,0.037931788556846424
0.20689655172413793,0.07540550073471297,0.0788498056854414,0.0790670525159852,-3.7241379310344827,0.22867550892462796,-37.45147175741805,0.3234969392361833,0.10878714196571959
0.20689655172413793,0.014968439240057085,0.09054369793546876,0.06893678430890883,-3.4482758620689653,0.18402411387963,-34.76853577708326,0.27690595716810074,0.021594893061477993
0.20689655172413793,0.07576776248960804,0.092212722670431,0.07369240296191662,-3.1724137931034484,0.2548268211898982,-32.10041896293154,0.3798909886843983,0.10930977520300988
0.20689655172413793,0.03870129726625682,0.12393657219526467,0.031504800638600304,-2.896551724137931,0.24895956760685772,-29.436308733757212,0.3802550233026849,0.055834169641998166
0.20689655172413793,0.10607889119555236,0.10587758723144378,0.06760913611050853,-2.6206896551724137,0.3153511734533757,-26.81075893679139,0.4630927975000371,0.1530394902708232
0.20689655172413793,0.11485150930601251,0.11620999121395921,0.05899670643503318,-2.3448275862068964,0.3458386639183316,-24.210644204455424,0.5109635564614994,0.16569570291439684
0.20689655172413793,0.125283039432323,0.12695990159890017,0.055233119713822706,-2.0689655172413794,0.39138101214470505,-21.663105022210672,0.5815164044068545,0.18074521969650892
0.20689655172413793,0.12867018693345034,0.14032993918491804,0.044249345782552886,-1.793103448275862,0.45008620620813683,-19.19722598953631,0.6668296254410234,0.1856318405991444
0.20689655172413793,0.1275320322086977,0.1531516163501004,0.025862889182753857,-1.5172413793103448,0.5365141662454943,-16.872751158516923,0.7652114252445487,0.18398983042197958
0.20689655172413793,0.11134899285692357,0.15428767949239242,-0.010916209485159685,-1.2413793103448276,0.6307954487971749,-14.770590463398989,0.86559175642256,0.1606426398026648
0.20689655172413793,0.07971860575925205,0.13549253861882513,-0.06623337982609488,-0.9655172413793104,0.68957473608599,-12.922776130148453,0.9249809973146829,0.11500963719545565
0.20689655172413793,0.049206189017783286,0.10527378241810088,-0.11352217112470853,-0.6896551724137931,0.7131188195692995,-11.274648523200158,0.9365254203165744,0.0709895248770005
0.20689655172413793,0.02576719668092453,0.06948093347841966,-0.1408317703673207,-0.41379310344827586,0.722809464148523,-9.765558464653672,0.9529115960406062,0.037174206869180715
0.20689655172413793,0.008731723444073802,0.02608093716071937,-0.15160979389964244,-0.13793103448275862,0.728085677811413,-8.368917550226548,0.9487884575846004,0.012597214111178978
0.20689655172413793,0.002871589269652697,-0.02995504857950247,-0.151256508080392,0.13793103448275862,0.7292505801650732,-7.083079450883972,0.946113368077107,0.0041428275987969165
0.20689655172413793,0.016443489686341684,-0.10411271279238761,-0.14496955244210635,0.41379310344827586,0.7218826780730924,-5.919228764583304,0.939130004708613,0.02372294102539385
0.20689655172413793,0.0422821040256427,-0.199557349367863,-0.137942673065048,0.6896551724137931,0.6995257679534014,-4.892249678590264,0.9059879040274195,0.06100018179614608
0.20689655172413793,0.0673522182280657,-0.31288431067088135,-0.13397677599257016,0.9655172413793104,0.6571939170233231,-4.013793086399416,0.849878326419851,0.09716871123050197
0.20689655172413793,0.07974106793420632,-0.43091022589462613,-0.13381814493070537,1.2413793103448276,0.596206822877268,-3.287413822481428,0.7808567171980773,0.11504204326386924
0.20689655172413793,0.07719277098680544,-0.5358631014570339,-0.13574898296695495,1.5172413793103448,0.5268745625956434,-2.7046951172087894,0.707613955285256,0.11136562789514137
0.20689655172413793,0.06628343175790774,-0.6174341363534713,-0.13791135332044213,1.793103448275862,0.4620323555576341,-2.2454262986128057,0.6420396352412359,0.09562677829023469
0.20689655172413793,0.05384323792486145,-0.6761809366810351,-0.13953556265846387,2.0689655172413794,0.40850092604671523,-1.8841571769706567,0.585765665770413,0.07767937233960165
0.20689655172413793,0.0430334960045915,-0.717540714017436,-0.1405925868085964,2.3448275862068964,0.3668345772219652,-1.597309185832901,0.5394608235863263,0.06208421127793873
0.20689655172413793,0.034499757348793514,-0.7468926803374103,-0.14125246662391983,2.6206896551724137,0.33497432212725214,-1.366216733809666,0.5017262327095694,0.04977262883897682
0.20689655172413793,0.027966678620447105,-0.7681548171214284,-0.14166698235630745,2.896551724137931,0.31055363116452817,-1.1770849079856842,0.4708208617359728,0.04034738855585385
0.20689655172413793,0.022983550010869047,-0.7839259776723227,-0.14193495006371032,3.1724137931034484,0.29163173133715625,-1.0199360052645186,0.44527211435800224,0.03315825362270397
0.20689655172413793,0.01915354842698269,-0.7958961709116347,-0.14211496087711997,3.4482758620689653,0.2767685812298852,-0.8875466241822004,0.4238399890867674,0.027632729331034334
0.20689655172413793,0.016174039952067565,-0.8051739225836032,-0.1422409660366962,3.7241379310344827,0.2649277917282671,-0.7746308631476032,0.4056491174236423,0.023334207229987136
0.20689655172413793,0.013824663423556594,-0.8125004075139055,-0.14233276417893578,4.0,0.2553664118701036,-0.6772640060247108,0.3900398392364729,0.019944773363123502
0.6206896551724138,0.019771697418557332,0.20639656409700743,-0.07967924148328424,-4.0,0.16494538207298118,-38.96051788629708,0.25716817425194677,0.02852452981570952
0.6206896551724138,0.07775169832005102,0.07143026432570891,0.09969566205390676,-3.7241379310344827,0.2434636099651872,-36.28565602898768,0.3526812716903137,0.11217198958703234
0.6206896551724138,0.1047213327513783,0.193549277798236,-0.06746063224282214,-3.4482758620689653,0.24015153890947258,-33.58822251850159,0.3059201134388998,0.1510809474356969
0.6206896551724138,0.07850348572685362,0.093765199544944,0.08193751328339569,-3.1724137931034484,0.2690391719070595,-30.94498255819577,0.40441873432019687,0.11325658955062945
0.6206896551724138,0.09410692983207825,0.10069466129710332,0.0792249041623636,-2.896551724137931,0.2997552639496232,-28.30442002108079,0.4463172937434864,0.13576760098202456
0.6206896551724138,0.09975311468994996,0.11074004652782195,0.07392240571385614,-2.6206896551724137,0.3247761610725496,-25.691033031515747,0.49006228886638087,0.14391332387641853
0.6206896551724138,0.11447960005068114,0.12160470087004403,0.07116185373545512,-2.3448275862068964,0.3665291191827982,-23.120814165964198,0.5522343503637897,0.16515915127606995
0.6206896551724138,0.12172419074560614,0.13482089758187946,0.06055673827516338,-2.0689655172413794,0.41529858657660135,-20.612376308130948,0.6264299000722838,0.17561088634490796
0.6206896551724138,0.13012898410273466,0.1481540085953362,0.04324143440912983,-1.793103448275862,0.49000097194499853,-18.209609151810753,0.7191858628904438,0.18773644004093404
0.6206896551724138,0.1316423270963576,0.1538209420622534,0.012562265982997242,-1.5172413793103448,0.5874643478908252,-15.984434089519972,0.8119415064260009,0.1899197324729971
0.6206896551724138,0.1149304995667515,0.14191868505071661,-0.03992099570657117,-1.2413793103448276,0.6661624836900806,-14.000873776035974,0.8968899207941886,0.16580966177184342
0.6206896551724138,0.08935512066912765,0.11685970285949597,-0.09923272079539702,-0.9655172413793104,0.7013394804315463,-12.240022785229165,0.9168911339756417,0.12891218946738503
0.6206896551724138,0.06747015053556571,0.08835262376568252,-0.14165670975130867,-0.6896551724137931,0.7124034497874095,-10.63463831872755,0.9307454642594334,0.09733885158569189
0.6206896551724138,0.04920557422043692,0.05770966501110735,-0.1643671779337583,-0.41379310344827586,0.7170590610643622,-9.137734660880309,0.9370683444116548,0.07098863791191823
0.6206896551724138,0.032381510743277886,0.021605125535546752,-0.17265066342996635,-0.13793103448275862,0.720961090330949,-7.731694836610684,0.9322210975619861,0.0467166449658194
0.6206896551724138,0.018971437258004542,-0.024902013255403137,-0.17108729169884795,0.13793103448275862,0.7236654515902554,-6.417928582006752,0.933393286881791,0.027369998450658795
0.6206896551724138,0.016285530044465757,-0.0874522965348808,-0.16346778122352412,0.41379310344827586,0.7212124086598026,-5.209056142777121,0.9345199333588347,0.02349505343339864
0.6206896551724138,0.02963360712290619,-0.170611252545313,-0.15388334831771572,0.6896551724137931,0.7071285558870002,-4.122952706769083,0.9139135448554585,0.04275225803986915
0.6206896551724138,0.051463338952660864,-0.2741400720420508,-0.14624925823139634,0.9655172413793104,0.6748331266972548,-3.176667107909839,0.8686521036407348,0.07424590389459107
0.6206896551724138,0.06836271072961497,-0.3887974054038951,-0.1424707455996858,1.2413793103448276,0.6222269326144564,-2.380559513466237,0.8073374766428583,0.09862654375134206
0.6206896551724138,0.07244116307762138,-0.4977663828771294,-0.14175620349652568,1.5172413793103448,0.5561102263771512,-1.7331496406688567,0.73530329668411,0.10451050672831341
0.6206896551724138,0.06600169265486744,-0.5871582752512688,-0.142261462152359,1.793103448275862,0.4892815076243862,-1.219193528323737,0.6678934301682065,0.09522031468345427
0.6206896551724138,0.05548300840112241,-0.6536103931831906,-0.14282935328499102,2.0689655172413794,0.4313257009510539,-0.8146120484573544,0.6084281897439984,0.08004506107389986
0.6206896551724138,0.045170620276828055,-0.7009975138824599,-0.14315130658138409,2.3448275862068964,0.3850562873166196,-0.4945256745563415,0.5586245858204714,0.06516742986725843
0.6206896551724138,0.03656180230942785,-0.7346839548108439,-0.1432678101358381,2.6206896551724137,0.34930418716652356,-0.23810803625841895,0.5177903950233724,0.052747530877774285
0.6206896551724138,0.029778112620527653,-0.7589980134506014,-0.14327028013321683,2.896551724137931,0.32183282181161627,-0.029565631684879582,0.4843249698824362,0.04296073540466816
0.6206896551724138,0.024520620864802334,-0.7769290155700919,-0.1432224803165496,3.1724137931034484,0.3005799342233814,0.14263553174365481,0.456695032721794,0.035375778121168544
0.6206896551724138,0.020442524544009633,-0.7904509130280569,-0.14315879186107536,3.4482758620689653,0.28394338508300965,0.28685788477188096,0.4336196081970389,0.029492328782894095
0.6206896551724138,0.017253077771612002,-0.8008638221866043,-0.14309534218059866,3.7241379310344827,0.2707466410416688,0.4092053320198413,0.41409777413243126,0.024890929741176127
0.6206896551724138,0.01473073055911045,-0.8090359993954801,-0.14303874633349065,4.0,0.2601397665285603,0.5141898612071261,0.39740242018124694,0.02125195192630036
1.0344827586206897,0.06326705849070513,0.07660253433006918,0.09602205933215405,-4.0,0.23069393301407454,-37.80033269871125,0.34310931670574285,0.09127507153617254
1.0344827586206897,0.028970855558139608,0.07418653369439167,0.1051741916150898,-3.7241379310344827,0.1853024883603752,-35.11532648636733,0.31726338853465136,0.04179610964403846
1.0344827586206897,0.057843826161215306,0.08495790554191182,0.10004784710478845,-3.4482758620689653,0.24345718192888763,-32.45420364846818,0.3836930273799556,0.08345100114882831
1.0344827586206897,0.06536921182011812,0.09408942374072192,0.09640162351365499,-3.1724137931034484,0.2698987089572585,-29.80799215462534,0.42029002327929205,0.09430783771970441
1.0344827586206897,0.09260478856779186,0.10508775985103187,0.09303468035090594,-2.896551724137931,0.31311708023502527,-27.18970298081816,0.47481497278957197,0.13360046922932378
1.0344827586206897,0.0883047305372211,0.12259019713440476,0.07527015833662166,-2.6206896551724137,0.3290927464701611,-24.59592882867835,0.5085578622497603,0.1273967968330849
1.0344827586206897,0.11394050134260314,0.13160678912958887,0.07750507083589389,-2.3448275862068964,0.3861748319663886,-22.06640235822174,0.5895387993115756,0.16438139624337555
1.0344827586206897,0.127191689574089,0.1449310837381499,0.06137881898989941,-2.0689655172413794,0.44837529654463804,-19.609568291475874,0.6722715197476953,0.18349881979082605
1.0344827586206897,0.1419926332882573,0.15309070781930909,0.0336041149432722,-1.793103448275862,0.540654320014579,-17.289470173825816,0.7650629217606945,0.20485206788773347
1.0344827586206897,0.14364738097055496,0.1462508036094514,-0.01368639837036746,-1.5172413793103448,0.6358402504040209,-15.18358354533457,0.8532712518974619,0.20723936416290734
1.0344827586206897,0.12880632941503278,0.12408297258059255,-0.07888114711222023,-1.2413793103448276,0.687867431055217,-13.314253701611856,0.9011586285956164,0.18582825268217773
1.0344827586206897,0.11240067480573157,0.0979236916407065,-0.13604349914304248,-0.9655172413793104,0.7028360095461813,-11.6243991072124,0.9013918796881585,0.1621598961348023
1.0344827586206897,0.09863866511413133,0.07290331156214032,-0.17139928193283138,-0.6896551724137931,0.7054023654252862,-10.051532240838684,0.9106602001258978,0.14230551300006455
1.0344827586206897,0.08420372059173054,0.04735412027081744,-0.1889872427340358,-0.41379310344827586,0.707146375765955,-8.561914808395041,0.9097161648521225,0.12148029012208905
1.0344827586206897,0.06741332276428458,0.017702182046433097,-0.19461636053141507,-0.13793103448275862,0.7105841406093637,-7.144900612828096,0.9058189838125704,0.09725686644188025
1.0344827586206897,0.0495545894396181,-0.02045024959636012,-0.19190174982071437,0.13793103448275862,0.7147993150068472,-5.803990615290974,0.9108372920496275,0.07149216043782536
1.0344827586206897,0.03537815285252477,-0.07237775675685591,-0.18337259375336346,0.41379310344827586,0.7165647003941658,-4.55206983325795,0.9192980728105367,0.051039885676148256
1.0344827586206897,0.03248387928745977,-0.14334821563177264,-0.17188388833432308,0.6896551724137931,0.7101188270051156,-3.408109799848985,0.9113444853893992,0.04686433155685377
1.0344827586206897,0.04344327083482047,-0.2357009965230664,-0.16093258948451972,0.9655172413793104,0.6882046600584875,-2.3927806054500453,0.8805713159295759,0.06267539139339151
1.0344827586206897,0.05907620178385531,-0.34433647914192533,-0.153275902173607,1.2413793103448276,0.6458462892132316,-1.5225601850755133,0.8287087277518176,0.08522894334812348
1.0344827586206897,0.06765313181413357,-0.45504661070095553,-0.14933275703386809,1.5172413793103448,0.5857081628343394,-0.803417653657665,0.7630999692852769,0.09760283776885759
1.0344827586206897,0.06576116120502795,-0.5517507270762959,-0.1476739862809388,1.793103448275862,0.5188833259962956,-0.22663667297768147,0.6941859980119452,0.09487330115359294
1.0344827586206897,0.05759574091697117,-0.6266834734570094,-0.14685956464373368,2.0689655172413794,0.4570981223663711,0.22881034685925508,0.6324558611989604,0.08309308979723973
1.0344827586206897,0.04797099088215506,-0.6811742482202356,-0.14624221690843298,2.3448275862068964,0.4059816274482899,0.5882756516303201,0.5793047858529188,0.06920751065221475
1.0344827586206897,0.03928501575830379,-0.7201088289883625,-0.14567790390457733,2.6206896551724137,0.3658347791434108,0.8746949256761228,0.5352266977607774,0.05667629741574931
1.0344827586206897,0.03217088922388989,-0.7481452391221353,-0.14517056054176253,2.896551724137931,0.3348196946047243,1.1061225389231348,0.49899204297742006,0.04641278234429391
1.0344827586206897,0.026542851308611004,-0.7687059717934728,-0.14473568256319297,3.1724137931034484,0.3108310096296031,1.2959482977759393,0.46907387923110694,0.03829323995398637
1.0344827586206897,0.02212778584161401,-0.7841063381558426,-0.14437571642701236,3.4482758620689653,0.29210942558156805,1.4539202029329634,0.444173681642173,0.03192364689954941
1.0344827586206897,0.018653477061763457,-0.7958833467535763,-0.14408377185517351,3.7241379310344827,0.2773225085676621,1.5871428864616215,0.4231825254805066,0.02691127885234179
1.0344827586206897,0.015897322334823327,-0.805063504001394,-0.14384955776235214,4.0,0.26549578894950854,1.7008460474719311,0.4052908468413048,0.022934988095862696
1.4482758620689655,0.059048048526424646,0.07906139246487323,0.10422959253803601,-4.0,0.2327180777612487,-36.639114098995165,0.355411090751443,0.08518832678324362
1.4482758620689655,0.06280808413900574,0.11711008064601972,0.04907643823165705,-3.7241379310344827,0.2500256163225547,-33.965586695080255,0.367420113384509,0.09061291151508
1.4482758620689655,0.08045381257954243,0.09307804227603293,0.10691160773535038,-3.4482758620689653,0.28226755913906876,-31.32611310375699,0.4224867435273138,0.11607031642911547
1.4482758620689655,0.0783766006147848,0.10158498543986064,0.10989047041485092,-3.1724137931034484,0.2954008524658441,-28.699673966793974,0.4541322185296115,0.11307353302868473
1.4482758620689655,0.09857424632796419,0.1174065698630742,0.09893165055199628,-2.896551724137931,0.3298327236133632,-26.1034947058762,0.5020762985049518,0.1422125763367208
1.4482758620689655,0.10671563198956435,0.13037144678938895,0.09323105493250701,-2.6206896551724137,0.3619068008605301,-23.548415424068146,0.5558883937571744,0.15395811305667584
1.4482758620689655,0.12233545560404013,0.14366211257300554,0.07950518041982368,-2.3448275862068964,0.41289668152125325,-21.055265354012388,0.6275126605839194,0.17649275512484008
1.4482758620689655,0.144138899706036,0.15316751460533642,0.054314080981393786,-2.0689655172413794,0.4937800901054379,-18.665180645251066,0.716774073794446,0.20794847580508957
1.4482758620689655,0.1630660709216667,0.15016006280141708,0.010880208105827112,-1.793103448275862,0.5982531894231498,-16.45299593792659,0.8067415117347781,0.23525461185593688
1.4482758620689655,0.16335484341849482,0.13009935384504384,-0.0554193418062567,-1.5172413793103448,0.6711661717042972,-14.478557775492037,0.8730912600647887,0.23567122250505568
1.4482758620689655,0.15534166250301173,0.10359657876702467,-0.12574302689030273,-1.2413793103448276,0.6939884817955055,-12.709940699133622,0.8760818515086324,0.2241106461365412
1.4482758620689655,0.14822196901601958,0.07994790474525096,-0.1745476052127727,-0.9655172413793104,0.6946455344251977,-11.075475726577748,0.8780849422928333,0.21383909965020953
1.4482758620689655,0.13949619072205643,0.05921675924630852,-0.20128571589850694,-0.6896551724137931,0.6927088430044382,-9.52573152769725,0.8752829551803724,0.2012504625776117
1.4482758620689655,0.1267661934555615,0.038423301386345074,-0.21361345613558344,-0.41379310344827586,0.6934309999774894,-8.038731965598167,0.8715893061060439,0.18288495865070908
1.4482758620689655,0.10965960212687453,0.014361132582672544,-0.2166515686427402,-0.13793103448275862,0.6971399798379244,-6.609229378944814,0.8724812224861855,0.15820536417429887
1.4482758620689655,0.08913559181826813,-0.0166123606570689,-0.21295481711646766,0.13793103448275862,0.7027754737878211,-5.242030361780696,0.8810981852852142,0.12859547628291823
1.4482758620689655,0.06802670859606086,-0.05909420313139448,-0.20399319081547582,0.41379310344827586,0.7079533853849169,-3.9494584823329815,0.8934880971295457,0.09814179513953514
1.4482758620689655,0.052062108587862976,-0.11842121010610981,-0.19143697623111663,0.6896551724137931,0.7080884997347716,-2.750056149983332,0.8972015379528867,0.07510974587793218
1.4482758620689655,0.04799082766695251,-0.19872292017979326,-0.17792851415861533,0.9655172413793104,0.6962172630167428,-1.6661529256851628,0.8818719235975149,0.06923612908326815
1.4482758620689655,0.05540604594145493,-0.2987771556884824,-0.1665200852872583,1.2413793103448276,0.6654077105192895,-0.7189848255851442,0.8426517739103879,0.07993402771500335
1.4482758620689655,0.06422172292994666,-0.40825829401108704,-0.15887682956138532,1.5172413793103448,0.6141172664703161,0.07814807738936587,0.787201198401843,0.0926523611883785
1.4482758620689655,0.0658614267177795,-0.5108706572913687,-0.1544643533234759,1.793103448275862,0.5500756223029362,0.7261523038901904,0.7202873350754865,0.09501795371161226
1.4482758620689655,0.060266996880458334,-0.5946631674081446,-0.1518380377781597,2.0689655172413794,0.485783210296865,1.2409970783477262,0.6573817671600021,0.08694689752870799
1.4482758620689655,0.051546518398923435,-0.6573575833063346,-0.150008011141982,2.3448275862068964,0.42990640130010427,1.647129278129198,0.60141083312301,0.07436590646921903
1.4482758620689655,0.04280433139154316,-0.7026130950821203,-0.1485825847688396,2.6206896551724137,0.38492659403554924,1.9692251347000458,0.5540887357668531,0.061753596627146745
1.4482758620689655,0.035275119525802756,-0.7351978237006281,-0.1474394537146741,2.896551724137931,0.3498346151839161,2.2277827917996125,0.51491095372899,0.05089124000664125
1.4482758620689655,0.029162413157600264,-0.7589764556309813,-0.14652663062587606,3.1724137931034484,0.3226408540402585,2.4383714477163054,0.48252640903734095,0.04207246884282467
1.4482758620689655,0.02430103353441293,-0.7766652430968818,-0.14580392646408863,3.4482758620689653,0.30146262612452407,2.6124188456083273,0.45558533630032383,0.03505898056857415
1.4482758620689655,0.02044839098515827,-0.790092476497052,-0.1452344942770607,3.7241379310344827,0.2848030032051622,2.758256271268454,0.4329739069591877,0.02950079226844604
1.4482758620689655,0.017381961380107613,-0.8004832302082193,-0.14478606384041928,4.0,0.2715415158982493,2.8819944621790414,0.4137585861888828,0.02507686948400467
1.8620689655172413,0.061976779024040196,0.08280654834546711,0.11634749628875506,-4.0,0.24617587838334967,-35.497158108842136,0.3735475053108432,0.08941359174825392
1.8620689655172413,0.07285608740305594,0.09224691335685707,0.11648013872224386,-3.7241379310344827,0.27136542886013976,-32.84860613331904,0.4072824130802686,0.10510911599496131
1.8620689655172413,0.07806620222856941,0.10270848439254635,0.11797880768499422,-3.4482758620689653,0.2890007614317067,-30.220219360915628,0.43866096224817097,0.11262572281619132
1.8620689655172413,0.08717938587998009,0.1162014076453256,0.1133474023657339,-3.1724137931034484,0.31012434005416406,-27.61765000382704,0.47543185940977367,0.12577326767679198
1.8620689655172413,0.10369283186114964,0.13076445516688942,0.10629367177355421,-2.896551724137931,0.3435373903118552,-25.051466604174834,0.5260995013942564,0.14959713430181365
1.8620689655172413,0.11857171007729383,0.14420707167987443,0.09603457499824734,-2.6206896551724137,0.3840933166736381,-22.53404320949709,0.5863641683483073,0.17106281811823587
1.8620689655172413,0.14179307541608943,0.15446604594489138,0.07475111760245061,-2.3448275862068964,0.45071406024663707,-20.094701946423147,0.6668401937278238,0.2045641667351874
1.8620689655172413,0.17249185668762634,0.1543981888918402,0.034682751381309045,-2.0689655172413794,0.5540110801373519,-17.794800741668677,0.7585443264328955,0.24885314623696786
1.8620689655172413,0.19085059939026228,0.13631478022440577,-0.030882827964989777,-1.793103448275862,0.6495789752021341,-15.718576051992754,0.8384982856339986,0.2753392132910175
1.8620689655172413,0.19421145082707958,0.10799853187229967,-0.11237442317300371,-1.5172413793103448,0.6853731704275717,-13.873603973430626,0.8578079571669326,0.2801878969920786
1.8620689655172413,0.19523569094763293,0.08303172319362473,-0.17565201253800886,-1.2413793103448276,0.6847986193088841,-12.186701485096732,0.8428887880188816,0.28166556313468005
1.8620689655172413,0.19308626198215761,0.06390086701893569,-0.21152762026123345,-0.9655172413793104,0.6784580309205982,-10.592123761515404,0.8354858830832604,0.27856459262544586
1.8620689655172413,0.18574340918492616,0.047511950662791555,-0.22947912920521776,-0.6896551724137931,0.6755345063127487,-9.05657892650256,0.8275031708989016,0.2679710953089032
1.8620689655172413,0.17312785876894554,0.030909770353716875,-0.23701628276737255,-0.41379310344827586,0.6766606817850496,-7.5678142891225395,0.8247601812958683,0.24977070328568196
1.8620689655172413,0.1556079575525715,0.011562577266260263,-0.23780515309345723,-0.13793103448275862,0.6811194272173511,-6.124455539321399,0.8312147054330574,0.2244948286839552
1.8620689655172413,0.13375110490358177,-0.01338016110760035,-0.23340184952072868,0.13793103448275862,0.6879994462057828,-4.731917702809466,0.8431682268467693,0.19296205575781666
1.8620689655172413,0.10895971623975087,-0.04770900049561588,-0.22447658575668156,0.41379310344827586,0.6957330328489945,-3.401420882331271,0.8581750845492986,0.15719564227575722
1.8620689655172413,0.08468178397184567,-0.09634788881487824,-0.21173450332275828,0.6896551724137931,0.7010710524403808,-2.149997357550999,0.8715741338282322,0.12216998978981275
1.8620689655172413,0.06706233852984655,-0.1643490546529496,-0.19676356106715362,0.9655172413793104,0.6981489560390776,-0.9997810994050575,0.8710022736340597,0.09675050322742651
1.8620689655172413,0.06141507801288326,-0.2536693731011172,-0.1822530337745305,1.2413793103448276,0.6793035290124868,0.025144542647372727,0.8486741099702676,0.08860322848499491
1.8620689655172413,0.06463217501815222,-0.35851997556677423,-0.17075933420542896,1.5172413793103448,0.639379508058893,0.9050630319739023,0.804857087780353,0.0932445183805557
1.8620689655172413,0.06709654388047315,-0.46457749365471396,-0.16301409335725103,1.793103448275862,0.5815168583584478,1.632370601456383,0.7458138034328539,0.09679985111714728
1.8620689655172413,0.06368566127176645,-0.5568844262160643,-0.15804079929159154,2.0689655172413794,0.5169777680901186,2.2158971908783176,0.6823257576623828,0.09187898769251124
1.8620689655172413,0.056020047482717716,-0.6287380225392426,-0.154635060831222,2.3448275862068964,0.45700074003873475,2.6771987956961807,0.6246538574830415,0.08081984469368031
1.8620689655172413,0.047264951003013866,-0.6815180126174523,-0.15211065588151262,2.6206896551724137,0.4069401148063764,3.0418224500222006,0.5743509724540488,0.06818891041990804
1.8620689655172413,0.039238440536474295,-0.7196539986781606,-0.15016847443262277,2.896551724137931,0.3672399829911353,3.3327025686537017,0.5321495991648225,0.056609103574188246
1.8620689655172413,0.03251094908431584,-0.7473850431707298,-0.1486613796873432,3.1724137931034484,0.3363129252842114,3.5679001484425865,0.4971188129856422,0.04690338501853564
1.8620689655172413,0.02707180575416701,-0.7678781118009061,-0.14749155101841888,3.4482758620689653,0.3122399792885601,3.760862682553392,0.4679683589575029,0.03905635990944534
1.8620689655172413,0.02272590042999134,-0.7833151080453143,-0.14658285916554256,3.7241379310344827,0.29336807268542237,3.9214247498496144,0.4435475998325323,0.03278654385008428
1.8620689655172413,0.019254875829486373,-0.7951682933089547,-0.14587483228065115,4.0,0.278417409539034,4.056782447857715,0.42287608716861125,0.027778913872132716
2.2758620689655173,0.07475567456235077,0.09422347195169571,0.1222773470034405,-4.0,0.2700575167666107,-34.378233557038804,0.3989623559331096,0.10784964096941252
2.2758620689655173,0.08021605566067769,0.10545272814768006,0.12327204929738082,-3.7241379310344827,0.2841601791879485,-31.74875241676488,0.42496125879886304,0.11572730570133194
2.2758620689655173,0.10730807222340011,0.12857455719576227,0.07818058343117294,-3.4482758620689653,0.30081786838644514,-29.1259129175917,0.4383800798485245,0.15481282364405446
2.2758620689655173,0.10300161214603798,0.13275170695145797,0.11731877324604288,-3.1724137931034484,0.32907171044371974,-26.57001926164456,0.49896687862604217,0.1485999150466566
2.2758620689655173,0.11745029088402537,0.14624725434566116,0.1099560234125958,-2.896551724137931,0.36171156063663246,-24.03696006907596,0.5494759982411472,0.16944495220934952
2.2758620689655173,0.13878977286661498,0.156959684548851,0.09349773084928278,-2.6206896551724137,0.4142613952700345,-21.56416454765213,0.6186257923416754,0.20023131704077057
2.2758620689655173,0.17344650385104976,0.1592198388135541,0.05837915087500624,-2.3448275862068964,0.5062870080547014,-19.196626221135787,0.7095613827686047,0.2502304109654383
2.2758620689655173,0.2097973634023027,0.1433995267101079,-0.005683547876397236,-2.0689655172413794,0.6209006624771912,-17.02378322449559,0.7966041173233872,0.3026736157720813
2.2758620689655173,0.2281120739355924,0.11238616576508119,-0.09711894675244712,-1.793103448275862,0.6764377745500157,-15.101979578282954,0.8348978401470564,0.32909615783377566
2.2758620689655173,0.23894367612170986,0.08407536356434006,-0.17633928082018777,-1.5172413793103448,0.6756098890247364,-13.36911013656241,0.8077996654444417,0.3447228565925693
2.2758620689655173,0.24356790049124544,0.06468675892429243,-0.22140558871577465,-1.2413793103448276,0.6640948131184219,-11.74081832064466,0.7927049166055595,0.35139420215845574
2.2758620689655173,0.24123543306873985,0.05044987099440311,-0.24386458224026525,-0.9655172413793104,0.6572685488476192,-10.171066346599746,0.7785955011691081,0.3480291629749721
2.2758620689655173,0.23304679628954283,0.037871670738537366,-0.25441138220719284,-0.6896551724137931,0.6556229074429468,-8.641722139708639,0.7720146784239701,0.336215457301984
2.2758620689655173,0.2199033751663826,0.02475385721830952,-0.2581509636241964,-0.41379310344827586,0.6579150767306313,-7.1474260958076625,0.7733182262225236,0.31725350882728476
2.2758620689655173,0.20219983381063256,0.009270701876616652,-0.2572411901281659,-0.13793103448275862,0.6632911508242376,-5.6891795191186505,0.7842180769066117,0.29171269750717155
2.2758620689655173,0.18009154428181184,-0.010720815435096414,-0.2524642697951912,0.13793103448275862,0.6711448861765454,-4.2724226750940915,0.7989971061488887,0.25981717784140423
2.2758620689655173,0.1539966989248287,-0.038215772452431004,-0.24396796351651343,0.41379310344827586,0.6805929611772339,-2.9069773807636508,0.8155093952493735,0.22217027385212118
2.2758620689655173,0.12551190546662006,-0.07743846531737417,-0.23180081572823927,0.6896551724137931,0.6896144066209671,-1.60774580700981,0.8359211061335684,0.1810754035892166
2.2758620689655173,0.09866196894735002,-0.13356879166995403,-0.21657831967337074,0.9655172413793104,0.6938865019106795,-0.39519539358467193,0.8477897215457154,0.14233913332468218
2.2758620689655173,0.07973138620828091,-0.21071402417376814,-0.20012470836857957,1.2413793103448276,0.6862937394546221,0.7059062464164825,0.8424061267606986,0.11502807548588967
2.2758620689655173,0.0722220318669533,-0.3075263468640021,-0.18517871077245532,1.5172413793103448,0.6593538423582005,1.671197198953657,0.8133581924796438,0.1041943672173784
2.2758620689655173,0.07107972700403509,-0.41354576803495213,-0.1737266554335761,1.793103448275862,0.6112338664317871,2.484760617511505,0.7664706254665304,0.10254636965646213
2.2758620689655173,0.06831257922635081,-0.5129331356809116,-0.1658142203028257,2.0689655172413794,0.54971668667168,3.146521386012492,0.7064632626151702,0.09855421928018959
2.2758620689655173,0.061559774002091006,-0.5944677889469362,-0.1603658300223715,2.3448275862068964,0.4871697519231944,3.6726424832776394,0.6484220354412092,0.08881198067106189
2.2758620689655173,0.05282232677185683,-0.6560145680315992,-0.15642879879459662,2.6206896551724137,0.4321757883316164,4.087976743881017,0.595844395903135,0.07620650888197344
2.2758620689655173,0.044224131548987744,-0.7008871463328996,-0.15347493032534398,2.896551724137931,0.387424025293108,4.417521099195503,0.5507204806589161,0.06380193527334566
2.2758620689655173,0.03674018796520295,-0.7334809829008434,-0.15122400448306772,3.1724137931034484,0.35219934765002997,4.682055966179121,0.5129244392991934,0.05300488697872607
2.2758620689655173,0.030569541940231204,-0.7574279032083296,-0.14949948241896197,3.4482758620689653,0.3247257218650517,4.897419406645471,0.4814004082348712,0.04410252655941882
2.2758620689655173,0.025591453275621845,-0.7753284199587108,-0.1481733134624395,3.7241379310344827,0.30323655082167694,5.075281835279196,0.4549854789655132,0.03692066272988148
2.2758620689655173,0.021599806250245823,-0.7889611473401158,-0.14714840304583804,4.0,0.28628685002985865,5.224179130625781,0.43271008055835725,0.03116193336139128
2.689655172413793,0.08148253822322027,0.10832568106583454,0.1290457609090643,-4.0,0.278453779672904,-33.284186529512986,0.40981728019443653,0.11755445381368501
2.689655172413793,0.09405323113975261,0.12218648735925033,0.1279243028027952,-3.7241379310344827,0.298905789179381,-30.67879817204919,0.4419121889953974,0.13569013014490405
2.689655172413793,0.10550917216444478,0.13609006213759406,0.1259492339638292,-3.4482758620689653,0.31887808160876513,-28.10084779596466,0.47517462167543684,0.15221755944994397
2.689655172413793,0.11890926802138968,0.149476812914114,0.12125355733775255,-3.1724137931034484,0.3448571541497906,-25.55787696699126,0.5169955217674599,0.1715498112901952
2.689655172413793,0.13765391854478382,0.16045105375690374,0.10938066661455581,-2.896551724137931,0.3854983731733061,-23.062856609123322,0.574667449856338,0.19859262564349311
2.689655172413793,0.16985342744223897,0.16457174799009894,0.0810666026402491,-2.6206896551724137,0.46053939570324137,-20.646483404453956,0.6565632827790095,0.24504669744891094
2.689655172413793,0.21890031677250898,0.15163567676417028,0.020743909420700746,-2.3448275862068964,0.5829499536909732,-18.386809892311202,0.7522779375920584,0.31580640145672145
2.689655172413793,0.25657735806725257,0.11747556097269372,-0.08031081688466395,-2.0689655172413794,0.6663709390088587,-16.384825236209615,0.8079372820478458,0.37016288208801695
2.689655172413793,0.27940688528302604,0.08384141635067335,-0.1780361880823181,-1.793103448275862,0.6667847556593992,-14.610621947669262,0.7735227762420053,0.403098927788053
2.689655172413793,0.2906078433349626,0.06308602511691493,-0.23215042672408728,-1.5172413793103448,0.6491166851449144,-12.95772925392691,0.7476003795312371,0.41925849442278684
2.689655172413793,0.29230614052522896,0.049961121806100385,-0.25780521884765173,-1.2413793103448276,0.638425511424196,-11.364143631556244,0.7268689606611417,0.4217086193571409
2.689655172413793,0.28753930361943625,0.03976532462098846,-0.269993888666729,-0.9655172413793104,0.634390760942351,-9.806512739134458,0.7161855381186017,0.41483152739242657
2.689655172413793,0.278027588969022,0.03018456165292736,-0.2752995838255519,-0.6896551724137931,0.6347933794225643,-8.277072992916658,0.7139738925168901,0.40110902383592295
2.689655172413793,0.26448040361530123,0.01982604117447392,-0.2764182380285403,-0.41379310344827586,0.6383804242557751,-6.774448953248062,0.7211033213407863,0.38156456670810623
2.689655172413793,0.24703550767018956,0.00743086299708841,-0.2744164628052707,-0.13793103448275862,0.6445660461551072,-5.300793982390114,0.7342116222534063,0.35639690183926964
2.689655172413793,0.22553361628127022,-0.008577585892538335,-0.2695843378130544,0.13793103448275862,0.6530526650668188,-3.8611697931328712,0.7510410078866895,0.32537622976274383
2.689655172413793,0.19980305696488787,-0.030494911373209668,-0.2617865624843266,0.41379310344827586,0.6634564563603325,-2.463915321734372,0.7703398238014807,0.28825487943769845
2.689655172413793,0.1702031297842208,-0.06174614774707791,-0.2507133956303799,0.6896551724137931,0.6747140136742296,-1.1215916984234995,0.7928524448826169,0.24555121128347634
2.689655172413793,0.13867113553200228,-0.1070555535021066,-0.2362850998937956,0.9655172413793104,0.6840630860035725,0.1479107289250925,0.8137535762540303,0.20006015954646106
2.689655172413793,0.10986968928620056,-0.17153285290614834,-0.2193150172006568,1.2413793103448276,0.685884281039547,1.321118896598229,0.8231352535724568,0.15850845587721274
2.689655172413793,0.08991720749520948,-0.2574275385896157,-0.20196202480733397,1.5172413793103448,0.6721206618729536,2.3714684554552825,0.812304172433705,0.12972310934392306
2.689655172413793,0.0803425797413928,-0.3592374878347271,-0.1869097321539783,1.793103448275862,0.6367470407175764,3.2761001469611717,0.779151226085256,0.11590984136513294
2.689655172413793,0.07515265991934617,-0.4629083705173337,-0.17555509681702944,2.0689655172413794,0.5822966062583312,4.0250968748166125,0.7288799745431924,0.10842236977525532
2.689655172413793,0.06847464429131978,-0.5537915070894419,-0.16750918521263758,2.3448275862068964,0.5198512236554219,4.626526784897762,0.6716145848511181,0.09878802974572265
2.689655172413793,0.059655714038300056,-0.6251844924024142,-0.1617525321550009,2.6206896551724137,0.4607646809933935,5.102159727082573,0.6181561981643814,0.08606500280374574
2.689655172413793,0.050409564066796975,-0.6781273964922008,-0.15750954860676433,2.896551724137931,0.41076125438917227,5.478068946750364,0.5705322824588225,0.07272562809254302
2.689655172413793,0.04202145155906467,-0.7166944930209976,-0.15432180202940776,3.1724137931034484,0.370693599447897,5.777760660304277,0.5299773404299808,0.060624139775217856
2.689655172413793,0.0349451700739527,-0.7449107579795246,-0.15190500765851528,3.4482758620689653,0.3392554616660128,6.019823385635683,0.49594540353714106,0.05041522356871253
2.689655172413793,0.029170339748156637,-0.7658490213518379,-0.15006196400261165,3.7241379310344827,0.31467299831351736,6.218149920727279,0.4673991935186832,0.04208390449571198
2.689655172413793,0.024517448360877214,-0.7816620816679942,-0.1486478025576994,4.0,0.2953516394406654,6.382929427886553,0.4433329363225609,0.03537120116548831
3.103448275862069,0.08133028127200181,0.12550067940004292,0.12330427828419874,-4.0,0.24238094207855207,-32.20092992161424,0.349264327721398,0.11733479346522113
3.103448275862069,0.10789232741621757,0.14013863820121772,0.13382761559570264,-3.7241379310344827,0.30989355690055537,-29.641452849283386,0.4523478802675918,0.1556557257133453
3.103448275862069,0.12231264281695586,0.15349830205099474,0.13009899084138618,-3.4482758620689653,0.33244282834850886,-27.0926259630195,0.48863626586788744,0.1764598432300457
3.103448275862069,0.13873004187515092,0.16462093974646128,0.12212167331443144,-3.1724137931034484,0.363687017421881,-24.583055048115813,0.5359420357353877,0.20014514343559808
3.103448275862069,0.1657439425150422,0.1702114739555669,0.10110634077585116,-2.896551724137931,0.4213264101529605,-22.13305389361197,0.6062936812191443,0.23911796392383655
3.103448275862069,0.2182050104555231,0.16083824050489864,0.04834708330924648,-2.6206896551724137,0.5362384153310811,-19.80157228334079,0.7048408156567977,0.31480328648130707
3.103448275862069,0.2790074375990088,0.12392932434862615,-0.06113726598368295,-2.3448275862068964,0.6535866849143017,-17.714797723447095,0.7794110945308607,0.40252264659522563
3.103448275862069,0.31708342993808025,0.08252052843949365,-0.18193632859090972,-2.0689655172413794,0.6579651417973313,-15.901917766818295,0.7405685935337977,0.45745469191973065
3.103448275862069,0.33410995062438187,0.059796487988168424,-0.24448038398865393,-1.793103448275862,0.6330363525660662,-14.232493190123131,0.7002400283937497,0.48201876887745243
3.103448275862069,0.33850920329205336,0.047452713317650615,-0.2716767917492459,-1.5172413793103448,0.6189344675982446,-12.622997757889644,0.6734504571789959,0.48836554888471984
3.103448275862069,0.33600421548054915,0.038906223531641936,-0.2842618252773656,-1.2413793103448276,0.6131709281913943,-11.045532215337309,0.6595565062388373,0.48475161539157474
3.103448275862069,0.32908562975667643,0.03155658440154135,-0.29009599534213265,-0.9655172413793104,0.6122525962785971,-9.491144189958366,0.6551718675071095,0.47477020607777787
3.103448275862069,0.31873746066917996,0.02418312696473238,-0.2921734582667765,-0.6896551724137931,0.6144760195034832,-7.95737185164945,0.6589656883798154,0.4598409538529662
3.103448275862069,0.30525000764717647,0.015944459544297716,-0.29170543194508414,-0.41379310344827586,0.6190919592959929,-6.444723328298954,0.6691939368247624,0.4403826722638997
3.103448275862069,0.2885333896732234,0.005975272478523951,-0.2891361076019168,-0.13793103448275862,0.6258156674111659,-4.9557092027179745,0.6839158188860051,0.416265690412442
3.103448275862069,0.2682527096615732,-0.006877253974305798,-0.28449612289420806,0.13793103448275862,0.6345774166374076,-3.494804519706254,0.7019331941151009,0.38700685393377876
3.103448275862069,0.24394587903928788,-0.0243391580688892,-0.27753438378603673,0.41379310344827586,0.6453115110042468,-2.068935971933219,0.7226357093112173,0.35193950993528
3.103448275862069,0.21528325865332243,-0.049074709998329476,-0.26780431303235813,0.6896551724137931,0.6576015638792132,-0.6884129260076725,0.7455155487499002,0.3105880896455635
3.103448275862069,0.18271399464786486,-0.08504447900043824,-0.2548510609402573,0.9655172413793104,0.669956058430196,0.6317899203236557,0.7718168389737897,0.2636005739794878
3.103448275862069,0.14867435265036621,-0.13737191465828372,-0.23867162729962935,1.2413793103448276,0.6785981900888298,1.8708858381768991,0.7921231657053208,0.21449175127606024
3.103448275862069,0.11846951636332936,-0.21053581124432413,-0.22041764145957604,1.5172413793103448,0.676535345848369,3.0026994943551775,0.7979640968333538,0.17091538375388904
3.103448275862069,0.09769286104393626,-0.30393036368644244,-0.20257246435406137,1.793103448275862,0.6554698628251112,3.9999920449759867,0.781351805089856,0.1409410061583416
3.103448275862069,0.08600032705276717,-0.4077331249284045,-0.1876296095414003,2.0689655172413794,0.6122290897485865,4.843483379376594,0.7449919428523358,0.1240722453538563
3.103448275862069,0.07740552665090905,-0.5062847831567856,-0.17643586250230592,2.3448275862068964,0.5537693497260449,5.53086178103571,0.6932843973761433,0.11167256943666493
3.103448275862069,0.0680180600938518,-0.5880771047071731,-0.16835731941835505,2.6206896551724137,0.4924893750912564,6.077673431260947,0.6404837897021253,0.09812931798828695
3.103448275862069,0.05799065851186147,-0.6504575068510378,-0.16246599267894896,2.896551724137931,0.4375324972525679,6.509183038144073,0.5913119631670001,0.08366283545294806
3.103448275862069,0.04854453411002013,-0.6963119669781707,-0.15809194350088873,3.1724137931034484,0.3922062670162676,6.851179005502107,0.5482357597561274,0.07003495862279063
3.103448275862069,0.04037186823753469,-0.7298123189878358,-0.1548064552450734,3.4482758620689653,0.35621483109910507,7.125257503071807,0.5116491430625909,0.05824429409771348
3.103448275862069,0.033609992212529916,-0.7545150606848523,-0.15231986386278656,3.7241379310344827,0.32799365921834917,7.347955637508232,0.48083438527102257,0.04848896908933353
3.103448275862069,0.028128009500128393,-0.7730170959893894,-0.15042471429717752,4.0,0.3058571740095794,7.531494454458597,0.45483312444661733,0.04058013981591291
3.5172413793103448,0.11439153089884813,0.14487480314269496,0.13831500616313522,-4.0,0.30603577996414255,-31.190602137833462,0.43511569840003683,0.16503209434746458
3.5172413793103448,0.12731534176852732,0.15802690544809028,0.13674222753474846,-3.7241379310344827,0.3237484371306927,-28.63837733966192,0.46423723693962177,0.18367721219853772
3.5172413793103448,0.14145871007354205,0.16917395554709366,0.13201472797352826,-3.4482758620689653,0.347451413835587,-26.119425019208908,0.5023776347569006,0.20408177951364825
3.5172413793103448,0.16348887135822054,0.17584431101683906,0.11737906475468281,-3.1724137931034484,0.39046591327239727,-23.646857862730826,0.5604041777372721,0.2358645839490383
3.5172413793103448,0.21076734193431457,0.17032769873451592,0.07537357002172389,-2.896551724137931,0.48617093599841266,-21.261035980324557,0.6536626742901059,0.30407299898998374
3.5172413793103448,0.29400188647742653,0.13257016728314017,-0.03768801066956194,-2.6206896551724137,0.6349353325041694,-19.087353311421136,0.7457923355691307,0.4241550636329827
3.5172413793103448,0.3525969738292416,0.08005012596734176,-0.18892437476214122,-2.3448275862068964,0.6486855281436384,-17.23584845489392,0.7056830223816879,0.5086899055759018
3.5172413793103448,0.37390802181604,0.05522251085053455,-0.25850476713083465,-2.0689655172413794,0.6155339429983494,-15.55716347316795,0.6506944387406426,0.5394352488226031
3.5172413793103448,0.3795173428189462,0.043761914136718386,-0.2853255319647681,-1.793103448275862,0.5990442162716574,-13.937796806554516,0.6194974900405895,0.5475277884162502
3.5172413793103448,0.3782371463254204,0.03656721301899345,-0.29724908866397304,-1.5172413793103448,0.5923876511717855,-12.346400951916545,0.6038747170991928,0.5456808552836772
3.5172413793103448,0.3730338097214887,0.0307930599172692,-0.30289661862626843,-1.2413793103448276,0.5907397196471639,-10.773876973164192,0.5982697799263692,0.5381740273691085
3.5172413793103448,0.3649931860678042,0.02532542563680727,-0.3052666698538981,-0.9655172413793104,0.5920766460145164,-9.217472661853508,0.5999666377568886,0.5265738594982836
3.5172413793103448,0.3544830307156588,0.01953948987246972,-0.30555422481588684,-0.6896551724137931,0.5955395787647373,-7.676960218526168,0.6080864302929381,0.5114109104927707
3.5172413793103448,0.3415202472687555,0.012911119292847495,-0.3042476938394577,-0.41379310344827586,0.6007851514187591,-6.153566297450519,0.6199954528270292,0.49270956709780567
3.5172413793103448,0.3258943370378191,0.004832930298668063,-0.3014891247002466,-0.13793103448275862,0.6077334456725433,-4.6497416081442955,0.6354101745057938,0.47016614389825806
3.5172413793103448,0.3072071422378768,-0.005541214285149912,-0.29719709459484,0.13793103448275862,0.6164500435089418,-3.1693186110171605,0.6538237927955141,0.4432062206322547
3.5172413793103448,0.28489847351810105,-0.019496542193660055,-0.29110020282775534,0.41379310344827586,0.6270450317787507,-1.7179722325467042,0.674947090292624,0.41102161490139943
3.5172413793103448,0.25833612168215736,-0.03904935668701705,-0.2827452209279982,0.6896551724137931,0.6394846348295482,-0.30402130703355545,0.6986916632676304,0.37270024163333604
3.5172413793103448,0.22712971842605323,-0.06732891565742091,-0.2715506998075364,0.9655172413793104,0.6531484274783962,1.0603757514055125,0.7254870834583935,0.32767891841177343
3.5172413793103448,0.19194241831796055,-0.10884398362150058,-0.25703890171838817,1.2413793103448276,0.6658995320461073,2.357757972666611,0.7523804906282417,0.27691437504355587
3.5172413793103448,0.15585142464060797,-0.16886383895843407,-0.23940363253176694,1.5172413793103448,0.6727229432741156,3.5644075612649258,0.7710273347822412,0.22484607744448448
3.5172413793103448,0.12472305074894652,-0.2504782283771321,-0.22021299499727195,1.793103448275862,0.6654104874277565,4.651935859067515,0.7724303984432864,0.17993732680004726
3.5172413793103448,0.10326054931734752,-0.34940160354199656,-0.2021966851811236,2.0689655172413794,0.636494718765251,5.593970944619681,0.7515005702971587,0.14897348241960762
3.5172413793103448,0.08958091733527795,-0.4522166598109201,-0.18752998115042097,2.3448275862068964,0.5867278642041904,6.376882469183683,0.7116933978626315,0.12923794519788956
3.5172413793103448,0.07835649395699229,-0.5438871532868503,-0.17658212002681403,2.6206896551724137,0.5265257773075459,7.00657695960112,0.6614485102427148,0.11304452525319908
3.5172413793103448,0.06720645449281082,-0.6168456382271363,-0.1685914273324038,2.896551724137931,0.4677807246914848,7.504513646642861,0.612485045773708,0.09695841861250765
3.5172413793103448,0.0565187352312988,-0.6714567031758897,-0.16270978550309628,3.1724137931034484,0.41710947446235735,7.897529232878546,0.5675223854963227,0.08153929903551038
3.5172413793103448,0.04704493179019775,-0.7114804387816331,-0.1583290901307223,3.4482758620689653,0.3760261811471698,8.21020325663051,0.5285013409073133,0.06787148979267732
3.5172413793103448,0.03908173177858365,-0.7408635964846508,-0.15503719993720688,3.7241379310344827,0.3435690284517449,8.462120447767656,0.4953428353744351,0.05638302062631517
3.5172413793103448,0.03257398566110181,-0.7627015441633106,-0.15254445999566002,4.0,0.3180993854356203,8.66797411327681,0.46728844642864004,0.046994327575259565
3.9310344827586206,0.13193853670868383,0.1629579159592052,0.14252313315964119,-4.0,0.31657410727065016,-30.193138078197094,0.44193442302386826,0.1903470726117642
3.9310344827586206,0.14520969916988968,0.17404719552657952,0.13977684266295848,-3.7241379310344827,0.33539086979402805,-27.66832401038475,0.47329571300291706,0.20949331288137785
3.9310344827586206,0.16345707885556426,0.1813392108342104,0.12996535098469997,-3.4482758620689653,0.3673796397687357,-25.18077801164343,0.520321752552717,0.2358187170631183
3.9310344827586206,0.20165483594887434,0.1792938397456995,0.09922441829601683,-3.1724137931034484,0.44035463510936745,-22.75664130357762,0.5999943504086047,0.29092643179471755
3.9310344827586206,0.2988956383543775,0.14417505067131242,-0.007880812812439048,-2.896551724137931,0.6053604346459835,-20.500344000390626,0.7050793733505151,0.4312152551972015
3.9310344827586206,0.3864806029109238,0.07631258511493107,-0.19945989428928496,-2.6206896551724137,0.6383713488207591,-18.6070550725347,0.6668694735577371,0.5575736492193664
3.9310344827586206,0.4096764699890254,0.04975237741413217,-0.2736802570006963,-2.3448275862068964,0.5966692998157577,-16.925398152538474,0.5994918472482784,0.5910382116220627
3.9310344827586206,0.4151457146072024,0.03948540697666043,-0.29828049548252344,-2.0689655172413794,0.5793134284066622,-15.300473122475625,0.5664317281882639,0.5989286637101152
3.9310344827586206,0.41432683806911697,0.03351751080656018,-0.3087970146637537,-1.793103448275862,0.5726111732420724,-13.699199129135764,0.5506897389374262,0.59774727458952
3.9310344827586206,0.4102141565639792,0.028953094045314702,-0.3138341681803612,-1.5172413793103448,0.5707351525709755,-12.113185359160699,0.5448194851849653,0.591813929377301
3.9310344827586206,0.40382469982617164,0.024802859753240907,-0.3161252362424659,-1.2413793103448276,0.5715640754064376,-10.53985726322212,0.5454727840173518,0.5825958918276921
3.9310344827586206,0.39551759864524594,0.020582032464501965,-0.31673460165168665,-0.9655172413793104,0.5742316872493376,-8.978727410706066,0.5519764785288207,0.5706112781498076
3.9310344827586206,0.3853596867949374,0.015944477289136585,-0.316115977441949,-0.6896551724137931,0.5783763975990402,-7.430391251211763,0.5616748885796023,0.5559565090975807
3.9310344827586206,0.37324293790108176,0.010542714965958664,-0.3144443625449261,-0.41379310344827586,0.5838827897053943,-5.896249746004736,0.5744726098538692,0.5384757355567182
3.9310344827586206,0.3589175653142125,0.0039382758696525156,-0.3117317464846587,-0.13793103448275862,0.5907816418198137,-4.378518375541158,0.5899983577113835,0.5178085915667552
3.9310344827586206,0.3419894681387683,-0.004495336509947616,-0.30786188010227317,0.13793103448275862,0.5992040774869855,-2.8804205357664454,0.6081839558397497,0.49338650972005516
3.9310344827586206,0.32190519363295444,-0.01571279405775591,-0.302586985163292,0.41379310344827586,0.6093409903382493,-1.4065730174019397,0.6290035221139268,0.46441102649066535
3.9310344827586206,0.29795725663713335,-0.031216578081097013,-0.2955064018619654,0.6896551724137931,0.6213547111438052,0.036371029271536494,0.652498758030317,0.42986145654727226
3.9310344827586206,0.2693934680827701,-0.05338582412754283,-0.2860559529456141,0.9655172413793104,0.635139745139709,1.4387230989121678,0.6780372540633132,0.3886526204508911
3.9310344827586206,0.23582928830589878,-0.08586562739493711,-0.27358273176282993,1.2413793103448276,0.649732225249895,2.786350383031254,0.707703196108698,0.34022974473529377
3.9310344827586206,0.19826915514158494,-0.133647923954109,-0.257661994551146,1.5172413793103448,0.6621390073723449,4.059121263378221,0.7343227316459754,0.2860419268840091
3.9310344827586206,0.16055506454514545,-0.20173249758436393,-0.23878338727981213,1.793103448275862,0.6659657294001209,5.23042861260543,0.7503163462834925,0.23163199540888835
3.9310344827586206,0.12893126472427663,-0.2909525761539505,-0.2189651725361503,2.0689655172413794,0.6522537282865909,6.270508855854384,0.7466820405070417,0.1860084962332551
3.9310344827586206,0.10690192643946994,-0.39297675122786024,-0.20105350006204561,2.3448275862068964,0.6156328439793034,7.155749017036425,0.7221685640755396,0.15422687913569977
3.9310344827586206,0.0915178542759636,-0.4922867088148634,-0.1868042728476477,2.6206896551724137,0.5611421558179345,7.879811326372136,0.6800318788777595,0.13203235451673123
3.9310344827586206,0.07840983198343365,-0.5762571102266085,-0.176193700709599,2.896551724137931,0.501077615610496,8.456367972302175,0.6330065607150501,0.1131214757594372
3.9310344827586206,0.06618419874204595,-0.6410908371195082,-0.1683985081981251,3.1724137931034484,0.4456275168268017,8.910868297157702,0.5874295790064563,0.09548361531035932
3.9310344827586206,0.05518187955730425,-0.6890978114025204,-0.16263245696814563,3.4482758620689653,0.3991117907123681,9.270254556248377,0.5463897776529877,0.07961062398425511
3.9310344827586206,0.045781624782118335,-0.7243030683796535,-0.15832857820058985,3.7241379310344827,0.36181818126435983,9.557420100517652,0.510934260699659,0.06604892303700094
3.9310344827586206,0.03802262094268172,-0.7502990343411856,-0.15508979896367123,4.0,0.33242986812919834,9.790006506020031,0.4807375049488709,0.0548550466756077
4.344827586206897,0.15003894531884732,0.1788959546795442,0.14545738460459628,-4.0,0.326919223552011,-29.227267828615364,0.4486131595122648,0.21646044235171136
4.344827586206897,0.1650806741870985,0.1866526723732705,0.13953334566064796,-3.7241379310344827,0.3504201409930729,-26.7298205609793,0.4859594595136274,0.2381610699963339
4.344827586206897,0.19428614512387354,0.1872978589288624,0.11845571435200129,-3.4482758620689653,0.4031993158467439,-24.279744868859694,0.5502156771648091,0.28029565808364465
4.344827586206897,0.29112127871221527,0.15861884747998387,0.02808023570536337,-3.1724137931034484,0.5606939402320095,-21.952688957812818,0.6596324874816836,0.4199992250953666
4.344827586206897,0.4188792514218955,0.07128824362852634,-0.213416179187083,-2.896551724137931,0.6264388978686025,-20.01157390192877,0.6235281733539597,0.6043150187576498
4.344827586206897,0.44103231230467643,0.043855115098754296,-0.28896852326162525,-2.6206896551724137,0.5770342413646972,-18.33184430047402,0.5478828537320293,0.6362751298337495
4.344827586206897,0.44545584593464516,0.03508275392108905,-0.3100152882150522,-2.3448275862068964,0.5604593079556014,-16.704078767573776,0.5157799907676507,0.6426569398649113
4.344827586206897,0.4446568068763834,0.030245359887304066,-0.31876414058791563,-2.0689655172413794,0.5543779578726685,-15.095607838811468,0.5012480475010392,0.6415041701780799
4.344827586206897,0.44124368492538824,0.026647583632728455,-0.323011925831024,-1.793103448275862,0.5526225111364923,-13.499307865937404,0.49582720226230154,0.6365800760654294
4.344827586206897,0.43605720226307176,0.02345759459807382,-0.3250508024200142,-1.5172413793103448,0.5532006444237361,-11.91301060716175,0.49615848764697157,0.6290975632488487
4.344827586206897,0.4293986517844999,0.020299654263898032,-0.3257579562858871,-1.2413793103448276,0.5553241028322219,-10.336201320086113,0.5015055434977002,0.619491305493904
4.344827586206897,0.4213426789347545,0.016933039584656355,-0.3255153721759546,-0.9655172413793104,0.5586561446806696,-8.769171210978389,0.5095966869419276,0.6078689934140411
4.344827586206897,0.4118365336339276,0.013143395533420048,-0.32448811759720747,-0.6896551724137931,0.5630702857802428,-7.212762792347904,0.520167893366927,0.5941545247305675
4.344827586206897,0.4007306311849492,0.008685946577599135,-0.32272295815424734,-0.41379310344827586,0.5685609873876345,-5.668326681437818,0.5331158491257961,0.5781320943428305
4.344827586206897,0.3877794258814007,0.0032358418992617694,-0.3201827024163314,-0.13793103448275862,0.5752091001267571,-4.137794081984593,0.5483122003309947,0.559447454677866
4.344827586206897,0.37262473592876266,-0.0036757662093426396,-0.316750862702831,0.13793103448275862,0.5831684874340592,-2.6238521236089642,0.5658380151406193,0.5375838586369857
4.344827586206897,0.35476721366123365,-0.012759950521045884,-0.3122176817891674,0.41379310344827586,0.5926550114712984,-1.1302491752373733,0.5858050334164946,0.5118208998190563
4.344827586206897,0.3335369513969171,-0.025129501147077477,-0.3062519986076618,0.6896551724137931,0.6039124096971094,0.3377085691175827,0.6082908343522803,0.48119210573355575
4.344827586206897,0.3081000085655099,-0.042554202077433136,-0.29836787900114065,0.9655172413793104,0.6170979284127809,1.77237173901534,0.6334665734651855,0.44449435445530794
4.344827586206897,0.2776100830901973,-0.06782865364295963,-0.287919355093158,1.2413793103448276,0.63195592954527,3.162558764901626,0.6615795308574497,0.4005066901750003
4.344827586206897,0.24175892698568568,-0.10513258308579623,-0.27422034013701985,1.5172413793103448,0.6470353196777119,4.491950050730961,0.6918176756746367,0.3487844050528852
4.344827586206897,0.2020394257532494,-0.15978537677518956,-0.2569725893038193,1.793103448275862,0.6582793004986417,5.737562633300541,0.7173488005395339,0.2914812775982667
4.344827586206897,0.16314542017975397,-0.2359389989957983,-0.23705260183702448,2.0689655172413794,0.6579130433017916,6.870144476417164,0.7298284713873204,0.23536908863707717
4.344827586206897,0.13140731760936109,-0.33134745790368664,-0.2169111790740091,2.3448275862068964,0.6370249594114611,7.859813650957085,0.7215457096884551,0.1895806854515465
4.344827586206897,0.10893523718624043,-0.43392644852257334,-0.19934527004394578,2.6206896551724137,0.5935034668500906,8.687722166171946,0.6934742020147188,0.15716032646665123
4.344827586206897,0.09221214262093835,-0.5279118372834345,-0.1856310208752192,2.896551724137931,0.5361973517915198,9.355690913601451,0.651163312484592,0.13303400086897366
4.344827586206897,0.07785117889078363,-0.6040718390277225,-0.17543759750929808,3.1724137931034484,0.4776433164655027,9.883880329333126,0.607176978090573,0.11231550971309279
4.344827586206897,0.06502720994832223,-0.6616644826868712,-0.16791907298640346,3.4482758620689653,0.42581428160949913,10.299895755533619,0.5650263430431682,0.09381443331528994
4.344827586206897,0.05393068626027886,-0.7040823676183007,-0.16233958471376556,3.7241379310344827,0.3831858798433911,10.629806545761442,0.5275408451548391,0.07780553361944209
4.344827586206897,0.04466757722692427,-0.7352749062708155,-0.15816569981212533,4.0,0.34925539610343886,10.89463761606044,0.4952027479621868,0.0644416921538089
4.758620689655173,0.17211011295220824,0.19116227365877744,0.14411033266376314,-4.0,0.3419353450290231,-28.290202821365096,0.4590064842364243,0.24830240644299062
4.758620689655173,0.18665246618331843,0.19499211942488268,0.13505577388921794,-3.7241379310344827,0.37181130707834437,-25.82288589644785,0.5051039714940463,0.2692825873323681
4.758620689655173,0.27252422864779846,0.17408216133988294,0.06552519581147627,-3.4482758620689653,0.504633744868537,-23.441947606029693,0.611754124775659,0.39316935319226776
4.758620689655173,0.4493465150818674,0.06517539728087966,-0.22995166409087028,-3.1724137931034484,0.6125401039008967,-21.446343821133304,0.5761686545457578,0.6482699889493477
4.758620689655173,0.46776453975789045,0.03802668950454432,-0.3032219129594191,-2.896551724137931,0.5576462964266853,-19.77168254296168,0.49768856245028736,0.6748415818124163
4.758620689655173,0.47079581382133795,0.030882948453743064,-0.32016484031078557,-2.6206896551724137,0.5431333808088387,-18.142485066188666,0.46884615285357295,0.6792147858713284
4.758620689655173,0.4698433629914234,0.027050517660663305,-0.327129411672045,-2.3448275862068964,0.5380482142771664,-16.528534155812643,0.4563400318082148,0.6778406897823204
4.758620689655173,0.4669096880095698,0.02422949000515565,-0.3305823536864209,-2.0689655172413794,0.5365992390427584,-14.92418360131784,0.45177444968094993,0.6736082914344195
4.758620689655173,0.46262675549830434,0.021759363079666718,-0.33231783977651635,-1.793103448275862,0.5370781311522653,-13.32773250215301,0.45219692027966,0.6674293259399549
4.758620689655173,0.4572235443851633,0.01935475332433651,-0.333017709190497,-1.5172413793103448,0.5388219453931106,-11.73873592790596,0.45672924769377554,0.6596341400621495
4.758620689655173,0.45076334640104077,0.016844341216983003,-0.3329839796721261,-1.2413793103448276,0.5415428736692498,-10.157341987793746,0.46357513848071985,0.6503140444672955
4.758620689655173,0.44321930900324324,0.014088367693399875,-0.3323553296001145,-0.9655172413793104,0.5451229810637829,-8.584084686135256,0.47241911334648434,0.6394302991252117
4.758620689655173,0.4344995013010384,0.010940505685759105,-0.3311847327818803,-0.6896551724137931,0.5495389140058452,-7.019830378610002,0.4832597435493449,0.6268502757957357
4.758620689655173,0.42445086624183825,0.007220088926039425,-0.3294688688048913,-0.41379310344827586,0.5548327167590213,-5.4657997162598075,0.4959339943081487,0.6123531598281242
4.758620689655173,0.4128506830163363,0.0026812757410360328,-0.32715633359062907,-0.13793103448275862,0.561102342806506,-3.92364726468052,0.5105081170069564,0.5956176330152898
4.758620689655173,0.39938746972651873,-0.0030307224873436433,-0.3241432576769378,0.13793103448275862,0.5685014663118474,-2.39560612036519,0.5271128620658607,0.5761943219676393
4.758620689655173,0.38363115317718166,-0.01044877172901366,-0.32025832476915733,0.41379310344827586,0.5772415823263607,-0.8847237715768992,0.545921276582031,0.5534627622192345
4.758620689655173,0.3649941463444477,-0.020397536966864496,-0.3152367202785851,0.6896551724137931,0.5875847534606672,0.6047617293104764,0.5671041020944216,0.5265752448846355
4.758620689655173,0.34269602219534634,-0.03418109810205151,-0.3086838340636361,0.9655172413793104,0.5997977276000352,2.066824722662475,0.5909408619228326,0.4944058517536005
4.758620689655173,0.3157811565532713,-0.053878812188887286,-0.3000400622356566,1.2413793103448276,0.6139923153781155,3.4927173892361827,0.6171338914100815,0.45557590856558594
4.758620689655173,0.2833354462222444,-0.08274308040829749,-0.2885930574236352,1.5172413793103448,0.6296805782928592,4.869579765973755,0.6473053961551252,0.40876664317289313
4.758620689655173,0.2452190650108721,-0.12546858908001562,-0.27366369686337266,1.793103448275862,0.6447624047207565,6.178665491832139,0.6774832658909473,0.3537763290226126
4.758620689655173,0.2035812870658964,-0.18743497787898908,-0.2551636308687203,2.0689655172413794,0.6539332515513215,7.394037440853069,0.7011625291977649,0.29370571326776096
4.758620689655173,0.16398307155510783,-0.2712351713437523,-0.2344308531705435,2.3448275862068964,0.6482465245751714,8.484342562566715,0.7094523790800501,0.2365775641222947
4.758620689655173,0.13245610736547886,-0.3709661658966776,-0.21426962555856108,2.6206896551724137,0.6199027129708893,9.421221638281308,0.6973298856652063,0.19109376923163257
4.758620689655173,0.10967624274152699,-0.4717586818354955,-0.19725155071110043,2.896551724137931,0.5707780451195056,10.192378087817028,0.6659269229022606,0.15822937150653527
4.758620689655173,0.09199387006344861,-0.559326716284098,-0.18416116049564854,3.1724137931034484,0.5123933530798739,10.80774377050629,0.6254212715668238,0.13271910013272015
4.758620689655173,0.07687298066962822,-0.6280141617795677,-0.17444309770379926,3.4482758620689653,0.45624464479429033,11.292259013332176,0.5838317574439146,0.11090426799042552
4.758620689655173,0.06377659776555267,-0.6792622726213224,-0.16725462738083435,3.7241379310344827,0.40808667033892,11.674188408830169,0.5449596351514212,0.09201018132113248
4.758620689655173,0.05272962137419168,-0.7169444888003434,-0.1619052578797766,4.0,0.3690251146708629,11.978153916287363,0.5106469287434444,0.07607276326449908
5.172413793103448,0.18763679138743927,0.20043995515100857,0.14402316695073908,-4.0,0.35466761835217764,-27.381666806299236,0.4712984791318089,0.2707026684229752
5.172413793103448,0.24881406671902018,0.18831611844922733,0.09859652330638066,-3.7241379310344827,0.4474170973531438,-24.962315152799494,0.5591670263144869,0.35896282015894565
5.172413793103448,0.4769638566943264,0.05842258930698046,-0.24760586547420052,-3.4482758620689653,0.5968656456591589,-22.908663235010025,0.5270399365132592,0.6881133907361789
5.172413793103448,0.49000811370309516,0.03266704057455432,-0.31560044377602087,-3.1724137931034484,0.5395743021097121,-21.2403955559775,0.4507488641688311,0.7069322756348098
5.172413793103448,0.491736903936858,0.027079861307376465,-0.3286133097413156,-2.896551724137931,0.5277492191665158,-19.610284082533397,0.4264513126180505,0.7094263927317979
5.172413793103448,0.4906216099473164,0.02409646592291665,-0.3339987300450817,-2.6206896551724137,0.5237584748109534,-17.991945857935043,0.4162670196406093,0.7078173636239522
5.172413793103448,0.48805128664352027,0.02189264060521867,-0.336748034341606,-2.3448275862068964,0.5226730439893014,-16.381136437745052,0.4126981959611138,0.7041091709400851
5.172413793103448,0.48446915751445396,0.019968658935119437,-0.3381940478579552,-2.0689655172413794,0.5231278562324011,-14.776585282921326,0.4133986432655917,0.698941251009757
5.172413793103448,0.4800380275106144,0.018112755969969672,-0.3388449959695713,-1.793103448275862,0.5245967415842693,-13.177944094201443,0.41734764804822955,0.6925484817276826
5.172413793103448,0.47480489508369206,0.016202103460450923,-0.33893010681232105,-1.5172413793103448,0.5268476627228029,-11.58529552826978,0.4232236017923472,0.6849986675270467
5.172413793103448,0.46875427204883713,0.01414216595430635,-0.3385589815486344,-1.2413793103448276,0.5297802877694039,-9.998995704845033,0.4307498997491729,0.6762694636803732
5.172413793103448,0.46182685034733884,0.011840511945890768,-0.33777957468492736,-0.9655172413793104,0.5333662377016312,-8.419625934597645,0.439871023307753,0.6662753067454745
5.172413793103448,0.4539241446710671,0.009190083117881212,-0.33660078555952594,-0.6896551724137931,0.5376254170677272,-6.847994870846256,0.450508220006901,0.6548741124567132
5.172413793103448,0.44490469634702,0.006053079530633165,-0.3350016822279169,-0.41379310344827586,0.5426172163135778,-5.285174956051134,0.4626707341812702,0.6418617990880553
5.172413793103448,0.43457425294657903,0.0022402729847486986,-0.33293060328725366,-0.13793103448275862,0.5484404625458552,-3.7325731156699886,0.47645456990574475,0.6269581196240557
5.172413793103448,0.42266824582064744,-0.0025197586063791916,-0.33029938741433124,0.13793103448275862,0.555237812178894,-2.1920457884385462,0.49200711059789265,0.6097813821866858
5.172413793103448,0.4088253107107571,-0.008629573418285519,-0.32697029044464926,0.41379310344827586,0.5632029062109142,-0.6660793333010391,0.5095200827151352,0.5898102483522982
5.172413793103448,0.3925498328641941,-0.016703371326154022,-0.322734555844341,0.6896551724137931,0.5725851134468644,0.8419273194065142,0.529211726262714,0.5663296971749641
5.172413793103448,0.3731654650996188,-0.02770109902562317,-0.31728066421647866,0.9655172413793104,0.5836778874150159,2.327216346382323,0.5513234607694031,0.5383639659302428
5.172413793103448,0.34977737251804464,-0.04314876941190098,-0.31015397883541596,1.2413793103448276,0.5967516606230377,3.7829641017911606,0.576111119910745,0.5046220807469544
5.172413793103448,0.32131129316195906,-0.0654758576557183,-0.3007252584736227,1.5172413793103448,0.6118309941753665,5.199180447117102,0.6035847881826856,0.4635542092263787
5.172413793103448,0.28682413296428666,-0.09842298197768175,-0.28823262721773435,1.793103448275862,0.62809761877426,6.56110862131386,0.6347931586482489,0.4137997542348528
5.172413793103448,0.24646758405332903,-0.14712711839514167,-0.272055593314875,2.0689655172413794,0.6426218379224607,7.847343987606589,0.6643770097461278,0.3555775612536216
5.172413793103448,0.20322174109589786,-0.21663232486539868,-0.25240778857469515,2.3448275862068964,0.6487296649040101,9.029039108222507,0.6854987332297945,0.2931869980798725
5.172413793103448,0.16341696777686177,-0.3072042109427408,-0.23112898901899018,2.6206896551724137,0.6367791694356404,10.073649005355506,0.6891524692205857,0.23576084900879035
5.172413793103448,0.13235708281400238,-0.4091411577549997,-0.21123656375477165,2.896551724137931,0.6012445141924022,10.956218064193434,0.6734392982739615,0.190950907002291
5.172413793103448,0.10940986115859297,-0.5062395775896967,-0.194922119840484,3.1724137931034484,0.5480709210682956,11.672245126614087,0.6400713715227269,0.15784506411785237
5.172413793103448,0.0911162033092785,-0.5869158861551673,-0.18251338209650897,3.4482758620689653,0.49002059406065485,12.23891224281095,0.6017686791644605,0.13145289465892684
5.172413793103448,0.07560367568506021,-0.6487051679838637,-0.17330530281745718,3.7241379310344827,0.436789896428623,12.68417534648493,0.5627609557987828,0.10907304798381334
5.172413793103448,0.062457170427743014,-0.6944390525539249,-0.16647679752328565,4.0,0.3921927423321921,13.035871284026925,0.5269279883576992,0.09010665004406171
5.586206896551724,0.23064282567766026,0.19993419508871307,0.12365820811545249,-4.0,0.4026974176898047,-26.50758242465653,0.50926963316429,0.3327472608217783
5.586206896551724,0.5008265852344056,0.05161760047928844,-0.2647284170785691,-3.7241379310344827,0.580239747065127,-24.395764020238456,0.4779600732221803,0.7225400308630312
5.586206896551724,0.5082278843698902,0.027998603157661704,-0.3257658935090922,-3.4482758620689653,0.5235604533262448,-22.733758400191054,0.4083571173449824,0.7332178484219294
5.586206896551724,0.5089529694414046,0.02375137893867057,-0.33545722713047715,-3.1724137931034484,0.514438984789236,-21.102774803506854,0.38887463674345507,0.7342639250588263
5.586206896551724,0.5077343289467391,0.021452843587775803,-0.33955982502725235,-2.896551724137931,0.5114558916523457,-19.48076920655447,0.38093107019825184,0.7325057984605463
5.586206896551724,0.5054649508319586,0.019732099004898855,-0.3417323444915175,-2.6206896551724137,0.5107123417034887,-17.864666526754792,0.3783258865803031,0.7292317779084505
5.586206896551724,0.5024409876117637,0.018224251486520546,-0.34293056400971417,-2.3448275862068964,0.5111712430131727,-16.25354825233873,0.37935054951033553,0.7248691211668437
5.586206896551724,0.49877336168581565,0.01677513696104211,-0.3435222082038337,-2.0689655172413794,0.5124317701970782,-14.64715744724501,0.3828660399536981,0.7195778554316425
5.586206896551724,0.4944941912609082,0.015296577579783976,-0.34367700817874886,-1.793103448275862,0.5143139310296952,-13.045547556589513,0.38797476712588425,0.7134043174805105
5.586206896551724,0.4895928966716865,0.013723059163589846,-0.3434787452187011,-1.5172413793103448,0.5167368473987272,-11.448967373697803,0.3944461305423029,0.7063332440827046
5.586206896551724,0.4840293187177662,0.01199368878540227,-0.3429668559447044,-1.2413793103448276,0.5196735516252347,-9.857822272582723,0.40220030145180924,0.6983066977589849
5.586206896551724,0.4777375312814842,0.01004157291964831,-0.3421538090351462,-0.9655172413793104,0.5231323162162372,-8.272669510575161,0.41120311920982705,0.6892295672263336
5.586206896551724,0.47062466700383143,0.007784756170096362,-0.34103203239620267,-0.6896551724137931,0.5271494152063882,-6.694234929321098,0.4214334941222562,0.6789678732064468
5.586206896551724,0.4625658367853649,0.0051157057403783245,-0.33957549180727514,-0.41379310344827586,0.5317878260587211,-5.123448875495197,0.4329545703468025,0.667341438814899
5.586206896551724,0.4533949040596912,0.0018867513050444856,-0.337737490128925,-0.13793103448275862,0.5371398633816075,-3.561504888424379,0.4458713095494986,0.6541105796512436
5.586206896551724,0.4428899147066401,-0.002111935355989699,-0.3354447874246606,0.13793103448275862,0.5433329817650644,-2.009949970731782,0.46033032021569614,0.6389550836070055
5.586206896551724,0.4307511218578226,-0.007187250729228878,-0.3325871547515291,0.41379310344827586,0.550538162063918,-0.47082231276621145,0.47651997885183783,0.6214425073616381
5.586206896551724,0.41656887931519226,-0.013800148119514482,-0.32900061418254406,0.6896551724137931,0.558979100138606,1.0531365936658308,0.4946660074967659,0.6009818563767007
5.586206896551724,0.3997792494640262,-0.02266035657206627,-0.32444197647813355,0.9655172413793104,0.5689360296076439,2.5581504356672764,0.5150118174821485,0.5767595406520618
5.586206896551724,0.3796107626750913,-0.03488432499760522,-0.31855296356253715,1.2413793103448276,0.5807252441643005,4.038883365581914,0.5379121994209263,0.5476625647794311
5.586206896551724,0.355047978043846,-0.05225163472965079,-0.31081812650248347,1.5172413793103448,0.5946015014483402,5.487608054405973,0.5633563091324397,0.51222595720151
5.586206896551724,0.32490605864348887,-0.07758100617122762,-0.3005431465123678,1.793103448275862,0.6104508737128146,6.89292013076856,0.5923943643260747,0.46874035955974014
5.586206896551724,0.28827239552633155,-0.11511328374658776,-0.2869412452284795,2.0689655172413794,0.627005088549107,8.23792980155791,0.6237375449434115,0.4158891554510191
5.586206896551724,0.24574725460105662,-0.17028345670450937,-0.2695166236516538,2.3448275862068964,0.6403149919365584,9.498386234818366,0.6522059782547734,0.3545383455250226
5.586206896551724,0.20129279666834266,-0.2472725050282893,-0.24887591366577919,2.6206896551724137,0.642332469497711,10.642792368012657,0.6701399320030081,0.2904041195200886
5.586206896551724,0.16176745729580877,-0.34331653087161257,-0.22734784903590194,2.896551724137931,0.6234796591561024,11.638701329011987,0.6699822168664445,0.2333811084178805
5.586206896551724,0.13135283342710236,-0.4453221225850156,-0.207978429889439,3.1724137931034484,0.5815171118980725,12.466444105451533,0.6501905938392224,0.18950208139199454
5.586206896551724,0.10837610896632088,-0.5373561723789793,-0.1924742628672231,3.4482758620689653,0.5258749599483538,13.129808753260537,0.6171415889886928,0.1563536749565526
5.586206896551724,0.08976613696491964,-0.6111213970131465,-0.18077585806324104,3.7241379310344827,0.46920722875587834,13.651817401346083,0.580149220974156,0.12950516063904915
5.586206896551724,0.07413052547222354,-0.6666793309901566,-0.17209174658185808,4.0,0.419132041249986,14.061878843910447,0.5437267278441419,0.10694774147726971
6.0,0.520538690665117,0.04528573058530098,-0.2800422324369083,-4.0,0.563821453956558,-25.904668549365894,0.4317432379868319,0.7509785876133983
6.0,0.5230627717392438,0.02407359865581536,-0.3338043719928115,-3.7241379310344827,0.5098856986927242,-24.247942229618562,0.3710415746313214,0.7546200668618424
6.0,0.523109573432307,0.020896307175515067,-0.3409136146871834,-3.4482758620689653,0.5031147081202935,-22.615951921623186,0.35596405930467145,0.75468758743233
6.0,0.521857963820376,0.019131424353001796,-0.34402967774700866,-3.1724137931034484,0.5009677647404863,-20.990788175317856,0.34997789217874026,0.7528818964520689
6.0,0.5198506282311703,0.017784109367972478,-0.3457520089617723,-2.896551724137931,0.5005084772066773,-19.370273153135077,0.348213771700954,0.7499859233521216
6.0,0.5172800234548129,0.016594012135484424,-0.346749520520834,-2.6206896551724137,0.5009755095718261,-17.75375640501929,0.34953490366652884,0.7462773245891849
6.0,0.5142191621618919,0.015450305044126953,-0.34728500595053075,-2.3448275862068964,0.5020711253702811,-16.14105576774237,0.35271274436776545,0.7418614351810389
6.0,0.5106887779405864,0.014289642428979723,-0.34748216321535175,-2.0689655172413794,0.5036591618736996,-14.53221170295804,0.3572034221340422,0.7367681673725288
6.0,0.5066806560283001,0.013065867263447226,-0.3474036283467418,-1.793103448275862,0.5056765884778717,-12.927405202285485,0.3628190535847136,0.7309856697663952
6.0,0.5021663856861609,0.011737557411108077,-0.34708055469345295,-1.5172413793103448,0.5081002154971,-11.326928313548255,0.3694774211245154,0.7244729543305581
6.0,0.4971003409756094,0.010261085316298086,-0.3465250036533443,-1.2413793103448276,0.5109326804868425,-9.731177833258531,0.37716360263141885,0.7171641967497235
6.0,0.4914194347011074,0.0085852017267868,-0.345735412303132,-0.9655172413793104,0.5141965610967686,-8.140662829664958,0.38584497692846687,0.7089683814397456
6.0,0.4850405642624891,0.006645312184939197,-0.34469841987348643,-0.6896551724137931,0.5179327332594158,-6.556023586397421,0.3955616228781194,0.6997656166914772
6.0,0.47785573831865746,0.004356106439675148,-0.3433883595559049,-0.41379310344827586,0.5222014692038311,-4.978062980248731,0.4063850997569052,0.6894001039326616
6.0,0.46972431182951735,0.0016010082739896317,-0.34176469214688243,-0.13793103448275862,0.5270858124740883,-3.4077940068519115,0.4184187505354279,0.6776689352614254
6.0,0.46046120414249647,-0.0017838129438921665,-0.3397670652923527,0.13793103448275862,0.5326972280269173,-1.8465103864909966,0.4318000270448513,0.6643050957381407
6.0,0.44981928556531936,-0.006034557545023562,-0.3373071551453389,0.41379310344827586,0.5391836351408272,-0.2958919608649872,0.44670367951624196,0.6489520525813028
6.0,0.4374633049097534,-0.01150031501841277,-0.33425583647477036,0.6896551724137931,0.5467394595079372,1.2418356657004095,0.46334357174281543,0.6311261405641977
6.0,0.42293213369956884,-0.018709805760765134,-0.3304235423306439,0.9655172413793104,0.5556153587117408,2.7636548709196553,0.48196784470317594,0.610162091920956
6.0,0.4055872551242541,-0.02848271592736316,-0.3255313153393352,1.2413793103448276,0.566119118259964,4.265369338548329,0.5028651148484965,0.5851387216155288
6.0,0.3845536203736477,-0.04211472041656973,-0.31917169111940014,1.5172413793103448,0.5785818711120261,5.74098940768478,0.5263723921312378,0.5547936010689587
6.0,0.35869010153167635,-0.061672337668771546,-0.31076763401826846,1.793103448275862,0.5932187128328982,7.181757544087173,0.5523380544542172,0.5174804306957088
6.0,0.32671929034033176,-0.09039915947299841,-0.2995685678549243,2.0689655172413794,0.6097117405656852,8.574660937064007,0.5827083887816441,0.47135629993675776
6.0,0.28784585277422603,-0.13301992529835036,-0.2847984747685272,2.3448275862068964,0.6261992665626045,9.900436793744003,0.6138721245583432,0.4152737843378307
6.0,0.243304889934304,-0.19503211934625592,-0.2661649386680827,2.6206896551724137,0.637534133681613,11.131885377541524,0.6407076352516807,0.35101475813225536
6.0,0.19812597278965982,-0.27911660735119653,-0.24474191666239284,2.896551724137931,0.6344682405903367,12.235403373716938,0.6549259392101443,0.2858353584149431
6.0,0.15931016699721146,-0.3789969652617477,-0.22327033886974343,3.1724137931034484,0.6084747565806282,13.180258330826115,0.650944727105464,0.22983598789006976
6.0,0.12964510252170958,-0.47912388572655484,-0.20462779798739353,3.4482758620689653,0.5612186838571319,13.953673675551249,0.6278510507138143,0.1870383464836114
6.0,0.10676810088552391,-0.5652534911911337,-0.18999461073582172,3.7241379310344827,0.5045420026888212,14.567433602862366,0.5957746545560635,0.15403380967267744
6.0,0.08807995143531344,-0.6323832831385297,-0.1790111865086193,4.0,0.44997048854049837,15.048753607019414,0.5604338123799624,0.12707250913746782
