U,E_p,m_cdw,m_sdw,V,S,E_GS,coherence,E_p_bits
-6.0,0.0010176202499294629,0.019829460658303124,0.1203612902686114,-4.0,0.055039668033675736,-58.45902117906961,0.12087755723385463,0.0014681156880813617
-6.0,0.00013244061328787637,0.009768626541009153,0.12967841683507716,-3.836734693877551,0.037496081112039996,-56.82975762864271,0.09792561046550247,0.00019107141600249733
-6.0,0.0012905551809989646,0.08320304227347228,0.05798794993392637,-3.673469387755102,0.13994618622052996,-55.2329086366442,0.17938537911706415,0.0018618775596204173
-6.0,0.0012113604251795529,0.05789830064196168,0.08207275117544789,-3.510204081632653,0.1157816840475089,-53.61568707562192,0.1700596473075693,0.0017476236781353016
-6.0,0.0053926993002408885,0.12412744517867155,0.01823459335801359,-3.3469387755102042,0.1677100479791417,-52.00724362148672,0.20583207055630134,0.0077800205374622955
-6.0,0.019763944288005098,0.05446715635499989,0.08423319216662936,-3.183673469387755,0.129628379253699,-50.389341699793526,0.2040591553764028,0.028513344412709696
-6.0,0.002558983321736763,0.2153587913859027,-0.067818928498399,-3.020408163265306,0.1370683855330011,-48.78374601362391,0.19258945047599899,0.003691832547987328
-6.0,0.007113250894118961,0.1812146401601456,-0.035155064873049945,-2.857142857142857,0.16731677554055643,-47.18013174769998,0.21767544539751077,0.010262251789544319
-6.0,0.005576600759445993,0.1408933363987312,0.0024387491852116377,-2.693877551020408,0.17961336159322067,-45.57727158617196,0.22584445946134266,0.00804533426066989
-6.0,0.05110412332150882,0.14024470473047418,0.0031638905214404155,-2.5306122448979593,0.20442285552319753,-43.977170262703694,0.25258042779721046,0.07372766528491859
-6.0,0.0037847771805947783,0.24695639671563277,-0.0912661559131849,-2.36734693877551,0.11538290132052906,-42.36676035724382,0.1966849957263357,0.005460279269314583
-6.0,0.12914551914575845,0.12279755266357115,0.018668538798389377,-2.204081632653061,0.25434913016639,-40.78792775557954,0.28077781795302537,0.18631760002461606
-6.0,0.011466487010055593,0.1698905359891765,-0.021275055579218407,-2.0408163265306123,0.194830504146267,-39.20295686370261,0.2591457073161085,0.016542643945824498
-6.0,0.01636079168764515,0.1353209603466451,0.00790269301477114,-1.8775510204081634,0.20655830157250307,-37.62337816017614,0.2770527213944515,0.023603633032782678
-6.0,0.019481975457145584,0.15604800274013247,-0.007944605969575861,-1.7142857142857142,0.21466102340001675,-36.053765951619276,0.28982085574733224,0.028106549378744017
-6.0,0.022889360070385,0.16044234965791546,-0.009983282291310371,-1.5510204081632653,0.22379022891232395,-34.49327206603429,0.3030456634301712,0.0330223662626663
-6.0,0.1694224506715576,0.15923152846133926,-0.007407356615305999,-1.3877551020408163,0.31064833042456197,-32.94636935893729,0.3436245529283431,0.24442492939911054
-6.0,0.07245570553734937,0.1640036402453378,-0.00848032183580143,-1.2244897959183674,0.26377284398014067,-31.4127497960727,0.3468479267828434,0.10453148706284399
-6.0,0.05413373389012999,0.16688984239519636,-0.007528291287725544,-1.0612244897959184,0.2674060951033818,-29.897695323597517,0.3636672221748169,0.07809846942809306
-6.0,0.08764908297900198,0.17037923194571172,-0.005696753841772725,-0.8979591836734694,0.2937365882521689,-28.40590607513515,0.3880727278607767,0.12645089735227177
-6.0,0.13478799206878,0.1730959954548354,-0.0031047368647446924,-0.7346938775510204,0.3289966142907867,-26.94264972287158,0.4144340272611975,0.1944579677290097
-6.0,0.19677114017633301,0.18146801056615242,0.00038374836395430837,-0.5714285714285714,0.3783175623966623,-25.52036141970082,0.44883373100877866,0.28388074812246256
-6.0,0.3016163466403785,0.1988733838890354,0.002436119984202847,-0.40816326530612246,0.4721213394286497,-24.186240083414017,0.5007199979219524,0.43514040754912076
-6.0,0.36685108612388384,0.21222341041726223,-0.01052239752728428,-0.24489795918367346,0.5783753258439152,-23.083578979440556,0.6171608311459894,0.5292542426956568
-6.0,0.4138863299986697,0.08813541868624118,-0.023737474003253038,-0.08163265306122448,0.6496487843542624,-22.283735600532037,0.6494876134593597,0.5971117557808134
-6.0,0.41833112441356524,-0.08268067712576355,-0.02856253714923204,0.08163265306122448,0.6506398469534983,-21.70770234070612,0.6464568035289161,0.6035242386409547
-6.0,0.39789115364347283,-0.22469122595142177,-0.0345572738671809,0.24489795918367346,0.6139798066454747,-21.273084271494742,0.6215560429175044,0.5740355941750268
-6.0,0.36232608050670945,-0.3497389786135174,-0.04364968097408217,0.40816326530612246,0.5658207866135533,-20.92042622747976,0.5951890937472422,0.5227260395317646
-6.0,0.31422955575377354,-0.4601973244353115,-0.05491197328069909,0.5714285714285714,0.5118882999272224,-20.626040198692515,0.5699053077610635,0.4533374217867103
-6.0,0.26175093403687,-0.5505826921277279,-0.06685010358991676,0.7346938775510204,0.4588912541710496,-20.379410461352577,0.5432890343174337,0.3776267744830464
-6.0,0.21302415250772166,-0.6194225434191077,-0.07818637098499556,0.8979591836734694,0.4124051352204879,-20.1728187836905,0.5166163815585998,0.3073288884124641
-6.0,0.17199894577824115,-0.6699878701184793,-0.08822862026742513,1.0612244897959184,0.37433690529903274,-19.999187350030763,0.49190981067527656,0.2481420261123981
-6.0,0.13921003244753094,-0.7068343318185116,-0.09677859468822944,1.2244897959183674,0.3441484013663465,-19.85223639964293,0.4698073063728518,0.20083762345404432
-6.0,0.11328471292322351,-0.7341425498688009,-0.10390843379684614,1.3877551020408163,0.32024718127554913,-19.72674335985741,0.4503217147082201,0.1634352935428649
-6.0,0.09365406400259091,-0.7544132206713338,-0.10989150195694397,1.5510204081632653,0.302677354788197,-19.618089622614253,0.43459088108596144,0.1351142536956349
-6.0,0.07714526176405045,-0.7702915906725148,-0.11463754215255173,1.7142857142857142,0.2861885574104482,-19.52429380462074,0.4183115705674034,0.11129708657507642
-6.0,0.06492473216347983,-0.782472619872398,-0.11869542462533886,1.8775510204081634,0.274811286962001,-19.441436337992567,0.40618562341543446,0.09366658912329617
-6.0,0.054678910665907354,-0.7921808866398035,-0.12195885962054921,2.0408163265306123,0.26436148180168256,-19.368121406125,0.3940219819614817,0.07888499325891507
-6.0,0.0463492067703426,-0.8000952086301832,-0.12459403874358711,2.204081632653061,0.2541270253881101,-19.302270875278857,0.38073556606440295,0.06686777075671024
-6.0,0.04008878978654695,-0.8064448708185374,-0.12700031434583306,2.36734693877551,0.2494325138371904,-19.243714315621908,0.3746782692943253,0.05783589822029089
-6.0,0.034535551397557596,-0.8118259085414551,-0.12886577031097537,2.5306122448979593,0.24293796206488533,-19.19025718618637,0.36538799682658707,0.049824268735621846
-6.0,0.030838776437823734,-0.8165679728062913,-0.13076822333408658,2.693877551020408,0.2450963813772449,-19.138970863672284,0.36358415342346595,0.04449094983393165
-6.0,0.02655939322899825,-0.8201217568568493,-0.1319428691348805,2.857142857142857,0.23422220505966201,-19.09730235953933,0.3515331325385216,0.038317104900495114
-6.0,0.023540854708934633,-0.823427354094263,-0.13311782852936416,3.020408163265306,0.23067579308546676,-19.056648379630968,0.3451821571708757,0.03396227434686727
-6.0,0.01966145079687176,-0.8276203219216433,-0.13457242087799406,3.183673469387755,0.22911226135706383,-19.006500783248708,0.3307450775137084,0.028365477561328678
-6.0,0.018188239817086727,-0.8293852621531241,-0.13555595164614412,3.3469387755102042,0.2284184927993332,-18.976450306640505,0.33115314791254413,0.026240083386610547
-6.0,0.016644553404798756,-0.8307633516652888,-0.1357212240946848,3.510204081632653,0.22152237223099794,-18.951981627010063,0.3283521540871394,0.02401301465491512
-6.0,0.014905783178900345,-0.8326816534132456,-0.1363857278971062,3.673469387755102,0.21749750944932172,-18.920887205165705,0.3208819080271061,0.021504499472765115
-6.0,0.0133838255241856,-0.834440462915998,-0.13700630358996932,3.836734693877551,0.21230920223783306,-18.8916225720316,0.31298079456077893,0.01930877871186487
-6.0,0.01211176668725611,-0.8365658824514023,-0.1379687265872376,4.0,0.21797521002730444,-18.857485060473685,0.30858813473521157,0.01747358573610791
-5.755102040816326,0.0004571994416395775,0.2722990936762239,-0.1354878125659356,-4.0,0.030164750133798508,-57.59989741792901,0.08994214063999705,0.000659599367150765
-5.755102040816326,0.0005328601856178228,0.26122358707910165,-0.11517942475075175,-3.836734693877551,0.06554214879546624,-56.11303800097393,0.1378238924395281,0.0007687547472778888
-5.755102040816326,0.0011639601268613742,0.039610604608665244,0.10038821349701352,-3.673469387755102,0.09010722512400592,-54.49908767052958,0.15463747685827609,0.001679239502815122
-5.755102040816326,0.002791511911677036,0.1671131168968165,-0.023134821605212963,-3.510204081632653,0.1637616742607966,-52.89101311739044,0.19787444190400208,0.004027300391558963
-5.755102040816326,0.0013560833483390322,0.017571191857014484,0.12040813510130842,-3.3469387755102042,0.05781611211820719,-51.24765595129109,0.13104713304389368,0.0019564147216803995
-5.755102040816326,0.005268705615336211,0.27245894406849747,-0.12293853965698169,-3.183673469387755,0.05470996278300536,-49.650984689916214,0.12664905609426705,0.007601135463148889
-5.755102040816326,0.003064199469739348,0.10574499425844805,0.03543645973501755,-3.020408163265306,0.16410056007804294,-48.0579657331036,0.20669069942147703,0.004420705379287515
-5.755102040816326,0.04600510424480331,0.1398118852346615,0.0033334948864712074,-2.857142857142857,0.19647516246737945,-46.45268221035223,0.23844545739666223,0.06637133574955678
-5.755102040816326,0.0054471707853283036,0.1266774555888633,0.015550979257666778,-2.693877551020408,0.1785108353980967,-44.84938742086671,0.22792171615106585,0.007858606278867697
-5.755102040816326,0.006275533197121819,0.10548475898682683,0.03467462572170264,-2.5306122448979593,0.17433022725508618,-43.24779775126939,0.23183504826090037,0.00905368062242129
-5.755102040816326,0.02826380926497918,0.12808646990319922,0.014059506147503485,-2.36734693877551,0.19646168514845,-41.65284211185498,0.25811337412941093,0.04077605746321655
-5.755102040816326,0.013633885717369898,0.07985867115734237,0.05586931384167052,-2.204081632653061,0.16722694701220828,-40.055034014749126,0.23659914623020192,0.01966953931249593
-5.755102040816326,0.011897848475701522,0.14508363334009364,-0.0003946704950508418,-2.0408163265306123,0.20035712447838896,-38.47765466788336,0.2663397199399941,0.017164966993142183
-5.755102040816326,0.014188032077693924,0.1561564966278526,-0.00899962562288026,-1.8775510204081634,0.20671280399411485,-36.899379734861554,0.2750034450845189,0.020469003518461815
-5.755102040816326,0.019304679718229023,0.1564006227504067,-0.008171155261530115,-1.7142857142857142,0.21612565116075247,-35.329667087637645,0.2936825124815818,0.027850765695438096
-5.755102040816326,0.08757513154365415,0.15986498858058143,-0.00943312414014187,-1.5510204081632653,0.25510549225812856,-33.77073034427674,0.3206547937715252,0.12634420798322754
-5.755102040816326,0.02671465169030518,0.16165726504465147,-0.00911046841880163,-1.3877551020408163,0.23698217114607953,-32.223109199054306,0.32297983082504245,0.03854109551267859
-5.755102040816326,0.03554336469244812,0.16451649158545298,-0.008810497051336142,-1.2244897959183674,0.2509512514925539,-30.691219785535125,0.33889009930124814,0.05127823597830261
-5.755102040816326,0.05193468505066989,0.16689042492125578,-0.0073049655871055075,-1.0612244897959184,0.26952510733737167,-29.178968935477076,0.3682333081736312,0.07492591257273196
-5.755102040816326,0.09160720767980846,0.17069793486441073,-0.006180906733617724,-0.8979591836734694,0.297387910717619,-27.686347132367928,0.3839887498647272,0.1321612642293446
-5.755102040816326,0.24175113432167605,0.17334952116993455,-0.002140029693221091,-0.7346938775510204,0.3948967769735278,-26.23327012861895,0.42289406527333223,0.34877316261516356
-5.755102040816326,0.20153248536527157,0.18217273536561063,0.0009102235187018212,-0.5714285714285714,0.3869914783925528,-24.813905818722844,0.4605864369069156,0.2907499172145047
-5.755102040816326,0.30641165342325993,0.20258082458682622,0.0022232960006354783,-0.40816326530612246,0.485461967225624,-23.49480856187015,0.5126897446121281,0.4420585728643247
-5.755102040816326,0.3606263192406265,0.20820435372913018,-0.012171596503913406,-0.24489795918367346,0.5865522230574893,-22.413418411401764,0.6334997791636536,0.5202738023824924
-5.755102040816326,0.40383011255729184,0.08474594426375144,-0.02505264855185071,-0.08163265306122448,0.6532905468175103,-21.620878917071295,0.6620981783853783,0.5826037007480367
-5.755102040816326,0.40861090535285505,-0.08005839374857472,-0.029827717323867724,0.08163265306122448,0.6537944835327789,-21.041999779533604,0.6583141295196862,0.5895009268057132
-5.755102040816326,0.3903209640724834,-0.21933434195348162,-0.03568565526192573,0.24489795918367346,0.6182912021043114,-20.601086806207274,0.6332114901631941,0.5631141192223699
-5.755102040816326,0.35720750620126984,-0.3429563360456876,-0.04457970754539791,0.40816326530612246,0.5711529281426094,-20.24216817227619,0.6062109799589258,0.5153414977648842
-5.755102040816326,0.31140205313516245,-0.4529894610975239,-0.05565135374589895,0.5714285714285714,0.5179379001401686,-19.94202399514924,0.5799062206723854,0.44925819778074016
-5.755102040816326,0.26051660407825206,-0.5438987732420224,-0.06744793472011688,0.7346938775510204,0.4650780789246774,-19.690164078354577,0.5526444880756082,0.3758460127729273
-5.755102040816326,0.2125920820081968,-0.6137540897708096,-0.07869401157658126,0.8979591836734694,0.41821170745732905,-19.47892033520023,0.5252374068322097,0.3067055424454854
-5.755102040816326,0.1718752160127146,-0.6653525120538353,-0.08867402479369482,1.0612244897959184,0.37955024707042656,-19.301230754990467,0.49975340101280474,0.2479635217932623
-5.755102040816326,0.1390598386955817,-0.7031525011197326,-0.09717854228394053,1.2244897959183674,0.3486820795053966,-19.15077632277356,0.4769050787106831,0.20062093967293437
-5.755102040816326,0.11320491069251815,-0.7310880267775325,-0.10427014610007125,1.3877551020408163,0.32427224533517907,-19.022260332034314,0.45679095875355247,0.1633201632603738
-5.755102040816326,0.09295095215520921,-0.752079754105264,-0.11012385122237074,1.5510204081632653,0.30491294782055683,-18.911427322694117,0.43919690798953415,0.13409987772022713
-5.755102040816326,0.07705566814216103,-0.7681548700994557,-0.11494320995861705,1.7142857142857142,0.28945982421302763,-18.814927953385652,0.42383248767048254,0.1111678303010808
-5.755102040816326,0.06463779717338158,-0.7807214595701417,-0.11894873034082065,1.8775510204081634,0.27730355685610025,-18.73010019041796,0.4106833456450767,0.0932526294360243
-5.755102040816326,0.054465936597587694,-0.7906765412698135,-0.12218774551929222,2.0408163265306123,0.2667218356034368,-18.655026113498153,0.3983147616441035,0.07857773662671219
-5.755102040816326,0.04613953873455379,-0.7991687478161011,-0.12505854785419546,2.204081632653061,0.2580232748589422,-18.58482995534472,0.3854277946189125,0.06656528372124493
-5.755102040816326,0.039810212784867405,-0.8052719474559403,-0.12716111044991962,2.36734693877551,0.25112764041750013,-18.52765797481104,0.378105671521778,0.05743399656146275
-5.755102040816326,0.03451565810587032,-0.8107822758039722,-0.12908710948144875,2.5306122448979593,0.24525706988564375,-18.4731400974389,0.36957907952981134,0.04979556878235769
-5.755102040816326,0.030290668240621432,-0.815497104304211,-0.1308603725749383,2.693877551020408,0.2422367488943966,-18.422288889710792,0.3632603218223796,0.04370019685595761
-5.755102040816326,0.026234515156797977,-0.8192528155960286,-0.1320428895123018,2.857142857142857,0.2350924405818635,-18.377444336332534,0.35330649468873543,0.03784840491683861
-5.755102040816326,0.023397322740651427,-0.8226461142309701,-0.13327952053763878,3.020408163265306,0.23210674991902674,-18.336382205373642,0.34809877951033824,0.03375520148801581
-5.755102040816326,0.02078370898498605,-0.8255761918644436,-0.13428219922355702,3.183673469387755,0.2290940176085577,-18.298024391511532,0.3425237451223248,0.02998455388391852
-5.755102040816326,0.018518425146160533,-0.828019669225073,-0.13511464917153515,3.3469387755102042,0.22536489098074927,-18.262363172797297,0.3358828171070461,0.02671644012343899
-5.755102040816326,0.01494916156050885,-0.8313868651159199,-0.13638224751065303,3.510204081632653,0.2170193598968024,-18.21248568256767,0.3098792571433616,0.021567081248793585
-5.755102040816326,0.013174523660696602,-0.8327361664226995,-0.13690490753735834,3.673469387755102,0.2083599920369187,-18.184051330660754,0.29890418251566137,0.01900681995136111
-5.755102040816326,0.012891745089703921,-0.8342076080055352,-0.1372375629383711,3.836734693877551,0.216351377250975,-18.16454858070685,0.3146706513763325,0.01859885670932071
-5.755102040816326,0.011652716525468731,-0.836140842072772,-0.13801562728332326,4.0,0.2155131566512142,-18.130992204115252,0.30459915465481596,0.01681131634417854
-5.510204081632653,0.002043616870268661,0.2501501686268183,-0.1050654104738362,-4.0,0.08198084454296999,-57.003271205490435,0.14372110477949285,0.0029483159242138512
-5.510204081632653,0.0005134055425100037,0.03398021581468339,0.10659900600409318,-3.836734693877551,0.0801584262930625,-55.385456412442565,0.14755519792489552,0.0007406876301438992
-5.510204081632653,0.0009281149721172,0.2397793053045588,-0.0940254541407967,-3.673469387755102,0.099793274921965,-53.77162980165939,0.16067911043028688,0.0013389868676485506
-5.510204081632653,0.007301209648787221,0.042417251417822786,0.09747085864022166,-3.510204081632653,0.1034838725301435,-52.15581878501252,0.18299547054783474,0.010533418952796136
-5.510204081632653,0.0010986049920169716,0.046230989666782976,0.09323404765504957,-3.3469387755102042,0.10349317611234954,-50.543393697911476,0.17079690885221507,0.0015849519738786455
-5.510204081632653,0.21017099012992113,0.1535463485337521,-0.009708221844083927,-3.183673469387755,0.2663365848316455,-48.93067063431009,0.18288152891450962,0.30321264519916014
-5.510204081632653,0.0028135858280597947,0.08341978873055675,0.056659343666037164,-3.020408163265306,0.1497221595881147,-47.328373088533766,0.2054185627946942,0.0040591463212575896
-5.510204081632653,0.011264233371994115,0.21251351041048114,-0.06458200046632091,-2.857142857142857,0.1463125247121702,-45.72151325698588,0.21023761020961804,0.016250853625191297
-5.510204081632653,0.004399679135666856,0.09371060870320068,0.04605108803697051,-2.693877551020408,0.16409434852474813,-44.119544099618196,0.22184952281671816,0.006347395270529521
-5.510204081632653,0.15916496355586118,0.21896613597158027,-0.06828465191268529,-2.5306122448979593,0.21134945536206937,-42.50757199273935,0.19536095112535237,0.22962650360531311
-5.510204081632653,0.006321545932869377,0.1832187783125181,-0.03504268557948735,-2.36734693877551,0.17888508493858654,-40.926686818081066,0.24026537481940963,0.009120062968102971
-5.510204081632653,0.05043540360504273,0.1210897749054995,0.019929438035045138,-2.204081632653061,0.2115332566540958,-39.335425306093114,0.2753351741617675,0.07276290666622787
-5.510204081632653,0.010674620278178226,0.16304643995426524,-0.015564388360405872,-2.0408163265306123,0.1990160552247055,-37.75264574993874,0.2672943327928655,0.015400221738700814
-5.510204081632653,0.013907449466596278,0.15619898877764046,-0.009002505317283286,-1.8775510204081634,0.2081739958826665,-36.17520246250367,0.2817319968195032,0.020064208376872283
-5.510204081632653,0.01811454734307527,0.1573438820568918,-0.008897598703360047,-1.7142857142857142,0.21730844828384055,-34.60624734831941,0.2971087751643233,0.026133767619803017
-5.510204081632653,0.02456569418284449,0.15871638584990072,-0.008618168060421158,-1.5510204081632653,0.22846304496967923,-33.04781595580186,0.3143596461607412,0.03544080517358461
-5.510204081632653,0.07589608880419108,0.16003453163833634,-0.00787442502749894,-1.3877551020408163,0.26026841937186573,-31.502786524918328,0.339647103415276,0.10949491094067465
-5.510204081632653,0.03568552742300768,0.16411777121715282,-0.00847856913179609,-1.2244897959183674,0.25372519391461673,-29.971616570617122,0.3446848862563899,0.05148333344468048
-5.510204081632653,0.2008935129160434,0.16830269912862342,-0.008436155465662223,-1.0612244897959184,0.34890618090923997,-28.457865533475907,0.3716036125689414,0.28982807483073847
-5.510204081632653,0.2221938490026425,0.1685557075997656,-0.004187620929247371,-0.8979591836734694,0.3754158347615649,-26.977886532151334,0.4077096121865515,0.32055796407214343
-5.510204081632653,0.12459825900522614,0.17215529159131737,-0.0019878751811901693,-0.7346938775510204,0.33354422460981553,-25.51877217399283,0.4351426764775131,0.17975729037023802
-5.510204081632653,0.2470603167351364,0.18274298930453955,0.0015763761371583962,-0.5714285714285714,0.42000468772550376,-24.113574345571216,0.46291008257841715,0.3564326937542375
-5.510204081632653,0.3060797271661342,0.2051477939156361,0.0018072155700369174,-0.40816326530612246,0.4970543006113156,-22.80732709988232,0.5372083769777849,0.4415797044992291
-5.510204081632653,0.35342985852495024,0.2036394019072739,-0.013955852944795982,-0.24489795918367346,0.5948586578232985,-21.748260815545144,0.6503491371672598,0.5098915041960335
-5.510204081632653,0.3929887668085297,0.08136383980926666,-0.026481749723800733,-0.08163265306122448,0.6570703863262659,-20.9625378525635,0.6752085478694474,0.5669629449997351
-5.510204081632653,0.3981790604608,-0.07741361211559637,-0.031202581759066508,0.08163265306122448,0.6571059046372186,-20.38052632788224,0.6706667439319558,0.5744509559126221
-5.510204081632653,0.3820955379747579,-0.2138167066970857,-0.0369129396346067,0.24489795918367346,0.6227762341868679,-19.93297517032139,0.6453955118699616,0.5512473377819838
-5.510204081632653,0.35152228098706506,-0.3359233902636581,-0.04559220755427111,0.40816326530612246,0.576685778238908,-19.567400834237475,0.6177446263805181,0.5071394515420145
-5.510204081632653,0.3081396366689717,-0.4454493319328754,-0.056455786677808296,0.5714285714285714,0.524233837599043,-19.261111642372192,0.5903624414036585,0.44455152572365186
-5.510204081632653,0.25899584896193084,-0.5368374680869367,-0.06809478678697412,0.7346938775510204,0.4715582116504315,-19.00365669769607,0.5624253034073663,0.3736520269082044
-5.510204081632653,0.21201033523781043,-0.6076986234646634,-0.0792360393331555,0.8979591836734694,0.4243464706975922,-18.787424492537088,0.5342605227651364,0.3058662592647958
-5.510204081632653,0.17166257136893326,-0.6603947402744362,-0.08914992858299305,1.0612244897959184,0.38506161722513754,-18.605376023000048,0.507939895595665,0.24765674042020747
-5.510204081632653,0.13895583514241783,-0.6991295241176477,-0.09760446804464866,1.2244897959183674,0.35353955327189984,-18.45115496079787,0.4843350331764424,0.20047089426254994
-5.510204081632653,0.11310172160165854,-0.7278106358346265,-0.10465464840853031,1.3877551020408163,0.3285324381925387,-18.31939289137384,0.4635267350729768,0.16317129287071674
-5.510204081632653,0.09282265232050713,-0.7493781538708948,-0.11047227514439026,1.5510204081632653,0.30866479724445867,-18.205755492605935,0.4453197191715878,0.1339147801849565
-5.510204081632653,0.07690674823655974,-0.7658908734347547,-0.11525855919580306,1.7142857142857142,0.2927748007769876,-18.10682070986241,0.4294038471165658,0.11095298429178113
-5.510204081632653,0.0643200990284376,-0.7787870812007228,-0.11920015054766746,1.8775510204081634,0.27993525809429143,-18.01991026127408,0.41543955203027755,0.09279428789781452
-5.510204081632653,0.05430469851851272,-0.7890221806672795,-0.1224597519543436,2.0408163265306123,0.26949229400256164,-17.942923387620716,0.4031750413853439,0.0783451192496285
-5.510204081632653,0.046313587846449344,-0.7973037194854733,-0.1252082475474718,2.204081632653061,0.261244041919445,-17.874045560206874,0.3927217740866662,0.06681638351184827
-5.510204081632653,0.03967421331008536,-0.8040774096150013,-0.12740163095809695,2.36734693877551,0.2533545798598259,-17.81245084506943,0.38211021090309927,0.05723779079363078
-5.510204081632653,0.03466474295534083,-0.8099759122989931,-0.12937300250089065,2.5306122448979593,0.24914368274759788,-17.755708261375567,0.3743556426410746,0.05001065275536076
-5.510204081632653,0.029822214006528958,-0.8146374237055973,-0.1310939139647791,2.693877551020408,0.24251830640292682,-17.703362501111876,0.36422422486145806,0.043024360255548455
-5.510204081632653,0.02625704630347503,-0.81841832410488,-0.1322365240605203,2.857142857142857,0.23746004088106482,-17.6594139300272,0.3579325259186927,0.03788091049041542
-5.510204081632653,0.0230596664933731,-0.8219622525101032,-0.13374456225168155,3.020408163265306,0.23479323221486942,-17.613340498578545,0.35043711071303024,0.03326806649454239
-5.510204081632653,0.015172222727844131,-0.8274799767926452,-0.13396786814552153,3.183673469387755,0.19279237027062784,-17.520283918963486,0.31584814796639993,0.021888890488723778
-5.510204081632653,0.01809914989953909,-0.8278741499890355,-0.13582841297934012,3.3469387755102042,0.2302736183766577,-17.533256415458396,0.3364498658663557,0.02611155380437058
-5.510204081632653,0.013930350949063364,-0.8345410552533792,-0.13620862615591783,3.510204081632653,0.21385575588167421,-17.39333803930178,0.282841054851192,0.020097248232056497
-5.510204081632653,0.013951241303280959,-0.8320128104058551,-0.1363400869012438,3.673469387755102,0.20540056005534632,-17.471072387471494,0.3099818340119049,0.020127386642488698
-5.510204081632653,0.012851048521260067,-0.8340185072968421,-0.1375756320466305,3.836734693877551,0.2195817781897093,-17.43606099789335,0.3142205881602285,0.01854014397184489
-5.510204081632653,0.01154639182117978,-0.8356987129265604,-0.13809604106010423,4.0,0.21642134491781054,-17.408916497657625,0.3085547352144196,0.01665792222057716
-5.26530612244898,0.0003440294364818186,0.24116262426849927,-0.09646192948802726,-4.0,0.09485945261623752,-56.27540227051444,0.15341021959677298,0.0004963295619320185
-5.26530612244898,0.003754421453116219,0.14711415271767112,-0.003944507183406657,-3.836734693877551,0.16581233759289576,-54.6636661356173,0.19465014483390009,0.005416485211818145
-5.26530612244898,0.0006278327601525469,0.031188150890962812,0.10912838397391122,-3.673469387755102,0.07761620905830473,-53.0398368025298,0.1475723698196801,0.0009057712095792425
-5.26530612244898,0.0007247237148235719,0.23911862530598077,-0.09306736724072696,-3.510204081632653,0.1029062003807822,-51.42882100095902,0.1678117056306461,0.0010455553093904335
-5.26530612244898,0.0011108796913250618,0.22595440525798477,-0.07977836530184423,-3.3469387755102042,0.12172062273503059,-49.8179507015151,0.1809932173139734,0.0016026606216992256
-5.26530612244898,0.03298871659357627,0.07958553232402324,0.06092936055570736,-3.183673469387755,0.15284654500448278,-48.20817864254103,0.19093524073677925,0.04759265783484379
-5.26530612244898,0.002616007333479997,0.1028964860120402,0.038367221362467493,-3.020408163265306,0.16387377262908842,-46.602702993187265,0.21244124640910947,0.003774100806940517
-5.26530612244898,0.002761311234771524,0.07820054390230667,0.06124529960511865,-2.857142857142857,0.14853218013871078,-44.99435587439321,0.21018758808538704,0.003983730024755605
-5.26530612244898,0.012871422012006972,0.10704712891382162,0.03384714007394764,-2.693877551020408,0.17474801126879544,-43.394294164078374,0.2247162525049833,0.018569536705911993
-5.26530612244898,0.00998911359746213,0.07993232952299911,0.058227212337367364,-2.5306122448979593,0.15900956992025841,-41.791029903380064,0.22612673348083054,0.014411244649934485
-5.26530612244898,0.006601753457847526,0.14761574800668553,-0.00324518263944438,-2.36734693877551,0.19041107562153886,-40.202299534482115,0.249095158726076,0.0095243169748076
-5.26530612244898,0.029510016652647852,0.13560072134008258,0.007634629817825845,-2.204081632653061,0.20447686511533356,-38.612274767136796,0.2730020871494851,0.04257395468132552
-5.26530612244898,0.010361106524999109,0.14235395784705612,0.001974196468654666,-2.0408163265306123,0.20254676300131605,-37.028193590578496,0.2719495244918699,0.01494791700173792
-5.26530612244898,0.022306299114003947,0.1538821716998788,-0.007011868596526014,-1.8775510204081634,0.21310214671775132,-35.451781010291825,0.2907163009121728,0.032181187112358955
-5.26530612244898,0.025418792064722195,0.15518801199569626,-0.007130610319325536,-1.7142857142857142,0.22212300922999587,-33.88376004162366,0.30590485346791263,0.03667156525716253
-5.26530612244898,0.020999233837950326,0.15878392661400756,-0.008684361830461385,-1.5510204081632653,0.22938207015605983,-32.32623186550474,0.3171972066145779,0.030295490520477752
-5.26530612244898,0.025627701420483318,0.16106800560684179,-0.008562842240151346,-1.3877551020408163,0.24155341036575845,-30.78193564286711,0.3342483414282577,0.03697295774871412
-5.26530612244898,0.040275686436898495,0.1631745109996059,-0.007727259027340603,-1.2244897959183674,0.2587893243644646,-29.25395858099732,0.3596304309579358,0.05810553309091082
-5.26530612244898,0.05678874742216933,0.16616999817884553,-0.006480508976354661,-1.0612244897959184,0.27834857376228933,-27.745620013177156,0.3836978646387796,0.0819288442842594
-5.26530612244898,0.12233684355277608,0.16848146881357434,-0.004164831362689522,-0.8979591836734694,0.3218855057267048,-26.263015711349464,0.4116224952161734,0.1764947575115996
-5.26530612244898,0.2212634531560458,0.17383943655291162,-0.0010783590955685213,-0.7346938775510204,0.3915493682093708,-24.81432777076826,0.4386691531868898,0.31921568659819455
-5.26530612244898,0.19211026602253,0.17828993707197555,0.0021703970938155284,-0.5714285714285714,0.39659108848776015,-23.408446656042152,0.49366810860701393,0.27715652809456337
-5.26530612244898,0.3047538378300898,0.20663019771878785,0.0010330082369540555,-0.40816326530612246,0.5097403402689142,-22.125909601476085,0.5616499737504317,0.4396668505293504
-5.26530612244898,0.3451805749540713,0.19852746577217703,-0.015876490286023514,-0.24489795918367346,0.603260153838338,-21.088493662049817,0.6674869406225923,0.4979903036974398
-5.26530612244898,0.381311400890193,0.0779960176540196,-0.028038315326298618,-0.08163265306122448,0.6609919358795509,-20.309076273644894,0.6888219827923663,0.5501160670987044
-5.26530612244898,0.386985634365401,-0.07474102952907706,-0.032699764447741815,0.08163265306122448,0.6605801033121175,-19.723622655116174,0.6835232494943044,0.5583022555942336
-5.26530612244898,0.3731591600892774,-0.20814638216318623,-0.03825091725016035,0.24489795918367346,0.6274368372453908,-19.26906745494797,0.6581214528823434,0.5383548697230909
-5.26530612244898,0.34521917148255077,-0.3286332382143518,-0.04669739122271609,0.40816326530612246,0.5824259109017867,-18.896413363814705,0.6298073107615081,0.4980459867176723
-5.26530612244898,0.30439635599197934,-0.43755866740633864,-0.057332861230975314,0.5714285714285714,0.5307856392840715,-18.58356090237051,0.6012931383760813,0.4391511132543
-5.26530612244898,0.25715258610384084,-0.5293743589819389,-0.06879669867674956,0.7346938775510204,0.47834558768766644,-18.32011516511633,0.5726524740423924,0.37099276072378284
-5.26530612244898,0.2112330344930331,-0.6012565467889558,-0.07982211776260824,0.8979591836734694,0.4308047016755619,-18.09852848854069,0.5436876525660336,0.30474485133502593
-5.26530612244898,0.1713541908525109,-0.6550802726934314,-0.0896596907951367,1.0612244897959184,0.3908987250668986,-17.91179301677758,0.5164942846894744,0.24721184137845853
-5.26530612244898,0.13879632053123392,-0.6948150373487879,-0.09805906942558841,1.2244897959183674,0.35868721722676905,-17.75351910661425,0.4920885431003044,0.2002407633240466
-5.26530612244898,0.11349633819708482,-0.7239594673264484,-0.10508347741983691,1.3877551020408163,0.333872366819611,-17.61780521319961,0.47123672205043204,0.1637406042759908
-5.26530612244898,0.0926654233054538,-0.7464969502247325,-0.11084168507650208,1.5510204081632653,0.31261424974719026,-17.501614417026992,0.45166570608580275,0.13368794666465433
-5.26530612244898,0.07673191064966933,-0.7634703743492219,-0.11559132099238963,1.7142857142857142,0.29626622189031565,-17.400066943270563,0.4351858091655467,0.11070074697221255
-5.26530612244898,0.06414076344510788,-0.7767361199329651,-0.11950319562127967,1.8775510204081634,0.2830369059389307,-17.310877703343348,0.4207116229861858,0.09253556134108853
-5.26530612244898,0.05409328250835732,-0.7872841622876942,-0.12272700345925644,2.0408163265306123,0.27218378180136465,-17.23189223808094,0.40790386446072174,0.07804011042021308
-5.26530612244898,0.04603320878871742,-0.7957868129960008,-0.12536240512259095,2.204081632653061,0.2627689604993803,-17.16128511470694,0.3958671474995378,0.06641188203568849
-5.26530612244898,0.03958314454726963,-0.8029842839855925,-0.12763034544429608,2.36734693877551,0.25601226556273543,-17.09750688095392,0.38614566831206126,0.057106406341137284
-5.26530612244898,0.03441896746195017,-0.8084186358111657,-0.12966791843177242,2.5306122448979593,0.2510321753972989,-17.040499307304184,0.37926923728829426,0.0496560736698739
-5.26530612244898,0.029814958140083503,-0.813475824384979,-0.13106271392453478,2.693877551020408,0.24396311188306388,-16.988759916182023,0.3687603396497867,0.04301389225301033
-5.26530612244898,0.026110405116922974,-0.8174752211958148,-0.13242956302438857,2.857142857142857,0.23949407204646872,-16.941269131757245,0.36168565868785435,0.0376693519777862
-5.26530612244898,0.0188836444054854,-0.8280643483637141,-0.13470566905335343,3.020408163265306,0.23538252641638566,-16.774385217258885,0.35326923337917776,0.027243340137704575
-5.26530612244898,0.02036687446013974,-0.8241418334710368,-0.13455918834591504,3.183673469387755,0.23061922914649552,-16.85694774788562,0.34645619311902787,0.02938318878205104
-5.26530612244898,0.013172238534618463,-0.8286705357853251,-0.13487151990447627,3.3469387755102042,0.18511182806004595,-16.772644684292096,0.3048327649331526,0.019003523211299722
-5.26530612244898,0.016621138578331474,-0.8295538429596994,-0.13637323813431101,3.510204081632653,0.22927123124362506,-16.781150558112564,0.3364743865426928,0.023979234200887323
-5.26530612244898,0.014687017443576034,-0.8310983363444056,-0.1367471510414116,3.673469387755102,0.22389680639350204,-16.75325798529069,0.33228861186950537,0.02118888723129686
-5.26530612244898,0.012754228503367715,-0.8333878617626395,-0.13771594988110905,3.836734693877551,0.2236987416855607,-16.71266334113201,0.32047657329442125,0.018400462212173174
-5.26530612244898,0.012208350661478073,-0.8350085553630507,-0.13832943357230804,4.0,0.22689038763538363,-16.68547334553629,0.32263574294394415,0.017612926956747987
-5.020408163265306,0.0003239509441550492,0.034985027204446455,0.10653013495376167,-4.0,0.08066111133337231,-55.545237498345514,0.14800565617474004,0.0004673624206241733
-5.020408163265306,0.00018432057398154456,0.01633274278593355,0.1244592579614128,-3.836734693877551,0.05072375943785904,-53.92408280002449,0.12405999531534914,0.0002659183780173713
-5.020408163265306,0.00012119025724555144,0.277426476669027,-0.13131601906693524,-3.673469387755102,0.03773396710430139,-52.30370070430156,0.09639134041746403,0.00017484058313188555
-5.020408163265306,0.0007094173565775908,0.22609086078671645,-0.08066431922556673,-3.510204081632653,0.11981130754117211,-50.702498971538276,0.17755006866488143,0.0010234729022546851
-5.020408163265306,0.0091372229501403,0.03573590886215873,0.10389914385091524,-3.3469387755102042,0.09025695593166941,-49.08533489670735,0.1590912658380974,0.013182226237664185
-5.020408163265306,0.001483847369478264,0.060947042860931396,0.07903371694128765,-3.183673469387755,0.1254882052576453,-47.479462004401206,0.1916090137856934,0.002140739241381695
-5.020408163265306,0.010453964421486939,0.05908058901080539,0.08022423405830605,-3.020408163265306,0.12882011639916177,-45.870227392938475,0.201400570817714,0.015081882628508847
-5.020408163265306,0.06205941978722218,0.08295991261989058,0.05709032795080584,-2.857142857142857,0.17565478504349055,-44.267529608278984,0.22238401537468896,0.08953281716747163
-5.020408163265306,0.0038137813536345266,0.09597886359783067,0.044353657645678224,-2.693877551020408,0.16686118662124474,-42.66738483760979,0.22736023083270365,0.005502123445922713
-5.020408163265306,0.01552992292402644,0.12876628589634956,0.01378189159650417,-2.5306122448979593,0.18873119661122756,-41.071203627035196,0.24691013987841434,0.022404942787880522
-5.020408163265306,0.0036435193850061776,0.0211908354397761,0.11033748842199413,-2.36734693877551,0.08624113172073747,-39.447739268797136,0.16852713499113936,0.0052564873481313334
-5.020408163265306,0.07551827226726204,0.10322009609240168,0.036273190947533236,-2.204081632653061,0.21683112120462827,-37.88450985506933,0.2784984923207619,0.10894983689648141
-5.020408163265306,0.010866366272790584,0.13887393390459288,0.005008757701960442,-2.0408163265306123,0.20413403671304794,-36.30442787363025,0.27777581868381684,0.015676852734238356
-5.020408163265306,0.01402485095095618,0.14585286105934323,-0.00043708344599390484,-1.8775510204081634,0.21243113008669612,-34.728707133251866,0.29167001364258827,0.02023358291615107
-5.020408163265306,0.028740844344690375,0.154571610599111,-0.006598251770353293,-1.7142857142857142,0.2255408382367067,-33.1620626680786,0.3119149500585146,0.04146427360704674
-5.020408163265306,0.020564583835338324,0.15916001082173079,-0.008903853636317079,-1.5510204081632653,0.2315344004028223,-31.6057218799761,0.3223227471339148,0.02966842311718798
-5.020408163265306,0.028422777501836416,0.16049809712269678,-0.00804808961640149,-1.3877551020408163,0.24539573598169542,-30.063108007452687,0.34317136193932885,0.041005400150189164
-5.020408163265306,0.035920982459910045,0.16294012234082725,-0.007390733151402489,-1.2244897959183674,0.2605892695205408,-28.536834477780822,0.36482342187300093,0.05182302325877153
-5.020408163265306,0.06292385981626025,0.16568287615041902,-0.005899319872078058,-1.0612244897959184,0.28489783429915244,-27.03133531849892,0.3931423375719337,0.09077994051051075
-5.020408163265306,0.05100244710686597,0.16928853842701588,-0.004629673079225607,-0.8979591836734694,0.2959600660139509,-25.54861205803546,0.40778817060523864,0.07358097751427728
-5.020408163265306,0.0701432383613827,0.17291221263642753,-0.0018644205571284025,-0.7346938775510204,0.3220474853844554,-24.099098051259432,0.4439256465038712,0.10119530213585914
-5.020408163265306,0.2592528395891678,0.18262489999037093,0.00265091824804631,-0.5714285714285714,0.443808753054154,-22.71898350755831,0.4944444471108917,0.3740227860116745
-5.020408163265306,0.30201606670110137,0.20845376691237405,-2.858328078265772e-5,-0.40816326530612246,0.5231204879757857,-21.450400223759782,0.5893610010611464,0.43571708169846923
-5.020408163265306,0.3358420837080456,0.19291460481481484,-0.017948064464064915,-0.24489795918367346,0.6117627126826692,-20.43453750765356,0.6846236692366506,0.4845177086874122
-5.020408163265306,0.36874845046857474,0.07464107768765658,-0.02973764098668637,-0.08163265306122448,0.6650588014433078,-19.660888362476676,0.7029378985496445,0.5319915608265018
-5.020408163265306,0.3749784892078136,-0.07204416247889725,-0.03433364202975476,0.08163265306122448,0.6642205149036193,-19.071658792243856,0.6968864520465641,0.5409796068201485
-5.020408163265306,0.36345783885199556,-0.20231818144297287,-0.039712552744553,0.24489795918367346,0.6322775771348363,-18.609710408728326,0.6714004042588286,0.5243588216839932
-5.020408163265306,0.33824528830271405,-0.32107356918717833,-0.047906318672241315,0.40816326530612246,0.5883807149504994,-18.2295221669056,0.6424148166503575,0.4879848000383844
-5.020408163265306,0.30012158919521403,-0.4293015460864509,-0.05829175077992383,0.5714285714285714,0.5376017564095538,-17.909654569863413,0.6127163873307749,0.43298392839564936
-5.020408163265306,0.25494646311253333,-0.5214833512204016,-0.06956038587176229,0.7346938775510204,0.4854544309728083,-17.639788787073606,0.583347583150889,0.367809998024633
-5.020408163265306,0.2102420098349247,-0.5943852805145154,-0.08045523294739147,0.8979591836734694,0.43761545219045433,-17.41244935675416,0.5535484059888077,0.3033151049753746
-5.020408163265306,0.17092713026124318,-0.6493844092036666,-0.09020723606180071,1.0612244897959184,0.3970774109405558,-17.220668659603277,0.5254353801345257,0.2465957231812772
-5.020408163265306,0.13858124433001762,-0.6901699830268303,-0.09854491612433465,1.2244897959183674,0.3641485742208791,-17.058028746906533,0.5001834719095042,0.19993047395513797
-5.020408163265306,0.11281527044000783,-0.7204990589006798,-0.10550050304619277,1.3877551020408163,0.3378399863986686,-16.919014633351292,0.4778697703972598,0.1627580312003465
-5.020408163265306,0.09247876215697315,-0.743398438930216,-0.11123611467829567,1.5510204081632653,0.3167969815794426,-16.799120983756804,0.45828137946241987,0.1334186515514153
-5.020408163265306,0.07152052736600045,-0.7629112156291674,-0.11604594299058492,1.7142857142857142,0.2891562361636634,-16.680825828620993,0.4200926427671876,0.10318231015269186
-5.020408163265306,0.06400009353841196,-0.7745423914760963,-0.11983600883213207,1.8775510204081634,0.2864304039602281,-16.60312800390313,0.42633221488192785,0.09233261756429689
-5.020408163265306,0.053918884136619605,-0.7853470971584751,-0.12303036875762577,2.0408163265306123,0.27546615055118756,-16.521928939709614,0.41342362907715896,0.07778850675416704
-5.020408163265306,0.04574341592511688,-0.7942215670308675,-0.12562935493171612,2.204081632653061,0.2652438955350894,-16.449607177080757,0.4004388531745201,0.06599379930848759
-5.020408163265306,0.039319086015242144,-0.8013351769466873,-0.12787375032068296,2.36734693877551,0.25807966388473746,-16.384646135482864,0.3906379587182675,0.05672545040647625
-5.020408163265306,0.03390293688231494,-0.8072769790580931,-0.1296565647640925,2.5306122448979593,0.25037366070073785,-16.325886724434444,0.3797482380066013,0.04891159891168684
-5.020408163265306,0.029584304496751646,-0.8122621630051778,-0.13131341119139536,2.693877551020408,0.24684139123931056,-16.272152048026232,0.3734839730690556,0.04268112938561197
-5.020408163265306,0.02595446648723887,-0.8165268386694527,-0.13259067785316395,2.857142857142857,0.24096586221895885,-16.223788028991944,0.36464010796502244,0.03744438009005835
-5.020408163265306,0.018356769365616588,-0.823760207349544,-0.13534814128380895,3.020408163265306,0.2024000160792281,-16.114232059523662,0.28545269528938993,0.026483220130517182
-5.020408163265306,0.020354099133597314,-0.8233203874549029,-0.13470997677706267,3.183673469387755,0.23338783441880534,-16.137854397918456,0.35125510583792874,0.02936475788180326
-5.020408163265306,0.018081987309363834,-0.82598114493062,-0.13552354087965215,3.3469387755102042,0.22968286482429973,-16.09958585903363,0.34467990678449045,0.026086793420636578
-5.020408163265306,0.015708894723155176,-0.8290252362945346,-0.13664832947103672,3.510204081632653,0.2289478112805105,-16.05439205616301,0.3330367790123877,0.022663144514942335
-5.020408163265306,0.014867446293603592,-0.8307662393912226,-0.13707720830169795,3.673469387755102,0.2288247636252325,-16.029831088992758,0.3371422018304032,0.021449191038464654
-5.020408163265306,0.012828443430479286,-0.8324521844900634,-0.1373286081364083,3.836734693877551,0.2157489511776331,-15.997638172788164,0.317327108491842,0.018507531719477388
-5.020408163265306,0.009755847067637546,-0.835250442891918,-0.13816168959987482,4.0,0.1991044137738863,-15.948063900654354,0.2761626157543517,0.014074712184151572
-4.775510204081633,0.006105874311080894,0.2681464318276504,-0.12363644421410855,-4.0,0.054985540757653495,-54.8129946912957,0.1297283458818186,0.00880891458888744
-4.775510204081633,0.0007131128580504242,0.23714376845289356,-0.09261193446588055,-3.836734693877551,0.10254554710479404,-53.2020561215296,0.16255084243228993,0.0010288043839037364
-4.775510204081633,0.0002532092488507498,0.2582649485708933,-0.11288023825927859,-3.673469387755102,0.07244881755471713,-51.583392290930405,0.14391913972550413,0.000365303727623445
-4.775510204081633,0.0009352529229300632,0.05638314883758068,0.0846846703904509,-3.510204081632653,0.11593019200947507,-49.97418841506523,0.18006903207983394,0.0013492847538878472
-4.775510204081633,0.0011218069493081906,0.04624282104643735,0.09404348672851023,-3.3469387755102042,0.1050993529575812,-48.36032160403758,0.17920808912324102,0.001618425322601258
-4.775510204081633,0.009678783117480938,0.01194684519765042,0.12647997649905227,-3.183673469387755,0.05234206411924965,-46.73605479561853,0.11847986824460956,0.013963532405429913
-4.775510204081633,0.21432162534581978,0.15115926590804765,-0.007448640497837993,-3.020408163265306,0.28600391398126007,-45.14352654106403,0.21484465642410716,0.3092007460416766
-4.775510204081633,0.08979742272969804,0.07621263764406357,0.0636453438106219,-2.857142857142857,0.18291420332281533,-43.53909858829497,0.2225873278651958,0.12955029645674454
-4.775510204081633,0.0031857705495685895,0.10671582802374892,0.03453595252543594,-2.693877551020408,0.17389194354676923,-41.94261831541686,0.23082311749773948,0.004596095373272657
-4.775510204081633,0.005022903259309652,0.10815778099400837,0.03291654986592348,-2.5306122448979593,0.17915982455423282,-40.34470851505617,0.2432922326619251,0.007246517623070936
-4.775510204081633,0.007021481780565386,0.1424322141940911,0.001460105282303656,-2.36734693877551,0.19324774560933333,-38.75280398215997,0.2587244073553656,0.010129856944513627
-4.775510204081633,0.02535089002469415,0.1690978581393933,-0.021881803704281496,-2.204081632653061,0.20074731964921502,-37.1631589909511,0.27144856291644903,0.03657360332074777
-4.775510204081633,0.011769491517502617,0.1425634066019055,0.0018785699449044865,-2.0408163265306123,0.20597999643558143,-35.58146619290024,0.2758308561205829,0.01697978704608527
-4.775510204081633,0.01136818887840696,0.15908290484286408,-0.011371730925533152,-1.8775510204081634,0.21213692016523375,-34.00675749734299,0.2923802444554797,0.016400829718766996
-4.775510204081633,0.016315589413373077,0.1557914332049845,-0.00759487646528001,-1.7142857142857142,0.22305488213460162,-32.44103214694401,0.31096126183858486,0.02353841993585304
-4.775510204081633,0.15207868324108786,0.15504241248367714,-0.005353144209305732,-1.5510204081632653,0.3027528563685693,-30.88783600595597,0.3509406325412442,0.21940316213684108
-4.775510204081633,0.1571376681695782,0.16219687382775344,-0.00961478674333254,-1.3877551020408163,0.31174135827098837,-29.342886984565133,0.3547694300317596,0.22670173460510545
-4.775510204081633,0.0712466674796508,0.16223573984802062,-0.006460125379192721,-1.2244897959183674,0.27872995559377156,-27.82218375903515,0.37847981309987494,0.10278721385275746
-4.775510204081633,0.06259509948201125,0.16519351736343704,-0.005379077971003568,-1.0612244897959184,0.28927524268635546,-26.318647094155374,0.40205064838416393,0.09030563960664884
-4.775510204081633,0.21149376023107602,0.16804249999408213,-0.0023382317018237134,-0.8979591836734694,0.38191462283398064,-24.8461614751134,0.43354771244316553,0.30512099906433265
-4.775510204081633,0.19198660486261443,0.1715192624269575,0.00014328851206040532,-0.7346938775510204,0.3872286038067195,-23.40510690129026,0.4616183382390773,0.2769781227524031
-4.775510204081633,0.2559768483920093,0.18313102421051547,0.0031345728529683916,-0.5714285714285714,0.4523113225938598,-22.027502885651188,0.5116528004933216,0.36929652975753813
-4.775510204081633,0.29736534422161776,0.20963024411567613,-0.0014864702842191122,-0.40816326530612246,0.5369714115744977,-20.781832409557147,0.617951370731044,0.42900750744076754
-4.775510204081633,0.32535746970123003,0.18683320582213397,-0.020184652925552726,-0.24489795918367346,0.6203430364999472,-19.78684627957224,0.7017626850747531,0.46939160805414604
-4.775510204081633,0.3552514524884518,0.07130342717070515,-0.031597080696670235,-0.08163265306122448,0.6692706791907902,-19.01840002660073,0.7175457318976003,0.5125195087736909
-4.775510204081633,0.362106023742091,-0.06932420103425765,-0.03612045109418365,0.08163265306122448,0.6680287582477484,-18.425035881510045,0.7107526391447053,0.5224085647287358
-4.775510204081633,0.3529353751931754,-0.1963299668392174,-0.041312671275871744,0.24489795918367346,0.6373006946042229,-17.955281524643443,0.6852383181168622,0.5091781155454802
-4.775510204081633,0.3305440104912536,-0.3132338843106278,-0.04923176674817703,0.40816326530612246,0.5945557153315605,-17.56707324478354,0.6555790930236621,0.4768742047312804
-4.775510204081633,0.2952637877814184,-0.42065698987558886,-0.05934263402923807,0.5714285714285714,0.5446919866566494,-17.239702877502737,0.6246477718874786,0.4259756023863437
-4.775510204081633,0.25233493622205283,-0.5131355219955204,-0.07039378704209787,0.7346938775510204,0.4928997438526693,-16.962951657644478,0.5945313599239584,0.3640423611305885
-4.775510204081633,0.20900541639243264,-0.5870525108276087,-0.0811411853339248,0.8979591836734694,0.4447980429763761,-16.729426047594583,0.5638651777436616,0.30153107774829513
-4.775510204081633,0.17036584683765743,-0.6432706827609989,-0.09079662297597217,1.0612244897959184,0.4036243286208171,-16.532208882194105,0.5348286319878721,0.24578596236953665
-4.775510204081633,0.1382943225340718,-0.6851725141013867,-0.09906597465805846,1.2244897959183674,0.36994694753962454,-16.36486006413582,0.5086420856658418,0.19951653330300356
-4.775510204081633,0.1126111086210535,-0.7164219253532801,-0.1059672625828599,1.3877551020408163,0.34291146475890116,-16.22179080070466,0.48549476673701064,0.1624634879566016
-4.775510204081633,0.09233650076858546,-0.7400003813304237,-0.11165689593979554,1.5510204081632653,0.3212743074183713,-16.098404423079597,0.465200962431176,0.13321341175187795
-4.775510204081633,0.07636926730869553,-0.7580847480585933,-0.11632842948083368,1.7142857142857142,0.3038662846370358,-15.99102978301964,0.4474339520786466,0.11017756322257855
-4.775510204081633,0.06374930570226867,-0.772199484066553,-0.1201651467616927,1.8775510204081634,0.28974276928705195,-15.896771160020421,0.43184153961634386,0.09197080719677819
-4.775510204081633,0.0537760848729556,-0.7833825668544339,-0.12334315827284557,2.0408163265306123,0.27845339164166416,-15.813315057952131,0.41842852616361553,0.07758249096463699
-4.775510204081633,0.045659837088264155,-0.7924407650943307,-0.12594931292656467,2.204081632653061,0.2686201831631401,-15.738965042686335,0.4059496201839394,0.06587322053503586
-4.775510204081633,0.03915027810654714,-0.7998506902446891,-0.1281325189398152,2.36734693877551,0.2605990417419603,-15.672179422790235,0.3950564331721744,0.05648191207373854
-4.775510204081633,0.03382888714558874,-0.8059816591868729,-0.12996541713098733,2.5306122448979593,0.25390082278936515,-15.611864746709985,0.3853742338612306,0.048804767723732656
-4.775510204081633,0.029463999225847415,-0.8110766521567706,-0.1316095785308951,2.693877551020408,0.24922751504514937,-15.556644926266923,0.3775704546111349,0.042507565567886374
-4.775510204081633,0.02582462511308381,-0.8155401680742748,-0.13281016448943567,2.857142857142857,0.24256434042405645,-15.506963188536936,0.367737005056149,0.0372570585834624
-4.775510204081633,0.022798845806224044,-0.8192727674346421,-0.13393218532160706,3.020408163265306,0.23943561128037835,-15.461078148200736,0.3618836806747036,0.032891781782631746
-4.775510204081633,0.020030464873584952,-0.8223910870766471,-0.13477962341796496,3.183673469387755,0.23229561587201294,-15.418828148729643,0.35127483305733176,0.02889785233982156
-4.775510204081633,0.012756707344120821,-0.826908062496622,-0.13563649556608898,3.3469387755102042,0.1885681168779564,-15.343597704127953,0.28426817888623596,0.01840403842343452
-4.775510204081633,0.014689514165556083,-0.8281196255361897,-0.13589338659571623,3.510204081632653,0.2114869361022549,-15.328909333149149,0.2952939008522301,0.02119248923971595
-4.775510204081633,0.014283088121363585,-0.8298522457158342,-0.1370556523548855,3.673469387755102,0.22494585122063748,-15.308042305494093,0.3347454624550862,0.0206061404012714
-4.775510204081633,0.012858688981459698,-0.8318875863943068,-0.13747179284743122,3.836734693877551,0.21678260105185546,-15.27720636667128,0.3245036577423538,0.018551166825884646
-4.775510204081633,0.012190930855145998,-0.8338077524175718,-0.13833062754027267,4.0,0.22700221270763832,-15.241620443844887,0.32630311200177764,0.017587795488539282
-4.530612244897959,0.0018285862823910204,0.06141464697960838,0.08092897069526986,-4.0,0.11739102697483483,-54.09181723224154,0.1699672179463975,0.0026380923614426344
-4.530612244897959,0.13707588991027575,0.22104085773873144,-0.07697572037379807,-3.836734693877551,0.17076279616276313,-52.469642471132936,0.14530027149002167,0.19775870659899564
-4.530612244897959,0.0013366616341035087,0.2772412524938574,-0.13192425826641788,-3.673469387755102,0.0384195512890901,-50.84670375620817,0.09224983125765436,0.001928395110867509
-4.530612244897959,0.0017150436335953145,0.14319551316976073,-2.412622285035653e-5,-3.510204081632653,0.17051479768227804,-49.251885850926726,0.20864316162581964,0.002474284945095384
-4.530612244897959,0.033855220473532066,0.01727823423400879,0.12269883835312886,-3.3469387755102042,0.08350029163591252,-47.61811824227959,0.15213361466724867,0.04884275868536703
-4.530612244897959,0.005951135195336965,0.05244017253841823,0.08791814229950476,-3.183673469387755,0.11739716205197977,-46.02436519616764,0.19170215553824516,0.008585673233971747
-4.530612244897959,0.0013224986620619106,0.21651992014375224,-0.070110679422025,-3.020408163265306,0.1392539815705651,-44.42050551378276,0.2043156849541468,0.0019079622613382696
-4.530612244897959,0.004116960224904931,0.10329416491833313,0.038192443973196176,-2.857142857142857,0.17033704466457694,-42.819043424732705,0.23140489561516608,0.005939518100007479
-4.530612244897959,0.0033411282020054944,0.1243516011200925,0.01810981930524483,-2.693877551020408,0.18210159364279108,-41.21904938835456,0.23969083049688036,0.0048202290880081655
-4.530612244897959,0.21621184594486853,0.18471539823377597,-0.037653149902726286,-2.5306122448979593,0.3101841537151686,-39.61881908168302,0.25156708673483585,0.3119277579261097
-4.530612244897959,0.03862934828370057,0.1046041334996068,0.03593871673239699,-2.36734693877551,0.20845611756205634,-38.02609896688677,0.2902550571120238,0.055730369201667074
-4.530612244897959,0.006337967434353997,0.1425587318272086,0.0016300395978092147,-2.204081632653061,0.1998766822981872,-36.44111486196401,0.26912891832083513,0.0091437541868582
-4.530612244897959,0.16739435775253386,0.1285837958012713,0.013516590884798436,-2.0408163265306123,0.30122329883137294,-34.856837074927505,0.3277310855163939,0.2414990098023737
-4.530612244897959,0.012804927721798087,0.15040113564743557,-0.004188203961017141,-1.8775510204081634,0.21561600770908695,-33.2855740885375,0.29488759437392864,0.018473605723179798
-4.530612244897959,0.023176867916233856,0.14971034285196483,-0.0026309386618237735,-1.7142857142857142,0.22857106923705775,-31.721399198304177,0.32141496389916924,0.033437152406088355
-4.530612244897959,0.02924646691627042,0.15495343625149724,-0.005914326276071932,-1.5510204081632653,0.24026090163225708,-30.167086446662992,0.33656100469904815,0.04219373278362637
-4.530612244897959,0.06780437908322878,0.15867956461133564,-0.006293664641279325,-1.3877551020408163,0.268477574031225,-28.62996399929746,0.36446780285775976,0.09782104145392934
-4.530612244897959,0.02894940039057481,0.16243546445707507,-0.006937979277870641,-1.2244897959183674,0.2657223087963705,-27.106640735009194,0.3696267718042033,0.04176515638019174
-4.530612244897959,0.17761028905175524,0.16380142735953473,-0.003690828625527948,-1.0612244897959184,0.3529986703319207,-25.610945865618927,0.41703620018642684,0.2562374832258225
-4.530612244897959,0.09287582600892619,0.16724231234349343,-0.002496966887177813,-0.8979591836734694,0.3246817425690871,-24.136080483482466,0.44548252661521726,0.13399149360154405
-4.530612244897959,0.2371411476330667,0.1730256297999046,0.001222375245243022,-0.7346938775510204,0.42139313430517994,-22.70895101701835,0.48069909030112723,0.34212235768094335
-4.530612244897959,0.2585176194820258,0.18577681018866612,0.00352148091956477,-0.5714285714285714,0.4661958082632731,-21.342200812568127,0.5311379306806389,0.3729620876091384
-4.530612244897959,0.2907659314079625,0.21009816331594158,-0.003368831875478389,-0.40816326530612246,0.5512155843281576,-20.120933931231022,0.6467706558780767,0.41948656730172784
-4.530612244897959,0.3136776965885899,0.18032564607582233,-0.022602619615889965,-0.24489795918367346,0.6289809661310465,-19.14590814178305,0.718892274670992,0.45254125730583183
-4.530612244897959,0.3407761211357039,0.06798621713014427,-0.03363618484845735,-0.08163265306122448,0.6736241740799208,-18.382069921731304,0.7326247981341352,0.4916360200158567
-4.530612244897959,0.3483183139826995,-0.06658320842655044,-0.03807852811367289,0.08163265306122448,0.6720036121330267,-17.78418770043349,0.7251094597202082,0.5025171042336454
-4.530612244897959,0.34153525787456807,-0.19017948442191335,-0.04306804377858137,0.24489795918367346,0.6425061507428255,-17.30619103059033,0.6996343557421854,0.4927312228243732
-4.530612244897959,0.3220564551387308,-0.30510380698294487,-0.05068825711176407,0.40816326530612246,0.6009546398359412,-16.90944456750909,0.6693067243494999,0.4646292507149261
-4.530612244897959,0.2897650359793176,-0.4116076471825227,-0.060497375383889475,0.5714285714285714,0.5520630065911547,-16.574046030876794,0.6370999601084756,0.41804258043037335
-4.530612244897959,0.24926876941818032,-0.5043031100350902,-0.07130583987595411,0.7346938775510204,0.5006941869597004,-16.289905172539832,0.6062228946302476,0.35961881748810276
-4.530612244897959,0.20748890924519903,-0.5792221309280488,-0.08188663330689458,0.8979591836734694,0.45237316538047107,-16.04972181376577,0.5746605542845679,0.29934322040750816
-4.530612244897959,0.16964976735012383,-0.6367014742418462,-0.09143280279959594,1.0612244897959184,0.4105649849610403,-15.846640773590936,0.5446595051027366,0.24475287804399004
-4.530612244897959,0.13792655355575367,-0.6797863155467686,-0.09962554216523241,1.2244897959183674,0.3761085867624868,-15.674207331404723,0.5174851878355267,0.19898595482179227
-4.530612244897959,0.11237333608948918,-0.7120191486292136,-0.10646696560299722,1.3877551020408163,0.3483137236906567,-15.526759524524435,0.49346854934191065,0.1621204547044539
-4.530612244897959,0.09213753094762134,-0.7363786557463958,-0.11210633751141899,1.5510204081632653,0.32600150518812526,-15.399604663547693,0.47239555454452775,0.13292635897788685
-4.530612244897959,0.07617742787776938,-0.7550730878328401,-0.1167329727450838,1.7142857142857142,0.3080147204548774,-15.288976345758131,0.45394247821088907,0.10990079742693526
-4.530612244897959,0.0635579723825892,-0.7696667746533136,-0.12052576898798859,1.8775510204081634,0.2933649087986571,-15.191893066200334,0.4377054341015041,0.09169477156531824
-4.530612244897959,0.05351868399918458,-0.7812497717875796,-0.12365684480337304,2.0408163265306123,0.2814112090754373,-15.106009293278023,0.423476854561088,0.07721114000052642
-4.530612244897959,0.04547011490330499,-0.7905872689599673,-0.126245587395271,2.204081632653061,0.27148198900291615,-15.029462263141864,0.4108347171784762,0.06559950927964975
-4.530612244897959,0.03896290359780208,-0.7982291147932861,-0.12839566860777946,2.36734693877551,0.2631082172854513,-14.960775488726087,0.39948438293837724,0.05621158779918378
-4.530612244897959,0.033651656177597467,-0.8045670792744632,-0.13019994725864423,2.5306122448979593,0.2561164107995605,-14.89876466360717,0.38941146221216094,0.04854907748511961
-4.530612244897959,0.029325331899893836,-0.8098926956449214,-0.13173039649492863,2.693877551020408,0.25019059321143977,-14.842455332477265,0.38033223483210454,0.042307510904399326
-4.530612244897959,0.025678927462069012,-0.8143769532814673,-0.13303207270811726,2.857142857142857,0.2451689168583496,-14.79108900615038,0.3722559922969108,0.03704686130487422
-4.530612244897959,0.02250038331720261,-0.8183043948768497,-0.13424948870098635,3.020408163265306,0.2409502926182086,-14.741621701626007,0.363187219021984,0.032461191429828506
-4.530612244897959,0.020115008354776753,-0.8217836857701928,-0.1353493139822304,3.183673469387755,0.239884139938187,-14.697479535994091,0.35866451207533867,0.029019822800876227
-4.530612244897959,0.01781698291895273,-0.8244695467123248,-0.13574473247929086,3.3469387755102042,0.23101584209615042,-14.660494551406396,0.3485478361061238,0.025704472900776043
-4.530612244897959,0.01634390634463867,-0.8272583929933613,-0.1367366009825935,3.510204081632653,0.2345841546976384,-14.617834873433432,0.34522308753564634,0.023579272632163306
-4.530612244897959,0.014313183785907624,-0.8294071876283186,-0.13726445317112285,3.673469387755102,0.22716135435694063,-14.58664297830138,0.3371595515812146,0.020649559267260642
-4.530612244897959,0.012706151361741469,-0.8317283694285916,-0.13791719629534377,3.836734693877551,0.22691879959030434,-14.550962732442791,0.33131804557511774,0.0183311015583687
-4.530612244897959,0.010878164329570339,-0.8342478895935221,-0.1384355842131064,4.0,0.21736111169571273,-14.5093723361569,0.30813399512297296,0.015693873732245844
-4.285714285714286,0.0003379582534719372,0.064181930562921,0.07843935016065626,-4.0,0.1208004131273822,-53.364343718763955,0.17412629939794716,0.00048757069631122363
-4.285714285714286,0.08102979259019194,0.04176562924868935,0.10031791302424813,-3.836734693877551,0.17459848671045883,-51.74350841475465,0.21876967128249075,0.11690127993413135
-4.285714285714286,0.014887398038688548,0.039242441381342745,0.10262427757572988,-3.673469387755102,0.10732774076001851,-50.131368245897995,0.1948702672111852,0.021477975322155896
-4.285714285714286,0.231052464201017,0.19310492934411413,-0.048773851626845735,-3.510204081632653,0.30512606867730657,-48.52326327278414,0.21890805069508576,0.33333824428798176
-4.285714285714286,0.0005466459602343487,0.042260712378387355,0.09867048662497423,-3.3469387755102042,0.09974786352618929,-46.90659111734879,0.17550484716500325,0.0007886434159520839
-4.285714285714286,0.0010709820804275516,0.05695302319528902,0.0838717608171357,-3.183673469387755,0.12230045129030742,-45.29971186351618,0.1956351599596444,0.0015451005363140702
-4.285714285714286,0.006760245069589388,0.07077179744352638,0.07000047984925531,-3.020408163265306,0.1431866488626034,-43.69483538740077,0.21690836661108628,0.009752972037090135
-4.285714285714286,0.005748821866349951,0.21705631879102652,-0.07013861339086515,-2.857142857142857,0.14382372648436365,-42.09029790203799,0.21546950117422914,0.008293796797536945
-4.285714285714286,0.004374155394242685,0.11876793708721778,0.023504464767956663,-2.693877551020408,0.18211615922023996,-40.49443922398413,0.2454300904726363,0.006310572295351591
-4.285714285714286,0.06126558251023151,0.11293953753197554,0.02876938135439325,-2.5306122448979593,0.22297101060554061,-38.89664667415927,0.29180398192411744,0.08838755206468463
-4.285714285714286,0.007998242627778263,0.1745211348404239,-0.027731985242445717,-2.36734693877551,0.18979704343749337,-37.305349810297486,0.26112103906342177,0.011539024974922096
-4.285714285714286,0.005837415424737813,0.15469484727941762,-0.009158208912056268,-2.204081632653061,0.20067609415457793,-35.71909534679459,0.2724202354036746,0.008421610284877978
-4.285714285714286,0.009373040764855789,0.15749213059268968,-0.010912762061145383,-2.0408163265306123,0.20822505916196757,-34.13861240690394,0.2899359682652225,0.01352243942950837
-4.285714285714286,0.07585946223511697,0.14935236328703835,-0.003601105961952817,-1.8775510204081634,0.24610529449443555,-32.56456481531532,0.31525367858883174,0.10944206997110673
-4.285714285714286,0.18870579971032186,0.15262344575322612,-0.005190168198340556,-1.7142857142857142,0.32271222471222405,-30.999748086983306,0.3400875333774143,0.272244921429067
-4.285714285714286,0.026211169012928526,0.15554545093761218,-0.005873314938966734,-1.5510204081632653,0.24273366072464014,-29.451461980090123,0.34537211901320275,0.03781472355085391
-4.285714285714286,0.023561709145213827,0.15884000083401076,-0.006651161869750601,-1.3877551020408163,0.25418169493545045,-27.914174029386878,0.3626988562567522,0.033992360938667865
-4.285714285714286,0.18331808425715423,0.15912841457284047,-0.004079058479975604,-1.2244897959183674,0.34881199667771207,-26.398710886203997,0.4064884967509079,0.2644720910630607
-4.285714285714286,0.06201339471685263,0.16417320528154974,-0.004171058192355653,-1.0612244897959184,0.2996993918935806,-24.899585121221563,0.4223723228447669,0.08946641702669256
-4.285714285714286,0.05001158784643578,0.16809115751424125,-0.00310135461499579,-0.8979591836734694,0.31380051416671945,-23.428029715273166,0.43762040257797713,0.07215146977303544
-4.285714285714286,0.18548714592330495,0.1711810839179222,0.0017636418239166177,-0.7346938775510204,0.40109320582869207,-22.010776670718414,0.496393178361981,0.2676013855721995
-4.285714285714286,0.2561381182883087,0.18748016750878285,0.0036904857956551926,-0.5714285714285714,0.4793010326616698,-20.662887799136286,0.5523757684183095,0.3695291930371738
-4.285714285714286,0.28218139633291695,0.2096863259737,-0.005713281001634455,-0.40816326530612246,0.5657092737914678,-19.468452162630495,0.6752331008421274,0.4071017011206224
-4.285714285714286,0.3007585870689813,0.17343569762645394,-0.025221973685073024,-0.24489795918367346,0.6376468198731554,-18.51224542272061,0.7359862690195461,0.433902922069191
-4.285714285714286,0.32528462571576733,0.06469420496466863,-0.035876932304318855,-0.08163265306122448,0.6781113916028708,-17.75238995192563,0.7481413795033381,0.4692865163975597
-4.285714285714286,0.3335692581488605,-0.06382344745641479,-0.04022852108484671,0.08163265306122448,0.6761402367722791,-17.14958183265413,0.7399337377852293,0.48123871452437106
-4.285714285714286,0.3292018297550763,-0.18386608559884984,-0.044997668524290886,0.24489795918367346,0.6478905599392009,-16.66288368630567,0.7145787837228343,0.4749378472392216
-4.285714285714286,0.31272218859359024,-0.29667356399346606,-0.0522923488208504,0.40816326530612246,0.6075786460082313,-16.257048413997946,0.6835972002837156,0.4511627506599156
-4.285714285714286,0.2835652931749022,-0.40213445909330364,-0.06176958715976687,0.5714285714285714,0.5597204312523466,-15.91305683816943,0.6500805847793962,0.4090982422316567
-4.285714285714286,0.2456956872378211,-0.4949559045589792,-0.0723070943098669,0.7346938775510204,0.5088500610470973,-15.620980718034279,0.6184387930381969,0.3544639495458104
-4.285714285714286,0.20565440790533018,-0.5708553896132286,-0.08269928072106093,0.8979591836734694,0.4603617389564378,-15.37362680615325,0.5859567140618893,0.2966965944219755
-4.285714285714286,0.16875396724717961,-0.6296372298605732,-0.0921213388756164,1.0612244897959184,0.4179250676758456,-15.164214973521164,0.554951873814549,0.24346051167784477
-4.285714285714286,0.13746880894611047,-0.6739712318316737,-0.10022855663693289,1.2244897959183674,0.38266563938968096,-14.986285022472464,0.5267394764882505,0.19832556894346487
-4.285714285714286,0.11209997662833593,-0.7072554712378769,-0.10700449048121803,1.3877551020408163,0.35407443379758835,-14.83410348978938,0.5018114836050622,0.16172608036546832
-4.285714285714286,0.09191624694149403,-0.7324654957874024,-0.11258739818643455,1.5510204081632653,0.3310255030566876,-14.702877687174533,0.47990133016315045,0.1326071136396183
-4.285714285714286,0.07598745967570308,-0.7518128325167824,-0.11716678521282455,1.7142857142857142,0.3124198888069186,-14.588738593674572,0.4607271959201643,0.10962673124388678
-4.285714285714286,0.06333444699696211,-0.7671216946121134,-0.12108042540528982,1.8775510204081634,0.29672136475131844,-14.487497280381643,0.442740122772976,0.09137229259996182
-4.285714285714286,0.053330087759105194,-0.7789312234239738,-0.1240095567659159,2.0408163265306123,0.28484127914411467,-14.400083515667319,0.42907276577551756,0.0769390531402343
-4.285714285714286,0.045308887461487535,-0.7886026317797684,-0.12656383891220396,2.204081632653061,0.27457316379704677,-14.321215123119817,0.4159592276136685,0.06536690724888405
-4.285714285714286,0.03878828728266548,-0.7965046163453459,-0.1286877263059372,2.36734693877551,0.26591863449496195,-14.250486403173173,0.4042823996995944,0.05595966970727728
-4.285714285714286,0.03349146501750533,-0.8030645775215549,-0.13046291055283007,2.5306122448979593,0.2586069916893785,-14.186664056661456,0.39377560441777143,0.04831797049286157
-4.285714285714286,0.02913109058950636,-0.8085667866109529,-0.1319495896888547,2.693877551020408,0.2522782236431571,-14.128756901355285,0.3842021099103997,0.04202727992916744
-4.285714285714286,0.025525810890302925,-0.813210209895509,-0.13321814961335424,2.857142857142857,0.24698583014518788,-14.07595177649378,0.3757341116106569,0.03682596078610967
-4.285714285714286,0.022292920527686277,-0.8172469474839102,-0.13424085386614085,3.020408163265306,0.2411943873724043,-14.026662819401068,0.36575377477022286,0.03216188589222435
-4.285714285714286,0.019973290501620333,-0.8207079925869468,-0.13520579244482092,3.183673469387755,0.23837825431871623,-13.98304196269728,0.3607855997995386,0.02881536715692201
-4.285714285714286,0.017533788032287223,-0.823628979536079,-0.13588502353989995,3.3469387755102042,0.23056564336172627,-13.94042077918991,0.3476048782844524,0.025295909042179154
-4.285714285714286,0.015838915621945837,-0.8262997650423779,-0.13661350094355998,3.510204081632653,0.22905089578193888,-13.90337780090056,0.34446289143695785,0.022850725020839846
-4.285714285714286,0.011427181451048485,-0.8291727828543601,-0.1367174786449443,3.673469387755102,0.197201388741603,-13.845855011619543,0.29116075513653106,0.016485938010766255
-4.285714285714286,0.012116318334088216,-0.8309992329208175,-0.1380067477529438,3.836734693877551,0.22051175827210717,-13.827162790591817,0.32354610233120246,0.01748015237442102
-4.285714285714286,0.011553672004588345,-0.832573295241814,-0.13823257506237785,4.0,0.21826129427090374,-13.801600622619489,0.3229315589124052,0.01666842530507706
-4.040816326530612,0.0006552791307170569,0.04456329599267809,0.09826631745475786,-4.0,0.09627461834814668,-52.63505025624273,0.1641779742407033,0.0009453679522830605
-4.040816326530612,0.13632297152375128,0.11648761086919387,0.026404144529835104,-3.836734693877551,0.24982082391403804,-50.99835599923493,0.2200340764569085,0.19667247497656337
-4.040816326530612,0.020243032512097914,0.044338338518369644,0.09802813942601764,-3.673469387755102,0.13023190240053392,-49.40577848800708,0.21657670922145167,0.029204522617757078
-4.040816326530612,0.000346345224244482,0.047025034465631076,0.09487354189349916,-3.510204081632653,0.10466992033168332,-47.79280528997056,0.17553366852856364,0.0004996705374531452
-4.040816326530612,0.048412385408259206,0.06527325382683684,0.07663011245707366,-3.3469387755102042,0.1468152394742769,-46.183845750273676,0.20409222478774233,0.06984430834610045
-4.040816326530612,0.09742296767433367,0.24959495380662125,-0.10346845032725745,-3.183673469387755,0.1480265076882119,-44.56731395116424,0.17646148916926413,0.14055163233244672
-4.040816326530612,0.009299575670479454,0.06864754436640073,0.07241835053302319,-3.020408163265306,0.14177300378093896,-42.96965024004804,0.21531608968171465,0.013416451702171539
-4.040816326530612,0.004059595051037368,0.08433021872445845,0.056815282570468896,-2.857142857142857,0.1590400407489406,-41.36811511379683,0.23169241863936332,0.005856757648148747
-4.040816326530612,0.0452422269716517,0.10053906978637332,0.040824903138094705,-2.693877551020408,0.1894865896256712,-39.768544935036026,0.24666252451034168,0.06527073649077497
-4.040816326530612,0.056479223447891025,0.236243668272353,-0.08596494111420208,-2.5306122448979593,0.15523828494870365,-38.16308764775037,0.21572881107484257,0.08148229558153242
-4.040816326530612,0.004495593940985421,0.17044367693680945,-0.02417175504249257,-2.36734693877551,0.19193641239844297,-36.58322948382929,0.2615633086845065,0.0064857710845096506
-4.040816326530612,0.17266947170710645,0.1357426434558808,0.0077142704446119415,-2.204081632653061,0.2939550575376028,-34.994508999539484,0.3025176206946252,0.249109390544759
-4.040816326530612,0.008258310555855575,0.1583835554008304,-0.011679361617168744,-2.0408163265306123,0.20986237013013337,-33.41846853004318,0.29396759617959406,0.011914223685054015
-4.040816326530612,0.010044258795318894,0.1613825441453953,-0.013276635598260705,-1.8775510204081634,0.21818732043817782,-31.846865873687715,0.30848605042236177,0.014490802353411603
-4.040816326530612,0.017347640530120056,0.1508119417836106,-0.0033784924680374134,-1.7142857142857142,0.23206576906247958,-30.285545090556095,0.3309718039164502,0.025027354963928605
-4.040816326530612,0.022927246389012668,0.15568396942178483,-0.0059785497099451015,-1.5510204081632653,0.2450307045521795,-28.736054612434266,0.35161080775963927,0.03307702466666784
-4.040816326530612,0.020653822532505917,0.15880196627802673,-0.006576879595058717,-1.3877551020408163,0.25713014720108174,-27.20065660327277,0.3619128328011406,0.029797167343046826
-4.040816326530612,0.048193940867258256,0.15995144354322338,-0.00476048232311792,-1.2244897959183674,0.2829545119081473,-25.68604146372461,0.4039053828068998,0.06952915949008975
-4.040816326530612,0.07069054194469815,0.16355220353861613,-0.0032457075702439727,-1.0612244897959184,0.30977434653360214,-24.19424894878151,0.43571570519092334,0.10198489430136926
-4.040816326530612,0.049123376318557455,0.16757563043488372,-0.0021300567237864773,-0.8979591836734694,0.3220583841298416,-22.728368319755866,0.45841130117346424,0.07087005140650504
-4.040816326530612,0.1578626450204761,0.17092503292830408,0.0024080231054409815,-0.7346938775510204,0.3975257988817113,-21.31804756753163,0.523898875823699,0.22774765511265604
-4.040816326530612,0.2528496850374211,0.18987324796528535,0.003577177214404071,-0.5714285714285714,0.49441091102030643,-19.99110147295299,0.5762544179033602,0.3647849866938233
-4.040816326530612,0.27146521144212454,0.20815159630278948,-0.008528853914312415,-0.40816326530612246,0.580219231152061,-18.825105913465006,0.702950237952362,0.3916415143214267
-4.040816326530612,0.286567887151149,0.16621209948634938,-0.028065539700559087,-0.24489795918367346,0.6463023767144556,-17.886413342367522,0.7529991672119661,0.41343006967099116
-4.040816326530612,0.308749086529551,0.06143088403465383,-0.03834395583321026,-0.08163265306122448,0.6827192734028752,-17.12988506329907,0.7640464586048672,0.44543077601518055
-4.040816326530612,0.31781925295630553,-0.06104767728582645,-0.04259360975959701,0.08163265306122448,0.6804291996753726,-16.521720332221815,0.7551889523166071,0.4585162601390973
-4.040816326530612,0.31588235186246316,-0.1773910116487895,-0.04712300224640926,0.24489795918367346,0.6534462889560212,-16.025840259090447,0.7300505702859296,0.4557219025363186
-4.040816326530612,0.30248025955401237,-0.287935160066818,-0.0540629270127559,0.40816326530612246,0.6144252085944745,-15.610333585602874,0.6984406590616709,0.4363867704253801
-4.040816326530612,0.2766014634780063,-0.39221918950808915,-0.06317487009992,0.5714285714285714,0.5676670424654625,-15.25714337835248,0.6638571801694773,0.3990515596623494
-4.040816326530612,0.24155809259666694,-0.4850641824130901,-0.07340968280745339,0.7346938775510204,0.5173771720812019,-14.956542511032863,0.6311920663320812,0.3484946622758085
-4.040816326530612,0.2034578320127436,-0.5619126927828091,-0.08358807916767343,0.8979591836734694,0.4687828447172618,-14.701460887645784,0.5977738241362321,0.2935276052748055
-4.040816326530612,0.1676520258013927,-0.6220331256635483,-0.09286897051524756,1.0612244897959184,0.4257325064772184,-14.485208311873615,0.565729938272842,0.24187074621865756
-4.040816326530612,0.13689525267896463,-0.66769252977177,-0.10087863156028073,1.2244897959183674,0.389636749350582,-14.301330190229852,0.5364606807660969,0.1974981021611839
-4.040816326530612,0.11175059722382374,-0.7021151331302748,-0.10758045130464981,1.3877551020408163,0.3601876401285615,-14.144024570104778,0.5105171889856979,0.16122203243119015
-4.040816326530612,0.09167206164727193,-0.7282316010844919,-0.11310331481874779,1.5510204081632653,0.33637723645766254,-14.008395093156501,0.48774390886556857,0.132254828726587
-4.040816326530612,0.07577006691262222,-0.7483092063764406,-0.11762892252527003,1.7142857142857142,0.31709982868925785,-13.89046485178956,0.467796337789171,0.10931309978266457
-4.040816326530612,0.06317273011757929,-0.7639894615888082,-0.12133724592405594,1.8775510204081634,0.30138939178118535,-13.787063477432858,0.4502986344145828,0.09113898446004809
-4.040816326530612,0.05314704651217017,-0.7764336704297704,-0.12438466225620762,2.0408163265306123,0.28847212315983384,-13.695679276994012,0.4348872432360982,0.07667498044100274
-4.040816326530612,0.045111842911934597,-0.7864632263024977,-0.126901375447703,2.204081632653061,0.2777491380835176,-13.614320310829768,0.42124248008798487,0.06508263205441
-4.040816326530612,0.038236701336793244,-0.7947509284014983,-0.12885310931710295,2.36734693877551,0.2668762330029133,-13.541123554751247,0.4067112031339103,0.055163899398543936
-4.040816326530612,0.03334300506714016,-0.8014501857068422,-0.130741696424262,2.5306122448979593,0.2612141934679731,-13.475639478844235,0.3982822896482582,0.04810378805869853
-4.040816326530612,0.02899937894207416,-0.8071476059259721,-0.13220698105404755,2.693877551020408,0.25469351549469244,-13.416005682254232,0.3884284717894161,0.04183726018858991
-4.040816326530612,0.025401075032691622,-0.8119688724916075,-0.13344592258721433,2.857142857142857,0.2491354039089677,-13.361667069306579,0.37957846372611237,0.03664600498291293
-4.040816326530612,0.022479734101912063,-0.816103666406826,-0.13459119700690772,3.020408163265306,0.2456323363133827,-13.311729623753786,0.3728844403834807,0.03243140090933139
-4.040816326530612,0.019834226701277435,-0.8196403335292847,-0.13537000576715444,3.183673469387755,0.23891777853924603,-13.26601606876492,0.36261805225580496,0.028614740501799574
-4.040816326530612,0.01766395145237909,-0.8226996049654739,-0.1362051491040212,3.3469387755102042,0.23710229172739675,-13.223823020754295,0.3582523720369544,0.02548369516285076
-4.040816326530612,0.0157559004589638,-0.8253802657719647,-0.13680789671321827,3.510204081632653,0.23087393971613815,-13.184473962518336,0.3481463898404634,0.022730959456886968
-4.040816326530612,0.014164692343892726,-0.8278159024942184,-0.13733777998613003,3.673469387755102,0.2270084010259558,-13.148397004063376,0.34170140210225397,0.020435331400252554
-4.040816326530612,0.012692270084038837,-0.830037368290817,-0.13786582589588012,3.836734693877551,0.22320833575977433,-13.112397191484042,0.332246039729655,0.018311075107865893
-4.040816326530612,0.011333550032673001,-0.8317406337656674,-0.13810623433329453,4.0,0.2143142864587,-13.081566860720338,0.32160741352407934,0.016350856427803873
-3.795918367346939,0.00011701897759253121,0.009539758313520354,0.13374284655099644,-4.0,0.036326329941544756,-51.8970491094441,0.08989321769479575,0.00016882269866291821
-3.795918367346939,0.0003238348175564898,0.2218410580823536,-0.07859089015719754,-3.836734693877551,0.12327046716088433,-50.29487130646817,0.18038244942913678,0.0004671948853554042
-3.795918367346939,0.1341231896194357,0.07357287978626657,0.06940130518726341,-3.673469387755102,0.2258143746518523,-48.66551625864059,0.2128023011169888,0.19349886053216947
-3.795918367346939,0.21440823530933373,0.14610452221281012,-0.002699275872069544,-3.510204081632653,0.27494489449181886,-47.06640737234481,0.18824234547538812,0.3093256978065293
-3.795918367346939,0.0034013164596293777,0.012024509285322647,0.12945856991658558,-3.3469387755102042,0.049259991060936814,-45.43984426471012,0.11338286911514711,0.004907062388801009
-3.795918367346939,0.0020765149655181947,0.039319726995080684,0.10195590872456765,-3.183673469387755,0.100967570201893,-43.84551687558411,0.19260768430334851,0.0029957778430849125
-3.795918367346939,0.0012454568786670617,0.19481443457942543,-0.049985162635449755,-3.020408163265306,0.16134209442429817,-42.24822904314627,0.22331770263160725,0.001796814462494467
-3.795918367346939,0.002253312866435264,0.0957078765048432,0.046193358565625724,-2.857142857142857,0.16813199194569226,-40.64580951946475,0.2365426203344161,0.0032508432979772017
-3.795918367346939,0.09216073811799297,0.12135781018608194,0.021164864783484814,-2.693877551020408,0.2298103952338137,-39.04706160259664,0.2734458753477697,0.13295983984749427
-3.795918367346939,0.17862970801432376,0.16188332006738507,-0.016680772811098747,-2.5306122448979593,0.28396849131575314,-37.449641348249216,0.2802019081278595,0.2577081939077086
-3.795918367346939,0.004070804520935001,0.16935917928903169,-0.02319006004135128,-2.36734693877551,0.1940587786329833,-35.86226232972197,0.26922195979207203,0.005872929494781243
-3.795918367346939,0.15497573784879237,0.10544873540936009,0.03567810773378015,-2.204081632653061,0.2978446228201578,-34.277111358921026,0.3452339014913044,0.22358272845256089
-3.795918367346939,0.06230574750925144,0.15063487501702472,-0.005154747237366462,-2.0408163265306123,0.23645497269007726,-32.69827198300515,0.310047053271922,0.08988819295047668
-3.795918367346939,0.0180875416935653,0.1482665661952421,-0.0020478736491904783,-1.8775510204081634,0.22569723096647584,-31.129856686465683,0.32237968212126067,0.02609480670317854
-3.795918367346939,0.02273799241857488,0.14996559260323478,-0.0025253320542639288,-1.7142857142857142,0.23740691583693185,-29.569986731103803,0.34061536701527695,0.03280398890204905
-3.795918367346939,0.02590493456454568,0.1541996252891182,-0.00469581673027955,-1.5510204081632653,0.2502234272247842,-28.022573555965707,0.36148231826941557,0.03737292063082309
-3.795918367346939,0.04945900228917943,0.15631655639950612,-0.004415191757201046,-1.3877551020408163,0.27326016110353024,-26.49129247373856,0.3888749679069507,0.07135425732991507
-3.795918367346939,0.18681752091531734,0.15810982288029635,-0.002195998716906949,-1.2244897959183674,0.3612059109782744,-24.98253325051192,0.4281485855045491,0.2695207109756983
-3.795918367346939,0.0891454186753069,0.1629045010895595,-0.002008355715620274,-1.0612244897959184,0.32514743206237356,-23.49245482432484,0.45042372332117175,0.1286096534408352
-3.795918367346939,0.0993073703952645,0.16702374806758588,0.00020618770245869094,-0.8979591836734694,0.35236670471551096,-22.037311791737725,0.4921686261987832,0.1432702507929715
-3.795918367346939,0.2166111703428253,0.17586083114131318,0.003723453931669025,-0.7346938775510204,0.44222398185394357,-20.639815001208696,0.5353627600778195,0.3125038612547484
-3.795918367346939,0.24737124050698767,0.1916763895862206,0.00297485078443796,-0.5714285714285714,0.5109054151604754,-19.32820527804974,0.6074193463347114,0.3568812619379824
-3.795918367346939,0.2586607127778693,0.20525446453645707,-0.01179729173348484,-0.40816326530612246,0.5945610917162473,-18.191600940704898,0.729596586231526,0.37316852759743613
-3.795918367346939,0.2710913537662043,0.1587088195554464,-0.03115965583432073,-0.24489795918367346,0.6549021929510521,-17.26899750353175,0.7698642253505033,0.3911021517063782
-3.795918367346939,0.2911555272675541,0.05820114432257691,-0.041064666953877116,-0.08163265306122448,0.6874281936551466,-16.515112141953328,0.780272530951498,0.42004863531631154
-3.795918367346939,0.30103858904050385,-0.058259520315567505,-0.045199692728092176,0.08163265306122448,0.6848554010053639,-15.901139704408646,0.7708224659351667,0.4343068795249456
-3.795918367346939,0.30152982224639113,-0.1707572647246518,-0.04946819026927402,0.24489795918367346,0.6591605077322055,-15.395578521592824,0.7460146447165884,0.43501557923499856
-3.795918367346939,0.29127128346385445,-0.2788821936726819,-0.05602146742842551,0.40816326530612246,0.621487302380027,-14.969787370591385,0.7138153635952098,0.4202156362066658
-3.795918367346939,0.26880843003213184,-0.3818449941511398,-0.06473118056157813,0.5714285714285714,0.5759018459624604,-14.60675162856143,0.6786617423402816,0.38780858895650505
-3.795918367346939,0.2367945487233032,-0.47459769919431377,-0.07462771248536017,0.7346938775510204,0.5262827885198146,-14.29699054819627,0.6444905531353076,0.341622321152649
-3.795918367346939,0.2008514419767009,-0.5523514941352998,-0.08456357663687307,0.8979591836734694,0.47765509124909694,-14.033576652520507,0.6101299339432146,0.28976737929518315
-3.795918367346939,0.16631247943954208,-0.6138418878576715,-0.09368331196707638,1.0612244897959184,0.43401470564798544,-13.809926706053382,0.5770171176362026,0.23993818932537492
-3.795918367346939,0.13619926810003968,-0.6608979712700987,-0.10158300847057408,1.2244897959183674,0.39706483216694805,-13.61960507081087,0.5466552650411318,0.19649400866063393
-3.795918367346939,0.11135137150617047,-0.6965369420879632,-0.10820263942007283,1.3877551020408163,0.3667207350063793,-13.45674598940553,0.519638959945047,0.16064607146813747
-3.795918367346939,0.09140075876541576,-0.723643818282709,-0.11365856761129671,1.5510204081632653,0.34208339188068165,-13.316346516785035,0.4959425778332602,0.13186342140435325
-3.795918367346939,0.07555516092734949,-0.7445056680663089,-0.11812750499368149,1.7142857142857142,0.32209117053395225,-13.19431409353384,0.4751870348306338,0.10900305598345428
-3.795918367346939,0.06298318876536846,-0.7608047004827212,-0.12178513427343444,1.8775510204081634,0.30576154068304234,-13.087371281066982,0.4569721082471645,0.09086553409117037
-3.795918367346939,0.0529812336979163,-0.7737404561208214,-0.12479033032013345,2.0408163265306123,0.2923352862807553,-12.992913836196943,0.4409477006568901,0.07643576311616318
-3.795918367346939,0.04495218754199293,-0.7841588906415424,-0.127265715977096,2.204081632653061,0.2811778346791444,-12.90887348266715,0.42676729926288803,0.06485229804394432
-3.795918367346939,0.038467688135468636,-0.792677189555915,-0.12931932795194395,2.36734693877551,0.27181603329839954,-12.833599617497597,0.4141548312233536,0.05549714290750396
-3.795918367346939,0.03329978739576833,-0.7999309106288015,-0.13104645668534895,2.5306122448979593,0.26478095767892085,-12.765156039909925,0.40317172601681545,0.04804143813853168
-3.795918367346939,0.02883722111342535,-0.8056286003978563,-0.13246536272260837,2.693877551020408,0.25700648433878037,-12.704294192813993,0.39256524312391583,0.04160331589335753
-3.795918367346939,0.02527551558901986,-0.8105862681989559,-0.13369677316387654,2.857142857142857,0.25180632286487686,-12.648135991053614,0.38406289589649495,0.036464860996190396
-3.795918367346939,0.02230349053903158,-0.8149007480928848,-0.13473969065627084,3.020408163265306,0.24634881084916183,-12.597092318253745,0.37525253561675637,0.03217713519517451
-3.795918367346939,0.019597378326775772,-0.818520130403618,-0.13557168825751145,3.183673469387755,0.23998882723150863,-12.549593758369847,0.3649460836762108,0.028273040526463955
-3.795918367346939,0.01080995828987974,-0.8281430567716788,-0.136986640287376,3.3469387755102042,0.18998303699780422,-12.391469247273285,0.3048332232158454,0.015595473217026257
-3.795918367346939,0.015666498633078563,-0.8245545340282648,-0.13697939299442233,3.510204081632653,0.23225758645636166,-12.465575891605756,0.3506761184112377,0.02260197988603574
-3.795918367346939,0.014221195509555029,-0.827130103288999,-0.13760422547062387,3.673469387755102,0.23113208442601144,-12.427816268748344,0.34642153776835005,0.020516848237147833
-3.795918367346939,0.012797324177035607,-0.8292197991313736,-0.1380326511082788,3.836734693877551,0.22657508363283213,-12.3939122987838,0.3392389306022024,0.01846263612685739
-3.795918367346939,0.011175176572285617,-0.8326967579827211,-0.13950938973168597,4.0,0.21579799223705606,-12.328985509356793,0.3078752064623644,0.016122371821895243
-3.5510204081632653,0.0012873527920178596,0.037369596965644285,0.10634521855302977,-4.0,0.08762089006952743,-51.18112752222422,0.16759120030192093,0.0018572574889184068
-3.5510204081632653,0.013533948711255128,0.26267924048478436,-0.11991514396222654,-3.836734693877551,0.0666676658054072,-49.561568369874436,0.1386078337983672,0.019525360689372828
-3.5510204081632653,0.0032258548448564905,0.07536771128857714,0.06784191156251254,-3.673469387755102,0.13962709795249253,-47.95731282788343,0.20407563367348702,0.004653924787301644
-3.5510204081632653,0.000441616106342968,0.2260102822425781,-0.08244649908617832,-3.510204081632653,0.1229123212616765,-46.34342941297467,0.18912740022454227,0.0006371173665971064
-3.5510204081632653,0.0006876485801465826,0.047780347380326514,0.09474126358188435,-3.3469387755102042,0.10929257866679086,-44.732123448539184,0.18936224345703023,0.0009920671964516181
-3.5510204081632653,0.0007022897302071396,0.05429097753134861,0.08781828950662947,-3.183673469387755,0.12068907617771475,-43.125060838662755,0.19967226154120885,0.001013189911036605
-3.5510204081632653,0.0739645291465798,0.05477176819583761,0.08717795290715105,-3.020408163265306,0.22013697268097868,-41.52143033874811,0.29173196862217626,0.10670825940145745
-3.5510204081632653,0.0029669196729817937,0.08812908963026793,0.053916132342855506,-2.857142857142857,0.1641186705295861,-39.922399733199434,0.2396232023026183,0.004280360298926755
-3.5510204081632653,0.0034113737392351684,0.08519081070848022,0.05629719812350734,-2.693877551020408,0.16584662868384292,-38.3226474194194,0.24667431109952462,0.004921571976213457
-3.5510204081632653,0.004083878920756234,0.12029425105494986,0.022473300752208436,-2.5306122448979593,0.191437984156469,-36.73172385796631,0.2662334494407072,0.005891791866565743
-3.5510204081632653,0.004181985149567469,0.15702067337174683,-0.01190938439778389,-2.36734693877551,0.1995335971040267,-35.14258988514004,0.27795069562207964,0.006033329236352358
-3.5510204081632653,0.011857234561040153,0.13374070364255672,0.010047709068719577,-2.204081632653061,0.20940469780525375,-33.55890582854857,0.2971066612316988,0.017106373499869765
-3.5510204081632653,0.06992644306561968,0.12563317786238495,0.016240632385773755,-2.0408163265306123,0.24657876723886066,-31.977642851528913,0.3327317172034186,0.10088253263777425
-3.5510204081632653,0.015208738268491784,0.15518758724436169,-0.007902782410555668,-1.8775510204081634,0.22699009373698198,-30.413756479039876,0.32612996694244895,0.02194157127813101
-3.5510204081632653,0.03542472260775997,0.15641300449222273,-0.0076599531028885655,-1.7142857142857142,0.24491639205561255,-28.856028676839884,0.345861221717032,0.05110707163108241
-3.5510204081632653,0.017046282217597186,0.15342655865208896,-0.004006809652985286,-1.5510204081632653,0.25155737362999836,-27.31057017812234,0.3665583660384055,0.024592586820920914
-3.5510204081632653,0.06002102855566416,0.1588490242174912,-0.00660180644395463,-1.3877551020408163,0.28058256058780906,-25.778914330326607,0.38525360226082617,0.08659204024631117
-3.5510204081632653,0.0743829560399687,0.1586667354287933,-0.002538864616010448,-1.2244897959183674,0.30657374121521835,-24.275256880533576,0.42989757929762923,0.10731192180552451
-3.5510204081632653,0.057397291835416864,0.1620544522488083,-0.001569454365636965,-1.0612244897959184,0.3199027046300156,-22.79171737665085,0.4631472236850131,0.08280678829141319
-3.5510204081632653,0.05198142713491638,0.16624118455601344,-0.0005385254447643559,-0.8979591836734694,0.3409290419690392,-21.33565362707282,0.4808800415374661,0.07499334714587524
-3.5510204081632653,0.22601988823277863,0.17508498491393737,0.004628623064978674,-0.7346938775510204,0.4619716883778347,-19.96486396791245,0.5601509308338734,0.3260777718957075
-3.5510204081632653,0.24018614084284917,0.1939452211259747,0.0017884531583021743,-0.5714285714285714,0.5292606076697585,-18.67546772779716,0.6435328456632247,0.3465153542842363
-3.5510204081632653,0.2440247609849886,0.20110854728895447,-0.015531767596258104,-0.40816326530612246,0.6086892429994529,-17.56860764201524,0.7547832312792035,0.3520533125271572
-3.5510204081632653,0.2543402303719937,0.15098182631295934,-0.034533986092673934,-0.24489795918367346,0.663393693529475,-16.66060995940119,0.7864906367886892,0.3669353890562319
-3.5510204081632653,0.272508706876992,0.055010254029654586,-0.04406937335840079,-0.08163265306122448,0.6922110271906444,-15.908657827452982,0.7967310564113165,0.3931469600105002
-3.5510204081632653,0.2832116899540418,-0.05546331274842753,-0.04807553199239483,0.08163265306122448,0.6893969670320078,-15.288410010441506,0.7867626200035415,0.4085881006184784
-3.5510204081632653,0.2861064416683601,-0.16397020954346306,-0.05206028256407238,0.24489795918367346,0.6650139888759927,-14.772653587137617,0.762418800412738,0.4127643445613316
-3.5510204081632653,0.2790397274742469,-0.26951118974693544,-0.05819234854471268,0.40816326530612246,0.6287519761289765,-14.335937104109009,0.7296846482443273,0.4025692310381026
-3.5510204081632653,0.2601208093261136,-0.3709965847052414,-0.06645915515247916,0.5714285714285714,0.584419166112302,-13.96236794125876,0.6940437476225222,0.37527500164680827
-3.5510204081632653,0.23133968317763665,-0.46352721969887617,-0.07597755991119606,0.7346938775510204,0.5355700898444395,-13.642763600385008,0.6583348858127329,0.3337526136812001
-3.5510204081632653,0.1977819593752217,-0.5421283103915401,-0.08563803798017278,0.8979591836734694,0.48699432668010206,-13.37036262444935,0.6230390547672838,0.2853390519679344
-3.5510204081632653,0.16469971062603617,-0.6050126923554379,-0.09457338159376097,1.0612244897959184,0.4427989712322452,-13.138708315716743,0.5888354675270301,0.23761145575602916
-3.5510204081632653,0.13535745700950064,-0.6535394703707718,-0.10234793304439058,1.2244897959183674,0.4049795486416937,-12.941400037525082,0.5573386259727122,0.1952795319749474
-3.5510204081632653,0.11088064890762461,-0.6904840214349842,-0.10887540055786006,1.3877551020408163,0.3736948134205635,-12.772515050329103,0.5292047538631809,0.15996696230957985
-3.5510204081632653,0.09109954427241429,-0.7186639269906763,-0.11425709382661754,1.5510204081632653,0.348175561344104,-12.626941842262413,0.5045205718680997,0.13142886074905658
-3.5510204081632653,0.07532860110577233,-0.7403822278344051,-0.11866225714895752,1.7142857142857142,0.3274023417951274,-12.500465229332175,0.4828955458190087,0.10867619925240035
-3.5510204081632653,0.06279203971648717,-0.7573574793560313,-0.1222639488863581,1.8775510204081634,0.31041124394143227,-12.389692021181473,0.4639287270027136,0.09058976430627874
-3.5510204081632653,0.05280878754549856,-0.7708265670483033,-0.12521923897447698,2.0408163265306123,0.2964444338409787,-12.291917229943838,0.4472836902759523,0.0761869759072491
-3.5510204081632653,0.044798601402055827,-0.7816769629595023,-0.12765279230924864,2.204081632653061,0.2848033345783235,-12.204988537288578,0.43252279689783796,0.06463072008150705
-3.5510204081632653,0.03832551614752,-0.7905262231324948,-0.12966951609843183,2.36734693877551,0.2750685142221954,-12.127180672744872,0.4194618492194786,0.05529203208553657
-3.5510204081632653,0.03309557664610119,-0.7978427756659361,-0.1313673802556606,2.5306122448979593,0.2669147185404276,-12.057111489168266,0.4078238112096855,0.047746824302690616
-3.5510204081632653,0.028731398110712902,-0.8040017164485326,-0.13275571995227167,2.693877551020408,0.2597144327085866,-11.993677681628983,0.39713961199188774,0.041450645572132405
-3.5510204081632653,0.02515665026352254,-0.8092048223529485,-0.13394281369613462,2.857142857142857,0.25349229329204664,-11.935949857351357,0.38742517100453516,0.036293374580562254
-3.5510204081632653,0.020834302660695636,-0.8142076689434689,-0.13476982586490185,3.020408163265306,0.23602183707373703,-11.874203853120838,0.35615603537216367,0.0300575451289653
-3.5510204081632653,0.01968162646129845,-0.8174580893477266,-0.1358202524441568,3.183673469387755,0.24368443472772272,-11.834711936646814,0.3709352567491396,0.02839458489234392
-3.5510204081632653,0.01487452182773108,-0.8216350125204023,-0.13618157312761756,3.3469387755102042,0.22283385192542834,-11.774494988964646,0.324987231080858,0.0214593988764622
-3.5510204081632653,0.014747572434858247,-0.8240129278661915,-0.13723844820713937,3.510204081632653,0.22809194265826288,-11.74063151632994,0.3403068958889359,0.02127624961692076
-3.5510204081632653,0.014234269402534583,-0.8262598174090595,-0.13778445534725972,3.673469387755102,0.2323648136852434,-11.710246406079285,0.35006563050826,0.020535709877714137
-3.5510204081632653,0.012800928691760749,-0.8284850122960362,-0.13817959864423993,3.836734693877551,0.2286953453654886,-11.674720808803029,0.3434795334848223,0.018467836342376476
-3.5510204081632653,0.011496825977649783,-0.8305617343927055,-0.13856102476639975,4.0,0.22290225314397874,-11.639312858918595,0.3318020735488143,0.016586413823918456
-3.306122448979592,0.006151562064052651,0.03765702223780788,0.10655511395266117,-4.0,0.08842294360025661,-50.455262179116325,0.1650341926135028,0.008874828083529351
-3.306122448979592,0.0008682207168992928,0.15417317063589878,-0.011099558290478317,-3.836734693877551,0.16952285607349182,-48.84699816267707,0.20634157943255135,0.0012525777226670698
-3.306122448979592,0.004113042386411747,0.24305562821440807,-0.10035812137673324,-3.673469387755102,0.09896154167070285,-47.22745326939043,0.17450580612810163,0.00593386585384259
-3.306122448979592,0.0008730119085946786,0.24943140799025457,-0.10637366014965055,-3.510204081632653,0.0889535670300994,-45.59059685081732,0.16413746813242305,0.0012594899511659818
-3.306122448979592,0.0023238234506162136,0.11299347764494623,0.030281717834434323,-3.3469387755102042,0.17113048895363678,-44.01473181680316,0.22666765098710726,0.003352568568105063
-3.306122448979592,0.16934100024416554,0.09971429030006133,0.04325778465112285,-3.183673469387755,0.2351159731811019,-42.398810951653665,0.20041550971563513,0.24430742127143423
-3.306122448979592,0.0010409238536295273,0.09428221534695648,0.048547931258215875,-3.020408163265306,0.1655130518247861,-40.80256651664319,0.23192798275039292,0.001501735681574079
-3.306122448979592,0.0010469117350093704,0.21317190573563632,-0.06804476738358081,-2.857142857142857,0.15072795799423563,-39.19794665610338,0.22791482912176714,0.0015103743683462234
-3.306122448979592,0.004295206448986066,0.10925157850075433,0.03350208205446934,-2.693877551020408,0.1840193913647492,-37.6047716673824,0.2601658294750265,0.006196673043545875
-3.306122448979592,0.0038644451259677304,0.13476013455383676,0.008798556125956305,-2.5306122448979593,0.187706475189302,-35.933783339209526,0.24442946842204732,0.0055752158190212064
-3.306122448979592,0.004122787653078719,0.1703384210555496,-0.024384293215335757,-2.36734693877551,0.19775216888188887,-34.42287592431249,0.2792347382103775,0.005947925301734269
-3.306122448979592,0.06279366494131478,0.13247814911077418,0.011017315176693564,-2.204081632653061,0.23530685702114576,-32.839181632027476,0.3124074238864181,0.09059210901007786
-3.306122448979592,0.006655407606069197,0.1549202006902828,-0.008653042965340895,-2.0408163265306123,0.21788908577750193,-31.265774012227663,0.31223866778424486,0.009601723548370522
-3.306122448979592,0.010805929470807829,0.1546495455679683,-0.007488238898584852,-1.8775510204081634,0.2289388776203127,-29.699254572132983,0.33164565729641177,0.015589660859729904
-3.306122448979592,0.01908268200969032,0.1501124612829494,-0.002487948131092247,-1.7142857142857142,0.24379744406384687,-28.14377337721947,0.35576898143193536,0.02753049070224156
-3.306122448979592,0.037606613891938645,0.15265621891456357,-0.002863941538774876,-1.5510204081632653,0.26432324707118054,-26.60203990755374,0.3833519182843841,0.05425487536652618
-3.306122448979592,0.05826719691174431,0.1541477539750215,-0.0022810313032725934,-1.3877551020408163,0.2884628673614757,-25.077336545837497,0.4117597246297337,0.08406179603107367
-3.306122448979592,0.058030864685946204,0.15784852312082992,-0.0017615100652634999,-1.2244897959183674,0.3070784073603129,-23.573437123847786,0.4430386413196974,0.0837208407009129
-3.306122448979592,0.09064373848181284,0.15958674928895608,0.00021230910418949166,-1.0612244897959184,0.34308852414545016,-22.09879074832611,0.4825893955641703,0.13077127199534733
-3.306122448979592,0.17933799927668415,0.16392746897417046,0.0035137440515240976,-0.8979591836734694,0.41429021202428623,-20.667580181787578,0.525979848372249,0.2587300421994203
-3.306122448979592,0.22067638231128073,0.17679773559191878,0.005229838540062557,-0.7346938775510204,0.4767297638089855,-19.29653047536184,0.5862012854881374,0.3183687224018019
-3.306122448979592,0.2297082847517682,0.19512534854537883,-0.0002162775424372388,-0.5714285714285714,0.5483231548519092,-18.034501160551898,0.6843370845770569,0.3313990032624865
-3.306122448979592,0.22773571751667387,0.1956922662464567,-0.019719360807822495,-0.40816326530612246,0.6224803303541065,-16.956780958782563,0.7783450046529076,0.32855319029459507
-3.306122448979592,0.23635747852313238,0.1430903961876344,-0.038221603062288854,-0.24489795918367346,0.671716520607715,-16.06188376464785,0.8054002356713983,0.34099176214234284
-3.306122448979592,0.25283759392738214,0.051864050414961525,-0.04739128867728246,-0.08163265306122448,0.6970321466578042,-15.31113508059912,0.8133099593509923,0.3647675429093318
-3.306122448979592,0.26434216254099563,-0.05266413566743026,-0.051252823244237425,0.08163265306122448,0.6940241240355947,-14.684132902490083,0.8029158352951664,0.38136512699575853
-3.306122448979592,0.2695879662294123,-0.15703826084524705,-0.054929411353567055,0.24489795918367346,0.6709798319155121,-14.157657376489125,0.7791903806868582,0.38893322196251434
-3.306122448979592,0.26573737815626175,-0.25982198708310317,-0.06060311774132443,0.40816326530612246,0.6361990958709771,-13.70935113443079,0.7459936144874422,0.3833779976448737
-3.306122448979592,0.2504741883354351,-0.35966295562816786,-0.06838240010105656,0.5714285714285714,0.5932065163480116,-13.324521227447686,0.7099767848081607,0.3613578693822208
-3.306122448979592,0.22512550802992748,-0.4518249516418932,-0.07747823991085592,0.7346938775510204,0.5452371400833795,-12.994342160139682,0.6727161572629211,0.3247874540123852
-3.306122448979592,0.1941912642353436,-0.5311987814077715,-0.08682584788166235,0.8979591836734694,0.49681296257373175,-12.712246585841797,0.6365096174163563,0.28015877389628896
-3.306122448979592,0.1627734048876468,-0.5954914668309252,-0.09554974759169785,1.0612244897959184,0.4521114887127218,-12.471926944150791,0.6012044843029294,0.23483238402001927
-3.306122448979592,0.1343466473328141,-0.6455621657725452,-0.10318129619360382,1.2244897959183674,0.41341535770207966,-12.267036810403496,0.5685358260933717,0.1938212418671088
-3.306122448979592,0.11032773875197255,-0.6839062703967794,-0.10960475120111395,1.3877551020408163,0.3811466878193778,-12.091605953128973,0.5392642289769066,0.15916928156996368
-3.306122448979592,0.09076389838539956,-0.7132505753838283,-0.11490392231292676,1.5510204081632653,0.3546875690889117,-11.940413697827571,0.5135014251260669,0.1309446260923659
-3.306122448979592,0.07509424992974556,-0.7359025842155292,-0.1192390670866115,1.7142857142857142,0.333077150454914,-11.809115465436873,0.49096022726939487,0.10833810197291971
-3.306122448979592,0.06260781264521298,-0.7536183425827249,-0.12278038983852514,1.8775510204081634,0.3153693374588423,-11.694193178846016,0.47119472515291305,0.0903239808241536
-3.306122448979592,0.052643376108315154,-0.7676767764372148,-0.12568050973935638,2.0408163265306123,0.3007594834041044,-11.59283219211286,0.4538109412094651,0.07594833764711773
-3.306122448979592,0.04465123259930048,-0.7789963429642566,-0.12806667416369824,2.204081632653061,0.2886026273608575,-11.502786727200878,0.4384489971570957,0.06441811184058999
-3.306122448979592,0.03818853436200853,-0.788239052240552,-0.13003780253509278,2.36734693877551,0.2783614297384724,-11.422259953841996,0.4247590347208323,0.0550944091428871
-3.306122448979592,0.03294678846557475,-0.7958769267244757,-0.13168533584943093,2.5306122448979593,0.26976257735073583,-11.349806315923123,0.41261641332399385,0.04753216833250207
-3.306122448979592,0.02872128933490936,-0.8022564413847368,-0.13309933448193706,2.693877551020408,0.2628995019299335,-11.284222833833997,0.402190436612477,0.041436061691410675
-3.306122448979592,0.025011831623375835,-0.8077146139653981,-0.13416966321483356,2.857142857142857,0.2556972015007225,-11.224525190246887,0.391363075157731,0.036084445446593616
-3.306122448979592,0.022105006709656205,-0.8122847711227491,-0.13520972387325406,3.020408163265306,0.25052193623476754,-11.170192760924754,0.3827913574130541,0.03189078355883801
-3.306122448979592,0.019563012011429404,-0.8162427464119422,-0.13608253411580606,3.183673469387755,0.244859733082498,-11.119703643087583,0.3733458236633543,0.02822346041374013
-3.306122448979592,0.017475681715972025,-0.8197322712066537,-0.13675293541475092,3.3469387755102042,0.2407041123996347,-11.07420168374377,0.3661043405213027,0.025212079347786798
-3.306122448979592,0.014133302691447858,-0.8231631443664746,-0.13686938242892138,3.510204081632653,0.22284858669486327,-11.014173704884767,0.313503162413408,0.020390045704334003
-3.306122448979592,0.014173002871822327,-0.8253815492975007,-0.13792699944807735,3.673469387755102,0.23440092197124093,-10.992323794993693,0.3537965811319143,0.020447320957683424
-3.306122448979592,0.012774597745757843,-0.8276756365768243,-0.13837596602424965,3.836734693877551,0.23040511754932874,-10.955439589223152,0.3465716050109556,0.01842984881715637
-3.306122448979592,0.01171761162046181,-0.8298019936648532,-0.1388362418343996,4.0,0.22867102371895884,-10.92133779630167,0.3421832561582352,0.01690494017590316
-3.061224489795918,0.0003174113361166242,0.022813146203914298,0.12216958620253492,-4.0,0.061227107053879445,-49.71398313864544,0.1364205849641239,0.0004579277605376575
-3.061224489795918,0.0019175469195620298,0.02942315815907705,0.11533859529719061,-3.836734693877551,0.07837643627894637,-48.1142889805279,0.16932973005309035,0.0027664354315239947
-3.061224489795918,0.0023255098283363473,0.03719334322712726,0.1072478293981767,-3.673469387755102,0.09309212509789525,-46.50302650406987,0.18416893592225833,0.003355001496879506
-3.061224489795918,0.03199156606539355,0.044126040203973246,0.09991946499237513,-3.510204081632653,0.10961356817658609,-44.892137164184014,0.1714018724388107,0.04615407371281455
-3.061224489795918,0.010348693648061902,0.05129254216701314,0.09255220375399402,-3.3469387755102042,0.1258036453558363,-43.28562679402896,0.22197014447711175,0.014930009005737599
-3.061224489795918,0.06813896550418819,0.062065132558556134,0.0812898348574371,-3.183673469387755,0.15137558466136386,-41.67737362207989,0.19083020723062774,0.09830374762419591
-3.061224489795918,0.027781237666659298,0.24565711485379746,-0.101445777696908,-3.020408163265306,0.11783519881836553,-40.0705163200184,0.19672613090404112,0.0400798538114473
-3.061224489795918,0.02396972096508354,0.20616034816890755,-0.061498585288266946,-2.857142857142857,0.1662120977456323,-38.47817863194927,0.24438274405112648,0.03458099756781774
-3.061224489795918,0.06495076617670859,0.09491310102365015,0.04813641046600812,-2.693877551020408,0.2150519615948006,-36.884599494463245,0.2970996026892215,0.09370414826507556
-3.061224489795918,0.010155243338605402,0.246871446206293,-0.09919456858537981,-2.5306122448979593,0.11500656481371006,-35.23100987947674,0.20109030825051477,0.014650919203627044
-3.061224489795918,0.01466455450042825,0.1295179109980473,0.014287177195866557,-2.36734693877551,0.20830446993968524,-33.706445853909294,0.2977547650041157,0.021156480054614235
-3.061224489795918,0.14302135406495187,0.24493984825216966,-0.09311778744759805,-2.204081632653061,0.20414057916855816,-32.09383956175727,0.20862589426598868,0.20633619825073035
-3.061224489795918,0.04905979527642934,0.139665272805753,0.005421054857723843,-2.0408163265306123,0.24038220444644853,-30.55242228579043,0.3353009765372184,0.0707783233523327
-3.061224489795918,0.020280981881808158,0.144977216764878,0.0011535586563022817,-1.8775510204081634,0.2370841866236225,-28.98724113211487,0.3459967372781616,0.029259271985243807
-3.061224489795918,0.022898316680589392,0.14880443386940548,-0.0010440594403700201,-1.7142857142857142,0.25001387631640076,-27.434005167862516,0.36743508380110745,0.03303528791979149
-3.061224489795918,0.012143976399020096,0.15440393147232515,-0.004539348739883824,-1.5510204081632653,0.2598110794858499,-25.893395719939484,0.37524868429832514,0.017520054527538687
-3.061224489795918,0.06081367399690385,0.15367966585005963,-0.0010537435799366976,-1.3877551020408163,0.29662916490021257,-24.374839956719274,0.4252021292321772,0.08773558589357089
-3.061224489795918,0.12159791846393175,0.1564450360847793,0.0007197283761987139,-1.2244897959183674,0.3455637549513332,-22.8790557503671,0.45953231122170757,0.17542871395033455
-3.061224489795918,0.143771259759774,0.160746307343853,0.0024543879147122735,-1.0612244897959184,0.3803747315670611,-21.412544347885543,0.5002818459809202,0.2074180834777848
-3.061224489795918,0.2066280806136065,0.1650338674961593,0.005109058330159956,-0.8979591836734694,0.44374341736700534,-19.993042956917165,0.553573952959446,0.29810130720965455
-3.061224489795918,0.21396776177455057,0.17766008009712536,0.005515018968290966,-0.7346938775510204,0.49376840981397413,-18.638478269826216,0.6160326338799446,0.30869022882225483
-3.061224489795918,0.21685389143026224,0.19581367913337552,-0.0031213637346941708,-0.5714285714285714,0.5682872957150149,-17.40656548672078,0.7249436025790958,0.31285403376391274
-3.061224489795918,0.21002914383783744,0.1890938999000685,-0.024356668516499723,-0.40816326530612246,0.6358356776628059,-16.356755122038326,0.8014378957497595,0.3030080042570025
-3.061224489795918,0.21722501514629866,0.13509625768314854,-0.04225882460204243,-0.24489795918367346,0.6798029893605494,-15.473466035890638,0.8240509516185243,0.3133894521085945
-3.061224489795918,0.23220137986430367,0.048768934709900055,-0.051066425033162485,-0.08163265306122448,0.7018466484175018,-14.723178403972277,0.8298717156713447,0.3349957792178051
-3.061224489795918,0.2444586424190789,-0.04986804254722437,-0.05476616388304678,0.08163265306122448,0.69869814817164,-14.088938417258277,0.8191639319792724,0.35267927112045383
-3.061224489795918,0.2519691713377472,-0.14997301688088976,-0.058108871865133194,0.24489795918367346,0.6770222735719044,-13.551217001257967,0.7962328833309716,0.36351467394586967
-3.061224489795918,0.2513276425793627,-0.24981878261629187,-0.06328474790143421,0.40816326530612246,0.643799799168549,-13.0906389756479,0.7626654695975921,0.36258914358756034
-3.061224489795918,0.23980977661849212,-0.34783507104457595,-0.07052798271963005,0.5714285714285714,0.6022444754683933,-12.693784663983882,0.7264173170774465,0.3459723754841888
-3.061224489795918,0.21808289895967214,-0.43946579996402996,-0.07915180767399281,0.7346938775510204,0.5552752709341686,-12.352251215649945,0.6876130198053162,0.314627116831808
-3.061224489795918,0.19001662642260686,-0.5195187619152107,-0.08814388359644083,0.8979591836734694,0.5071183653672756,-12.059698965126328,0.6505422100414389,0.27413604462634433
-3.061224489795918,0.16048823785482536,-0.5852213301755771,-0.09662485180876508,1.0612244897959184,0.4619761860862984,-11.809995657626073,0.6141396381505858,0.23153558487416515
-3.061224489795918,0.13313967784595193,-0.6369066792633645,-0.10409234117708518,1.2244897959183674,0.4224067389035785,-11.596871990619592,0.580270264986589,0.19207995297390834
-3.061224489795918,0.10967935141855256,-0.6767489690386889,-0.11039788311132744,1.3877551020408163,0.38911471602666525,-11.414323035210542,0.5498130137693278,0.15823385637946386
-3.061224489795918,0.0903893955595707,-0.7073562979784881,-0.11560474126867078,1.5510204081632653,0.3616567824442054,-11.257020271410697,0.5229163902646767,0.13040433272274266
-3.061224489795918,0.07485216347414103,-0.7310283227372446,-0.11986272979813808,1.7142857142857142,0.33914934503057925,-11.12048346895673,0.4994035995932174,0.10798884504395279
-3.061224489795918,0.06243138242984059,-0.7495578931811995,-0.12333950596385672,1.8775510204081634,0.32067216829604933,-11.001060160348743,0.4787970935563993,0.09006944582737253
-3.061224489795918,0.05292795882565926,-0.7647458815117637,-0.12637107869644668,2.0408163265306123,0.3058378605313813,-10.89454603545246,0.46018345705441543,0.07635890372215348
-3.061224489795918,0.04453156190186158,-0.7760914563650777,-0.12851365758942263,2.204081632653061,0.292680105070653,-10.802402606441278,0.4446660111114866,0.06424546351885496
-3.061224489795918,0.038089902575261014,-0.7857509138090899,-0.13044165542259048,2.36734693877551,0.281995598277899,-10.71893978718627,0.430452166354405,0.05495211355327223
-3.061224489795918,0.03285085913861718,-0.7937285132321353,-0.13204505061344196,2.5306122448979593,0.2729492051364877,-10.643912167046725,0.41776934858886217,0.047393771568224885
-3.061224489795918,0.0285964274909567,-0.8004318131804122,-0.13340827334093727,2.693877551020408,0.2655147829911246,-10.576071219667478,0.40665138383083155,0.04125592412834367
-3.061224489795918,0.025078694511442956,-0.8062020194292229,-0.1346954733954914,2.857142857142857,0.2633411637972263,-10.511835247504603,0.39969629975863613,0.03618090820362774
-3.061224489795918,0.020880325963726687,-0.8110019081149665,-0.1354201238628641,3.020408163265306,0.245385414770291,-10.450706820443434,0.37244964240744644,0.03012394272001373
-3.061224489795918,0.019556408605511555,-0.8149667148594606,-0.13629360479737426,3.183673469387755,0.24787265780061288,-10.406683319812293,0.3784336488398285,0.028213933712769812
-3.061224489795918,0.017310244246068418,-0.8185651269528912,-0.136984857726176,3.3469387755102042,0.24227825228408678,-10.35842082912548,0.3686876262680423,0.024973403530379024
-3.061224489795918,0.01540730075523844,-0.8218877319457017,-0.13759182501440023,3.510204081632653,0.23720462163124117,-10.312549187337614,0.35826021236416616,0.022228036393067807
-3.061224489795918,0.013963366433174418,-0.8245671071031399,-0.1382034156723597,3.673469387755102,0.235877705023716,-10.273411311427298,0.3557093011352017,0.020144879507256075
-3.061224489795918,0.00623420815747,-0.831625023098298,-0.13448696238225394,3.836734693877551,0.11286679776167598,-10.091538184020008,0.23657620268045448,0.008994061192651337
-3.061224489795918,0.01132867482077482,-0.8292706199554676,-0.13899802657997656,4.0,0.228156830817345,-10.1966225231388,0.3386391498540085,0.016343822983775347
-2.816326530612245,0.14539400606188724,0.06766532392896794,0.0770496937130981,-4.0,0.17457355637608618,-48.9990059114097,0.12546725904170583,0.20975921152046428
-2.816326530612245,0.0004871290579453458,0.249149265428752,-0.10800851665031551,-3.836734693877551,0.087711182808751,-47.39011258279446,0.16428905006946423,0.0007027786761706345
-2.816326530612245,0.011317906241897324,0.15428793807147098,-0.011200273576748904,-3.673469387755102,0.17462134620056874,-45.749268092789336,0.21918538152336925,0.01632828720843138
-2.816326530612245,0.0007064762820225834,0.22633192165426053,-0.08426366684203322,-3.510204081632653,0.1246619541130597,-44.17168544541109,0.19651833055316645,0.0010192298285796042
-2.816326530612245,0.007154932535233582,0.06688845705593578,0.07746022459315505,-3.3469387755102042,0.14348161737178527,-42.5662225874035,0.2330164870253881,0.010322385686476032
-2.816326530612245,0.08071416182569346,0.14151847320185187,0.0021893868614842747,-3.183673469387755,0.22741987879165584,-40.96483659659541,0.2744322820423981,0.11644592099543694
-2.816326530612245,0.003191252043462711,0.07514230761954696,0.06864345238070693,-3.020408163265306,0.15279006858531938,-39.358456229758126,0.23899140938921845,0.004604003497330478
-2.816326530612245,0.006895342244750413,0.1837829887912386,-0.039799253116550005,-2.857142857142857,0.17972948688814347,-37.76081277462891,0.25563792715698364,0.009947876061733307
-2.816326530612245,0.010115571690746616,0.12310507801622701,0.0206490671565566,-2.693877551020408,0.19588528835438818,-36.16732803542285,0.27712871277561457,0.014593685113996724
-2.816326530612245,0.0019129759323965878,0.11604750587624457,0.027427928686234854,-2.5306122448979593,0.1950955365291562,-34.57519711739142,0.27572831311420265,0.002759840891008114
-2.816326530612245,0.008080824181945223,0.19047396273485598,-0.04425704325101606,-2.36734693877551,0.19240151276544684,-32.98529943718464,0.28110360191359623,0.011658164973587848
-2.816326530612245,0.010502426036383072,0.13857539001734756,0.0061532117901496475,-2.204081632653061,0.21798029423385218,-31.410890454908614,0.3164514602597921,0.015151797959993107
-2.816326530612245,0.015494440061315506,0.059622985415633996,0.07912819124370854,-2.0408163265306123,0.17795669782114615,-29.821029914994508,0.3091530235630197,0.02235375183781141
-2.816326530612245,0.14396886301419598,0.1531108287102611,-0.006827380146712412,-1.8775510204081634,0.3040508917739873,-28.272290734621045,0.3626479168636249,0.20770316471300276
-2.816326530612245,0.009201687551670279,0.14766975217995318,-0.00027621956735883864,-1.7142857142857142,0.24968661305300532,-26.725151974559996,0.3601934347092713,0.013275228998603783
-2.816326530612245,0.025474862576811308,0.1508042977729607,-0.0008301875500737703,-1.5510204081632653,0.27163072661699456,-25.190967916259353,0.404025010832553,0.03675245790689319
-2.816326530612245,0.063670414388725,0.1517772769718579,0.0004329613274596542,-1.3877551020408163,0.3055398375730383,-23.675900304340622,0.4397807645806705,0.09185699108995848
-2.816326530612245,0.09088377643814227,0.15403533056102084,0.0017631384450432566,-1.2244897959183674,0.3396534359455642,-22.185111308493887,0.47768880430306165,0.13111757356456932
-2.816326530612245,0.19930606696877384,0.15822052275776935,0.00490142636945212,-1.0612244897959184,0.4227239704225583,-20.73343515587301,0.5296245526052935,0.2875378744349333
-2.816326530612245,0.19051915901537275,0.16758004610511418,0.006130389758674376,-0.8979591836734694,0.45248300828689614,-19.322620958742444,0.5810948859323694,0.27486104590581384
-2.816326530612245,0.2053646096308428,0.179777361181412,0.005182656536310551,-0.7346938775510204,0.5134352289848988,-17.99218021924705,0.6471680487515128,0.29627850388851407
-2.816326530612245,0.20094888759607898,0.19498010550947356,-0.00704954971497322,-0.5714285714285714,0.5880319071951986,-16.79297539451706,0.763684674542948,0.2899079636070163
-2.816326530612245,0.19115459178947725,0.18145492884143175,-0.02944986837836791,-0.40816326530612246,0.6486546365553943,-15.769146415919005,0.8253994094964393,0.2757777816178333
-2.816326530612245,0.19707024939206463,0.12706185461511782,-0.04668489790344644,-0.24489795918367346,0.6875789823699922,-14.896009704558375,0.8420738228416911,0.28431227150468263
-2.816326530612245,0.2106957840905468,0.045731917243658916,-0.05513333464895171,-0.08163265306122448,0.7065999100920914,-14.145437713591663,0.8462523170929886,0.30396976284364374
-2.816326530612245,0.22362136376855246,-0.04708201938527904,-0.058652875839508324,0.08163265306122448,0.7033705330185469,-13.503480410330008,0.8353619888977216,0.3226174325457172
-2.816326530612245,0.23327017295634955,-0.14279024030377782,-0.061635110633472996,0.24489795918367346,0.6830954491469382,-12.953991862084685,0.8134226917343855,0.3365377217114358
-2.816326530612245,0.23579100495888672,-0.23951118638587535,-0.06627181704360165,0.40816326530612246,0.6515149272422932,-12.480450405748407,0.7796222059677711,0.34017451354041084
-2.816326530612245,0.22807676748957495,-0.33551048639667164,-0.07292665341782159,0.5714285714285714,0.6115035367789725,-12.070776704889415,0.7433001390866502,0.32904522139919434
-2.816326530612245,0.210143966341936,-0.42642878667683065,-0.08102379223663879,0.7346938775510204,0.5656672804146174,-11.717062684829578,0.7029882688625949,0.3031736581142481
-2.816326530612245,0.18519166401598164,-0.5070454223115497,-0.08961193942277235,0.8979591836734694,0.5179111699144638,-11.413236175216914,0.6651269060341186,0.2671750952898315
-2.816326530612245,0.15779375952524544,-0.5741432566939447,-0.09781336799603456,1.0612244897959184,0.4724132619219041,-11.153370570786942,0.6276504670590733,0.227648274350297
-2.816326530612245,0.13170541281683845,-0.6275089202107471,-0.10509194938723221,1.2244897959183674,0.4319877855607684,-10.931300889749725,0.5925629123140144,0.19001074592908607
-2.816326530612245,0.10891957377963934,-0.6689517952988909,-0.11126314404132882,1.3877551020408163,0.3976387488335296,-10.741004348033009,0.5608768790321489,0.157137728947625
-2.816326530612245,0.08997021387029114,-0.7009285051708438,-0.11636618530881951,1.5510204081632653,0.36912317134361455,-10.577048476943462,0.532828597422044,0.12979958137838832
-2.816326530612245,0.0746008942975791,-0.7257160159088676,-0.1205385448364841,1.7142857142857142,0.3456526329603701,-10.434812067561502,0.5082470316920167,0.10762634024899898
-2.816326530612245,0.06226366093825031,-0.7451341648144474,-0.12393980505784243,1.8775510204081634,0.32633130439971464,-10.310498588196078,0.48673657782490326,0.0898274748632053
-2.816326530612245,0.05237755838573954,-0.7605470840880769,-0.1267167847251542,2.0408163265306123,0.31034436352205963,-10.201042777339158,0.46783031086903504,0.07556484373697803
-2.816326530612245,0.04450393799949137,-0.7729424830382305,-0.12901530600760894,2.204081632653061,0.29704531937142814,-10.103979141440467,0.45116413898205,0.0642056106518969
-2.816326530612245,0.0380115061030597,-0.7830572221233671,-0.13087464466949475,2.36734693877551,0.28585087180354546,-10.01735137442545,0.4363742611391412,0.05483901135160485
-2.816326530612245,0.03279203849051204,-0.7914174258629688,-0.13243117681786357,2.5306122448979593,0.2763051514007117,-9.939547203537526,0.423065022002877,0.04730891131090198
-2.816326530612245,0.028009446478791444,-0.7989065390750006,-0.1334409703244094,2.693877551020408,0.262654505936925,-9.864429060788181,0.4013681097042607,0.040409089532996934
-2.816326530612245,0.02494986655996323,-0.8042712685223304,-0.13483320113612604,2.857142857142857,0.26129350185613187,-9.805518486607415,0.40066228857403446,0.03599504875689963
-2.816326530612245,0.02199846653202364,-0.8092919099425249,-0.13575532720039768,3.020408163265306,0.2551453975533602,-9.747362673992676,0.3908669089866072,0.03173707857291186
-2.816326530612245,0.019463004770276182,-0.8135757586405565,-0.1365154868802624,3.183673469387755,0.24906807322920077,-9.693993153173297,0.3810875027415349,0.02807918046287483
-2.816326530612245,0.017426569430650796,-0.8173317421682541,-0.13722728179129234,3.3469387755102042,0.24536910309739554,-9.645146815289374,0.3741806613109979,0.02514122529730667
-2.816326530612245,0.015614072945513424,-0.8205646898942464,-0.13781590576369077,3.510204081632653,0.24154995744032726,-9.599938464370855,0.3671554381131443,0.02252634560657052
-2.816326530612245,0.014065806258178437,-0.8234532917845229,-0.1382945433298504,3.673469387755102,0.23668520484935326,-9.557926135143553,0.3587597688266557,0.020292668934778657
-2.816326530612245,0.012323626601295823,-0.8263974723128827,-0.13878640039319368,3.836734693877551,0.23063520180533817,-9.513003498348478,0.3440576607466871,0.017779234983456682
-2.816326530612245,0.011520860045890924,-0.8283464926286218,-0.13917008859273577,4.0,0.23099078141907498,-9.480670002569006,0.3447344438037871,0.016621087654982603
-2.5714285714285716,0.0005583031003251193,0.256072162418692,-0.11597778470937399,-4.0,0.07486236630852601,-48.278152058694076,0.15269786201762134,0.0008054611141519175
-2.5714285714285716,0.0034068193767096133,0.046739827718626774,0.09905339199705397,-3.836734693877551,0.10707956024637803,-46.66995300815845,0.19473326247016065,0.004915001419983245
-2.5714285714285716,0.0013696723322844662,0.19228267763775367,-0.050218469185273,-3.673469387755102,0.1574851577062081,-45.06226900044122,0.21329079198426576,0.0019760194814297805
-2.5714285714285716,0.1741124841323265,0.19116210390170538,-0.04872039764183684,-3.510204081632653,0.22737790454166903,-43.42992217627966,0.16938410386638178,0.2511912174145654
-2.5714285714285716,0.00127849688380266,0.06293081408763136,0.08211120891734672,-3.3469387755102042,0.13237570571759824,-41.8441788417605,0.21346203724685855,0.0018444811140536643
-2.5714285714285716,0.0011828655171326474,0.07760331581876549,0.06701569644829994,-3.183673469387755,0.15154997764285502,-40.241124303386634,0.22794619609865058,0.0017065142156056368
-2.5714285714285716,0.0036894912856986206,0.07766078335472833,0.06682294618888161,-3.020408163265306,0.1570548466504707,-38.639363105973025,0.24521992503214796,0.005322810781280385
-2.5714285714285716,0.005152428436190126,0.22171667381249863,-0.07840795943011257,-2.857142857142857,0.14579910867492069,-37.03568186375625,0.23240814201466556,0.007433382953426992
-2.5714285714285716,0.004296429746640129,0.12577539116659628,0.01826948879716409,-2.693877551020408,0.19627809306464009,-35.44995025165322,0.2761838031130623,0.006198437889005426
-2.5714285714285716,0.006997480126082811,0.16786244369759418,-0.023185034274789983,-2.5306122448979593,0.2004749296618414,-33.8592643112625,0.28672120729926814,0.010095229876618372
-2.5714285714285716,0.008652675127495124,0.12007225596312641,0.024037009803357757,-2.36734693877551,0.2087275814552699,-32.275398130284714,0.3058052285359301,0.01248317149686029
-2.5714285714285716,0.00830331063069556,0.15409768298057264,-0.008590267675060947,-2.204081632653061,0.2196331042213908,-30.69788608627702,0.31938288401035475,0.011979145069865194
-2.5714285714285716,0.022100336262344422,0.15672488344625965,-0.010123399019483769,-2.0408163265306123,0.23387864424565802,-29.128445526210196,0.34237868029031276,0.03188404552766233
-2.5714285714285716,0.024708501590710696,0.14299870601734127,0.003450825176874304,-1.8775510204081634,0.2480442967459481,-27.569426260849173,0.3667525711458159,0.035646832712715515
-2.5714285714285716,0.18575564181217552,0.14047472290917432,0.0075323393053587425,-1.7142857142857142,0.35327707172203154,-26.026725007406093,0.4217982997113486,0.26798874325957245
-2.5714285714285716,0.19997478414004877,0.15626089276630845,-0.00747871288609494,-1.5510204081632653,0.3656646285426698,-24.48106683377778,0.4098533877447367,0.2885026293816888
-2.5714285714285716,0.03810689486836272,0.15091208133262374,0.0014448079788229485,-1.3877551020408163,0.30382388691306467,-22.979572575444507,0.4536758346361014,0.054976628250263726
-2.5714285714285716,0.1306233777924184,0.15439968832790016,0.004375308890331649,-1.2244897959183674,0.3712221357909746,-21.500426202634685,0.49943356547430795,0.18844969936528733
-2.5714285714285716,0.18266523376031452,0.15925310574757676,0.00646242906109947,-1.0612244897959184,0.42808854285766096,-20.05695838315723,0.5539892273906506,0.26353022688882843
-2.5714285714285716,0.1948574883884826,0.16717855200220313,0.0074582390560492375,-0.8979591836734694,0.4741875059084665,-18.66549825747958,0.6111631244392871,0.28111993217814213
-2.5714285714285716,0.19397222800617642,0.18152939690877945,0.003965513143069628,-0.7346938775510204,0.5349332580544687,-17.3598377937734,0.6856207562323435,0.2798427714146938
-2.5714285714285716,0.1827700100931675,0.19253768954939574,-0.01198999725996253,-0.5714285714285714,0.6072363184776597,-16.19473860022815,0.7990705145350135,0.2636813871846382
-2.5714285714285716,0.17137767822871441,0.1729490403195753,-0.0350138970218433,-0.40816326530612246,0.6608285721441307,-15.194551202494274,0.8473164023093517,0.24724572649963017
-2.5714285714285716,0.17607157867978684,0.11904947334950847,-0.05154155856362462,-0.24489795918367346,0.6949649680570378,-14.33016433897599,0.8592701444306879,0.2540175934028195
-2.5714285714285716,0.18845936626090087,0.04276051902422329,-0.05963267154672946,-0.08163265306122448,0.711227615605625,-13.578571000384342,0.8622614242216604,0.2718893931136783
-2.5714285714285716,0.20192923977003674,-0.04431405630366657,-0.06295264732457344,0.08163265306122448,0.7079824878297031,-12.928430605918072,0.8513370489555501,0.2913223128267104
-2.5714285714285716,0.2135439428761814,-0.13550939762538317,-0.06554751863134292,0.24489795918367346,0.6891425914766377,-12.366669303809664,0.8306063341289324,0.3080787873993436
-2.5714285714285716,0.21913178866926297,-0.22891520808982313,-0.06960257667677935,0.40816326530612246,0.6592935422758482,-11.879473265993884,0.7973751015420869,0.31614034481427344
-2.5714285714285716,0.2152384215443066,-0.32269314295483575,-0.07561322457578946,0.5714285714285714,0.6209429542676957,-11.456161142394334,0.7605343076397355,0.3105234033707398
-2.5714285714285716,0.20124551428689919,-0.4126986507970029,-0.0831236539758938,0.7346938775510204,0.5763854558806446,-11.089397299726585,0.7195425261848939,0.29033590546285826
-2.5714285714285716,0.179647858558025,-0.49373887683960643,-0.09125321005364037,0.8979591836734694,0.5291831382905986,-10.77342375607126,0.6802399405477628,0.25917707464798445
-2.5714285714285716,0.15463458897048654,-0.5621970958137112,-0.09913263054406031,1.0612244897959184,0.48343730684536623,-10.502554715044848,0.6417381155477205,0.22309055465762428
-2.5714285714285716,0.1300083830941523,-0.6173002192913616,-0.10619292773149071,1.2244897959183674,0.4421909460374488,-10.270761628950254,0.60543073562663,0.18756244956392543
-2.5714285714285716,0.10803007493765304,-0.6604482143044009,-0.11221020690077957,1.3877551020408163,0.4067601331767894,-10.072025596317426,0.5724805771323885,0.15585445337941506
-2.5714285714285716,0.08949947966527438,-0.6939085280631773,-0.11719606195378142,1.5510204081632653,0.37712981705260823,-9.900817501895038,0.5432290384109401,0.12912045547523343
-2.5714285714285716,0.07434055288254782,-0.7199160032426961,-0.1212727202116225,1.7142857142857142,0.3526277231099667,-9.75237131236518,0.5175250321710155,0.10725074698059567
-2.5714285714285716,0.06210879688701332,-0.740313711613877,-0.124592165424772,1.8775510204081634,0.33239966915930796,-9.62273681013702,0.4950544352805112,0.08960405326447418
-2.5714285714285716,0.05227782661626246,-0.7565068644817631,-0.127298369479148,2.0408163265306123,0.31563805920094196,-9.508706691715396,0.4753197387537471,0.075420961207735
-2.5714285714285716,0.04436151037695146,-0.7695330804840148,-0.1295141750657771,2.204081632653061,0.30165760658828056,-9.407698650730232,0.45791511363212944,0.06400013102717184
-2.5714285714285716,0.03795731619334597,-0.7801479622828619,-0.13133844977534784,2.36734693877551,0.2899106605878264,-9.317635663560745,0.4424936090854957,0.054760831837594726
-2.5714285714285716,0.032746990970351275,-0.7889008976596342,-0.13285355594290485,2.5306122448979593,0.280004517327456,-9.236841418883063,0.4288012595571725,0.04724392147696088
-2.5714285714285716,0.028483763729727274,-0.7962027375354107,-0.13411949632452105,2.693877551020408,0.2715617259875117,-9.163954291678907,0.41656876441322527,0.041093384678729805
-2.5714285714285716,0.02489843046321849,-0.8023469778673741,-0.13517818525006772,2.857142857142857,0.2642074265627306,-9.097850624952876,0.4054623573111061,0.03592084215520375
-2.5714285714285716,0.022021351897865138,-0.8076297310644025,-0.13608768445590702,3.020408163265306,0.2581400511635331,-9.037641469025749,0.3956173880837979,0.031770095176721025
-2.5714285714285716,0.019433632264273637,-0.8121025841940342,-0.13678143593943468,3.183673469387755,0.2509450945989512,-8.982164758807508,0.3843524045789722,0.028036804894127076
-2.5714285714285716,0.017469150042117798,-0.8160210593279636,-0.13751319337383588,3.3469387755102042,0.24817386464428237,-8.931933826647207,0.37863896661798163,0.025202656134308388
-2.5714285714285716,0.015635308099842593,-0.819419667740459,-0.13803086446737686,3.510204081632653,0.24306789426640643,-8.8853452725658,0.37013727297698534,0.02255698145841345
-2.5714285714285716,0.011657880218863825,-0.823542713607518,-0.1384772732888324,3.673469387755102,0.21740103087705331,-8.816911693754191,0.31766431613561225,0.016818765979032424
-2.5714285714285716,0.012804370616266825,-0.8250281708885125,-0.13894260605916983,3.836734693877551,0.23590369912128303,-8.802192839469544,0.35664902719621355,0.018472801989792398
-2.5714285714285716,0.011589139243225022,-0.8273942661354315,-0.139279151337942,4.0,0.23184130447768728,-8.764818357705746,0.3492529350681827,0.016719593714372483
-2.326530612244898,0.001935585054317901,0.0432382483383365,0.10342667036027926,-4.0,0.09864459085098978,-47.55943753301132,0.18348258208793244,0.0027924589590830884
-2.326530612244898,0.02229333680383072,0.2469041104194254,-0.10716300115518815,-3.836734693877551,0.09705449793399834,-45.94255694341656,0.1712230705655687,0.03216248645175446
-2.326530612244898,0.00211499697225892,0.11578625783909305,0.028439763158836617,-3.673469387755102,0.17182088408671145,-44.34227034833112,0.2251056734613065,0.003051295643372587
-2.326530612244898,0.0017544855628606193,0.045883725173280446,0.10059632002060805,-3.510204081632653,0.10807872451097937,-42.72782512150952,0.19879807044081788,0.0025311876208506945
-2.326530612244898,0.00126239629548075,0.2254255528238037,-0.08439165700507692,-3.3469387755102042,0.13042681681249296,-41.12156120161074,0.21031300969105052,0.0018212528751266888
-2.326530612244898,0.003622862908619684,0.09125966564900088,0.053765314814806085,-3.183673469387755,0.16698902436026816,-39.52343544274881,0.24672414132037163,0.0052266863520862294
-2.326530612244898,0.003121230500302774,0.06332813738655012,0.08228852730222154,-3.020408163265306,0.14222565602463186,-37.91894951251657,0.2397299675783683,0.0045029837642571735
-2.326530612244898,0.03417323203789513,0.2419596732179024,-0.0999146943260523,-2.857142857142857,0.1273574884396468,-36.31052635358373,0.20987491560257013,0.049301552392218895
-2.326530612244898,0.003145383805148727,0.10702806925576357,0.03742268112819429,-2.693877551020408,0.19041778936616746,-34.73286202573682,0.2778190946020219,0.00453782961738014
-2.326530612244898,0.002919894084348229,0.1532116687102878,-0.008880715465914861,-2.5306122448979593,0.20576873223667339,-33.14539720482086,0.2881833100783814,0.0042125167154103416
-2.326530612244898,0.1552525111262273,0.1319481609321396,0.01217322476759591,-2.36734693877551,0.2859555731699471,-31.557396923045303,0.3070468284976017,0.22398202788736699
-2.326530612244898,0.055890102579130074,0.1269409220839406,0.018345505451692556,-2.204081632653061,0.24605967597325648,-29.989054839588245,0.3488191982175725,0.080632373825686
-2.326530612244898,0.01240969056023622,0.1344364318298683,0.011079279911064128,-2.0408163265306123,0.23579734456210127,-28.420540748388298,0.3523760482957677,0.01790339903021909
-2.326530612244898,0.03045858633346854,0.14041717964434372,0.006535884622268083,-1.8775510204081634,0.2558572044509932,-26.86477060641326,0.37955253045931747,0.04394245145578335
-2.326530612244898,0.17622671660881628,0.14000192217604757,0.008604455672298698,-1.7142857142857142,0.3527354221911273,-25.326116218571137,0.4340190622092064,0.2542414101236834
-2.326530612244898,0.07298071787714844,0.14623077047733452,0.004756693446263429,-1.5510204081632653,0.3077461328367442,-23.7967018892309,0.4396468668410047,0.10528891976187804
-2.326530612244898,0.10935539496320845,0.14785724430424144,0.005293979056773601,-1.3877551020408163,0.34663580386582454,-22.294028659831152,0.47818526286731927,0.15776648600787402
-2.326530612244898,0.07991666412539034,0.15411905911936377,0.005051219084685281,-1.2244897959183674,0.35962616211798343,-20.816325272584145,0.5220668252591627,0.11529537501808962
-2.326530612244898,0.18080326345410014,0.1589920830007272,0.00828785538940908,-1.0612244897959184,0.4439336583998193,-19.39057883218074,0.5824716172359001,0.2608439715617705
-2.326530612244898,0.17228828449641242,0.16600889441523492,0.00828810384714199,-0.8979591836734694,0.4848923012538589,-18.01610478520903,0.648812832506031,0.24855945364624032
-2.326530612244898,0.17971938111664731,0.1827920370905091,0.001540577312696838,-0.7346938775510204,0.557801863537673,-16.743505489129813,0.7296359349528155,0.25928025988862125
-2.326530612244898,0.16296230342083828,0.18828036861642589,-0.017914637280703378,-0.5714285714285714,0.6254401221346194,-15.612636984201227,0.830134025497817,0.2351049069970852
-2.326530612244898,0.15098855604205874,0.16376889063892255,-0.041072283349539385,-0.40816326530612246,0.6722425537524043,-14.633541110478385,0.8667461273565281,0.21783044103286375
-2.326530612244898,0.15446269497650422,0.11111975443982987,-0.05687239900944999,-0.24489795918367346,0.7018775560170001,-13.776566617211584,0.8770431439149294,0.22284256404494673
-2.326530612244898,0.16567953801819635,0.0398626405038938,-0.06460654984876495,-0.08163265306122448,0.715656340125436,-13.023236091977783,0.8776839379338295,0.2390250478756264
-2.326530612244898,0.1795272222452644,-0.04157306702832415,-0.06770695351636043,0.08163265306122448,0.7124649176644681,-12.364471369376755,0.8668880240979577,0.2590030332378137
-2.326530612244898,0.19288443541056632,-0.1281547273659535,-0.06988804583865015,0.24489795918367346,0.6950953464698497,-11.789958753456807,0.8475984934730455,0.2782734184314912
-2.326530612244898,0.20138621965999293,-0.218054278476971,-0.07331885155970201,0.40816326530612246,0.6670716323718325,-11.288429743001208,0.8152042148543703,0.29053890040684704
-2.326530612244898,0.20127862950931985,-0.3093952893156689,-0.0786267819296276,0.5714285714285714,0.6305087303705361,-10.850645942549246,0.777998645957419,0.2903836806300224
-2.326530612244898,0.19133371554105705,-0.39826789546418295,-0.08548522481580231,0.7346938775510204,0.5873893340043647,-10.469925688416355,0.7368147449816624,0.27603620256594263
-2.326530612244898,0.17331705850263845,-0.4795641635841793,-0.09309482739265187,0.8979591836734694,0.5409147400520105,-10.140879127675548,0.695839795761141,0.2500436608032186
-2.326530612244898,0.15095103680659316,-0.549323098569313,-0.10060313476951684,1.0612244897959184,0.49505492470154666,-9.85810186731607,0.6563922430489916,0.2177763122179197
-2.326530612244898,0.12800828829035393,-0.6062082119499573,-0.10741044754201827,1.2244897959183674,0.4530450176324608,-9.615739453059943,0.6188843748072932,0.18467692270917757
-2.326530612244898,0.10698912289673879,-0.6511657994279361,-0.11325055555673384,1.3877551020408163,0.4165201552938772,-9.407804435508325,0.5846461076088577,0.15435267703218436
-2.326530612244898,0.08896816082565695,-0.6862314567527452,-0.11810326113338583,1.5510204081632653,0.38572104307147725,-9.228682762161526,0.5541435999885778,0.12835392442018634
-2.326530612244898,0.07407021804075975,-0.7135730654620749,-0.1220724988007706,1.7142857142857142,0.3601177312237314,-9.073461942199971,0.5272933316946945,0.10686073624496784
-2.326530612244898,0.06197040130367504,-0.7350478359544778,-0.12530126281944456,1.8775510204081634,0.3389128500006152,-8.938028916854387,0.5037719390785744,0.0894043906427111
-2.326530612244898,0.0522061036637782,-0.75210242605694,-0.12792920426299023,2.0408163265306123,0.32130946023171025,-8.819022437043987,0.483157569786972,0.07531748685986761
-2.326530612244898,0.04432536771745976,-0.7658169192894093,-0.1300761532703649,2.204081632653061,0.30661309367800255,-8.713725432170884,0.46498725540711705,0.06394798819155856
-2.326530612244898,0.037947825837190585,-0.7769754871780652,-0.13184301651415098,2.36734693877551,0.2943089109657261,-8.619946835855268,0.44895884864332575,0.054747140147832773
-2.326530612244898,0.0327407092495553,-0.7861905514388898,-0.13330134582133626,2.5306122448979593,0.2838131860247563,-8.535918204784622,0.43460197175833476,0.04723485886952039
-2.326530612244898,0.028428982192439278,-0.7938604081118567,-0.13450407945038675,2.693877551020408,0.2747692429121681,-8.460180695060478,0.4216749355530625,0.041014351626552426
-2.326530612244898,0.02493349655416721,-0.8003317231098627,-0.13553280993165312,2.857142857142857,0.2671793653017231,-8.391620887256206,0.41024442178691867,0.03597143183071827
-2.326530612244898,0.02175472970788106,-0.8059198085221077,-0.13627091230183258,3.020408163265306,0.2585382924277483,-8.328651488095987,0.3970083193570061,0.03138544066543991
-2.326530612244898,0.01948800971596132,-0.8106558241067301,-0.13709297175602803,3.183673469387755,0.2539855747628808,-8.271981733765207,0.3892200865506136,0.028115254974013126
-2.326530612244898,0.017118495056161143,-0.8148986710607333,-0.13777381312734704,3.3469387755102042,0.2441649478279884,-8.213026984536658,0.3703687710872359,0.024696767925006302
-2.326530612244898,0.01570821181781712,-0.8181783498898264,-0.13831106906496457,3.510204081632653,0.24573978470651126,-8.171560608261741,0.37450424687479666,0.022662159290797845
-2.326530612244898,0.014207351376675836,-0.8215599902460909,-0.13887622333003743,3.673469387755102,0.24604006834919626,-8.125423032112755,0.37033471770410975,0.020496875375296764
-2.326530612244898,0.012460153135607221,-0.824896952930719,-0.1393789164155485,3.836734693877551,0.2359019460257616,-8.073835464484619,0.34869329102433905,0.017976201137457792
-2.326530612244898,0.011463326945111207,-0.8266419024903098,-0.13948714940592918,4.0,0.23135156680411975,-8.044605667906886,0.34747053743174794,0.01653808493580078
-2.0816326530612246,0.01075099448545247,0.21499266571375011,-0.07476021737933151,-4.0,0.1364809586953441,-46.83819153876744,0.20259707823234246,0.015510406428786983
-2.0816326530612246,0.002115706444223653,0.17516066904276567,-0.0332595983499548,-3.836734693877551,0.168341246247671,-45.229732767981545,0.21785883122938887,0.0030523191950582174
-2.0816326530612246,0.00565544580312749,0.1068197833469922,0.03805891891010913,-3.673469387755102,0.169452165533888,-43.62118946647178,0.2241630782340584,0.00815908361418849
-2.0816326530612246,0.001178441447880818,0.2631225987857441,-0.12471025538404044,-3.510204081632653,0.06852215033638766,-41.99729969450933,0.14964433731665588,0.0017001316328353333
-2.0816326530612246,0.01404849495451388,0.063879947604965,0.08302072290536965,-3.3469387755102042,0.1491184121578501,-40.40605734542764,0.2488403770972358,0.020267694002830794
-2.0816326530612246,0.08028084486462217,0.059603687177028165,0.08672801090649808,-3.183673469387755,0.17029953858330285,-38.791756991836266,0.23574087290908521,0.11582077676456581
-2.0816326530612246,0.0021278717998092223,0.1760085985525785,-0.03340889980740212,-3.020408163265306,0.18402545045111499,-37.20570751360148,0.2567554446063254,0.003069870093232119
-2.0816326530612246,0.0035668417391503393,0.025319181961018074,0.12262170839492444,-2.857142857142857,0.09191029780462016,-35.58835932102387,0.19632704502382153,0.0051458648887074965
-2.0816326530612246,0.004158908087285917,0.17475204745487313,-0.03131202996569941,-2.693877551020408,0.1956652471313768,-34.01823920661855,0.2823707939990924,0.006000036073039894
-2.0816326530612246,0.008358953701774974,0.11257144163865264,0.032438745518198475,-2.5306122448979593,0.20368151336611348,-32.43130323593573,0.29641451633776805,0.012059421052571295
-2.0816326530612246,0.007365116556561135,0.15473552626243928,-0.009767940695045028,-2.36734693877551,0.21809347339611238,-30.852575882421583,0.31816974198606607,0.010625617131719611
-2.0816326530612246,0.011307122896276445,0.14722003749416984,-0.0015070798034321922,-2.204081632653061,0.2297810935135405,-29.279761786902824,0.339964670819713,0.016312730129179887
-2.0816326530612246,0.045640228733248245,0.09756335327154982,0.04797610758786443,-2.0408163265306123,0.24291789253122653,-27.712670146439386,0.37562003754394013,0.06584493165849503
-2.0816326530612246,0.05223313458163559,0.13853931776714437,0.009206495641919065,-1.8775510204081634,0.2720762554942079,-26.16411648598393,0.396257199897461,0.07535648423101149
-2.0816326530612246,0.1818165152689073,0.13908354139037618,0.010632096656906755,-1.7142857142857142,0.36375861881974086,-24.62997275063074,0.4494143741363964,0.26230578493016443
-2.0816326530612246,0.06190803888720686,0.1457885611279441,0.005957288005457654,-1.5510204081632653,0.31181051576014845,-23.104819425439548,0.45623982144687814,0.08931442069373441
-2.0816326530612246,0.013694714025682675,0.15134680282598026,0.0021359992746405776,-1.3877551020408163,0.3158913890034199,-21.601384145770545,0.47338098281538116,0.01975729601124465
-2.0816326530612246,0.14394523720592844,0.15291255113377306,0.00903078108045188,-1.2244897959183674,0.40663385401018587,-20.149077235198906,0.5538155537346824,0.20766907987657834
-2.0816326530612246,0.16799079764802038,0.1598623867464391,0.009942430206507829,-1.0612244897959184,0.4574626272466085,-18.73352878067346,0.6144342002491426,0.24235949068178053
-2.0816326530612246,0.1749461257847298,0.16980998252685314,0.008170988127340873,-0.8979591836734694,0.5140468276684087,-17.386690177987003,0.6798871979662611,0.2523939080923667
-2.0816326530612246,0.16292005582194968,0.18309069868428354,-0.002363987752707456,-0.7346938775510204,0.5812287318565481,-16.145048327550448,0.7752393894417133,0.23504395659567967
-2.0816326530612246,0.1422901220025714,0.18223365382068288,-0.02475332204884664,-0.5714285714285714,0.6423247974501104,-15.047220045607293,0.856408802723111,0.205281253380595
-2.0816326530612246,0.13031334886769064,0.15411361649061908,-0.04765591107306447,-0.40816326530612246,0.6827799243154268,-14.086656611675105,0.8836282596657585,0.1880024221730503
-2.0816326530612246,0.13253568068589883,0.10333007119031672,-0.06272205694547542,-0.24489795918367346,0.7082313754940462,-13.235831207142713,0.8940733410149232,0.19120856926638918
-2.0816326530612246,0.14259810113827176,0.03704636817421603,-0.0700976822062324,-0.08163265306122448,0.7198047375973993,-12.480082006302073,0.8922830650798614,0.20572557335236752
-2.0816326530612246,0.15661368374725781,-0.03886878104597315,-0.07295822394568544,0.08163265306122448,0.7167389913385097,-11.812287474779328,0.8817870629055925,0.2259457848775206
-2.0816326530612246,0.17143556989527764,-0.12075484806389339,-0.07470051906512613,0.24489795918367346,0.7008738212240908,-11.22458439366645,0.8641813284501383,0.24732924651988997
-2.0816326530612246,0.1826318156189537,-0.20696012538643452,-0.077465701540384,0.40816326530612246,0.6747712112463632,-10.708070979491726,0.8329199854020854,0.2634820147020114
-2.0816326530612246,0.18621029323679417,-0.2956391157787856,-0.08201076163762841,0.5714285714285714,0.6401318829034224,-10.254980581602045,0.7955375231592896,0.2686446666152027
-2.0816326530612246,0.18037053815707016,-0.3831387954994205,-0.08814711547569902,0.7346938775510204,0.5986235285689846,-9.859368365106224,0.7544230072370146,0.2602196809216788
-2.0816326530612246,0.16613522704783246,-0.46449368401367197,-0.09516842154242917,0.8979591836734694,0.553072439186897,-9.51627370958583,0.7118626770307647,0.23968246817886918
-2.0816326530612246,0.14668061253195952,-0.5354637841522228,-0.1022490997024922,1.0612244897959184,0.5072620374658203,-9.220620168132873,0.6715873204240077,0.21161539229441395
-2.0816326530612246,0.12566017870785573,-0.594157707539371,-0.10876248979183992,1.2244897959183674,0.4645730520892438,-8.966771168134272,0.6329255616786759,0.18128931665904346
-2.0816326530612246,0.10577152680646607,-0.6410260138335792,-0.11439769084873709,1.3877551020408163,0.4269591582912363,-8.748805101968552,0.5973914536195496,0.1525960571909426
-2.0816326530612246,0.08836618864919177,-0.6778248118869813,-0.1190982925861622,1.5510204081632653,0.39494434158223907,-8.56104028106972,0.5655980390439755,0.1274854621464474
-2.0816326530612246,0.07378875750066727,-0.7066250664752751,-0.12294639675510366,1.7142857142857142,0.36816935016420643,-8.398419279604065,0.5375475422191617,0.10645467451957069
-2.0816326530612246,0.06185183740396405,-0.7292854663688563,-0.12607377032755668,1.8775510204081634,0.3459123240418457,-8.256658046655987,0.5129301247547248,0.08923333909256925
-2.0816326530612246,0.052169761774548906,-0.7472909431860474,-0.12861433764863892,2.0408163265306123,0.32739653815142716,-8.13222917426019,0.49136724272414206,0.0752650565964994
-2.0816326530612246,0.04432999928032055,-0.7617675180054757,-0.13068633200849517,2.204081632653061,0.31192270852116505,-8.022267998220055,0.47238626915186105,0.06395467012432965
-2.0816326530612246,0.03796596191909507,-0.7735473327799862,-0.13238365681459713,2.36734693877551,0.29890839591179513,-7.9244586878609375,0.45559248705207345,0.05477330498325772
-2.0816326530612246,0.03277207830003315,-0.7832492173992718,-0.1337845629392329,2.5306122448979593,0.28788298422008746,-7.8369272733408275,0.44065855442838947,0.04728011484308281
-2.0816326530612246,0.028505825584988376,-0.791322996514851,-0.1349499762659115,2.693877551020408,0.27849322418313444,-7.758150630453484,0.427336403305316,0.04112521320790785
-2.0816326530612246,0.02500171820612218,-0.7981098572445146,-0.13592880790402312,2.857142857142857,0.27059841278901037,-7.68688066006315,0.41555502112863435,0.03606985486967629
-2.0816326530612246,0.022043714836391004,-0.8038990487250712,-0.13674627913429974,3.020408163265306,0.2634525045349366,-7.622106755622002,0.40455726595392166,0.03180235807723131
-2.0816326530612246,0.01957839589234278,-0.8088424737727185,-0.13744448639569784,3.183673469387755,0.25741522522608323,-7.5629650005835565,0.39479566808488226,0.028245654662443886
-2.0816326530612246,0.015973660356624064,-0.8137897846708891,-0.13794522672611859,3.3469387755102042,0.24175962550555005,-7.497161402336581,0.3648226633492911,0.023045120581345113
-2.0816326530612246,0.01571893742616548,-0.8168347931456891,-0.13852383308265656,3.510204081632653,0.24720898840215047,-7.458792892611248,0.37739620572083316,0.022677633072772707
-2.0816326530612246,0.014114791481316002,-0.8200673508507249,-0.13893583533657858,3.673469387755102,0.24208040250255264,-7.412796485261499,0.3688847029306753,0.020363339673276304
-2.0816326530612246,0.012856555497455346,-0.8229632743938008,-0.13938784275454602,3.836734693877551,0.23989412729907184,-7.370155131193899,0.3636251564478038,0.018548088859092537
-2.0816326530612246,0.01211146098070004,-0.8257076261195767,-0.13987145199366438,4.0,0.24202241516037404,-7.328022919386836,0.3609061467168446,0.017473144694776455
-1.836734693877551,0.008125072224704377,0.03454420730471646,0.11446598927772836,-4.0,0.1037497137161166,-46.115177021644676,0.20742774495706384,0.01172200140544577
-1.836734693877551,0.0034480460024413073,0.1326246352575167,0.011264810667114971,-3.836734693877551,0.17743503810930372,-44.510426531287465,0.22866872740108565,0.004974478868478904
-1.836734693877551,0.15775161888245237,0.21815335464371763,-0.07878901752593762,-3.673469387755102,0.19041366543218727,-42.88260120593904,0.1183169556890326,0.22758747825391978
-1.836734693877551,0.21012070290378104,0.1364603519627326,0.0073285077601923975,-3.510204081632653,0.2664161067108876,-41.28160966548378,0.15165483562228785,0.3031400960673878
-1.836734693877551,0.0031715687989304353,0.2044939428327018,-0.06418206878768958,-3.3469387755102042,0.1570051458223826,-39.687118307901045,0.2343867120550428,0.004575606578054892
-1.836734693877551,0.1546165774225925,0.0971305624586206,0.048839163928343816,-3.183673469387755,0.23575142064982904,-38.081164843609145,0.2266530736973476,0.2230645694867981
-1.836734693877551,0.036537106043667666,0.07083146772037988,0.07686069822044826,-3.020408163265306,0.16588670549033965,-36.48788323478373,0.25859379089764056,0.052711901697633845
-1.836734693877551,0.00828051797366336,0.07929063125661265,0.06800317787112306,-2.857142857142857,0.17045413893159211,-34.89456201065236,0.2746316698142161,0.01194626221659556
-1.836734693877551,0.13633549444367676,0.0983213008284016,0.04876342063611072,-2.693877551020408,0.2723970299974342,-33.30800918941073,0.3363798483852621,0.19669054173103717
-1.836734693877551,0.014455707955977504,0.10274693182629338,0.04379450331122182,-2.5306122448979593,0.20620000377240366,-31.722443894723842,0.3182792623792198,0.02085517818062721
-1.836734693877551,0.17751158287879787,0.12830141969193723,0.018402450274256296,-2.36734693877551,0.3237923423725379,-30.14735082956647,0.3692836900482042,0.25609508031959205
-1.836734693877551,0.15839850499449804,0.16183477479932248,-0.01565595460292027,-2.204081632653061,0.3108065866746525,-28.575188248305263,0.3538377240371302,0.22852073763978753
-1.836734693877551,0.04051877384087166,0.13389001118676233,0.013425711954307229,-2.0408163265306123,0.2590290911229509,-27.015069607918015,0.38409650106918414,0.05845623408312628
-1.836734693877551,0.05464986897815893,0.13731287024169908,0.011196448567705816,-1.8775510204081634,0.2801989974149851,-25.46666029020851,0.4112880846419844,0.07884309496002073
-1.836734693877551,0.040303873124480694,0.1431977066801314,0.006307283102890202,-1.7142857142857142,0.2905293693668177,-23.931892242350106,0.4364473197566755,0.05814619788530573
-1.836734693877551,0.11114818485001643,0.1428156194495824,0.0107035623610748,-1.5510204081632653,0.3476350423083079,-22.422187412146968,0.48664880257501486,0.16035293508692794
-1.836734693877551,0.1438712088569003,0.1445866976178633,0.011199823562284189,-1.3877551020408163,0.3898261864555603,-20.93735581038074,0.5329706977566211,0.20756227954454953
-1.836734693877551,0.16162660056082534,0.15252971627871764,0.011741818279865963,-1.2244897959183674,0.43352440615338367,-19.488582022024822,0.5883210648068153,0.233177895104844
-1.836734693877551,0.16832043135436447,0.15868361008494805,0.011506281091646305,-1.0612244897959184,0.47933495728450703,-18.091735491643437,0.6472032231002496,0.2428350515952329
-1.836734693877551,0.16184774616225295,0.1715748121853365,0.007014908781654505,-0.8979591836734694,0.5377307900652462,-16.771437237528254,0.7154514589709831,0.2334969407673375
-1.836734693877551,0.14413509274717273,0.18175372700873105,-0.007897947881064704,-0.7346938775510204,0.6041024734600524,-15.565932389390012,0.8175626859722921,0.20794298352441754
-1.836734693877551,0.12153989204601268,0.1746083340162575,-0.032440534635210766,-0.5714285714285714,0.6577154117834346,-14.498862242183394,0.8778189319554042,0.1753449995249623
-1.836734693877551,0.10972560244918905,0.1441778910276191,-0.054801281457432426,-0.40816326530612246,0.6923281165617475,-13.55440070548846,0.8979031725281114,0.1583005825119983
-1.836734693877551,0.11064350327460937,0.09573290480342271,-0.0691352176865082,-0.24489795918367346,0.7139411153242622,-12.708542906041155,0.9096991844004553,0.15962483348086032
-1.836734693877551,0.119516444848071,0.034319715806938725,-0.07614828643150448,-0.08163265306122448,0.7235852891113125,-11.949740542645682,0.9058047371969744,0.17242578228699124
-1.836734693877551,0.13344770297333564,-0.0362115589512567,-0.07874873012985191,0.08163265306122448,0.7207173588589277,-11.272557315900137,0.8957825226613152,0.19252433929765456
-1.836734693877551,0.1494005986390301,-0.11334268909519103,-0.08002965259554198,0.24489795918367346,0.7063872193684121,-10.671276588695555,0.8801053852484385,0.215539502762371
-1.836734693877551,0.16299802998396973,-0.19567336883120184,-0.08209076811832731,0.40816326530612246,0.6823000203649022,-10.139169970528073,0.8502950486447984,0.23515644953254355
-1.836734693877551,0.17008550448311488,-0.2814583208315753,-0.08581279667691111,0.5714285714285714,0.6497270480198643,-9.669951645256305,0.8129573091002515,0.24538151384488627
-1.836734693877551,0.16834193176287715,-0.3673258829881961,-0.0911529991836295,0.7346938775510204,0.610015464527771,-9.258494318536073,0.7722279171048605,0.2428660701279708
-1.836734693877551,0.15804788435542405,-0.4485099826511329,-0.0975106829342486,0.8979591836734694,0.5656058493821702,-8.900334114215811,0.7282174976520752,0.22801489898256255
-1.836734693877551,0.14176039446668987,-0.5205666353163323,-0.10409910571622993,1.0612244897959184,0.5200405314415643,-8.590775302295075,0.6872780861036937,0.2045170180915563
-1.836734693877551,0.1229148968881042,-0.5810723152952855,-0.11027040838665017,1.2244897959183674,0.47678944298266657,-8.324449563758005,0.6475436511811561,0.1773287121918461
-1.836734693877551,0.10434808880656798,-0.6299449110997527,-0.11566757726533948,1.3877551020408163,0.43811410736670664,-8.095543319774686,0.6107277941254876,0.1505424702474767
-1.836734693877551,0.08768093642939401,-0.668609042303969,-0.12019340922845416,1.5510204081632653,0.40484736182138886,-7.898331494555221,0.5776148236773373,0.12649685216718742
-1.836734693877551,0.07349409825047659,-0.6990026330836197,-0.12390417417343891,1.7142857142857142,0.37683202738683097,-7.727617594318837,0.5483142512974958,0.10602957108056899
-1.836734693877551,0.06175716109464102,-0.7229685182633505,-0.1269177929001115,1.8775510204081634,0.35344469039265874,-7.5789401767176585,0.5225664083251602,0.08909675005061946
-1.836734693877551,0.052174760100036854,-0.7420251006517489,-0.12936133437753625,2.0408163265306123,0.3339406170047677,-7.448593501370184,0.4999736561993919,0.07527226765589479
-1.836734693877551,0.044384093131544455,-0.7573433161156259,-0.13134833791386563,2.204081632653061,0.3176209159488373,-7.333551676809614,0.48013227106962153,0.064032711055233
-1.836734693877551,0.03804282464305131,-0.7698000926132004,-0.13297291269496964,2.36734693877551,0.3038938240692791,-7.231360614448163,0.4625977389020649,0.05488419445393822
-1.836734693877551,0.032858114500508906,-0.7800508355107242,-0.134309804242489,2.5306122448979593,0.2922539521076466,-7.140031144901689,0.447004529724633,0.047404238842845725
-1.836734693877551,0.028595396647707272,-0.7885759824232483,-0.1354176203299742,2.693877551020408,0.28232807309987196,-7.057945514519673,0.4330893883645961,0.04125443693590025
-1.836734693877551,0.0250643513791724,-0.7957366954365116,-0.13634177137041972,2.857142857142857,0.2737881574785254,-6.983779433584792,0.4205938613175237,0.036160215437830434
-1.836734693877551,0.022121054151482022,-0.8018226677115724,-0.13711940903601463,3.020408163265306,0.2664063354585798,-6.916451263011491,0.40930182774456275,0.03191393512357843
-1.836734693877551,0.019665862537153522,-0.8070195317091701,-0.13778875362147844,3.183673469387755,0.2601069693478489,-6.85505222061413,0.39921592728423494,0.028371842357155064
-1.836734693877551,0.01757737941754378,-0.8115062722010341,-0.1383527870439251,3.3469387755102042,0.2549214965454248,-6.798811343404049,0.39039112726034964,0.025358798117514514
-1.836734693877551,0.01578507559385267,-0.8154107185633562,-0.13881775857317874,3.510204081632653,0.24944097505105883,-6.747175016705307,0.3813226216645102,0.022773050279308205
-1.836734693877551,0.014286492847647159,-0.8188259750944092,-0.13924536144404792,3.673469387755102,0.24542688075145072,-6.699513661032512,0.373891305079561,0.020611052382995876
-1.836734693877551,0.012830374874945427,-0.8217818416659425,-0.1395317997433237,3.836734693877551,0.23956403127438528,-6.655169115746102,0.3643358261817723,0.018510318204830067
-1.836734693877551,0.01155972184940457,-0.8244116149147916,-0.13983549113216964,4.0,0.23516575082451205,-6.613219100378168,0.35578869164704807,0.016677153386191357
-1.5918367346938775,0.005852554354037975,0.2590655703693448,-0.1229296282610818,-4.0,0.07024626330445981,-45.37567253517511,0.1441983884294768,0.00844345114310352
-1.5918367346938775,0.002458989285678337,0.055198207717070846,0.09374706583901563,-3.836734693877551,0.11894116643790036,-43.7872085508362,0.20323082063167014,0.0035475716480473096
-1.5918367346938775,0.017548915799160403,0.03436531642174055,0.11568710191747576,-3.673469387755102,0.12717631437099325,-42.15586433587392,0.22665194640215588,0.02531773379642699
-1.5918367346938775,0.011156665960659007,0.14200312505724705,0.0017185099129118499,-3.510204081632653,0.18883147808515535,-40.576282701197094,0.2536792865471251,0.016095666654297514
-1.5918367346938775,0.0017996456442406217,0.24964350440022548,-0.11320454908860399,-3.3469387755102042,0.0964512825713451,-38.96009618133323,0.18831069103321532,0.0025963398463031417
-1.5918367346938775,0.007408200636455087,0.06159969315921795,0.08796601186097161,-3.183673469387755,0.14446229471397568,-37.37109826330653,0.2528190927079338,0.01068777432012391
-1.5918367346938775,0.05157008441650568,0.07676781036380632,0.07206293857816991,-3.020408163265306,0.18281589268863638,-35.77604791897572,0.2754804492225095,0.07439990504591831
-1.5918367346938775,0.007480614303670974,0.0674461249809124,0.08210814918413796,-2.857142857142857,0.15986852038346658,-34.181163628761325,0.2755256954805523,0.010792245158709246
-1.5918367346938775,0.014892922556144494,0.15885665863420467,-0.015295595720419877,-2.693877551020408,0.2115718294470113,-32.59746484454378,0.3037370971495938,0.021485945516092286
-1.5918367346938775,0.008173583189961642,0.16671237933461924,-0.023244854066230135,-2.5306122448979593,0.21407695740897678,-31.01368756829298,0.31513874987394064,0.011791987934451242
-1.5918367346938775,0.05675727066016445,0.08098236970464356,0.06866901500073039,-2.36734693877551,0.23397911656001172,-29.437030662824224,0.3696436448062034,0.08188343291581068
-1.5918367346938775,0.017687201557191168,0.14411947376171078,0.002103407084773203,-2.204081632653061,0.24234081170477936,-27.87279191798217,0.3636646887743117,0.02551723797376315
-1.5918367346938775,0.035514451009450054,0.13938066415113246,0.008627955997572543,-2.0408163265306123,0.2633251195872977,-26.31679155404297,0.3941509111772549,0.05123652235122744
-1.5918367346938775,0.1522487597314861,0.12914885583749888,0.021101983928188187,-1.8775510204081634,0.3462486708303872,-24.77807940621935,0.45653184679005454,0.21964853064611
-1.5918367346938775,0.18110886995678732,0.14816321033013669,-0.002296037032987767,-1.7142857142857142,0.3679717186663127,-23.228214757780982,0.4384453500640738,0.2612848685476612
-1.5918367346938775,0.10981341082035656,0.1401658877010148,0.01330274038633507,-1.5510204081632653,0.35802584977158863,-21.743604774364602,0.5075492379111801,0.158427263213631
-1.5918367346938775,0.15779882926448363,0.14584017783059208,0.014654219730216205,-1.3877551020408163,0.41458199760321574,-20.271945349003477,0.5664390809281763,0.2276555884379543
-1.5918367346938775,0.14882396152918465,0.15005308991310873,0.013737947572433833,-1.2244897959183674,0.44497423118946966,-18.836710347859746,0.6180091108043578,0.21470759126360495
-1.5918367346938775,0.1593608197925802,0.16095525396965732,0.012197891631844681,-1.0612244897959184,0.5018916857898436,-17.463939696792814,0.6843813561564899,0.22990906442675518
-1.5918367346938775,0.1458853995242857,0.17222367168655253,0.004366655116819236,-0.8979591836734694,0.5619028442053261,-16.175423435039658,0.7597033285542153,0.21046814243179224
-1.5918367346938775,0.12445052965313441,0.17838849752568997,-0.015068754863499373,-0.7346938775510204,0.6255372041982438,-15.007096712136894,0.8534799806515169,0.17954416196658185
-1.5918367346938775,0.10141456350474587,0.1657140894065182,-0.0409277199747135,-0.5714285714285714,0.6714985129311745,-13.9678209562546,0.8959263648195325,0.14631028784221556
-1.5918367346938775,0.08965745570592998,0.13414279441220808,-0.06254861319158005,-0.40816326530612246,0.7007841066600266,-13.037234407099158,0.9104682872877052,0.12934836672566652
-1.5918367346938775,0.08920340532320847,0.0883743469795402,-0.07615540486449858,-0.24489795918367346,0.7189234949982852,-12.195250861624428,0.9236677125094156,0.12869331049020083
-1.5918367346938775,0.09680109355346755,0.031690324656916534,-0.08279874436082742,-0.08163265306122448,0.7269064754913839,-11.432818838011437,0.9179830028431905,0.1396544576222163
-1.5918367346938775,0.11035645494488855,-0.033612109140793996,-0.08511917178993607,0.08163265306122448,0.7243059973352722,-10.74594416075216,0.9086034920407765,0.15921071027907674
-1.5918367346938775,0.12705190369970754,-0.10595495435453806,-0.08591968883151903,0.24489795918367346,0.7115352612705771,-10.130762462949932,0.8950923949034161,0.18329715140307057
-1.5918367346938775,0.14267805307875325,-0.18424373856504977,-0.08724322363828804,0.40816326530612246,0.6895520216075699,-9.582512858433356,0.8670640624129781,0.20584091962040807
-1.5918367346938775,0.1530076236782547,-0.26689943373094327,-0.09008423355240079,0.5714285714285714,0.6591916627872607,-9.096376533518892,0.8300240710111162,0.22074333989882344
-1.5918367346938775,0.15526835821285423,-0.3508582259980077,-0.09455171455255362,0.7346938775510204,0.6214735149740317,-8.668117895247507,0.7900503998122117,0.22400489040065574
-1.5918367346938775,0.1490175484876437,-0.43160902388322653,-0.10016386574712507,0.8979591836734694,0.5784447873451872,-8.293842081136498,0.7459818782639452,0.214986878208554
-1.5918367346938775,0.13613103375164193,-0.5045872775163718,-0.10618677104900713,1.0612244897959184,0.5333546620359008,-7.969292955088653,0.7033943630024868,0.1963955673045823
-1.5918367346938775,0.11972036255297192,-0.5668766594122984,-0.11195956614027751,1.2244897959183674,0.48969644952876223,-7.689427623197153,0.6627114099473158,0.17271997334860067
-1.5918367346938775,0.10268575625614162,-0.6178338989508724,-0.11707915780953956,1.3877551020408163,0.4500163791714776,-7.448591385642239,0.6246568745550087,0.14814423132066779
-1.5918367346938775,0.08689714225477263,-0.6584972293428704,-0.12140313738763517,1.5510204081632653,0.4154770693984472,-7.241048460610585,0.5902118172765454,0.12536607619838325
-1.5918367346938775,0.07318352027369124,-0.6906282424394987,-0.12495729503146528,1.7142857142857142,0.38615774365325334,-7.061474958597871,0.5596186646242652,0.105581501773651
-1.5918367346938775,0.061690652662236056,-0.716031422406363,-0.12784255492608182,1.8775510204081634,0.3615600653010365,-6.905228400142285,0.5326859287924851,0.08900079866501143
-1.5918367346938775,0.05222955421600073,-0.7362508589699173,-0.13017727841026083,2.0408163265306123,0.34098762389606113,-6.768413097114159,0.5090304060130246,0.07535131885526525
-1.5918367346938775,0.04449588617367328,-0.7525032635477655,-0.1320705591909168,2.204081632653061,0.3237475907519878,-6.64782765103733,0.4882490727558744,0.06419399432271833
-1.5918367346938775,0.03817826568835181,-0.7657122502626227,-0.13361377173108716,2.36734693877551,0.3092313330495874,-6.540865770243541,0.4699119042213246,0.055079594578325786
-1.5918367346938775,0.03300172236971455,-0.7765707293747705,-0.1348818315900339,2.5306122448979593,0.296949985552585,-6.44541033375497,0.45365278513876905,0.04761142120358075
-1.5918367346938775,0.028738329914151928,-0.7855891426912303,-0.13592664816785432,2.693877551020408,0.2864516134592449,-6.359738165103492,0.43912269802282233,0.0414606460505782
-1.5918367346938775,0.025208741529401335,-0.7931684943643941,-0.13679616444933326,2.857142857142857,0.27748053925319993,-6.2824394288507355,0.42613875439365273,0.036368526391518774
-1.5918367346938775,0.022255777164850832,-0.7995730519196714,-0.13752723569831335,3.020408163265306,0.2696653177301108,-6.21235792241284,0.4143766139477284,0.032108299346860214
-1.5918367346938775,0.019782140871142717,-0.8050515707986723,-0.13814633712995358,3.183673469387755,0.2629355608315436,-6.148532072004932,0.4038036199522995,0.02853959653296423
-1.5918367346938775,0.017684175249186085,-0.8097738852344623,-0.13867016447264488,3.3469387755102042,0.25702437321693344,-6.09016359321657,0.394158397779762,0.025512871934211923
-1.5918367346938775,0.015900122883913292,-0.8138714729670598,-0.13911856809153364,3.510204081632653,0.25182744154276776,-6.036582833785074,0.38535906771653095,0.022939028434146636
-1.5918367346938775,0.014139045890831037,-0.8174468973665777,-0.13939279359671192,3.673469387755102,0.24434700345164462,-5.986222804730327,0.37298889697676263,0.020398331389603896
-1.5918367346938775,0.01299159786048798,-0.820582941178842,-0.13980960887423818,3.836734693877551,0.24276637951409347,-5.941542833542042,0.3694406099861605,0.018742913806549577
-1.5918367346938775,0.011775199915439849,-0.8233670587421769,-0.14005699435827454,4.0,0.23727803178583753,-5.898625521391889,0.35975963895985097,0.016988022523481305
-1.346938775510204,0.0014925402530672205,0.25519481196537014,-0.12000317201184486,-4.0,0.07795591451399884,-44.66924883879448,0.1605572729683608,0.0021532804214277057
-1.346938775510204,0.002670469998434788,0.039002558967019776,0.11240746302172053,-3.836734693877551,0.09593821874587534,-43.066739482955114,0.19257702500805096,0.0038526738235842295
-1.346938775510204,0.005488677909928574,0.03836420959480456,0.11357301845723607,-3.673469387755102,0.10205683335801392,-41.459710712267515,0.20903624399945583,0.007918488401690293
-1.346938775510204,0.007710809182124523,0.0940270884465945,0.05370623902015046,-3.510204081632653,0.17108545199205305,-39.861934085714694,0.2538103293325066,0.011124346168291943
-1.346938775510204,0.009346189210282185,0.05712732534736736,0.09405552844891388,-3.3469387755102042,0.13565785888647194,-38.2564512491848,0.24187751253121517,0.01348370082488426
-1.346938775510204,0.005055858447033712,0.1937645447162175,-0.05422494639395792,-3.183673469387755,0.17490492588331744,-36.65804569002463,0.25877231574688747,0.007294061908972083
-1.346938775510204,0.004753217031910895,0.07391707097488125,0.07637744565663572,-3.020408163265306,0.16118577151284932,-35.06376845071377,0.2644416617258123,0.006857442640206823
-1.346938775510204,0.02337046085242367,0.16376681075884728,-0.02142954285380461,-2.857142857142857,0.20961259656559908,-33.47435838630254,0.2850872995250548,0.033716447975081554
-1.346938775510204,0.013459711264536711,0.1940825579548048,-0.05462792504655884,-2.693877551020408,0.1978961622719891,-31.88214039840147,0.31258763213239277,0.01941825869314462
-1.346938775510204,0.15787944616591454,0.1248156520457064,0.02092596018545154,-2.5306122448979593,0.29024975428043015,-30.30278653675218,0.3170305082624046,0.2277718940418607
-1.346938775510204,0.029149221607826847,0.12496502725066469,0.02310403244326503,-2.36734693877551,0.24031442405767636,-28.73978773280166,0.3627502248718808,0.04205343745938572
-1.346938775510204,0.05841794656342869,0.1507928796476146,-0.006070743964400943,-2.204081632653061,0.2625424880329322,-27.16946455466632,0.35979478839210893,0.08427928180597499
-1.346938775510204,0.1505570148565083,0.12499705033830998,0.026256795902041333,-2.0408163265306123,0.3397136533117715,-25.628937105945663,0.4472760141752794,0.2172078587045303
-1.346938775510204,0.1641553981282058,0.1289497931434747,0.023435422222747793,-1.8775510204081634,0.36304802028710437,-24.091800252888035,0.4750879580892371,0.23682617881471613
-1.346938775510204,0.11953895335556353,0.13596738861139981,0.018780196073852538,-1.7142857142857142,0.35352268137678294,-22.5698606032709,0.499600607968793,0.17245825519912783
-1.346938775510204,0.1484220722470202,0.14005258369398865,0.018599715257565732,-1.5510204081632653,0.39553480301596344,-21.076831889484495,0.5476976754410668,0.21412778758923912
-1.346938775510204,0.12858828888074902,0.14670301153342674,0.016594509582539985,-1.3877551020408163,0.4167230684209577,-19.61267590678741,0.5911251957511431,0.1855136866846534
-1.346938775510204,0.15618054550468474,0.15223226939354056,0.01611208779080527,-1.2244897959183674,0.4729105681905885,-18.201881110439405,0.6545627465484655,0.2253208984829418
-1.346938775510204,0.14739378421898297,0.16293557031975256,0.011789706704751135,-1.0612244897959184,0.5258959797132706,-16.853834460770706,0.721581672239777,0.21264428155058424
-1.346938775510204,0.13026616913144573,0.1728832476351642,-0.0005104189586758635,-0.8979591836734694,0.588301443422768,-15.601271370405629,0.8023056199789755,0.1879343562015401
-1.346938775510204,0.10512914325631262,0.17290650730917204,-0.02377352846027064,-0.7346938775510204,0.6449307479055774,-14.468981938456873,0.8820057169420986,0.15166929362878756
-1.346938775510204,0.08255292007475812,0.1559025396018823,-0.05018987414781791,-0.5714285714285714,0.6835946421967197,-13.454283847190938,0.9109310071912854,0.11909868840275584
-1.346938775510204,0.07061317256359279,0.12416857701163656,-0.07093981296019064,-0.40816326530612246,0.7080583346610906,-12.535575320597408,0.9240790958614188,0.10187327387893141
-1.346938775510204,0.0687039975731325,0.08129290250174058,-0.08382349667500276,-0.24489795918367346,0.7230989142728994,-11.696465510758014,0.9357268372012114,0.09911891658800531
-1.346938775510204,0.07489120965830653,0.029165152136987067,-0.09008598060755754,-0.08163265306122448,0.7296751595028704,-10.929893582619348,0.9288536375456558,0.10804517678021419
-1.346938775510204,0.08774353633011311,-0.031081161609768832,-0.09210694239448203,0.08163265306122448,0.7274065666514077,-10.233088131679438,0.9199655834226057,0.1265871647335146
-1.346938775510204,0.10474148883274714,-0.0986313002488477,-0.0924126375787256,0.24489795918367346,0.7162103584197649,-9.603756197984238,0.9088400292124184,0.15111002651433036
-1.346938775510204,0.1219418046274352,-0.172729749491699,-0.09297224173822967,0.40816326530612246,0.6964088392061623,-9.038888927091005,0.8829256888415836,0.17592483681305238
-1.346938775510204,0.13514533546819618,-0.2520227113859852,-0.09487920026099049,0.5714285714285714,0.6684059763566854,-8.535095243789051,0.8467569023982826,0.19497350527924207
-1.346938775510204,0.1412177924400735,-0.3337816219328157,-0.09839705775062364,0.7346938775510204,0.632885633601426,-8.08909371967666,0.8076676735053255,0.20373420883858095
-1.346938775510204,0.13903383288553273,-0.41380348919271526,-0.10317617436943043,0.8979591836734694,0.5914966545895853,-7.697632799305975,0.7639731513227399,0.20058342121974215
-1.346938775510204,0.12974270617825145,-0.4874933752499619,-0.10855144078127536,1.0612244897959184,0.5471471559665335,-7.356960198816387,0.7198352298200179,0.18717915879487768
-1.346938775510204,0.11602394420077444,-0.551499464125134,-0.1138600620776261,1.2244897959183674,0.5032800127336593,-7.062422256234859,0.678379895860729,0.167387168922835
-1.346938775510204,0.10074794467712667,-0.6046013548858181,-0.1186549571337023,1.3877551020408163,0.4626883177893979,-6.808583277936031,0.6391671206532787,0.14534856016544584
-1.346938775510204,0.08599686500799719,-0.6473952191652749,-0.12274456590558659,1.5510204081632653,0.426877889390114,-6.5897394174181825,0.6034000353169314,0.12406725067903501
-1.346938775510204,0.07285285857913348,-0.6814159466617348,-0.12611913593825322,1.7142857142857142,0.39619967591069777,-6.400458602879309,0.5714829745503405,0.10510445778669997
-1.346938775510204,0.061656516503296954,-0.7084006345308753,-0.12885892154568843,1.8775510204081634,0.3703120894836452,-6.2359177350829516,0.5433150683387847,0.08895155059779469
-1.346938775510204,0.052342632181973325,-0.7299074559283983,-0.13107145023449446,2.0408163265306123,0.3485875314220711,-6.092020857941886,0.5185513655520733,0.07551445587600769
-1.346938775510204,0.04457590056252658,-0.7472306999275365,-0.13281659316588898,2.204081632653061,0.3300011765471313,-5.965362014701566,0.49642907426339267,0.0643094306847165
-1.346938775510204,0.038384798400614706,-0.7612396330162853,-0.1343122149364367,2.36734693877551,0.3149766965620769,-5.8532109712894735,0.4775816537585503,0.055377558298089546
-1.346938775510204,0.033151587986727904,-0.772887774746226,-0.13546396844410064,2.5306122448979593,0.301548444630371,-5.753241860831268,0.46003717950613043,0.047827631586046415
-1.346938775510204,0.028941347819399388,-0.7823369264006347,-0.13647253561277667,2.693877551020408,0.2908157956146737,-5.663699069580435,0.44535833696362126,0.041753538975689786
-1.346938775510204,0.025408095150344367,-0.7903534137720322,-0.137291460613525,2.857142857142857,0.2813477593060499,-5.583007474414556,0.43186323712356894,0.03665613287183689
-1.346938775510204,0.02245092719200037,-0.7971380984312173,-0.13797332705517001,3.020408163265306,0.27316741353300894,-5.509951206166076,0.41969027742558435,0.03238984132325795
-1.346938775510204,0.019953276846948587,-0.8029277534684585,-0.13853770314680622,3.183673469387755,0.26596564287496627,-5.443507908109436,0.408586442436559,0.028786493556577142
-1.346938775510204,0.017845878909768853,-0.8079026662205188,-0.13902237587424715,3.3469387755102042,0.2597396344442259,-5.382823539751366,0.39858244716440117,0.025746161003428192
-1.346938775510204,0.016052045511854685,-0.8122195647296675,-0.1394352714960851,3.510204081632653,0.254255457269723,-5.327185241202006,0.3894259290485419,0.023158206456076247
-1.346938775510204,0.01450896255890144,-0.8159830872744323,-0.1397892794296248,3.673469387755102,0.2494038736482562,-5.275990456820792,0.3810439762355187,0.020932008332170238
-1.346938775510204,0.013192849287730457,-0.8192939359954708,-0.1401225652367792,3.836734693877551,0.24526991034930187,-5.228540908211394,0.37346142809561433,0.019033258242604045
-1.346938775510204,0.01212894118550989,-0.822254095139906,-0.14040714846795224,4.0,0.2426761551918321,-5.184667545258102,0.3673997982928078,0.017498363299568886
-1.1020408163265305,0.005002355823887195,0.05089981385397989,0.10057843843216815,-4.0,0.11500590419440357,-43.96025792697991,0.20897683416219526,0.0072168739398841275
-1.1020408163265305,0.0023690513442273797,0.03581042971402101,0.11747587671400614,-3.836734693877551,0.09029739849136738,-42.349249640152905,0.1870245321957157,0.0034178186259281595
-1.1020408163265305,0.001999127027006331,0.2516948289103826,-0.11843297758237505,-3.673469387755102,0.08829613444692055,-40.73641351594459,0.17558492895433658,0.0028841306479692186
-1.1020408163265305,0.007540892593503212,0.02634457529305537,0.1295443450265195,-3.510204081632653,0.10239154740229424,-39.13437565927483,0.20346085218886004,0.010879208348522962
-1.1020408163265305,0.012047585150890994,0.17075935784971305,-0.02962589093917586,-3.3469387755102042,0.19066364711626033,-37.54660917995289,0.26984662369788526,0.01738099135187765
-1.1020408163265305,0.009095913376077958,0.07783655735286668,0.07357365573084426,-3.183673469387755,0.16669613658920782,-35.949646186560365,0.27284763581090377,0.013122629120023266
-1.1020408163265305,0.021406846757176856,0.09342958411253692,0.05696767474717817,-3.020408163265306,0.1955807274341159,-34.35875073477579,0.3050187516798752,0.030883551657648223
-1.1020408163265305,0.017085529676005073,0.1619582672297631,-0.019480547208732765,-2.857142857142857,0.2120398567668978,-32.76844618736988,0.30860264001380444,0.024649208934533373
-1.1020408163265305,0.047060224803307404,0.19601529576374327,-0.05692317612836776,-2.693877551020408,0.20018081234970153,-31.116327342267137,0.29356772794661845,0.06789355294685118
-1.1020408163265305,0.05796748418419351,0.09739908479145179,0.05237197972484565,-2.5306122448979593,0.23515068562616298,-29.60149536130121,0.35080222005698036,0.08362940196534518
-1.1020408163265305,0.030414360130408324,0.12862448834913356,0.019811110169684835,-2.36734693877551,0.24695673845286845,-28.042008944678432,0.3734990714263863,0.04387864653195095
-1.1020408163265305,0.025851151501064207,0.14249448858940278,0.0048132337782741804,-2.204081632653061,0.2581833436534837,-26.48103279822339,0.391248720374523,0.037295328071853984
-1.1020408163265305,0.06973778699826627,0.13075689843265334,0.021204624849321306,-2.0408163265306123,0.2963941680634776,-24.937396931449015,0.4369896472125736,0.10061035946496988
-1.1020408163265305,0.09983780006750931,0.1430947273840366,0.0033822927588586286,-1.8775510204081634,0.31947622570517126,-23.388680836523232,0.42280272405697245,0.14403549905065915
-1.1020408163265305,0.154641763875907,0.13274785552197738,0.024291456206462354,-1.7142857142857142,0.3869436308648117,-21.900807032741596,0.5313823789378371,0.2231009058580926
-1.1020408163265305,0.040358014036837364,0.1462099935287958,0.005567705814942344,-1.5510204081632653,0.34602157179071835,-20.387912730997446,0.49378061099693393,0.05822430671107259
-1.1020408163265305,0.14741128089257294,0.1447784928032594,0.020102622857863673,-1.3877551020408163,0.4455868173756075,-18.972187122338187,0.628777288457697,0.21266952391480531
-1.1020408163265305,0.14694497811492302,0.15457422406916033,0.01727558890207315,-1.2244897959183674,0.4952329336494576,-17.581102168558466,0.6925925009094007,0.2119967912099363
-1.1020408163265305,0.13456934559875644,0.16466981058284397,0.009660194375936718,-1.0612244897959184,0.5519136937273299,-16.264449845538792,0.756622142653562,0.1941425275509987
-1.1020408163265305,0.11369728715374339,0.17111329646131734,-0.007530676915914913,-0.8979591836734694,0.612798644789346,-15.049925568679964,0.8434311614413368,0.1640305123392336
-1.1020408163265305,0.08738146842702421,0.16551221690471557,-0.033863763263823114,-0.7346938775510204,0.6619700573795739,-13.951662845353653,0.9030781893789134,0.12606481116526336
-1.1020408163265305,0.06558381383951617,0.14551871732562324,-0.06022478102568152,-0.5714285714285714,0.6939432426352348,-12.958401696932313,0.9238170836732009,0.09461744298885488
-1.1020408163265305,0.0531910234686126,0.11438970518090508,-0.0800161686478642,-0.40816326530612246,0.7140764401469646,-12.049799918474717,0.934726194448329,0.07673842577797574
-1.1020408163265305,0.04972107521151026,0.07451875575659739,-0.0921758479650565,-0.24489795918367346,0.7263925811539439,-11.212658531818692,0.9456290778108122,0.07173234863531297
-1.1020408163265305,0.05431117834411903,0.02675019232687256,-0.09804149879427346,-0.08163265306122448,0.7317989303857961,-10.441507408445343,0.9381624785378232,0.07835446766189635
-1.1020408163265305,0.0661001720301726,-0.028629104799970734,-0.09974404549030795,0.08163265306122448,0.7299190790853487,-9.734599558418452,0.9302199008585658,0.09536239038983707
-1.1020408163265305,0.08291325753261103,-0.09141322473679359,-0.09954608484471336,0.24489795918367346,0.7203004406736786,-9.090949714382418,0.9210284714034375,0.11961854546624728
-1.1020408163265305,0.1011505177182388,-0.161197771981594,-0.09932491726860625,0.40816326530612246,0.7027422053487762,-8.50907978276026,0.8975470454679488,0.14592935029545417
-1.1020408163265305,0.11674885169027616,-0.2369023915356679,-0.10025309654017013,0.5714285714285714,0.6772341229925931,-7.9869603770397575,0.8634464463071732,0.16843298936304318
-1.1020408163265305,0.12632151444701933,-0.3161603596224669,-0.10274712454694512,0.7346938775510204,0.6441188260115156,-7.522309485714766,0.8248107650771594,0.182243422450298
-1.1020408163265305,0.128126490232366,-0.39512626115017113,-0.10660188030729043,0.8979591836734694,0.6046442270997864,-7.112591275564158,0.7819236451947446,0.18484745206474207
-1.1020408163265305,0.12256369904494968,-0.46926908173182136,-0.11123881782822577,1.0612244897959184,0.5613353294066353,-6.754625417407592,0.7364628250024078,0.17682204080515618
-1.1020408163265305,0.11177652333427868,-0.5348775285888794,-0.11600751962807812,1.2244897959183674,0.5175050141413554,-6.444217215184287,0.6944724908139878,0.16125943590217284
-1.1020408163265305,0.09849570768209426,-0.5901549790192501,-0.12042177208491575,1.3877551020408163,0.47613908510882613,-6.176219565579633,0.6542289440875565,0.14209926902180658
-1.1020408163265305,0.08495926381805075,-0.6352024897475091,-0.12423795470125228,1.5510204081632653,0.4390886747560043,-5.945014585543225,0.6171802241219801,0.12257030858787843
-1.1020408163265305,0.07249660864488594,-0.6712710291253093,-0.12740544647980714,1.7142857142857142,0.40701098678934705,-5.745090755120823,0.5839244444350505,0.1045904977732448
-1.1020408163265305,0.061659082737934634,-0.6999935904664538,-0.12997944024869754,1.8775510204081634,0.37975699809791064,-5.571450499292277,0.5544780380818801,0.0889552528917803
-1.1020408163265305,0.05252223496428776,-0.7229257354130283,-0.13205374302839704,2.0408163265306123,0.35679075044235337,-5.41978960312606,0.5285504520189822,0.0757735679193825
-1.1020408163265305,0.04493593723447531,-0.7413670294574167,-0.13372451118661585,2.204081632653061,0.3374662630734428,-5.286512035099179,0.5057338347160222,0.06482885380587522
-1.1020408163265305,0.03867369251392394,-0.7563377093914276,-0.13507558207297363,2.36734693877551,0.321165850245955,-5.1686608693355,0.485621591596215,0.055794344402702034
-1.1020408163265305,0.033505857009246576,-0.7686160261738965,-0.13617498344868995,2.5306122448979593,0.3073525981106379,-5.063820668963781,0.46783383578103216,0.04833873374797504
-1.1020408163265305,0.029227350589554835,-0.7787921446791856,-0.13707662998038722,2.693877551020408,0.29557707761164764,-4.9700199794778035,0.4519935949528832,0.04216615375387356
-1.1020408163265305,0.025669556089762624,-0.7873066887164322,-0.1378219292754661,2.857142857142857,0.28548755743360676,-4.88564554432997,0.43783212654313886,0.03703334127252145
-1.1020408163265305,0.022692253788382244,-0.794499599400982,-0.13844289397784254,3.020408163265306,0.27678368451441304,-4.809371190379321,0.42510236480827884,0.03273800200709287
-1.1020408163265305,0.020186142377204064,-0.8006268331312869,-0.13896389511576346,3.183673469387755,0.26922763292928814,-4.7401005904112825,0.4136051523120123,0.029122447502270887
-1.1020408163265305,0.018063745794181907,-0.8058885178701539,-0.13941014334554927,3.3469387755102042,0.26268389739062914,-4.676920958043096,0.4032380998647978,0.0260604764771446
-1.1020408163265305,0.016244780089049282,-0.8104414914317714,-0.1397763169569616,3.510204081632653,0.25679235077672197,-4.619072023570142,0.39362127831772487,0.023436263674803115
-1.1020408163265305,0.014669232550937439,-0.8144093025731424,-0.14008263258501533,3.673469387755102,0.2513705572226183,-4.565811955066797,0.38451133376883284,0.021163229054884436
-1.1020408163265305,0.01298562446860374,-0.8178798949207587,-0.14026362374555437,3.836734693877551,0.24350782870769194,-4.515057065965566,0.37107219960943777,0.018734296023701358
-1.1020408163265305,0.012066629112039928,-0.8208922003478979,-0.14061711552545358,4.0,0.24278195040993686,-4.471057427688598,0.3690706123407031,0.017408465980186083
-0.8571428571428571,0.003261733636715336,0.03604241156210034,0.11847640661336405,-4.0,0.09123881616125118,-43.24147021448124,0.19162175438856663,0.0047056869423895975
-0.8571428571428571,0.012369529479128394,0.02595662728712917,0.1296652558548679,-3.836734693877551,0.09768063422021629,-41.62611169986331,0.1934113164857763,0.017845458837668193
-0.8571428571428571,0.0070292565695124765,0.047401717117140585,0.10741177928542042,-3.673469387755102,0.11885827376622356,-40.03266314968063,0.2289696142839227,0.010141073593971317
-0.8571428571428571,0.013285543318340087,0.14442645639456858,-0.0005630961091299998,-3.510204081632653,0.19673027799701148,-38.43608420161532,0.272697256368617,0.01916698746088441
-0.8571428571428571,0.010877270654641391,0.1731674352436848,-0.03287880695391022,-3.3469387755102042,0.19161248491661004,-36.83550401763964,0.27359026499106426,0.015692584431857615
-0.8571428571428571,0.010835536266531776,0.08867826100172445,0.06317441352812579,-3.183673469387755,0.18089793135369822,-35.242400870072984,0.2869758814308661,0.015632374437097418
-0.8571428571428571,0.009872839531689825,0.07794360134322496,0.0762030468681928,-3.020408163265306,0.17447675501600576,-33.649994183143704,0.2917694466504464,0.014243496631861419
-0.8571428571428571,0.0749932696672555,0.13204399298865865,0.01560421905664761,-2.857142857142857,0.25497810669816706,-32.06862624516168,0.3494966637449436,0.10819241824899839
-0.8571428571428571,0.017864353171032743,0.15500611453173282,-0.01116980370529975,-2.693877551020408,0.2265720817401724,-30.48450474271205,0.3348204541981899,0.025772813728538235
-0.8571428571428571,0.047570266933924854,0.11572394568665455,0.03340359866172844,-2.5306122448979593,0.2427094903755797,-28.906491519489748,0.3539619015008245,0.06862938819933762
-0.8571428571428571,0.22183361773454036,0.163402572642581,-0.02209756536249249,-2.36734693877551,0.3656463871091727,-27.33456000048483,0.3706375844569942,0.32003826020807935
-0.8571428571428571,0.09408569448762027,0.12898146129160676,0.023209856372988953,-2.204081632653061,0.3036198062101941,-25.797819071559765,0.43344855779859653,0.13573696485588416
-0.8571428571428571,0.09146690019904447,0.12557473151469783,0.030237251062893513,-2.0408163265306123,0.3185313860130115,-24.257449483487168,0.4685114901634934,0.13195884332264685
-0.8571428571428571,0.11144513022233782,0.12963467982134277,0.028866727549984907,-1.8775510204081634,0.35076422493790577,-22.73524397850514,0.509413269114268,0.16078133670299133
-0.8571428571428571,0.08898519706083685,0.1375652310938719,0.022729851867038846,-1.7142857142857142,0.3636558399253887,-21.23165988983626,0.5403239234273046,0.12837850251219685
-0.8571428571428571,0.020804681682395243,0.14468843792973285,0.012144270784315568,-1.5510204081632653,0.361492833155967,-19.74251686045839,0.5439258788107546,0.030014811090464555
-0.8571428571428571,0.14493551666492022,0.14774590239063445,0.022650455479049196,-1.3877551020408163,0.469418311733361,-18.34433010115243,0.6656902271295567,0.20909775114115936
-0.8571428571428571,0.13688284016340524,0.15679923024536527,0.017098474340616,-1.2244897959183674,0.5195228571020766,-16.979429623539037,0.7295719517581564,0.1974801946865412
-0.8571428571428571,0.12170276268008773,0.16535689124112526,0.005251268706516997,-1.0612244897959184,0.5786769790489599,-15.6982352671702,0.7980724545673161,0.17557997218104848
-0.8571428571428571,0.09841410822698493,0.16709412282263458,-0.01682176765701235,-0.8979591836734694,0.6352447924613418,-14.522318607099418,0.8769142592642423,0.14198154589258083
-0.8571428571428571,0.07225513036080078,0.15659708018326102,-0.045201583496809174,-0.7346938775510204,0.6765282859665565,-13.455012402846135,0.9176975710735877,0.10424211825031193
-0.8571428571428571,0.05120852010409993,0.13487014174941386,-0.07104620199189637,-0.5714285714285714,0.7024961021539374,-12.480309464100584,0.9322092525777556,0.07387827800544722
-0.8571428571428571,0.03812464871820209,0.10491246607307184,-0.08981545262480352,-0.40816326530612246,0.7187787818825037,-11.580249387510436,0.9443201098734734,0.0550022416413829
-0.8571428571428571,0.03295191389206309,0.06807362164822686,-0.10124183627050574,-0.24489795918367346,0.7287350463340007,-10.744265646156078,0.9531335212983493,0.04753956275987958
-0.8571428571428571,0.035694385391636274,0.02445026970783058,-0.10668897686544536,-0.08163265306122448,0.7331882016440492,-9.96816763588021,0.9453681041550106,0.05149611279209276
-0.8571428571428571,0.046023341658156136,-0.02626563586449255,-0.10805462029072657,0.08163265306122448,0.7317446502800965,-9.251054167639133,0.9385186107768378,0.0663976467753602
-0.8571428571428571,0.06211973402180404,-0.08434275738889355,-0.10735055120511887,0.24489795918367346,0.723692236764412,-8.593004387540972,0.9313284679220656,0.08961983221459757
-0.8571428571428571,0.08077420322722584,-0.14972047956898799,-0.10634358050716104,0.40816326530612246,0.7084173509269817,-7.993848344233076,0.9105707349731899,0.11653254242767641
-0.8571428571428571,0.09816873991753083,-0.22162613918202165,-0.10626037485748407,0.5714285714285714,0.685526410046136,-7.452825701639807,0.878994096055311,0.14162755424933993
-0.8571428571428571,0.1107929900458291,-0.29807828636928807,-0.10766302647703685,0.7346938775510204,0.6550197388336745,-6.968676593724839,0.8411643370545423,0.15984049730437766
-0.8571428571428571,0.11638202212238968,-0.3756334714436642,-0.11050104882456055,0.8979591836734694,0.6177443821458439,-6.5396464617081795,0.7995797825674438,0.16790376616460145
-0.8571428571428571,0.11459230324830005,-0.4499198610295677,-0.11430143230266308,1.0612244897959184,0.5758075623476009,-6.1631963534776615,0.7544850493009148,0.1653217476203661
-0.8571428571428571,0.10693888365803628,-0.5169606725982226,-0.11844389536783527,1.2244897959183674,0.5323101296994109,-5.835664781396528,0.7108781783752854,0.15428019713165098
-0.8571428571428571,0.09589002835737337,-0.5744052418717303,-0.12241148371018815,1.3877551020408163,0.49035954108446983,-5.552271808987229,0.6697889671025627,0.1383400683818845
-0.8571428571428571,0.08376095109750747,-0.6218136337595991,-0.12590735668576972,1.5510204081632653,0.4521389593265476,-5.307552044959678,0.631538732352766,0.12084150876851796
-0.8571428571428571,0.07210743337223469,-0.6600901018195096,-0.12883476170713576,1.7142857142857142,0.4186423809573155,-5.095954908573847,0.5969526808659017,0.10402903653735462
-0.8571428571428571,0.061702164211835386,-0.6907180860988796,-0.13121884500396458,1.8775510204081634,0.38995323006350774,-4.9123222655910554,0.5661962835976669,0.08901740632053068
-0.8571428571428571,0.05277977812246282,-0.7152277141850795,-0.13313645545634484,2.0408163265306123,0.3656581536908839,-4.752137360844991,0.5390562480694525,0.07614512415649743
-0.8571428571428571,0.04528864081962336,-0.7349499780438575,-0.13467462458700538,2.204081632653061,0.34515887539138734,-4.61158609035657,0.5151541669859291,0.06533769751907226
-0.8571428571428571,0.03905858398350981,-0.7509541381528033,-0.13591204114301172,2.36734693877551,0.3278446187575025,-4.487511587125762,0.49407209678336167,0.056349625417154936
-0.8571428571428571,0.03389039814878947,-0.764067085157692,-0.13691364764128244,2.5306122448979593,0.31316634228868656,-4.377325331178931,0.4754414699129779,0.0488935093430114
-0.8571428571428571,0.029602378283597464,-0.7749166407151311,-0.13773330449906201,2.693877551020408,0.3007030494936024,-4.2789103851304695,0.4589304417966081,0.04270720434826503
-0.8571428571428571,0.026011802208615986,-0.7839837594992015,-0.13840179239793443,2.857142857142857,0.28992692064237285,-4.190532715665622,0.44407750149432434,0.03752709805095433
-0.8571428571428571,0.02303148790671883,-0.7916372694248225,-0.13896414458935963,3.020408163265306,0.2807292086082607,-4.110746251856627,0.43079126996538813,0.033227413387317384
-0.8571428571428571,0.02051182237456395,-0.7980780153682856,-0.13946921101868653,3.183673469387755,0.27323965410204876,-4.038402817675384,0.4194500844833789,0.029592304419378213
-0.8571428571428571,0.01832116784888327,-0.8037120961809504,-0.13981657025470115,3.3469387755102042,0.26561049818464555,-3.972568770024557,0.40785151832507194,0.02643185799887826
-0.8571428571428571,0.016502302420048798,-0.808523271769485,-0.14014980084684064,3.510204081632653,0.2595986681635947,-3.91233983251758,0.3980955560058568,0.023807789864654705
-0.8571428571428571,0.015020417667337416,-0.8129079422931468,-0.14050909949246734,3.673469387755102,0.25725247854114736,-3.8559741362519997,0.39125484046021286,0.021669882080749048
-0.8571428571428571,0.013583225185374914,-0.816394624624726,-0.14067778652507573,3.836734693877551,0.24934672825160983,-3.8060871905554814,0.38065394844415446,0.01959645161421797
-0.8571428571428571,0.012355458992897805,-0.8195802624191,-0.14089152679962547,4.0,0.244904351493373,-3.7589959512712867,0.3728516022387945,0.01782515941696028
-0.6122448979591837,0.007135468503735032,0.25077087701685924,-0.12016336873551324,-4.0,0.08755381771605748,-42.519165005114104,0.17377745205099443,0.010294305024757922
-0.6122448979591837,0.003706490819858743,0.040078183976091024,0.1168606182980942,-3.836734693877551,0.09923086907873713,-40.921881399479076,0.20026282841989876,0.005347335924910102
-0.6122448979591837,0.008400594856111665,0.20627074649708313,-0.07105445374101374,-3.673469387755102,0.15834126069294946,-39.319570498174926,0.24236833601491908,0.012119496539429342
-0.6122448979591837,0.12311712142297071,0.1446324915248525,-0.0005160628304392964,-3.510204081632653,0.2524281731204755,-37.68289026634304,0.2595279953580845,0.17762046052544367
-0.6122448979591837,0.01706435720331223,0.054294377972940185,0.10425181423438123,-3.3469387755102042,0.14902108562870417,-36.12612481188042,0.2750099456301363,0.024618663513176653
-0.6122448979591837,0.13280324840709068,0.17385768513962355,-0.033789465545496715,-3.183673469387755,0.2583312456804626,-34.532209976801525,0.2982234219238268,0.19159458789085404
-0.6122448979591837,0.00767836590448856,0.08260005688326232,0.07279860820393046,-3.020408163265306,0.1776940356062231,-32.945185317379675,0.27651290191530353,0.01107754041253628
-0.6122448979591837,0.02650005343330264,0.06547871899783039,0.09583987766858193,-2.857142857142857,0.18897496267070268,-31.362927128699003,0.3332054489133069,0.03823149567151862
-0.6122448979591837,0.09916459599819949,0.15795657221632123,-0.0170759511874328,-2.693877551020408,0.27007020633357104,-29.779134575030472,0.34924896378471565,0.14306427087836004
-0.6122448979591837,0.11197216871070315,0.09342265121295819,0.06703155713919719,-2.5306122448979593,0.3036238649672224,-28.22622882293531,0.4298545602904827,0.16154169251651407
-0.6122448979591837,0.07670111830701898,0.1286036024949469,0.023573196494053424,-2.36734693877551,0.28729047581836825,-26.663336030448352,0.4181830047976339,0.11065632301217398
-0.6122448979591837,0.08483394092869445,0.12313644662150507,0.032501805655679845,-2.204081632653061,0.3057574039065596,-25.11611629039203,0.45077784588909364,0.12238950587689512
-0.6122448979591837,0.07722586755617722,0.12261816487527437,0.03547624072364782,-2.0408163265306123,0.31928595736835,-23.58213394045357,0.482880823025061,0.11141337615164426
-0.6122448979591837,0.11521654599881637,0.12957431486924706,0.0338482062269438,-1.8775510204081634,0.3666277026203487,-22.07140502134309,0.5376389734982991,0.1662223395408473
-0.6122448979591837,0.13831294509751513,0.1347807912192911,0.032179164708223774,-1.7142857142857142,0.40886619836654287,-20.586369908809374,0.5893447707604164,0.19954339998293236
-0.6122448979591837,0.1368588949071301,0.14023628018863607,0.028332192786691968,-1.5510204081632653,0.44192519198876656,-19.134542214337706,0.6393616794227447,0.19744564898405992
-0.6122448979591837,0.13733237502466467,0.15004832724627656,0.023767783004782533,-1.3877551020408163,0.4913874692630233,-17.733321552434827,0.7020959248945927,0.19812873640158646
-0.6122448979591837,0.12729349218577135,0.1587362195476045,0.014971378451036698,-1.2244897959183674,0.5458669046419679,-16.39980173547412,0.7637535730639108,0.18364568991385033
-0.6122448979591837,0.11001345599287427,0.16430271479119943,-0.0018859830184068868,-1.0612244897959184,0.604998701077825,-15.157020363465064,0.8358958568593556,0.15871586739197552
-0.6122448979591837,0.08575242386115733,0.1608272597761527,-0.02824715632986381,-0.8979591836734694,0.6549444042726031,-14.018599292277882,0.9012085727046449,0.12371459664869988
-0.6122448979591837,0.06062592627171237,0.146619359343994,-0.057687378725842245,-0.7346938775510204,0.6885722650257675,-12.97883597247796,0.928363259465048,0.08746472318149845
-0.6122448979591837,0.04027221693284977,0.12421088363593576,-0.0826760682671481,-0.5714285714285714,0.709216812065045,-12.020140265570168,0.936891270058815,0.058100527654626255
-0.6122448979591837,0.026361677177620058,0.09581519358096914,-0.10036801677304634,-0.40816326530612246,0.7221182394819159,-11.127238155175998,0.9522196207218504,0.03803186093366806
-0.6122448979591837,0.019290820376695494,0.06197123018648303,-0.11104060937389466,-0.24489795918367346,0.7300622611752708,-10.291691580738286,0.9580064385219894,0.027830770892138368
-0.6122448979591837,0.01983198444802281,0.02226894388173839,-0.11604130024941646,-0.08163265306122448,0.7337579694208861,-9.510347115684251,0.9502034845413996,0.02861150561414938
-0.6122448979591837,0.028249593253411254,-0.023999468853334545,-0.1170520257830129,0.08163265306122448,0.732788136245478,-8.782990234682027,0.9445316237326181,0.04075554809382709
-0.6122448979591837,0.04304925153035,-0.07746108614137938,-0.11584639006565,0.24489795918367346,0.7262747640725006,-8.110544271147482,0.9394104605458587,0.06210694169681785
-0.6122448979591837,0.06141512550127426,-0.138374763856939,-0.11406247842449016,0.40816326530612246,0.7132971620927877,-7.493928291130275,0.921624345077605,0.08860329699626224
-0.6122448979591837,0.07987859515998363,-0.20629358417456592,-0.11295149619096922,0.5714285714285714,0.6931228658222436,-6.933533771595586,0.8930142147469718,0.11524045311048559
-0.6122448979591837,0.09495029329672033,-0.2796389219573278,-0.11320678402068891,0.7346938775510204,0.6654165999294493,-6.429118776631844,0.8563695901603997,0.13698431727013105
-0.6122448979591837,0.10396420109887416,-0.3554069191730891,-0.11493864588460058,0.8979591836734694,0.6306280236231753,-5.979762953190555,0.8166354646720029,0.14998863735532852
-0.6122448979591837,0.10587270102327584,-0.4294773593643315,-0.11779879324084476,1.0612244897959184,0.5904205738741027,-5.583635875293882,0.7724096326057658,0.15274202073179977
-0.6122448979591837,0.10149125000409165,-0.4977175573290734,-0.12121822670786377,1.2244897959183674,0.5476026349168073,-5.237685748789365,0.7274443682165299,0.1464209230745248
-0.6122448979591837,0.09289594462421857,-0.557269989159668,-0.12466193465139404,1.3877551020408163,0.5053163373661892,-4.937586051694855,0.6857632509392341,0.13402051862805608
-0.6122448979591837,0.08237707916728865,-0.6071207813552401,-0.12778138950018647,1.5510204081632653,0.46604414841776626,-4.678103433690532,0.646442311743645,0.11884500359756478
-0.6122448979591837,0.07167619129286229,-0.6477617002930073,-0.13042899606031635,1.7142857142857142,0.4311391137846127,-4.453702407814105,0.6105661843970444,0.10340688572802081
-0.6122448979591837,0.06178899043865749,-0.6804719900882433,-0.13259433297851073,1.8775510204081634,0.400959048481797,-4.259088387093044,0.5784852379931231,0.08914267008738674
-0.6122448979591837,0.05312550286289652,-0.7067255168162418,-0.13433333912469655,2.0408163265306123,0.37524919582834787,-4.089533323415561,0.5500909267223352,0.07664389952503248
-0.6122448979591837,0.045748251390730355,-0.7278725997231491,-0.13572147700635173,2.204081632653061,0.3534816344020146,-3.9409934319488866,0.5250512936777437,0.06600077541074789
-0.6122448979591837,0.03955487873081265,-0.7450288568846578,-0.13683103517199532,2.36734693877551,0.3350643974006548,-3.810095103191228,0.5029607830609621,0.05706562738790755
-0.6122448979591837,0.03438322883206424,-0.7590725038242965,-0.1377226759412112,2.5306122448979593,0.3194411807465797,-3.6940592083183277,0.48341893776822176,0.04960451372576902
-0.6122448979591837,0.030067270064971563,-0.7706774367448267,-0.13844466601755404,2.693877551020408,0.3061319274038786,-3.5906074379132407,0.46609897087575275,0.04337790141580333
-0.6122448979591837,0.026454820014063962,-0.7803594034173188,-0.13903474508645164,2.857142857142857,0.29473244363063505,-3.4978721507510797,0.45063438409406026,0.03816623764189986
-0.6122448979591837,0.023420132772180358,-0.7885087548095111,-0.13952041292512232,3.020408163265306,0.28491922890150306,-3.414318035018505,0.4367689621578621,0.03378810940738486
-0.6122448979591837,0.02085456193783375,-0.7954293642807603,-0.13992434131841566,3.183673469387755,0.2764125325589924,-3.3386772863661505,0.4242680364418855,0.03008677308762442
-0.6122448979591837,0.01867605004037287,-0.8013487563741354,-0.1402632162503897,3.3469387755102042,0.2690187460786639,-3.269897142463253,0.41297360252343984,0.026943844776640358
-0.6122448979591837,0.016813800707764726,-0.8064563023193846,-0.14055083886309247,3.510204081632653,0.26255529717576404,-3.20709939363993,0.40271435412519835,0.02425718689958778
-0.6122448979591837,0.015213006043753863,-0.810890129992455,-0.14079354755400356,3.673469387755102,0.25683594549383054,-3.1495451118634157,0.39331538544220834,0.021947728376337405
-0.6122448979591837,0.013807594544232416,-0.8147578899728742,-0.14098909859463488,3.836734693877551,0.251523076063603,-3.096602557944085,0.38442616128260265,0.019920148175569974
-0.6122448979591837,0.012736201228173316,-0.8183046604960653,-0.14121763714476473,4.0,0.24883203354065236,-3.047386907406985,0.37809348093605355,0.01837445435164975
-0.3673469387755102,0.006211787855101347,0.04925059725960136,0.10783885004458756,-4.0,0.11545145423244339,-41.816867596192225,0.2186952378494393,0.008961715533609027
-0.3673469387755102,0.005362692706681438,0.05127959195797781,0.10644884604177386,-3.836734693877551,0.1175350311625349,-40.212868106281654,0.2136809217991771,0.007736730173740547
-0.3673469387755102,0.009931912851962155,0.20716150091876548,-0.07360982619190928,-3.673469387755102,0.15967287311432624,-38.60928072448862,0.24734297879764425,0.014328721418066959
-0.3673469387755102,0.011515238718910581,0.06615389398838241,0.09187708089739233,-3.510204081632653,0.15268474119489975,-37.01719055882484,0.266607714196946,0.016612977794424832
-0.3673469387755102,0.0709560799440021,0.06000133566666499,0.09758065107997993,-3.3469387755102042,0.24166822808124042,-35.40973005985465,0.3272284400543132,0.10236798465613228
-0.3673469387755102,0.013399723951389664,0.1929933519757832,-0.05863389471073117,-3.183673469387755,0.18861333028203,-33.82655524806312,0.2879295955728278,0.019331715293950502
-0.3673469387755102,0.013947571154997673,0.0684311305529183,0.09400244315648483,-3.020408163265306,0.17207559096475444,-32.246045639733595,0.3069593750820254,0.020122091737760694
-0.3673469387755102,0.02937700443529878,0.08317048507841737,0.07830387990824791,-2.857142857142857,0.2102963842647201,-30.67031924957833,0.3502741835810599,0.042382058614978124
-0.3673469387755102,0.036944032541499805,0.13140093263792205,0.01915816949533958,-2.693877551020408,0.2483742660125396,-29.098060398017946,0.3740201442768853,0.05329897253806193
-0.3673469387755102,0.10723641485760171,0.09449279180369251,0.0705731973724414,-2.5306122448979593,0.3071929420449324,-27.54006682631219,0.44432905723493665,0.1547094439177732
-0.3673469387755102,0.03632106599541385,0.11431227869802328,0.04440743477570809,-2.36734693877551,0.26723280316712905,-25.97905927957195,0.4243410388601057,0.05240022179138393
-0.3673469387755102,0.0943157055920325,0.11870433192168266,0.04437928210984748,-2.204081632653061,0.32262292283918625,-24.443409607945217,0.48260028434735275,0.13606880073556793
-0.3673469387755102,0.10140232763823431,0.12212825138509316,0.041634644702859706,-2.0408163265306123,0.3455747909764109,-22.919193420486508,0.5163860347305194,0.1462926352182783
-0.3673469387755102,0.0884497121306762,0.12852837355853536,0.035900140154414416,-1.8775510204081634,0.36265691619091234,-21.414126848083246,0.5497047369861706,0.12760596105898303
-0.3673469387755102,0.12899254590071663,0.13477908363655508,0.034884705198365264,-1.7142857142857142,0.41897053637162784,-19.94708619190607,0.6149804495401802,0.186096906282605
-0.3673469387755102,0.13534225665513788,0.14454863642728558,0.03080930366139407,-1.5510204081632653,0.46650345924689424,-18.517134485046398,0.6767845214884006,0.19525760249908908
-0.3673469387755102,0.13039646113080727,0.15271172760072,0.02323617201804784,-1.3877551020408163,0.5160907074942768,-17.14271622917536,0.7373008462590932,0.18812232782288607
-0.3673469387755102,0.11922411276172551,0.15983520939605983,0.010229877551862002,-1.2244897959183674,0.5738885111026255,-15.844821386288942,0.796830627637651,0.17200403623572802
-0.3673469387755102,0.10056789316304493,0.16091971754446968,-0.011942278797920194,-1.0612244897959184,0.6294567443066322,-14.641875996189142,0.8695825194412105,0.1450888007389759
-0.3673469387755102,0.07664273199533,0.15263973424417654,-0.04160416834211839,-0.8979591836734694,0.6715402173979187,-13.538538834467072,0.9166313557602213,0.11057208936984475
-0.3673469387755102,0.05313140862260579,0.13601533486666134,-0.0712603975315036,-0.7346938775510204,0.6981030088959356,-12.522955165179123,0.9328145520195623,0.07665241973527781
-0.3673469387755102,0.03367649734433442,0.11373698567290523,-0.09513526696357408,-0.5714285714285714,0.714080272402447,-11.578035882443878,0.9429481430877849,0.04858491571318169
-0.3673469387755102,0.019139373722931508,0.08715086361487559,-0.11169145327286144,-0.40816326530612246,0.7240572133508987,-10.691063550892205,0.9567236446300404,0.027612279555793595
-0.3673469387755102,0.010008142955096444,0.05621840495875885,-0.12157683535490371,-0.24489795918367346,0.7303154955734305,-9.855315983297292,0.9600217926232517,0.01443869820982524
-0.3673469387755102,0.007788408898083743,0.020208543780034387,-0.12609693383515228,-0.08163265306122448,0.733429318541977,-9.068486395664188,0.9524124918766814,0.011236298893680274
-0.3673469387755102,0.013727552413551836,-0.021838139474338675,-0.12673545091649072,0.08163265306122448,0.7329605768346713,-8.330907365027615,0.9479790001596098,0.01980467179057399
-0.3673469387755102,0.026578101222955786,-0.07080727653059031,-0.12504024230761343,0.24489795918367346,0.7279428174676058,-7.644150960588352,0.9449545229988118,0.03834409483060286
-0.3673469387755102,0.04384418766626186,-0.12723930248973586,-0.12250384030159901,0.40816326530612246,0.7172468490305721,-7.010014484594198,0.9303321701965307,0.0632537921179206
-0.3673469387755102,0.06250414353908984,-0.19101397878722629,-0.12036898437694002,0.5714285714285714,0.6998579610226263,-6.429903170646446,0.905096022712815,0.09017441791885616
-0.3673469387755102,0.07924282493159773,-0.260964428175216,-0.11943819722493919,0.7346938775510204,0.6751226501970072,-5.904559021789746,0.8708590764332556,0.11432323055484783
-0.3673469387755102,0.09113886950038652,-0.33455541699997465,-0.11998278019862119,0.8979591836734694,0.6431015554010057,-5.433930210595471,0.8327323642056105,0.13148559506043433
-0.3673469387755102,0.09651544741225515,-0.40800387133624616,-0.12179700228170733,1.0612244897959184,0.6049979988127322,-5.0169551195400555,0.7899450634418378,0.13924235735084034
-0.3673469387755102,0.09544685071054393,-0.4771421675582432,-0.1243871818964394,1.2244897959183674,0.5632536437574588,-4.651267196601158,0.7446373094200665,0.13770069818857067
-0.3673469387755102,0.08948925626175463,-0.538680365133128,-0.1272178382005811,1.3877551020408163,0.5209453794638584,-4.333084906192288,0.7020296164113856,0.1291057062216745
-0.3673469387755102,0.08078356459737734,-0.5910172999951667,-0.12989408044330403,1.5510204081632653,0.48079947919744964,-4.057499112375282,0.6618316695718826,0.11654604802996893
-0.3673469387755102,0.07119216819760799,-0.6341677102654557,-0.13221411523388882,1.7142857142857142,0.44453669940861634,-3.819059167061279,0.6247477419775344,0.10270858800882232
-0.3673469387755102,0.061921951177911216,-0.6691430227731574,-0.13412619435546955,1.8775510204081634,0.4128306468085009,-3.612371036951515,0.5913520392644334,0.0893344918865413
-0.3673469387755102,0.05357037344514537,-0.6973207434569854,-0.13566061725088255,2.0408163265306123,0.38562658352378554,-3.4325044548397154,0.5616736937020906,0.07728571210788093
-0.3673469387755102,0.04633031895148565,-0.7200519648098348,-0.13687840986923233,2.204081632653061,0.3624959572846563,-3.275177723822105,0.5354495073921814,0.06684052139411234
-0.3673469387755102,0.04017881445240801,-0.738494726668606,-0.13784335162689998,2.36734693877551,0.34288047735664356,-3.136784230191591,0.5122977366315171,0.0579657763592869
-0.3673469387755102,0.035000562573297866,-0.7535780561804947,-0.13861132708145155,2.5306122448979593,0.3262260759977111,-3.0143358028913876,0.4918197324068615,0.050495138052820465
-0.3673469387755102,0.03065398723654833,-0.7660249025233521,-0.13922719834552613,2.693877551020408,0.31203695962272715,-2.90537504578255,0.473659431266951,0.04422435536964153
-0.3673469387755102,0.027001523075962375,-0.7763908228157165,-0.13972543771601562,2.857142857142857,0.29989008710881215,-2.8078846253563823,0.45748641539259816,0.03895496343813987
-0.3673469387755102,0.02393691149538646,-0.7851024310928774,-0.1401338283968173,3.020408163265306,0.2894771000111656,-2.7202032597594545,0.4430532453668152,0.03453366350859177
-0.3673469387755102,0.02131455425321671,-0.7924832064887529,-0.14046763707169965,3.183673469387755,0.2803963304740607,-2.6409688871686847,0.42995555392530277,0.03075040171987453
-0.3673469387755102,0.0190965570115309,-0.7987878890826542,-0.14074772493867713,3.3469387755102042,0.2725353273847878,-2.5690385019318693,0.4181722060050641,0.027550508098588722
-0.3673469387755102,0.01719424838913075,-0.8042159263485937,-0.14098156926201094,3.510204081632653,0.2656530375083431,-2.503467540101029,0.40746471405091517,0.024806056882812122
-0.3673469387755102,0.015646496272762045,-0.8088693356701112,-0.14123476820731612,3.673469387755102,0.2606878122883569,-2.4433449134509386,0.39877843108947136,0.022573122580000327
-0.3673469387755102,0.014166096214731416,-0.8130222051469543,-0.14136250518541266,3.836734693877551,0.2545150922008289,-2.3883395975666617,0.38902868510398286,0.020437356757748493
-0.3673469387755102,0.012963319646069449,-0.8166248266949375,-0.14152178392060405,4.0,0.25010347157081064,-2.3374992302719972,0.3811356203428442,0.018702116966843096
-0.12244897959183673,0.005874858134912175,0.051036009194953914,0.10815493137925714,-4.0,0.11645524894355355,-41.106301434174014,0.21472713168068505,0.008475628697163451
-0.12244897959183673,0.008923780678401716,0.05236072141414879,0.1082300500264448,-3.836734693877551,0.12654687624865396,-39.50551874233866,0.23840510948286003,0.012874294130710506
-0.12244897959183673,0.011202167885232095,0.07203958783440163,0.08621566164544728,-3.673469387755102,0.15622248264823874,-37.90887748597627,0.2625683101582106,0.01616131205522997
-0.12244897959183673,0.01896102416354606,0.06638548565358247,0.0949445535139011,-3.510204081632653,0.16238707900801105,-36.313921254976954,0.28380702957882503,0.02735497553092392
-0.12244897959183673,0.049144161948287524,0.19674784890578836,-0.06398965443199854,-3.3469387755102042,0.19654109326567945,-34.714681669416166,0.2888714218821529,0.07090003873143802
-0.12244897959183673,0.03759442666950341,0.07392037702794804,0.0901434008635431,-3.183673469387755,0.20491311086320793,-33.13777169510484,0.33996315753920886,0.05423729292115631
-0.12244897959183673,0.02027851586509022,0.19425988050462487,-0.06342744699178908,-3.020408163265306,0.19868609770390286,-31.540880811198882,0.3026493865680282,0.029255714275153277
-0.12244897959183673,0.02754297835496189,0.16019720655757816,-0.01881409709210654,-2.857142857142857,0.23584949817742062,-29.97398624654189,0.35184016573917903,0.03973611828401591
-0.12244897959183673,0.04769528740947715,0.09852362707959068,0.0661446624674754,-2.693877551020408,0.2492115216244759,-28.413579996391853,0.3977333481377051,0.06880975461942684
-0.12244897959183673,0.047832281851881486,0.13296976203430794,0.02093559292242466,-2.5306122448979593,0.2726817811993061,-26.851855067269362,0.41399807748399853,0.06900739582211246
-0.12244897959183673,0.07618617153596996,0.11156825954760714,0.055953752866749515,-2.36734693877551,0.3024752294883574,-25.30967755434516,0.4668112066242795,0.10991341185925929
-0.12244897959183673,0.12672867017832812,0.11826838763178314,0.0518891110544797,-2.204081632653061,0.3565082654159032,-23.78156472742007,0.5163130489432416,0.18283082400472717
-0.12244897959183673,0.12533667014524652,0.12441311046835465,0.04876817327112598,-2.0408163265306123,0.37686055028320337,-22.267604914389203,0.5550261321016984,0.18082259246008237
-0.12244897959183673,0.12505720687994493,0.12985464017477333,0.04364432326696706,-1.8775510204081634,0.4019876097621754,-20.77870738915983,0.5960135659622089,0.18041941219312152
-0.12244897959183673,0.11350297223229311,0.14025923403957766,0.03791204726913143,-1.7142857142857142,0.4339529829872058,-19.320927777987432,0.6495038339003489,0.16375017516568713
-0.12244897959183673,0.1301234414705743,0.14801650651951706,0.03162053988663148,-1.5510204081632653,0.4894726734797968,-17.917723457638534,0.7125564044555738,0.18772844371300268
-0.12244897959183673,0.12521179972213958,0.15502640162332618,0.02039781811464409,-1.3877551020408163,0.5433150055875362,-16.57543272720007,0.7695319505834123,0.1806424425199129
-0.12244897959183673,0.11328379760578433,0.1589246545294388,0.00229771618544933,-1.2244897959183674,0.6015169856054079,-15.316515913178707,0.8335759757196629,0.16343397301893425
-0.12244897959183673,0.0942054190487902,0.15508753922340374,-0.024886238085975027,-1.0612244897959184,0.651015741035106,-14.153172370532936,0.8947622900686086,0.13590969088655624
-0.12244897959183673,0.07159219131207784,0.14302571591287222,-0.0566989635025971,-0.8979591836734694,0.6848894285533886,-13.081758642550357,0.9259032228577501,0.10328569937230858
-0.12244897959183673,0.050159736860366344,0.12515150689144242,-0.08588481049093777,-0.7346938775510204,0.7051319136354619,-12.08724961093873,0.9345179607317774,0.07236520362074561
-0.12244897959183673,0.03209345676312614,0.10358999020624356,-0.1084326059568143,-0.5714285714285714,0.717071023610664,-11.154155112638852,0.9452076747571808,0.046301070917146525
-0.12244897959183673,0.017660535808812883,0.07895151701994427,-0.1237835556503543,-0.40816326530612246,0.7245650183803123,-10.272014510894305,0.9576613030857118,0.02547876743081634
-0.12244897959183673,0.006982993640759494,0.050816603408334604,-0.13283539681654893,-0.24489795918367346,0.7294416592305856,-9.435498626010414,0.9589636353987396,0.010074330296082845
-0.12244897959183673,0.001301378936705122,0.018270325281531625,-0.1368356406989282,-0.08163265306122448,0.7321309665170171,-8.642995954126352,0.9517552206298653,0.0018774929383016392
-0.12244897959183673,0.0038168235789302063,-0.01978792643486774,-0.1370860954506499,0.08163265306122448,0.7321815396137471,-7.895266067247398,0.9486005992506645,0.005506512449270584
-0.12244897959183673,0.013887251876812057,-0.06441722421001107,-0.1349211282760689,0.24489795918367346,0.7286003649040195,-7.19435975912452,0.9476611436671675,0.02003506941425215
-0.12244897959183673,0.02906414071874841,-0.11639203250184052,-0.1316734205052612,0.40816326530612246,0.7201388806168746,-6.542754561231,0.9363289160479409,0.04193069168263763
-0.12244897959183673,0.046863080797892254,-0.17590313838639177,-0.12854258106112026,0.5714285714285714,0.7055663192713894,-5.942715881897874,0.9148168380848289,0.06760913426789772
-0.12244897959183673,0.06428324555239606,-0.24219337875468314,-0.1264105256261553,0.7346938775510204,0.6839410905603697,-5.395905196498476,0.8840554278662258,0.09274111957068953
-0.12244897959183673,0.07830306505190099,-0.31321474457645804,-0.12570179436367004,0.8979591836734694,0.6549501215778009,-4.903149401436306,0.8474640841647004,0.11296744363678313
-0.12244897959183673,0.08672284802348806,-0.3855958582574717,-0.1263675392148166,1.0612244897959184,0.6193307518817079,-4.4642037672473815,0.8067451836838494,0.12511462277525442
-0.12244897959183673,0.08887033538728395,-0.4552605288247197,-0.12801520368718805,1.2244897959183674,0.5790944236415415,-4.077457549201681,0.7623799677116466,0.12821279214537373
-0.12244897959183673,0.0856667869855221,-0.5185880235002387,-0.1301316142238223,1.3877551020408163,0.5371450790620494,-3.7397676530422714,0.7184193975284984,0.12359104875290328
-0.12244897959183673,0.07896123999419324,-0.5734029451975281,-0.1322858300508942,1.5510204081632653,0.4963729180960668,-3.4466523209841085,0.6776138674889527,0.11391698936206529
-0.12244897959183673,0.07064409728956567,-0.6191858288374796,-0.13422093491807477,1.7142857142857142,0.45885545331103217,-3.192832235049953,0.6394587063230727,0.10191788882773345
-0.12244897959183673,0.06210240326078087,-0.6566092683326012,-0.13583830272652114,1.8775510204081634,0.4256185139437801,-2.9728666455120103,0.604791520354777,0.08959482921161532
-0.12244897959183673,0.05412539563577279,-0.6869036568879073,-0.13713724044099826,2.0408163265306123,0.39685338350908983,-2.7816427660867435,0.5738174983055246,0.07808643986988217
-0.12244897959183673,0.04705091845816178,-0.7113950857542007,-0.13816053254385757,2.204081632653061,0.3722656593815519,-2.614638075602443,0.5463691702781576,0.06788012672886179
-0.12244897959183673,0.04094949325108033,-0.7312737969378872,-0.1389617391281255,2.36734693877551,0.35135380189017235,-2.4679982891769088,0.5221073385727619,0.05907763084024964
-0.12244897959183673,0.035761001998848796,-0.7475203341454656,-0.1395902002703681,2.5306122448979593,0.33357465322014396,-2.3385072923919386,0.5006431374245525,0.05159222024095911
-0.12244897959183673,0.031374637628698965,-0.7609093640691628,-0.1400865042398854,2.693877551020408,0.3184222106216228,-2.223509621128126,0.4815995512883838,0.04526403411661217
-0.12244897959183673,0.027670101678994863,-0.7720410901285667,-0.14048206929597323,2.857142857142857,0.30545740581313974,-2.1208210727256773,0.46466548066920654,0.039919518473179316
-0.12244897959183673,0.024537932487746383,-0.7813752479614902,-0.14080187032985558,3.020408163265306,0.29432935852184555,-2.0286443018508575,0.44953892593550837,0.0354007535137395
-0.12244897959183673,0.02187332317090851,-0.7892727757451211,-0.14106012934701812,3.183673469387755,0.28467787354139745,-1.9454967091873834,0.4359011424118134,0.03155653486643084
-0.12244897959183673,0.01947970373971164,-0.7959653606141932,-0.14121721574834303,3.3469387755102042,0.27500724429239687,-1.8696537851334438,0.421904550029682,0.02810327198326812
-0.12244897959183673,0.017655320686240872,-0.8017860555301589,-0.14145061689143543,3.510204081632653,0.26899569054489636,-1.8015769877653602,0.41244912572377274,0.02547124359934383
-0.12244897959183673,0.015991537818495383,-0.8068113159030056,-0.1416018446809397,3.673469387755102,0.2627087309682875,-1.7388943089168032,0.40236301338667235,0.02307091230693148
-0.12244897959183673,0.014524525100418018,-0.8111383893905829,-0.14172690956213999,3.836734693877551,0.2569411574403084,-1.681466260186321,0.39303917501581975,0.020954460333640235
-0.12244897959183673,0.01333231090657594,-0.814915086391786,-0.1419005515241144,4.0,0.2532361679957906,-1.6283815689515246,0.38577417691989824,0.019234458828506718
0.12244897959183673,0.007968363340874252,0.04602957398011837,0.11735488136241287,-4.0,0.11474180963701239,-40.39830955052053,0.22640379283388307,0.011495918275880701
0.12244897959183673,0.01758742857403406,0.19980395434339576,-0.06803867862424022,-3.836734693877551,0.1708139246710086,-38.79451629400738,0.25420345972170855,0.025373295985747113
0.12244897959183673,0.008122371048771448,0.230868139455731,-0.10711117295532303,-3.673469387755102,0.12843762991146507,-37.18971585240212,0.22646635631197348,0.011718104432322018
0.12244897959183673,0.012123018225129067,0.07820908893958363,0.08260836308640125,-3.510204081632653,0.16641019821734218,-35.61053383315996,0.2621391302796865,0.017489818273999536
0.12244897959183673,0.030666524786930438,0.07074628198465163,0.09625413995524727,-3.3469387755102042,0.19819595253486622,-34.026212122966115,0.33127999008939174,0.04424244323140236
0.12244897959183673,0.03406977932328448,0.08231630886756765,0.08319596708400226,-3.183673469387755,0.20622857860801316,-32.44353639189264,0.3408113758039513,0.049152301673883514
0.12244897959183673,0.03033006727051557,0.08358501033682365,0.08513880173387146,-3.020408163265306,0.21157812216603314,-30.86524403699128,0.35499523404088035,0.04375703764100125
0.12244897959183673,0.09573983322334967,0.09767066673216881,0.06698889760446707,-2.857142857142857,0.24240780488222224,-29.28641104941845,0.3209083392802254,0.1381233826068624
0.12244897959183673,0.04855400151740197,0.13432447329766645,0.01966236370949206,-2.693877551020408,0.2682421512318188,-27.72990858381165,0.4048751539700234,0.07004861720447098
0.12244897959183673,0.05995405863619241,0.12490183476739831,0.036975916930604445,-2.5306122448979593,0.28691358428654296,-26.179871576615625,0.438694606511117,0.08649542307560054
0.12244897959183673,0.09214480015410653,0.10837275753714645,0.06952652610887476,-2.36734693877551,0.3236117618126449,-24.646923642449565,0.4988958929692534,0.13293684622603363
0.12244897959183673,0.11224785917569036,0.11893454564033593,0.0563316949089928,-2.204081632653061,0.3565867945055675,-23.125193080410586,0.5336810512316545,0.1619394297831711
0.12244897959183673,0.11331170748304786,0.12595599704338176,0.05084388943266082,-2.0408163265306123,0.38076517539979066,-21.623124530601185,0.5732158451520708,0.1634742384604535
0.12244897959183673,0.12341216368420604,0.13370990460072157,0.04599688977986351,-1.8775510204081634,0.4184577440120244,-20.15163446124245,0.6251382863485487,0.17804611653258018
0.12244897959183673,0.12928176785488543,0.14257159925226615,0.03979539511446156,-1.7142857142857142,0.4634237258748615,-18.719525141177407,0.6826520756923994,0.1865141653616007
0.12244897959183673,0.12847829425562085,0.15097211456253637,0.02997906776365542,-1.5510204081632653,0.5151762446976379,-17.340605852389125,0.7433416593469129,0.18535499798445754
0.12244897959183673,0.12273134363281746,0.15618521738615135,0.014549865860057187,-1.3877551020408163,0.5726699320094001,-16.034211666575143,0.7976463985961626,0.1770639008207051
0.12244897959183673,0.11010515764013751,0.15549395854100848,-0.009171076369182367,-1.2244897959183674,0.6274301673499377,-14.816246513273764,0.8623938524258155,0.158848164903723
0.12244897959183673,0.09143462434649297,0.14708448705979674,-0.04054034385450944,-1.0612244897959184,0.6689970491855597,-13.690799210627512,0.9099205804842714,0.1319122791102303
0.12244897959183673,0.07086427251301086,0.13249937209453186,-0.07337430430945055,-0.8979591836734694,0.6949547399021007,-12.64788819708158,0.9288865431253582,0.10223553453072531
0.12244897959183673,0.05194734278863966,0.1143098607203912,-0.10152710772430261,-0.7346938775510204,0.7096737629355169,-11.671672457546794,0.9331407246226068,0.07494417382852925
0.12244897959183673,0.03582843197182517,0.09386584831528033,-0.12255145271242382,-0.5714285714285714,0.7181814233225172,-10.74867897728523,0.9468291554045309,0.051689501128579174
0.12244897959183673,0.022359693589714347,0.07123375925765714,-0.13661372792352253,-0.40816326530612246,0.7236169932378297,-9.870376828142255,0.9548639267326147,0.03225821905767701
0.12244897959183673,0.011396994145510764,0.045763704711768605,-0.1447752798741963,-0.24489795918367346,0.7273947092814953,-9.032581911270157,0.954632859521865,0.016442386934769182
0.12244897959183673,0.003568786460216966,0.0164547178721181,-0.14821378237155922,-0.08163265306122448,0.7298013019512519,-8.23425686964671,0.9480161809984793,0.005148670528146937
0.12244897959183673,0.0011687939718283413,-0.017853882448702025,-0.1480631321291878,0.08163265306122448,0.7303816365701981,-7.476486831084513,0.9461656659706877,0.0016862132669777097
0.12244897959183673,0.0067354913753219225,-0.058322924530862866,-0.14545638801589167,0.24489795918367346,0.7281639285792496,-6.761656303527572,0.9472632947244598,0.00971726000512696
0.12244897959183673,0.018414754830252233,-0.10590778390652,-0.14155573822676637,0.40816326530612246,0.7218580378440934,-6.092741446633632,0.9392753107489382,0.02656687547279102
0.12244897959183673,0.03401737732493193,-0.16107994117590643,-0.13748363847058062,0.5714285714285714,0.7100892041271283,-5.472705034542271,0.9217589474783222,0.04907670157072763
0.12244897959183673,0.050883770524669636,-0.2234774383018227,-0.13416490082031646,0.7346938775510204,0.6916714753580757,-4.904034764279083,0.8949671427745406,0.07340976339767291
0.12244897959183673,0.06601739059242617,-0.2915460214426387,-0.1321599240342864,0.8979591836734694,0.6659427172735929,-4.388418064925874,0.8603850828556313,0.0952429620201225
0.12244897959183673,0.07681878168031564,-0.36238596782913185,-0.1315848626585086,1.0612244897959184,0.6331795730360402,-3.9264573334709025,0.8224054209777876,0.11082607537732381
0.12244897959183673,0.08190153792147536,-0.43213704498712463,-0.13217394651330547,1.2244897959183674,0.5949145065087675,-3.5173584725340796,0.7796268872378387,0.11815894260049165
0.12244897959183673,0.08146122963776237,-0.4969733933871943,-0.1334639768247319,1.3877551020408163,0.5537700473713194,-3.1587077141367783,0.7349637220147192,0.11752371202311629
0.12244897959183673,0.07690277660144207,-0.5541907112398476,-0.13500438831927924,1.5510204081632653,0.5126971320237294,-2.8465617280063715,0.6936536368886447,0.11094725443349152
0.12244897959183673,0.07002235026415238,-0.6026934789093249,-0.13648603610403426,1.7142857142857142,0.47409352226802365,-2.5759157952381075,0.6546318676399111,0.10102089747748266
0.12244897959183673,0.06233095034418157,-0.6427404991885586,-0.13775888023361477,1.8775510204081634,0.43936278631617764,-2.3413535289550063,0.6187812462679181,0.08992455295544755
0.12244897959183673,0.05480130758278734,-0.6753530514192524,-0.13878543976099572,2.0408163265306123,0.40899035333649436,-2.137613195335397,0.5865257648869384,0.07906157468391894
0.12244897959183673,0.04792734621741723,-0.7017963563128682,-0.13958593783670395,2.204081632653061,0.3828583691176733,-1.959936378279179,0.5578278036830437,0.06914454471083609
0.12244897959183673,0.041886713270956166,-0.723278317444695,-0.14020072576076226,2.36734693877551,0.360549019517673,-1.8042095528386335,0.5324116513311585,0.0604297535151459
0.12244897959183673,0.036684926842636356,-0.740827479662637,-0.1406713027988743,2.5306122448979593,0.3415460616955919,-1.6669700009314135,0.5099116172945204,0.05292516203124631
0.12244897959183673,0.03224906281161877,-0.7552734688693086,-0.14103359945555677,2.693877551020408,0.32534379389594964,-1.5453440372506377,0.48995547340645645,0.04652556299163901
0.12244897959183673,0.02847948607359463,-0.7672606017735255,-0.14131318544824867,2.857142857142857,0.31147633843896866,-1.4369617916170931,0.4721904619535403,0.04108721332544096
0.12244897959183673,0.0252753594411117,-0.7772956861806127,-0.14153254448579838,3.020408163265306,0.29956375081059167,-1.3398712229577632,0.4563426780591811,0.03646463572237746
0.12244897959183673,0.022545783308664413,-0.785764925862941,-0.14170684368790445,3.183673469387755,0.28928226715852823,-1.2524616797003676,0.4421132833215311,0.03252668977236661
0.12244897959183673,0.020212022998258083,-0.792969796974013,-0.1418471422963818,3.3469387755102042,0.2803646668137567,-1.1733992934075146,0.4292824427483846,0.029159785345920675
0.12244897959183673,0.01821242163024106,-0.7991425907400644,-0.1419625841345695,3.510204081632653,0.2726325847023608,-1.1015739921503707,0.41770916120439733,0.02627497036852766
0.12244897959183673,0.016432967265089582,-0.8044603162112816,-0.14202733053878522,3.673469387755102,0.2650983046494988,-1.0358545007576323,0.4062217234945954,0.023707760380435428
0.12244897959183673,0.014976912819936183,-0.8091052945963311,-0.14213447892169648,3.836734693877551,0.2597819526048703,-0.976070853728843,0.39745589211618326,0.02160711785314806
0.12244897959183673,0.013616797615909837,-0.8131199635387727,-0.14217642216324153,4.0,0.2539252711690093,-0.9207702072667892,0.38799144192025314,0.019644886393261007
0.3673469387755102,0.01638693534736535,0.06002561781817817,0.1042969775939743,-4.0,0.14625087597303535,-39.696336494585665,0.26206438845650554,0.02364135036101178
0.3673469387755102,0.01807107293323007,0.0499022211668676,0.11957130131457287,-3.836734693877551,0.14300486149669325,-38.09817025808821,0.2680472848603066,0.02607104730431331
0.3673469387755102,0.1101784365138585,0.19231075026344366,-0.05860450249880206,-3.673469387755102,0.22538911612155962,-36.493303221008524,0.26946339170242894,0.1589538839714426
0.3673469387755102,0.035244611336416654,0.10612159742255516,0.04888207059892295,-3.510204081632653,0.2083904379066552,-34.91220844808244,0.30388572121166496,0.05084722599310654
0.3673469387755102,0.038597901152626735,0.14027599939464128,0.007094601879659205,-3.3469387755102042,0.23239820516781823,-33.33113575412116,0.3360297791908418,0.055685000581617405
0.3673469387755102,0.18034071361241044,0.1976192989196032,-0.07276465557920017,-3.183673469387755,0.26502295028327355,-31.721142620248987,0.22277118485540204,0.2601766531990015
0.3673469387755102,0.15471425140941242,0.11555532681118619,0.04669754278062988,-3.020408163265306,0.32225767262903204,-30.184130567736588,0.397014023916468,0.22320548326320733
0.3673469387755102,0.06071544819931485,0.09862151523399935,0.07570406649075416,-2.857142857142857,0.26275528491675954,-28.61920147141192,0.4153245511789444,0.08759387602250213
0.3673469387755102,0.040008272591420146,0.1016100489110238,0.07161230786384333,-2.693877551020408,0.2389840325840542,-27.051033784102067,0.37510751649163687,0.05771973646217532
0.3673469387755102,0.07689045031107411,0.10881087926449315,0.07182977197690357,-2.5306122448979593,0.3050518295446179,-25.519931252136608,0.47772524586554105,0.1109294713555058
0.3673469387755102,0.08742503272874536,0.12216744795711333,0.05480852525283392,-2.36734693877551,0.3307790217173992,-23.98840526499657,0.5061759517206683,0.12612766116731633
0.3673469387755102,0.09809538039632826,0.12305764013826503,0.05786396005409067,-2.204081632653061,0.3585920353216202,-22.478739812458464,0.550607682353308,0.14152171883189935
0.3673469387755102,0.11723614180979447,0.12942802983519114,0.05952156945171916,-2.0408163265306123,0.4013765626119696,-20.996134529030098,0.6077828411518322,0.16913600040194554
0.3673469387755102,0.12590123891195248,0.1395471105501749,0.04972992035596742,-1.8775510204081634,0.44160079726241974,-19.54205261092509,0.659032993076572,0.1816370930200506
0.3673469387755102,0.1289476702169805,0.14744684740400377,0.03972852389121406,-1.7142857142857142,0.4884104991849783,-18.133814876840177,0.716095227387377,0.18603216435622372
0.3673469387755102,0.12880178185389224,0.15350226502515577,0.025718049543676045,-1.5510204081632653,0.5440644929508458,-16.787681249734696,0.7729239452547101,0.1858216919382727
0.3673469387755102,0.12289872055586781,0.1549028355794196,0.00494548127705703,-1.3877551020408163,0.6016227599492209,-15.52125251851756,0.8309648397631046,0.17730537467754903
0.3673469387755102,0.11001210753927704,0.14940682929349364,-0.024284456951927998,-1.2244897959183674,0.6502478123849668,-14.344700970568482,0.8863987970110664,0.1587139219846585
0.3673469387755102,0.09256573215068387,0.1374210447757153,-0.05867545127640724,-1.0612244897959184,0.6830229649193337,-13.25441712778028,0.9171283634693127,0.13354412273004712
0.3673469387755102,0.07465105100823721,0.12150661484040197,-0.09149624371215889,-0.8979591836734694,0.7017441107613779,-12.236647139653565,0.9246121810914891,0.10769870108673274
0.3673469387755102,0.058636712553471915,0.10369428052804312,-0.1181285225436809,-0.7346938775510204,0.7117470402682332,-11.27625032753052,0.9318423005624072,0.08459489441492529
0.3673469387755102,0.04485260766107246,0.08462671066937236,-0.13743449792097734,-0.5714285714285714,0.7174120865783928,-10.361809987330446,0.9437262263638256,0.06470863464356746
0.3673469387755102,0.032825218065146045,0.06400447523470286,-0.15011371409622767,-0.40816326530612246,0.7211965604936397,-9.486432264581778,0.9481790608439712,0.047356779318683984
0.3673469387755102,0.02224436061837154,0.041055769822077405,-0.15732340280605822,-0.24489795918367346,0.7241388211158829,-8.646888598556615,0.9468606364601346,0.032091828751870555
0.3673469387755102,0.013449386865200585,0.014761600718662757,-0.1601597885962268,-0.08163265306122448,0.7263914261359519,-7.842618147530557,0.9410170234571004,0.019403363733422108
0.3673469387755102,0.007732761415473188,-0.016039938887554315,-0.15959992521851044,0.08163265306122448,0.7275055925056725,-7.07494716023367,0.9404854350343895,0.011156016546480352
0.3673469387755102,0.0073447526197700785,-0.05255205571145178,-0.15658789172880092,0.24489795918367346,0.7265661837087637,-6.346472398693724,0.9435404787074154,0.01059623818109845
0.3673469387755102,0.01360286904086605,-0.09585625350399554,-0.15210943088420661,0.40816326530612246,0.7223065902034137,-5.660506045622768,0.9388757396840027,0.019624791707119282
0.3673469387755102,0.025304182609685144,-0.14666269881139454,-0.14717910021711206,0.5714285714285714,0.7132816262973883,-5.020542885567774,0.9255300728529268,0.03650621876474114
0.3673469387755102,0.040084693152328876,-0.20497720690833335,-0.14272357714234135,0.7346938775510204,0.698117454871616,-4.4297788001918015,0.9031266123218528,0.05782998802642014
0.3673469387755102,0.055036361583542304,-0.2697325142791408,-0.13941131921089248,0.8979591836734694,0.6758391799301415,-3.8907128076898587,0.8721359510451758,0.07940068592514837
0.3673469387755102,0.06728061423967469,-0.3385431122755787,-0.13752243158943783,1.0612244897959184,0.646279996078369,-3.404801452224177,0.8364688803317551,0.09706540851154122
0.3673469387755102,0.07478417168501061,-0.4078797007546849,-0.13694060634121819,1.2244897959183674,0.6104622966124256,-2.9721132442868017,0.7959889085051893,0.10789075362695355
0.3673469387755102,0.07696139898236809,-0.47385451916587945,-0.1372839981222911,1.3877551020408163,0.5706260885287529,-2.591046842383224,0.7523713037061432,0.11103182865173933
0.3673469387755102,0.07462349292167558,-0.5333154166851715,-0.13810573097909234,1.5510204081632653,0.5296610440323124,-2.2583116513495725,0.7097640329482513,0.10765894317191371
0.3673469387755102,0.06932313592857686,-0.5845734944683805,-0.13905276635302513,1.7142857142857142,0.49021851286000234,-1.9692960404678017,0.6701629719480908,0.10001214442302908
0.3673469387755102,0.06260839420773023,-0.6274007122985432,-0.13992132397686438,1.8775510204081634,0.4540869938151873,-1.718699384520685,0.6332751709465566,0.0903248198415132
0.3673469387755102,0.055608445792811656,-0.6625365901083441,-0.14063135528517312,2.0408163265306123,0.42209214725544697,-1.5011619664932516,0.5997882116165898,0.08022602897683218
0.3673469387755102,0.0489771743589853,-0.6911383029588437,-0.1411754337434103,2.204081632653061,0.3943410971371775,-1.3117053993162548,0.5698344172252524,0.07065912656446205
0.3673469387755102,0.04301175733303575,-0.7144086156504429,-0.1415773341803149,2.36734693877551,0.370534811992744,-1.1459505140583504,0.5432295343596436,0.06205284900428998
0.3673469387755102,0.03779459915823313,-0.7334170286933747,-0.14186850475936325,2.5306122448979593,0.35020417762661327,-1.0001706493857592,0.5196474983455152,0.05452608077796839
0.3673469387755102,0.033298371288131845,-0.7490457268535066,-0.14207761932529983,2.693877551020408,0.332847351355785,-0.8712530645544383,0.49872323750811043,0.048039395127067674
0.3673469387755102,0.029447956079342807,-0.7619947070140914,-0.1422268828130399,2.857142857142857,0.3179881214428755,-0.7566216735454558,0.48009744787818404,0.042484420199983663
0.3673469387755102,0.026160712652547158,-0.7728131043560785,-0.14233614467366104,3.020408163265306,0.3052485980274963,-0.6541514242945309,0.46349928522424094,0.03774193040995044
0.3673469387755102,0.023347931969288638,-0.781924115376494,-0.14241486480118315,3.183673469387755,0.2942516208122687,-0.5620883367672399,0.4486171448235911,0.03368394566710586
0.3673469387755102,0.020937723291360344,-0.7896583484490863,-0.1424743813539827,3.3469387755102042,0.2847458475486098,-0.47898068891156975,0.4352335780698842,0.030206749559950286
0.3673469387755102,0.018860397813559082,-0.7962711994108302,-0.1425165936155884,3.510204081632653,0.27643461197472946,-0.40362212114996043,0.4230904036524395,0.02720980239481463
0.3673469387755102,0.0170481267906466,-0.8019500598697155,-0.14253782328657078,3.673469387755102,0.26897099997969903,-0.3348954211230413,0.41176729082285524,0.024595247977312606
0.3673469387755102,0.015507275953695387,-0.8069048052163145,-0.1425750371090255,3.836734693877551,0.2627887776978975,-0.2722830166572011,0.4020260494622154,0.02237227011609333
0.3673469387755102,0.014117920971120856,-0.8111988306675361,-0.14259936945699267,4.0,0.25732550444722885,-0.21470481109139017,0.3930833505220308,0.02036785457269863
0.6122448979591837,0.010000113868142924,0.0545276137009267,0.11467486559287203,-4.0,0.1268560504690439,-38.99233006601949,0.23654636019876746,0.014427114685894527
0.6122448979591837,0.020146919204604652,0.06104581828163775,0.10971436370360746,-3.836734693877551,0.15769340811967142,-37.401058727609346,0.28399538066858027,0.02906586042567305
0.6122448979591837,0.1975956546422435,0.12105604076050117,0.03156572954625493,-3.673469387755102,0.2849798759325077,-35.797129441933954,0.21106116564805913,0.2850702710535731
0.6122448979591837,0.03663777251511169,0.09450823779983916,0.07104754657200034,-3.510204081632653,0.21258450220618105,-34.227327063633254,0.33513660281419644,0.05285713271676906
0.6122448979591837,0.019085763490915175,0.08537308999394534,0.08450165359077691,-3.3469387755102042,0.18537221099539497,-32.63948555183357,0.2878652823423612,0.027534936339923544
0.6122448979591837,0.055703059034496016,0.08784534037382521,0.08987647029503106,-3.183673469387755,0.24007372937197916,-31.07440630134671,0.38469856427027677,0.08036252703141233
0.6122448979591837,0.08462941060049967,0.08642107688729665,0.08497052863558548,-3.020408163265306,0.27726178716310196,-29.476192386625616,0.40414616581244117,0.12209443098669581
0.6122448979591837,0.0632435927865378,0.10400268991791997,0.07604393307814279,-2.857142857142857,0.27357600363896506,-27.947752804307616,0.4301731782333667,0.09124121768113946
0.6122448979591837,0.05266146510669123,0.09719722895915676,0.09265169009286259,-2.693877551020408,0.2710431579996358,-26.397480659690803,0.4482531075849886,0.07597443455537078
0.6122448979591837,0.08833894122690045,0.11306730039517242,0.0761627437955247,-2.5306122448979593,0.3238815149248685,-24.86671623395317,0.5020856505401482,0.12744615242543134
0.6122448979591837,0.10118224169943235,0.1194202915401229,0.07036734976359169,-2.36734693877551,0.35216859496897135,-23.348504338030818,0.5410697848531454,0.1459751183257989
0.6122448979591837,0.11207420432893822,0.12827123857159636,0.06786533129810632,-2.204081632653061,0.3846919010524255,-21.851498082442465,0.5868818436327345,0.16168889879693493
0.6122448979591837,0.12070380631755495,0.13564410954546677,0.05738880603929726,-2.0408163265306123,0.41881702921661185,-20.381337802791208,0.6327852631292772,0.17413878279075812
0.6122448979591837,0.12711931804947318,0.14392743813145886,0.04918607981004635,-1.8775510204081634,0.46251579379788016,-18.950064125491643,0.6878082399188531,0.18339440975116128
0.6122448979591837,0.13151149540866958,0.15072851036758841,0.0361695411877963,-1.7142857142857142,0.5151082200278319,-17.57091321639929,0.7457785151728248,0.18973098224597962
0.6122448979591837,0.1322033144418049,0.15399935926163916,0.017772840112408733,-1.5510204081632653,0.5745002522673683,-16.262214945459974,0.7976646792376133,0.19072906613427554
0.6122448979591837,0.12589701319162017,0.15078608839184746,-0.008879415409990448,-1.3877551020408163,0.6288241589954575,-15.03829944155235,0.8555131088297584,0.18163099659428283
0.6122448979591837,0.11325376571438395,0.1409624304859798,-0.0429648820308273,-1.2244897959183674,0.6689275906053834,-13.90205875393278,0.8995677366666425,0.16339064615814225
0.6122448979591837,0.09787183665131738,0.1266575449717142,-0.07905063621218249,-1.0612244897959184,0.6929120042687931,-12.843653295034112,0.9173888940696894,0.14119921337955033
0.6122448979591837,0.08312967107971425,0.11039598507963042,-0.11091185759579016,-0.8979591836734694,0.7052853391651102,-11.847871588307644,0.9172348306557372,0.11993076421743387
0.6122448979591837,0.07022524677559328,0.09344824201272206,-0.13557519925292819,-0.7346938775510204,0.7113797763311511,-10.90107042762474,0.9279538661351558,0.10131361526835159
0.6122448979591837,0.0588239730860487,0.07591318991086855,-0.15296880626523635,-0.5714285714285714,0.7147771414200385,-9.993761802019034,0.93581400392755,0.08486505425662783
0.6122448979591837,0.048240784447418195,0.05726587877022075,-0.16416949850348908,-0.40816326530612246,0.7173010395918256,-9.120449081788847,0.9374961262820418,0.06959674049088349
0.6122448979591837,0.038104245085476496,0.036688470401638376,-0.17036974061825552,-0.24489795918367346,0.7196537476787189,-8.278712947815077,0.9355297544208505,0.05497280542163496
0.6122448979591837,0.02860315558510984,0.013190533078745117,-0.1725708076898861,-0.08163265306122448,0.7218695626834304,-7.468389119547579,0.930634661320695,0.041265630716413426
0.6122448979591837,0.02060851871752889,-0.01434902536851222,-0.17160130388496575,0.08163265306122448,0.7235161928993934,-6.690975061077078,0.931429462538022,0.029731807753845985
0.6122448979591837,0.01573690154047025,-0.047127779957852764,-0.16822921365630444,0.24489795918367346,0.7237600465788622,-5.949179660581039,0.9363352531129747,0.022703549811394108
0.6122448979591837,0.015965957419359578,-0.0863003627942778,-0.16326339948671795,0.40816326530612246,0.7214097108012171,-5.2465090089437645,0.934897997117217,0.02303400759195462
0.6122448979591837,0.02216052950559333,-0.1327656396069616,-0.15758571933968746,0.5714285714285714,0.7150200074210239,-4.586828469110055,0.9257872904907016,0.03197088602119269
0.6122448979591837,0.03312168855800346,-0.18685754957206477,-0.1520824300860761,0.7346938775510204,0.7030958130887435,-3.9739052027452897,0.908084673708497,0.047784495828500084
0.6122448979591837,0.04631869338284744,-0.24797509517774907,-0.1474924167490061,0.8979591836734694,0.6843990589757076,-3.410970105428594,0.8816473171059254,0.06682374924388945
0.6122448979591837,0.058766171642899545,-0.31427038675466284,-0.14424678625431891,1.0612244897959184,0.6583498344792378,-2.9003131584341286,0.8484387015717029,0.08478166440124024
0.6122448979591837,0.06789701478429744,-0.3826433503054787,-0.14239465521937836,1.2244897959183674,0.6254487428005296,-2.442891323748829,0.8110122690552655,0.0979546865204699
0.6122448979591837,0.07233798689846194,-0.44929570640251654,-0.141668246474948,1.3877551020408163,0.5874675053807678,-2.03798539413394,0.7691574455874075,0.10436165496630156
0.6122448979591837,0.07217714325342617,-0.5107438623890278,-0.14165461004487612,1.5510204081632653,0.5471017465704043,-1.6830691293299052,0.7257358380877185,0.10412960663724968
0.6122448979591837,0.06855569755963242,-0.56472189593211,-0.14197224885933138,1.7142857142857142,0.5071578928617789,-1.3740541933221742,0.6859010162807673,0.09890496489396527
0.6122448979591837,0.06293800706131258,-0.6104522967123265,-0.1423651592683625,1.8775510204081634,0.469790099595969,-1.1058681732343787,0.6481957920528416,0.09080035067078995
0.6122448979591837,0.05655700233251859,-0.6483121032931961,-0.14270578962176073,2.0408163265306123,0.43620203011386227,-0.8731251944082807,0.6135753711185232,0.08159450679266955
0.6122448979591837,0.050218135782657436,-0.6792903707357297,-0.14295343640725408,2.204081632653061,0.40677843894423604,-0.6706575783881232,0.5823875350966446,0.07244945545632753
0.6122448979591837,0.044346964754477414,-0.7045522475012044,-0.14311125274713848,2.36734693877551,0.3813818514670838,-0.493822019242151,0.5545740202374323,0.06397914612976185
0.6122448979591837,0.03911414335648544,-0.7251953557426847,-0.1431980271616882,2.5306122448979593,0.35961794415528964,-0.3386134673579341,0.5298707914397475,0.05642978064902149
0.6122448979591837,0.03454662156460686,-0.7421537759869968,-0.1432342728243278,2.693877551020408,0.34100723912960884,-0.20165923523175736,0.5079361702478544,0.049840239610725146
0.6122448979591837,0.03060214405822914,-0.7561833158961893,-0.14323750660879192,2.857142857142857,0.32507861495098794,-0.08015525353435388,0.4884226419909567,0.044149561473376675
0.6122448979591837,0.02721083159379778,-0.7678802744705747,-0.1432204123000713,3.020408163265306,0.3114060604134719,0.028216810856516214,0.4710058752256064,0.039256931798836714
0.6122448979591837,0.024219413731282335,-0.7776551574716377,-0.14319851690403018,3.183673469387755,0.29975757885929377,0.1255544194609688,0.4555138075800313,0.03494122808335964
0.6122448979591837,0.021791627870198615,-0.7860352182453649,-0.14316136416464342,3.3469387755102042,0.2894587833878365,0.2128942993411151,0.44144230711551313,0.03143867346123308
0.6122448979591837,0.019629878273127455,-0.793135105436762,-0.14312314751491023,3.510204081632653,0.28058226900342736,0.29209807233403656,0.42877322712758037,0.028319928037894737
0.6122448979591837,0.01775382549826854,-0.7992420908840019,-0.14308867450907567,3.673469387755102,0.2728621051957276,0.36408287356295926,0.4173110209944012,0.025613356003159726
0.6122448979591837,0.016114482875248637,-0.8045247441833283,-0.1430556602019617,3.836734693877551,0.26611646383794424,0.42978652706860915,0.406905784176824,0.023248284530611674
0.6122448979591837,0.014707726147602518,-0.8091109123352721,-0.14302245749419745,4.0,0.26000932524179377,0.4899202981189267,0.3972164894277573,0.02121876357589958
0.8571428571428571,0.019565544421902503,0.060766127705365935,0.11227268479823391,-4.0,0.1557837647668729,-38.29750104934119,0.27949330459795585,0.028227113909771173
0.8571428571428571,0.024383752675746884,0.051259987756318535,0.1304848843369214,-3.836734693877551,0.18404122130334452,-36.7061062034573,0.29712710450687196,0.035178319063562835
0.8571428571428571,0.012106669431152906,0.05315903648444869,0.13098080435297282,-3.673469387755102,0.13628803446004373,-35.11205851874995,0.24169266909430479,0.017466231950006517
0.8571428571428571,0.0351225041313139,0.07249771168914466,0.10949186087511201,-3.510204081632653,0.2020679526626664,-33.54117462890191,0.3434047182517012,0.05067106253384823
0.8571428571428571,0.048937480783884935,0.08280387281597872,0.09738375659707664,-3.3469387755102042,0.20180382989249726,-31.960630825696036,0.33086129526131364,0.07060186084050946
0.8571428571428571,0.03594560426561055,0.09160193213826343,0.08468529557816715,-3.183673469387755,0.21025670348115733,-30.380047252719184,0.33553350679192884,0.05185854501575404
0.8571428571428571,0.05555935057928063,0.13822708868812372,0.014599150013914347,-3.020408163265306,0.26934487345067726,-28.825158996472485,0.4009172576914226,0.08015519955573946
0.8571428571428571,0.07374014050003086,0.09775741633537785,0.10026616203011272,-2.857142857142857,0.28941103475354485,-27.288172779652697,0.4576141907628247,0.10638453501384948
0.8571428571428571,0.07693940506541108,0.13737323108308822,0.024922501610371524,-2.693877551020408,0.30863393781455767,-25.733766428051673,0.46270694050338895,0.11100009813681622
0.8571428571428571,0.08847316964314555,0.1274428826741524,0.05336497898710742,-2.5306122448979593,0.33131354235271193,-24.215782509348454,0.5029338839739367,0.12763980309589362
0.8571428571428571,0.10320093917319961,0.12546205876159333,0.07130643057031665,-2.36734693877551,0.36520808235421187,-22.716397112538885,0.5623464442353151,0.1488874831602578
0.8571428571428571,0.09879876071937654,0.13340319900228978,0.07278088357356241,-2.204081632653061,0.38954118536923293,-21.231921822632746,0.6069106967500466,0.14253648213581904
0.8571428571428571,0.12441801985770273,0.14225316226581597,0.06054199442324636,-2.0408163265306123,0.4400453568084065,-19.785290372297844,0.6615311686357513,0.17949726024593193
0.8571428571428571,0.13205532147953503,0.149289724039884,0.047775455649128884,-1.8775510204081634,0.48880350846321485,-18.37904140258415,0.7181779273815514,0.1905155574215236
0.8571428571428571,0.13802987195049377,0.15319376554782402,0.030000851653743804,-1.7142857142857142,0.5465779266097198,-17.033951497371714,0.7723211574699032,0.1991350117575159
0.8571428571428571,0.1384485400190132,0.15173467982003427,0.005444620823446873,-1.5510204081632653,0.6050596098579694,-15.766826991447306,0.8273259429816762,0.19973902210374783
0.8571428571428571,0.13171194020274624,0.14377110512875926,-0.02721613643710708,-1.3877551020408163,0.6524470729172253,-14.586491859052106,0.8768157665109267,0.1900201629563658
0.8571428571428571,0.12016247669968627,0.13070702585606012,-0.06500989471005171,-1.2244897959183674,0.6827822013787846,-13.488209169748767,0.9040172888231878,0.17335780923557254
0.8571428571428571,0.10765962909429416,0.11529232675385039,-0.10138381585465835,-1.0612244897959184,0.6985958431759667,-12.458212848785614,0.9086714685823581,0.15532001299828302
0.8571428571428571,0.09638732860136323,0.09942879644660121,-0.13139491286940136,-0.8979591836734694,0.7056274323079513,-11.481500357056586,0.9110481808244772,0.13905752097772073
0.8571428571428571,0.08646712847712146,0.08367595912570162,-0.15367170078544892,-0.7346938775510204,0.708623617788822,-10.546252115797525,0.9198009842293825,0.12474569745385189
0.8571428571428571,0.07714274737533144,0.06775482147617438,-0.16897531892788886,-0.5714285714285714,0.7103155483267967,-9.644736143959936,0.923071382884955,0.1112934590789405
0.8571428571428571,0.06772069500883826,0.05101910006703229,-0.17861716815618514,-0.40816326530612246,0.7119510774977043,-8.772662501518308,0.9227830385808194,0.09770031085480468
0.8571428571428571,0.057897964424195925,0.03265790750457493,-0.1837656215972632,-0.24489795918367346,0.7139422101051578,-7.92830429163683,0.920602735249358,0.0835291061523531
0.8571428571428571,0.04782205784941773,0.01174086548384504,-0.1853118925309987,-0.08163265306122448,0.7162268003471671,-7.111825990126407,0.9177472176903674,0.06899264570445984
0.8571428571428571,0.038134101208710414,-0.01278313814038834,-0.18394296044690214,0.08163265306122448,0.7183991668071216,-6.324837966255344,0.9198448042114057,0.05501587870256408
0.8571428571428571,0.03003788314142808,-0.0420686038438598,-0.18026471135565597,0.24489795918367346,0.7197233631476732,-5.570079816478418,0.9255718714115987,0.04333550504694017
0.8571428571428571,0.025257124675426068,-0.07729489606634607,-0.17491469287081937,0.40816326530612246,0.7191212014240972,-4.851130440371724,0.9271947140359766,0.036438328516352314
0.8571428571428571,0.0254955938459811,-0.11949558637906137,-0.16862551475659357,0.5714285714285714,0.7152103525920069,-4.172074079986407,0.9222638283185495,0.03678236680611535
0.8571428571428571,0.031209270213277795,-0.169282658642064,-0.16220354616842195,0.7346938775510204,0.7064467925924756,-3.5371006776043865,0.9094402779352047,0.04502545936645941
0.8571428571428571,0.040972051629493134,-0.22648667436956482,-0.15641302213292432,0.8979591836734694,0.6913924414441343,-2.9500650401218858,0.8880086086372315,0.05911017570091559
0.8571428571428571,0.05211859953613929,-0.28980088685644045,-0.15180949548369563,1.0612244897959184,0.6690992236561494,-2.414039064256709,0.8581942171897342,0.07519124508886543
0.8571428571428571,0.06178096965320301,-0.3566304572075908,-0.14861246251117555,1.2244897959183674,0.6395544370670116,-1.9308688815120587,0.8241876150813189,0.08913109853998735
0.8571428571428571,0.06787317289936401,-0.42341499018580325,-0.14669846002449935,1.3877551020408163,0.6039977393563749,-1.5007680991770949,0.7848872364218126,0.09792028995131075
0.8571428571428571,0.06967740251532306,-0.4864860181212625,-0.14572441893157412,1.5510204081632653,0.5647979221536973,-1.1220769519180889,0.7426603541036049,0.10052324307088067
0.8571428571428571,0.06775371062321134,-0.543057918665405,-0.14530423507476156,1.7142857142857142,0.5247887121211992,-0.7913667681528873,0.7016377991565215,0.09774794231793216
0.8571428571428571,0.06332996394835333,-0.5917622968913374,-0.14513706465310058,1.8775510204081634,0.48643676932462204,-0.5039257202082018,0.6634247615668365,0.09136582492796563
0.8571428571428571,0.05765807495409203,-0.6325302326057295,-0.14504506832340897,2.0408163265306123,0.4513447856837501,-0.25443736169428527,0.6278316095288936,0.08318301880347301
0.8571428571428571,0.05166805430766286,-0.6661095184279523,-0.1449486819486883,2.204081632653061,0.4202280940534896,-0.037594380578940094,0.5954701905591482,0.07454124572204668
0.8571428571428571,0.04591537263730716,-0.6935830042309463,-0.14482539945812486,2.36734693877551,0.39316091243815654,0.15149773579986278,0.5664497009555877,0.06624188040441137
0.8571428571428571,0.04066883951966971,-0.716055820081175,-0.14467835518241184,2.5306122448979593,0.3698589860913653,0.3171317653270427,0.5405964137590473,0.058672733093736884
0.8571428571428571,0.036019222880928625,-0.7345085814873258,-0.14451798886672984,2.693877551020408,0.3498863512437756,0.4629601080199847,0.5176099299570796,0.05196475422698965
0.8571428571428571,0.03196184516813649,-0.7497528710998977,-0.1443545776368166,2.857142857142857,0.3327763109783319,0.592037619435906,0.4971535201998569,0.046111195521731485
0.8571428571428571,0.028448372583286696,-0.7624376032910807,-0.1441958495810989,3.020408163265306,0.3180919039738795,0.7068978628191824,0.4789025351640598,0.04104232604726876
0.8571428571428571,0.02541491202076851,-0.7730732798425249,-0.14404653441766074,3.183673469387755,0.3054497261552454,0.8096359151630393,0.46257196640315357,0.036665967536991584
0.8571428571428571,0.02279494001651927,-0.7820603318131665,-0.1439094970156337,3.3469387755102042,0.29451857929825564,0.901985183847054,0.44791483138408716,0.03288614691919456
0.8571428571428571,0.02053304057506211,-0.7897073360156673,-0.14378643039669026,3.510204081632653,0.2850558667228243,0.98538382801372,0.4347175622638372,0.02962291581201404
0.8571428571428571,0.018565900643245925,-0.7962642939821748,-0.14367430714899335,3.673469387755102,0.27675947164742,1.0610289678456315,0.4227045506531292,0.026784932787648152
0.8571428571428571,0.016854947841734358,-0.8019224015221705,-0.1435749463955896,3.836734693877551,0.26950112529090664,1.1299232590205828,0.41179345397901845,0.024316549665711396
0.8571428571428571,0.01523741398653411,-0.8075879420667513,-0.14343342172728837,4.0,0.26461513484488275,1.2021061354585736,0.3974518428341869,0.021982941594344663
1.1020408163265305,0.018117743586128165,0.060561510993860916,0.11855796782113895,-4.0,0.15034710407920385,-37.60335050371339,0.2747801971266131,0.026138378823804764
1.1020408163265305,0.056617839936568215,0.07003754087024759,0.10914072210375887,-3.836734693877551,0.17221656550041933,-36.014137040373114,0.27153046091156713,0.08168227690233154
1.1020408163265305,0.011502061490019866,0.2278774882954704,-0.1258536470042118,-3.673469387755102,0.13275358097879417,-34.39944489330202,0.2261110657461555,0.01659396707165106
1.1020408163265305,0.04292844065666923,0.07485120847560887,0.11615151722244345,-3.510204081632653,0.22857040776668264,-32.863262465211534,0.3697357355609833,0.061932648448472793
1.1020408163265305,0.03796915107603649,0.08776831984372858,0.09388556363026747,-3.3469387755102042,0.20182325474188728,-31.273350801686277,0.3256026612925451,0.0547779059641611
1.1020408163265305,0.07426272309952453,0.09630284067237523,0.09683284151084288,-3.183673469387755,0.2757255397699068,-29.7327449649679,0.4266784034959413,0.10713846233859403
1.1020408163265305,0.03757477975743595,0.10365693588036533,0.08318979320056895,-3.020408163265306,0.23280762156704934,-28.16226983832667,0.36914921052014066,0.054208948418548175
1.1020408163265305,0.16879448345607373,0.12397350916758217,0.045138810233480764,-2.857142857142857,0.32509327353251055,-26.59651602847449,0.3496548280838368,0.24351896421149188
1.1020408163265305,0.08966032727527806,0.1169407816551625,0.08548621058870029,-2.693877551020408,0.3262324306134836,-25.10568959360653,0.506560604502387,0.12935250952452515
1.1020408163265305,0.10105070964667084,0.1230941385683119,0.08620443435521581,-2.5306122448979593,0.3554176375570282,-23.59475440279919,0.5484892939072668,0.1457853576855621
1.1020408163265305,0.11265135395507175,0.13283444490133725,0.0796593976328829,-2.36734693877551,0.38485133782107883,-22.10159958205471,0.5881781730055464,0.1625215497004091
1.1020408163265305,0.0975027747780548,0.13865497927097462,0.0738799529914684,-2.204081632653061,0.4019687917299316,-20.629361749029016,0.6261899301563842,0.1406667696452133
1.1020408163265305,0.12987625695060356,0.1472968113294322,0.05793447201165367,-2.0408163265306123,0.4625324440254594,-19.207841860221844,0.6895500138598697,0.18737183183185602
1.1020408163265305,0.14075063496208373,0.15250704757285308,0.04190234487036183,-1.8775510204081634,0.5183622666816661,-17.832045621087858,0.7443275310514484,0.20306024306177095
1.1020408163265305,0.14762079074600254,0.1527363324510794,0.01915575953986343,-1.7142857142857142,0.5796959650623711,-16.525976596291855,0.79598065774899,0.21297178274136508
1.1020408163265305,0.14724087544718212,0.14624759384661182,-0.01197231408309346,-1.5510204081632653,0.6334698022849802,-15.303830637865998,0.8485683714876104,0.21242368082379892
1.1020408163265305,0.14059728959618378,0.1342360486560104,-0.05015780030148759,-1.3877551020408163,0.6710107111529598,-14.16644866174461,0.8862109426617781,0.20283901246284364
1.1020408163265305,0.13122092993635337,0.11924096671329007,-0.09007983661747117,-1.2244897959183674,0.6914111060685583,-13.10294849770148,0.8994399501744396,0.18931178488001477
1.1020408163265305,0.12218613133773482,0.10373193267351542,-0.12527214204042533,-1.0612244897959184,0.7000847604854152,-12.097905298700049,0.8944556858271453,0.1762773257463568
1.1020408163265305,0.11426889657316308,0.08880701090410055,-0.15259749940178913,-0.8979591836734694,0.7028659862942946,-11.137525591079527,0.9015029382831905,0.16485517041395692
1.1020408163265305,0.10683541274254016,0.0744605912845753,-0.17212723383781087,-0.7346938775510204,0.703577077546633,-10.211899869556966,0.9056288316346965,0.15413092015498808
1.1020408163265305,0.09906026515641986,0.060176843070380355,-0.18520824571336394,-0.5714285714285714,0.7041070387278966,-9.314886206995652,0.9056029639825118,0.14291375329031242
1.1020408163265305,0.09042325614316904,0.04526574832539979,-0.19324585489688215,-0.40816326530612246,0.7052021147655594,-8.443245510191602,0.9041281082336109,0.13045318321878208
1.1020408163265305,0.08075388280927265,0.02896063935008259,-0.19732715051746205,-0.24489795918367346,0.7070382706123216,-7.5958435047606665,0.9021522809311446,0.1165032262614667
1.1020408163265305,0.07019820547451805,0.01041168226600737,-0.19821910731521425,-0.08163265306122448,0.7094834977776092,-6.773112765028025,0.901898891574545,0.1012746029173921
1.1020408163265305,0.059239933318385285,-0.011343305624023288,-0.19647408561588958,0.08163265306122448,0.7121685703603816,-5.976727014843737,0.9052848913031586,0.0854651580210275
1.1020408163265305,0.048777116284920874,-0.037388136933795425,-0.19255153048789939,0.24489795918367346,0.7144639224604042,-5.209391234452804,0.9112751598197684,0.07037050377312015
1.1020408163265305,0.04018249369346161,-0.06888522507820175,-0.18692922471929058,0.40816326530612246,0.7154293171743361,-4.474656841772895,0.9157248328385882,0.05797108438210907
1.1020408163265305,0.03516294535316189,-0.10694873628029297,-0.18018376452070348,0.5714285714285714,0.7137966871557427,-3.7766898677703944,0.9147971578087082,0.05072940688405625
1.1020408163265305,0.03511495831784406,-0.15241091037676377,-0.1730092537101067,0.7346938775510204,0.708045592262161,-3.119950946971668,0.9068747291415747,0.050660176226176024
1.1020408163265305,0.04006882083268137,-0.20548586419812662,-0.16614702797974204,0.8979591836734694,0.6966128857761141,-2.5087875771687687,0.8907563445151021,0.057807089109577436
1.1020408163265305,0.04831651200154741,-0.26539169233671234,-0.1602371631508577,1.0612244897959184,0.678243347371872,-1.9469701196149645,0.8660563495758562,0.06970599225768392
1.1020408163265305,0.05714787454305825,-0.3300889378671274,-0.15565938929799364,1.2244897959183674,0.6524403322951865,-1.4372049761838728,0.8349674171158081,0.08244695520061551
1.1020408163265305,0.06398897843263218,-0.39638936245978934,-0.1524571134967385,1.3877551020408163,0.6198742330873254,-0.9806647724996251,0.7990556983600186,0.09231658185630875
1.1020408163265305,0.06732447323292612,-0.46060638645695157,-0.15039584129272918,1.5510204081632653,0.582466106452902,-0.5766417265721715,0.7588121144535345,0.0971286836636045
1.1020408163265305,0.06699198280082874,-0.5195361943604094,-0.14911751164764966,1.7142857142857142,0.5429275936223931,-0.22250200144030058,0.7170976571437875,0.09664900136607413
1.1020408163265305,0.06380904299628853,-0.5712112117678456,-0.14829186275201772,1.8775510204081634,0.5039460750706415,0.08595686279404331,0.6787921427804622,0.09205698989461597
1.1020408163265305,0.05892620494765688,-0.6150389475784974,-0.14769202572689227,2.0408163265306123,0.4675176202064151,0.35386089916341384,0.6424664975737288,0.08501254365639133
1.1020408163265305,0.05334515419094066,-0.6514414468065152,-0.14719478200710862,2.204081632653061,0.43473480893372496,0.5865840598145156,0.6090439836091831,0.07696078940672724
1.1020408163265305,0.04774075481897655,-0.6813603381075056,-0.1467469147046315,2.36734693877551,0.40594019061580255,0.7892434134435342,0.5788492487663759,0.06887535022563274
1.1020408163265305,0.04248544614158045,-0.7058781077754368,-0.14633100259480525,2.5306122448979593,0.38100145759643106,0.9664207056689665,0.5518337229577807,0.0612935424584129
1.1020408163265305,0.037743762700323424,-0.7260096380445793,-0.1459466219026447,2.693877551020408,0.3595575436491244,1.1220650308046165,0.5277617941357016,0.05445273927224603
1.1020408163265305,0.03355522247013232,-0.7426216970223781,-0.14559380950782685,2.857142857142857,0.34115841921609824,1.2595050475154803,0.5063206162570618,0.04840995305358575
1.1020408163265305,0.029897487478982576,-0.756419291321287,-0.14527451356874158,3.020408163265306,0.32536434571093265,1.3815131373099738,0.4871925271196994,0.04313295692096775
1.1020408163265305,0.026721708987222925,-0.7679621296303994,-0.144988914516982,3.183673469387755,0.31177115343767703,1.4903862988312961,0.47007462183462284,0.038551277039943876
1.1020408163265305,0.02396824683309151,-0.7776912308001663,-0.1447355187948459,3.3469387755102042,0.30003231893892923,1.5880257986444264,0.45472211447648997,0.03457887084490352
1.1020408163265305,0.02157989641760638,-0.7859523893195995,-0.1445119825913408,3.510204081632653,0.28985574405262804,1.6760079674868567,0.4408934151877729,0.03113320954457821
1.1020408163265305,0.01950409661954544,-0.7930153779809918,-0.1443149746024721,3.673469387755102,0.2809860862708325,1.7556440425682858,0.42836729100062315,0.028138463470037678
1.1020408163265305,0.01770655686859146,-0.7990956642453544,-0.14414189751347956,3.836734693877551,0.2732751915094433,1.8280312612555734,0.4170352883109811,0.025545161785535342
1.1020408163265305,0.01622951698407271,-0.8042980941770995,-0.14408349277441612,4.0,0.26779140556578523,1.89424259781843,0.40799397515823105,0.023414243668944845
1.346938775510204,0.02008916718808762,0.21482185671465762,-0.10414319351516324,-4.0,0.15619760739858513,-36.893235345230046,0.25560131429422517,0.028982541877843104
1.346938775510204,0.036266439270661754,0.07031322879020506,0.11702875883440432,-3.836734693877551,0.16282194857941398,-35.32881115604837,0.2695029077921634,0.05232141208648455
1.346938775510204,0.04471366759391482,0.07949455696142826,0.11159762237755629,-3.673469387755102,0.22062622835570017,-33.760882136844785,0.36069504808105907,0.06450818649769818
1.346938775510204,0.1414309509011218,0.1510718880567248,-0.005570483308144973,-3.510204081632653,0.30820517261649805,-32.17552398451923,0.37215107618613613,0.20404173149325855
1.346938775510204,0.08667740789101264,0.09447129668334356,0.1041250289554111,-3.3469387755102042,0.2854359749143066,-30.63032302497009,0.42312269224373494,0.12504906652147296
1.346938775510204,0.05892118954758563,0.20176376909294946,-0.11733909917239806,-3.183673469387755,0.20087610849832455,-29.00098237699097,0.28240833764016493,0.08500530796358019
1.346938775510204,0.07558131228072829,0.10430617681336989,0.10875080312921516,-3.020408163265306,0.2992779148052073,-27.53005775615799,0.4668592246950082,0.10904078441128684
1.346938775510204,0.08815779688457526,0.11371681040231926,0.10152193479730802,-2.857142857142857,0.3223612750561361,-25.99727294814074,0.4993462774519599,0.12718481638107315
1.346938775510204,0.07727990069705704,0.11860545926250177,0.10916843457513689,-2.693877551020408,0.3279550420758535,-24.475702016284167,0.5188776953086093,0.1114913294960358
1.346938775510204,0.10793269620259882,0.13161539126764835,0.08954261700909528,-2.5306122448979593,0.36939886679650985,-22.977127100160445,0.567475522063294,0.15571396556126427
1.346938775510204,0.11784955396415797,0.13961681734194348,0.08102222603655836,-2.36734693877551,0.40066589328218455,-21.500061617291507,0.6116880269738438,0.17002096707506675
1.346938775510204,0.1281336382069258,0.14666302473132328,0.06867537666779498,-2.204081632653061,0.4395968214642119,-20.0539357852712,0.6610141479395634,0.18485776441219226
1.346938775510204,0.14130424124982732,0.15250273205108122,0.05426384424918819,-2.0408163265306123,0.491113428924649,-18.652464362364263,0.7159316807059217,0.203858928107703
1.346938775510204,0.15288056984506393,0.1534897162777041,0.03205885651962188,-1.8775510204081634,0.5518925434407148,-17.312301807340734,0.7693619581735269,0.22056003996375173
1.346938775510204,0.15950693172973662,0.14865466446504064,0.0026862194887866436,-1.7142857142857142,0.6120150379690642,-16.05067338649372,0.8222047901755803,0.2301198593939051
1.346938775510204,0.15858768300997483,0.13759519251001076,-0.03509370425238718,-1.5510204081632653,0.6573050844971488,-14.87500395206369,0.8656825888572574,0.22879366382456157
1.346938775510204,0.15316609827197492,0.12278279119030644,-0.07753304728818508,-1.3877551020408163,0.6834531991862622,-13.778436567866654,0.8863286685338373,0.22097197040928895
1.346938775510204,0.14694191887858676,0.1071189076424458,-0.11758615484994157,-1.2244897959183674,0.6946237559312693,-12.74608578140765,0.8839198010088455,0.2119923776648447
1.346938775510204,0.14143350811981237,0.09231327326337133,-0.1501106170572708,-1.0612244897959184,0.697496877347409,-11.762588298398494,0.8822648884250697,0.20404542077998178
1.346938775510204,0.13626083412473045,0.0787000893449631,-0.17403244467689474,-0.8979591836734694,0.6971879258808443,-10.815909957644394,0.8863909936795967,0.1965828296591412
1.346938775510204,0.13056875048052086,0.06587481063972866,-0.19056493205045832,-0.7346938775510204,0.6964125087369576,-9.898039541786364,0.8857648640827559,0.18837088881331532
1.346938775510204,0.12375547107050733,0.053202268504342114,-0.20136888971142938,-0.5714285714285714,0.6962879052960506,-9.00426991598534,0.8836976294107601,0.1785414043962983
1.346938775510204,0.1155432585561591,0.04000731691021225,-0.20780991492196962,-0.40816326530612246,0.6971547318299768,-8.132273148719886,0.8817762623012033,0.16669368612712177
1.346938775510204,0.10588890894958713,0.025592918926195782,-0.210844990860156,-0.24489795918367346,0.6990146785492739,-7.281414800070101,0.8803863288794479,0.15276540382671255
1.346938775510204,0.09493746191602015,0.009201572855792737,-0.21110742489934267,-0.08163265306122448,0.7016949695012852,-6.4523383453837795,0.8829561623478956,0.13696580550082693
1.346938775510204,0.08304719566657126,-0.010029436507750868,-0.20902398373388248,0.08163265306122448,0.7048716478965884,-5.6467379180867745,0.8875916751748223,0.1198117773478975
1.346938775510204,0.07087012255045066,-0.03309466039844173,-0.20492529369607,0.24489795918367346,0.7080239903544351,-4.867232388113769,0.8935859971082739,0.10224397435072774
1.346938775510204,0.05944931568837197,-0.06110595535932866,-0.1991462661155354,0.40816326530612246,0.7103619916802301,-4.117265518286929,0.9005718788543615,0.0857672329278567
1.346938775510204,0.05023887868664234,-0.09520737266373593,-0.19211088596279155,0.5714285714285714,0.7107690419813242,-3.400966448998539,0.9033551872574491,0.07247938114104047
1.346938775510204,0.04485437250329194,-0.13638938064770426,-0.18437935197218266,0.7346938775510204,0.7078144914729526,-2.7229189589852116,0.900187845750229,0.06471118077268523
1.346938775510204,0.044351537643580574,-0.18518989668105598,-0.1766244049396844,0.8979591836734694,0.6998924579274132,-2.0878160260639382,0.8895084323016812,0.0639857434141935
1.346938775510204,0.048334120488655374,-0.2413162878165129,-0.16952035349435518,1.0612244897959184,0.6855181210949599,-1.5000124808012885,0.8703703148218745,0.069731395934713
1.346938775510204,0.054847361050715415,-0.30330707649031935,-0.1635792889010928,1.2244897959183674,0.6637622547682005,-0.9630128914796456,0.8428212962311151,0.07912801579371331
1.346938775510204,0.0612633905702078,-0.3684568183885078,-0.1590202445287549,1.3877551020408163,0.6347181812558258,-0.47894536874687343,0.8111011277814435,0.08838438976368224
1.346938775510204,0.0654335610050889,-0.43323430283427083,-0.15575358248446877,1.5510204081632653,0.5997612897911165,-0.04811602789344595,0.7737080104467171,0.09440067396974738
1.346938775510204,0.06640882833033568,-0.4941605909196826,-0.15348939226475186,1.7142857142857142,0.5613224048524653,0.33118877608763203,0.7333437874801799,0.09580768730342148
1.346938775510204,0.06442682687387769,-0.548704630571153,-0.15189326366572642,1.8775510204081634,0.5221792426267134,0.6625030814616322,0.6940649024952573,0.09294826363115494
1.346938775510204,0.06038428136790386,-0.5956905229715022,-0.15069701382581918,2.0408163265306123,0.4846789043289048,0.9506165306760996,0.6573444640559087,0.08711610327711838
1.346938775510204,0.055269430852489476,-0.6351234822797265,-0.1497313363045261,2.204081632653061,0.45032239166253335,1.2008694471995436,0.6230413396530905,0.07973693380364244
1.346938775510204,0.04984708343848876,-0.6677300549194661,-0.14890699244747713,2.36734693877551,0.4197786384196713,1.4185521121666826,0.591747062820048,0.07191414007948627
1.346938775510204,0.044592652133158994,-0.694526223976332,-0.1481827971045873,2.5306122448979593,0.39312310009409107,1.6085244567704455,0.5635828417057935,0.06433359809259498
1.346938775510204,0.03974948232215936,-0.7165427650815054,-0.14754080949782591,2.693877551020408,0.3700969433245128,1.775044092890445,0.5384034669025601,0.05734638102408285
1.346938775510204,0.035410898479037556,-0.7346958971254066,-0.14697213468571865,2.857142857142857,0.35029630194829803,1.9217355204473154,0.5159412334511201,0.051087127629129814
1.346938775510204,0.031586152599261785,-0.749748225609964,-0.14647068323218285,3.020408163265306,0.33328460624214173,2.051634697156599,0.49589134470832175,0.045569185715716554
1.346938775510204,0.02824277480659565,-0.7623136912234941,-0.14603054324531328,3.183673469387755,0.31864790402204546,2.167264181344217,0.47795490152122955,0.04074571115441916
1.346938775510204,0.025331382539531155,-0.7728785132058807,-0.14564580803267904,3.3469387755102042,0.3060193180616149,2.2707139881277785,0.46185973803086416,0.036545459968643446
1.346938775510204,0.022798587680473936,-0.7818253439969958,-0.1453103954053683,3.510204081632653,0.2950836408341117,2.3637165316071567,0.4473936120253024,0.03289140938589208
1.346938775510204,0.020593323013814446,-0.7894556446514384,-0.14501858903073211,3.673469387755102,0.28557668176878903,2.447711398795668,0.4343147885053277,0.02970988498745397
1.346938775510204,0.016914139516959192,-0.7976155930450793,-0.14444789389587884,3.836734693877551,0.26874385028885184,2.539281752225501,0.40507594251465817,0.02440194520202077
1.346938775510204,0.016981904713840867,-0.801663565329611,-0.14453869530477087,4.0,0.26992365593631884,2.593287382039145,0.41156116551366045,0.0244997097155073
1.5918367346938775,0.2035109360302545,0.12687656361607805,0.02737193505878898,-4.0,0.30246362707108354,-36.213132934661445,0.20749900897847956,0.29360421817751936
1.5918367346938775,0.021739234769642346,0.0753012246217655,0.11913385342736249,-3.836734693877551,0.16449514322649833,-34.652008301472925,0.2830139472332337,0.03136308619488348
1.5918367346938775,0.11120676471951785,0.1527281336370573,-0.010181272905302057,-3.673469387755102,0.2881206036488358,-33.07562043760081,0.37686111259573674,0.16043744797415416
1.5918367346938775,0.055138174197296275,0.08924015754989201,0.11794934754973495,-3.510204081632653,0.24994209954196273,-31.52694059941335,0.3975672631336268,0.07954757047811034
1.5918367346938775,0.059982941167758375,0.09683444776078706,0.11508771295528473,-3.3469387755102042,0.26101247297260927,-29.970141795560195,0.41673072312380227,0.08653709176065938
1.5918367346938775,0.07508166819534279,0.10467272022795894,0.11441864379311531,-3.183673469387755,0.2952572956971911,-28.42676468877633,0.45687850679998065,0.10831995036709197
1.5918367346938775,0.09629497450254942,0.14541462423382986,0.0063898374990147225,-3.020408163265306,0.31474031793201934,-26.85886565450202,0.4532299803455556,0.13892428217735686
1.5918367346938775,0.09354104907377425,0.12232894610047132,0.1048188503015213,-2.857142857142857,0.3327312102059001,-25.36774321900946,0.5148108292436316,0.13495120761828483
1.5918367346938775,0.10486018131339736,0.1311108101206244,0.09830894389916907,-2.693877551020408,0.356975237274474,-23.86110711929865,0.5497334936093754,0.15128126356755578
1.5918367346938775,0.1151760790305516,0.13999914767253094,0.0904947480987974,-2.5306122448979593,0.38400261261755375,-22.373704899798515,0.5867780711432905,0.1661639580464116
1.5918367346938775,0.12572977527337925,0.1467609945196139,0.08044713730198304,-2.36734693877551,0.4186516077493044,-20.914541469063728,0.634095263488193,0.1813897232789885
1.5918367346938775,0.13991733053606237,0.15262051554026015,0.06613214985753231,-2.204081632653061,0.4650633930730657,-19.491968685964306,0.6861805721989591,0.2018580388987985
1.5918367346938775,0.15522853428654648,0.15461102004659333,0.045016444852778954,-2.0408163265306123,0.5237970732053389,-18.122176770521936,0.7412552134597262,0.22394743661966343
1.5918367346938775,0.16792913904466134,0.15104551336403021,0.01681838020864414,-1.8775510204081634,0.5875603905227192,-16.824061193820135,0.7927409378989797,0.2422705361204862
1.5918367346938775,0.17369625720067217,0.14100073710387498,-0.020088571007284062,-1.7142857142857142,0.6412755567589746,-15.610994619712965,0.8409440127489858,0.25059072888438383
1.5918367346938775,0.1730616705917647,0.12625454311084539,-0.06419564879275468,-1.5510204081632653,0.6744325881618369,-14.481560422407753,0.8695674229508811,0.24967521393069836
1.5918367346938775,0.17023522589639906,0.11007911502653793,-0.10869670757501597,-1.3877551020408163,0.6891018411363042,-13.42253308247744,0.8736961289330213,0.24559751618534653
1.5918367346938775,0.1675230793127056,0.0948478860279676,-0.14655310667332697,-1.2244897959183674,0.6924685690687039,-12.41740453650509,0.8648292312357562,0.2416847157588884
1.5918367346938775,0.16488552373042054,0.081335125958969,-0.17507532536729992,-1.0612244897959184,0.6911376245219627,-11.452040234498835,0.866070427058417,0.23787952740025764
1.5918367346938775,0.16149816555451024,0.06925792401826936,-0.1951074689275316,-0.8979591836734694,0.6889158427907145,-10.51648233228419,0.8642984059795257,0.23299260255815657
1.5918367346938775,0.1567519103518824,0.057981893617623056,-0.2085590964651065,-0.7346938775510204,0.6873946777977079,-9.604547995858299,0.8608185293640511,0.22614520371453217
1.5918367346938775,0.15037427527177116,0.046849585448042706,-0.21713446936338196,-0.5714285714285714,0.6870596862202999,-8.712801113320907,0.857861983218999,0.2169442212118562
1.5918367346938775,0.14229780777644518,0.035242884237928304,-0.22204999996105576,-0.40816326530612246,0.687959859267586,-7.839686251816772,0.8561460138674007,0.20529234160844823
1.5918367346938775,0.13256498058476152,0.02254937437112384,-0.22410012581417021,-0.24489795918367346,0.6899866324280419,-6.984977246801436,0.8559273792125562,0.19125084008517623
1.5918367346938775,0.12130549482651154,0.008108288464084337,-0.2237831676031131,-0.08163265306122448,0.6929546098974197,-6.149473133247949,0.8609461752294313,0.1750068358187904
1.5918367346938775,0.10877015953732028,-0.008840086379623397,-0.22141256896322958,0.08163265306122448,0.6965917071279565,-5.334851016153753,0.8668064308218942,0.15692216976119333
1.5918367346938775,0.095408248855126,-0.02919054850360308,-0.21720954341969728,0.24489795918367346,0.7004831024395161,-4.543604262123229,0.8727686117223988,0.13764500748318964
1.5918367346938775,0.08197214936580344,-0.053979488686116794,-0.21138707074150392,0.40816326530612246,0.7039902564695913,-3.7790079040355153,0.8819544285115678,0.11826081338105388
1.5918367346938775,0.06960360384538311,-0.08433645083550871,-0.20422914460114536,0.5714285714285714,0.7061696452464916,-3.045056553821201,0.8880556381574661,0.10041677409573424
1.5918367346938775,0.05978925932760082,-0.12134785190467103,-0.1961533228938477,0.7346938775510204,0.7057342543969691,-2.3463217689938176,0.8893311205279844,0.08625766793035394
1.5918367346938775,0.053999368162837236,-0.165806561434692,-0.18772672427009418,0.8979591836734694,0.7011182017289289,-1.687687910125446,0.8840088847667555,0.07790462065966253
1.5918367346938775,0.052923815979194266,-0.2178554449246016,-0.17960321053789036,1.0612244897959184,0.6906990106381257,-1.0739541730875404,0.8706839904659421,0.07635292685810358
1.5918367346938775,0.05576691774065101,-0.27660563537814087,-0.17238204620721298,1.2244897959183674,0.6731895142068532,-0.509326013412486,0.8487667693490266,0.08045465567010002
1.5918367346938775,0.06041601480758474,-0.33991455804205056,-0.1664471557296924,1.3877551020408163,0.648129661653479,0.0031513477444908844,0.8204297395048572,0.08716188495317745
1.5918367346938775,0.06445723578209983,-0.40457176293465663,-0.16188038048004635,1.5510204081632653,0.6162832595069867,0.4621263722593705,0.7867912183120442,0.09299213441224596
1.5918367346938775,0.0662325845697278,-0.46699872993434355,-0.1585036103091377,1.7142857142857142,0.5796474323538605,0.8682861901051524,0.7486862330589075,0.09555342130400524
1.5918367346938775,0.06527935167343846,-0.524187723403128,-0.15601398196776264,1.8775510204081634,0.5409275819803965,1.224335711626162,0.7089358159531509,0.0941781969317157
1.5918367346938775,0.06207199977657729,-0.5743515651549064,-0.15411881570658278,2.0408163265306123,0.502735007113092,1.53456039960456,0.6722730181907659,0.08955096625572878
1.5918367346938775,0.05746558332267848,-0.6169895766699502,-0.15260480391056713,2.204081632653061,0.46698320313616415,1.8041366675552253,0.637356033735204,0.08290531208142005
1.5918367346938775,0.05225964116963144,-0.6525252501965717,-0.15134253707195575,2.36734693877551,0.4347208954205413,2.0384526309442466,0.6050938718382978,0.07539472515406365
1.5918367346938775,0.04701806255715546,-0.6818493812758728,-0.1502616015371306,2.5306122448979593,0.406289493767666,2.2426187069923698,0.5758266567824659,0.06783272568341525
1.5918367346938775,0.04206709129113162,-0.7059785046127063,-0.1493244924012898,2.693877551020408,0.381582438778654,2.4212043611665806,0.5495386382406734,0.060689983990338536
1.5918367346938775,0.03755962995275097,-0.7258676671016632,-0.14850909958069122,2.857142857142857,0.36026619587587083,2.5781492161250212,0.5260288286696682,0.054187091870458115
1.5918367346938775,0.0335425290108502,-0.7423366014499163,-0.14780015867018786,3.020408163265306,0.3419254485227679,2.716777949940213,0.505021055238309,0.04839164026282772
1.5918367346938775,0.030003351983526327,-0.7560580710637035,-0.14718484825911385,3.183673469387755,0.3261378685710022,2.839864155102221,0.48622060649813303,0.04328568711667957
1.5918367346938775,0.026909013025484763,-0.7675636563374093,-0.14665155388441314,3.3469387755102042,0.31253060365695673,2.9497097047427,0.4693632302532601,0.03882149964708326
1.5918367346938775,0.024207523673223763,-0.7772821791732968,-0.14619034663734778,3.510204081632653,0.3007637411779259,3.0482231873118075,0.454207780005425,0.03492407435556144
1.5918367346938775,0.018781423139856646,-0.7872846795889805,-0.14492233271030486,3.673469387755102,0.27532115245166333,3.15916765596514,0.4093605171743912,0.027095866024707593
1.5918367346938775,0.01978748248021689,-0.7926290581799772,-0.14544456639642536,3.836734693877551,0.28162546206298106,3.2173278555061056,0.42812616904113016,0.028547302845885802
1.5918367346938775,0.017987596890165936,-0.7987275987863959,-0.1451473872728299,4.0,0.27385879540506763,3.2903429847855583,0.4168836882022326,0.025950616830952455
1.836734693877551,0.14514835715296015,0.1407360175206455,0.009802849848618367,-4.0,0.29555650280656715,-35.55081659696047,0.339045015168279,0.2094048150577552
1.836734693877551,0.06839265371139924,0.1170071478000336,0.05802345478101279,-3.836734693877551,0.2554536890423099,-33.98573719190453,0.37567511136560316,0.09866974234267145
1.836734693877551,0.05853506905818029,0.09132705090463698,0.11973196369757645,-3.673469387755102,0.24999020674878727,-32.428774047947954,0.39331766454301265,0.0844482538483291
1.836734693877551,0.07086782185834761,0.09535357921154605,0.12626284731604845,-3.510204081632653,0.2675001037416858,-30.86229904341632,0.3869913300500179,0.10224065515364078
1.836734693877551,0.07804133463977903,0.10754406009040207,0.11187460048330386,-3.3469387755102042,0.28891053727427385,-29.32499773946529,0.44466706945734497,0.1125898464691657
1.836734693877551,0.08551130920638106,0.11435954161974451,0.11394048875113794,-3.183673469387755,0.3084777802507669,-27.788849886914985,0.47316329883765507,0.12336674173196904
1.836734693877551,0.07149017217691633,0.12299136543917681,0.10187320583777394,-3.020408163265306,0.28562220108303793,-26.24860243642554,0.4567145253393925,0.10313851687193543
1.836734693877551,0.10186251140278313,0.13133132137916073,0.10566934248425085,-2.857142857142857,0.345091643334655,-24.75117448681676,0.5312827455219894,0.1469565400532904
1.836734693877551,0.12123114576892013,0.14068412449599602,0.09442649637775234,-2.693877551020408,0.3762941447193973,-23.25693795581897,0.5677019207724185,0.17489957280210744
1.836734693877551,0.11893653890226319,0.147493932924299,0.09335075900481175,-2.5306122448979593,0.39654110703312134,-21.785570711928077,0.6061592213793051,0.17158915485479254
1.836734693877551,0.13799620285047065,0.1533148216576612,0.07762621847425975,-2.36734693877551,0.44124308200657136,-20.347283502731948,0.6570962893967044,0.19908643751388144
1.836734693877551,0.1555446615586018,0.15659444243666767,0.05921232213358226,-2.204081632653061,0.4958360234459453,-18.951994382143813,0.7128693868348206,0.22440351186734686
1.836734693877551,0.17305970737443155,0.1536409713452123,0.030879474600714184,-2.0408163265306123,0.5612676952847262,-17.62142506114943,0.7645154542430053,0.2496723816067874
1.836734693877551,0.1856251208419628,0.1445848075012739,-0.005195581300126539,-1.8775510204081634,0.6225984627599412,-16.37201556144945,0.814976988683284,0.2678004413031143
1.836734693877551,0.19059461137875666,0.12987077072961958,-0.05036822561301998,-1.7142857142857142,0.664011793304565,-15.209673094268407,0.8514226731561815,0.27496990065629134
1.836734693877551,0.19179899130190248,0.11292612315948199,-0.09891108707255104,-1.5510204081632653,0.6833681317908346,-14.124254551131559,0.8613410576534468,0.2767074535987599
1.836734693877551,0.19229897992762068,0.09682593979898704,-0.14223962953600622,-1.3877551020408163,0.6877291855389076,-13.098612109190139,0.848404361611378,0.277428784709584
1.836734693877551,0.19244994634257417,0.08291377357125211,-0.17561194297128385,-1.2244897959183674,0.6853797620071003,-12.11648139055922,0.845086276819811,0.27764658320777835
1.836734693877551,0.191497734599402,0.07106603469067674,-0.1992194575540621,-1.0612244897959184,0.6815690012012453,-11.165800513951615,0.8417708596901559,0.2762728320480283
1.836734693877551,0.18888069838799226,0.060606302875436856,-0.21521128184801122,-0.8979591836734694,0.6785213837197279,-10.238838580150999,0.8363343562572545,0.2724972468839999
1.836734693877551,0.1844047211497195,0.050829359950912374,-0.22569358723933877,-0.7346938775510204,0.6768780297321388,-9.331093107522749,0.831689266359688,0.2660397767192131
1.836734693877551,0.17806900595323705,0.04112788613884777,-0.23219645229951905,-0.5714285714285714,0.6766847640337298,-8.44020982631657,0.828809887740455,0.256899271824762
1.836734693877551,0.16993659650406712,0.030966110186486366,-0.2357193506432665,-0.40816326530612246,0.6778155807679337,-7.565262269971049,0.8278166346996465,0.24516668504196648
1.836734693877551,0.16008668445672147,0.01982156378281525,-0.2368831642065002,-0.24489795918367346,0.680109776412988,-6.706341585539791,0.8302303692152501,0.2309562657780675
1.836734693877551,0.1486186718929614,0.007128390434829458,-0.23605930808084472,-0.08163265306122448,0.6833927544210462,-5.864349506053668,0.8362724072824118,0.21441142092347976
1.836734693877551,0.13569021028392103,-0.007772224097440351,-0.2334635113767336,0.08163265306122448,0.6874475463443215,-5.040914117984932,0.8432845298997736,0.19575959347379346
1.836734693877551,0.12158519072521234,-0.02567172410803688,-0.22922800534255078,0.24489795918367346,0.6919577526129114,-4.238374755171216,0.8506487973965885,0.17541035170480335
1.836734693877551,0.10680980216613523,-0.04751472644461389,-0.22346700530363897,0.40816326530612246,0.696428428403207,-3.4597944356194223,0.8602240753719463,0.15409397190341423
1.836734693877551,0.09219923704260657,-0.07438029688029273,-0.21634417138326803,0.5714285714285714,0.7000955318128883,-2.708958001047369,0.8691728539864855,0.13301538205511454
1.836734693877551,0.0789745076892101,-0.10739241037894265,-0.2081386634814056,0.7346938775510204,0.7018525552887421,-1.9903081094827364,0.8744308858774065,0.11393613059987073
1.836734693877551,0.06861891231989525,-0.14752491860088407,-0.19928860964025374,0.8979591836734694,0.7002481302680776,-1.3087697294421012,0.874169770773291,0.09899616451510695
1.836734693877551,0.062411853490744074,-0.1952862517427336,-0.19037646875783465,1.0612244897959184,0.6936223996926051,-0.6694280680032718,0.8666715795959357,0.0900412715237846
1.836734693877551,0.060665708768992355,-0.250327140707221,-0.18203086779139535,1.2244897959183674,0.6804279000896176,-0.07705785613218552,0.8507816780331636,0.08752211719303915
1.836734693877551,0.06224235284156587,-0.3111129397687031,-0.1747672587887887,1.3877551020408163,0.6597086031436312,0.4644563395477388,0.826453461570123,0.08979673377778852
1.836734693877551,0.06498747908216429,-0.374897359086377,-0.1688476000035474,1.5510204081632653,0.6315899170039356,0.9527232940004762,0.7974508419288703,0.09375711379171436
1.836734693877551,0.06680709768563964,-0.43819570346097647,-0.16424572975607382,1.7142857142857142,0.5975041616234211,1.3873257958293292,0.7625410157118948,0.09638226852725662
1.836734693877551,0.06653000595823122,-0.4976621422019362,-0.16073461984065132,1.8775510204081634,0.5599023753802073,1.76998790656764,0.7244033784642042,0.09598250966625299
1.836734693877551,0.06405904309128396,-0.5509165683168853,-0.15802516441154912,2.0408163265306123,0.521525898950257,2.104307753760761,0.6869902803582877,0.09241766379188654
1.836734693877551,0.05996862379144674,-0.5968782214518779,-0.15586948711984266,2.204081632653061,0.4846651769435041,2.3951369708866417,0.6518318522596185,0.08651643615285609
1.836734693877551,0.055006450102521365,-0.6355697797538387,-0.15409666199351882,2.36734693877551,0.4507871381957353,2.6478549562185556,0.6188076442721476,0.0793575327798135
1.836734693877551,0.049791754761668416,-0.6676811055597539,-0.1526024541643928,2.5306122448979593,0.42056199803205313,2.8677721540265892,0.5885306257364645,0.07183431767181858
1.836734693877551,0.04472851277546552,-0.6941708761833237,-0.1513254810016403,2.693877551020408,0.3940906552994319,3.059760343562043,0.5611593833185587,0.06452960356750248
1.836734693877551,0.040034019832970946,-0.7160143075473896,-0.15022749525689136,2.857142857142857,0.3711479684132933,3.2280881498762746,0.5365904599146283,0.05775688187987793
1.836734693877551,0.035798633924983836,-0.7340831049441133,-0.14928173472464445,3.020408163265306,0.3513618236809787,3.3763932172648206,0.5145951096336572,0.05164651163417355
1.836734693877551,0.03203786659864183,-0.749107703343255,-0.14846697334380085,3.183673469387755,0.3343207968822783,3.507726931491987,0.49490140163632584,0.046220871262522945
1.836734693877551,0.02872853267398834,-0.7616791932019286,-0.14776555369893998,3.3469387755102042,0.3196313086917809,3.624628615093656,0.4772385014225301,0.04144651162077917
1.836734693877551,0.02582840258098451,-0.7722701568735333,-0.1471611873516683,3.510204081632653,0.3069345251689294,3.7292052930055,0.4613503495832303,0.037262508317670306
1.836734693877551,0.023292740711401416,-0.7812514868412308,-0.14664087945352455,3.673469387755102,0.29592707586315964,3.823205810025664,0.44703663705772356,0.03360432151305082
1.836734693877551,0.021056316367299432,-0.788904820689756,-0.14618911736075368,3.836734693877551,0.28608761766222857,3.9083181724105995,0.43373387349870623,0.030377843202491928
1.836734693877551,0.019121131098497335,-0.7955172346295293,-0.14579881293474026,4.0,0.2779037806154316,3.98505792365479,0.4222297709899892,0.027585961011989735
2.0816326530612246,0.037026993736609226,0.1985997823639817,-0.10601736000728876,-4.0,0.1898369017665396,-34.85403346185748,0.2973879344128683,0.053418660242832594
2.0816326530612246,0.04886929849377908,0.09100629975706474,0.12469927522881812,-3.836734693877551,0.22636490224283,-33.32998696333839,0.36456086084946976,0.07050349458869709
2.0816326530612246,0.0438741320755065,0.10063980701590278,0.11187337737005686,-3.673469387755102,0.21154358164201156,-31.761820119631455,0.3404636974717617,0.06329699276864043
2.0816326530612246,0.08379037168039694,0.10837091147360174,0.11739898779342037,-3.510204081632653,0.2822437501510308,-30.226430065361285,0.42780399203739644,0.12088395369755167
2.0816326530612246,0.1040407976785318,0.11906402371474281,0.10700119734617282,-3.3469387755102042,0.3168583134892328,-28.68747216108612,0.456278312736396,0.15009914286094972
2.0816326530612246,0.09569069376080352,0.12496186494106956,0.11141059618908501,-3.183673469387755,0.3162626422175006,-27.16009601879334,0.483798391649061,0.138052489347936
2.0816326530612246,0.0945026608691173,0.13201623321138817,0.11468892861308924,-3.020408163265306,0.32749207942467506,-25.645262491543868,0.5061759115238977,0.1363385201866869
2.0816326530612246,0.11327204172004346,0.14078535483340718,0.10579754322658153,-2.857142857142857,0.35854103684810124,-24.147497258583265,0.5458798758592529,0.16341701286087407
2.0816326530612246,0.1217513269387458,0.14846646538149993,0.10082218681964947,-2.693877551020408,0.3835262789043607,-22.668487727066704,0.5835288491332536,0.17565003559617942
2.0816326530612246,0.1353255758221954,0.15454590262701653,0.08924235831152415,-2.5306122448979593,0.41926004156475866,-21.215761723014378,0.6286452955659517,0.19523353714412517
2.0816326530612246,0.15404731631951596,0.1580027030276841,0.0712353829696117,-2.36734693877551,0.4693814379218763,-19.800568267622012,0.6809821681860502,0.2222432993164194
2.0816326530612246,0.1751469131608625,0.15649972596473014,0.04507281536580092,-2.204081632653061,0.5334471052506283,-18.440296732755527,0.7372681276918387,0.25268358304418603
2.0816326530612246,0.1941982568043159,0.14844831917116208,0.009758107728144635,-2.0408163265306123,0.6010443273567228,-17.156062488672855,0.7892198210598543,0.28016886204086777
2.0816326530612246,0.20549742845302466,0.13377943942727946,-0.03616601621651583,-1.8775510204081634,0.6517582894103693,-15.960586428107502,0.8310041397001111,0.29647012094461367
2.0816326530612246,0.21145484618421162,0.11586793753602727,-0.08844445040057466,-1.7142857142857142,0.6772481196932064,-14.848686683263162,0.847038497884344,0.3050648579619004
2.0816326530612246,0.21564281866584367,0.09850638111361773,-0.13744741916257758,-1.5510204081632653,0.6832332681959619,-13.803345719339884,0.8359391555354733,0.3111068250925304
2.0816326530612246,0.2188477470203829,0.08377278239678305,-0.17597318694930436,-1.3877551020408163,0.6798588126211454,-12.806079158450455,0.8236911633570304,0.3157305593360289
2.0816326530612246,0.2204175579902501,0.07176430204466629,-0.2032436854563197,-1.2244897959183674,0.6742880036889564,-11.84245290119126,0.8184770380545221,0.3179953178373891
2.0816326530612246,0.21989892159892244,0.06172209847421157,-0.22166158786529286,-1.0612244897959184,0.6695921324091246,-10.903042898517905,0.8106880706086851,0.31724708368759647
2.0816326530612246,0.21724371632404904,0.05283194736595652,-0.23382149673202063,-0.8979591836734694,0.6665876215061524,-9.982280138699618,0.8039715327205098,0.3134164322049946
2.0816326530612246,0.21257833762112033,0.044440346462156936,-0.24162297158684276,-0.7346938775510204,0.6652780201401027,-9.077101501663849,0.7994925549314491,0.30668571348640983
2.0816326530612246,0.20604944937464809,0.03603210276559511,-0.24629804219132764,-0.5714285714285714,0.6654675463839271,-8.186022022298575,0.7974038777036363,0.297266518790706
2.0816326530612246,0.19777061702061283,0.027162750756631153,-0.24860915600112646,-0.40816326530612246,0.6669547765220462,-7.308600174672907,0.7974839694379173,0.2853226884091886
2.0816326530612246,0.18781899081530118,0.01739689736166932,-0.249013200559077,-0.24489795918367346,0.66957169468038,-6.445157577495695,0.8024068887875792,0.27096552663400475
2.0816326530612246,0.17625486266319768,0.0062570117659749925,-0.24777079115175502,-0.08163265306122448,0.6731704788135214,-5.596650435769658,0.8094550279977843,0.2542820162967603
2.0816326530612246,0.1631573577852048,-0.006821097033763689,-0.24501781346512944,0.08163265306122448,0.6775885826389519,-4.764631851754244,0.8175098585293618,0.23538631096126172
2.0816326530612246,0.14867938295210092,-0.022527406307621893,-0.24081777025854872,0.24489795918367346,0.6825970606814604,-3.9512684914765424,0.8260860801824067,0.2144990084674263
2.0816326530612246,0.13312736416613435,-0.0417063193382125,-0.2352094660072792,0.40816326530612246,0.6878299760740283,-3.159384211602158,0.8358480480713264,0.19206218808910114
2.0816326530612246,0.11706407844977451,-0.06536000387442831,-0.22825993901045954,0.5714285714285714,0.6926959269648851,-2.392501219697713,0.847127435393435,0.16888776544572615
2.0816326530612246,0.10140741309254886,-0.09459926564979264,-0.22012508219492552,0.7346938775510204,0.6962867080740652,-1.6548399863308305,0.855794051008893,0.14629997197799804
2.0816326530612246,0.08744519490896985,-0.1305050005057386,-0.21110673543049993,0.8979591836734694,0.6973233937006611,-0.9512288081342497,0.8601010805030279,0.12615674904473906
2.0816326530612246,0.07662316437027905,-0.17386891883186045,-0.2016769682247262,1.0612244897959184,0.694207247713073,-0.2868733759808393,0.8581854427510369,0.11054385925422139
2.0816326530612246,0.06999033579647107,-0.22482197421316505,-0.19243228445925015,1.2244897959183674,0.685246624461121,0.3330431313212463,0.8484606656300987,0.10097471036372285
2.0816326530612246,0.06748813677270671,-0.2824448132932838,-0.1839654834966081,1.3877551020408163,0.6690819760199603,0.9039165935889741,0.8301122226131529,0.09736480024081917
2.0816326530612246,0.06771884846302823,-0.34456503209465444,-0.1767022263915244,1.5510204081632653,0.6452186181513423,1.422366105826748,0.8050565191146877,0.09769764685232207
2.0816326530612246,0.0686056149065426,-0.40798509517746384,-0.17079513874898364,1.7142857142857142,0.614429864722211,1.8868306052449961,0.7743009420616423,0.09897698040280645
2.0816326530612246,0.06843490575316502,-0.46920425631422014,-0.16614045120664792,1.8775510204081634,0.5787291489120099,2.2979227522914454,0.738758217796147,0.09873069915379418
2.0816326530612246,0.06646363523919363,-0.5253251691746286,-0.16249237398365526,2.0408163265306123,0.5408109231147794,2.658364693004044,0.7011533555665669,0.09588675695903781
2.0816326530612246,0.0628333021929095,-0.5746440418266392,-0.15958827446672955,2.204081632653061,0.5032565385445009,2.9724944148569503,0.6662498003776776,0.0906492934763885
2.0816326530612246,0.05812190618203128,-0.6166839008774792,-0.1572197216702967,2.36734693877551,0.4679611766449901,3.2455408154871868,0.632763260852661,0.0838521858158292
2.0816326530612246,0.05294535505937392,-0.6518414212260566,-0.15524558599789082,2.5306122448979593,0.4359826091820091,3.482934649779411,0.601632179927769,0.07638400118226363
2.0816326530612246,0.04776704716295144,-0.6809572217306697,-0.15357622429175757,2.693877551020408,0.4076925798038675,3.6898219470927547,0.5732413716056841,0.06891328205989877
2.0816326530612246,0.04286835416937951,-0.7049963205469804,-0.15215353968959075,2.857142857142857,0.3830222878657158,3.8708051156289884,0.5476235192452976,0.061845961971235486
2.0816326530612246,0.038388311659160124,-0.7248717192945172,-0.15093699865402738,3.020408163265306,0.36167377829104624,4.029856126577016,0.524622694933042,0.05538262685877049
2.0816326530612246,0.03437300162019974,-0.7413723431459717,-0.14989484377180445,3.183673469387755,0.3432582753458911,4.1703314993044565,0.5039996072929284,0.04958975897792994
2.0816326530612246,0.03081746002398411,-0.7551485047622691,-0.14900181973907958,3.3469387755102042,0.3273784354384378,4.295035391559206,0.48549419473717526,0.04446019674939583
2.0816326530612246,0.027693161801892963,-0.7667264704989138,-0.1482383314704865,3.510204081632653,0.3136610259546623,4.406299525869309,0.468847680780539,0.03995278719812667
2.0816326530612246,0.02494500683737111,-0.7765145239789815,-0.14757740824500093,3.673469387755102,0.30177692038194215,4.5060547025254705,0.45384238387227654,0.035988037659216765
2.0816326530612246,0.022543924533944937,-0.7848540628817753,-0.14701334342113376,3.836734693877551,0.29147872867831875,4.595912458421452,0.44031924617119944,0.032524008127297055
2.0816326530612246,0.020442706557473267,-0.7919946012857747,-0.14652846191747507,4.0,0.2825177436898672,4.677212271026391,0.4280632480623688,0.02949259137281457
2.326530612244898,0.03754650306489449,0.09497508759876701,0.11617015882952716,-4.0,0.19268615973423403,-34.22576687603235,0.3090389493752826,0.05416815377444539
2.326530612244898,0.058756495617070525,0.10015609065259246,0.12697860894568638,-3.836734693877551,0.24399985428557042,-32.67991209346741,0.38250705014212505,0.08476770484676166
2.326530612244898,0.08252806973855731,0.12375020431720128,0.06914154135123564,-3.673469387755102,0.27030654441401164,-31.11551676752975,0.4005689663093516,0.11906283694595476
2.326530612244898,0.08660890957524114,0.1687130968674478,-0.0880867794609114,-3.510204081632653,0.2673422811066636,-29.52217813186568,0.3871228096021078,0.12495024434100133
2.326530612244898,0.08620633172555237,0.12503590395558206,0.12413450628887189,-3.3469387755102042,0.29996525885622066,-28.06305673235151,0.4595325816861242,0.12436944727368315
2.326530612244898,0.14698314441279003,0.13911548494513296,0.07605837098246972,-3.183673469387755,0.3651163237433038,-26.536037532815122,0.4986839876566841,0.21205185353859868
2.326530612244898,0.10925644539381785,0.14261792832651551,0.11548935220608803,-3.020408163265306,0.34401030990176545,-25.04270137038544,0.524100782158738,0.15762373195481594
2.326530612244898,0.12058318893497755,0.15012184903277784,0.10847853232708003,-2.857142857142857,0.3683993553354886,-23.556873317968364,0.5565466310631009,0.17396476869106836
2.326530612244898,0.13956481183336744,0.15647578190265632,0.09643266050215261,-2.693877551020408,0.4046690876026981,-22.09485213925424,0.6019240467129311,0.2013494619145999
2.326530612244898,0.15154065285354057,0.1601708645787572,0.08383631418897845,-2.5306122448979593,0.4443862746651219,-20.66335121115128,0.6509194899300789,0.21862694836487861
2.326530612244898,0.17527597680199425,0.15994218401910862,0.06008245854527451,-2.36734693877551,0.5050954171362334,-19.277908807611844,0.70723315583093,0.2528697825192059
2.326530612244898,0.19907797473463806,0.15256770518988336,0.02486129784833992,-2.204081632653061,0.5763184161264461,-17.961403921398695,0.7597919240778386,0.2872088068998804
2.326530612244898,0.21748704320092282,0.13809101909020124,-0.021532038363898724,-2.0408163265306123,0.6371154726722915,-16.732557284368514,0.8075327220997913,0.31376747868357446
2.326530612244898,0.22906536628785656,0.11905809570188113,-0.07738647157724979,-1.8775510204081634,0.670512167207355,-15.593660490334992,0.8308917029039166,0.33047146798290505
2.326530612244898,0.2375144932336355,0.1000497018403081,-0.13240087261518255,-1.7142857142857142,0.6789421634267031,-14.52913359446902,0.8229128328065247,0.3426609815274211
2.326530612244898,0.24406623568035646,0.08410775427469926,-0.17646639208871326,-1.5510204081632653,0.674516119118115,-13.518166771100438,0.8036275801904885,0.352113147864487
2.326530612244898,0.24821224687120735,0.07163583307733974,-0.20748403350343908,-1.3877551020408163,0.6669730564063939,-12.543531266282336,0.7945503188423,0.3580945776489979
2.326530612244898,0.24969714921559416,0.06174135430717076,-0.2281819961087598,-1.2244897959183674,0.6605080737675924,-11.593878797550211,0.7840958971634329,0.36023683889744884
2.326530612244898,0.2487005882886637,0.05343548312539326,-0.2417721282099845,-1.0612244897959184,0.6561222795821157,-10.662540339525288,0.7751017725078551,0.3587991053902231
2.326530612244898,0.24552804648039017,0.04596974393120796,-0.2505883838107558,-0.8979591836734694,0.6537303529411292,-9.745811620438394,0.7688464485679751,0.3542220950564139
2.326530612244898,0.24044458452577122,0.038808312120396406,-0.2561154465053076,-0.7346938775510204,0.6530248544204909,-8.84176342094207,0.7654258832505678,0.3468882097039372
2.326530612244898,0.23363397917357287,0.031540677559961657,-0.25926018133127193,-0.5714285714285714,0.6537259430654542,-7.949564272561942,0.7645635220073592,0.3370625831368681
2.326530612244898,0.2252050496107525,0.02380964247489679,-0.26056676283671426,-0.40816326530612246,0.6556261034058984,-7.069123326581992,0.7671852362954491,0.32490220825658556
2.326530612244898,0.21521068552245448,0.015258290965374677,-0.26035208545449423,-0.24489795918367346,0.6585781803710259,-6.200915104128848,0.773100843530555,0.31048338874955883
2.326530612244898,0.20367096597710188,0.005487821715963007,-0.2587867786756109,-0.08163265306122448,0.6624689451404168,-5.345909169232326,0.7810783912556166,0.29383509258823004
2.326530612244898,0.19060214217589633,-0.005980272693413724,-0.2559452423858415,0.08163265306122448,0.6671859212652104,-4.505564323737484,0.7900339945165907,0.2749807652999783
2.326530612244898,0.17605768322794524,-0.01974037538386781,-0.25184100763041445,0.24489795918367346,0.6725744442000383,-3.681864842782406,0.7996018556948885,0.2539975465033568
2.326530612244898,0.16018944550425496,-0.03653488168558688,-0.24645913285506607,0.40816326530612246,0.6783788954186145,-2.877382366303558,0.8098649309586166,0.23110451863174175
2.326530612244898,0.1433347746879441,-0.05727228251630174,-0.23979465070096614,0.5714285714285714,0.6841637072729843,-2.095344585866845,0.8224575608067304,0.20678836862923333
2.326530612244898,0.12612249277683696,-0.08300995851998269,-0.23190251719432675,0.7346938775510204,0.6892185767679165,-1.3396822525500887,0.8338914346353641,0.1819562948736957
2.326530612244898,0.1095566661174423,-0.11486760043621362,-0.22295615937274,0.8979591836734694,0.6924725749276923,-0.6150118901248367,0.8421187228221272,0.15805685890396193
2.326530612244898,0.09497809361144216,-0.15383160833451498,-0.21329606475917462,1.0612244897959184,0.6924726386535272,0.0734999253977886,0.8452953121201711,0.13702442464631526
2.326530612244898,0.08375896638988656,-0.20043078312022153,-0.2034326693455433,1.2244897959183674,0.6875068208414726,0.7204412556390212,0.8415791509625107,0.12083864544067469
2.326530612244898,0.0766863842821437,-0.2543296346034601,-0.19396921466562866,1.3877551020408163,0.6759368885673381,1.3206485906668568,0.8295966130925512,0.11063506630755393
2.326530612244898,0.07335843981495693,-0.3139964147797306,-0.1854511889847458,1.5510204081632653,0.6567163326705547,1.869851684702218,0.8090096238663103,0.10583385732838968
2.326530612244898,0.07221705220105057,-0.37669511856217663,-0.17821299762525392,1.7142857142857142,0.6299161216038964,2.36535484182283,0.783313299676915,0.10418718307807406
2.326530612244898,0.07136354886643148,-0.4389828979504616,-0.17231504872854497,1.8775510204081634,0.5969493148710093,2.806563528690798,0.7513594962403916,0.10295583804983766
2.326530612244898,0.06947548242688195,-0.49758271713602303,-0.16760330479775862,2.0408163265306123,0.5602570112975165,3.1951430304172277,0.7157517359277077,0.10023193396063057
2.326530612244898,0.06614840239130992,-0.5501737645566205,-0.16383278282939254,2.204081632653061,0.5225690760296904,3.5347075155818657,0.6803148569442481,0.0954319720926704
2.326530612244898,0.06165327419511191,-0.5956934580454415,-0.16077014480769902,2.36734693877551,0.48617544484654995,3.830156569028074,0.6467801767259088,0.08894687293585557
2.326530612244898,0.05651461639229338,-0.6341404722686629,-0.1582378928597225,2.5306122448979593,0.4525646981065492,4.086925704385424,0.6150320821006432,0.08153335680690299
2.326530612244898,0.05121757843012609,-0.6661582265511525,-0.156114432741895,2.693877551020408,0.4224467268276114,4.310381715056434,0.5857374538345573,0.07389134640748418
2.326530612244898,0.04609851663684661,-0.6926565306463938,-0.15431788060237078,2.857142857142857,0.39596781133705855,4.505451440864752,0.55911212723145,0.066506101344316
2.326530612244898,0.04134685655392123,-0.7145702004211135,-0.15279055126067403,3.020408163265306,0.37294382238036927,4.676456704601516,0.5351049744451005,0.05965090490668956
2.326530612244898,0.03704489896247076,-0.732741699858722,-0.15148867493897225,3.183673469387755,0.3530343498245016,4.827085552762997,0.5135308714301187,0.05344449202338941
2.326530612244898,0.03320931493796797,-0.7478823932553144,-0.15037772646289477,3.3469387755102042,0.33585099657721684,4.9604359638975515,0.49415247690349046,0.04791091397232572
2.326530612244898,0.02961811963103167,-0.7607010044473996,-0.1493325490304304,3.510204081632653,0.32004880070467656,5.079182878572438,0.47561619999149035,0.04272991431214512
2.326530612244898,0.026837985273828524,-0.7712761139121334,-0.14861523933409826,3.673469387755102,0.3081742023410167,5.185189902747325,0.461013674797284,0.038719028262002464
2.326530612244898,0.02422069802750637,-0.7803638441773292,-0.14791810122137522,3.836734693877551,0.29703164110482533,5.280518990533809,0.4468243688410124,0.034943080931152615
2.326530612244898,0.021928983348393105,-0.7881287688529586,-0.1473207386655533,4.0,0.2873598736219156,5.3665595486971975,0.43400009599115574,0.03163683552846308
2.5714285714285716,0.11636564033191132,0.11511494957796087,0.09566289130652052,-4.0,0.30493809234310776,-33.587640672225284,0.4043083566825366,0.16788013223671694
2.5714285714285716,0.07825338513692004,0.10944963079180739,0.13399102491882425,-3.836734693877551,0.26617687542869134,-32.03646288340544,0.37746335087118266,0.11289577066980883
2.5714285714285716,0.06447741056741108,0.1715604533715918,-0.10857652700229396,-3.673469387755102,0.2385088993119814,-30.422864352257832,0.35297312444150747,0.09302124047496552
2.5714285714285716,0.14014774239695726,0.13085549233179683,0.10378975300918165,-3.510204081632653,0.3331365019375393,-28.96422459916866,0.44442705359736806,0.2021904529478742
2.5714285714285716,0.10263046143383225,0.13604913609788621,0.12464227298711526,-3.3469387755102042,0.31950098539527844,-27.45230619587421,0.4809544100471205,0.1480644577547361
2.5714285714285716,0.10941015504881624,0.14428351169007256,0.12195827560626823,-3.183673469387755,0.33453919668330867,-25.945480821556792,0.5055874478731734,0.15784548811181942
2.5714285714285716,0.12101757611691188,0.15176849527257136,0.11688302409833307,-3.020408163265306,0.35729848364027456,-24.455328987075244,0.5392769996413139,0.1745914569242717
2.5714285714285716,0.13366215488251387,0.15818341262681304,0.10836631808746641,-2.857142857142857,0.3845519727510179,-22.983719527016316,0.5763955325585729,0.19283372800353504
2.5714285714285716,0.15181186927175339,0.1624574695236126,0.09392398464835393,-2.693877551020408,0.42387808338566313,-21.538667399848617,0.6217953682103804,0.21901823094644213
2.5714285714285716,0.17262021869659905,0.16289315120219042,0.07318043796428696,-2.5306122448979593,0.47729869101567285,-20.132685156589705,0.6756158669326436,0.2490383334707511
2.5714285714285716,0.20060200133962103,0.15694795602970008,0.04016379157657807,-2.36734693877551,0.5490602661657643,-18.786346681050535,0.7327326111159402,0.28940751252507235
2.5714285714285716,0.22625700603393795,0.14288754327025452,-0.006304510862610786,-2.204081632653061,0.6194599655666344,-17.52423577464504,0.782984433957077,0.3264198605715465
2.5714285714285716,0.24455790852405657,0.1225466780342159,-0.06583301027414012,-2.0408163265306123,0.6629381035967865,-16.357377692206995,0.8138400242037563,0.35282248183783294
2.5714285714285716,0.2579263584400333,0.10155956177322267,-0.1272534059076763,-1.8775510204081634,0.6748198302884142,-15.273839676052983,0.8089686162577049,0.3721090782359848
2.5714285714285716,0.26815536936170203,0.08402069187330119,-0.17737372361080542,-1.7142857142857142,0.6692882901882969,-14.25046107209464,0.7831774538931345,0.3868664215658759
2.5714285714285716,0.2748907936216798,0.07084531637807438,-0.212204519790242,-1.5510204081632653,0.6595129918873119,-13.266603472661048,0.770023351333019,0.39658358474402844
2.5714285714285716,0.2782228803499096,0.060926356712746724,-0.23497891718293545,-1.3877551020408163,0.6511689147554548,-12.30865671287078,0.7566538277938933,0.40139076974265686
2.5714285714285716,0.27866692893229605,0.05302067147510387,-0.2497169982747376,-1.2244897959183674,0.6454183391806234,-11.368795361648031,0.7453128814230537,0.4020313964303801
2.5714285714285716,0.2767579519002903,0.04624069408387025,-0.259261616913622,-1.0612244897959184,0.6420197712611809,-10.442733537183873,0.7372842639719988,0.39927732473313515
2.5714285714285716,0.27289924841211133,0.040001374494397446,-0.26536316761831,-0.8979591836734694,0.6405130111009599,-9.52819480881892,0.7325193465401401,0.3937103923464784
2.5714285714285716,0.26735607098047276,0.03389802180320178,-0.26906573146249585,-0.7346938775510204,0.6405162072183364,-8.624071711348263,0.7306230452279336,0.38571327775508557
2.5714285714285716,0.26028507926193556,0.02761661363415186,-0.2709902665896581,-0.5714285714285714,0.6417615881429412,-7.729991649498065,0.7312253433755893,0.3755119930685842
2.5714285714285716,0.25176365447727744,0.02087546060637648,-0.27150309477187634,-0.40816326530612246,0.6440730624813488,-6.846099715631646,0.7363167761726395,0.36321817579045
2.5714285714285716,0.24181309334235723,0.013384647633519875,-0.27081140146442917,-0.24489795918367346,0.6473371896154044,-5.972959163017639,0.7431353320074376,0.34886255058703863
2.5714285714285716,0.2304181916074961,0.0048132168034170485,-0.269017568642156,-0.08163265306122448,0.6514762182881488,-5.111520617334201,0.7517425983929167,0.3324231823627364
2.5714285714285716,0.21754809309852097,-0.005241880301494877,-0.2661515578113279,0.08163265306122448,0.6564207497850908,-4.263136100752569,0.7614330144701742,0.3138555550680864
2.5714285714285716,0.2031846864431086,-0.01728784274457351,-0.2621931112002609,0.24489795918367346,0.662076408360502,-3.429605490863619,0.7718771914493513,0.2931335395160515
2.5714285714285716,0.18736635569858895,-0.03196839568062674,-0.25709214069913877,0.40816326530612246,0.6682776127189997,-2.613246833686672,0.7832301934543653,0.2703125121957912
2.5714285714285716,0.17025536203774005,-0.05009035928112647,-0.25079451741017517,0.5714285714285714,0.6747217464038592,-1.8169798030060158,0.7957756418920663,0.24562656649660353
2.5714285714285716,0.15223239585638138,-0.07262927772724223,-0.24327951781101628,0.7346938775510204,0.680881317801766,-1.044403474812016,0.8093190169879028,0.21962492256464694
2.5714285714285716,0.13400329832557323,-0.10068611339294369,-0.23461140220562257,0.8979591836734694,0.6859050374549278,-0.29983547611759653,0.8207244623727606,0.19332589395706856
2.5714285714285716,0.1166602004766013,-0.1353548445061006,-0.2249971619043727,1.0612244897959184,0.6885455204433653,0.4117374781129521,0.8283022028678234,0.16830509269670513
2.5714285714285716,0.10157856038577218,-0.17746343371548054,-0.2148246562528827,1.2244897959183674,0.687186315662143,1.084858203400128,0.8301440346977804,0.1465468853291938
2.5714285714285716,0.0900195374944055,-0.2271916786680723,-0.2046410735842363,1.3877551020408163,0.6800571722827373,1.7139959257938768,0.8244930009066014,0.12987074032629664
2.5714285714285716,0.0824882631122017,-0.28366545380158703,-0.1950456655602618,1.5510204081632653,0.6656786004689461,2.2941439888448074,0.8102712272807941,0.11900540812351723
2.5714285714285716,0.07828762218589369,-0.3447474585907437,-0.186526452973207,1.7142857142857142,0.6434390852786969,2.821540256911022,0.7889275690981425,0.11294516429057788
2.5714285714285716,0.0758018241579348,-0.4072739875463055,-0.17932977437153447,1.8775510204081634,0.6140325353574346,3.2943370728029544,0.761554333031537,0.10935891580298929
2.5714285714285716,0.07337877582780483,-0.4677829309076128,-0.1734426009390533,2.0408163265306123,0.5794326145214405,3.7129863945638033,0.7289347956874718,0.10586319599327698
2.5714285714285716,0.0700560712908962,-0.5234069120387018,-0.1686822418501225,2.204081632653061,0.5423217271010462,4.080158684459927,0.6937362348662918,0.1010695466355398
2.5714285714285716,0.06567129461848364,-0.5724435463722125,-0.1648148985867078,2.36734693877551,0.505293319703762,4.400210285019335,0.6606086880537201,0.0947436510748445
2.5714285714285716,0.06054379583980807,-0.6143852484666866,-0.1616338029840434,2.5306122448979593,0.4702790219858123,4.678424430483303,0.6285829871670837,0.08734623401468511
2.5714285714285716,0.055117952601538844,-0.6495801444192679,-0.15898394551270473,2.693877551020408,0.4383899400942174,4.9203018364603395,0.5985694837009725,0.07951839688219309
2.5714285714285716,0.0497620770332079,-0.6788194279846119,-0.15675593918731126,2.857142857142857,0.41005504846264124,5.131063696304045,0.5710211016385889,0.07179150176014337
2.5714285714285716,0.044712637966056734,-0.7030280671261729,-0.15487173336454,3.020408163265306,0.3852560610857978,5.315387142861973,0.5460327169730268,0.06450670105869305
2.5714285714285716,0.040090606537817264,-0.7230905967244424,-0.1532726533595737,3.183673469387755,0.3637330676645031,5.477314974638819,0.5234993745855733,0.057838519238339714
2.5714285714285716,0.035938114622424466,-0.739778546271897,-0.15191265737142404,3.3469387755102042,0.345125292269011,5.62026853733887,0.5032232077559108,0.05184773974467083
2.5714285714285716,0.032249739899463226,-0.7537319359674531,-0.15075390640854977,3.510204081632653,0.3290516367468747,5.747109762044343,0.4849746591380275,0.04652653982291444
2.5714285714285716,0.02899504968679989,-0.765469519309789,-0.14976478093780532,3.673469387755102,0.31515128134414416,5.860219617267534,0.4685243128415744,0.04183101439347503
2.5714285714285716,0.026134702106801688,-0.7754048842898875,-0.14891937265238522,3.836734693877551,0.30310961029046074,5.96157603767101,0.4536677763509431,0.037704405124593166
2.5714285714285716,0.02362143794931426,-0.7838709672628558,-0.1481947728651298,4.0,0.29264259650392066,6.052823916535026,0.44023050456845,0.034078531388141986
2.816326530612245,0.07758429278806589,0.11277014440128988,0.13223217235437598,-4.0,0.2689216368893777,-32.95284346755876,0.39962671751248113,0.11193047445622017
2.816326530612245,0.08328168594957197,0.12361160776172267,0.11259907026391461,-3.836734693877551,0.26187354991237627,-31.40069601986829,0.39526111348710297,0.1201500753163196
2.816326530612245,0.09269211184538206,0.12951338712172483,0.13236361500209298,-3.673469387755102,0.2959216588774677,-29.88177726017305,0.43979579509680355,0.13372645008885842
2.816326530612245,0.10188028492797874,0.13825573990078163,0.1306442794655284,-3.510204081632653,0.3110464864932564,-28.36022468869598,0.46475902536388364,0.14698218182994927
2.816326530612245,0.12228190143372974,0.14683156960186755,0.12064747246618153,-3.3469387755102042,0.3380624733076942,-26.85233584370373,0.49709975345983654,0.17641549278891455
2.816326530612245,0.12227191912074109,0.1539181693100848,0.12329970249017272,-3.183673469387755,0.347437179675478,-25.357955606430718,0.5196845807211049,0.17640109135546922
2.816326530612245,0.1328155598345362,0.16046210669665203,0.11696279247492301,-3.020408163265306,0.36992374879241025,-23.87978527484077,0.5524887308590066,0.19161234952617612
2.816326530612245,0.14797088575167572,0.1651051690983136,0.10560256870574174,-2.857142857142857,0.4026387160227819,-22.424274327342047,0.59377469522302,0.21347686306988978
2.816326530612245,0.1702605232923584,0.16614252370498006,0.08583883922541904,-2.693877551020408,0.4516435435626463,-21.001349698778917,0.6445308669608015,0.24563401261304518
2.816326530612245,0.19605199973870868,0.16108291344424597,0.054965413454857136,-2.5306122448979593,0.5176415960941974,-19.62781527441124,0.7059347848264773,0.28284324777939895
2.816326530612245,0.23153038737040155,0.1482132805607739,0.00970372906530215,-2.36734693877551,0.5982533290900091,-18.33455202389629,0.7584381349489332,0.33402774167437865
2.816326530612245,0.25745655653274757,0.12675802375011963,-0.05304571567367692,-2.204081632653061,0.6536177421693286,-17.138476187504168,0.7960579419821727,0.3714312973541434
2.816326530612245,0.2769229690306878,0.10311381473260368,-0.12206936771471145,-2.0408163265306123,0.6708255025377949,-16.03563166317816,0.7942352537311665,0.39951539412882164
2.816326530612245,0.29120882939406534,0.08355252171027547,-0.17894830242076193,-1.8775510204081634,0.6641034245680336,-15.000998599916727,0.7636964176900002,0.42012553402989816
2.816326530612245,0.3004866922113234,0.06948319588750484,-0.2176232273818108,-1.7142857142857142,0.6517860511739272,-14.009611716696133,0.7448621259758711,0.4335106607064043
2.816326530612245,0.3054412715829129,0.05944790008344986,-0.24218986315850508,-1.5510204081632653,0.6414845864764988,-13.045128020766487,0.7284041768482448,0.44065860779548727
2.816326530612245,0.3070632476853279,0.051845961633821776,-0.2577485784380348,-1.3877551020408163,0.6344365883867449,-12.098499032761762,0.7147764877527203,0.4429986246748818
2.816326530612245,0.30616370471836674,0.04561003963115516,-0.267728949798712,-1.2244897959183674,0.6301484268324259,-11.164922448843882,0.705116037385056,0.4417008584973807
2.816326530612245,0.30329182967288726,0.04008808128970952,-0.27414855291477047,-1.0612244897959184,0.6279651765617978,-10.241864735727624,0.6991403033358193,0.43755761861121467
2.816326530612245,0.29879156779994864,0.034865874430954,-0.27817215480550334,-0.8979591836734694,0.6273884270958069,-9.328036101292993,0.6962895594405883,0.4310651131244243
2.816326530612245,0.2928656675426977,0.029652085809325594,-0.28048026559605327,-0.7346938775510204,0.6280835237914173,-8.422882006195167,0.6960430197709617,0.42251584621048544
2.816326530612245,0.2856210801241319,0.02421129224737073,-0.2814746327622994,-0.5714285714285714,0.6298366135778416,-7.526331341615233,0.6994470147066041,0.4120641158684344
2.816326530612245,0.27709795068730103,0.018322880952206546,-0.2813894137309009,-0.40816326530612246,0.6325160254894565,-6.638675023541291,0.705283524864817,0.39976783929706317
2.816326530612245,0.2672883057902713,0.01175198854019932,-0.2803517656708516,-0.24489795918367346,0.6360438620668887,-5.760515943374319,0.7128935535512386,0.3856155132512358
2.816326530612245,0.256149757617391,0.004224690846230751,-0.2784155181385554,-0.08163265306122448,0.6403741001422256,-4.892762713130394,0.7220174399388412,0.36954598503951974
2.816326530612245,0.24361889609990572,-0.004597014398089968,-0.2755806569946848,0.08163265306122448,0.645472136402323,-4.036654483755173,0.7322646154205941,0.35146777327017675
2.816326530612245,0.22962939429120266,-0.01514283407495065,-0.2718061447548313,0.24489795918367346,0.6512903363143183,-3.193810996091049,0.7434008728159317,0.33128518838625487
2.816326530612245,0.2141411987087356,-0.027964711663503672,-0.26702157541712584,0.40816326530612246,0.657733375477312,-2.3663043689799923,0.7554523012258263,0.30894044542711097
2.816326530612245,0.19718884807519177,-0.04376703808915546,-0.26114294534805793,0.5714285714285714,0.6646063776188302,-1.5567476912151994,0.7678541661615248,0.2844833732366867
2.816326530612245,0.1789567484673127,-0.06342675603867286,-0.25409824269075626,0.7346938775510204,0.6715399306825828,-0.7683895100722404,0.7827436636709764,0.2581800135474053
2.816326530612245,0.15988149064103108,-0.08798260140610627,-0.24586784970388095,0.8979591836734694,0.6778930416124432,-0.00519147906793772,0.7965589234371965,0.2306602336777499
2.816326530612245,0.14075593027597733,-0.11855844455293214,-0.23653953922992146,1.0612244897959184,0.6826540129617072,0.7281512982372212,0.8077185641681256,0.20306788258486463
2.816326530612245,0.12275854936801989,-0.15617648828979597,-0.22636456642803227,1.2244897959183674,0.6843931538439989,1.4263066053361784,0.8144172065456095,0.1771031503999656
2.816326530612245,0.10727585306132625,-0.20143248096989635,-0.21578199681818938,1.3877551020408163,0.681357466971742,2.0835845563905675,0.8147251001024305,0.15476634121870836
2.816326530612245,0.09542110488704503,-0.2540740442873335,-0.20536987882712374,1.5510204081632653,0.6717949837235437,2.6944421450388516,0.8070427988637412,0.13766355481668535
2.816326530612245,0.08741192393704877,-0.31264619189732584,-0.19571116347389214,1.7142857142857142,0.6545023293651439,3.2541850486888952,0.7906656609243801,0.1261087491785431
2.816326530612245,0.0823203222536637,-0.3744685869487717,-0.18722881993151103,1.8775510204081634,0.6294031462453583,3.7597323592147687,0.7686612506815741,0.11876312067974171
2.816326530612245,0.07856570587686718,-0.43613024809230644,-0.18008801549809497,2.0408163265306123,0.5978115959755897,4.210210781163357,0.7400652318693833,0.1133463542524975
2.816326530612245,0.07477404605380067,-0.4943608701701884,-0.17422014862923546,2.204081632653061,0.5621274922937455,4.607134738393322,0.7072615412252838,0.10787614542902091
2.816326530612245,0.07028564601001785,-0.5468176015537846,-0.1694290406451846,2.36734693877551,0.5250898869627807,4.954075587751179,0.6739162359659717,0.10140075294432993
2.816326530612245,0.0650932853575441,-0.5923905031126668,-0.16549591737989905,2.5306122448979593,0.48903632655613194,5.255962573113636,0.6420760680420129,0.09390975998049855
2.816326530612245,0.05951191239785847,-0.6310192623467067,-0.1622356720656874,2.693877551020408,0.45552493720853093,5.518301782749875,0.6116180867954408,0.08585754089020892
2.816326530612245,0.05389911898484878,-0.6632919221930992,-0.15950892706922495,2.857142857142857,0.4253390614290638,5.7465496953699065,0.5832893612940689,0.07775999166772563
2.816326530612245,0.04852558562156051,-0.6900752358665408,-0.15721426382245998,3.020408163265306,0.39869046710943723,5.945728278693497,0.5573807538779676,0.07000762173245834
2.816326530612245,0.04354860219572454,-0.7122757184699494,-0.15527353956711343,3.183673469387755,0.3754398353882297,6.120251744454837,0.5338998463795194,0.0628273524254177
2.816326530612245,0.03904103994694297,-0.730718613868057,-0.1536289596404526,3.3469387755102042,0.3552848119553463,6.273893287273597,0.5127129463199797,0.056324314722602686
2.816326530612245,0.03501500054131923,-0.7461067721404475,-0.15223191397035762,3.510204081632653,0.33785690561112575,6.409826676909446,0.4936187677293837,0.050515967637684955
2.816326530612245,0.031449165108263566,-0.7590172030118405,-0.15104253325041656,3.673469387755102,0.3227860106472873,6.530699203933829,0.4763971588772001,0.04537155454178965
2.816326530612245,0.02830652234751363,-0.7699150328795362,-0.15002760602742274,3.836734693877551,0.3097350624092384,6.638711526848007,0.4608391141400271,0.04083767941557026
2.816326530612245,0.02554300671801868,-0.7791724495526954,-0.14915991044243374,4.0,0.29840178107026993,6.7356926847609815,0.4467533847028453,0.03685076912147922
3.061224489795918,0.08549857203350775,0.12325959771439879,0.1373141861934202,-4.0,0.27836626374982115,-32.32551432414901,0.40666528274823543,0.1233483658758292
3.061224489795918,0.14435938029022233,0.14176482790022563,0.04320211036974401,-3.836734693877551,0.3322438074232413,-30.76639852062615,0.4420839835989699,0.20826656205050753
3.061224489795918,0.08930996103442834,0.13991180138359366,0.1305022307416191,-3.673469387755102,0.2787217036912534,-29.26346290962282,0.42291130538589067,0.1288470378863562
3.061224489795918,0.16629336272330097,0.14740257873988177,0.05011535773986635,-3.510204081632653,0.36744332229381627,-27.732940409848307,0.47978387274158607,0.23991060973365563
3.061224489795918,0.12075189836175881,0.15614301502718989,0.1280250452123547,-3.3469387755102042,0.3335368651973817,-26.263171321789976,0.4948384419167674,0.17420816494443692
3.061224489795918,0.1544819128312771,0.16143272993257035,0.10653232613448536,-3.183673469387755,0.3749023643527037,-24.77657108780234,0.5330207462308182,0.22287028954872445
3.061224489795918,0.14753728061451343,0.16781061164653766,0.1144246256677994,-3.020408163265306,0.3861286358473838,-23.31861586571706,0.567715784683263,0.21285130308880174
3.061224489795918,0.1644302545581826,0.1663260054327434,0.0747793511096334,-2.857142857142857,0.40411046529376177,-21.84377292225216,0.5650529246673777,0.23722271282320007
3.061224489795918,0.19597046015115338,0.16646732647585144,0.07109362850391913,-2.693877551020408,0.49103840108263697,-20.4876786684622,0.6729717709069966,0.2827256110207963
3.061224489795918,0.23305792832626726,0.15397801035319197,0.026360776776414848,-2.5306122448979593,0.5732660865767096,-19.162560799573797,0.7301415996119797,0.3362315174361612
3.061224489795918,0.26786877477789717,0.13149112330944626,-0.03935408766046059,-2.36734693877551,0.6424360815596479,-17.935896931765722,0.7761527483575955,0.38645295298107474
3.061224489795918,0.29456047116203643,0.1047905497350065,-0.11680144877850547,-2.204081632653061,0.6669017475766404,-16.812961994171953,0.77877681180368,0.42496093098738585
3.061224489795918,0.3133488236148849,0.08270599926468782,-0.1814087728087784,-2.0408163265306123,0.6588773435703918,-15.76809477609075,0.7440472138086074,0.45206679389758486
3.061224489795918,0.32503598688945323,0.06759756401647991,-0.22390138178677055,-1.8775510204081634,0.6436630659900107,-14.770804445374907,0.7189902184825858,0.4689278063958646
3.061224489795918,0.33131423639151625,0.057425486858299256,-0.2498783946289285,-1.7142857142857142,0.6313863336235286,-13.801380430819425,0.6993818576919489,0.4779854058179538
3.061224489795918,0.33381767373962545,0.050097309755302515,-0.2658859497879887,-1.5510204081632653,0.6231743506563934,-12.849491172018874,0.6836628338312307,0.48159710246524723
3.061224489795918,0.3336667026450011,0.04433071331217645,-0.276007659182201,-1.3877551020408163,0.618156286440641,-11.909900532146596,0.6726253909298364,0.4813792972157156
3.061224489795918,0.3315499958354835,0.03939930967193549,-0.28251162060855484,-1.2244897959183674,0.6154443626133654,-10.979907723108571,0.6656684556433472,0.47832553479860795
3.061224489795918,0.3278774713073218,0.03487402956367025,-0.28665675078693165,-1.0612244897959184,0.6144182867507739,-10.058120523243174,0.6620392077962972,0.4730272018742854
3.061224489795918,0.32288753700075135,0.03047622715042691,-0.28916145572923746,-0.8979591836734694,0.6146792391000068,-9.143879081350663,0.6611121260621324,0.4658282483958347
3.061224489795918,0.31671070391093115,0.026000085584681223,-0.2904465758712389,-0.7346938775510204,0.615977608080489,-8.236978257998121,0.6631473813690213,0.45691696192875275
3.061224489795918,0.3094058810147329,0.02126955862554634,-0.2907607446956155,-0.5714285714285714,0.6181608977094404,-7.33753218050302,0.6681494951351612,0.44637833016183537
3.061224489795918,0.30098111856498666,0.016111397153163485,-0.2902465415769299,-0.40816326530612246,0.621140332007229,-6.4459119538603815,0.6746514211613222,0.4342239671549195
3.061224489795918,0.29140590190077975,0.01033489514894451,-0.2889761408550022,-0.24489795918367346,0.6248692145140583,-5.56272534052995,0.6828972354054665,0.42040984955803085
3.061224489795918,0.2806193726876456,0.0037132927307137148,-0.2869708765810013,-0.08163265306122448,0.6293272452690986,-4.688824298163592,0.6924066469609567,0.4048481773538377
3.061224489795918,0.2685378901130766,-0.004036220357258734,-0.28421208013982363,0.08163265306122448,0.6345062907278326,-3.82533440799633,0.7030328760459007,0.3874182823569208
3.061224489795918,0.2550654496961384,-0.013275854584659139,-0.28064769070931206,0.24489795918367346,0.6403932955758079,-2.973704204511834,0.7146197663348055,0.3679816593787324
3.061224489795918,0.240111674886488,-0.02447475552731934,-0.2761979772428133,0.40816326530612246,0.6469453808974898,-2.135773956104554,0.7270915834213294,0.3464079226182797
3.061224489795918,0.22362402768085476,-0.03823946768162272,-0.27076400417992474,0.5714285714285714,0.6540508885503531,-1.3138627265074068,0.740346062887038,0.3226212757587854
3.061224489795918,0.2056427008860855,-0.05534170034747565,-0.2642433915139565,0.7346938775510204,0.6614693644772511,-0.5108686769902929,0.7548441540900761,0.2966797047633669
3.061224489795918,0.18638525632562142,-0.07672944936324964,-0.2565587949368898,0.8979591836734694,0.668745833971025,0.2696311547287788,0.7703368905460501,0.2688970849957921
3.061224489795918,0.1663562735975257,-0.10349433570434864,-0.2477031409813924,1.0612244897959184,0.6751055225946032,1.0233106499515319,0.7842155423881207,0.2400013709399178
3.061224489795918,0.14644384164206348,-0.13675325445025832,-0.23779824653031792,1.2244897959183674,0.6793610957512367,1.7451042046158394,0.7949000761587903,0.21127380410573338
3.061224489795918,0.12790650064980746,-0.17739984836728828,-0.22714700048162714,1.3877551020408163,0.6799054137450579,2.4293659036518056,0.8004915625312069,0.18453007418493828
3.061224489795918,0.11211315887617501,-0.2257184177670835,-0.21623977969130617,1.5510204081632653,0.6748945036094413,3.07024780555436,0.7990919923632378,0.16174509832905404
3.061224489795918,0.09999584861034694,-0.28095422854924523,-0.20567643157073068,1.7142857142857142,0.6626905731825329,3.66232248814334,0.7893365655999309,0.14426351489963052
3.061224489795918,0.09149509755310237,-0.3410701660554066,-0.19601104202014213,1.8775510204081634,0.6424831268451735,4.201375121035703,0.7720340612818167,0.13199952350551358
3.061224489795918,0.08552538375362562,-0.4029580202669402,-0.1875969898557575,2.0408163265306123,0.6147919974428232,4.685162689754897,0.7484538437130035,0.12338704701148151
3.061224489795918,0.08061439147853267,-0.46315876322153543,-0.180527448214138,2.204081632653061,0.5814881772858699,5.113862431785574,0.7190809365555464,0.11630198281036064
3.061224489795918,0.07566461266467317,-0.518762464005803,-0.17469351903267968,2.36734693877551,0.5452334842368043,5.490005777244763,0.68650410105301,0.10916096146210874
3.061224489795918,0.07025150624929455,-0.5679951857932977,-0.16989500795263604,2.5306122448979593,0.5086669750426647,5.817923064485813,0.6552265394153459,0.1013514996808369
3.061224489795918,0.06445436727560216,-0.6102700723289475,-0.16592817096434928,2.693877551020408,0.4738038414049586,6.102947966935585,0.6247100400221764,0.09298799603214691
3.061224489795918,0.05855401841387198,-0.645865924099383,-0.1626245332106741,2.857142857142857,0.44184825585793686,6.350674428733944,0.595820575755919,0.08447559198981436
3.061224489795918,0.05282588931568388,-0.675523095924375,-0.15985536184864196,3.020408163265306,0.4133118634822731,6.566434980948428,0.5690989910040497,0.0762116485462867
3.061224489795918,0.04746023880915673,-0.7001343653929332,-0.1575232364595521,3.183673469387755,0.3882398971477095,6.755020417710004,0.5447142643363996,0.06847065116937623
3.061224489795918,0.042557721009433225,-0.7205672665263795,-0.15555262313162746,3.3469387755102042,0.3664166896841482,6.920580571649941,0.5226201125763331,0.06139781305184533
3.061224489795918,0.03815189560667487,-0.737585617204732,-0.15388315198162575,3.510204081632653,0.34750905422093925,7.066632880948546,0.502662628671589,0.055041550592263455
3.061224489795918,0.034304109506233305,-0.7518017260609334,-0.152524423763902,3.673469387755102,0.33144134085016247,7.196410943651387,0.4848728944455615,0.04949036866675538
3.061224489795918,0.030774699599995348,-0.7638158948251954,-0.15125969393852512,3.836734693877551,0.31700376262832985,7.311503395544952,0.46837324225018456,0.044398506497761225
3.061224489795918,0.027723782206757086,-0.7739701057993026,-0.15022873984611732,4.0,0.30470879909906684,7.414812339172103,0.45361342389702947,0.03999696310437395
3.306122448979592,0.14096565416122986,0.13789032619505584,0.109231257733664,-4.0,0.32471216630602334,-31.70395485263995,0.43086473753106735,0.20337045019407451
3.306122448979592,0.10501437613954256,0.14323413271599256,0.13603475058640574,-3.836734693877551,0.2971585747875836,-30.186374704875504,0.4311685917825282,0.15150371967856557
3.306122448979592,0.1088949579320111,0.1511670050524215,0.13778839323679035,-3.673469387755102,0.30529105459894806,-28.67282873982595,0.4471864404156445,0.15710221578632444
3.306122448979592,0.11629662745466862,0.1592309780511756,0.1363517855670446,-3.510204081632653,0.3173052260137584,-27.17285733764481,0.4662394651947639,0.1677805677009614
3.306122448979592,0.13829432974402533,0.1650024736312841,0.12703954701558182,-3.3469387755102042,0.35073105543631017,-25.689880374817598,0.5110358103756766,0.1995165437047688
3.306122448979592,0.1366913495951254,0.1694602903532719,0.11759548355481335,-3.183673469387755,0.3463572290632997,-24.20064236940812,0.5130226992874074,0.197203932193307
3.306122448979592,0.16842961432474124,0.1721109935309148,0.10503538007835199,-3.020408163265306,0.4101686637547072,-22.771489352007922,0.5870819400499361,0.24299256932514535
3.306122448979592,0.2555626413511505,0.15553590232810244,-0.0029838794101273783,-2.857142857142857,0.49908328990882644,-21.20178029245923,0.5854216489737505,0.36869895531378916
3.306122448979592,0.23127637476182472,0.16011357241514762,0.04352773928532261,-2.693877551020408,0.5451522138731338,-20.007213983625114,0.702155032441805,0.3336612789436617
3.306122448979592,0.27508341846519024,0.13707626699496314,-0.024036450919522816,-2.5306122448979593,0.6280976351801186,-18.748943038984866,0.7534439719537942,0.39686148365051244
3.306122448979592,0.31087628579756577,0.10668794504911856,-0.11127817150320893,-2.36734693877551,0.6629577435443788,-17.60455395765291,0.7625722558091128,0.44849967585012784
3.306122448979592,0.33470947538724594,0.08146205071447642,-0.18493296047774146,-2.204081632653061,0.653511128105788,-16.55031468625997,0.7238598366092982,0.4828837002797264
3.306122448979592,0.3485584362386043,0.06521842321151618,-0.23112901929639298,-2.0408163265306123,0.6350164762911225,-15.548686572806824,0.6923143436424825,0.5028635274214461
3.306122448979592,0.3557903388407666,0.05495489566044452,-0.2580303465761342,-1.8775510204081634,0.6208400482417004,-14.575761995900995,0.6696510092402354,0.5132969574417774
3.306122448979592,0.35886154710249785,0.047919872402958266,-0.27408372737287673,-1.7142857142857142,0.6116725463129296,-13.61989508453847,0.6521752363611021,0.5177277743705151
3.306122448979592,0.35920830282034033,0.04259171571069361,-0.28406279206786245,-1.5510204081632653,0.6061226881974875,-12.675523890707092,0.6401051502270941,0.5182280371250454
3.306122448979592,0.35763614698570323,0.03817324243528091,-0.29044575308847875,-1.3877551020408163,0.6030446791763711,-11.739872058530736,0.63245463499301,0.5159598956989098
3.306122448979592,0.3546006600208538,0.0342229599651418,-0.29454971320204343,-1.2244897959183674,0.601702303000101,-10.811514157697317,0.6282700173661478,0.5115806137080376
3.306122448979592,0.3503616103681979,0.030471945313007835,-0.2971062248976851,-1.0612244897959184,0.6016427919206065,-9.889744109300707,0.6268264718184473,0.5054649577960704
3.306122448979592,0.3450631399812585,0.02673538109955517,-0.2985392293403447,-0.8979591836734694,0.6025885586947451,-8.974281827451929,0.6278611919806194,0.49782088084453546
3.306122448979592,0.3387768551598038,0.022867271710532426,-0.29909974703106723,-0.7346938775510204,0.6043706777878742,-8.06513115829943,0.6321057977094312,0.4887516889070076
3.306122448979592,0.33152458971426335,0.018734598832901486,-0.29893613280444914,-0.5714285714285714,0.606889442182491,-7.162511533224836,0.6378177870006807,0.47828888151351556
3.306122448979592,0.32329103105111057,0.014200052678827402,-0.2981307428797694,-0.40816326530612246,0.610091167678099,-6.266829504149895,0.6449669392713243,0.4664103672613167
3.306122448979592,0.31403064784146895,0.009107919971131997,-0.29671987031722163,-0.24489795918367346,0.6139536557774665,-5.378674970503941,0.65356882203396,0.45305045832803525
3.306122448979592,0.30367183008889476,0.0032700758519896367,-0.2947043944817466,-0.08163265306122448,0.6184758908602023,-4.498835506631825,0.6633263935608813,0.4381058433269245
3.306122448979592,0.29212034813363297,-0.003549972872724278,-0.29205525838904006,0.08163265306122448,0.623668709268285,-3.6283265316774185,0.6741649822593039,0.42144057759514997
3.306122448979592,0.2792644312937902,-0.011656559094949321,-0.2887161972326425,0.24489795918367346,0.6295433925556223,-2.7684373995197236,0.6859894932522024,0.4028934101242281
3.306122448979592,0.2649846999711556,-0.021445910878273966,-0.284605708612023,0.40816326530612246,0.6360944678981573,-1.9207946080413687,0.6986552902097586,0.3822921125598353
3.306122448979592,0.24917394241971036,-0.03343475528067303,-0.2796205809838721,0.5714285714285714,0.6432716536288136,-1.0874431904389024,0.7123808420769168,0.3594820110476684
3.306122448979592,0.23177408312163306,-0.0482907678712416,-0.2736442884664975,0.7346938775510204,0.6509343019334821,-0.2709451944279171,0.7263889386128315,0.33437932032616624
3.306122448979592,0.21283931465880035,-0.06685644341007822,-0.2665649772656199,0.8979591836734694,0.6587813076675382,0.5255115789983243,0.7427790363086907,0.3070622237644569
3.306122448979592,0.1926311227780968,-0.0901474663112136,-0.2583084949447881,1.0612244897959184,0.6662539410274448,1.2980129343776092,0.7585487165002982,0.2779079655528336
3.306122448979592,0.17173380304299513,-0.11929134965520616,-0.2488892989810961,1.2244897959183674,0.6724250682639987,2.0418631469979163,0.7722783737187667,0.24775950600313168
3.306122448979592,0.1511365961233666,-0.155358706166787,-0.23847184255610188,1.3877551020408163,0.6759224280165458,2.751637190391265,0.7822594701933085,0.2180440177240195
3.306122448979592,0.13216654582872622,-0.19904877048118938,-0.227415536924029,1.5510204081632653,0.6749798075272821,3.4214202855295004,0.7865314028268225,0.1906760202385267
3.306122448979592,0.11614226699606411,-0.25025591954352194,-0.21625893697989637,1.7142857142857142,0.6677276670178856,4.045301589788596,0.7832909304262665,0.16755787263282285
3.306122448979592,0.10378780215818106,-0.3076765310992117,-0.20561225492843235,1.8775510204081634,0.6527514230427194,4.618116233115222,0.7714835489764227,0.14973414747837266
3.306122448979592,0.09479230767465352,-0.36873708207152994,-0.19598888207218806,2.0408163265306123,0.6297343583137319,5.136296849238907,0.7534106902097483,0.13675639219664282
3.306122448979592,0.08798669987259822,-0.43005672695817315,-0.18767105612404825,2.204081632653061,0.5998029571632867,5.598563249203132,0.7285196971335224,0.12693797557038256
3.306122448979592,0.08205518436449455,-0.48831896155763976,-0.1806900407052153,2.36734693877551,0.5652721451584658,6.006162696862042,0.6987831661850137,0.1183806075618854
3.306122448979592,0.07615130428526506,-0.5410856344805591,-0.17490869946628118,2.5306122448979593,0.5288991236527456,6.362547582207467,0.6676600556097617,0.10986310904957808
3.306122448979592,0.07002035164008702,-0.5871385672037928,-0.17012806995014357,2.693877551020408,0.4931081681948096,6.6726476032694455,0.6376040737122035,0.10101801407245459
3.306122448979592,0.06377917862737248,-0.6263239944961244,-0.16615770135609162,2.857142857142857,0.4595697400580971,6.942047060948286,0.6084719078110779,0.09201390471768178
3.306122448979592,0.05766106382499392,-0.6591633223088085,-0.1628415621929548,3.020408163265306,0.42917292771273247,7.176320936845269,0.5811128019413624,0.08318733083270091
3.306122448979592,0.05186912289131351,-0.6864831527661234,-0.16005830022742423,3.183673469387755,0.40221168090361503,7.380623244105711,0.5559057981762576,0.07483132637055823
3.306122448979592,0.046530356826311126,-0.7091692962444472,-0.15771355316265603,3.3469387755102042,0.3786094235961828,7.559497585303463,0.5329322768453721,0.06712911504411379
3.306122448979592,0.0417009146724765,-0.7280403397794625,-0.1557323719791849,3.510204081632653,0.3580973404834067,7.716835503457085,0.5121095892512777,0.06016170279851485
3.306122448979592,0.037386858404196754,-0.7437993936236571,-0.154054229658092,3.673469387755102,0.340328529287194,7.855914732885735,0.4932748034782245,0.05393783521415241
3.306122448979592,0.03356363070319368,-0.7570276499601439,-0.15262892892911836,3.836734693877551,0.32494652127241813,7.979471630030661,0.47623976845691346,0.04842208356972577
3.306122448979592,0.030191052630704318,-0.7681967650219497,-0.15141556400887315,4.0,0.31161556958296366,8.089781972581356,0.4608124731462866,0.04355648190953465
3.5510204081632653,0.11122583744748638,0.1462185296336787,0.13949416930688774,-4.0,0.300405698352366,-31.106391546442577,0.42840069359865174,0.1604649641042104
3.5510204081632653,0.2333486937154119,0.14977092055019361,0.05831137025541895,-3.836734693877551,0.3964679293014982,-29.533805907131086,0.3611865759129299,0.3366510032211423
3.5510204081632653,0.12901475616915925,0.1616232981694616,0.13790521667044178,-3.673469387755102,0.32502572981785555,-28.091738125191664,0.46742334468320795,0.18612894892674392
3.5510204081632653,0.13751058738423727,0.16799980311434856,0.13408957755867976,-3.510204081632653,0.34021839018290695,-26.602640206148287,0.49133928576095903,0.1983858424889675
3.5510204081632653,0.1462380274767645,0.17387985291481106,0.13059465398850895,-3.3469387755102042,0.35790443345207285,-25.127564823629896,0.5191277773499037,0.21097687703011125
3.5510204081632653,0.16314831191960333,0.17664658673587544,0.11860926029982181,-3.183673469387755,0.38941648773379356,-23.671708884455885,0.5592525406820394,0.23537326053581697
3.5510204081632653,0.18606357461984113,0.1753318480810679,0.09822466310907353,-3.020408163265306,0.43654261732067406,-22.244477197814433,0.6108724056323268,0.26843299639411855
3.5510204081632653,0.22674756961335807,0.16639799193333996,0.06072864917275229,-2.857142857142857,0.5150459752377297,-20.867240951277488,0.6734173369103778,0.3271275942148164
3.5510204081632653,0.27880226140374575,0.14368026495315084,-0.0067038926847361536,-2.693877551020408,0.6097272097717953,-19.577083694273526,0.7290014363641,0.4022266399158121
3.5510204081632653,0.32583701205961035,0.1089453726597649,-0.10514853889273379,-2.5306122448979593,0.6588339429798579,-18.409387109908614,0.7455298880246294,0.4700834414364774
3.5510204081632653,0.35541883603228963,0.07979380661884972,-0.18964877537376185,-2.36734693877551,0.6478906492523633,-17.346447846387203,0.702676996276462,0.5127609921823111
3.5510204081632653,0.3710417102653263,0.06237677510479208,-0.239310161317972,-2.204081632653061,0.6257369024443521,-16.341977530077894,0.664757210763092,0.535300035362746
3.5510204081632653,0.3788032782871473,0.05212604077493258,-0.2665554252911063,-2.0408163265306123,0.609860409355811,-15.366821826712798,0.6393347161936043,0.5464976110573496
3.5510204081632653,0.38213445324481454,0.04543663045828196,-0.28224564786656664,-1.8775510204081634,0.6000176535364024,-14.408044266719125,0.6205651494905698,0.5513034806491102
3.5510204081632653,0.38275424641874367,0.04054164368209158,-0.2918259327479865,-1.7142857142857142,0.5941600557615617,-13.459892667845809,0.6078657304741404,0.5521976531875143
3.5510204081632653,0.38154712667265334,0.036587589772532354,-0.29791815882764017,-1.5510204081632653,0.5908821589467728,-12.519606309973792,0.5998332114894485,0.5504561475160701
3.5510204081632653,0.37898940234130696,0.03312860932336232,-0.3018546680478598,-1.3877551020408163,0.5893504759259337,-11.585785401854178,0.5953283924270006,0.5467661313072756
3.5510204081632653,0.3753465319930813,0.02990682811885979,-0.30435607375838786,-1.2244897959183674,0.5890740038450257,-10.657722514639756,0.5935458736743906,0.5415105803212894
3.5510204081632653,0.37076648339999907,0.02675465981292042,-0.3058336647995728,-1.0612244897959184,0.5897584125993968,-9.735104542785782,0.593931952369517,0.5349029669290184
3.5510204081632653,0.36532632514410257,0.023547956510878328,-0.3065311386912183,-0.8979591836734694,0.5912253322904367,-8.817870694237355,0.5975086644612391,0.5270544775915855
3.5510204081632653,0.35905658352225545,0.02018108491879638,-0.3065945421153628,-0.7346938775510204,0.5933681493015214,-7.906142991779222,0.6025131374054699,0.5180091524460915
3.5510204081632653,0.35195397056392985,0.016551701592884945,-0.30610932443954003,-0.5714285714285714,0.5961269558619399,-7.0001941970695425,0.6087799837949064,0.5077622479537616
3.5510204081632653,0.3439881768820625,0.012549604522901723,-0.30511984573134326,-0.40816326530612246,0.5994740819953022,-6.100437591068278,0.6164151634145958,0.49627003691218663
3.5510204081632653,0.3351051631531423,0.008046729205052847,-0.3036400176185602,-0.24489795918367346,0.6034050929986974,-5.207431672377421,0.6252233292502382,0.4834545570573252
3.5510204081632653,0.32522860078832605,0.002886468990166028,-0.30165874211579385,-0.08163265306122448,0.6079324478887491,-4.321897058623519,0.6350978750614843,0.4692056895125747
3.5510204081632653,0.31426069922173405,-0.003129078375747702,-0.29914220315052165,0.08163265306122448,0.6130797340908521,-3.4447452075862475,0.6460007052037804,0.4533823523134939
3.5510204081632653,0.3020837935702192,-0.010255196043826584,-0.2960343630525349,0.24489795918367346,0.6188743989215754,-2.5771200215473913,0.6578825346205178,0.43581479091668074
3.5510204081632653,0.28856481350758467,-0.018825084917339363,-0.29225671655445157,0.40816326530612246,0.6253363386910925,-1.7204542982953595,0.670661572962362,0.4163110254224405
3.5510204081632653,0.27356611626925775,-0.029275487898892578,-0.28770872662984104,0.5714285714285714,0.6324584731487056,-0.8765432543344661,0.6844436241102316,0.39467247929691096
3.5510204081632653,0.25696834435215643,-0.042176568662186074,-0.28227117181298084,0.7346938775510204,0.6401736972089508,-0.04763641767624787,0.6989040408739825,0.370726956062303
3.5510204081632653,0.23871357522036996,-0.058261616558157946,-0.2758159911557084,0.8979591836734694,0.6483009535390439,0.7634541321063226,0.714553649498096,0.34439089116330246
3.5510204081632653,0.2188781365394823,-0.07844468430839181,-0.26822782038103415,1.0612244897959184,0.656463673600455,1.553238949269108,0.7314798721289836,0.31577440214452857
3.5510204081632653,0.1977785577162512,-0.10380132244562704,-0.2594425948281571,1.2244897959183674,0.6639814814571597,2.317454399496205,0.7473397695321277,0.2853341444114066
3.5510204081632653,0.17609023417626912,-0.1354707304366891,-0.2495043200954896,1.3877551020408163,0.6697587981455978,3.0510316343668507,0.7607107978126063,0.2540445075950801
3.5510204081632653,0.15490648913354366,-0.1744286209169981,-0.23862746196118523,1.5510204081632653,0.672237243012778,3.748206264730411,0.769769434939414,0.22348282367448347
3.5510204081632653,0.1356055258245077,-0.22110784740246295,-0.22723053659140197,1.7142857142857142,0.6695259231510461,4.40285679497873,0.772535614643924,0.19563741962415682
3.5510204081632653,0.119420500468576,-0.27494293780976137,-0.21589407905031863,1.8775510204081634,0.6598138272813363,5.009126229899152,0.7673706226704168,0.17228736380649234
3.5510204081632653,0.10684994532231795,-0.33406792683550685,-0.20522556815662915,2.0408163265306123,0.642021953656731,5.562272423218502,0.7543271793806661,0.15415188623576448
3.5510204081632653,0.09736995032196627,-0.3954647128431465,-0.19568736532705389,2.204081632653061,0.6163975795256142,6.059530947326603,0.7348680752594516,0.14047514446110565
3.5510204081632653,0.0897948586908488,-0.4556557216812118,-0.18749165417554906,2.36734693877551,0.5846312175404106,6.500665573469091,0.709039054107061,0.12954659733061247
3.5510204081632653,0.08298898575975922,-0.5116261891813493,-0.1806177627564205,2.5306122448979593,0.5493387065652359,6.887957831970641,0.6793019636514102,0.1197277982040088
3.5510204081632653,0.07631808189281153,-0.5614624198619416,-0.17490932209441742,2.693877551020408,0.5132254264015531,7.225650036031055,0.6499759296829288,0.110103718276918
3.5510204081632653,0.06964149295822453,-0.604449543733178,-0.17017113159998282,2.857142857142857,0.4784302518608916,7.519110847133536,0.6210404393205834,0.10047143653093338
3.5510204081632653,0.06308194466469064,-0.6407732432663718,-0.16622393281159198,3.020408163265306,0.44628804705749964,7.77404363543394,0.5933037851105927,0.09100800873738057
3.5510204081632653,0.05682198158799712,-0.6711178350954359,-0.16292099295317822,3.183673469387755,0.41741942940158683,7.995924212724215,0.5674123936494332,0.08197679105048694
3.5510204081632653,0.05100376176682819,-0.6963485720699071,-0.1601463582890313,3.3469387755102042,0.3919483867342049,8.189693453413858,0.5436212304086315,0.07358287416768539
3.5510204081632653,0.045704826740910365,-0.7173237824720399,-0.15780806004023487,3.510204081632653,0.3697106504621286,8.359642944639832,0.5219495706936133,0.06593812688380085
3.5510204081632653,0.04094760313434764,-0.7348087746259078,-0.15583202125437876,3.673469387755102,0.35040325755998325,8.509416625946981,0.5022914463281593,0.059074903978212134
3.5510204081632653,0.03680855587409604,-0.749320060784962,-0.15431479361527708,3.836734693877551,0.3351175777995179,8.642426893425906,0.4859660430324082,0.05310352102184268
3.5510204081632653,0.0329788343614672,-0.7617738677811798,-0.1527350005892188,4.0,0.31918601896485466,8.760145827715965,0.4683486983313302,0.04757840078758724
3.795918367346939,0.11727162036877847,0.15711706649286653,0.14188200090118766,-4.0,0.2998035496472293,-30.511344297848623,0.4245406818385394,0.16918718514304976
3.795918367346939,0.13259473429876167,0.16461170387465293,0.14089256052012528,-3.836734693877551,0.322186149895021,-29.01180504120081,0.45555759623836245,0.19129376562081246
3.795918367346939,0.1409446266018397,0.1708877780157014,0.13723051437855907,-3.673469387755102,0.3338330349963452,-27.518891397633414,0.4754363736183046,0.20334011383842077
3.795918367346939,0.14882159271554607,0.17641896930389622,0.1346872572402593,-3.510204081632653,0.3491647715033996,-26.039992980993112,0.4999455345354324,0.2147041737879154
3.795918367346939,0.16197910580124053,0.18014660537226965,0.12700762452610448,-3.3469387755102042,0.3739882087341497,-24.57766389220329,0.5340598355663259,0.23368645266707855
3.795918367346939,0.2068434613339487,0.17359360921762398,0.08683693133685755,-3.183673469387755,0.4335898980685304,-23.125896379970115,0.5748596687499347,0.29841203590679566
3.795918367346939,0.21840058878471003,0.17302374125231554,0.07831216052395591,-3.020408163265306,0.48297354372503853,-21.741063993502085,0.642500185230765,0.3150854463669308
3.795918367346939,0.2780770673546604,0.15099963896504479,0.012237285773441988,-2.857142857142857,0.586393173692307,-20.420234851839357,0.7043493547937023,0.40118040605751526
3.795918367346939,0.33941270286202374,0.11168951689564587,-0.09805686860117165,-2.693877551020408,0.6543438345788386,-19.226690128000964,0.728937709843081,0.4896690232337604
3.795918367346939,0.3755789837849288,0.07767706708878466,-0.19562338568347157,-2.5306122448979593,0.6418902406106357,-18.15548205003638,0.6800269127820755,0.5418459373686337
3.795918367346939,0.3924320158430856,0.05911918502777645,-0.2483514501820283,-2.36734693877551,0.6157568278969361,-17.149570795964436,0.6362976942891881,0.5661597231428783
3.795918367346939,0.4002785049145865,0.04903250060492716,-0.2752976546316817,-2.204081632653061,0.5985214694548934,-16.173261089189428,0.6086345793084577,0.5774798140147217
3.795918367346939,0.40359353549853094,0.04275737159823851,-0.29024397637693833,-2.0408163265306123,0.5883366531165073,-15.21242962385291,0.5891303493795907,0.5822623921985741
3.795918367346939,0.40430161030015355,0.03830132867785759,-0.2992139770693753,-1.8775510204081634,0.58240207063281,-14.26129146234571,0.5762256962969725,0.5832839282034534
3.795918367346939,0.4033167947925087,0.03477831949737568,-0.30488761737951775,-1.7142857142857142,0.5790810491026501,-13.31718661884881,0.5681153413464218,0.5818631397543856
3.795918367346939,0.4011105239020061,0.03174953526422142,-0.30856700758013594,-1.5510204081632653,0.5774730838134682,-12.378788238248891,0.5635116149273532,0.5786801636817978
3.795918367346939,0.39793996563189293,0.028971606360438464,-0.31093884231003,-1.3877551020408163,0.5770685803468945,-11.445420159369334,0.5615567081785189,0.5741060149886561
3.795918367346939,0.3939481670739162,0.026292968360272412,-0.3123898510725356,-1.2244897959183674,0.5775683865503741,-10.516765158251244,0.5616803886871237,0.5683470670048356
3.795918367346939,0.3892116734688946,0.02360674427932779,-0.3131484527222571,-1.0612244897959184,0.5787923742776505,-9.59272860660282,0.5645931551170199,0.561513751169668
3.795918367346939,0.38376473375304854,0.02082699874110353,-0.3133527795515783,-0.8979591836734694,0.5806319034743178,-8.673371463459407,0.5689927374901546,0.5536554782535958
3.795918367346939,0.37761183251366437,0.017875107223539546,-0.3130860378456358,-0.7346938775510204,0.5830238804812435,-7.758877743788733,0.5745700465534482,0.5447787181484567
3.795918367346939,0.37073426434565815,0.014670638705908614,-0.3123953090246821,-0.5714285714285714,0.5859361881586275,-6.8495412419515,0.5812795511144558,0.5348564846590986
3.795918367346939,0.3630933067041433,0.011123944320592398,-0.31130172402378253,-0.40816326530612246,0.5893591959370045,-5.945764630194076,0.5891800870071807,0.5238329129620429
3.795918367346939,0.35463130355947947,0.007128877635737536,-0.3098058871753124,-0.24489795918367346,0.5933005195611891,-5.048067989247463,0.5980763304132819,0.5116248229892486
3.795918367346939,0.3452715133039088,0.002554535588943807,-0.3078903346263715,-0.08163265306122448,0.597781381159522,-4.157105932351565,0.607950995151447,0.49812150000377686
3.795918367346939,0.33491735528238853,-0.0027649656547288825,-0.30552011360544323,0.08163265306122448,0.6028332693358092,-3.2736937988329298,0.6187926876914166,0.48318360757354784
3.795918367346939,0.32345187984263535,-0.009043692320092087,-0.3026420438861062,0.24489795918367346,0.6084935796218283,-2.398844357966387,0.6305851698553862,0.4666424230151831
3.795918367346939,0.31073873810127783,-0.01656113539000451,-0.29918330226943557,0.40816326530612246,0.6147983766894205,-1.5338172267658237,0.6432922518475301,0.4483012364708072
3.795918367346939,0.2966269647594444,-0.02568443225090649,-0.2950500903133221,0.5714285714285714,0.6217694656308357,-0.6801836960788141,0.6569286517256749,0.427942251052396
3.795918367346939,0.2809635895527143,-0.036895813130137456,-0.2901278009933848,0.7346938775510204,0.6293913803348589,0.16009047783495292,0.6715099084920414,0.4053447773180623
3.795918367346939,0.2636206314804015,-0.0508234643478211,-0.2842851763505769,0.8979591836734694,0.6375719124856938,0.9845433519761684,0.6865406906678401,0.38032417771279237
3.795918367346939,0.2445457621106153,-0.06826917631125548,-0.2773865683489605,1.0612244897959184,0.6460783328109939,1.7900998115947946,0.7037113513024834,0.3528049582673969
3.795918367346939,0.22384612180116403,-0.09021658039745448,-0.2693179551748301,1.2244897959183674,0.6544434780341698,2.5729531822927045,0.72088525248044,0.3229416898447659
3.795918367346939,0.20190512716165032,-0.11778830780569195,-0.260031844284848,1.3877551020408163,0.6618478681081693,3.3284779792660304,0.7366542073405082,0.291287525686168
3.795918367346939,0.17950002554792666,-0.1521032875612138,-0.2496095014511345,1.5510204081632653,0.6670151682284319,4.051234047655352,0.7494634093390138,0.2589637966974352
3.795918367346939,0.1578272347460794,-0.19398518251891514,-0.23832167901480733,1.7142857142857142,0.6682102354964423,4.7351506271787045,0.7573961398198025,0.2276965688853867
3.795918367346939,0.13829270659820092,-0.2435267760412602,-0.22664607862350322,1.8775510204081634,0.6634695469609168,5.373981725008392,0.7585047736033911,0.19951420200033665
3.795918367346939,0.12200863897231184,-0.2996499924669915,-0.21519606446110334,2.0408163265306123,0.6511394000836519,5.9620607701999955,0.7513869215124864,0.1760212583909655
3.795918367346939,0.10924162549974947,-0.359952364900495,-0.20456238333942392,2.204081632653061,0.6305797792072003,6.495232482434686,0.7374564848822115,0.1576023513671383
3.795918367346939,0.099301381910059,-0.4211009888222482,-0.19514811722040884,2.36734693877551,0.6026304358153745,6.971664892243678,0.7165656462093153,0.14326161123506287
3.795918367346939,0.09104026951755029,-0.4796963775417417,-0.1870986540053657,2.5306122448979593,0.569457014206657,7.3921964839382,0.6901551042023678,0.13134334535416414
3.795918367346939,0.08350568128908331,-0.5331395364225919,-0.18035065813712833,2.693877551020408,0.5338248755936095,7.760060219253917,0.6614057526277969,0.12047323228181384
3.795918367346939,0.0762325039739793,-0.5800433589818385,-0.17473506550030407,2.857142857142857,0.4982728994896819,8.08013889827232,0.633248123601231,0.10998025543780798
3.795918367346939,0.06915069116727834,-0.6201223372002888,-0.170061525377217,3.020408163265306,0.46462269947870055,8.35809114237994,0.6055021130905524,0.09976335922107671
3.795918367346939,0.06237029531450866,-0.6538152146108652,-0.1661599420389565,3.183673469387755,0.43390180171064735,8.599632659049117,0.5791376352164277,0.08998131574902235
3.795918367346939,0.05602568368662486,-0.6819066970698859,-0.1628909165655867,3.3469387755102042,0.40650942123503725,8.810082918773356,0.5546372928356232,0.08082797601710645
3.795918367346939,0.05020902948121453,-0.7052677891873106,-0.1601427869909115,3.510204081632653,0.3824397383977592,8.994150139015163,0.5321626909235861,0.07243631784039595
3.795918367346939,0.04495942210406234,-0.7247174882093932,-0.15782576780849428,3.673469387755102,0.3614668628167325,9.155876623352938,0.511690051750638,0.06486273531076447
3.795918367346939,0.04027374933760952,-0.7409669274812486,-0.15586683442867438,3.836734693877551,0.3432679226465201,9.298671935540096,0.49310014218782594,0.058102738447374236
3.795918367346939,0.036121888785809464,-0.7546084084730872,-0.1542059458750864,4.0,0.3274970327981945,9.425384612080459,0.47623447316100687,0.05211286981883001
4.040816326530612,0.09579895140631556,0.16498620302598274,0.123499242475142,-4.0,0.2508726129992001,-29.890926390206214,0.3508093424347566,0.13820867211625432
4.040816326530612,0.22709606561926754,0.14579682967255478,0.004962695624749026,-3.836734693877551,0.4082307714770357,-28.379610284333207,0.46129142600190354,0.327630367674312
4.040816326530612,0.15187453145956797,0.17937771287824514,0.13940891282972562,-3.673469387755102,0.3423166566638159,-26.957508980197026,0.4822105787570778,0.21910863337405306
4.040816326530612,0.1676305687188877,0.1826791921963901,0.12993150699547024,-3.510204081632653,0.36652322851223895,-25.489227053927802,0.513698647029862,0.24183979019213542
4.040816326530612,0.18125093661687353,0.18404217366914363,0.119870092573155,-3.3469387755102042,0.39614396224550175,-24.041690956096836,0.552380228474965,0.2614898274136439
4.040816326530612,0.2060614417132418,0.17733918279876654,0.07962615318537751,-3.183673469387755,0.4360058245761647,-22.603298480325982,0.5860031022244124,0.29728382007812426
4.040816326530612,0.27375634445057684,0.15923961770793152,0.0328516196225473,-3.020408163265306,0.5581756712444478,-21.277167538272938,0.6752730607112754,0.39494692055073743
4.040816326530612,0.35125758909855676,0.11526031167742316,-0.0891510622939146,-2.857142857142857,0.6489262278201581,-20.055934270757987,0.7111276493989309,0.5067575818671002
4.040816326530612,0.3952305306134709,0.07510154239660506,-0.20288446611548352,-2.693877551020408,0.6353752143401715,-18.97657326429225,0.6557932384397916,0.5701971265239685
4.040816326530612,0.4126342828706189,0.055516667130868544,-0.25806328460759415,-2.5306122448979593,0.6050764719726088,-17.970492310400683,0.6070124399541551,0.5953054335982153
4.040816326530612,0.4201732505425715,0.045772099641208576,-0.2840472566397333,-2.36734693877551,0.5869450703882773,-16.993885185622187,0.5777859648742988,0.6061818648719637
4.040816326530612,0.42322424839342543,0.039981238838825685,-0.2979397185327879,-2.204081632653061,0.5767850789396599,-16.03166238789543,0.5581979312827802,0.6105835243411524
4.040816326530612,0.4238833324670719,0.035969714288482564,-0.30614688878356366,-2.0408163265306123,0.5709883094494,-15.078151280271118,0.5454923475427292,0.6115343816657326
4.040816326530612,0.42301614647099917,0.03285029171957083,-0.3113181599841895,-1.8775510204081634,0.5677595058849796,-14.130871641978747,0.5375745740717214,0.6102832967296696
4.040816326530612,0.4210664858595592,0.0302033540292859,-0.3146844176301083,-1.7142857142857142,0.5661685667901422,-13.18860402533975,0.5330616756846753,0.6074705310341288
4.040816326530612,0.4182721096744324,0.027803956791334867,-0.31688033032487967,-1.5510204081632653,0.5657076760051828,-12.250725344761602,0.53107600320333,0.6034390983694684
4.040816326530612,0.4147649670758564,0.02551643370843507,-0.31825878844986316,-1.3877551020408163,0.566084348584796,-11.31693313028553,0.5310497639677307,0.5983793611348118
4.040816326530612,0.4106165578545744,0.02324843588648941,-0.31902831568526097,-1.2244897959183674,0.5671233593987504,-10.387119148658982,0.5335061842036172,0.5923944717236904
4.040816326530612,0.40586124105250065,0.020929256140265497,-0.31931478443658234,-1.0612244897959184,0.5687187697475923,-9.461307370588727,0.5374012602802062,0.5855339997554818
4.040816326530612,0.4005076418639717,0.018496825432727775,-0.3191961400407025,-0.8979591836734694,0.5708073234432635,-8.539623019779846,0.5423817875126172,0.5778103887552857
4.040816326530612,0.3945449059010919,0.015890864723926836,-0.3187184727308589,-0.7346938775510204,0.5733547137240904,-7.6222784176107155,0.5483563117821364,0.5692079791515074
4.040816326530612,0.3879457833999702,0.013046824950949951,-0.31790595870660937,-0.5714285714285714,0.5763472557536318,-6.709569135465844,0.5553914222423294,0.5596874578449214
4.040816326530612,0.38066776140702596,0.009890828897156407,-0.31676595036970534,-0.40816326530612246,0.5797871768220332,-5.801877533326509,0.5633776712736954,0.5491874916082198
4.040816326530612,0.3726529301396362,0.006334226980806038,-0.31529154222773687,-0.24489795918367346,0.5836897594348786,-4.899682597472228,0.5722586973499941,0.5376245342851935
4.040816326530612,0.36382694345513156,0.0022671207619871753,-0.3134625041945295,-0.08163265306122448,0.588081406999179,-4.003576089452539,0.58203513245524,0.5248913270645073
4.040816326530612,0.3540974428832413,-0.002449860238256393,-0.31124488906640424,0.08163265306122448,0.5929979269994463,-3.114285814577191,0.5927142462262419,0.5108546248391153
4.040816326530612,0.3433523285509066,-0.00799634764527549,-0.30858974260044986,0.24489795918367346,0.59848212622125,-2.232707508525228,0.6043027156466819,0.4953527016780712
4.040816326530612,0.3314586365673098,-0.01460653840538587,-0.30543116522571206,0.40816326530612246,0.6045794832748456,-1.3599474989730318,0.6167962259112628,0.47819373123547537
4.040816326530612,0.3182634689374819,-0.022588031276723104,-0.3016840984685225,0.5714285714285714,0.6113299179522469,-0.4973788891357178,0.630163592414509,0.4591571283322238
4.040816326530612,0.3035996432527621,-0.03234598025551837,-0.2972426889191246,0.7346938775510204,0.6187523904771063,0.35328567336078676,0.6445891517665118,0.4380016997364171
4.040816326530612,0.2873008237504353,-0.0444123172620278,-0.2919807222819961,0.8979591836734694,0.6268172649792371,1.1899020564538318,0.6597055584913807,0.4144874736680668
4.040816326530612,0.26923363006002776,-0.05947694902481983,-0.2857574273667972,1.0612244897959184,0.6353990771640419,2.0097833138646104,0.6758427598115133,0.38842202292813566
4.040816326530612,0.249357237476852,-0.07841148103740894,-0.27843272753380255,1.2244897959183674,0.6442016791371021,2.809575013191149,0.6936544248019384,0.3597464499176253
4.040816326530612,0.2278193198216354,-0.10226402656900069,-0.26989865682643555,1.3877551020408163,0.6526516339850245,3.5851364871969507,0.7109260802534567,0.3286738029253695
4.040816326530612,0.20508283763076318,-0.13218588943530546,-0.2601309636106671,1.5510204081632653,0.6597738872003759,4.331470499963491,0.7264289061353111,0.295871992821338
4.040816326530612,0.18203637271220807,-0.16923570788020942,-0.2492557290904742,1.7142857142857142,0.6641045661862686,5.042775932188295,0.7384821166622425,0.26262297217331687
4.040816326530612,0.15997341980168334,-0.21402113924356672,-0.23760492278463416,1.8775510204081634,0.6637541303865973,5.712724799609084,0.7451064065315888,0.2307928594219364
4.040816326530612,0.14029837228552577,-0.26622530577800885,-0.22571264363095814,2.0408163265306123,0.6567562820119027,6.335049949142928,0.744446361426411,0.2024077659411212
4.040816326530612,0.1239692086477524,-0.3242302138978276,-0.21421322677030802,2.204081632653061,0.6417210878858903,6.904426949020831,0.7357552986298864,0.17884976253904217
4.040816326530612,0.11102600490961811,-0.38516342304283085,-0.20366666492245442,2.36734693877551,0.6185291146622204,7.417444113413935,0.7206564717191343,0.1601766666928195
4.040816326530612,0.10066234134351437,-0.44553091979917453,-0.19441102791586853,2.5306122448979593,0.588594595935036,7.873294234506524,0.6986418027441802,0.14522506066055962
4.040816326530612,0.09180818775454669,-0.5021655879360368,-0.18652985610966796,2.693877551020408,0.5544370608086577,8.273870619064791,0.6719739430017724,0.13245121718648667
4.040816326530612,0.08368228205390138,-0.5529489729994148,-0.17992547480000612,2.857142857142857,0.5188306162612525,8.623240204553348,0.6447270556821274,0.12072801332943506
4.040816326530612,0.07594772206470002,-0.596985409651856,-0.17442084051359294,3.020408163265306,0.48406979047428456,8.926773140212498,0.6174710040383762,0.10956940198955545
4.040816326530612,0.06857360001354151,-0.6343377485675736,-0.16983084073861945,3.183673469387755,0.45165662632450615,9.190287629149775,0.5909398286854518,0.0989307926754397
4.040816326530612,0.06164797158895419,-0.6656235400648536,-0.16599313049020895,3.3469387755102042,0.42234924786591066,9.41942905391535,0.5659014771921012,0.08893922289224765
4.040816326530612,0.05526220903557477,-0.6916811886657325,-0.16277429650122183,3.510204081632653,0.39636863330220395,9.619322168512305,0.5427088767117688,0.07972651492419303
4.040816326530612,0.04946866338329925,-0.7133654280477734,-0.16006650853006568,3.673469387755102,0.3736121738142276,9.794434020800239,0.5214545203773429,0.07136819534249117
4.040816326530612,0.0442750402545522,-0.7314502210943296,-0.1577819799558096,3.836734693877551,0.353810358861213,9.948565232978009,0.5020852406801284,0.0638753810104018
4.040816326530612,0.03966065978303246,-0.7465936216123455,-0.15584939855638624,4.0,0.3366342455413568,10.084905393293322,0.4844780097412885,0.05721823718736507
4.285714285714286,0.1444185399643969,0.17712448878420226,0.14642425523946187,-4.0,0.32143490320390844,-29.362606913068376,0.4407458420687625,0.20835191141905973
4.285714285714286,0.1538024601557908,0.1824779882031185,0.1438753705312064,-3.836734693877551,0.33528727261292335,-27.878537098231735,0.4649524563626084,0.22189004654328137
4.285714285714286,0.22903067926004206,0.15871405765191807,0.03564100342745079,-3.673469387755102,0.41213695551250684,-26.353684218048638,0.48941426090942525,0.33042142517989337
4.285714285714286,0.17078576535015277,0.18996244907112134,0.13543258608483405,-3.510204081632653,0.3693586261111542,-24.949233390354454,0.5147681075376639,0.24639177672509094
4.285714285714286,0.20394935397958602,0.1770241939837111,0.06024563109844922,-3.3469387755102042,0.3960769821145907,-23.455161340000185,0.49423980412035823,0.29423672157885594
4.285714285714286,0.2652619606042903,0.16755471791547397,0.05359694799125799,-3.183673469387755,0.526385211558814,-22.14872322325592,0.6467838075349975,0.382692115100292
4.285714285714286,0.36087069234499736,0.11994999100077512,-0.07757804407024739,-3.020408163265306,0.6419557120808091,-20.896750364379137,0.6916847672106603,0.5206263582482933
4.285714285714286,0.4143444806337315,0.07207379130024831,-0.211265859846693,-2.857142857142857,0.6282522716490812,-19.80901099256773,0.6299836533578544,0.5977727274299967
4.285714285714286,0.4315285607198345,0.05166700811110893,-0.26816958170589317,-2.693877551020408,0.5937855976304639,-18.803858696990925,0.5771042989463372,0.622564114552457
4.285714285714286,0.4383588240929963,0.042450373725697994,-0.2926133641678086,-2.5306122448979593,0.575355485167215,-17.827606304690573,0.5472838322766777,0.6324181016488835
4.285714285714286,0.44104793426520117,0.0371943330661088,-0.30520481453324105,-2.36734693877551,0.565528545908392,-16.864449916840172,0.5280976676539042,0.6362976675587269
4.285714285714286,0.4415686280540221,0.03362628958917498,-0.31256073394326755,-2.204081632653061,0.5600487692970973,-15.909026713761225,0.5159397078698379,0.6370488699056822
4.285714285714286,0.44074900767332115,0.030883464940086487,-0.3171891463606384,-2.0408163265306123,0.5570172200720134,-14.959075561822694,0.5084327822695208,0.6358664076470317
4.285714285714286,0.43898774256892925,0.02857686041874557,-0.320218617669548,-1.8775510204081634,0.5555129098276053,-14.01350571961116,0.5041593666007311,0.6333254392152359
4.285714285714286,0.4364979361265211,0.026503538489939884,-0.3222107223732193,-1.7142857142857142,0.5550506216075363,-13.071759700867933,0.502252937852629,0.6297334078079992
4.285714285714286,0.43339385791841,0.024543367954947333,-0.3234904021204545,-1.5510204081632653,0.5553508716168448,-12.1335609881671,0.5021662704382248,0.6252551695706261
4.285714285714286,0.4297404758878669,0.022617151333758412,-0.3242387765700245,-1.3877551020408163,0.5562500895598425,-11.198800468664716,0.50432417826431,0.6199844534326884
4.285714285714286,0.4255697834484471,0.02066588439185635,-0.32456838006684346,-1.2244897959183674,0.55764817472119,-10.267480834427134,0.5078035018175416,0.6139674161332644
4.285714285714286,0.4208919638551787,0.018640078501295405,-0.32454944884887177,-1.0612244897959184,0.5594845300648432,-9.339688398583249,0.5122743881684018,0.607218749003883
4.285714285714286,0.41570105841233373,0.016493402450108663,-0.3242251937727922,-0.8979591836734694,0.5617246349603409,-8.415579365818372,0.5176483469469735,0.5997298554637669
4.285714285714286,0.4099779171819884,0.014178170453470251,-0.3236199624550608,-0.7346938775510204,0.5643525480500556,-7.495374683018611,0.5239077060038114,0.5914731079924409
4.285714285714286,0.40369124157114267,0.011641593456993116,-0.32274455998841256,-0.5714285714285714,0.5673663139603161,-6.5793607438106925,0.5310785822152803,0.5824033522649961
4.285714285714286,0.39679776653072385,0.00882208299098267,-0.32159833528438414,-0.40816326530612246,0.5707755991696375,-5.6678947915996405,0.5390531605442095,0.5724581700096913
4.285714285714286,0.3892415989657827,0.0056450833415190626,-0.32016998591472884,-0.24489795918367346,0.5746003400359048,-4.76141476460542,0.5478337020526208,0.5615569245356249
4.285714285714286,0.38095198062859814,0.002017905077969649,-0.31844037372797007,-0.08163265306122448,0.5788690016391517,-3.8604539440123196,0.5574332326540629,0.549597533269707
4.285714285714286,0.3718429910776557,-0.002176858950372546,-0.31637600196624976,0.08163265306122448,0.5836197328881332,-2.9656612862215943,0.5678712877957601,0.536456039217053
4.285714285714286,0.3618095694997796,-0.00709018067651755,-0.3139332571779601,0.24489795918367346,0.5888973813602943,-2.0778288440906194,0.5791698016426805,0.5219808716635024
4.285714285714286,0.3507260798251337,-0.012918339808712074,-0.31105348950658807,0.40816326530612246,0.5947520573190175,-1.1979282450223825,0.5913458480804257,0.5059907760741473
4.285714285714286,0.3384447975729634,-0.0199186431485545,-0.30766099792599083,0.5714285714285714,0.6012340168604459,-0.3271587998203064,0.6044008057366356,0.48827263107318286
4.285714285714286,0.32479712188874266,-0.02843007298856543,-0.30366052467733756,0.7346938775510204,0.6083837821858804,0.5329896477554167,0.6184279655316,0.4685831970438974
4.285714285714286,0.309600554875902,-0.03889944523760586,-0.2989356620107063,0.8979591836734694,0.6162135252164403,1.3806558485754354,0.6333637079545178,0.44665918517593495
4.285714285714286,0.29267701882775055,-0.051912149912526274,-0.2933501514006539,1.0612244897959184,0.6246737553366621,2.2135058581795897,0.6489055373811322,0.422243683644961
4.285714285714286,0.2738913060637247,-0.06822269032482112,-0.28675552608773497,1.2244897959183674,0.633597201107609,3.0286122941632816,0.6662766339526314,0.39514162900073657
4.285714285714286,0.25322093756124553,-0.0887720063705755,-0.2790104510494212,1.3877551020408163,0.6426116816246841,3.8223234507236667,0.6843051630062227,0.36532059086886237
4.285714285714286,0.23086518124173216,-0.11466393441081058,-0.2700180863752792,1.5510204081632653,0.6510213525508709,4.5901485039895675,0.7015313115420733,0.3330680520913796
4.285714285714286,0.20737981179872,-0.14705375166246865,-0.25978448039394614,1.7142857142857142,0.6576810733876371,5.326713408722619,0.7165987574751214,0.29918582606249977
4.285714285714286,0.18377195974366,-0.18689185025249921,-0.24848781619624147,1.8775510204081634,0.6609402768979787,6.025877862538228,0.7277132344477266,0.2651268949766248
4.285714285714286,0.16142005096801904,-0.23450200212858027,-0.2365242948024104,2.0408163265306123,0.6587924907218677,6.681124370516478,0.7328722890645051,0.23287990703160455
4.285714285714286,0.14169251620905654,-0.2890989994636845,-0.22447851272894742,2.204081632653061,0.6493543490791505,7.286288115551598,0.7303773166987797,0.20441909046588425
4.285714285714286,0.12536489684795638,-0.34852955174750655,-0.21299168342221073,2.36734693877551,0.6316043174493196,7.8365462718983645,0.7206999047606314,0.1808633149841028
4.285714285714286,0.11226755768987862,-0.4095542965674267,-0.20257995735978815,2.5306122448979593,0.60599238427318,8.329368108656338,0.7040432239883697,0.16196784873190273
4.285714285714286,0.101527094434535,-0.4686786457728796,-0.1935134288032717,2.693877551020408,0.574445340923436,8.76501905431845,0.6812106439980223,0.14647263565656887
4.285714285714286,0.09217567031255647,-0.5230879041738056,-0.18581996917488522,2.857142857142857,0.5397002641055932,9.14638217084254,0.6550092747228712,0.13298138245054103
4.285714285714286,0.08358297427190098,-0.5711636631093328,-0.1793748803249711,3.020408163265306,0.5044229162029362,9.478220225127645,0.628891325271794,0.1205847424848212
4.285714285714286,0.07550505507098948,-0.6124433608206579,-0.17399668056085713,3.183673469387755,0.47062017419983365,9.766245090010832,0.602618296842419,0.10893076851296435
4.285714285714286,0.06792899497429139,-0.6472601776024194,-0.1695052726696764,3.3469387755102042,0.43949172126882136,10.016325898714102,0.5772953721635776,0.0980008241819812
4.285714285714286,0.06091660507965124,-0.6763494720484011,-0.16574595665397998,3.510204081632653,0.4115678723713728,10.233976490910333,0.5535234016766715,0.08788408405620407
4.285714285714286,0.05452310268906069,-0.700570187483209,-0.16258976199915384,3.673469387755102,0.3869280835579897,10.424103212023729,0.5315535634966038,0.07866020986338684
4.285714285714286,0.04876709039045446,-0.7207472310821122,-0.15993207607565532,3.836734693877551,0.3653951481650748,10.590931174826187,0.5114251778623885,0.07035603946489255
4.285714285714286,0.04363693957659498,-0.7376058736656813,-0.15768911371718172,4.0,0.3466823448576703,10.738029874316455,0.4930746278604341,0.06295479632672496
4.530612244897959,0.15299287747888024,0.18577516582099177,0.14861314680053475,-4.0,0.324772867817578,-28.801443901263802,0.4418382178867964,0.22072206563011276
4.530612244897959,0.13632745685063274,0.18745113435995217,0.1003151932698304,-3.836734693877551,0.2769963191169303,-27.254570145107316,0.3594640786954963,0.19667894593541213
4.530612244897959,0.17568649406715964,0.19187678436616812,0.13730136158758507,-3.673469387755102,0.36362104290379466,-25.86678633786543,0.5017835917381359,0.2534620337418594
4.530612244897959,0.1979975586485192,0.1899232499850727,0.12074738759505477,-3.510204081632653,0.40310191413393887,-24.427528330265332,0.547791741529495,0.2856500959703401
4.530612244897959,0.2534377778054109,0.17596713747112164,0.0739302241767582,-3.3469387755102042,0.49237317171547385,-23.032665519971804,0.6176122118273292,0.36563342521378495
4.530612244897959,0.3671327331997898,0.12611315114935162,-0.06255520895450797,-3.183673469387755,0.6320127430596532,-21.749014482479787,0.670150952573353,0.5296605735353475
4.530612244897959,0.43283166207940726,0.06865853734332236,-0.2205953564902341,-3.020408163265306,0.6204496941174515,-20.65217786948741,0.6026719904191102,0.6244440924216885
4.530612244897959,0.44899015141808873,0.04768729723882895,-0.27835607993573885,-2.857142857142857,0.5820639806734429,-19.648839075435124,0.5469077515443033,0.6477558648588615
4.530612244897959,0.4549000248019326,0.03915811237856854,-0.3007743795858707,-2.693877551020408,0.5639220611779624,-18.67335183094238,0.5173614530514423,0.6562820098820148
4.530612244897959,0.4570974958910179,0.03446980223925822,-0.3120074170549306,-2.5306122448979593,0.5547020278304701,-17.709582083675798,0.49913080218148625,0.6594522905247358
4.530612244897959,0.4574587859026418,0.03133225647244797,-0.31841511959759794,-2.36734693877551,0.5496912423475883,-16.752583415213735,0.48779013582572195,0.6599735218328271
4.530612244897959,0.45664727753061096,0.02893693151659999,-0.32249165177239664,-2.204081632653061,0.5469300037383488,-15.800352164951013,0.48085181788036435,0.6588027627288584
4.530612244897959,0.455021994635213,0.026933019594285974,-0.3251998812117853,-2.0408163265306123,0.5455548889777351,-14.851935378378641,0.4769227719098538,0.6564579751556261
4.530612244897959,0.4527887773694712,0.025141961878030954,-0.32696532393744154,-1.8775510204081634,0.5451323862317,-13.90684628807781,0.4751727196333817,0.6532361236811126
4.530612244897959,0.4500245870364925,0.023458348390144934,-0.32813196881503687,-1.7142857142857142,0.5453906494953659,-12.96483971861857,0.47509143603277554,0.6492482399956514
4.530612244897959,0.4467903068281325,0.021814464498464785,-0.3288432909977694,-1.5510204081632653,0.5461832400664532,-12.025813185322185,0.47706574542628477,0.6445821599782042
4.530612244897959,0.44312174312214503,0.020161955878754356,-0.3291738936903816,-1.3877551020408163,0.5474261806671714,-11.089758114250449,0.48020393188816085,0.639289541312392
4.530612244897959,0.439012851622844,0.018459533552393572,-0.32923948648615786,-1.2244897959183674,0.549045336274253,-10.156735136731532,0.48424094663446876,0.6333616639227992
4.530612244897959,0.4344762146399581,0.016672198294109423,-0.3290265736342976,-1.0612244897959184,0.5510251189207876,-9.226861295170037,0.48909406177108894,0.6268166802452764
4.530612244897959,0.4294927264027024,0.014763434888901797,-0.3285766740058199,-0.8979591836734694,0.5533426229258439,-8.30030476005544,0.49470850308837966,0.6196270264790598
4.530612244897959,0.42403927938017083,0.012694642964551726,-0.3279013115299487,-0.7346938775510204,0.5559933932138831,-7.37728392428261,0.5011476559110571,0.6117593655039011
4.530612244897959,0.41808333871253844,0.01042192361712784,-0.3270031490523576,-0.5714285714285714,0.5589828945407441,-6.4580701840346,0.5083159265032297,0.6031667594388797
4.530612244897959,0.4115827107867205,0.007893454880832105,-0.32587793784743485,-0.40816326530612246,0.5623247806550777,-5.542993888494855,0.5162006825927162,0.5937883357676381
4.530612244897959,0.40448442194658685,0.00504610641880091,-0.3245127138947151,-0.24489795918367346,0.5660413452045779,-4.632453573787167,0.5248139685619037,0.5835476696591795
4.530612244897959,0.39672321405247035,0.0018013906781359898,-0.32288727841491893,-0.08163265306122448,0.5701624314115227,-3.726928954000127,0.5341764186258274,0.5723506135190299
4.530612244897959,0.3882193566325338,-0.0019399301038449032,-0.32097280341569595,0.08163265306122448,0.5747256052934523,-2.826998507286241,0.5443155810587518,0.5600821405908603
4.530612244897959,0.37887635948058684,-0.006305005952386573,-0.3187296943784788,0.24489795918367346,0.5797760514126872,-1.9333629025092378,0.5552628276782605,0.5466030449327071
4.530612244897959,0.3685779652947365,-0.011458526430772433,-0.31610636917678575,0.40816326530612246,0.585365235457976,-1.0468759935160274,0.5670488808957168,0.5317456027116609
4.530612244897959,0.3571856781843834,-0.017615689171105627,-0.31303629585408693,0.5714285714285714,0.5915483251821022,-0.16858567481103826,0.5796965308468741,0.5153100065931713
4.530612244897959,0.34453732761907685,-0.025059505405521567,-0.30943524072827283,0.7346938775510204,0.5983781611562428,0.7002124961260233,0.5932264799863106,0.49706229395717827
4.530612244897959,0.3304488447390497,-0.034163379899217756,-0.30519863690512306,0.8979591836734694,0.6058932354683766,1.5579055026815645,0.6077938534348604,0.4767369095725136
4.530612244897959,0.31472302837930477,-0.04541922882823842,-0.3002003268627642,1.0612244897959184,0.6140951248391893,2.4024735033579585,0.6231242719993009,0.45404935229637866
4.530612244897959,0.29717187538809076,-0.05946928042152826,-0.29429502878068153,1.2244897959183674,0.6229085093550795,3.231378931033871,0.6392497126074461,0.42872839091407133
4.530612244897959,0.2776625760466216,-0.07713457457129083,-0.28732854507000477,1.3877551020408163,0.6321148935534243,4.041436743422459,0.6574559107459128,0.4005824215029157
4.530612244897959,0.25619915340394006,-0.09942273864733926,-0.2791617418519497,1.5510204081632653,0.6412524807380782,4.8286794822411645,0.6755885452957029,0.36961724809581487
4.530612244897959,0.23304497694758353,-0.1274802691516457,-0.2697145618214703,1.7142857142857142,0.6494868167515636,5.588252178499662,0.6926309567420817,0.33621283254636136
4.530612244897959,0.20886200017745504,-0.1624348772748984,-0.2590308058148148,1.8775510204081634,0.6554914688904236,6.314406024556794,0.7070998151698898,0.30132417188616456
4.530612244897959,0.1847795821703413,-0.20507361206558491,-0.24734732909248328,2.0408163265306123,0.6574399575686425,7.000697415274026,0.7171068112141743,0.266580586854686
4.530612244897959,0.16224188094287118,-0.2553686236648783,-0.23512519123824968,2.204081632653061,0.653262606732547,7.640506975162845,0.7206738871101773,0.2340655570607768
4.530612244897959,0.14254350383693493,-0.312025778494841,-0.2229902426858481,2.36734693877551,0.641256205571732,8.2279126920458,0.7163245911171635,0.20564680609648223
4.530612244897959,0.1262570664570155,-0.3723964034189226,-0.21157508256368596,2.5306122448979593,0.6208595397451872,8.758751120558147,0.7056890582829287,0.1821504436547241
4.530612244897959,0.1130297841022132,-0.43300452341482504,-0.2013408118862194,2.693877551020408,0.5931012523174948,9.23147970798276,0.6877218843483085,0.16306750899701328
4.530612244897959,0.10196555962693776,-0.49050556766480735,-0.1924893739302743,2.857142857142857,0.5603237795811673,9.647437755349415,0.664360702280322,0.147105207215251
4.530612244897959,0.09221019461875213,-0.5425165701873679,-0.18499992809530583,3.020408163265306,0.525346986606653,10.010397395212213,0.6393480399688102,0.13303119049587986
4.530612244897959,0.08326028139517772,-0.5879023961950999,-0.1787271777876687,3.183673469387755,0.49064124914403245,10.325671440158377,0.6138981102677529,0.12011919507184254
4.530612244897959,0.07493645947147498,-0.626564465109736,-0.17348779860791,3.3469387755102042,0.4579108094577542,10.599182692548773,0.5886501856184378,0.10811045846127376
4.530612244897959,0.06722962692573486,-0.6590358097580431,-0.16910743268777423,3.510204081632653,0.42808275503107207,10.836764424364725,0.5645078076026031,0.09699184936657268
4.530612244897959,0.06017683173594679,-0.6861239682613104,-0.16543670294376125,3.673469387755102,0.4014969419949815,11.043755761532443,0.5419340953465044,0.0868168167218597
4.530612244897959,0.05380165599171938,-0.7086832646669559,-0.16235240971273157,3.836734693877551,0.3781248887761809,11.224832016609346,0.5211035933780765,0.07761938229086729
4.530612244897959,0.04809782363415738,-0.7275011270679984,-0.15975347279696406,4.0,0.35773980223303203,11.38398086253883,0.5020212409366197,0.0693904916345498
4.775510204081633,0.16499369188037183,0.1923898603706731,0.14792613884028433,-4.0,0.33392059216565056,-28.251070423881583,0.45257864496284916,0.23803558105377398
4.775510204081633,0.21249206098899687,0.18463138510872956,0.10968025689487608,-3.836734693877551,0.38804638329003377,-26.776506046528343,0.49068692905245204,0.30656124261710005
4.775510204081633,0.20396688112133998,0.19224189537243655,0.12325020335216415,-3.673469387755102,0.39517647488258456,-25.34018381187118,0.5259620170978148,0.294262007899345
4.775510204081633,0.23938033069157538,0.18450404960925387,0.09401143097095252,-3.510204081632653,0.45730452353087886,-23.927595574147226,0.5852652122893502,0.34535281597509604
4.775510204081633,0.3693153364702415,0.1342002686818165,-0.04290097422257212,-3.3469387755102042,0.6177529184817685,-22.612357261927666,0.6453816536345313,0.5328094044498557
4.775510204081633,0.4505199674742417,0.06490901750144022,-0.23069712729468858,-3.183673469387755,0.6119213489623893,-21.505508763570248,0.5742007537669852,0.6499629228965458
4.775510204081633,0.4649303209886366,0.043704577108202476,-0.2882764512414397,-3.020408163265306,0.5701751210106716,-20.504625533044933,0.5168591215916519,0.6707526684492207
4.775510204081633,0.46980454855967646,0.0359792904806046,-0.3083623163711554,-2.857142857142857,0.5528722113957814,-19.530122345991348,0.48844600867069654,0.6777846923941238
4.775510204081633,0.4715352527518981,0.031863970961594115,-0.31808186979420705,-2.693877551020408,0.5444958054020995,-18.565925710836,0.4715479812312936,0.6802815707494871
4.775510204081633,0.4716806723019198,0.029131824654424463,-0.3236922935549015,-2.5306122448979593,0.5399942752136065,-17.60759183639425,0.4612022401701132,0.6804913668131518
4.775510204081633,0.47085619283692126,0.0270528364799759,-0.32724513515637693,-2.36734693877551,0.5375414766994655,-16.65338499135863,0.45492960277627603,0.6793018943776832
4.775510204081633,0.4693526631891831,0.02531732577142273,-0.3296018620204276,-2.204081632653061,0.5363335370213935,-15.70248913642658,0.4514053449457299,0.6771327596110623
4.775510204081633,0.4673230724627808,0.023769740917069817,-0.331185069376807,-2.0408163265306123,0.5359640415241261,-14.75448729445317,0.44986368065041205,0.6742046791350482
4.775510204081633,0.4648429311241957,0.022321399562931412,-0.33224890227567017,-1.8775510204081634,0.5361996157750635,-13.809167456662985,0.44983287508620623,0.6706265915251666
4.775510204081633,0.46191619146055296,0.020910931781852406,-0.3330555814370851,-1.7142857142857142,0.5368632412174879,-12.866437308342048,0.4517115796663792,0.6664041987264557
4.775510204081633,0.45871743964102074,0.019504254770640217,-0.333269760869948,-1.5510204081632653,0.5380127144159808,-11.926283971408727,0.45455932709694563,0.6617893753393824
4.775510204081633,0.4551096259817051,0.01806364345779819,-0.3333465214597756,-1.3877551020408163,0.539464473180461,-10.988750267411993,0.4582275753285305,0.6565844004646375
4.775510204081633,0.45112977621874983,0.016561906572055363,-0.3332169165559078,-1.2244897959183674,0.5412215222460033,-10.053925934496508,0.4626292522505941,0.6508426909481386
4.775510204081633,0.4467738098378191,0.01497135189711166,-0.3328845551493757,-1.0612244897959184,0.5432734064705673,-9.121941170017987,0.46771354338185717,0.6445583598520899
4.775510204081633,0.4420239026626487,0.013262943647141787,-0.33236300826274034,-0.8979591836734694,0.5456134121197864,-8.19296533523001,0.4734935754036885,0.6377056923257896
4.775510204081633,0.43685548539567587,0.011404778148503047,-0.3316562727801431,-0.7346938775510204,0.5482441405547002,-7.267208175466957,0.47995173890649523,0.6302492423654824
4.775510204081633,0.4312371881951782,0.009359909654106682,-0.3307608368452171,-0.5714285714285714,0.5511758515996995,-6.344923376292956,0.4870439784797451,0.622143752856084
4.775510204081633,0.4251272205470269,0.007084287421366956,-0.32967477236460657,-0.40816326530612246,0.5544230541628993,-5.426414414875142,0.4947793896907739,0.6133289328301035
4.775510204081633,0.41847742058736315,0.0045241812979754615,-0.328382079610038,-0.24489795918367346,0.5580096877272261,-4.512042926696941,0.5031754233993654,0.6037352994053937
4.775510204081633,0.41122801833448386,0.001612848549697375,-0.3268629865446004,-0.08163265306122448,0.5619655653125216,-3.602240078522831,0.5122574170498192,0.5932766227257562
4.775510204081633,0.403306099345077,-0.0017338654021306394,-0.3250920240430068,0.08163265306122448,0.5663270397873047,-2.6975216836860905,0.5220575268296753,0.5818477094854142
4.775510204081633,0.39462371519727246,-0.005623327678375589,-0.32303470423446984,0.24489795918367346,0.571137793159831,-1.7985081379508474,0.5326125445919606,0.5693216769322835
4.775510204081633,0.3850749204924202,-0.010193983216527949,-0.3206455592777383,0.40816326530612246,0.5764486643271903,-0.905950651278961,0.5439612987294135,0.5555456781651258
4.775510204081633,0.374532423952018,-0.015625975876228906,-0.3178666696495882,0.5714285714285714,0.5823160588952794,-0.020765757556394496,0.5561398812836891,0.5403360706876992
4.775510204081633,0.3628448640391617,-0.02215546035285573,-0.31462440277603515,0.7346938775510204,0.5887987434331905,0.8559193141974267,0.5691737670747881,0.5234744859613287
4.775510204081633,0.34983548552141097,-0.030093628280049974,-0.31082645248600577,0.8979591836734694,0.5959504343053499,1.7227071921903012,0.583186779622215,0.5047059200887225
4.775510204081633,0.3353047399639524,-0.03985127606369935,-0.30635932133326743,1.0612244897959184,0.6038051021892735,2.5778531746283657,0.5981090905420092,0.4837424855325585
4.775510204081633,0.3190413812768311,-0.05196872928650182,-0.3010875965167892,1.2244897959183674,0.6123497073082104,3.4191669092273917,0.613760770750024,0.4602794186064494
4.775510204081633,0.30084973022892636,-0.06714801342482579,-0.2948580376302085,1.3877551020408163,0.6214764564549853,4.243891704369954,0.6309033413216383,0.43403441385405506
4.775510204081633,0.2806046318638551,-0.08627748658568232,-0.2875128944471121,1.5510204081632653,0.6309052065799491,5.04856656169414,0.6493043399521213,0.4048269108404563
4.775510204081633,0.25834629380444185,-0.11042616967569567,-0.2789192966577655,1.7142857142857142,0.6400700106632851,5.828890265962404,0.6674334597789319,0.37271491690371183
4.775510204081633,0.23441604250901515,-0.14076517849057324,-0.26902029737887795,1.8775510204081634,0.6479822009788825,6.579633464217447,0.6841576220955815,0.3381908620325724
4.775510204081633,0.2095946394195558,-0.17835599109303205,-0.25790507040081917,2.0408163265306123,0.6531278588978259,7.294684013117948,0.6978712508401196,0.30238114688750306
4.775510204081633,0.1851323499663271,-0.22376170085220068,-0.2458744688702896,2.204081632653061,0.653527544643415,7.967347264632955,0.706618845181967,0.2670895232045396
4.775510204081633,0.1625124257671351,-0.2765404050146701,-0.23345202519716368,2.36734693877551,0.647118189512221,8.591009489284005,0.7085008508726413,0.23445587073708163
4.775510204081633,0.14291674985653224,-0.3348729943168368,-0.2212925240490646,2.5306122448979593,0.6324786997687347,9.160143482596748,0.7030704384010887,0.2061852862779876
4.775510204081633,0.12670444380044343,-0.3956899248312177,-0.21000408765680736,2.693877551020408,0.6095768612691467,9.671390788124578,0.6908036832036593,0.1827958727294945
4.775510204081633,0.1133733235496519,-0.4554233651516485,-0.19998423485732647,2.857142857142857,0.5799882091603791,10.124266104312154,0.6717833048623083,0.163563131654183
4.775510204081633,0.1020414725577512,-0.5110058048493035,-0.19136918755833898,3.020408163265306,0.5463519863365804,10.52113992477941,0.6483244833324633,0.14721472642407463
4.775510204081633,0.0919694836576006,-0.5605247785282235,-0.18409669903615583,3.183673469387755,0.5114508255341528,10.866548728299204,0.6244150029605525,0.13268391798593848
4.775510204081633,0.08275672603449835,-0.6032863813217065,-0.17800636936454475,3.3469387755102042,0.4775032995598704,11.166212618221076,0.5997294362488865,0.1193927182501775
4.775510204081633,0.07426675918029946,-0.6394852311136263,-0.17291517651173466,3.510204081632653,0.44591692603472327,11.426153182606122,0.5755189105854397,0.10714428517231278
4.775510204081633,0.06648643488397954,-0.6697952488667305,-0.16865430528675837,3.673469387755102,0.41738023679612496,11.652101208901684,0.5525141180831838,0.09591964989350421
4.775510204081633,0.05942897357293497,-0.695060011927508,-0.16508021187774416,3.836734693877551,0.39207901316973753,11.849192479697207,0.5310682502111995,0.08573788545879468
4.775510204081633,0.05309231034903328,-0.7161142210260678,-0.1620743080503826,4.0,0.3699013811028218,12.021866758177437,0.5112966551814122,0.07659601284988815
5.020408163265306,0.17638511416658598,0.19847226140401183,0.14719283668894315,-4.0,0.34332956214919363,-27.71167393250042,0.45998040607470037,0.25446992949476677
5.020408163265306,0.19194269392163776,0.19867708575139273,0.13765510278298723,-3.836734693877551,0.3697412805733795,-26.258236962903567,0.4958565207182468,0.2769147726556138
5.020408163265306,0.22249759601796337,0.19413123996249618,0.11567053123892591,-3.673469387755102,0.41817053428791906,-24.829033057231115,0.5402102259690089,0.32099617838483097
5.020408163265306,0.3642588099898736,0.14457463398642076,-0.01756751380853534,-3.510204081632653,0.5959373100013884,-23.487338382489913,0.6186974492976023,0.5255143787725047
5.020408163265306,0.46719661633250564,0.06094149435199229,-0.2411336153123247,-3.3469387755102042,0.6027793330143283,-22.368453411116946,0.5452329642386899,0.6740222415030099
5.020408163265306,0.47930900553118483,0.03983464088854759,-0.29765232027068983,-3.183673469387755,0.5584081170134693,-21.3704162103718,0.487432138156597,0.6914967253332613
5.020408163265306,0.4831542085912288,0.03297535399607595,-0.31524225778619147,-3.020408163265306,0.5423923707525697,-20.39695457485238,0.46084762626194575,0.6970441807191974
5.020408163265306,0.484368678505118,0.029409633539605098,-0.3237233107590871,-2.857142857142857,0.534903424443163,-19.432423525425502,0.4455273684370203,0.6987962904412748
5.020408163265306,0.4843664522246145,0.02705456645337753,-0.3284190757550612,-2.693877551020408,0.5309965524288414,-18.47292402216041,0.4362700201294275,0.6987930785974328
5.020408163265306,0.48353112674665355,0.025258524591554168,-0.33147736895625746,-2.5306122448979593,0.5288694842696874,-17.516980174436984,0.43070773134310075,0.6975879586728486
5.020408163265306,0.4821365806786153,0.023759697847479697,-0.3334932368401934,-2.36734693877551,0.5278453245532007,-16.56390486003755,0.42761926063751465,0.6955760539762004
5.020408163265306,0.4803456498833032,0.022424481358293686,-0.33472420557336763,-2.204081632653061,0.5275994282376264,-15.61334634457166,0.4263152165878354,0.6929922869992269
5.020408163265306,0.47804803091378134,0.0211720984193412,-0.3358714254972061,-2.0408163265306123,0.5277647431407816,-14.665125604645985,0.4263835852290739,0.6896775235060457
5.020408163265306,0.4754914870664575,0.019961745825769577,-0.3364559911877837,-1.8775510204081634,0.5284216176161681,-13.719161379947321,0.428168951274556,0.6859892103756962
5.020408163265306,0.47259901592486053,0.018755595925693282,-0.3368248154202031,-1.7142857142857142,0.529407983092342,-12.775439294875577,0.43079508497361096,0.6818162566038004
5.020408163265306,0.46940657597781565,0.017528589787029585,-0.3369454325128543,-1.5510204081632653,0.5307025460590156,-11.833991395142275,0.43414739602256747,0.6772105393238634
5.020408163265306,0.4659035323788572,0.016257097495961142,-0.3368754684368088,-1.3877551020408163,0.5322690769492113,-10.89488748356409,0.43815745158367214,0.6721567156956283
5.020408163265306,0.462081131898221,0.014919434971727081,-0.33663724084077273,-1.2244897959183674,0.5340908587952192,-9.958230027836422,0.4427775941583915,0.6666421574779222
5.020408163265306,0.4579289072927224,0.013493586233274504,-0.3362331718530555,-1.0612244897959184,0.5361642588723137,-9.024152420105834,0.4479916071604523,0.6606517636309124
5.020408163265306,0.45342515437349484,0.011955759200991265,-0.3356764709607102,-0.8979591836734694,0.5384869846901303,-8.09281932080911,0.4538268056278793,0.6541542216289535
5.020408163265306,0.4485465460141256,0.010279062563112173,-0.3349636585348792,-0.7346938775510204,0.5410668205950053,-7.164428748513752,0.46022273514815765,0.6471158775424515
5.020408163265306,0.443262062056885,0.008432039120200931,-0.33409230629807063,-0.5714285714285714,0.5439151230538907,-6.239215806214052,0.4671847513043686,0.6394919787436839
5.020408163265306,0.43753433894549265,0.006377055524995044,-0.33305395113585917,-0.40816326530612246,0.5470492871404194,-5.317458135545271,0.4747266612993433,0.6312286210152926
5.020408163265306,0.43131802214712267,0.004068125962739247,-0.33183630100791867,-0.24489795918367346,0.550491957602642,-4.3994833609704855,0.48286974763353124,0.6222603715976902
5.020408163265306,0.4245584973958423,0.0014482373503353432,-0.33042178068129285,-0.08163265306122448,0.5542716927835043,-3.4856789633479988,0.4916419020105507,0.6125084387602517
5.020408163265306,0.4171900204775103,-0.0015542037150479812,-0.3287867126903981,0.08163265306122448,0.5584234351862051,-2.5765052290110884,0.5010773548258595,0.6018779736512689
5.020408163265306,0.40913319443305274,-0.005030125877103624,-0.32690061929058256,0.24489795918367346,0.5629887781975368,-1.6725121801349712,0.5112155069153311,0.590254430671624
5.020408163265306,0.40029224069382363,-0.009096191340268098,-0.32472428933019176,0.40816326530612246,0.5680163187715768,-0.7743617289833336,0.5220993649329635,0.5774996305553102
5.020408163265306,0.39055180562789693,-0.013903462416798533,-0.32220727793773846,0.5714285714285714,0.5735614596503493,0.11714326594786792,0.5337726349326286,0.563447153189597
5.020408163265306,0.3797734347682351,-0.01964913739302348,-0.31928553260254366,0.7346938775510204,0.5796846889850839,1.0010208152902287,0.5462745590320627,0.5478972510015012
5.020408163265306,0.3677925455004447,-0.026592314649874597,-0.31587861842690856,0.8979591836734694,0.5864472515292855,1.8760596136980592,0.5596612780233989,0.5306124814694195
5.020408163265306,0.3544174451221458,-0.035074843288371814,-0.31188627914593275,1.0612244897959184,0.5939021517450226,2.7407533372843185,0.5740475474061973,0.511316290482255
5.020408163265306,0.3394330637553422,-0.04554787794684161,-0.30718626010165057,1.2244897959183674,0.602076215505468,3.593215550361122,0.5892669042632306,0.48969839779357915
5.020408163265306,0.32261503786137635,-0.05860333074158724,-0.3016343234585223,1.3877551020408163,0.6109373098656695,4.431071981966244,0.6051785190233901,0.465435115238813
5.020408163265306,0.30376316975407236,-0.07500546832177722,-0.29506975308595323,1.5510204081632653,0.6203378823072604,5.2513300604011,0.6232369743283114,0.4382376186089121
5.020408163265306,0.2827657813414348,-0.09570918939748514,-0.2873363761421624,1.7142857142857142,0.6299238846466234,6.050234061796572,0.6417519072371959,0.40794479047438115
5.020408163265306,0.2597113229707173,-0.12183650336423356,-0.27830983738441245,1.8775510204081634,0.6390106684834759,6.823132488895209,0.6597730324424697,0.374684237712565
5.020408163265306,0.23503372277598733,-0.15455946042921034,-0.2679640739314762,2.0408163265306123,0.6464410797641433,7.564416785909701,0.6760472916565973,0.3390819862905885
5.020408163265306,0.20964329766964496,-0.19482763378159793,-0.2564410436078715,2.204081632653061,0.6505145127316984,8.267634544458755,0.6888566474961842,0.30245134590360534
5.020408163265306,0.1849034262987519,-0.2429166272842857,-0.24410903419099456,2.36734693877551,0.6491355330726117,8.925910395158512,0.6962127697803342,0.2667592561645873
5.020408163265306,0.16230273295478992,-0.2979192297723263,-0.23154829096470092,2.5306122448979593,0.6403315431344831,9.532761999243066,0.6963528481694901,0.23415334795660092
5.020408163265306,0.14287352889226734,-0.35750460131209394,-0.21942768874196744,2.693877551020408,0.6230616508517939,10.083213073142176,0.6898634036732699,0.20612293160718043
5.020408163265306,0.1267620721137226,-0.41828645494076006,-0.20831583371923107,2.857142857142857,0.5978596925427678,10.574833373167994,0.6761212858559991,0.18287901281127672
5.020408163265306,0.11335457897625711,-0.4767502048674089,-0.19854130729591182,3.020408163265306,0.5667795529937297,11.008221573028298,0.656301993127431,0.16353608895110217
5.020408163265306,0.10181150258294047,-0.5302002812535103,-0.19017920744329714,3.183673469387755,0.5326308143514422,11.386699475623466,0.6337047138959822,0.14688294988186312
5.020408163265306,0.09150215246988291,-0.5771981101846271,-0.1831331771445581,3.3469387755102042,0.49806184220581906,11.715430789995516,0.6102160900356048,0.1320097015989652
5.020408163265306,0.08210657996567305,-0.6174341983533137,-0.17723248559318042,3.510204081632653,0.46501027743444007,12.000410828582615,0.5863553214973931,0.11845475574082931
5.020408163265306,0.07351540208800222,-0.6513300645107135,-0.1722959770544379,3.673469387755102,0.43460650919778915,12.247667575064476,0.5631727312271311,0.10606030602131877
5.020408163265306,0.06570699034830141,-0.679652438128221,-0.16816061485334138,3.836734693877551,0.4073357481933382,12.462780249374529,0.541254082671528,0.09479514912723275
5.020408163265306,0.05867329710121427,-0.7032550868908964,-0.16468848245208165,4.0,0.38326052142237393,12.650664007551171,0.5208652198874398,0.08464767476052559
5.26530612244898,0.19082593613562326,0.20220302753668856,0.14392820087960637,-4.0,0.35773718390147147,-27.181501007621897,0.4742454958200126,0.2753036317358575
5.26530612244898,0.2237934653118796,0.196589567734705,0.12071233362330426,-3.836734693877551,0.4070891753631715,-25.744597647508787,0.5246744017056806,0.32286572258880586
5.26530612244898,0.35488193321350825,0.15506734840511124,0.008166639140524484,-3.673469387755102,0.5693903453101962,-24.3737241979774,0.5931615290193989,0.5119864051482161
5.26530612244898,0.48268552983088076,0.056873043422403464,-0.2515505688126917,-3.510204081632653,0.5931668869528854,-23.24044770789229,0.5158920453907544,0.6963680201958735
5.26530612244898,0.4921284243508437,0.03617362588958138,-0.3063113002462793,-3.3469387755102042,0.5470354451450401,-22.24541154888863,0.45908459880915675,0.7099912372914612
5.26530612244898,0.4950212131897451,0.030188640664131055,-0.3214353308490811,-3.183673469387755,0.5325933963900471,-21.272932013211783,0.43481282992111203,0.7141646494036835
5.26530612244898,0.4958860442821569,0.027136667161148535,-0.32847959116274045,-3.020408163265306,0.5261204334541366,-20.30809737050258,0.4211716268903629,0.7154123369319123
5.26530612244898,0.495690540106154,0.02511537855088502,-0.3325681492690699,-2.857142857142857,0.5227324268285314,-19.347551337007882,0.4130296662840224,0.7151302840267202
5.26530612244898,0.49482408621955964,0.023570474388236166,-0.33523487140912717,-2.693877551020408,0.5209050369200471,-18.390059971503685,0.4081760979508422,0.7138802553013712
5.26530612244898,0.49350470843197036,0.022275713220313093,-0.33700907814163716,-2.5306122448979593,0.5200390421287244,-17.43505215187599,0.40552130813041876,0.7119767955101572
5.26530612244898,0.49182111998669753,0.021120324744369774,-0.3382127567988555,-2.36734693877551,0.519817333514372,-16.482235400390636,0.40444906134514463,0.7095478908092643
5.26530612244898,0.48982022393168534,0.0200410067033974,-0.33902898725356184,-2.204081632653061,0.5200620436381824,-15.531458948707876,0.4047058436222565,0.7066612079933634
5.26530612244898,0.48750897648682323,0.01899616485565706,-0.33962944891783725,-2.0408163265306123,0.5206476290520705,-14.582654742629524,0.4063860409824512,0.7033267827663932
5.26530612244898,0.4849322140784673,0.01795951090891588,-0.3399885857321315,-1.8775510204081634,0.5215386501235431,-13.635808529533328,0.4088128913333895,0.6996093004183095
5.26530612244898,0.482112460066108,0.01690826152884073,-0.3400982267170602,-1.7142857142857142,0.5227125004173773,-12.690945047956438,0.4118923324257795,0.6955412552881519
5.26530612244898,0.47902222874119826,0.01582467382912056,-0.34006449545083356,-1.5510204081632653,0.5241168527809329,-11.748119611122412,0.4155597647201993,0.6910829938805052
5.26530612244898,0.47565363956546247,0.014690494304610604,-0.33990594023933,-1.3877551020408163,0.5257377318770876,-10.80741416000712,0.419774182105693,0.6862231469818787
5.26530612244898,0.472009081719009,0.013489466382169015,-0.3395989347275334,-1.2244897959183674,0.5275790921108624,-9.86893521925137,0.4245047925362457,0.6809651614505685
5.26530612244898,0.46806817142297885,0.01220333671530833,-0.339163514825731,-1.0612244897959184,0.5296354619662883,-8.932813915414753,0.4297882551712039,0.675279629709896
5.26530612244898,0.4638153443475874,0.010812096312423605,-0.3385913338434291,-0.8979591836734694,0.5319144156380441,-7.999207104059237,0.43557276131550404,0.6691440971784708
5.26530612244898,0.4592235937678171,0.009292875684869362,-0.3378893701957513,-0.7346938775510204,0.534421628698145,-7.068299768483666,0.4418562122579396,0.6625196013880372
5.26530612244898,0.45426481864954504,0.007618640344171178,-0.33705119536341777,-0.5714285714285714,0.5371705128420208,-6.140308616957023,0.4486485117357518,0.6553656011160225
5.26530612244898,0.44890470155988393,0.005757019259914707,-0.33606768574356716,-0.40816326530612246,0.5401787038525002,-5.215487027892096,0.4559665042781847,0.6476325867721857
5.26530612244898,0.4431019588970513,0.003668466658561052,-0.33492650162344634,-0.24489795918367346,0.5434684049706319,-4.294131598479185,0.4638332816036897,0.639260998708961
5.26530612244898,0.4368069139251636,0.0013041228426743854,-0.33361278199865135,-0.08163265306122448,0.5470662770648346,-3.376590682464338,0.4722776229162644,0.6301791685458458
5.26530612244898,0.42996039691729204,-0.001397147152924605,-0.3321049923010652,0.08163265306122448,0.5510053215204065,-2.4632754643635284,0.48133439218952245,0.6203017324112268
5.26530612244898,0.42249101847271286,-0.0045125852449256565,-0.3303761984769843,0.24489795918367346,0.5553246318729395,-1.5546743279356638,0.4910438126502522,0.6095256971707097
5.26530612244898,0.4143125678028754,-0.008140799089535355,-0.3283940242898073,0.40816326530612246,0.560069325661963,-0.6513715523978097,0.5014503654766718,0.5977266869471811
5.26530612244898,0.4053226219579298,-0.012408705091239718,-0.3261100286476713,0.5714285714285714,0.5652939055851265,0.2459282602115508,0.5126010256853621,0.5847569366588172
5.26530612244898,0.39539489746142054,-0.017481295237662873,-0.3234737262938454,0.7346938775510204,0.571056183195733,1.1363681509323504,0.5245432020223358,0.5704342577603909
5.26530612244898,0.38437972261357456,-0.023574378675483558,-0.32041370093235966,0.8979591836734694,0.5774204679318976,2.018896677022851,0.537317638587275,0.5545427196328783
5.26530612244898,0.37209884045526276,-0.03097202641862708,-0.31684243837464277,1.0612244897959184,0.5844495900748983,2.8922125304549806,0.551054092520941,0.5368251518453406
5.26530612244898,0.3583451541486473,-0.04004927191739771,-0.31265187338520534,1.2244897959183674,0.5921941303103067,3.754692087756405,0.5657073391492119,0.5169827768168447
5.26530612244898,0.34288820532416087,-0.05130061175763293,-0.30771096081832755,1.3877551020408163,0.6006708902185732,4.604295874559102,0.5811767053644489,0.49468311340048343
5.26530612244898,0.3254917801535384,-0.06537251342993168,-0.3018674601672554,1.5510204081632653,0.609823438718687,5.438451065570708,0.5977972544805624,0.46958537707762904
5.26530612244898,0.30595460175585587,-0.08309313293748481,-0.29495626316045337,1.7142857142857142,0.6194555451382787,6.253911542599964,0.6161830448587586,0.4413991866903313
5.26530612244898,0.28418785892515497,-0.10548154919632562,-0.28682108118539656,1.8775510204081634,0.6291279368704252,7.0466082095625895,0.6347343068846606,0.4099964147521731
5.26530612244898,0.2603398655586642,-0.13370027017819758,-0.27735652952883,2.0408163265306123,0.6380202951763349,7.81152533932123,0.6525445314866878,0.37559103298718366
5.26530612244898,0.23495294855561144,-0.16889256103572858,-0.26657312928148713,2.204081632653061,0.644796249059606,8.542677571857862,0.6682397343272775,0.33896545372342013
5.26530612244898,0.20907442544476962,-0.21184409959496445,-0.25467233500420383,2.36734693877551,0.6475784185783375,9.23330910256167,0.6800049211901527,0.301630636765879
5.26530612244898,0.184165285152049,-0.26248013341585796,-0.24209077849259994,2.5306122448979593,0.644207405061595,9.876453032823612,0.6858603809764574,0.26569434359276345
5.26530612244898,0.16168004777889844,-0.3193940675111306,-0.22945619165297262,2.693877551020408,0.632894903330311,10.465898862868173,0.6845427040534426,0.23325500314130698
5.26530612244898,0.14247004806140828,-0.37978792979399983,-0.21743508792547442,2.857142857142857,0.6130649596783406,10.997372635877968,0.6767225175189694,0.2055408318134062
5.26530612244898,0.1264805979655763,-0.44008376981620906,-0.2065434804509296,3.020408163265306,0.5858181750356393,11.46946450803804,0.6617128230345084,0.18247293145360688
5.26530612244898,0.11302488085472961,-0.4969526361496984,-0.19703900895430554,3.183673469387755,0.5535902210130005,11.883841475858162,0.6413354184184548,0.1630604351061833
5.26530612244898,0.10132508672458607,-0.5481304049196853,-0.18894184905735287,3.3469387755102042,0.5192398396913006,12.244668807679876,0.6196975869087099,0.1461812001352043
5.26530612244898,0.09084871140725315,-0.5926283389320026,-0.18212856281415754,3.510204081632653,0.48521044762263676,12.557598201229807,0.5967421223684372,0.1310669854183968
5.26530612244898,0.08133784414446166,-0.630457398212429,-0.17642293537908835,3.673469387755102,0.4531542569927859,12.828783462524836,0.5737427744744467,0.11734570438381375
5.26530612244898,0.07269783557702758,-0.6622109200495938,-0.1716442181774556,3.836734693877551,0.42394358234239554,13.064185515847782,0.5515588430034796,0.10488080687033907
5.26530612244898,0.06489762384249897,-0.6887072495114229,-0.16763803286401682,4.0,0.397902083699982,13.269197616664329,0.5306701981231983,0.09362748008305077
5.510204081632653,0.2100251780597644,0.20402575717899474,0.1367885098257574,-4.0,0.3782437586755908,-26.66289959514003,0.48934577989393263,0.30300228284864383
5.510204081632653,0.33133296589431604,0.16924288455700628,0.03917547636611786,-3.836734693877551,0.5231663731349133,-25.264153355416052,0.5605881007804276,0.4780124267787613
5.510204081632653,0.4964944784962537,0.052819596274274364,-0.262571210488945,-3.673469387755102,0.5830481718862427,-24.12089627803949,0.4867595096783467,0.7162901219552977
5.510204081632653,0.5034891444001091,0.032787332573961936,-0.31406993862523097,-3.510204081632653,0.5363038320908055,-23.128823414308613,0.4321872563844799,0.7263812917674644
5.510204081632653,0.5055705418319645,0.02763808967813911,-0.3268991515429883,-3.3469387755102042,0.5235617274793294,-22.157194630338513,0.41045869594421625,0.729384113520521
5.510204081632653,0.5060123212507943,0.02504309981620786,-0.33301336426159195,-3.183673469387755,0.5179625402425799,-21.19204709484309,0.3985212383240715,0.730021466497234
5.510204081632653,0.5057462319271695,0.023322968508579178,-0.3362963866173724,-3.020408163265306,0.5151513842580057,-20.230541239060475,0.39146075610519465,0.7296375807496078
5.510204081632653,0.5047763586744167,0.02199503075092473,-0.3388430545473923,-2.857142857142857,0.5135305793368178,-19.2716493556745,0.38728820013236714,0.7282383494175693
5.510204081632653,0.5036568306495057,0.020879538667342854,-0.34006434974041533,-2.693877551020408,0.5129267655415101,-18.314921625292865,0.38505025540559634,0.7266232118878948
5.510204081632653,0.5021037521889886,0.019879475834660734,-0.3411451384817982,-2.5306122448979593,0.512765313748357,-17.36009734849708,0.38421021585793047,0.7243825932947945
5.510204081632653,0.5002924229187655,0.01894483722710833,-0.3418745902282683,-2.36734693877551,0.5130146663463931,-16.407058293891733,0.3846447916581567,0.7217693975392265
5.510204081632653,0.49820507140883774,0.01804187899656882,-0.34243830469612285,-2.204081632653061,0.513546144365937,-15.455744121609337,0.38621715457724953,0.7187579858672621
5.510204081632653,0.49593423200532816,0.017146148332731315,-0.3427072599581979,-2.0408163265306123,0.5143914139387614,-14.506152904114586,0.38849852555513426,0.715481857121163
5.510204081632653,0.49341677739717293,0.016241199728763145,-0.3428609614453541,-1.8775510204081634,0.515441085521459,-13.558293678571156,0.3913423328084984,0.7118499378423149
5.510204081632653,0.4906503578752168,0.015310619366522829,-0.3429415497969287,-1.7142857142857142,0.5166760150178054,-12.61221467555151,0.3947152506091943,0.7078588381169704
5.510204081632653,0.4877032873516616,0.01434337364987245,-0.34275893604843505,-1.5510204081632653,0.5181505864798547,-11.66798243735748,0.3985663627495494,0.7036071140874878
5.510204081632653,0.4844901931531058,0.013323146834951108,-0.3425372651718592,-1.3877551020408163,0.5197879973623165,-10.7256830175449,0.4028839507429813,0.6989715990213217
5.510204081632653,0.4810322967656122,0.012237900001670212,-0.3421883748307544,-1.2244897959183674,0.5216174798565439,-9.785422230319579,0.4076765485586231,0.6939829090511762
5.510204081632653,0.477308126316456,0.011071611234394612,-0.3417350155524745,-1.0612244897959184,0.5236346338188371,-8.847325956854997,0.4129234286725415,0.6886100668127528
5.510204081632653,0.4733004623303698,0.009807437536189447,-0.34116957986432894,-0.8979591836734694,0.5258486114020536,-7.911541785473479,0.4186122559678051,0.6828282298544779
5.510204081632653,0.46824166749309115,0.008387218602946302,-0.3426289048728771,-0.7346938775510204,0.5275436017235806,-6.97820544921988,0.42475864917141903,0.6755299316298613
5.510204081632653,0.4643419379398963,0.006903192241989938,-0.3396901690614609,-0.5714285714285714,0.5309076144375904,-6.0476238383528305,0.4313428997857769,0.669903811142659
5.510204081632653,0.45933387939916703,0.005211713079769658,-0.3387593803578226,-0.40816326530612246,0.5337839395788255,-5.119920071208017,0.43841610726567753,0.6626787099214675
5.510204081632653,0.45392074076584543,0.003317203943175092,-0.3376979882061971,-0.24489795918367346,0.5369149124678035,-4.195398573987384,0.4459936203969162,0.6548692016595297
5.510204081632653,0.44806291253643304,0.0011775945210381294,-0.33647955519202677,-0.08163265306122448,0.5403295517766764,-3.2743727511514815,0.45410138556224666,0.646418141922577
5.510204081632653,0.44170542880134245,-0.0012594688471872586,-0.335089548449995,0.08163265306122448,0.5440571264000734,-2.357210413568384,0.46277466119910904,0.6372462316654306
5.510204081632653,0.4347843743331994,-0.004059824618147499,-0.33350488869812445,0.24489795918367346,0.5481336502514513,-1.4443459632348172,0.4720529155950264,0.6272612607065162
5.510204081632653,0.4272233247303652,-0.007307039660813887,-0.33169498607654535,0.40816326530612246,0.5526019771601937,-0.5362961785520001,0.48198045849975063,0.6163529719405925
5.510204081632653,0.41892955276934196,-0.011108144512155535,-0.3296226155700059,0.5714285714285714,0.5575115224047466,0.36631925788721814,0.4926056770365398,0.6043875882621612
5.510204081632653,0.4097912439949687,-0.015601407492450361,-0.32724006805107225,0.7346938775510204,0.5629189926285901,1.2627509207285812,0.5039790633575234,0.5912037955112606
5.510204081632653,0.3996733278212068,-0.020966883257751995,-0.3244870858437997,0.8979591836734694,0.5688874211508971,2.152084399358204,0.5161497594325971,0.5766067280232434
5.510204081632653,0.38841359638390505,-0.027440670419808022,-0.3212875825691747,1.0612244897959184,0.5754834352883311,3.033193905344333,0.5291871154795222,0.5603623693169077
5.510204081632653,0.3758193422345968,-0.035333894596718665,-0.31754751693545563,1.2244897959183674,0.5827702078569033,3.904681256230889,0.5431964511800815,0.5421927013120049
5.510204081632653,0.3616679088942616,-0.045057406120217344,-0.3131501746428908,1.3877551020408163,0.5907942989835936,4.764796151006657,0.5580808983304186,0.5217764986104334
5.510204081632653,0.3457135758661203,-0.05715198298199537,-0.30795657840902263,1.5510204081632653,0.5995588941030245,5.6113336698275535,0.5737612094396994,0.4987592614700418
5.510204081632653,0.3277102786998809,-0.07232135659814022,-0.3018070727527511,1.7142857142857142,0.608977432900701,6.441506756799786,0.5911685254598033,0.4727859939286576
5.510204081632653,0.3074608540268102,-0.0914583427103565,-0.29453339002713047,1.8775510204081634,0.6187956122784829,7.251797499184662,0.6096807353576682,0.4435722493719654
5.510204081632653,0.28490829268165707,-0.11564127303612762,-0.2859854651195644,2.0408163265306123,0.6284744878537517,8.037805563482317,0.6281922483919277,0.4110357809599674
5.510204081632653,0.2602759856639929,-0.14605648863319629,-0.2760807523510082,2.204081632653061,0.6370434596916217,8.794140860798867,0.6456890971036694,0.3754988737799301
5.510204081632653,0.23422939846789403,-0.18378225921888566,-0.2648744615777847,2.36734693877551,0.6429799708345799,9.51445274948059,0.6606787481645471,0.3379215916000353
5.510204081632653,0.2079553822898237,-0.22938344539412978,-0.25263302579950625,2.5306122448979593,0.6442509531851647,10.191734577512028,0.6712710214430052,0.3000161987556975
5.510204081632653,0.18298859285991775,-0.2823772092163428,-0.23985928279756966,2.693877551020408,0.6386999769075528,10.819035628583714,0.6755422995935593,0.26399673545825264
5.510204081632653,0.16070656245851667,-0.3408460531960076,-0.22721602384798056,2.857142857142857,0.6248207093525658,11.390567050227718,0.6731194011362007,0.23185056069721455
5.510204081632653,0.14175686861916525,-0.4015995759507968,-0.21535051910509168,3.020408163265306,0.6025645553714142,11.902894566253364,0.663701387849894,0.2045119313688173
5.510204081632653,0.12590589576609346,-0.4610031509759492,-0.20471597567604347,3.183673469387755,0.5735630720385476,12.355683889822584,0.6476402980911371,0.18164381144042574
5.510204081632653,0.11243013019631154,-0.5160230060853124,-0.19550027124778785,3.3469387755102042,0.5405205563313531,12.751616103793609,0.6276606749244797,0.16220239128071956
5.510204081632653,0.10062477033274475,-0.5648521031313111,-0.18767584797674214,3.510204081632653,0.5062387908259046,13.09557433204172,0.6063157783830855,0.14517085714964173
5.510204081632653,0.09004276954005408,-0.6069088472869731,-0.18109858948400742,3.673469387755102,0.47291127193739957,13.3935649505137,0.5839729407832505,0.1299042570833433
5.510204081632653,0.08047185174645644,-0.6424645146788689,-0.17558821756067694,3.836734693877551,0.4419079678229759,13.651800969077776,0.561836037538572,0.1160963414457643
5.510204081632653,0.07182650583856698,-0.6722278086658953,-0.17097105300507678,4.0,0.41389035553920345,13.876120171780961,0.5406250998695301,0.10362374377768235
5.755102040816326,0.32119309521818606,0.17784412715807005,0.06134267807009206,-4.0,0.49961858375055196,-26.175797664973043,0.540128136637778,0.4633836856390534
5.755102040816326,0.5092013888252243,0.048985219303623664,-0.27167051724467023,-3.836734693877551,0.5733908425993325,-25.00918133945962,0.4586215385770606,0.7346223184719229
5.755102040816326,0.5116415548687374,0.029645782981674387,-0.32627098479577016,-3.673469387755102,0.5246325047690565,-24.0197975731721,0.40689818736562305,0.7381427339218463
5.755102040816326,0.5149147460847614,0.025327721543595732,-0.3316667346458488,-3.510204081632653,0.5153333421661891,-23.048940210957547,0.38788875397043215,0.742864950657085
5.755102040816326,0.5145065631921331,0.023165129362896275,-0.3381787058321387,-3.3469387755102042,0.510014430439212,-22.08335038748944,0.37724431233997896,0.7422760672221149
5.755102040816326,0.5147513307137064,0.021675978581293078,-0.3394656279309931,-3.183673469387755,0.5082864372775671,-21.121053400868682,0.3715081071359686,0.7426291921116586
5.755102040816326,0.5139035514262134,0.020537344887397908,-0.3413694497656249,-3.020408163265306,0.5070339545394418,-20.160901290146676,0.3679685051573943,0.7414061051378247
5.755102040816326,0.5125970760301397,0.019581358930273067,-0.34291017384111083,-2.857142857142857,0.506400527786494,-19.20259159562129,0.3661492793096628,0.7395212595628653
5.755102040816326,0.511295030666375,0.018707862110857097,-0.34369328909651087,-2.693877551020408,0.5063550890328133,-18.245996624261604,0.3654931652569228,0.7376428051735493
5.755102040816326,0.5096449613562892,0.017896286685235303,-0.34436108042236035,-2.5306122448979593,0.506605943194432,-17.290944477739195,0.36609900054497013,0.7352622583627659
5.755102040816326,0.5077898675299608,0.017112469463699487,-0.34481780454399874,-2.36734693877551,0.5071323002975417,-16.337411522533408,0.3676221286691615,0.7325859236991374
5.755102040816326,0.5057465814557787,0.01633558414605358,-0.34509278935645576,-2.204081632653061,0.5078907017834686,-15.385387371535767,0.3697319512382817,0.7296380850127981
5.755102040816326,0.5034426938984506,0.01555311065767422,-0.34540866337066023,-2.0408163265306123,0.5087901852193782,-14.434888333560059,0.37237812007294435,0.7263142778590743
5.755102040816326,0.5010543690378066,0.014751538512722468,-0.3453157072635284,-1.8775510204081634,0.5099662504890737,-13.48595127389133,0.3754758012527949,0.722868653426592
5.755102040816326,0.4984158645971728,0.01391992789835883,-0.3452585043021272,-1.7142857142857142,0.5112643069627162,-12.538630320930901,0.3790171887672674,0.7190620961547256
5.755102040816326,0.4955799700197552,0.013047616136848239,-0.34508812546749945,-1.5510204081632653,0.5127299171679519,-11.592996282120934,0.3829681460673065,0.7149707651114019
5.755102040816326,0.49252291474392185,0.012123777277063232,-0.34484474771354445,-1.3877551020408163,0.5143499737951606,-10.649135392503462,0.38733297863641625,0.7105603666252338
5.755102040816326,0.4892394757743983,0.011136601720607693,-0.34450938508131973,-1.2244897959183674,0.5161342813235342,-9.707149859208014,0.3921126529666504,0.7058233655068409
5.755102040816326,0.48574106628184643,0.010074645286310968,-0.34402097313064434,-1.0612244897959184,0.5181055964587707,-8.767159019346764,0.39727254240142196,0.7007762274809379
5.755102040816326,0.4819757831485554,0.008921502472879752,-0.3434599697309718,-0.8979591836734694,0.520246227059365,-7.8293005356896,0.4028321928627094,0.6953440721769955
5.755102040816326,0.47793030541282744,0.007660685718224298,-0.3428086636095811,-0.7346938775510204,0.5225695531877727,-6.893733105779725,0.40879433455793196,0.6895076815096335
5.755102040816326,0.4735825578070043,0.006271847373912969,-0.3420518757766894,-0.5714285714285714,0.5250926260377612,-5.960639269779803,0.41517595269666513,0.6832352075996764
5.755102040816326,0.4689039312116037,0.004730664465464139,-0.34118206064432843,-0.40816326530612246,0.5278313741723569,-5.030229366255329,0.42199497833653893,0.67648537621232
5.755102040816326,0.46386036805295805,0.003007548265942929,-0.3401893811509088,-0.24489795918367346,0.530805374875194,-4.1027465183929825,0.4292749868561919,0.6692090526549319
5.755102040816326,0.458411882207548,0.0010661955490722161,-0.3390598314358342,-0.08163265306122448,0.5340386514891273,-3.1784729877051503,0.43704418117772265,0.6613485491454054
5.755102040816326,0.4525100077145099,-0.0011384367666070286,-0.337779573435927,0.08163265306122448,0.5375584051707171,-2.257738273585213,0.44533580029618947,0.6528339440823494
5.755102040816326,0.44609845970255324,-0.0036626187203340527,-0.336325822970026,0.24489795918367346,0.541398687667387,-1.3409294783986732,0.45418776105706,0.6435840355610782
5.755102040816326,0.43910879355770915,-0.0065774262793178995,-0.334672946899058,0.40816326530612246,0.5455986390726455,-0.4285046444303085,0.463643149437623,0.633500078876442
5.755102040816326,0.4314586848793398,-0.009973354008861028,-0.33278853646148976,0.5714285714285714,0.5502040689071858,0.4789899842225512,0.4737495880247521,0.6224633050238975
5.755102040816326,0.4230487577624513,-0.013966649574868864,-0.3306311595167492,0.7346938775510204,0.5552681790453186,1.3808974814532178,0.48455841325742754,0.6103303448781254
5.755102040816326,0.41375839004660153,-0.01870785587790678,-0.3281495433178579,0.8979591836734694,0.560851079814609,2.276420799572899,0.49612243893539887,0.5969271774464335
5.755102040816326,0.40344208670209647,-0.02439346939679164,-0.32527762717533476,1.0612244897959184,0.5670193393827188,3.164584048536237,0.5084922228419361,0.5820438977710087
5.755102040816326,0.3919246507634251,-0.0312815517257965,-0.3219337089192331,1.2244897959183674,0.5738415615754419,4.044181465451839,0.5217915461259646,0.5654277500585319
5.755102040816326,0.37899852471977824,-0.03971248903745517,-0.3180163525432439,1.3877551020408163,0.5813803670304084,4.91371029107877,0.5360091282800946,0.5467792921174572
5.755102040816326,0.36442500758769714,-0.05013560154300208,-0.31340090792530706,1.5510204081632653,0.5896759122589591,5.7712832278850446,0.5510960401481734,0.5257541512226935
5.755102040816326,0.34794399683388666,-0.06314088904021686,-0.30794012082368644,1.7142857142857142,0.5987140552375784,6.614516498113576,0.5670104090037289,0.501977078739333
5.755102040816326,0.3293021793899842,-0.07949161642217806,-0.3014683388786872,1.8775510204081634,0.6083712066506715,7.440392265984576,0.5850901561140212,0.4750826211598578
5.755102040816326,0.3083127194970052,-0.10014475130560266,-0.2938167916504143,2.0408163265306123,0.6183241822010194,8.245102357729564,0.6036749964968752,0.444801231461319
5.755102040816326,0.2849617469324046,-0.126230219595968,-0.2848462878855104,2.204081632653061,0.627919736379132,9.023898885081138,0.6220707409495936,0.41111289914243576
5.755102040816326,0.259563645437485,-0.15893647891344576,-0.27450337616923404,2.36734693877551,0.6360230506999592,9.77101247924348,0.639151433680004,0.3744711840677204
5.755102040816326,0.23292022169143523,-0.19923418241063234,-0.26289564219039235,2.5306122448979593,0.640924651959455,10.479749819015703,0.653312361143536,0.33603284875699124
5.755102040816326,0.20635396487727387,-0.24740775550676736,-0.2503578314127723,2.693877551020408,0.6404698878236362,11.142923030877455,0.662616480099123,0.2977058417962182
5.755102040816326,0.1814408700269683,-0.3025187580005472,-0.2374534932714809,2.857142857142857,0.6325853971449306,11.753722052426866,0.6652480097251553,0.2617638434024854
5.755102040816326,0.1594384203863839,-0.3621537437145522,-0.22486549082964213,3.020408163265306,0.6161406996669246,12.306931919477764,0.6617124535899641,0.23002101841860556
5.755102040816326,0.14077870857232377,-0.42283004599853385,-0.21320579119620583,3.183673469387755,0.5916476278641651,12.800072494402944,0.65085283932246,0.2031007447200448
5.755102040816326,0.125078992169523,-0.4809895159442554,-0.20285805898031292,3.3469387755102042,0.5612006322842947,13.233900507632503,0.6339552496415705,0.18045084172236026
5.755102040816326,0.11161082663765609,-0.53397416733906,-0.19394418315987424,3.510204081632653,0.5276548180571944,13.61202502312176,0.6146139205601078,0.1610203860996644
5.755102040816326,0.09974684259581346,-0.5804306415693377,-0.18639660107400585,3.673469387755102,0.4936698468471972,13.939913422759489,0.5935588740123731,0.14390427515731163
5.755102040816326,0.08911215139735185,-0.6201312539148286,-0.18005606350672324,3.836734693877551,0.46116681265311843,14.223804973018375,0.5718809480385634,0.12856165890390514
5.755102040816326,0.07952794106851324,-0.6535485544038575,-0.1747419152422199,4.0,0.4312552950027216,14.46989042832033,0.5506049845017724,0.11473456619165345
6.0,0.519700236999727,0.045547886956121365,-0.2819207937668278,-4.0,0.5635564748734769,-25.90462355751663,0.431969718211065,0.7497689546683257
6.0,0.525358172409214,0.027257505889776695,-0.3153743934107016,-3.836734693877551,0.5202991032738046,-24.917386824496077,0.3833256378130706,0.7579316300252614
6.0,0.5231896989909159,0.02325055490441514,-0.3358380638351219,-3.673469387755102,0.5078816661725744,-23.947434427581673,0.3670690341578423,0.7548031841783844
6.0,0.5232746565844126,0.0214141967092591,-0.3397665319072761,-3.510204081632653,0.5040464189614651,-22.981578125018515,0.3582442442014354,0.7549257520772072
6.0,0.5227556579196435,0.020170213901039315,-0.34230952027899403,-3.3469387755102042,0.5020339792181402,-22.0183336861989,0.35308550635962177,0.7541769952773167
6.0,0.5217969040297883,0.01919078644838723,-0.344282488105121,-3.183673469387755,0.5008984762045043,-21.057022183333242,0.35012129968067185,0.752793805794989
6.0,0.5207728646367029,0.018356457970753613,-0.34524789918420273,-3.020408163265306,0.5005237873350838,-20.09733309979134,0.34862498225218697,0.7513164292409109
6.0,0.5197697721354808,0.017620547504928284,-0.3451491537121409,-2.857142857142857,0.5007678145574351,-19.13908813367711,0.34817638372368903,0.7498692726638443
6.0,0.5178311569137255,0.01690008588150322,-0.3470119971348659,-2.693877551020408,0.5006191553420439,-18.182253453034026,0.34896540695983985,0.7470724420972279
6.0,0.5163240052320688,0.01621923507508825,-0.34698920877878764,-2.5306122448979593,0.5012657806463269,-17.226742113654474,0.35041427546344794,0.7448980818402324
6.0,0.5145129277730118,0.0155437942046822,-0.3471854190027385,-2.36734693877551,0.5019860160035653,-16.272561790511325,0.3523978160773558,0.7422852493713861
6.0,0.5124513223571927,0.01486320113637867,-0.34749153691611484,-2.204081632653061,0.5028010221831749,-15.319726485722082,0.3548560048558516,0.7393109814617134
6.0,0.5103732397703651,0.014170019072818578,-0.3472812342962047,-2.0408163265306123,0.5039153861172491,-14.368266577288955,0.3577277416266452,0.736312942019139
6.0,0.5079624745350009,0.013449794330831297,-0.3474464794318986,-1.8775510204081634,0.5050181040711456,-13.41822821508511,0.36098760580018585,0.7328349429693319
6.0,0.5051944474429766,0.012713227244503284,-0.3481147633187156,-1.7142857142857142,0.5060625131652973,-12.469557130116916,0.36442158298829014,0.7288415240106221
6.0,0.5027190499193888,0.011905977648124701,-0.3471940566807018,-1.5510204081632653,0.5077638803681863,-11.522659946087046,0.36861816439868766,0.7252702802791133
6.0,0.49693516846316466,0.011059786205841091,-0.3527934826982632,-1.3877551020408163,0.5068794298197603,-10.576181241031337,0.3730175012514331,0.7169259031851283
6.0,0.4967679638735165,0.010164839141746675,-0.3464919396995952,-1.2244897959183674,0.5111177092156544,-9.633643073027846,0.37766940308847613,0.7166846779528293
6.0,0.4934618470289427,0.009192941545935243,-0.3460356785501505,-1.0612244897959184,0.5130150197142399,-8.69184408123834,0.3827242944647575,0.7119149595765641
6.0,0.4899244117734278,0.00813740160726877,-0.3455077087932144,-0.8979591836734694,0.5150650432789169,-7.7520168584102125,0.3881269128536134,0.7068115192759667
6.0,0.48613526900070503,0.006983326661830769,-0.34488150345974194,-0.7346938775510204,0.5172896374624426,-6.814307536433102,0.39390197830165424,0.7013449417885389
6.0,0.4820680273943785,0.005712952794360063,-0.3441706897981111,-0.5714285714285714,0.5196932789860237,-5.878883363409511,0.4000593479634581,0.6954771524929955
6.0,0.4776994637044336,0.004305014915126962,-0.3433593105021884,-0.40816326530612246,0.522294445868831,-4.945935921880448,0.40661837204141194,0.6891746473217029
6.0,0.47300055746358516,0.00273378291308917,-0.342434311018156,-0.24489795918367346,0.525112581955951,-4.0156855187121065,0.4136008889636126,0.6823955585904291
6.0,0.46793281610543835,0.0009678112853920443,-0.3413898242407833,-0.08163265306122448,0.5281677019633125,-3.088386666757577,0.42103504559236327,0.6750843532645234
6.0,0.46245443323599233,-0.0010317344084101216,-0.34020910347990985,0.08163265306122448,0.5314863382970542,-2.164335020820717,0.4289517549176167,0.6671807174666826
6.0,0.45651460887782913,-0.0033131408445120952,-0.3388740882162657,0.24489795918367346,0.5350989515735399,-1.2438762000880537,0.43738735579307986,0.6586113623214076
6.0,0.4500522936088267,-0.005937096194219592,-0.33736265568361173,0.40816326530612246,0.5390413566800338,-0.32741707514116875,0.44638298025709333,0.6492882121301573
6.0,0.4429947661670586,-0.008980313985944724,-0.33564642346962853,0.5714285714285714,0.5433556074081295,0.5845596970874053,0.455984319142895,0.639106352288981
6.0,0.4352538754824409,-0.012540848529212651,-0.33368972308073463,0.7346938775510204,0.5480908712563637,1.4914768295020895,0.46624180281664895,0.6279386076862195
6.0,0.42672287932725816,-0.016744941127554962,-0.33144800565437926,0.8979591836734694,0.5533036011831224,2.392637817540967,0.47720890902800633,0.6156309818392942
6.0,0.41727225030793424,-0.021756466915545145,-0.32886391483450356,1.0612244897959184,0.5590580648897884,3.28719467654508,0.488940910416259,0.6019966062198354
6.0,0.40674497636435114,-0.027789713777187783,-0.3258681074849475,1.2244897959183674,0.5654229812604646,4.1741054367307004,0.5015084905356478,0.5868089603073483
6.0,0.39495243416844406,-0.035126520368882246,-0.3223718722161713,1.3877551020408163,0.5724687245304663,5.052078069954443,0.5150204836415131,0.5697959181618382
6.0,0.3816716821752626,-0.04413884038307541,-0.31826609064657185,1.5510204081632653,0.5802561044765406,5.91949675834182,0.5294254104989238,0.5506358431219995
6.0,0.36664785110870546,-0.05531719017155596,-0.31341847132953976,1.7142857142857142,0.5888162645047561,6.774325993347034,0.5446911529507361,0.5289610365471242
6.0,0.3496076691780903,-0.06930360810516498,-0.3076736687527471,1.8775510204081634,0.5981132468258125,7.613988797003002,0.5612922327499482,0.5043772505799802
6.0,0.33029373540069007,-0.08692247913105036,-0.30086323770817547,2.0408163265306123,0.6079781500809295,8.43521931243937,0.5795114412610989,0.4765131340992661
6.0,0.30853772296606574,-0.10919295040298585,-0.2928192122334011,2.204081632653061,0.6180074848087058,9.233900850656815,0.5981155338632709,0.4451258428503153
6.0,0.2843818317767426,-0.13728550468045053,-0.2834190721866477,2.36734693877551,0.6274184457837355,10.004924100383725,0.6163184271639939,0.410276258423226
6.0,0.25824782375236777,-0.17236341296200447,-0.2726456944221218,2.5306122448979593,0.6349001755536171,10.742142263434802,0.6328795399797265,0.3725728546479079
6.0,0.23108430330584206,-0.21524128737966738,-0.2606652361244034,2.693877551020408,0.6385639422166317,11.438554921715422,0.6460930479247416,0.3333841784066194
6.0,0.20433750502823833,-0.2658638147125824,-0.24788190819215333,2.857142857142857,0.6361815793167772,12.086880350321055,0.6540098268589034,0.2947967051718634
6.0,0.17958511944108912,-0.322804872079058,-0.23491107833074518,3.020408163265306,0.6258525363499418,12.680587052158662,0.6554509883392828,0.25908656123511165
6.0,0.15792509706531788,-0.38319819721000165,-0.22243908462716547,3.183673469387755,0.6069038718598502,13.215180610216285,0.6503543384167492,0.22783775436804188
6.0,0.1395745855131818,-0.4433869354147869,-0.2110285157110332,3.3469387755102042,0.5804076458471307,13.689219264458531,0.6382265631224139,0.2013635623539991
6.0,0.12403625145405628,-0.5000100670788672,-0.20099033445074016,3.510204081632653,0.5488287121365348,14.10452732616188,0.6210783865694378,0.17894648486322273
6.0,0.11060235617594194,-0.5508350252014977,-0.1923863318326303,3.673469387755102,0.515061085980736,14.465532315438258,0.6020833225293553,0.15956547076566618
6.0,0.09872210136606285,-0.594936480101144,-0.18511634587755135,3.836734693877551,0.481560209678301,14.778152682971498,0.5814163168646149,0.1424258860669565
6.0,0.08807995370968036,-0.632383307170746,-0.17901113653872405,4.0,0.44997045717835105,15.04875360702043,0.5604337832638296,0.12707251241868578
