U,E_p,m_cdw,m_sdw,V,S,E_GS,Coh,E_p_bits
-6.0,0.00744712114828272,0.39614361134236464,0.2901758894455201,-4.0,0.23342774266185945,-36.573233777074336,0.2518315450164109,0.0107439247495269
-6.0,0.005087624851562111,0.3968754545631114,0.2897096939598384,-3.836734693877551,0.23450193748209056,-35.61227127294521,0.2531961746600866,0.00733989114325162
-6.0,0.022503788425931148,0.39266720092356233,0.28689768158014817,-3.673469387755102,0.2437994570004049,-34.651869720230884,0.26681780586640425,0.032466103963305404
-6.0,0.00875825247317974,0.39698185386187684,0.2878248646367081,-3.510204081632653,0.2397859338149062,-33.69372967369553,0.2592922853315222,0.012635487409909718
-6.0,0.007903509520077012,0.39711547982231643,0.2867282997274524,-3.3469387755102042,0.2425737495058841,-32.738393965998156,0.2694750309865341,0.011402353990233927
-6.0,0.00857431637134698,0.39738217945361626,0.2855309394031117,-3.183673469387755,0.24568470214713006,-31.783999246384475,0.27501620172115715,0.012370123707955205
-6.0,0.009317014561586623,0.3977206808254189,0.2841792484400113,-3.020408163265306,0.2491348946036797,-30.83177704011768,0.2808842234098751,0.013441610703891271
-6.0,0.00994845843043124,0.3981818586511321,0.28266662797668457,-2.857142857142857,0.2529099173208758,-29.88201739770966,0.2869586150019725,0.014352591642073254
-6.0,0.01523138633387422,0.3975923868087925,0.2804848851426054,-2.693877551020408,0.2588812564282141,-28.93492779017717,0.296770387376339,0.021974245529744696
-6.0,0.018032219491631807,0.3977399565069674,0.278323070750284,-2.5306122448979593,0.26437275702788254,-27.991076208928973,0.30489003160561196,0.0260149936367986
-6.0,0.0143885275101443,0.3997604796856165,0.2765204827567705,-2.36734693877551,0.2678570147036158,-27.051199029955363,0.3092278053463583,0.020758257284579695
-6.0,0.015709841523133372,0.400681914489212,0.27390394029316106,-2.204081632653061,0.273877082527501,-26.115335081753564,0.3171794284143584,0.02266451045857565
-6.0,0.022737541411645745,0.4003912628966602,0.27038555175942297,-2.0408163265306123,0.28264495754887936,-25.18417317363984,0.3292250502944877,0.032803338236588875
-6.0,0.021203290761272253,0.40249539143468277,0.2671876987921015,-1.8775510204081634,0.2890585004712677,-24.25902575386636,0.33635928511158963,0.030589882431814264
-6.0,0.024996695137625258,0.4035300609094093,0.26299702334580816,-1.7142857142857142,0.2982208056702598,-23.34029402468515,0.3472027026172688,0.03606260811366546
-6.0,0.02979713822068364,0.4045813815439991,0.25812725725853347,-1.5510204081632653,0.30863368379764555,-22.429257731923624,0.3590559088273208,0.04298818354366318
-6.0,0.036001096511179886,0.4055158173466221,0.25247339609779773,-1.3877551020408163,0.32049807976369954,-21.527235922305756,0.3721408339780296,0.05193860340324452
-6.0,0.04403730483429613,0.40612683307459196,0.24593988343016204,-1.2244897959183674,0.33403156374202314,-20.635820919420212,0.3866805675100984,0.06353240129855475
-6.0,0.05487193164915616,0.40592549340732936,0.23842137621441523,-1.0612244897959184,0.3496907890626191,-19.756985720312695,0.403245628145446,0.07916346367423577
-6.0,0.07017322947940152,0.4039362338445439,0.22982533647965847,-0.8979591836734694,0.3683801588871692,-18.893323728599093,0.42281184286236156,0.10123857017309579
-6.0,0.0934465325854481,0.3979524654647596,0.22006416224091216,-0.7346938775510204,0.3922828920180813,-18.048670106582087,0.44728943309617497,0.13481484914929487
-6.0,0.13264321352815456,0.38237157806868155,0.20906193301909273,-0.5714285714285714,0.4270928255943459,-17.229916150742998,0.4803088288864056,0.1913637063646445
-6.0,0.20407845012133286,0.34159735924499557,0.19695296528141798,-0.40816326530612246,0.4870249720427057,-16.452786764404355,0.5267125835647541,0.29442296794235245
-6.0,0.314045108991051,0.23956111030642982,0.18542578915952915,-0.24489795918367346,0.5873355388711584,-15.757770724387823,0.5767394746102461,0.45307132135682293
-6.0,0.3810893776578932,0.0761744428320061,0.17865430071328484,-0.08163265306122448,0.6629716951460258,-15.209596174615747,0.6107706589364514,0.5497957552825041
-6.0,0.3830226783195798,-0.06664144036993291,0.1747916223633196,0.08163265306122448,0.6648563165844965,-14.803077763075201,0.6108951899022705,0.5525849185596665
-6.0,0.36693805159608894,-0.18366200589364762,0.16993872919916234,0.24489795918367346,0.6399799310459623,-14.478639491526234,0.5974795931627603,0.5293797073511364
-6.0,0.33826916327283096,-0.2912665994334289,0.1635187532328975,0.40816326530612246,0.6031031186110173,-14.205809430654194,0.5778011790143825,0.4880192443393727
-6.0,0.2986569446992233,-0.38974524485609596,0.1560571609215882,0.5714285714285714,0.5577744756242603,-13.974415040450495,0.5542099677118122,0.4308708930446188
-6.0,0.25377483774772447,-0.47411775370910725,0.14835670994570777,0.7346938775510204,0.5094565853429147,-13.779430142516182,0.5312068134094275,0.3661196999210432
-6.0,0.2100507071183506,-0.5418048231997987,0.14110789079026165,0.8979591836734694,0.46385725845127174,-13.616071043652862,0.5082042259371572,0.3030391134948651
-6.0,0.1715794693571433,-0.5938789064828449,0.1346975187651598,1.0612244897959184,0.424331142620996,-13.47923658607869,0.4854038235653729,0.24753684955991018
-6.0,0.13971201979793246,-0.6332550003145128,0.12923950502725684,1.2244897959183674,0.3917379638172118,-13.364058812831464,0.4641509689343041,0.20156183811505768
-6.0,0.11412061656538608,-0.6630204178998569,0.12468800728040419,1.3877551020408163,0.36552027841392964,-13.266330568955919,0.4449870838176718,0.16464124758207355
-6.0,0.09382839119755215,-0.6857265604213466,0.12092995363288259,1.5510204081632653,0.34462595111711547,-13.182623611983685,0.4279767387715799,0.135365754675298
-6.0,0.07777261957715376,-0.7032818302208103,0.11783718961236848,1.7142857142857142,0.3279801275495071,-13.110225531785828,0.41296219968659587,0.1122021725809037
-6.0,0.06502308347498897,-0.7170588969006818,0.11528994306975462,1.8775510204081634,0.3146574632321754,-13.047015390592144,0.3997080674594658,0.0938084800726755
-6.0,0.054833876372529344,-0.7280328671173156,0.11318527007666682,2.0408163265306123,0.30391723957142086,-12.991337594226934,0.387972280479851,0.07910856151536683
-6.0,0.04662687519708175,-0.7368998104525335,0.11143781631496112,2.204081632653061,0.29518443499295144,-12.94189477701043,0.3775322405293259,0.0672683616189782
-6.0,0.03995962281773302,-0.744161953601305,0.1099805893492769,2.36734693877551,0.28801405732668295,-12.897663437949992,0.3681941560035881,0.05764954967493674
-6.0,0.03448583444521525,-0.7501400460368022,0.10876358808100013,2.5306122448979593,0.2822337476086891,-12.857772404129932,0.35994091535057476,0.049752542335030014
-6.0,0.029993626588621813,-0.7552274350901398,0.10772352832021848,2.693877551020408,0.27711155653892394,-12.821737601755546,0.35220772246141285,0.04327165633768004
-6.0,0.026181462611238437,-0.7595818165728916,0.10688965898147992,2.857142857142857,0.2731774154925267,-12.788660574031928,0.3450720169700774,0.03777186627245355
-6.0,0.02308693001472628,-0.7631688715031073,0.10610238590932472,3.020408163265306,0.26926360739122185,-12.758751945055288,0.3389311339423356,0.03330739944159644
-6.0,0.020440506562450667,-0.766365634138994,0.1054642460048256,3.183673469387755,0.26577017063230757,-12.730792452420467,0.3323999509366711,0.029489417450906164
-6.0,0.0181827474176377,-0.7690493762377876,0.10489866301720965,3.3469387755102042,0.26370487076662463,-12.705525249022692,0.32792259135093704,0.02623215952916258
-6.0,0.01633810293774718,-0.7714792290058565,0.10437813298739422,3.510204081632653,0.261939165382585,-12.681545729882417,0.32276473338612177,0.023570900085821744
-6.0,0.014616841993766228,-0.7735547143804649,0.10399448329457157,3.673469387755102,0.25938019813850294,-12.659837377132003,0.31844179714308685,0.021087645457864124
-6.0,0.013170382812949244,-0.7754147870325138,0.1036278857679284,3.836734693877551,0.257789933806047,-12.639293578396897,0.314283857321033,0.019000845970850833
-6.0,0.011988450611521762,-0.7770824172053524,0.10330300127047201,4.0,0.2564179014541935,-12.619960379886333,0.31017221936505757,0.017295678245185186
-5.755102040816326,0.007137552861275376,0.39610454119628713,0.2903151049183021,-4.0,0.2335438442057188,-36.087985285883306,0.2480979900348282,0.010297312117045099
-5.755102040816326,0.007014469470600693,0.39597392029438444,0.28944937917399366,-3.836734693877551,0.23589626064948682,-35.12809593681865,0.25766379714147497,0.01011974031970242
-5.755102040816326,0.006347998823137635,0.39633473935341634,0.2887149023464201,-3.673469387755102,0.2378308354856647,-34.16875460896152,0.2612811406013491,0.009158226421709603
-5.755102040816326,0.006214288247928357,0.3966281608977925,0.28783256722966344,-3.510204081632653,0.2401757714987073,-33.21094812917027,0.2655146769323713,0.008965322837940715
-5.755102040816326,0.008561510859134813,0.396402160099003,0.28657172708309536,-3.3469387755102042,0.24368975143091517,-32.25491804366258,0.2727016441645296,0.012351649258990793
-5.755102040816326,0.008535134592050797,0.3967947347988866,0.2854348698517223,-3.183673469387755,0.2466198588289986,-31.30081356793976,0.2777893033537845,0.012313596349271538
-5.755102040816326,0.010498962893610075,0.3967855172623421,0.2839409934529607,-3.020408163265306,0.2506220383984655,-30.348888027387154,0.28488543649531645,0.015146801701088286
-5.755102040816326,0.09712518342194976,0.37272103306970106,0.27214035801598657,-2.857142857142857,0.2925512803764095,-29.38502615260109,0.30162114774262117,0.14012202046827804
-5.755102040816326,0.018832468905794597,0.3958898077182918,0.2799318007286896,-2.693877551020408,0.2615579753185371,-28.452551325934174,0.3019109085947357,0.027169509498085276
-5.755102040816326,0.012213499348771917,0.398448126542026,0.27872212609498737,-2.5306122448979593,0.2634728871242384,-27.509559126978235,0.30454930594971974,0.017620354942374128
-5.755102040816326,0.01373803974584975,0.39905528846456306,0.2763774041495662,-2.36734693877551,0.2691192956909939,-26.569929842572137,0.31260344520791566,0.019819801812873017
-5.755102040816326,0.01566547242803007,0.3997460103156486,0.27366376925327185,-2.204081632653061,0.2755313358804026,-25.634580448589663,0.32135012654124656,0.022600499385101447
-5.755102040816326,0.017976895663898373,0.40055281183599173,0.27052690286870024,-2.0408163265306123,0.2827770829373252,-24.704180432308238,0.3307556260453169,0.025935178224884226
-5.755102040816326,0.020949919507508685,0.40142647069738624,0.26687654524105336,-1.8775510204081634,0.2910387440557609,-23.779525028990946,0.3410387494018171,0.030224344980505524
-5.755102040816326,0.024676850679452578,0.40236008639908094,0.2626336840475773,-1.7142857142857142,0.30042803947380203,-22.86156052671518,0.35223592751472366,0.03560117010000363
-5.755102040816326,0.029426674658364904,0.4032827828924721,0.25769947486677225,-1.5510204081632653,0.31111536295584785,-21.951415223716573,0.36450149682995275,0.042453717599475915
-5.755102040816326,0.035625265034259446,0.40404319594242494,0.25196605560309876,-1.3877551020408163,0.323322206433913,-21.050440989428605,0.3780902319408626,0.05139639319528122
-5.755102040816326,0.04372029025503843,0.4044133929964152,0.24533533495287788,-1.2244897959183674,0.33728864688054694,-20.1602765896913,0.39324073755575556,0.0630750459371705
-5.755102040816326,0.05471170478845844,0.40386513539530855,0.2377000953570308,-1.0612244897959184,0.3535116144241738,-19.28296572882371,0.41055720470023904,0.07893230517689043
-5.755102040816326,0.07035143750275763,0.4013439425537154,0.22896465811057287,-0.8979591836734694,0.3729785837501606,-18.42121936313851,0.4310730403260683,0.10149567000463833
-5.755102040816326,0.09428334331928778,0.3944820125653905,0.21903990632847084,-0.7346938775510204,0.3980353073469626,-17.579090432585218,0.4567755412368316,0.13602211184516877
-5.755102040816326,0.13454423379426017,0.37735935325783043,0.2078599638963324,-0.5714285714285714,0.4346301563598283,-16.763913288903737,0.49129421334200524,0.19410629887518427
-5.755102040816326,0.20653234537170806,0.3340192753622587,0.1956266383758016,-0.40816326530612246,0.4967729697060393,-15.992273467509134,0.5388280471024376,0.29796319045093034
-5.755102040816326,0.31142978553851575,0.23088425478870594,0.18421484215754272,-0.24489795918367346,0.5955262332759682,-15.305003309994564,0.5870439010029707,0.44929820718153035
-5.755102040816326,0.3718340880964923,0.07336663828240489,0.17760839452237315,-0.08163265306122448,0.6656451400372561,-14.761718948091712,0.6201270732613506,0.5364431949302801
-5.755102040816326,0.37396036155791923,-0.06490123407035527,0.17378316001590371,0.08163265306122448,0.6671095415722996,-14.354108608032975,0.6200654657649,0.5395107591086541
-5.755102040816326,0.3593627872582752,-0.18003455733659487,0.16902076332046004,0.24489795918367346,0.6429831994357506,-14.0267678343404,0.6063248708078385,0.518450911057549
-5.755102040816326,0.3325423130938965,-0.28650643430582046,0.16272968292532874,0.40816326530612246,0.6069882298867334,-13.750889548528667,0.5863494997534549,0.4797571459863095
-5.755102040816326,0.29484598870949275,-0.38443914533770507,0.15540176373045753,0.5714285714285714,0.5625249498727882,-13.516499004139662,0.5623968655173459,0.42537284573718814
-5.755102040816326,0.25154359200031884,-0.4688991663932958,0.14781547805135803,0.7346938775510204,0.5147804101301743,-13.31862897457566,0.5384967151188502,0.36290069274625614
-5.755102040816326,0.20886284283314427,-0.5371079689524716,0.1406540715087536,0.8979591836734694,0.469351103673294,-13.15258453156632,0.5151868161203468,0.30132538758134864
-5.755102040816326,0.17096382003505162,-0.5898612690868834,0.13430943892329833,1.0612244897959184,0.4296839139083334,-13.013330292288046,0.4919907364984863,0.24664865533600233
-5.755102040816326,0.13936474400569687,-0.6298929163040887,0.12890278469666594,1.2244897959183674,0.3967832393974771,-12.89601625749036,0.47029311970671805,0.20106082505177847
-5.755102040816326,0.11388026171618981,-0.6602184697459699,0.12439325871869393,1.3877551020408163,0.37019645194954987,-12.796418762619917,0.4506751893085613,0.16429448883308417
-5.755102040816326,0.0936207920662473,-0.6833792314820794,0.12067054063895441,1.5510204081632653,0.34892757677241415,-12.71107818166223,0.43322781099218904,0.1350662524380719
-5.755102040816326,0.07756867053908922,-0.7012969200796527,0.11760801543563856,1.7142857142857142,0.3319268041332788,-12.637248210079127,0.41780675674593953,0.11190793631509388
-5.755102040816326,0.06481498305008992,-0.7153622818805692,0.11508654380533749,1.8775510204081634,0.31827819826798753,-12.572776937933623,0.404181229029106,0.09350825462166723
-5.755102040816326,0.05462160455701426,-0.7265689815447859,0.11300425816272452,2.0408163265306123,0.3072407659552655,-12.515982360592144,0.39210871174883205,0.07880231801980253
-5.755102040816326,0.04641076076151829,-0.735621567451114,0.11127597925396235,2.204081632653061,0.2982457023395164,-12.465544901738975,0.3813715047942303,0.0669565743945264
-5.755102040816326,0.039749169752560265,-0.7430400493704795,0.10983547898988444,2.36734693877551,0.29083198303220537,-12.42042383087809,0.37175603939310864,0.05734593008147204
-5.755102040816326,0.0342970922429886,-0.7491859869626232,0.10862545931620952,2.5306122448979593,0.28468133906280346,-12.379788802707122,0.3631173605195502,0.04948024489587066
-5.755102040816326,0.029797857174275855,-0.7543439412291342,0.10760866609027904,2.693877551020408,0.27957427421880865,-12.342944687265147,0.35528015999080187,0.042989220774445336
-5.755102040816326,0.026053404928737978,-0.7587057251192296,0.10674021180810492,2.857142857142857,0.2751405875518255,-12.309440281267555,0.3481989139012519,0.03758711808896198
-5.755102040816326,0.02292122773492178,-0.7624382095267838,0.10600012760660449,3.020408163265306,0.271434323994458,-12.278745178127526,0.3417329412281125,0.03306834158425831
-5.755102040816326,0.020316522082433952,-0.7657016028548356,0.10536716603839932,3.183673469387755,0.26849231081961167,-12.250280950630032,0.3355087754951204,0.029310545656438425
-5.755102040816326,0.01803873469528061,-0.7684516071319275,0.1048177954431168,3.3469387755102042,0.26545129976277776,-12.224470280078712,0.33031364277757264,0.02602439308879312
-5.755102040816326,0.01612129519754002,-0.7709082237619236,0.10432931555910122,3.510204081632653,0.26316812229234576,-12.200299664237875,0.32527263595987155,0.023258112634197747
-5.755102040816326,0.014474336141608868,-0.7730520262535181,0.10392844417219751,3.673469387755102,0.26091653376998997,-12.177901049680298,0.32058430515004405,0.020882052971658904
-5.755102040816326,0.013045844157321573,-0.7749600637593506,0.10356713450526618,3.836734693877551,0.25887897825173223,-12.156981181013315,0.3161422157453654,0.018821174669978458
-5.755102040816326,0.011841022199844398,-0.7766712345259534,0.10324576153650315,4.0,0.25751863178148016,-12.137401640333072,0.31216537428181484,0.017082984006771884
-5.510204081632653,0.005577191874707621,0.3956556184979547,0.2902626590807989,-4.0,0.2340986875170213,-35.60464192920584,0.25435602929934453,0.008046187059727483
-5.510204081632653,0.00739951838837416,0.39538900683240696,0.28934766682407403,-3.836734693877551,0.23678177129402594,-34.64417399231574,0.2603710830156876,0.010675248483873911
-5.510204081632653,0.005900448292666782,0.39591028643978854,0.28868555082898145,-3.673469387755102,0.23846059099381897,-33.68504132105103,0.2629557711124911,0.008512547490852285
-5.510204081632653,0.0073088871227005026,0.3958178310375252,0.28763557031758336,-3.510204081632653,0.24144009149127302,-32.72755952342557,0.2693734610916903,0.010544495206337157
-5.510204081632653,0.008352057748739261,0.3958523967953499,0.2865028339463421,-3.3469387755102042,0.2445504862130285,-31.771794619718584,0.27530560431506224,0.012049472295324382
-5.510204081632653,0.008511132545063305,0.3961594530199841,0.28533329124598295,-3.183673469387755,0.24762736174009764,-30.817996536085253,0.28070471470233516,0.012278968715111915
-5.510204081632653,0.009535023522181385,0.39633764285055373,0.2839189758625452,-3.020408163265306,0.2513632421994445,-29.86642722811279,0.28720410019576004,0.013756131150210571
-5.510204081632653,0.01117431290995996,0.39645102499577467,0.28226362943703753,-2.857142857142857,0.2557127801423723,-28.917370161954693,0.2945059149347229,0.01612112582054115
-5.510204081632653,0.012653139548169268,0.3967161925964999,0.2804191896502288,-2.693877551020408,0.26044826807105803,-27.971183763685737,0.302008505587669,0.018254621677820104
-5.510204081632653,0.012260283849036657,0.3975729731916228,0.2785259706097293,-2.5306122448979593,0.2649591966584776,-27.02831054173622,0.30841981657533857,0.017687850708896224
-5.510204081632653,0.011825073384599927,0.3986046789068739,0.27635847900956756,-2.36734693877551,0.270012156043001,-26.089118828395613,0.3146608784283695,0.01705997473011056
-5.510204081632653,0.01558750525085606,0.3987427570053784,0.2734094970156707,-2.204081632653061,0.27730647124632435,-25.15439864148929,0.3257143642272091,0.022488016525240795
-5.510204081632653,0.01783213349383428,0.3994695779342936,0.2702337125221302,-2.0408163265306123,0.2847346700021454,-24.22463637644949,0.33542080610184477,0.02572633056002438
-5.510204081632653,0.02079186380531506,0.4002339930188931,0.2665307600991449,-1.8775510204081634,0.2932301419558053,-23.300708090988095,0.34608325533357776,0.02999631880276743
-5.510204081632653,0.02441926211295309,0.40106107819372766,0.26223345260738223,-1.7142857142857142,0.30286075104521776,-22.38358060647673,0.35764354218005356,0.0352295483525249
-5.510204081632653,0.029152342554320976,0.401827907693476,0.25722592437626135,-1.5510204081632653,0.31386641077367017,-21.474408919888177,0.3703890568554598,0.04205794003341534
-5.510204081632653,0.03530365935803714,0.4024035132583997,0.2514078981670923,-1.3877551020408163,0.32644038814217874,-20.57458141684688,0.3844948332753643,0.050932414281073424
-5.510204081632653,0.043449361985915536,0.4025054048744474,0.24467093422230493,-1.2244897959183674,0.34088546207833437,-19.68578888251966,0.40030530740469844,0.06268417906686974
-5.510204081632653,0.0545910339771829,0.40157273610077737,0.23690793893815645,-1.0612244897959184,0.3577305776957539,-18.81015398606788,0.4184303134942796,0.0787582139958829
-5.510204081632653,0.07057692799810011,0.3984603003658509,0.22801958524785756,-0.8979591836734694,0.3780571367164357,-17.950518841530652,0.4399716427992517,0.10182098402403694
-5.510204081632653,0.09518807659456274,0.3906237924054183,0.21791592709593277,-0.7346938775510204,0.40438111112234276,-17.11117735285055,0.46698783911338265,0.13732736605473495
-5.510204081632653,0.1364718635138149,0.371824507569052,0.2065465570553954,-0.5714285714285714,0.44287759767028445,-16.29994284635211,0.5030555997873369,0.19688728071225592
-5.510204081632653,0.2085936361469809,0.3258848507511922,0.19419506023320585,-0.40816326530612246,0.5071111928966805,-15.53426719173691,0.5515509371463114,0.3009370044302462
-5.510204081632653,0.30779962499566715,0.22208508708775349,0.18292085619217677,-0.24489795918367346,0.6037261109279298,-14.855031699886636,0.5975978226992337,0.44406099256873155
-5.510204081632653,0.3619010372067484,0.07059232598282575,0.17647995882882273,-0.08163265306122448,0.6684126901534488,-14.3164713638646,0.629846839042006,0.5221128316707477
-5.510204081632653,0.3642819666186774,-0.06314013275680744,0.17269638106709564,0.08163265306122448,0.6694744720062509,-13.907631275343606,0.6295748499860423,0.5255477867260443
-5.510204081632653,0.35120341514667386,-0.17630961117872734,0.16803156804195,0.24489795918367346,0.6460976852349157,-13.577224446530696,0.6155276072413479,0.5066794253753741
-5.510204081632653,0.32628230784959666,-0.281587479345515,0.1618790911772728,0.40816326530612246,0.6109894340773324,-13.298108730606579,0.5952520820353313,0.47072586746441925
-5.510204081632653,0.2905758948080639,-0.37891960999365365,0.15469576029197657,0.5714285714285714,0.5674035930253,-13.060529622353284,0.5709210697878465,0.4192124024414672
-5.510204081632653,0.2489482361105182,-0.46342726610381124,0.14723418338753147,0.7346938775510204,0.5202530936790561,-12.859583911008764,0.5460460324120312,0.3591563856746993
-5.510204081632653,0.2074073026750729,-0.5321456798634557,0.1401689559065791,0.8979591836734694,0.47500997974794323,-12.690669049526868,0.522413884786208,0.29922548701348406
-5.510204081632653,0.1701598726224718,-0.5855914273741357,0.1338966088034375,1.0612244897959184,0.4352038850635586,-12.548821176077627,0.4988050436094066,0.24548880439073795
-5.510204081632653,0.13888632301838122,-0.6263056676401876,0.12854599994340452,1.2244897959183674,0.4019851837696334,-12.429213016117505,0.47664340265314126,0.20037060946592122
-5.510204081632653,0.11354741741801444,-0.6572221326088412,0.12408185678975794,1.3877551020408163,0.3750118744644583,-12.327606414732326,0.45655126936356694,0.16381429601471886
-5.510204081632653,0.09334648859534123,-0.6808666306804786,0.12039703471479794,1.5510204081632653,0.3533489984515715,-12.240510077766462,0.4386471725104488,0.13467051618089698
-5.510204081632653,0.07731573965796623,-0.6991722422862041,0.11736660981773375,1.7142857142857142,0.33597448672740826,-12.165142272732057,0.4228011570268527,0.11154303418721012
-5.510204081632653,0.06456952271086291,-0.7135483098405988,0.11487286426267392,1.8775510204081634,0.3219822475618264,-12.099318141436372,0.4087880774162248,0.09315413020752894
-5.510204081632653,0.05438122103000853,-0.7250034677133577,0.11281401262595818,2.0408163265306123,0.310635274952647,-12.041327247299767,0.3963650932447109,0.07845551789747951
-5.510204081632653,0.04617597886995539,-0.734263305019604,0.1111073128312939,2.204081632653061,0.3013540281435235,-11.989826564749242,0.38530704115470876,0.06661785572387835
-5.510204081632653,0.03952955883047826,-0.7418490322070811,0.10968160967143947,2.36734693877551,0.29369140342138567,-11.943754654075464,0.37539499506231744,0.05702909849325977
-5.510204081632653,0.033819459601935886,-0.7483378087152078,0.10849637188297909,2.5306122448979593,0.2869319936122338,-11.901299930144523,0.3652367936978478,0.04879116665325789
-5.510204081632653,0.029588486761304544,-0.7533969513665897,0.10748193708706824,2.693877551020408,0.28196283684878426,-11.864683067022662,0.3584805104353064,0.04268716311794263
-5.510204081632653,0.025859445103021628,-0.757857220562826,0.1066259487228201,2.857142857142857,0.2774291302353739,-11.830451031205714,0.35118789257938443,0.03730729321027004
-5.510204081632653,0.022737243823379716,-0.7616765062155214,0.10589733533121885,3.020408163265306,0.2735411418125161,-11.799122160793289,0.34451387242526627,0.03280290890747306
-5.510204081632653,0.020109985767328364,-0.7649731516529016,0.10527235133729326,3.183673469387755,0.2702133253278218,-11.770316662369202,0.3384015908114314,0.02901257673887203
-5.510204081632653,0.01790918871643643,-0.767862470758455,0.10472533185093028,3.3469387755102042,0.26730909917577106,-11.74372221319833,0.3326595978452245,0.025837497747547733
-5.510204081632653,0.015961773842537275,-0.7703367646834995,0.10426078981584659,3.510204081632653,0.264808165930756,-11.71910701415017,0.3275711290518557,0.02302797196641926
-5.510204081632653,0.014358790353889983,-0.7725923470157267,0.1038772824516376,3.673469387755102,0.26263098973690785,-11.696175338445824,0.3225979641526816,0.020715355636721
-5.510204081632653,0.01294766537640668,-0.7744688569359532,0.10347186611431336,3.836734693877551,0.2608100681646147,-11.674819141563713,0.3183414085886757,0.018679532629631623
-5.510204081632653,0.011748251438985724,-0.7762892729307398,0.10318165684000595,4.0,0.2591261172852034,-11.654908913655564,0.31403173992416145,0.016949144090141477
-5.26530612244898,0.008085841073270261,0.3945848899146597,0.28994294482321636,-4.0,0.2357523444042317,-35.12080813092257,0.25911695956699443,0.011665402817823356
-5.26530612244898,0.007376727880912259,0.3948608589983102,0.2892853579911993,-3.836734693877551,0.23757123061009774,-34.1605640038444,0.2627987156324537,0.010642368731779595
-5.26530612244898,0.0074794558943318545,0.3949865690480952,0.28845431395270404,-3.673469387755102,0.2398975695410571,-33.201740717412854,0.2674375836843046,0.010790573927299985
-5.26530612244898,0.007397940813237858,0.39519099225744875,0.2875402055252403,-3.510204081632653,0.24240514592177753,-32.244496748833406,0.272147256746657,0.010672972524048863
-5.26530612244898,0.008311626079308354,0.3952207712048407,0.28641157046179566,-3.3469387755102042,0.24553473572267145,-31.289044205329983,0.27815268994474845,0.011991141726341858
-5.26530612244898,0.009203642655874589,0.3953067982350749,0.2851485571133042,-3.183673469387755,0.24897606471110204,-30.335583927424196,0.28440434048583335,0.013278049617744259
-5.26530612244898,0.009734400382624075,0.3955517750121967,0.28376957961600563,-3.020408163265306,0.25262764325327325,-29.3843793175838,0.29065742567126746,0.014043771158039231
-5.26530612244898,0.010420245047756183,0.3958448111585859,0.2821936334789291,-2.857142857142857,0.2567338216387305,-28.43573305813389,0.29740088515440405,0.015033235855245852
-5.26530612244898,0.011317642188857224,0.3961873879535568,0.28038404932181427,-2.693877551020408,0.2613727419272143,-27.48999948348724,0.30470757273822974,0.016327906260419578
-5.26530612244898,0.012977607543818381,0.3964505360138294,0.27824810744470196,-2.5306122448979593,0.26682609957639636,-26.54759247378608,0.3130782546990014,0.01872273004607017
-5.26530612244898,0.013933278715177133,0.39705060156444505,0.27589475146732917,-2.36734693877551,0.272574781548086,-25.60901598365892,0.32122037793683045,0.020101472105710005
-5.26530612244898,0.015470452812665458,0.39766497107119364,0.2731403542712988,-2.204081632653061,0.2792162986395369,-24.674845240066407,0.33029537133379083,0.022319145553139297
-5.26530612244898,0.01781448606008529,0.39825511911574657,0.26990508335579466,-2.0408163265306123,0.286910915246472,-23.745778471161657,0.3404702364535041,0.02570087069487048
-5.26530612244898,0.020553987282777353,0.39895282467180915,0.26616381481591106,-1.8775510204081634,0.2955899380249304,-22.822644562978127,0.35138393682394486,0.029653135523357577
-5.26530612244898,0.024214685842832484,0.3996206900112977,0.2617932128877848,-1.7142857142857142,0.3055417925394431,-21.906432690682173,0.3634491304114286,0.034934407182138916
-5.26530612244898,0.028886006355614446,0.40022480061177257,0.25670806954562075,-1.5510204081632653,0.316886399972232,-20.998328035832767,0.3766847820367077,0.04167369812033206
-5.26530612244898,0.03501855577465496,0.40058185368559496,0.2507939320137563,-1.3877551020408163,0.3298822782156915,-20.09975974755834,0.391382838011104,0.050521096755188566
-5.26530612244898,0.04321662155797745,0.40038118951810003,0.2439393959309249,-1.2244897959183674,0.3448618005461009,-19.212476830811724,0.40791458486090026,0.06234840560566912
-5.26530612244898,0.05451947282771408,0.3990145201091507,0.23603486402728197,-1.0612244897959184,0.3624023267029547,-18.33869045319465,0.42692464477964964,0.07865497308042357
-5.26530612244898,0.07086565689691349,0.3952396069669194,0.22697781828407923,-0.8979591836734694,0.3836832218139534,-17.48138921526501,0.4495779109108847,0.10223753177451611
-5.26530612244898,0.09614729456580995,0.38632972783729413,0.21667942020706388,-0.7346938775510204,0.41138924931677756,-16.645133322414754,0.47798808320295544,0.13871122506498423
-5.26530612244898,0.13835948037902202,0.3657233535894352,0.20510930369320307,-0.5714285714285714,0.4518874343424738,-15.83825057570874,0.5156310830137687,0.19961053620278868
-5.26530612244898,0.21013447990417,0.3171785532429879,0.19264867602337055,-0.40816326530612246,0.5180303663680003,-15.07904454366569,0.5648705453314954,0.3031599720775273
-5.26530612244898,0.303074793541086,0.21319463547780973,0.18153539077928513,-0.24489795918367346,0.6119076550522639,-14.408100632125636,0.608383387496662,0.4372445016601718
-5.26530612244898,0.3512480789403454,0.06785205911892885,0.1752603695643921,-0.08163265306122448,0.6712782572038121,-13.87406935587948,0.6399334516882963,0.5067438616090114
-5.26530612244898,0.3539448702144383,-0.06135797625025856,0.17152329878525394,0.08163265306122448,0.6719545806815947,-13.463849411700249,0.6394257513131663,0.5106345090064579
-5.26530612244898,0.3424178495730077,-0.17248269757816456,0.16696392670176383,0.24489795918367346,0.6493273609408782,-13.130200494013135,0.6250947054947502,0.49400453349084117
-5.26530612244898,0.3194496680319061,-0.2764999644822586,0.16096071738629086,0.40816326530612246,0.6151124858633059,-12.847642908794898,0.6045193671929697,0.4608684518832571
-5.26530612244898,0.28581126491574627,-0.3731726123972042,0.1539339305646049,0.5714285714285714,0.5724179020896082,-12.606666328071325,0.5797957856017807,0.4123384945241484
-5.26530612244898,0.24595892720432389,-0.45768433417792764,0.14660863414885877,0.7346938775510204,0.5258840844049895,-12.402437810427129,0.55386369400724,0.35484372454004776
-5.26530612244898,0.20566106765116277,-0.5268977409663969,0.13964927567288857,0.8979591836734694,0.4808454871025818,-12.230451238749257,0.5298957429350049,0.2967062024042626
-5.26530612244898,0.16915138182045375,-0.5810486678360388,0.13345649817650793,1.0612244897959184,0.4409041353372857,-12.085820400627227,0.5058577712608682,0.24403385971188474
-5.26530612244898,0.1382660824927331,-0.622473753370989,0.1281671729729874,1.2244897959183674,0.4073572154650531,-11.963745965937306,0.48321293303184265,0.19947579153541062
-5.26530612244898,0.11311540108613194,-0.6540140774019629,0.12375220311087545,1.3877551020408163,0.37997932643454935,-11.859977630660236,0.462626035237811,0.16319102819512876
-5.26530612244898,0.09300144374516917,-0.6781738138335522,0.12010811426103829,1.5510204081632653,0.3579018787866907,-11.770992252134864,0.44424487476840396,0.13417272168666994
-5.26530612244898,0.07701091345130351,-0.6968951799052785,0.11711206260799481,1.7142857142857142,0.34013352264967905,-11.693971070989347,0.4279546548171642,0.11110326293052442
-5.26530612244898,0.06428573369847435,-0.7116045917566198,0.11464759002938536,1.8775510204081634,0.3257802508370314,-11.626694150186907,0.4135362256152475,0.09274470920669753
-5.26530612244898,0.0541109902839747,-0.723328847555987,0.11261411460189516,2.0408163265306123,0.3141072160201242,-11.567420439993482,0.400748643615497,0.07806565734028137
-5.26530612244898,0.04592086092401493,-0.732808394352846,0.11092902426811221,2.204081632653061,0.30453118844702837,-11.514780892170066,0.38935762196603396,0.06624979832842826
-5.26530612244898,0.03927759400722719,-0.740565854661771,0.10952293145729157,2.36734693877551,0.2966165640796071,-11.467693905843813,0.3791736953095262,0.05666559009227656
-5.26530612244898,0.03384457661167439,-0.7470018005823167,0.10834598566509976,2.5306122448979593,0.2900033266811907,-11.425295576256499,0.3700126987490653,0.048827402838649725
-5.26530612244898,0.029387161296238196,-0.7524092086758857,0.10734792678398271,2.693877551020408,0.28442527779357174,-11.386890276869998,0.3616844522467576,0.04239671186788696
-5.26530612244898,0.025654747310880133,-0.7569646350976216,0.10651049927514458,2.857142857142857,0.27970218308252637,-11.351920691176353,0.3542164518319461,0.03701197672066625
-5.26530612244898,0.022548908972759962,-0.7608727586083461,0.10580019945045689,3.020408163265306,0.2756765992130875,-11.319905655336443,0.3473461402781886,0.032531199152457724
-5.26530612244898,0.019931231607206668,-0.7642384274858542,0.10517557751354063,3.183673469387755,0.27215756865439256,-11.290508316869127,0.3410765907360993,0.0287546889985264
-5.26530612244898,0.01773170813022551,-0.7671801059534613,0.10464580319922664,3.3469387755102042,0.2691450140728323,-11.263356386294477,0.3352335702815302,0.025581447385966793
-5.26530612244898,0.015827109732864164,-0.7697252828240889,0.10418316368637626,3.510204081632653,0.26646510484545877,-11.238235349091134,0.32995441015859955,0.022833692723208454
-5.26530612244898,0.014199057344679966,-0.7719783483578244,0.10378260386660954,3.673469387755102,0.26408397829716773,-11.214883680107574,0.32499366518162714,0.02048490961646765
-5.26530612244898,0.012752027741643746,-0.774015462092168,0.10345349180840543,3.836734693877551,0.26222839176140805,-11.193001602452473,0.3202856662859736,0.018397287184148237
-5.26530612244898,0.011585284049240308,-0.7758059606985073,0.10313038858246378,4.0,0.2603890608354587,-11.172612184815787,0.31587608244642457,0.016714031845128652
-5.020408163265306,0.008013571375558248,0.39406929957215653,0.2898931228752223,-4.0,0.23651260386969425,-34.63727731585017,0.26149405256890623,0.011561139683327504
-5.020408163265306,0.008248738013369339,0.3940915955652375,0.2891254827494052,-3.836734693877551,0.23874387310439976,-33.677297619965906,0.26613737123779263,0.011900413425480316
-5.020408163265306,0.014806109775104881,0.3925389758364132,0.28753675949235574,-3.673469387755102,0.24374637684839268,-32.71854289741188,0.2752812262182242,0.021360701147401517
-5.020408163265306,0.008733529798806705,0.39423521050330673,0.2873130902881661,-3.510204081632653,0.24388914431764186,-31.76183091969308,0.2762665466422208,0.012599820130194672
-5.020408163265306,0.01010855755760498,0.39409387275080987,0.2861151858374732,-3.3469387755102042,0.24729994302855696,-30.80669662552503,0.2827340531874294,0.01458356585889753
-5.020408163265306,0.008919970377332609,0.39463771875529224,0.2850630182528472,-3.183673469387755,0.25003866236148153,-29.853603535386245,0.2873804184432771,0.012868797028254164
-5.020408163265306,0.009864679865473569,0.394728138249259,0.2836206677570769,-3.020408163265306,0.2539527656350004,-28.90279931122699,0.2941982297953624,0.014231724721875949
-5.020408163265306,0.0107732657293369,0.39489949393094365,0.28199802095074966,-2.857142857142857,0.25827262931948647,-27.954589133702072,0.30138070162503305,0.015542537041893567
-5.020408163265306,0.011541432600573609,0.3952046556585678,0.2801759641067942,-2.693877551020408,0.2630032027210944,-27.009336477605643,0.3088363107591982,0.01665076757760131
-5.020408163265306,0.012632735727610811,0.3955387794165303,0.27806659291972186,-2.5306122448979593,0.268394884877493,-26.067466792525888,0.3170009212721929,0.018225185187084936
-5.020408163265306,0.013932940576160124,0.3959536878808727,0.27563929758449335,-2.36734693877551,0.2744736466797358,-25.12948330018091,0.32578655588707395,0.020100984274226796
-5.020408163265306,0.015602022377474212,0.39642654786287784,0.27282561973774816,-2.204081632653061,0.28138516575804107,-24.195983173271674,0.33534611956274607,0.022508960311820925
-5.020408163265306,0.017710985926198797,0.39695937555933364,0.26955912688388545,-2.0408163265306123,0.2892437864533252,-23.26767714788379,0.34574120410451914,0.025551551564981345
-5.020408163265306,0.020559376893140913,0.39748048223229593,0.26574235918258343,-1.8775510204081634,0.2982614426543798,-22.34541326183239,0.35721897573942185,0.029660911087501685
-5.020408163265306,0.02403926344827223,0.39803250193689915,0.2613107376814268,-1.7142857142857142,0.3084885659297484,-21.430206255127818,0.3696605378864227,0.03468132616344599
-5.020408163265306,0.028662451237071895,0.3984456024963092,0.2561377829580212,-1.5510204081632653,0.3202202682656459,-20.5232746876853,0.38344991125793654,0.0413511762594454
-5.020408163265306,0.03479107086340827,0.3985491901376343,0.25011541067083454,-1.3877551020408163,0.3336961028081699,-19.626093590961606,0.3988117159748633,0.05019290540185528
-5.020408163265306,0.04303577964259597,0.39800831661025426,0.24313080551506072,-1.2244897959183674,0.34927151816146373,-18.740477351701767,0.4161288984000624,0.06208750587116363
-5.020408163265306,0.05450390477109113,0.3961525872383877,0.2350693111211562,-1.0612244897959184,0.367588510129283,-17.868736509093246,0.4361042722059743,0.07863251312233777
-5.020408163265306,0.0712093712976265,0.3916388382401478,0.22582636438917528,-0.8979591836734694,0.3899249679243994,-17.014023364525006,0.45995609270982096,0.10273340683590737
-5.020408163265306,0.09715091737230996,0.3815411999289123,0.2153151507179735,-0.7346938775510204,0.4191387483524694,-16.18119171856097,0.4898450754368416,0.1401591467108454
-5.020408163265306,0.14014263256777038,0.3590010011907845,0.2035338774464507,-0.5714285714285714,0.46171728408579665,-15.37911700029565,0.5290591976487223,0.20218308102264615
-5.020408163265306,0.21100854493805188,0.3078932951699123,0.19097714463355286,-0.40816326530612246,0.5295064172435362,-14.626912735562321,0.5787618309053261,0.3044209813673229
-5.020408163265306,0.29718028009864583,0.20424587770695118,0.18004892155066915,-0.24489795918367346,0.6200432582210141,-13.964475541728456,0.6211983715913122,0.42874051634830934
-5.020408163265306,0.33983265621311,0.06514638859322659,0.17394002319373875,-0.08163265306122448,0.6742443858126523,-13.43474846962306,0.6507006589885025,0.49027488785077766
-5.020408163265306,0.3429054177095219,-0.059554689107634395,0.17025502586098495,0.08163265306122448,0.6745522326974803,-13.022985383311463,0.6496169255288416,0.49470794562348575
-5.020408163265306,0.33296234046994355,-0.16854934967565954,0.16580979774905646,0.24489795918367346,0.6526752908763124,-12.68590505492388,0.6350302367212456,0.48036311739877036
-5.020408163265306,0.31200275870000693,-0.2712337144746525,0.15996756329729273,0.40816326530612246,0.6193625481560756,-12.399684862541712,0.6141597890407622,0.45012483272017567
-5.020408163265306,0.2805143340367,-0.3671832613775627,0.15311041794795216,0.5714285714285714,0.5775751850280104,-12.155084047300653,0.5890330917269114,0.4046966386130175
-5.020408163265306,0.24254350030545568,-0.45165136317627497,0.14593410713522775,0.7346938775510204,0.5316830665750982,-11.947347533887966,0.5619576069943899,0.34991630509053184
-5.020408163265306,0.20359910222596334,-0.5213422690797321,0.13909133300617396,0.8979591836734694,0.4868699175415556,-11.772070211764921,0.5376422959358697,0.2937314151108428
-5.020408163265306,0.16792059604108278,-0.5762103567978905,0.1329862395058177,1.0612244897959184,0.446798858730366,-11.624450080440424,0.5131600060122679,0.24225821117158874
-5.020408163265306,0.13749233962216834,-0.6183757357794615,0.1277640517911822,1.2244897959183674,0.4129141201668041,-11.499721481176538,0.4900131978862014,0.19835951653312334
-5.020408163265306,0.11257694818373687,-0.6505751546414829,0.1234024948814142,1.3877551020408163,0.3851130542552328,-11.393624676636271,0.4689107486956157,0.16241420486309144
-5.020408163265306,0.09258103761051983,-0.6752852261197893,0.11980225895672163,1.5510204081632653,0.3625982424283135,-11.302604625153943,0.450031265747359,0.13356620384105167
-5.020408163265306,0.07665105699422092,-0.6944520083639322,0.11684299765805986,1.7142857142857142,0.344415381562012,-11.22380390489296,0.43327747698015545,0.11058409980446005
-5.020408163265306,0.06397290036362802,-0.7095145819368673,0.11440773930568142,1.8775510204081634,0.32968478472718615,-11.154964652481706,0.4184353317302516,0.09229338610588966
-5.020408163265306,0.053811572210178626,-0.7215344595496642,0.11240301882904857,2.0408163265306123,0.3176662869797508,-11.09431443026743,0.4052645463229398,0.07763368837006279
-5.020408163265306,0.04547808846936108,-0.7313094794779534,0.11077222621336225,2.204081632653061,0.3076753173692833,-11.04028759706075,0.3934449653980686,0.06561101270385672
-5.020408163265306,0.03901577900622666,-0.7392019622692148,0.10935516407931312,2.36734693877551,0.2995950088465766,-10.992281004283347,0.3830400387735469,0.05628787088870357
-5.020408163265306,0.033602152652659756,-0.745798830647906,0.10819509341203948,2.5306122448979593,0.29273699016496374,-10.948910509255436,0.3735998889938218,0.04847765899518652
-5.020408163265306,0.02914671417298842,-0.7513277397812185,0.107215224899357,2.693877551020408,0.28695326114178893,-10.909632894098861,0.3650697392460191,0.04204981999557855
-5.020408163265306,0.025444429409520408,-0.7560091328539776,0.1063864046182583,2.857142857142857,0.28203075691811785,-10.873873106596207,0.3573392721389237,0.036708552127364236
-5.020408163265306,0.02234827022260144,-0.7600201391597412,0.10568689507799396,3.020408163265306,0.27780329613745264,-10.841154563211864,0.35026748813561315,0.03224173862259372
-5.020408163265306,0.019751198910611167,-0.7634644279394189,0.10507228348055453,3.183673469387755,0.27415808779784046,-10.811096269787651,0.3438138417486649,0.028494956719949727
-5.020408163265306,0.017513025219372036,-0.7664681844299028,0.10454759801405138,3.3469387755102042,0.27110713626313404,-10.783303908440232,0.33789672349704747,0.025265954634951182
-5.020408163265306,0.015701085102469037,-0.7691167535908247,0.1040890415869365,3.510204081632653,0.26820318260811743,-10.757673210939405,0.3322594911595095,0.022651877613907523
-5.020408163265306,0.014066906181419148,-0.771418981265328,0.10371455853743458,3.673469387755102,0.26579638061362154,-10.733759021590416,0.327174932376199,0.020294255788583904
-5.020408163265306,0.012705998759201531,-0.7734321250944542,0.10335823511808369,3.836734693877551,0.2636065633225105,-10.711578154343824,0.32256170754969904,0.018330881399441168
-5.020408163265306,0.011460421468296733,-0.7753055204813313,0.10305464038766754,4.0,0.26167081344017395,-10.69072328564866,0.31793518178601243,0.016533893218809492
-4.775510204081633,0.009276563378058489,0.39318429552772866,0.2896876632992035,-4.0,0.23785600655505618,-34.15408419728624,0.26512390789117085,0.013383251982017619
-4.775510204081633,0.00868598011268995,0.3933767081675435,0.28900747393745796,-3.836734693877551,0.2398226063541426,-33.19439738282884,0.26920970316221216,0.012531220433838364
-4.775510204081633,0.009147940407904231,0.39333398393164176,0.2881165317918855,-3.673469387755102,0.24243178861326733,-32.23616838725446,0.27446852055782905,0.013197688260831342
-4.775510204081633,0.00843453325332022,0.3936142491022567,0.28725370282824664,-3.510204081632653,0.24483980179019516,-31.279568389748942,0.279002060314469,0.012168459296778789
-4.775510204081633,0.00915908621587369,0.39358512291817743,0.2861135042015969,-3.3469387755102042,0.24808856198019544,-30.324808628042415,0.28512990805281335,0.013213768262715586
-4.775510204081633,0.010647516126152556,0.3934121015320216,0.28475048613776777,-3.183673469387755,0.2519681039255003,-29.37210458586437,0.2922479467559079,0.015361118712985622
-4.775510204081633,0.0107755599113597,0.3936386267844164,0.2833775808921147,-3.020408163265306,0.25568884191484476,-28.42173095370961,0.29859923682237294,0.015545846846920508
-4.775510204081633,0.018271075645556856,0.39199960435399894,0.2809754119170916,-2.857142857142857,0.26283476309379655,-27.473721226961583,0.3099222511892992,0.026359590225552232
-4.775510204081633,0.011948289775275844,0.39409775870666824,0.279935375303748,-2.693877551020408,0.2648316829881897,-26.529267332687883,0.3133257237592904,0.01723773840589482
-4.775510204081633,0.012924950463528484,0.394372290361135,0.27780381020196704,-2.5306122448979593,0.27035962470611397,-25.587980521794517,0.32170953788065887,0.018646761937467726
-4.775510204081633,0.014147853713512015,0.39470549768126767,0.2753431171326781,-2.36734693877551,0.27661733997208254,-24.65064909862385,0.3307877416722305,0.020411038391706438
-4.775510204081633,0.015841288795074293,0.39505112893716265,0.27247652965685737,-2.204081632653061,0.28378230114786474,-23.717883612136312,0.3407699416340735,0.022854148785943718
-4.775510204081633,0.017812088184708808,0.39548579721082594,0.26916403164752933,-2.0408163265306123,0.2918694814830447,-22.790412245639416,0.35150580506741913,0.025697411291956573
-4.775510204081633,0.020487427447506867,0.3958966924869809,0.26529176053229075,-1.8775510204081634,0.30114922936106353,-21.869104556862485,0.36335045028851426,0.02955710997909078
-4.775510204081633,0.023968771367412822,0.396254854485721,0.2607739217341188,-1.7142857142857142,0.3117641011800621,-20.955003704283154,0.37637242998458303,0.034579627587968176
-4.775510204081633,0.028538853121117258,0.3964505856933035,0.2555032756872126,-1.5510204081632653,0.32393103707517734,-20.04936611908469,0.3907703546004455,0.041172861870494515
-4.775510204081633,0.0346337497987379,0.39627532068467197,0.24936284336053208,-1.3877551020408163,0.33793378837542437,-19.15371837156192,0.4068381669736732,0.0499659390820284
-4.775510204081633,0.042922973681559284,0.3953488075868835,0.24223334555140666,-1.2244897959183674,0.3541775921427134,-18.26994852861223,0.42501580175350595,0.0619247612705931
-4.775510204081633,0.05455282590406774,0.39294248121521846,0.23399757683747363,-1.0612244897959184,0.37336055475406144,-17.400478886517373,0.44604065192172787,0.07870309139827736
-4.775510204081633,0.07162092376249252,0.38759842391994076,0.2245485435314743,-0.8979591836734694,0.39686866165951284,-16.548644638981024,0.4711880334661838,0.10332715153603456
-4.775510204081633,0.09817318743633807,0.37619636903474474,0.2138060035301323,-0.7346938775510204,0.4277122978529193,-15.719621978885323,0.5026247731912283,0.1416339706626677
-4.775510204081633,0.1417368096109597,0.3516018821619017,0.2018043908071573,-0.5714285714285714,0.4724191861339927,-14.92286195416229,0.5433681970448196,0.20448299233715472
-4.775510204081633,0.21105265181373567,0.29803277805667533,0.1891692999329178,-0.40816326530612246,0.5414977827992257,-14.178211436430162,0.5931824514872258,0.3044846141381412
-4.775510204081633,0.2900480535407688,0.19527314729476014,0.17845072639433524,-0.24489795918367346,0.6281053796778476,-13.5244437491335,0.6348906850173092,0.41845088846276335
-4.775510204081633,0.3276128024949727,0.062475874960914134,0.17250824554639954,-0.08163265306122448,0.6773117542337079,-12.998765324591712,0.6618640889101772,0.47264536549123237
-4.775510204081633,0.3311196982182618,-0.057730284437149025,0.16888168757208238,0.08163265306122448,0.6772682610739879,-12.58528178824969,0.6601424690319047,0.4777047465601365
-4.775510204081633,0.3227920166059304,-0.16450518065933722,0.1645602288674201,0.24489795918367346,0.6561432579150616,-12.244566680578643,0.6453345492071506,0.4656904415959242
-4.775510204081633,0.303898104144688,-0.26577820904416666,0.15889180819622148,0.40816326530612246,0.6237438739481908,-11.954445803257382,0.6241790255207305,0.438432287785099
-4.775510204081633,0.274645075707441,-0.36093583514586347,0.1522186490187406,0.5714285714285714,0.5828822995612352,-11.70597475045578,0.5986433667746314,0.39622908872769935
-4.775510204081633,0.23866741983254958,-0.44530804122163803,0.1452052751300898,0.7346938775510204,0.5376597629170787,-11.494485415769828,0.5705813204320791,0.3443243030141834
-4.775510204081633,0.20119422661195863,-0.515455626657063,0.13849093891235797,0.8979591836734694,0.4930961369601098,-11.315678911347431,0.5456627190638973,0.29026191298856263
-4.775510204081633,0.16644809527521698,-0.5710518086150227,0.13248257637224758,1.0612244897959184,0.4529033213526216,-11.164844507150825,0.5207226826269661,0.24013384161896933
-4.775510204081633,0.1365522847432168,-0.6139880548438047,0.1273340814295413,1.2244897959183674,0.41867209214367646,-11.037256514212476,0.4970559272110773,0.19700330402109678
-4.775510204081633,0.11192409550604299,-0.6468842365802258,0.12303068444572862,1.3877551020408163,0.39042883228518227,-10.928648915638348,0.4754171447994702,0.16147233754255108
-4.775510204081633,0.0920815733502105,-0.6721797826195356,0.11947794931530693,1.5510204081632653,0.3674556515205764,-10.835434918235878,0.4560183676537364,0.13284562922960186
-4.775510204081633,0.07623701411837303,-0.6918256937154699,0.11655829253345276,1.7142857142857142,0.34883412892216087,-10.754716702568503,0.4387795648246329,0.10998676220075865
-4.775510204081633,0.06359834583235191,-0.7072813924941921,0.114158533739837,1.8775510204081634,0.3336988244831029,-10.684197102584372,0.423495361746984,0.09175301814107506
-4.775510204081633,0.053482925346588495,-0.7196088922072693,0.11218009220399139,2.0408163265306123,0.3213222852656487,-10.622066530699218,0.4099256547897792,0.07715955116975826
-4.775510204081633,0.04533783500820565,-0.729576611840942,0.11054179663296397,2.204081632653061,0.3111226746142385,-10.566897962181905,0.3978379620257697,0.06540866973098014
-4.775510204081633,0.03873725481961965,-0.737741855284254,0.10917746333594747,2.36734693877551,0.30264389555712917,-10.517560237689127,0.38702145691053214,0.05588604542591735
-4.775510204081633,0.03334541207694053,-0.7445111034719512,0.10803516987736841,2.5306122448979593,0.2955335155624632,-10.473150290496429,0.37729844136040164,0.04810726063980075
-4.775510204081633,0.028905810981064706,-0.7501869940426269,0.10707286808830312,2.693877551020408,0.28952115888642616,-10.432940324085001,0.3685156175959879,0.041702270155256294
-4.775510204081633,0.025228306200980155,-0.7549930840828136,0.10625739352997428,2.857142857142857,0.28439437282386926,-10.39634006860862,0.3605404926140545,0.03639675224618211
-4.775510204081633,0.02215797447132206,-0.7590933166911258,0.1055608295222215,3.020408163265306,0.2799985986112943,-10.36286181660747,0.35328341763115984,0.031967199885921005
-4.775510204081633,0.01957894930289661,-0.7626624672737676,0.1049678525448409,3.183673469387755,0.2761845429357158,-10.332102771257357,0.3465667919548423,0.028246453065105204
-4.775510204081633,0.017398885785423923,-0.765707251505409,0.10446050503855567,3.3469387755102042,0.2729001456048547,-10.303726988490173,0.34051666048690526,0.025101286239624265
-4.775510204081633,0.015513509311485985,-0.7684170885642391,0.10401650164421647,3.510204081632653,0.26995230419550637,-10.27749780091712,0.3348467445948151,0.022381262950465608
-4.775510204081633,0.013923882027596424,-0.7707940244797122,0.10360942143442634,3.673469387755102,0.26738775142696075,-10.253116189357172,0.32959343678781605,0.02008791555113687
-4.775510204081633,0.01264968984738779,-0.7729164365679356,0.10326371868931956,3.836734693877551,0.26535194942575985,-10.230223141719033,0.3246143471127965,0.018249644811609844
-4.775510204081633,0.011343199763763856,-0.7747279998166814,0.10298455174546255,4.0,0.2631245275995361,-10.209158861592728,0.3202800011662703,0.0163647780469951
-4.530612244897959,0.009413048763533993,0.39254008102193383,0.28960970715206413,-4.0,0.23881187541765025,-33.671278755015564,0.2679337770988718,0.013580158770797102
-4.530612244897959,0.012384032814991786,0.391776692169191,0.2885038782036628,-3.836734693877551,0.2422882827928971,-32.71184059194639,0.2747902882917472,0.017866382728394914
-4.530612244897959,0.009616788637212714,0.39252068761890796,0.28797952781300407,-3.673469387755102,0.24367162982113513,-31.75400375831165,0.2778342141033723,0.013874093276184052
-4.530612244897959,0.007797467903732924,0.39301127806517194,0.28722081284976025,-3.510204081632653,0.24575145605307408,-30.797726159660538,0.28136507328346444,0.011249368276206706
-4.530612244897959,0.010224315035429976,0.3925204472105298,0.2858829559481397,-3.3469387755102042,0.2497494437483862,-29.84340270831058,0.2893829857532873,0.01475056859810131
-4.530612244897959,0.010681366253132873,0.39254270832390786,0.28461596493196384,-3.183673469387755,0.25334072585205314,-28.891129196417246,0.2958339485572676,0.01540995412331414
-4.530612244897959,0.011080758128430901,0.39263593838566846,0.2831916285097679,-3.020408163265306,0.25729698021284564,-27.94122417339439,0.3026492912190508,0.015986154801177044
-4.530612244897959,0.01160937243536897,0.392760381891841,0.2815614143731593,-2.857142857142857,0.2617507932227436,-26.994006356828987,0.31001381084967405,0.01674878404033997
-4.530612244897959,0.012228248046560752,0.39293884998120693,0.27969565283179304,-2.693877551020408,0.26675161997173846,-26.049851160502975,0.3179310414099301,0.017641632815533548
-4.530612244897959,0.01326895084656976,0.39309924287328296,0.2775193584806865,-2.5306122448979593,0.27250197742224136,-25.109202727964146,0.3267023040740577,0.01914304958414581
-4.530612244897959,0.014501848067234313,0.3933141438176212,0.2750113517889251,-2.36734693877551,0.2789971891628722,-24.172586465606923,0.3361771154555464,0.020921744290324007
-4.530612244897959,0.016022287824035697,0.39357758481262806,0.2721079999834937,-2.204081632653061,0.2863625881354369,-23.240628303308437,0.3464506701255714,0.023115275187431727
-4.530612244897959,0.017927280585239957,0.3938770129504962,0.2687356625886278,-2.0408163265306123,0.2947390391476364,-22.314075117421112,0.35762789757905283,0.025863598796950882
-4.530612244897959,0.020579228010542794,0.3941112443377517,0.2647852574536337,-1.8775510204081634,0.3043792650273506,-21.39382167047082,0.37001191594175714,0.029689550196133396
-4.530612244897959,0.024012397866713053,0.3942647132571829,0.26017568775094724,-1.7142857142857142,0.31540985976491936,-20.480942749206626,0.3836265962741914,0.03464256732215931
-4.530612244897959,0.02849813137169388,0.39422121324751586,0.2547983841756235,-1.5510204081632653,0.328055521697182,-19.57673745960011,0.39867335424684597,0.04111411280454558
-4.530612244897959,0.03456204818451103,0.39372501750462835,0.24852497626617343,-1.3877551020408163,0.3426557597975436,-18.682790641121088,0.41552555524641216,0.049862495518759875
-4.530612244897959,0.042888123743865636,0.39236145857749016,0.24123369910625964,-1.2244897959183674,0.35964916603171165,-17.801073575678398,0.43464412815119136,0.06187448343830715
-4.530612244897959,0.054674210407336776,0.38933296930758476,0.2328035360942128,-1.0612244897959184,0.3798000724102499,-16.93413439222562,0.45681143458651485,0.07887821221918445
-4.530612244897959,0.07208396902635972,0.38306188691401993,0.22312658989064618,-0.8979591836734694,0.40460043849748983,-16.08551233465076,0.4833462287323644,0.10399518464192248
-4.530612244897959,0.09917773780101924,0.37022679207285253,0.21213232608797022,-0.7346938775510204,0.43719730262308315,-15.260735435063,0.516391007029017,0.1430832304921159
-4.530612244897959,0.1430331843976711,0.343472624473471,0.19990340777428725,-0.5714285714285714,0.4840342727748904,-14.469849221015723,0.5585701899933138,0.2063532658130769
-4.530612244897959,0.21009034178332198,0.28761381555435356,0.18721310940657157,-0.40816326530612246,0.5539430604773279,-13.733314114965106,0.608069899595981,0.30309629422946616
-4.530612244897959,0.2816194657976785,0.18631147141914975,0.17672877772947862,-0.24489795918367346,0.6360665058245321,-13.088315534761417,0.6489133342385504,0.4062910067241101
-4.530612244897959,0.31454850313609284,0.05984109764616665,0.17095320405859576,-0.08163265306122448,0.6804785682126604,-12.566399031115086,0.6733351220759437,0.45379756559348783
-4.530612244897959,0.3185446246840191,-0.05588488847623916,0.16739233645874357,0.08163265306122448,0.6801014424054815,-12.151002970914885,0.6709906258593357,0.45956275033347005
-4.530612244897959,0.3118616838631729,-0.1603459730132091,0.16320526935221882,0.24489795918367346,0.6597313008253561,-11.806435000843388,0.6560031918368066,0.4499213047526811
-4.530612244897959,0.2950908822907936,-0.26012269398452526,0.1577247182281137,0.40816326530612246,0.6282593956734527,-11.512157042951642,0.6345790797386226,0.4257261524924765
-4.530612244897959,0.2681614264078829,-0.35441385950713106,0.15125124445103372,0.5714285714285714,0.5883453086246172,-11.259549118052647,0.6086345684860782,0.3868751600363636
-4.530612244897959,0.2342938011075708,-0.4386327670351501,0.14441612535033974,0.7346938775510204,0.5438236658491447,-11.044040866721254,0.5800839081363054,0.3380145049689176
-4.530612244897959,0.19841701325989236,-0.5092123592417197,0.13784334243921956,0.8979591836734694,0.49953740516292394,-10.861445608679263,0.5539650416053756,0.28625524105804656
-4.530612244897959,0.1647126507053096,-0.5655461424240145,0.13194180520372958,1.0612244897959184,0.4592337854957348,-10.70715151308879,0.5285563052565162,0.23763012434422626
-4.530612244897959,0.1354317733812589,-0.6092849276559906,0.12687434207254739,1.2244897959183674,0.424648682698798,-10.576479806190358,0.5043529156747386,0.19538674783594034
-4.530612244897959,0.11114816442450892,-0.6429179521891092,0.12263444823209697,1.3877551020408163,0.39594407929704156,-10.465161860026038,0.4821573563983295,0.16035290561914994
-4.530612244897959,0.09149702881456978,-0.6688400215023709,0.11913312395386615,1.5510204081632653,0.372487288493898,-10.369579488659188,0.4622171556704794,0.13200230972685434
-4.530612244897959,0.07576258244963463,-0.6890007475400528,0.1162561050269647,1.7142857142857142,0.3534029961671525,-10.286792777638027,0.4444722276615636,0.10930230198502944
-4.530612244897959,0.063192245630735,-0.7048744149203916,0.11389222987312979,1.8775510204081634,0.3378434202137865,-10.214462079220505,0.42872556392300576,0.09116713939409848
-4.530612244897959,0.053123675486925315,-0.7175410646099969,0.11194432420018499,2.0408163265306123,0.3250857642520862,-10.150739415002983,0.4147383934146727,0.07664126317878184
-4.530612244897959,0.04501606139801351,-0.7277860126541578,0.11033234932886142,2.204081632653061,0.31454535691312546,-10.094164796306583,0.4022753634101363,0.06494444853926762
-4.530612244897959,0.03844327420372262,-0.7361784077767635,0.10899063920723906,2.36734693877551,0.3057658685709793,-10.043579380498104,0.39112490312449977,0.05546192104924508
-4.530612244897959,0.03307668132578323,-0.7431380114290893,0.10786787416501623,2.5306122448979593,0.2983884768302751,-9.998056795012332,0.3810991102100584,0.047719564117771895
-4.530612244897959,0.028664599715450878,-0.7489723674088051,0.1069218503775365,2.693877551020408,0.2921368730809687,-9.956850582349464,0.37203911793931244,0.04135427585854812
-4.530612244897959,0.025003580310095863,-0.7539081947652249,0.10612096173890254,2.857142857142857,0.2868047558831588,-9.919354279995591,0.3638388245394641,0.03607254131784421
-4.530612244897959,0.021952508778424473,-0.7581295622141025,0.10543713061957834,3.020408163265306,0.2822127260812483,-9.885069464724332,0.3563488538768308,0.031670775549704544
-4.530612244897959,0.019384446180381598,-0.761769194260639,0.1048540744213643,3.183673469387755,0.27823536155670825,-9.853585866396207,0.349502550187983,0.027965844374815862
-4.530612244897959,0.01722783862788968,-0.7649314829251199,0.10434310286320378,3.3469387755102042,0.27475991419268475,-9.824554629513655,0.34318378526556387,0.024854517353692263
-4.530612244897959,0.015363740569612983,-0.7676990396465898,0.10391576483528944,3.510204081632653,0.2717081741029597,-9.797700824225485,0.3373935474499683,0.02216519232928471
-4.530612244897959,0.013785784243385724,-0.7701244314994324,0.10352997058894794,3.673469387755102,0.26897598078561363,-9.772765824260352,0.3320051040030434,0.019888682562697824
-4.530612244897959,0.012423071623374637,-0.7722815239905125,0.10320322629521647,3.836734693877551,0.2666475743827664,-9.74954951874808,0.3270514168885321,0.01792270382365091
-4.530612244897959,0.011307544766721467,-0.7741547930663929,0.1028676495710404,4.0,0.26484924478145444,-9.727624311299813,0.3223152032543068,0.0163133387595793
-4.285714285714286,0.009105502582002822,0.39196037713267406,0.2895826439462827,-4.0,0.23965529101244623,-33.18887370750632,0.27043109258917547,0.013136463419857414
-4.285714285714286,0.012537063456456332,0.391024592323696,0.2883983317416088,-3.836734693877551,0.24342577046113378,-32.22979518479006,0.2780253755295907,0.018087159275939957
-4.285714285714286,0.011908285285922027,0.3911732428573626,0.287616776191431,-3.673469387755102,0.24575022849963793,-31.272284522949068,0.2828031720079033,0.017180024127490867
-4.285714285714286,0.012397573081757596,0.39105541433643015,0.28659742837398106,-3.510204081632653,0.24880541509229928,-30.31645358570176,0.28875386272885606,0.017885917204110147
-4.285714285714286,0.00897411646808921,0.39196408858587084,0.28590473788519244,-3.3469387755102042,0.2506172074619707,-29.362486851685798,0.29168316779062126,0.012946913324872522
-4.285714285714286,0.04942416078634526,0.3819869170165517,0.2803722416875316,-3.183673469387755,0.26968544992598187,-28.40048667634322,0.29835837816188987,0.07130399166655854
-4.285714285714286,0.011423090375807465,0.391545318760471,0.2829925769566964,-3.020408163265306,0.2590451057982911,-27.461331707240173,0.3069365071395679,0.016480035836803797
-4.285714285714286,0.012357753597290522,0.39147830559670627,0.2812874814854351,-2.857142857142857,0.26382677189638104,-26.514681756533545,0.3149195515491202,0.017828469831338456
-4.285714285714286,0.010341255734950927,0.3922410075444221,0.2796814767859113,-2.693877551020408,0.26798384773904377,-25.571066423847206,0.3206279036456699,0.014919278365378208
-4.285714285714286,0.013842770323526432,0.3916563816198848,0.2771900262537825,-2.5306122448979593,0.2749185085596069,-24.63120794017104,0.33215412691120855,0.019970896097916135
-4.285714285714286,0.014983437091718566,0.3917700012959253,0.27464231353203894,-2.36734693877551,0.2816324788897845,-23.69537849105995,0.341964668627709,0.021616530387694066
-4.285714285714286,0.01642787544821811,0.39190697631410537,0.27168654378239887,-2.204081632653061,0.2892668938896721,-22.764309971517644,0.35264686816345525,0.02370041444148585
-4.285714285714286,0.018329164245656893,0.39203200607106037,0.2682408191367534,-2.0408163265306123,0.29799394772550547,-21.83877092693538,0.36435670634443235,0.026443394360848416
-4.285714285714286,0.020829150350361703,0.3921054946294794,0.2642169011181636,-1.8775510204081634,0.3079872289372526,-20.919683595739865,0.37722812182516907,0.030050111916397615
-4.285714285714286,0.02414134086605313,0.3920483763758491,0.2595119406407792,-1.7142857142857142,0.3194571851146657,-20.008159251193835,0.39144072071045055,0.03482859274786465
-4.285714285714286,0.028573824623904454,0.39171813145374046,0.2540107643956726,-1.5510204081632653,0.3326600991272119,-19.105545116410692,0.4072327394384143,0.04122331508413746
-4.285714285714286,0.0345982262648854,0.3908557348158182,0.24758805162154135,-1.3877551020408163,0.34793397018879446,-18.213492091289673,0.4249471793145763,0.04991468945590416
-4.285714285714286,0.042949893948190265,0.3889956628312771,0.24011542482879128,-1.2244897959183674,0.36576943449052124,-17.33406562159624,0.4450947509344681,0.06196359900576143
-4.285714285714286,0.05487636809463159,0.38526447929631213,0.2314680470882519,-1.0612244897959184,0.3870004811533892,-16.469955549445984,0.4685009810508877,0.07916986411212257
-4.285714285714286,0.07259164338891733,0.37795822913400307,0.22153867048923753,-0.8979591836734694,0.41322170731850133,-15.624928106888476,0.49651339870159195,0.1047276039271714
-4.285714285714286,0.10011207657996635,0.36355912704568266,0.21027178049960904,-0.7346938775510204,0.4476821465860709,-14.804891794597392,0.531199907939307,0.14443119641501356
-4.285714285714286,0.14389585429075802,0.334565323054551,0.19781197667663958,-0.5714285714285714,0.49658628242999264,-14.020490995196635,0.5746543707586974,0.20759783538975762
-4.285714285714286,0.20793785890747185,0.276668388712197,0.18509563060176942,-0.40816326530612246,0.5667594069401976,-13.292628658899602,0.6233389961633756,0.2999909178588789
-4.285714285714286,0.27184795583505816,0.17739586437599483,0.1748696471062799,-0.24489795918367346,0.6438988883940521,-12.656425028715457,0.6632252271474025,0.3921936977590401
-4.285714285714286,0.3006034964015729,0.05724266824116138,0.1692618292838475,-0.08163265306122448,0.6837398378961839,-12.137952501458145,0.685089902014964,0.4336791735324321
-4.285714285714286,0.30513939851816163,-0.054018769352223495,0.16577487314413034,0.08163265306122448,0.6830478621284023,-11.72043649201663,0.68214239572591,0.4402230970219927
-4.285714285714286,0.30012694684856434,-0.15606779306380764,0.16173388406766182,0.24489795918367346,0.6634371463575655,-11.371782339519276,0.667025630614765,0.4329916578555699
-4.285714285714286,0.2855356714899657,-0.2542563296137909,0.15645655229587516,0.40816326530612246,0.6329102136534239,-11.073071725319586,0.6453571621091114,0.41194089725547345
-4.285714285714286,0.26101968891250693,-0.3476002233152994,0.1501999231898775,0.5714285714285714,0.5939690430327368,-10.816038310854521,0.6190113367933362,0.3765718107684539
-4.285714285714286,0.22938353598810646,-0.43160270479238855,0.14355986853016428,0.7346938775510204,0.550183681304385,-10.596222108394963,0.5899662921033956,0.33093048983161655
-4.285714285714286,0.1952357329627683,-0.5025851604610987,0.13714315020842177,0.8979591836734694,0.5062071202647811,-10.409555547403755,0.5625556211952496,0.2816656237497077
-4.285714285714286,0.1626910974628082,-0.559664150580133,0.13135970822113277,1.0612244897959184,0.46580737492086194,-10.251533983732429,0.5366705843424375,0.23471363950637647
-4.285714285714286,0.13411563174228114,-0.6042376721345027,0.1263815604654285,1.2244897959183674,0.4308631259882213,-10.117533240555117,0.5119158518731883,0.1934879568202792
-4.285714285714286,0.11023962707701895,-0.6386504936398352,0.12221114223705813,1.3877551020408163,0.4016778974627944,-10.003286354840862,0.48914377129175923,0.15904216329346355
-4.285714285714286,0.09082226328929544,-0.6652425119432323,0.11876568705920473,1.5510204081632653,0.3777121110416852,-9.905144412671177,0.468640176871405,0.1310288288497783
-4.285714285714286,0.07522608532039832,-0.6859574189049952,0.11593473848121297,1.7142857142857142,0.3581386516476705,-9.820123699464373,0.4503670728908089,0.10852830023722859
-4.285714285714286,0.06274285723527684,-0.7022829983913839,0.1136094951737433,1.8775510204081634,0.34212999657886717,-9.74583928299013,0.43413690100185676,0.09051880898453879
-4.285714285714286,0.05273405066055892,-0.7153173956199441,0.11169443375491708,2.0408163265306123,0.3289688919313087,-9.680401726929006,0.41971349995020873,0.07607915337397575
-4.285714285714286,0.044670989502025416,-0.7258619054291094,0.11011016204534958,2.204081632653061,0.3180713340566269,-9.622315131602205,0.4068595224720034,0.06444661502617466
-4.285714285714286,0.038135660137164296,-0.7345008247982056,0.10879215444706228,2.36734693877551,0.3089749367066196,-9.570390363060291,0.39535733497845965,0.05501812776091386
-4.285714285714286,0.032799684496541914,-0.7416637708752971,0.10769022968593189,2.5306122448979593,0.3013182465394787,-9.523675907520413,0.3850220242569611,0.04731994216588342
-4.285714285714286,0.028410721581079823,-0.7476688578035982,0.10676303854504107,2.693877551020408,0.29481978583074453,-9.481404213671892,0.37568944621637174,0.040988007133101245
-4.285714285714286,0.02477450494323663,-0.7527608112205518,0.1059709997777831,2.857142857142857,0.28926113451488744,-9.442948256186778,0.3671974076802491,0.03574205542208686
-4.285714285714286,0.02174613072063636,-0.7570734328453858,0.10530609129999735,3.020408163265306,0.2844097258213999,-9.407786653508875,0.3594875648834348,0.03137303494918564
-4.285714285714286,0.01919905240645048,-0.7608412890803071,0.104735677755312,3.183673469387755,0.2803214099657418,-9.37553970792406,0.3524530699507715,0.02769837769655359
-4.285714285714286,0.01705207997227376,-0.7640849852837357,0.10424086835573229,3.3469387755102042,0.2767055394453576,-9.345801351361061,0.34598058403360743,0.024600951212841782
-4.285714285714286,0.015213759538119431,-0.7669365017678433,0.10381658140616809,3.510204081632653,0.27350914640847934,-9.318301746676358,0.34000803392555157,0.021948815438922242
-4.285714285714286,0.013644944505607493,-0.7694354103215483,0.10344734913416391,3.673469387755102,0.27060175007595866,-9.292780309416315,0.3344401887492401,0.019685493771445017
-4.285714285714286,0.012017238710139155,-0.7717876481611544,0.10311044525238441,3.836734693877551,0.2680927561954235,-9.267658240875614,0.3277459357093588,0.017337210692296434
-4.285714285714286,0.01112737526608032,-0.7736412248198963,0.10283475659010481,4.0,0.26595586037675795,-9.246841887225044,0.32453473517669,0.016053409114484385
-4.040816326530612,0.012419942134088036,0.39038306671849093,0.28910682091780304,-4.0,0.24207777193212604,-32.706894410332104,0.27602669963452003,0.017918188924976874
-4.040816326530612,0.00850567134117175,0.3913224694807932,0.2888121190328906,-3.836734693877551,0.24288366850038842,-31.748195182927,0.2776254039871688,0.012271089863340023
-4.040816326530612,0.011103837755624069,0.3905773257483604,0.28762603641980905,-3.673469387755102,0.24663491777586363,-30.791111917452714,0.28547382943046884,0.01601945166487484
-4.040816326530612,0.009984462216053869,0.39081162776725636,0.2867791036427504,-3.510204081632653,0.24915453889801423,-29.835690761319384,0.2902447470543762,0.0144045341250445
-4.040816326530612,0.01173966979171115,0.390329609769368,0.2854640904004199,-3.3469387755102042,0.25316095564916336,-28.882236044958475,0.29784713979279315,0.016936763390175358
-4.040816326530612,0.007730472714907011,0.39149831027323784,0.2847351402438847,-3.183673469387755,0.2550563486772214,-27.93045096974209,0.2976216761267011,0.01115271464952361
-4.040816326530612,0.012718292302120737,0.3901116971061084,0.2826697785991199,-3.020408163265306,0.26132623382814407,-26.9821183996553,0.31222531730195513,0.0183486172328462
-4.040816326530612,0.013241199677001658,0.3900604454090522,0.28098260196122227,-2.857142857142857,0.2661197606694257,-26.036090835922643,0.3201587021320186,0.019103013109430744
-4.040816326530612,0.01372879409114991,0.39007128566832383,0.27906177384941966,-2.693877551020408,0.2714659487725034,-25.093256470518444,0.3286511647260801,0.019806463152687748
-4.040816326530612,0.014741305167322638,0.3899990650613864,0.2768014503729142,-2.5306122448979593,0.27767559849117385,-24.154080544615564,0.3381627377657541,0.021267207861127346
-4.040816326530612,0.015609332679500154,0.3900527446838592,0.27423095909659356,-2.36734693877551,0.2845569583081338,-23.21912032468915,0.3481877411321343,0.02251950684830062
-4.040816326530612,0.016997585607102073,0.39003964319617623,0.271214123762765,-2.204081632653061,0.2925033505400022,-22.289035641774653,0.3593350302862724,0.024522332462451946
-4.040816326530612,0.01882113986000955,0.38999154668665637,0.26769484730340415,-2.0408163265306123,0.3015925365026612,-21.36462020809592,0.3715650999082909,0.02715316513991395
-4.040816326530612,0.02120239402061408,0.3898680280138381,0.2635838945952872,-1.8775510204081634,0.3120019425978565,-20.446827720310605,0.385008656866084,0.030588588708513775
-4.040816326530612,0.024443698875665998,0.3895499743514139,0.2587651306572049,-1.7142857142857142,0.32399388284396496,-19.536810600027586,0.3999259187816765,0.03526480314890623
-4.040816326530612,0.028794459440459663,0.3888988391755429,0.25312664132195384,-1.5510204081632653,0.3378175794867871,-18.635970847470585,0.41652209515746197,0.04154162383982962
-4.040816326530612,0.034765411572342586,0.38761874812497876,0.24653585363142216,-1.3877551020408163,0.35385103518395306,-17.746034414840846,0.4351823473536509,0.05015588686988259
-4.040816326530612,0.043126408910337366,0.38519346287056977,0.23885911095303447,-1.2244897959183674,0.3726331696420342,-16.869173470756273,0.4564542777546853,0.06221825626629318
-4.040816326530612,0.0551646547641329,0.38066917130792743,0.2299685575808928,-1.0612244897959184,0.395066747214926,-16.00823730291434,0.4811976775642326,0.07958577386056609
-4.040816326530612,0.07312375769931512,0.37221046494242976,0.21975971572537656,-0.8979591836734694,0.42284008942987256,-15.16724336294312,0.5107682659076616,0.10549528260396812
-4.040816326530612,0.10090320789968188,0.3561170397447073,0.20819917930547724,-0.7346938775510204,0.4592510755049447,-14.352506108685365,0.5470930815793227,0.1455725576466591
-4.040816326530612,0.14416016982896918,0.32484213361046055,0.19550977846329332,-0.5714285714285714,0.5100733974938867,-13.57525173577959,0.5915787643947218,0.20797916210596412
-4.040816326530612,0.20441283007079347,0.2652451095937172,0.18280296481112732,-0.40816326530612246,0.579842047224204,-12.85659704529407,0.6388800930625771,0.294905376237212
-4.040816326530612,0.26070210431657004,0.16856060623432328,0.1728584322065872,-0.24489795918367346,0.651574030303905,-12.229130827956228,0.6777746800627142,0.37611363304683243
-4.040816326530612,0.2857476024659329,0.05468124474733933,0.16741975389172528,-0.08163265306122448,0.6870865342299955,-11.713753579312206,0.6970945668192398,0.41224664902351194
-4.040816326530612,0.29086744751640126,-0.05213237136440914,0.16401598016331412,0.08163265306122448,0.6861001605022328,-11.293894492855788,0.6935699374660347,0.4196330240879429
-4.040816326530612,0.28754573931794414,-0.1516671334114565,0.1601338742083841,0.24489795918367346,0.6672555237430846,-10.94090529223121,0.6783837396652302,0.41484081214274804
-4.040816326530612,0.27518752359724497,-0.24816838615042913,0.15507646774699482,0.40816326530612246,0.6376949669068697,-10.63746658657135,0.6565043478559272,0.39701167560826
-4.040816326530612,0.253175166753707,-0.34047735491289316,0.1490554003004544,0.5714285714285714,0.599756547644786,-10.37569582642677,0.6297738906504404,0.36525455755180936
-4.040816326530612,0.22389556568987046,-0.4241938933782369,0.14262883863547962,0.7346938775510204,0.5567476648871992,-10.151258034245965,0.6002359379250779,0.3230130222978054
-4.040816326530612,0.19161637736359416,-0.4955448784023007,0.13638423556044083,0.8979591836734694,0.5131184673782013,-9.960212737143236,0.571438486113587,0.27644399737556524
-4.040816326530612,0.16035823430637985,-0.553374189959705,0.13073147647596833,1.0612244897959184,0.4726418631156751,-9.798171528986275,0.5450739690383535,0.2313480293995247
-4.040816326530612,0.13258668677898733,-0.5988154502208544,0.12585191807574397,1.2244897959183674,0.43733558065322153,-9.660573352942478,0.5197558919607446,0.19128215550394323
-4.040816326530612,0.10918803315687398,-0.6340533542691016,0.1217577515852533,1.3877551020408163,0.40765111857544944,-9.543157906663033,0.49638885477769434,0.1575250339598422
-4.040816326530612,0.09005136722797391,-0.6613622775522302,0.11837319109181285,1.5510204081632653,0.38314993355866167,-9.442246598736155,0.4753000933833464,0.1299166609250686
-4.040816326530612,0.07462454215072811,-0.6826744401879011,0.1155921605834062,1.7142857142857142,0.36305905058176774,-9.35481026560597,0.456476286171065,0.10766045688946457
-4.040816326530612,0.06224921318282539,-0.6994889405848992,0.11330859208573932,1.8775510204081634,0.34657467927719454,-9.278415731454418,0.43974131804075245,0.08980663115810161
-4.040816326530612,0.052314015831822935,-0.7129220432399835,0.11142868050549877,2.0408163265306123,0.33298671186959367,-9.211128765800268,0.4248613512693215,0.07547317120955777
-4.040816326530612,0.044305407883159065,-0.7237930246210282,0.10987448248976421,2.204081632653061,0.3217097086538695,-9.151414366479,0.41159739937164685,0.06391919223759723
-4.040816326530612,0.03781243310732907,-0.7327001984324337,0.10858241260387747,2.36734693877551,0.3122787536774792,-9.098050262990828,0.3997301223784522,0.054551809727888756
-4.040816326530612,0.03251217185473765,-0.7400852785467946,0.10750228231469876,2.5306122448979593,0.3043273063458932,-9.050057199153496,0.38906659424574963,0.04690514910336008
-4.040816326530612,0.028150225347097768,-0.7462755707579312,0.10659381113516217,2.693877551020408,0.2975706453527271,-9.00664450174763,0.37944283828505115,0.04061219050816467
-4.040816326530612,0.024546363212326172,-0.7515165316976227,0.10582515047797718,2.857142857142857,0.29178251913563014,-8.967169049531382,0.3707121927557785,0.03541291647828171
-4.040816326530612,0.02153869259419139,-0.7559934259161185,0.10517060097237499,3.020408163265306,0.286790327643671,-8.931102301458202,0.3627639900714919,0.031073764992871844
-4.040816326530612,0.019004373070200753,-0.759857291766993,0.10461085403425133,3.183673469387755,0.28245467281213255,-8.8980049489733,0.3554887883205617,0.02741751478358223
-4.040816326530612,0.01687256343122745,-0.763204477948056,0.10412236812628659,3.3469387755102042,0.2786681726532943,-8.867514664650749,0.34881172588619375,0.024341963589316506
-4.040816326530612,0.015026467061328486,-0.7661120689340774,0.10372126729291928,3.510204081632653,0.275122237583163,-8.839311301625365,0.34260263078593844,0.021678609511459612
-4.040816326530612,0.013506998197424736,-0.7687589252991444,0.10333982611750311,3.673469387755102,0.27237886429841424,-8.813143182093155,0.3368306207696721,0.01948647931672065
-4.040816326530612,0.012181202707715277,-0.7709809422769712,0.1030314431686439,3.836734693877551,0.26993039145836906,-8.788856949954257,0.33181491745839314,0.017573760738483823
-4.040816326530612,0.011019420546859893,-0.7730224774407869,0.10275151105979971,4.0,0.26749067325056713,-8.766127004402776,0.3267902626976414,0.01589766337642473
-3.795918367346939,0.00818437082146839,0.3910097562905502,0.2897041367918313,-4.0,0.24098107910897068,-32.22437116666369,0.2691664149238536,0.011807551196928667
-3.795918367346939,0.018115413571382133,0.3877240155178264,0.28743091702893747,-3.836734693877551,0.2483766510865367,-31.266320984383682,0.2835413233915889,0.026135017323085652
-3.795918367346939,0.013976172354133398,0.38891756046491804,0.2871676638856212,-3.673469387755102,0.24919607540825178,-30.31045452614535,0.29118992718245823,0.02016335454591811
-3.795918367346939,0.012284111452904645,0.389271299013894,0.28639288011721437,-3.510204081632653,0.2515365315645431,-29.355543404207204,0.29583299194667617,0.01772222667483314
-3.795918367346939,0.014285870223214037,0.3885985828321644,0.2850127349388771,-3.3469387755102042,0.2558423412512941,-28.402558963249852,0.30374209317250483,0.020610154125813906
-3.795918367346939,0.013099892520372913,0.3888737797750488,0.2838930949697459,-3.183673469387755,0.2591243220866742,-27.451860899431846,0.3096709782027487,0.018899149975320384
-3.795918367346939,0.013375669612503582,0.38875231249411496,0.2824104731552783,-3.020408163265306,0.26349948642761056,-26.503654882302843,0.3172007012058493,0.01929701221852831
-3.795918367346939,0.013977375437936201,0.3885730687439758,0.28067898303509203,-2.857142857142857,0.2685326073538607,-25.55831337971156,0.32554937321620353,0.02016509022895363
-3.795918367346939,0.014565875801646255,0.38843960811123723,0.278706922999106,-2.693877551020408,0.2741496299982097,-24.616241652287492,0.33447942411614584,0.02101411678523979
-3.795918367346939,0.015446614965229033,0.38827028878232167,0.2764114142026748,-2.5306122448979593,0.28057644291601946,-23.677920326179954,0.3443055049911173,0.02228475480885672
-3.795918367346939,0.016432851446808838,0.3881278465741524,0.2737665423146029,-2.36734693877551,0.2878270233843737,-22.743921386986518,0.3549178419391969,0.02370759328997618
-3.795918367346939,0.017760385107044696,0.38794605349506717,0.27068215694577596,-2.204081632653061,0.29612208068071827,-21.814928612873402,0.366568840263983,0.02562281951821177
-3.795918367346939,0.019498066675481374,0.3877030553909063,0.26708119291170224,-2.0408163265306123,0.3056169052443489,-20.891762800219595,0.37936389370737805,0.028129764099638965
-3.795918367346939,0.021813714336427426,0.38733410586258166,0.26286543815473334,-1.8775510204081634,0.31652267353223806,-19.975413490427886,0.3934829990425967,0.03147053749653228
-3.795918367346939,0.024932650135120804,0.38673308949411594,0.25792345901989033,-1.7142857142857142,0.3290856633591,-19.06707996072574,0.40914032901287906,0.03597021070615858
-3.795918367346939,0.029189481132824158,0.38571484053052246,0.25212979143448844,-1.5510204081632653,0.343611580808892,-18.168226726528303,0.4266204690464419,0.04211151967644744
-3.795918367346939,0.03509120580681091,0.38395676813665525,0.2453487824752046,-1.3877551020408163,0.3605033273571689,-17.280665188374357,0.44631888561079397,0.05062590859630012
-3.795918367346939,0.0434350160768171,0.3808886958979819,0.23744176026330566,-1.2244897959183674,0.3803479545803174,-16.406688512333325,0.468814212320641,0.06266348229495655
-3.795918367346939,0.05554045036230204,0.37547013308781446,0.22827844557509822,-1.0612244897959184,0.40411549250574563,-15.549324907985612,0.4949917577759394,0.08012793230643256
-3.795918367346939,0.07364913008680007,0.3657336472775585,0.21776060828900096,-0.8979591836734694,0.433568607066532,-14.712867612412326,0.5261830619264232,0.10625323474201265
-3.795918367346939,0.1014530644633238,0.34782446614310675,0.20588644618968716,-0.7346938775510204,0.47197647912486607,-13.904055890364313,0.5640882371572766,0.1463658329842259
-3.795918367346939,0.1436338364384364,0.31428088187280667,0.1929753910896354,-0.5714285714285714,0.5244589215163067,-13.134650820695281,0.6092611017858213,0.2072198235335887
-3.795918367346939,0.19934567301646644,0.25340974809640826,0.18032021133631063,-0.40816326530612246,0.5930652355127446,-12.425693850621544,0.6545583324747642,0.28759501388352904
-3.795918367346939,0.24816909607251825,0.15983853898439554,0.1706787186227152,-0.24489795918367346,0.6590619140271782,-11.806816237523933,0.6924976861682769,0.35803232420571884
-3.795918367346939,0.2699596701405411,0.05215754757415873,0.16541128004163508,-0.08163265306122448,0.6905046298862187,-11.294155895443009,0.709303363371296,0.38946947735177906
-3.795918367346939,0.27569893468381146,-0.050226355364794514,0.16210107816110916,0.08163265306122448,0.6892466564406816,-10.87171487639994,0.7052347753699454,0.3977494858467052
-3.795918367346939,0.2740803622128938,-0.14714108588426117,0.1583918122262261,0.24489795918367346,0.6711773526490078,-10.514126203825164,0.6900500563408994,0.39541437936959234
-3.795918367346939,0.26400345344383447,-0.24184849922038448,0.15357243071412865,0.40816326530612246,0.6426090700465854,-10.205643699679486,0.6680039864680589,0.3808764730609795
-3.795918367346939,0.24458310933660488,-0.3330274693300935,0.14780728135073723,0.5714285714285714,0.6057083932862228,-9.938799413326532,0.6409166870472698,0.35285883892512304
-3.795918367346939,0.21778735864227472,-0.41638142609174,0.14161438387772873,0.7346938775510204,0.5635218284296004,-9.709400183115475,0.6108964504219135,0.3142007422815163
-3.795918367346939,0.1875227966928461,-0.4880605788299234,0.13555963679180133,0.8979591836734694,0.5202839488864586,-9.513641895410341,0.5806145212781854,0.2705382088423982
-3.795918367346939,0.15768677703702227,-0.5466421043033342,0.13005162207548754,1.0612244897959184,0.4797553654952072,-9.347262320984289,0.553773053365211,0.2274939312450761
-3.795918367346939,0.13082650937610274,-0.5929841361186912,0.12528110895993347,1.2244897959183674,0.4440876746853456,-9.205773010762034,0.5278833754908666,0.1887427562937174
-3.795918367346939,0.10798192591412348,-0.6290950776917813,0.12127083580356057,1.3877551020408163,0.41388629691224094,-9.084926173644934,0.5039048904612178,0.15578498902194582
-3.795918367346939,0.0891778486795225,-0.6571716390585356,0.11795284475479104,1.5510204081632653,0.3888224741344655,-8.981015086510087,0.4822098163683327,0.1286564400470933
-3.795918367346939,0.07395474906011867,-0.6791281096093079,0.11522608094352652,1.7142857142857142,0.36818410453000533,-8.890963605904812,0.46281252361339675,0.10669414971922109
-3.795918367346939,0.06171004790342027,-0.6964725605614424,0.11298759426728915,1.8775510204081634,0.351194887265885,-8.812287211743786,0.4455501544519923,0.08902878008328541
-3.795918367346939,0.0518638880636495,-0.7103390803135902,0.11114570980807743,2.0408163265306123,0.337153483282773,-8.743003282682986,0.4301926682586487,0.07482377411064745
-3.795918367346939,0.043920198583050185,-0.7215644336934114,0.109623727885512,2.204081632653061,0.32547507984634716,-8.681534201094673,0.4165005010451993,0.06336345269062527
-3.795918367346939,0.037476940974759954,-0.7307638297793901,0.10835938029898766,2.36734693877551,0.31568978177121476,-8.626621394271941,0.404249936489559,0.054067796891974496
-3.795918367346939,0.0322174351009934,-0.7383906328568297,0.10730286005936111,2.5306122448979593,0.3074269416410583,-8.577255154848897,0.3932433379581187,0.04647993385036475
-3.795918367346939,0.027893753028835233,-0.7447825226192485,0.10641490072389999,2.693877551020408,0.30039518372815166,-8.532619570927578,0.3833122075082236,0.040242179166482206
-3.795918367346939,0.024312549811379425,-0.7501923834610749,0.10566398893135956,2.857142857142857,0.29436845733690264,-8.492049933770504,0.374308436025695,0.03507559504424318
-3.795918367346939,0.021336602575793062,-0.7548125786721391,0.10502470888683764,3.020408163265306,0.28915817243183045,-8.454998366005544,0.3661133332586681,0.03078221072551557
-3.795918367346939,0.018823295557879316,-0.7587963222907209,0.10447937779083113,3.183673469387755,0.284633121816494,-8.421019836846682,0.35862562300335177,0.02715627515454022
-3.795918367346939,0.0167105310995892,-0.7622501763962307,0.10400903627605129,3.3469387755102042,0.2806745699002892,-8.38972989913236,0.3517545392809186,0.02410820034799821
-3.795918367346939,0.014918228839465808,-0.7652798124075799,0.10359982900413434,3.510204081632653,0.27717882719596465,-8.360813057442993,0.34539708961934806,0.021522454765544374
-3.795918367346939,0.013330726064937348,-0.7679697739967877,0.10326682514845678,3.673469387755102,0.27412517734570624,-8.333944151056052,0.33946663601934846,0.019232172385334145
-3.795918367346939,0.012041567145528065,-0.7702916278187735,0.1029434947981043,3.836734693877551,0.2713542933746435,-8.309066790531633,0.33412243582519996,0.017372309205384795
-3.795918367346939,0.01094459975374562,-0.772376896651669,0.10265467438071445,4.0,0.2689257391966856,-8.285775876993888,0.3290205108542164,0.01578971978924315
-3.5510204081632653,0.012663431914270662,0.3887262540635959,0.28893380235276134,-4.0,0.2445301209471494,-31.744516373360646,0.2826663825921291,0.01826947042335325
-3.5510204081632653,0.01081645888431959,0.3890269813246986,0.2883715457132256,-3.836734693877551,0.2463617578569889,-30.786645724198777,0.2863694920247291,0.015604851592387448
-3.5510204081632653,0.012898474531501725,0.3882714802072543,0.28721019423689087,-3.673469387755102,0.25015106808119514,-29.83045509399921,0.29401778763887976,0.018608565241629904
-3.5510204081632653,0.02784792030245864,0.3834896207109441,0.28408168141380596,-3.510204081632653,0.2604133533868711,-28.875204917593308,0.307965585041216,0.040176056519428016
-3.5510204081632653,0.013939016946960647,0.38761653570801446,0.2849232392140391,-3.3469387755102042,0.25738563355449917,-27.9236492661287,0.307648695768194,0.020109750624247358
-3.5510204081632653,0.016881598070530357,0.386611121095973,0.2832473866047443,-3.183673469387755,0.26266009186334316,-26.973497146942652,0.3168203156957951,0.024354997818635038
-3.5510204081632653,0.014310180803453365,0.3872044534240379,0.2821027043105381,-3.020408163265306,0.2659730559234106,-26.02602087670962,0.322666617946765,0.02064522687936643
-3.5510204081632653,0.015203344788063733,0.38682370050047254,0.2802955558775445,-2.857142857142857,0.2713606124846666,-25.081438227440813,0.33160333470462594,0.021933790130664654
-3.5510204081632653,0.01572270081903393,0.386577890421764,0.2782892765039991,-2.693877551020408,0.2772044342377556,-24.140211573922603,0.340877931918462,0.022683062501001494
-3.5510204081632653,0.01653295246744757,0.3862759964036931,0.27594842578172973,-2.5306122448979593,0.2839019103777893,-23.202837538812837,0.35109868282510814,0.023852008536039637
-3.5510204081632653,0.017457017758052862,0.3859739977479103,0.2732440325992602,-2.36734693877551,0.29148120506575226,-22.269908029485386,0.3621835841372816,0.025185152948253187
-3.5510204081632653,0.01873618371883823,0.3855963043851474,0.2700821601571306,-2.204081632653061,0.30017556471277995,-21.34213168812062,0.37439685414992335,0.02703059933635288
-3.5510204081632653,0.02040380805677766,0.3851248565066875,0.2663868871491254,-2.0408163265306123,0.31013757318780383,-20.42036103733428,0.3878268934514457,0.02943647269876326
-3.5510204081632653,0.02262875015334931,0.38448337103322394,0.2620553651139204,-1.8775510204081634,0.3215954764982196,-19.505626613239546,0.4026705049826546,0.03264638562775257
-3.5510204081632653,0.02564440318726513,0.3835479121091863,0.2569703404290967,-1.7142857142857142,0.3348187366993444,-18.599181332606086,0.4191644608364626,0.036997053304824945
-3.5510204081632653,0.029789676409490484,0.38211055002495253,0.25100085237109715,-1.5510204081632653,0.35013859827792426,-17.702561166476645,0.43761310811870396,0.0429774184256595
-3.5510204081632653,0.035605506121083375,0.37980348976714173,0.24400332218532422,-1.3877551020408163,0.36800174806574243,-16.817674966824207,0.45845123723168496,0.05136788710922868
-3.5510204081632653,0.04389456187435159,0.3760046784570982,0.23583572947117887,-1.2244897959183674,0.3890362011028358,-15.946952942033915,0.4822712755308022,0.06332646673812059
-3.5510204081632653,0.055999190982485514,0.3695810870778168,0.22636632851070132,-1.0612244897959184,0.41427365425708357,-15.093623068516793,0.509971043633127,0.08078975512422559
-3.5510204081632653,0.07411823734322165,0.35843828143493484,0.2155080454734831,-0.8979591836734694,0.4455189498792846,-14.262277593627447,0.5428134550456524,0.10693001345449726
-3.5510204081632653,0.10163466355413697,0.33861052191065155,0.20330276532879177,-0.7346938775510204,0.48590801060444877,-13.460087794013202,0.5821670524106081,0.1466278250919717
-3.5510204081632653,0.14210230740689833,0.3028814329527519,0.1901866873919164,-0.5714285714285714,0.5396615836713966,-12.699263248355788,0.6275696470516285,0.20501029419481132
-3.5510204081632653,0.1925933649448841,0.24124449862997688,0.1776314299085439,-0.40816326530612246,0.6062848638994077,-12.000423435534024,0.6702142836798093,0.2778534925141023
-3.5510204081632653,0.23425864469978408,0.15126040979416522,0.16831259175193433,-0.24489795918367346,0.666329996917767,-11.389889020459655,0.7073160717493627,0.3379637849937489
-3.5510204081632653,0.2532312263096361,0.049672376957094345,0.1632193891413246,-0.08163265306122448,0.693974043218944,-10.87953934211073,0.7216566428298887,0.3653354343951425
-3.5510204081632653,0.25961394041138686,-0.04830164524699283,0.16001431679590497,0.08163265306122448,0.692470356055618,-10.454262210640504,0.7170858350036113,0.3745437443771511
-3.5510204081632653,0.2597001396309573,-0.14248754913598288,0.15649300101708924,0.24489795918367346,0.6751888016304519,-10.091794464774287,0.7019858035452027,0.37466810356375335
-3.5510204081632653,0.2519444532412709,-0.23528699455782293,0.15193113832618535,0.40816326530612246,0.6476438047433611,-9.777932139304143,0.6798298476217327,0.3634790132706627
-3.5510204081632653,0.23520006205374977,-0.3252329033062126,0.14644395742763394,0.5714285714285714,0.6118218347486508,-9.50565300047996,0.6524268124552213,0.33932196314172147
-3.5510204081632653,0.21101566820367545,-0.4081397200291688,0.14050675066933388,0.7346938775510204,0.5705099931687072,-9.270924802144767,0.6219462812215617,0.3044312580673134
-3.5510204081632653,0.18291700411814604,-0.48009968592577384,0.13466144439464575,0.8979591836734694,0.5277147694626259,-9.070090530108184,0.5903632872250909,0.26389345473551584
-3.5510204081632653,0.15464739176991782,-0.5394311994549501,0.12931387856337956,1.0612244897959184,0.48716590654937886,-8.899025102397124,0.5627718298663782,0.22310902519287268
-3.5510204081632653,0.12881491981230342,-0.5867066151238616,0.12466419197645158,1.2244897959183674,0.45114193108424044,-8.753323274043863,0.5363072455185103,0.18584064600571937
-3.5510204081632653,0.10660876258543261,-0.6237409915806446,0.12074646151602957,1.3877551020408163,0.42040765302010685,-8.62875663261611,0.5117036498860733,0.15380393309731266
-3.5510204081632653,0.08819470413312813,-0.6526398512939776,0.117501468260455,1.5510204081632653,0.3947534658245352,-8.521592502129419,0.489382296316669,0.12723806228553336
-3.5510204081632653,0.0732133672394506,-0.6752920128871304,0.1148338881291596,1.7142857142857142,0.37353576979858777,-8.428706430015065,0.4693888328600946,0.10562456184313795
-3.5510204081632653,0.06112432540540058,-0.6932114783127716,0.112644373583936,1.8775510204081634,0.3560103502788653,-8.347559343868241,0.45157609628502743,0.08818376114005444
-3.5510204081632653,0.05138385087188713,-0.7075493377484962,0.11084358418808729,2.0408163265306123,0.34148709068660643,-8.276116360487158,0.4357194463290941,0.07413122683465012
-3.5510204081632653,0.04351602068758287,-0.7191612278583147,0.10935644381140901,2.204081632653061,0.32938172119906495,-8.212753407196137,0.42157852928975986,0.06278034724519754
-3.5510204081632653,0.037150750505072105,-0.7286735270654836,0.10812802607559265,2.36734693877551,0.3192190950622911,-8.156165574223603,0.40895642079238864,0.05359720351897046
-3.5510204081632653,0.0319162325143425,-0.7365690809741605,0.10709093204983514,2.5306122448979593,0.3106279702146483,-8.1053293098366,0.39756188708361534,0.04604539037230104
-3.5510204081632653,0.027631744578601625,-0.7431796098408958,0.10622534140546254,2.693877551020408,0.303306438579887,-8.05938103857368,0.38731185314944444,0.03986418087465937
-3.5510204081632653,0.024082031829999684,-0.7487764872321664,0.10549335887799242,2.857142857142857,0.29702135163814936,-8.017639719922292,0.37802101695964974,0.03474302789567085
-3.5510204081632653,0.02112503734043325,-0.7535548004062692,0.10487114633775654,3.020408163265306,0.2915899348595719,-7.9795397992365835,0.3695682852394787,0.030476986609636825
-3.5510204081632653,0.018644763302547274,-0.7576699700937273,0.10433935574752232,3.183673469387755,0.2868635124675622,-7.9446130514290125,0.3618487691940144,0.02689870755513324
-3.5510204081632653,0.016556335563969293,-0.7612411023597702,0.10388260156444944,3.3469387755102042,0.2827223746382743,-7.912468749411175,0.35475861263485403,0.02388574321343251
-3.5510204081632653,0.014752736700923474,-0.7643671140394532,0.10349100929162261,3.510204081632653,0.27908246559760963,-7.88277150432349,0.3482365921736027,0.021283700077962653
-3.5510204081632653,0.013252102911320618,-0.7670996406360571,0.10314216629801505,3.673469387755102,0.27586461368477655,-7.85526212671699,0.34222744578381886,0.01911874315151252
-3.5510204081632653,0.011926208488446832,-0.7695406710025334,0.10284445479925755,3.836734693877551,0.2729809241297579,-7.829681042578071,0.33661176544616656,0.017205881842889514
-3.5510204081632653,0.010811388022120116,-0.7716763896897278,0.10258295479439576,4.0,0.2704517589664383,-7.805853221250929,0.33150034906243747,0.015597535884638969
-3.306122448979592,0.013251275385822714,0.3876729923698758,0.2887841967577621,-4.0,0.24610064879007862,-31.264164815703015,0.28654477136264483,0.019117549284580537
-3.306122448979592,0.016939592993112873,0.3863421770802259,0.2874681136860549,-3.836734693877551,0.25051352059263543,-30.30676588815144,0.2949238320371753,0.02443866680584117
-3.306122448979592,0.014584630349524064,0.3867689353477101,0.28688474235181616,-3.673469387755102,0.2524541600165401,-29.351109269459318,0.2992215128136117,0.02104117387845683
-3.306122448979592,0.01479847869497819,0.3864431148841468,0.2858307456002386,-3.510204081632653,0.2558987421192607,-28.39726288241415,0.3058001591990819,0.02134969182594615
-3.306122448979592,0.015132233913998983,0.3860831574382851,0.2846242071032926,-3.3469387755102042,0.2597754162265363,-27.445496877644203,0.312945330933042,0.021831198825298603
-3.306122448979592,0.015512737245971353,0.3857112212507886,0.2832521103485602,-3.183673469387755,0.2641070638021378,-26.496076482416235,0.320644890885704,0.022380149095376556
-3.306122448979592,0.016044099536347334,0.38529690427323393,0.2816727138731312,-3.020408163265306,0.2690086729880162,-25.549312120799264,0.3290484472051218,0.023146742836617218
-3.306122448979592,0.016470059658655778,0.3849237098913035,0.27988860292356,-2.857142857142857,0.2744339166518368,-24.60556991351968,0.3379769937920675,0.023761273392687965
-3.306122448979592,0.017161531764062987,0.38447393282411213,0.2778073382748961,-2.693877551020408,0.2806532029856756,-23.66528189482377,0.3478350111622721,0.024758856770072057
-3.306122448979592,0.017362846884293903,0.38418220802619507,0.275487580465151,-2.5306122448979593,0.28741475381710946,-22.72896055497126,0.358078131204425,0.0250492930956856
-3.306122448979592,0.01876241142224866,0.38353990231555013,0.27264649149183107,-2.36734693877551,0.29560217605199923,-21.797226824577475,0.3700857381015348,0.02706843791399649
-3.306122448979592,0.019986429660582505,0.38294210631857223,0.26939865787614564,-2.204081632653061,0.3047441776168987,-20.870810963341928,0.3829061136130992,0.028834322956398317
-3.306122448979592,0.021575404546694932,0.38221262408469336,0.2655978548768444,-2.0408163265306123,0.3152316058687579,-19.950604294838186,0.39702550071391535,0.03112672914469039
-3.306122448979592,0.023711187396852074,0.3812571707183493,0.26113420586368086,-1.8775510204081634,0.32731873919339943,-19.03768439241817,0.41266950040688816,0.03420801247102734
-3.306122448979592,0.02661944480926226,0.3799364447392376,0.2558857330113022,-1.7142857142857142,0.3412937297184945,-18.133365747880763,0.4300864990357392,0.038403741017540405
-3.306122448979592,0.030649886968018736,0.37801277852634146,0.24971430697468175,-1.5510204081632653,0.35751927340358025,-17.239266213583964,0.44960700659726877,0.04421843993256802
-3.306122448979592,0.036339181263207454,0.3750829563943379,0.24247126624715243,-1.3877551020408163,0.3764725190484702,-16.35740578272352,0.47167829559877256,0.052426356598394896
-3.306122448979592,0.0445200184336183,0.3704554304495972,0.23400824415423727,-1.2244897959183674,0.3988330818124505,-15.490369421781235,0.4969210913011043,0.06422880981446655
-3.306122448979592,0.05652615869415745,0.3629077573803292,0.22419549721706034,-1.0612244897959184,0.425674400550497,-14.641606265987287,0.5262131014794973,0.08155000882856411
-3.306122448979592,0.07446139989681955,0.35023236278098585,0.2129641608114387,-0.8979591836734694,0.45879347907092577,-13.816026745604624,0.5606880648738565,0.10742509236879183
-3.306122448979592,0.10129017887033576,0.3284165897281174,0.20041503462906157,-0.7346938775510204,0.50105820723561,-13.021222932253012,0.6012601741381833,0.14613083874698907
-3.306122448979592,0.1393401419949818,0.2906721863344756,0.18712136456013112,-0.5714285714285714,0.5555469004668104,-12.269717527786968,0.6463153719838188,0.20102533185292426
-3.306122448979592,0.1840547566216837,0.22884576762785852,0.17471962556895754,-0.40816326530612246,0.6193426989162594,-11.581315721082479,0.6856661638384409,0.2655348846301284
-3.306122448979592,0.21900741629057063,0.14285428794809182,0.16574071710048438,-0.24489795918367346,0.6733420311477994,-10.978780536959283,0.7221356367363084,0.3159609134003114
-3.306122448979592,0.23557089881892712,0.047226631323927834,0.16082581135670254,-0.08163265306122448,0.6974675218663495,-10.470310047483652,0.7340788168567685,0.33985696750382166
-3.306122448979592,0.24260641865306964,-0.04635948047424845,0.15773861609179265,0.08163265306122448,0.6957478669839972,-10.041928243608217,0.7290573611114215,0.3500070770786148
-3.306122448979592,0.24438481206347884,-0.1377054726198797,0.15442147078522322,0.24489795918367346,0.6792702248338977,-9.674287527403832,0.7141387027059146,0.35257275643256225
-3.306122448979592,0.23897815736251382,-0.22847529118244597,0.150137962991111,0.40816326530612246,0.6527852605310691,-9.354689485624199,0.6919440009995301,0.34477260250768094
-3.306122448979592,0.22498573733604954,-0.3170765555587372,0.14495250721410202,0.5714285714285714,0.6180897983064264,-9.076588582394361,0.6642820825038835,0.3245858075254664
-3.306122448979592,0.2035376655709975,-0.39944289792540505,0.1392949636321359,0.7346938775510204,0.5777126650652491,-8.83613496224937,0.6333771563580417,0.293642780753395
-3.306122448979592,0.1777597168334728,-0.4716282240593273,0.13368067812400083,0.8979591836734694,0.5354200468946658,-8.6298311454432,0.6012173737379428,0.2564530619454777
-3.306122448979592,0.1512088551579842,-0.5317022904109234,0.12851108886435222,1.0612244897959184,0.4948908327130808,-8.453701363530197,0.5720707621680943,0.21814826547492228
-3.306122448979592,0.12653006511689524,-0.5799425436129093,0.12399551059280225,1.2244897959183674,0.4585214936500618,-8.303435446809875,0.5450343990576194,0.18254429746750267
-3.306122448979592,0.10505486700233213,-0.6179529486930377,0.12018012645330334,1.3877551020408163,0.42724093611990066,-8.174832438717202,0.5197959429255158,0.15156213564551413
-3.306122448979592,0.08709432351044089,-0.6477328216017367,0.11701542778979379,1.5510204081632653,0.4009686493544839,-8.06413669453813,0.4968302540209322,0.12565054861809255
-3.306122448979592,0.07239686253470445,-0.67113672556178,0.11441260042263005,1.7142857142857142,0.37913814709173643,-7.9681744371023555,0.47621846845990606,0.1044465945547377
-3.306122448979592,0.06049108623888544,-0.6896807996854153,0.1122764429834362,1.8775510204081634,0.36104274224929656,-7.884348775591278,0.4578320865884776,0.08727019013482717
-3.306122448979592,0.05087432734153441,-0.7045322429752382,0.11052029143795301,2.0408163265306123,0.3460062770617662,-7.810568427467193,0.441453590457698,0.07339613976419379
-3.306122448979592,0.0430944027829423,-0.7165656943409685,0.10907087436202652,2.204081632653061,0.33344641272073966,-7.745158673902586,0.42684313554310416,0.0621720811850226
-3.306122448979592,0.036774220866960805,-0.7264304231212757,0.10786846393070866,2.36734693877551,0.32288583660639897,-7.686777506768774,0.4137710057469106,0.05305398607731959
-3.306122448979592,0.03161071471636734,-0.7346086179700313,0.10686455688228913,2.5306122448979593,0.3139429843412602,-7.634344876631039,0.40202824115080577,0.04560462136025878
-3.306122448979592,0.027365860723175706,-0.7414603799082446,0.10602305808307366,2.693877551020408,0.30631338996286284,-7.5869862286179615,0.39144291440668877,0.0394805915549834
-3.306122448979592,0.023851946896409126,-0.7472571334483595,0.10531178468139116,2.857142857142857,0.2997593053438461,-7.543987916383492,0.38185352723423305,0.03441108550299621
-3.306122448979592,0.020926616907095852,-0.7522053131735269,0.10470791638690968,3.020408163265306,0.2940911076070571,-7.504763162166531,0.3731277565834777,0.030190726434450088
-3.306122448979592,0.018466672562466036,-0.7564659226079341,0.10419175003351695,3.183673469387755,0.2891541403156414,-7.468826631312258,0.3651685746268094,0.026641776927589955
-3.306122448979592,0.016394125964811712,-0.7601614600090156,0.10374870728627798,3.3469387755102042,0.2848289472618729,-7.435772046600632,0.3578662274117884,0.023651724229142967
-3.306122448979592,0.014631491558696696,-0.7633872851835448,0.10336631069180927,3.510204081632653,0.28102227855732326,-7.405257916572163,0.35115370932048884,0.021108780312540265
-3.306122448979592,0.013109957365461167,-0.7662674094092482,0.10302404718938256,3.673469387755102,0.2776309699261574,-7.376960416377529,0.34482716070532954,0.018913670477416655
-3.306122448979592,0.011814631627059535,-0.7687401120003308,0.10274213593593455,3.836734693877551,0.27464864423218005,-7.350732811339284,0.33919179212270384,0.017044910458288598
-3.306122448979592,0.010671665091407823,-0.7710251146897077,0.102496917278174,4.0,0.27196149517718976,-7.3261866054972,0.3336614749982041,0.015395958305401969
-3.061224489795918,0.04439775715020633,0.37546151695525365,0.28335250875372203,-4.0,0.2642057152797895,-30.78181542185432,0.3061351161006677,0.06405242406719491
-3.061224489795918,0.01666615275047012,0.38538654954315354,0.28741612908156294,-3.836734693877551,0.2519419663905208,-29.8276278509754,0.29867789636532094,0.024044175923800815
-3.061224489795918,0.017299684460186704,0.38485103120623165,0.2864019774675096,-3.673469387755102,0.25539849823535576,-28.87249812148464,0.305380724428798,0.024958168979655415
-3.061224489795918,0.016284307348833016,0.3848058870256918,0.2855020264274012,-3.510204081632653,0.25842777084213914,-27.919293032554855,0.31128902855926477,0.023493289456472777
-3.061224489795918,0.016700434700294586,0.3842970596765167,0.2842439238605299,-3.3469387755102042,0.2625479665305891,-26.96816750715186,0.3186028428782708,0.024093634322804647
-3.061224489795918,0.016727262999123083,0.3839417277607518,0.2829079647680047,-3.183673469387755,0.2669011476852723,-26.0195560687775,0.32653059040689,0.02413233937648096
-3.061224489795918,0.01753743275032371,0.3833176998035773,0.28125492080726644,-3.020408163265306,0.2721702967677159,-25.073634146030177,0.33550386935358084,0.025301167258815926
-3.061224489795918,0.0180164356392829,0.3827820471771692,0.27942059157507926,-2.857142857142857,0.27789826851468546,-24.13082776108888,0.3448946519544146,0.025992222351288063
-3.061224489795918,0.018684391794894006,0.3821744975944948,0.27728918175911954,-2.693877551020408,0.284428418428028,-23.191587183068584,0.35519521017149164,0.026955879384519932
-3.061224489795918,0.019424112932933113,0.38152802161444044,0.2748300444796746,-2.5306122448979593,0.29181387727355795,-22.25644732005177,0.36638683143976586,0.02802307140200977
-3.061224489795918,0.020343256785041897,0.3807996657754029,0.27196766966068175,-2.36734693877551,0.3002392040841541,-21.326048405271628,0.37864907207559284,0.029349115679310422
-3.061224489795918,0.02152552250761519,0.3799468537288325,0.26862075361767607,-2.204081632653061,0.3098945701994503,-20.401160462480185,0.3921445216959697,0.031054764574280025
-3.061224489795918,0.02305842328163843,0.37891358734193825,0.26469666290687066,-2.0408163265306123,0.32099091811289476,-19.482714421795972,0.40704078745019884,0.033266272919138196
-3.061224489795918,0.02510810630671023,0.3775956850709238,0.26008130271569296,-1.8775510204081634,0.3337967718065711,-18.57184207600437,0.4235691870273285,0.036223340454803576
-3.061224489795918,0.02790302239835074,0.3758313192481515,0.25464530738549096,-1.7142857142857142,0.34862763094190263,-17.66992878017596,0.44200174646485757,0.04025555203991438
-3.061224489795918,0.031795296151248875,0.3733515718349446,0.24824291386518524,-1.5510204081632653,0.36587730409161723,-16.778686306937928,0.4626909404323052,0.045870916081002466
-3.061224489795918,0.03732324382144081,0.3697088948996662,0.24071874599472615,-1.3877551020408163,0.38605738265580225,-15.90026121406792,0.4861001086371356,0.053846058771082284
-3.061224489795918,0.04532223437874472,0.36414507544414565,0.23192033259851544,-1.2244897959183674,0.4098849485755811,-15.0374122014948,0.5128531587692725,0.06538616278022236
-3.061224489795918,0.05709296603027947,0.3553500764721275,0.2217233539056354,-1.0612244897959184,0.4384501446148413,-14.193829995979847,0.5437744203689072,0.08236773896152672
-3.061224489795918,0.07458344476536527,0.341027795442076,0.21008673888808582,-0.8979591836734694,0.473471007110156,-13.374754210894544,0.5797915717277355,0.10760116589540836
-3.061224489795918,0.10023329865202535,0.3172054356037532,0.19718869214456297,-0.7346938775510204,0.5173850504681802,-12.588159515194693,0.6212303940742226,0.14460608289721932
-3.061224489795918,0.13512965540029498,0.27771564063449167,0.1837575753548583,-0.5714285714285714,0.5719216146505492,-11.846689916259725,0.6652474057921566,0.19495088372304004
-3.061224489795918,0.17368618987193285,0.2163204470692916,0.1715667781021866,-0.40816326530612246,0.6320719464480453,-11.168920589149543,0.7007136786459961,0.25057620479913645
-3.061224489795918,0.20248395979033185,0.13464507712852283,0.16294250996620052,-0.24489795918367346,0.6800568015678392,-10.573944161798403,0.7368444173498829,0.2921226046490717
-3.061224489795918,0.2170096590366224,0.04482132594731296,0.158211175574219,-0.08163265306122448,0.700949525192196,-10.06689972705759,0.7464763897381409,0.31307875891713977
-3.061224489795918,0.22468901736680524,-0.04440147380402104,0.15525577761086495,0.08163265306122448,0.6990482588088038,-9.635131906609253,0.7410668032392921,0.3241577310973036
-3.061224489795918,0.2281287890640098,-0.13279513718824537,0.15216003082209054,0.24489795918367346,0.6833949999790988,-9.262011524356497,0.7264406294957918,0.32912027266665156
-3.061224489795918,0.22508229742033303,-0.22140639166643306,0.14817693259763173,0.40816326530612246,0.6580131305061074,-8.936303064275423,0.7042944485293664,0.3247251142802088
-3.061224489795918,0.21390554516250115,-0.30854245023713567,0.14331861557779368,0.5714285714285714,0.6244996882674341,-8.651967980653167,0.6764488370126036,0.30860046922459095
-3.061224489795918,0.1953125681842085,-0.39026530730518677,0.13796670686798101,0.7346938775510204,0.5851259098688331,-8.405362672467986,0.6451721907441251,0.2817764735426449
-3.061224489795918,0.17201122497946808,-0.4626111902530755,0.1326071558122325,0.8979591836734694,0.543405817141662,-8.193163541437647,0.6124662341938045,0.24815974125511442
-3.061224489795918,0.14733840106974228,-0.5234138488499209,0.127635080774913,1.0612244897959184,0.5029460346982806,-8.011557678213402,0.5816656460089289,0.21256438055582638
-3.061224489795918,0.123948488326737,-0.5726482773298817,0.12326858413596786,1.2244897959183674,0.4662496186400501,-7.856343323619209,0.5540688464868062,0.17881986943466677
-3.061224489795918,0.10330541844854912,-0.6116890773523447,0.11956667200077745,1.3877551020408163,0.43441318864871786,-7.723356491505433,0.5281910469824481,0.149038214892681
-3.061224489795918,0.08586849838464072,-0.6424127808953484,0.11649056650831482,1.5510204081632653,0.4074957280609862,-7.608822571311025,0.504565803170173,0.12388205678810316
-3.061224489795918,0.0715015477071852,-0.6666294479370801,0.11395882564950263,1.7142857142857142,0.3850175829443002,-7.509517907359419,0.48331465628385056,0.10315492829304151
-3.061224489795918,0.059809524083443755,-0.685852639779903,0.11188098973667229,1.8775510204081634,0.36631602057159013,-7.422784539992304,0.46433139076798835,0.08628690379311355
-3.061224489795918,0.05033648062943552,-0.7012641745095027,0.11017342116298579,2.0408163265306123,0.3507324308967343,-7.346470401135656,0.4474077732931077,0.07262019097989025
-3.061224489795918,0.042657944087255206,-0.7137586191879721,0.1087649776823612,2.204081632653061,0.337686923662754,-7.278845565056586,0.4323050797934638,0.06154240438920233
-3.061224489795918,0.03641120452301583,-0.7240026908412698,0.10759749951224155,2.36734693877551,0.32670079008973774,-7.21852015934506,0.4187932808163712,0.05253026419814866
-3.061224489795918,0.03130452794113836,-0.7324950936056652,0.10662406220479828,2.5306122448979593,0.3173844955993362,-7.16437358401621,0.4066593975350447,0.04516288721805006
-3.061224489795918,0.027104079068569487,-0.739609070001023,0.10580767936684435,2.693877551020408,0.30942870504120873,-7.115497205939744,0.395719565148096,0.039102920460087454
-3.061224489795918,0.02362741338981489,-0.7456253671883413,0.1051185520495064,2.857142857142857,0.3025884942089977,-7.0711491324677,0.3858158408120645,0.03408715212651936
-3.061224489795918,0.020726408769974336,-0.7507617267290787,0.10453434480093171,3.020408163265306,0.29666618925428095,-7.030719154556629,0.3768116853487079,0.029901887147879336
-3.061224489795918,0.018298444379201806,-0.7551790161597278,0.10403499484499575,3.183673469387755,0.291508363734608,-6.993701541816296,0.36859557013954575,0.026399074961856783
-3.061224489795918,0.016237498058327082,-0.7590129756136006,0.1036087248567654,3.3469387755102042,0.28698751079129303,-6.959673309720165,0.3610661641648634,0.02342575792519286
-3.061224489795918,0.014505698583200166,-0.7623516149082039,0.10323701123658646,3.510204081632653,0.28300758721353,-6.9282812182899605,0.35414649594143305,0.020927299410612665
-3.061224489795918,0.013025746508240177,-0.7652629706664149,0.10291066603044197,3.673469387755102,0.2794956856651229,-6.899213246672694,0.3477950469563463,0.018792179891315097
-3.061224489795918,0.011729038417583437,-0.7678828074796328,0.10263700044784137,3.836734693877551,0.27634555225927376,-6.872243895489953,0.3418558940114834,0.016921425559444092
-3.061224489795918,0.01062786965577911,-0.7702028595443163,0.10239365676143194,4.0,0.27351585131689216,-6.8471035754992,0.3363031076970668,0.015332774847606423
-2.816326530612245,0.013249751778238839,0.3858519024789867,0.2887387739169543,-4.0,0.2484398662317317,-30.303945219535805,0.2861120744309719,0.01911535118347496
-2.816326530612245,0.015002165531823541,0.38474020443085066,0.2875554858054232,-3.836734693877551,0.25286298705967225,-29.349186026058106,0.3012750035118603,0.021643549815357765
-2.816326530612245,0.017648381711391048,0.3835329376965938,0.2862425456436991,-3.673469387755102,0.25740887709445925,-28.394740470709788,0.30996789242213396,0.025461232774738995
-2.816326530612245,0.018070404057230816,0.3829555846728752,0.285117643093744,-3.510204081632653,0.26128958351386117,-27.442220278778134,0.3172528235421686,0.02607008232022645
-2.816326530612245,0.019026514547159756,0.38218844854264655,0.28376988557526206,-3.3469387755102042,0.26585409902029317,-26.49190799954059,0.32548551075517956,0.027449458182589037
-2.816326530612245,0.018445674462479245,0.38188016787069445,0.2824803444783056,-3.183673469387755,0.2701585939383608,-25.544094027450576,0.33310079479455057,0.02661148307287098
-2.816326530612245,0.019391891795774052,0.3810643260466916,0.2807641958631428,-3.020408163265306,0.27577053373608934,-24.599111313521604,0.3425702611453798,0.027976586127218983
-2.816326530612245,0.01997712263673912,0.38033152339562243,0.27886519520890535,-2.857142857142857,0.28186374146984994,-23.657350767314774,0.352491848930464,0.02882089575925395
-2.816326530612245,0.020612035405391582,0.3795461083612948,0.27667918439811245,-2.693877551020408,0.2887418516849977,-22.719282985006927,0.3632689601259722,0.02973688126198626
-2.816326530612245,0.016119427105864448,0.38037578945405126,0.27495006552505885,-2.5306122448979593,0.2936592418662396,-21.783822223709485,0.36490730771187757,0.02325541754760163
-2.816326530612245,0.022276785640099828,0.377693916048179,0.2711875296031341,-2.36734693877551,0.30549197749230494,-20.856572406938355,0.38797386917933047,0.032138608169918204
-2.816326530612245,0.02342641805136947,0.37654732068318425,0.2677270429933751,-2.204081632653061,0.3157341349252312,-19.93340776951928,0.4022138880998226,0.03379717714850239
-2.816326530612245,0.024907774818648365,0.37516498991124025,0.26366153464479425,-2.0408163265306123,0.3275250119422473,-19.0169523596445,0.417964076116626,0.03593432321044299
-2.816326530612245,0.026872166731662706,0.37342965076362894,0.2588715722784435,-1.8775510204081634,0.3411508399231179,-18.108400619863048,0.435465246109634,0.03876834168171106
-2.816326530612245,0.02954567351963311,0.37115476785820933,0.25321946843825377,-1.7142857142857142,0.35695544704630466,-17.209219592310077,0.4550110601856123,0.04262539666649978
-2.816326530612245,0.033273855587418355,0.36803825107502874,0.24655143924988082,-1.5510204081632653,0.375361941846508,-16.32122871860587,0.4769698413191488,0.048004026447224124
-2.816326530612245,0.038587667333281006,0.36358476317266536,0.2387051676081134,-1.3877551020408163,0.3969120418149922,-15.446718094914688,0.5018120467589746,0.055670236301197384
-2.816326530612245,0.046303422954733664,0.3569704091800183,0.22952615830045656,-1.2244897959183674,0.42234296776115554,-14.588639521812905,0.5301395067705892,0.0668017186729788
-2.816326530612245,0.05765345203117245,0.34680685940491507,0.21890114859207405,-1.0612244897959184,0.45272051172366845,-13.750942249005956,0.5626744903499951,0.08317634933550222
-2.816326530612245,0.07436207383830618,0.330748856972511,0.20682981014073093,-0.8979591836734694,0.4895877231382162,-12.939192021601178,0.6000443372200032,0.10728179515674352
-2.816326530612245,0.098258551568986,0.304972014229307,0.19358899668527008,-0.7346938775510204,0.5347730348072989,-12.161671131099641,0.6418559435244966,0.14175712507350813
-2.816326530612245,0.12928715266499258,0.2641116217618876,0.18007459877504453,-0.5714285714285714,0.5885335411895178,-11.430894388963404,0.6840539562630743,0.1865219340004396
-2.816326530612245,0.16151592058037934,0.20378088103139264,0.16815394619114696,-0.40816326530612246,0.6443035824791981,-10.763801080983082,0.7155553687927266,0.23301821764592878
-2.816326530612245,0.1847941156731825,0.1266541393872448,0.15989641749748137,-0.24489795918367346,0.6864269078251419,-10.175852895158593,0.7513112458657368,0.2666015542671616
-2.816326530612245,0.1976068973675822,0.042457611056501296,0.1553552634231768,-0.08163265306122448,0.7043751902337243,-9.669764296094177,0.7587362188348338,0.2850864908776658
-2.816326530612245,0.20589883337341752,-0.042429672679450595,0.15254668834614,0.08163265306122448,0.7023319337919072,-9.234318675907437,0.7530127936340244,0.2970492258326525
-2.816326530612245,0.21094637853114673,-0.1277584695791969,0.14969039757227218,0.24489795918367346,0.6875283115478019,-8.855401355897277,0.7388052020286103,0.3043312942003715
-2.816326530612245,0.21024909903079236,-0.2140754639991176,0.14603076488777367,0.40816326530612246,0.6632993843057116,-8.523190797819842,0.7168125579023544,0.3033253325230967
-2.816326530612245,0.20193394472109216,-0.2996164402977437,0.14152652203833396,0.5714285714285714,0.631032013000351,-8.232184378959337,0.688879436787132,0.2913291006362657
-2.816326530612245,0.18630391199254426,-0.38058220444459,0.1365082146016723,0.7346938775510204,0.5927400103852418,-7.978970918662457,0.6573036645151034,0.26877972992985777
-2.816326530612245,0.1656327075874109,-0.45301309079202345,0.13142935772863315,0.8979591836734694,0.5516738027902682,-7.760417160688164,0.6240989441558259,0.2389574858453698
-2.816326530612245,0.14300233560825615,-0.5145222858314865,0.12667653084588912,1.0612244897959184,0.511344939351235,-7.572888176882757,0.5915462283105304,0.20630876041757018
-2.816326530612245,0.12104534955861723,-0.5647768706174611,0.12247598750803132,1.2244897959183674,0.4743489833366512,-7.412305629089798,0.563410668128342,0.17463152553088834
-2.816326530612245,0.10134450224465441,-0.604903576328813,0.11890018242192701,1.3877551020408163,0.44195236284439404,-7.274553718397704,0.5368959690913065,0.14620921080972327
-2.816326530612245,0.08450844030115978,-0.6366379499717494,0.11592212348735671,1.5510204081632653,0.41436424456929555,-7.1558441519966225,0.5125999647975286,0.12191990773574446
-2.816326530612245,0.07052360637072508,-0.6617336679366707,0.11346868240479842,1.7142857142857142,0.39120266215363997,-7.052903496017415,0.4906902977502027,0.10174405717665058
-2.816326530612245,0.05907899753937995,-0.6816958755614093,0.11145481606951202,1.8775510204081634,0.3718564448817967,-6.963009592756353,0.4710874053020967,0.08523297677075403
-2.816326530612245,0.04977117178260815,-0.697719368234307,0.10980044961472171,2.0408163265306123,0.35568851117168443,-6.883944990556379,0.4535953041825957,0.07180462271000154
-2.816326530612245,0.0422069533345546,-0.710717487618526,0.1084367579638551,2.204081632653061,0.342125162491116,-6.813919639249773,0.4379791179332847,0.060891762266793936
-2.816326530612245,0.03604390247970435,-0.7213773909083951,0.10730716188515692,2.36734693877551,0.33068314676040333,-6.751491112397855,0.4240049930796547,0.05200035936175462
-2.816326530612245,0.030999654208367033,-0.7302139983881014,0.10636618345625852,2.5306122448979593,0.3209685074434807,-6.695494125784606,0.41145835771871453,0.044723047395683224
-2.816326530612245,0.026847597840469417,-0.7376143254062271,0.10557762809919088,2.693877551020408,0.31266502081402886,-6.644982504713832,0.4001498657020898,0.038732896264226824
-2.816326530612245,0.023408756298138877,-0.7438715249331016,0.10491278402506421,2.857142857142857,0.30551986903577155,-6.599183039646086,0.38991532514897287,0.03377169662470347
-2.816326530612245,0.02053997643684058,-0.7492094331028291,0.10434913166017792,3.020408163265306,0.2993315880228643,-6.557459200639094,0.3806187180227164,0.029632922145406138
-2.816326530612245,0.018136470714401165,-0.7537979036101992,0.10386827413838744,3.183673469387755,0.29394054885644183,-6.519283867612178,0.37213644312474553,0.02616539635889481
-2.816326530612245,0.016104670643478647,-0.7577768117631497,0.10345579953429603,3.3469387755102042,0.2892125622921508,-6.48421624814589,0.36436718603700563,0.023234128472496618
-2.816326530612245,0.01438143197751729,-0.7612562158121353,0.10309917491498319,3.510204081632653,0.28503626405893756,-6.451884116370765,0.357207636579441,0.020748020594846484
-2.816326530612245,0.0129181823029072,-0.7643080978732127,0.10282493084271611,3.673469387755102,0.2809218098909077,-6.421803852075865,0.35020200980776744,0.018636997545704137
-2.816326530612245,0.011635980516190081,-0.766982193602119,0.10252261351705805,3.836734693877551,0.27807233564378964,-6.394229148905105,0.3445673151342248,0.016787171386588362
-2.816326530612245,0.010546914582571398,-0.7693697652966494,0.10228784665114783,4.0,0.2751382417139956,-6.368405614970663,0.33891570344866956,0.0152159813649555
-2.5714285714285716,0.013114837099787335,0.38459974678354936,0.2886192185776946,-4.0,0.25060355039770404,-29.82688899381136,0.2960872532049338,0.01892071044592969
-2.5714285714285716,0.020303033520184366,0.38190959456333384,0.28669036615459725,-3.836734693877551,0.25723756163128664,-28.87166540888696,0.3097814671832049,0.029291085774572068
-2.5714285714285716,0.020050709377862574,0.381465528611706,0.28577240586382213,-3.673469387755102,0.26059244288762456,-27.91789158251934,0.31635823591212464,0.02892705898574821
-2.5714285714285716,0.020105730184378334,0.3808899551499766,0.2846814872309699,-3.510204081632653,0.26449120259616044,-26.966148624385212,0.3236660540202837,0.02900643723045393
-2.5714285714285716,0.02056199017085758,0.3801526578412379,0.28337842126999524,-3.3469387755102042,0.2690409719977796,-26.016692811452945,0.33184218267297716,0.029664681250303637
-2.5714285714285716,0.020903807939510965,0.37941492103039387,0.281921474189731,-3.183673469387755,0.27404856385929277,-25.06982256256066,0.3405446857847605,0.030157820050027873
-2.5714285714285716,0.02161489844821296,0.37850915995582257,0.2801924299573061,-3.020408163265306,0.2798586166517383,-24.125887826579664,0.35026648892175055,0.031183706800555377
-2.5714285714285716,0.022220196727030794,0.37758564181909626,0.2782370660254192,-2.857142857142857,0.2863132845393377,-23.18530052021852,0.36068232961696994,0.032056967625664345
-2.5714285714285716,0.022888436086924147,0.3765772879696345,0.2759792333131065,-2.693877551020408,0.29361914198604494,-22.248551584148952,0.3720322149145404,0.03302103323630945
-2.5714285714285716,0.023670562617772006,0.3754505092974789,0.2733539916707989,-2.5306122448979593,0.30193999880404504,-21.316227528511945,0.38446555269574284,0.03414940330371108
-2.5714285714285716,0.02460186658981045,0.3741707370915483,0.2702893580621741,-2.36734693877551,0.3114524797322299,-20.389033294562125,0.3981276181524858,0.03549299092573177
-2.5714285714285716,0.02573966071960565,0.37268209134451735,0.26669627556804854,-2.204081632653061,0.3223716984214495,-19.4678209201229,0.4131962864922054,0.037134480874339904
-2.5714285714285716,0.027178910690543345,0.3708969937705049,0.2624670871975115,-2.0408163265306123,0.3349576883662764,-18.55362617389607,0.4298870943579206,0.039210879670011245
-2.5714285714285716,0.029061199722232756,0.36868001132445605,0.2574746526767883,-1.8775510204081634,0.3495203007897045,-17.64771603654565,0.4484571626979511,0.04192644872154938
-2.5714285714285716,0.03160156753023635,0.3658188623030743,0.2515724660145187,-1.7142857142857142,0.36643002705620387,-16.75165172054915,0.4692160079674225,0.04559142476019007
-2.5714285714285716,0.03513084789999943,0.3619756471398525,0.24459795198122736,-1.5510204081632653,0.3861364438161557,-15.86737574545563,0.4925411424155878,0.050683100047553165
-2.5714285714285716,0.04015787417421146,0.35660610811902316,0.23638235795598792,-1.3877551020408163,0.40920060033555217,-14.997339748244363,0.518893766407796,0.05793556592377769
-2.5714285714285716,0.04745439755840386,0.34882468228660557,0.22677236701983214,-1.2244897959183674,0.4363527197201072,-14.14470674985512,0.5488196471019486,0.06846222402588298
-2.5714285714285716,0.058140801537345466,0.3371834440043305,0.21567419015680828,-1.0612244897959184,0.4685739164548733,-13.313693993667556,0.5828743743534351,0.08387944605123776
-2.5714285714285716,0.07365079612961245,0.3193438997473946,0.20314495538890337,-0.8979591836734694,0.5071126445645622,-12.510168470937232,0.621278624332283,0.1062556383337161
-2.5714285714285716,0.09516065252309658,0.29175463840658955,0.18958275196580457,-0.7346938775510204,0.5530160436648436,-11.74259880835499,0.6628175120630736,0.13728780148282915
-2.5714285714285716,0.12169527827087445,0.24999667189433644,0.17605346065632316,-0.5714285714285714,0.6050788338249289,-11.023068221847206,0.702370604688704,0.17556917446099307
-2.5714285714285716,0.1476558842584279,0.191338982912948,0.16446148275018635,-0.40816326530612246,0.6558727114705135,-10.366525718057943,0.7341310629426928,0.21302241197770888
-2.5714285714285716,0.1660868486131477,0.11889904243989072,0.15658033714229166,-0.24489795918367346,0.6923977414257388,-9.784996129440453,0.7653848065989498,0.23961267285106436
-2.5714285714285716,0.17745731086719085,0.04013678855993752,0.15223739291724386,-0.08163265306122448,0.7076894909817728,-9.279381649246506,0.7707241891911405,0.2560167823575874
-2.5714285714285716,0.1863041438697115,-0.040446621873450564,0.14959164314642903,0.08163265306122448,0.7055495992031968,-8.839959166903753,0.7647733838281359,0.2687800644578968
-2.5714285714285716,0.19287809573808512,-0.12259938410660273,0.14699342442788008,0.24489795918367346,0.6916259493246388,-8.454920102442598,0.7511254374022389,0.27826427221744243
-2.5714285714285716,0.19449077648185042,-0.20648051436432704,0.143680979196233,0.40816326530612246,0.668606863764314,-8.115801523667638,0.7294103875570354,0.28059087872900923
-2.5714285714285716,0.18905880095566263,-0.2902870639998106,0.13955901736164386,0.5714285714285714,0.637658848069863,-7.817663503702424,0.7015094982515797,0.27275419457514793
-2.5714285714285716,0.17648264818741843,-0.37037062969130685,0.134904183239339,0.7346938775510204,0.6005378992306072,-7.557355527250951,0.6697304525175631,0.25461064134293965
-2.5714285714285716,0.15858814777067454,-0.4427986798042644,0.13013429289824757,0.8979591836734694,0.5602199176405491,-7.331953414996834,0.6360946520139799,0.22879433433251828
-2.5714285714285716,0.13816703127712504,-0.5049824112411395,0.12562481900040162,1.0612244897959184,0.5200972288806927,-7.138017119537284,0.6025368900008395,0.1993328908378591
-2.5714285714285716,0.11779485123709255,-0.5562782030704776,0.1216092164089968,1.2244897959183674,0.4828407493512529,-6.971608638055294,0.5730547267839616,0.16994204772200616
-2.5714285714285716,0.09915527379243105,-0.5975465591411093,0.11817387066927335,1.3877551020408163,0.4498867657059454,-6.828673581036141,0.5459145131849529,0.14305082177832773
-2.5714285714285716,0.08300485515602385,-0.6303622213256072,0.11530464122016697,1.5510204081632653,0.421605334615286,-6.705416855282644,0.5209420321335516,0.11975069290330209
-2.5714285714285716,0.0694591727935896,-0.6564087371558989,0.11293773125083564,1.7142857142857142,0.3977242216668334,-6.598516251052177,0.4983575604275454,0.10020840413356158
-2.5714285714285716,0.05829915259645335,-0.677175702245832,0.11099427069363725,1.8775510204081634,0.37769271709500857,-6.505182551554599,0.47811340195285235,0.08410789833893251
-2.5714285714285716,0.04918051498066833,-0.6938680676356955,0.10939821147916835,2.0408163265306123,0.36090069446177064,-6.423128171747488,0.46002928994332093,0.07095248507097507
-2.5714285714285716,0.04174631437613385,-0.7074183487536725,0.10808342190934064,2.204081632653061,0.346782328142205,-6.350497637392234,0.44387561792097807,0.0602272007258402
-2.5714285714285716,0.03567589080221589,-0.7185338186150583,0.10699521862277792,2.36734693877551,0.334852754886665,-6.285790883200268,0.42941803375155596,0.051469430739653266
-2.5714285714285716,0.0307000374694526,-0.7277476967016949,0.10608954006597193,2.5306122448979593,0.3247119251926843,-6.227793347348989,0.41643834029773286,0.04429079181228479
-2.5714285714285716,0.026600218967536282,-0.7354620582078274,0.10533127283755413,2.693877551020408,0.3160365207909413,-6.175517372991192,0.40474257982836037,0.03837600399102481
-2.5714285714285716,0.023202127129336114,-0.7419818583739373,0.10469257061278141,2.857142857142857,0.308566961151971,-6.1281550699842375,0.3941631022977504,0.03347359374756831
-2.5714285714285716,0.020368221231960026,-0.7475409481329447,0.10415149017343295,3.020408163265306,0.30209477530575735,-6.085041163990797,0.3845534330305915,0.02938513176307822
-2.5714285714285716,0.01798972382494135,-0.7523191813939045,0.10369021166985475,3.183673469387755,0.29645311508068056,-6.045624014092958,0.3757930848107919,0.025953685349204836
-2.5714285714285716,0.01598091061900586,-0.7564568474436386,0.10329472077831332,3.3469387755102042,0.2915060077257822,-6.009442805456534,0.36777598192802835,0.02305558049892964
-2.5714285714285716,0.01427443771608794,-0.760063709053668,0.1029532795244726,3.510204081632653,0.28714526321209083,-5.976110074734894,0.3604120781553457,0.020593660504478972
-2.5714285714285716,0.012825086182299383,-0.76324464544729,0.10266240197619284,3.673469387755102,0.283100457530121,-5.945253618994066,0.3534386791115308,0.018502688234177
-2.5714285714285716,0.01154907931616056,-0.7660226409182924,0.10240423883840599,3.836734693877551,0.27985183619022524,-5.916710384475373,0.3473375846342127,0.016661799456257675
-2.5714285714285716,0.010452163756590416,-0.7684955780554483,0.10218491142527664,4.0,0.2766942679810639,-5.890142788224789,0.3414894969220215,0.015079284818192651
-2.326530612244898,0.020822737428573213,0.380995551601377,0.28737879538492583,-4.0,0.2562106470497888,-29.349951658642176,0.308177729616667,0.030040860025935423
-2.326530612244898,0.021960205133924715,0.3800355895692523,0.28633590717126045,-3.836734693877551,0.2600958105568392,-28.395070198796347,0.3156049773355477,0.0316818790436173
-2.326530612244898,0.022612207045791255,0.3791872109833803,0.28525644029198005,-3.673469387755102,0.26409992006874916,-27.442071549071326,0.32311804326915167,0.03262251896851742
-2.326530612244898,0.022161339091606225,0.37866073566974895,0.284224870473753,-3.510204081632653,0.2679524537586132,-26.491198147334398,0.3303766954346336,0.03197205400691905
-2.326530612244898,0.02296287295640087,0.37767035939787735,0.2828362877887365,-3.3469387755102042,0.27293372536885935,-25.542697842417454,0.3391787852167797,0.03312842293876317
-2.326530612244898,0.02359799619739733,0.3766762936621551,0.2812909084456654,-3.183673469387755,0.2783913383037706,-24.596886773394484,0.3485296336477011,0.03404471208890181
-2.326530612244898,0.02423080593494875,0.3756141622599568,0.27952852076383355,-3.020408163265306,0.28450008334400667,-23.654131608144432,0.3586362623590825,0.034957663559093355
-2.326530612244898,0.024843155755362556,0.3744818627673907,0.2775140499137351,-2.857142857142857,0.2913523011193326,-22.71486606961509,0.36957146826780496,0.03584109760829346
-2.326530612244898,0.025608990138617616,0.3731994020154028,0.27516414331311634,-2.693877551020408,0.29917617560311033,-21.779606595055565,0.38159373213859754,0.03694596307515807
-2.326530612244898,0.026424857858782458,0.3717820538119802,0.2724392953391609,-2.5306122448979593,0.3080617923059846,-20.848971944262736,0.39473123194817206,0.03812301138906138
-2.326530612244898,0.027387443949910883,0.37016137898083973,0.2692487815744924,-2.36734693877551,0.3182413573853851,-19.92370754588244,0.4092033221972856,0.039511729569160714
-2.326530612244898,0.028530043948189032,0.3682776338696771,0.265501403487247,-2.204081632653061,0.32993793565321194,-19.004716734325655,0.42518523759482346,0.041160152920396875
-2.326530612244898,0.02993816453188658,0.3660280116974203,0.2610816666510534,-2.0408163265306123,0.3434341371726172,-18.093100728809784,0.44290885419973913,0.04319164150347099
-2.326530612244898,0.03173881211437157,0.3632573354065166,0.25585368211978465,-1.8775510204081634,0.35906354001141083,-17.190210535086386,0.462644931898873,0.04578942684111098
-2.326530612244898,0.03412817680603819,0.3597258619750348,0.2496611721863168,-1.7142857142857142,0.3772209458940606,-16.297715700915507,0.48471280537505645,0.04923655143265293
-2.326530612244898,0.03741051566303244,0.3550586438785778,0.24233241114388432,-1.5510204081632653,0.3983747408370796,-15.417698574319934,0.5094869401001101,0.05397196542415594
-2.326530612244898,0.04205306237343742,0.348664144886203,0.23369365409878648,-1.3877551020408163,0.4230860788599731,-14.552790257819124,0.5373945092673004,0.060669744540352344
-2.326530612244898,0.048751885687293495,0.33960479085560774,0.22359793920011112,-1.2244897959183674,0.4520366964680188,-13.70637910686948,0.5688789042413116,0.070334103715044
-2.326530612244898,0.05846798912537543,0.32640303067642107,0.21198283330520598,-1.0612244897959184,0.48604166140531346,-12.882946628011684,0.604249881264798,0.08435147796192899
-2.326530612244898,0.07229033177431599,0.30679965767641815,0.1989834692187422,-0.8979591836734694,0.5259196600340605,-12.08860504286374,0.6432145896131324,0.10429290315502371
-2.326530612244898,0.09076603609286216,0.27764418738663565,0.18514033947382474,-0.7346938775510204,0.5718070910111377,-11.33183524817018,0.6836939686659183,0.13094771015232087
-2.326530612244898,0.11233786120766687,0.2355384636826928,0.17167740937363046,-0.5714285714285714,0.6212174850289134,-10.623953831145574,0.7197967820577458,0.16206927526837367
-2.326530612244898,0.13230975290890146,0.1791001565478083,0.16046940158868367,-0.40816326530612246,0.6666241885797083,-9.97766040799073,0.7520157517690279,0.1908826243829167
-2.326530612244898,0.1465604628644661,0.11139343875350738,0.15297219526844932,-0.24489795918367346,0.6979068170809303,-9.40187560398013,0.778893388269806,0.21144205296495677
-2.326530612244898,0.15669856246923364,0.03786032677572,0.14883695767425315,-0.08163265306122448,0.7108267206857759,-8.896248553481675,0.7822845103540322,0.22606823898879247
-2.326530612244898,0.16601212841392465,-0.03845542408599867,0.14637081307700162,0.08163265306122448,0.7086414595742443,-8.452546852388565,0.7762047460616914,0.23950487439019152
-2.326530612244898,0.1739981340579806,-0.11732413993113402,0.14404946207546693,0.24489795918367346,0.6956332225699656,-8.061057617684757,0.7632716647960457,0.2510262451293821
-2.326530612244898,0.1778462792980331,-0.19862314200891532,0.14110811389235695,0.40816326530612246,0.6738878764441564,-7.714614616999855,0.7419780458772993,0.25657794518382593
-2.326530612244898,0.17528694892050978,-0.2805465609032335,0.13739751232874897,0.5714285714285714,0.6443421789336927,-7.408864296243139,0.7142549443123359,0.2528856119401768
-2.326530612244898,0.16583127890384164,-0.35961049868032285,0.13313772198076768,0.7346938775510204,0.608493377242692,-7.140946726341873,0.6823951247127263,0.2392439636988466
-2.326530612244898,0.15084703916901465,-0.43193393975619454,0.12870737748993707,0.8979591836734694,0.5690324893915536,-6.9081678986158215,0.6484200032378893,0.21762627534192047
-2.326530612244898,0.13280044650556655,-0.49474811886250925,0.12446787847552572,1.0612244897959184,0.5292072461024085,-6.707301510595031,0.6142819666157818,0.19159054560142152
-2.326530612244898,0.11417096844338759,-0.5470992732562534,0.12065854016433256,1.2244897959183674,0.4917433319372818,-6.534568949700097,0.5829891032779677,0.16471388998676595
-2.326530612244898,0.09672027551833717,-0.5895639985345804,0.11737994972748159,1.3877551020408163,0.4582442654350098,-6.385992801854724,0.5552461143392624,0.1395378618437193
-2.326530612244898,0.08134809823160705,-0.6235348697063182,0.11463185876702606,1.5510204081632653,0.42925132554688494,-6.257780032684079,0.5295987575402856,0.11736049790448755
-2.326530612244898,0.06830442822006044,-0.6506094955728728,0.1123608877931597,1.7142857142857142,0.4046152059834397,-6.1465618753035125,0.5063273359142487,0.09854245986383736
-2.326530612244898,0.05747002292388226,-0.6722531893249272,0.11049518027911553,1.8775510204081634,0.38385605111056914,-6.049479661105871,0.4854222076322925,0.08291171707205969
-2.326530612244898,0.04856672606828383,-0.6896774923690915,0.10896329070508867,2.0408163265306123,0.3663971444056804,-5.964170865992494,0.4667231055977309,0.07006697485092594
-2.326530612244898,0.04127895585979591,-0.703833439964573,0.10770217454626733,2.204081632653061,0.3516838722333818,-5.8887089531480585,0.4500083834229179,0.05955294491200158
-2.326530612244898,0.03531134417496995,-0.7154492719265163,0.10665931857028943,2.36734693877551,0.3392309956187923,-5.821530655993204,0.43504461131356675,0.050943501128352775
-2.326530612244898,0.030409994590091083,-0.7250773137503692,0.10579221457602592,2.5306122448979593,0.3286331601877646,-5.761367079547855,0.4216109323357419,0.04387234838858456
-2.326530612244898,0.02636579420962648,-0.7331361345488169,0.10506700222791025,2.693877551020408,0.31955946386920847,-5.707184686383255,0.4095090636501665,0.03803780055532746
-2.326530612244898,0.023010118518059786,-0.7399444435332166,0.10445677675736002,2.857142857142857,0.3117424155041043,-5.658137182206869,0.39856540902321824,0.033196583876272
-2.326530612244898,0.020209832471565825,-0.7457457048750887,0.10394017764387187,3.020408163265306,0.3049673852321358,-5.613527253335501,0.3886314111047993,0.02915662508392458
-2.326530612244898,0.01785752670898222,-0.7507269406799802,0.10350037626701188,3.183673469387755,0.2990630870855588,-5.572776413010129,0.37958398295051043,0.02576296522559085
-2.326530612244898,0.015868556738315,-0.7550459688967786,0.10312462991750422,3.3469387755102042,0.2938768916669131,-5.535401482241598,0.37129393515729303,0.022893488112432525
-2.326530612244898,0.01418461684127248,-0.7587976592882224,0.10279991536558566,3.510204081632653,0.289318918822718,-5.500997025667797,0.36370167752861043,0.020464076373813977
-2.326530612244898,0.012759034122694413,-0.7620214338097872,0.10250661350620363,3.673469387755102,0.28527479792087795,-5.469186794903465,0.3567610156830752,0.01840739525534474
-2.326530612244898,0.011497144137145643,-0.7650033966125501,0.10227470741664739,3.836734693877551,0.2816701064343826,-5.4397723158224265,0.3502192923493757,0.016586872831045874
-2.326530612244898,0.01042112763669878,-0.7675866497047388,0.10205819677606573,4.0,0.2784416739684573,-5.412404679782625,0.34420586538825665,0.01503450916193616
-2.0816326530612246,0.023202130577819613,0.37886569462241637,0.28692075912346515,-4.0,0.2594520753695379,-28.873612482662576,0.31449514476000784,0.033473598722678855
-2.0816326530612246,0.02389273933114744,0.3779363261946006,0.2859299294138131,-3.836734693877551,0.2633058132317839,-27.919534374009718,0.3218635706522676,0.03446993654629882
-2.0816326530612246,0.024455980276362643,0.37699463203467987,0.2848440416556534,-3.673469387755102,0.267482307620449,-26.96742057054942,0.3296434804869366,0.03528252146478694
-2.0816326530612246,0.025128011750178425,0.37595593150547174,0.2836024462818455,-3.510204081632653,0.2721678031993287,-26.01751013443241,0.33808835313603525,0.03625205793938191
-2.0816326530612246,0.025781868296852917,0.3748542207273013,0.2822026647014676,-3.3469387755102042,0.27736385096126753,-25.070081868734874,0.3471628586178964,0.03719537353672209
-2.0816326530612246,0.026472051211696268,0.37366099364908784,0.2806054457256966,-3.183673469387755,0.2831836490509276,-24.125462963292314,0.3569902633430647,0.03819109700527301
-2.0816326530612246,0.02719380095752455,0.3723645911522152,0.2787756662217517,-3.020408163265306,0.28972404731081625,-23.184039457241003,0.36765790492038564,0.039232361784342196
-2.0816326530612246,0.02795809272101546,0.37094412196383264,0.2766672553843493,-2.857142857142857,0.2971095080519285,-22.24626942083669,0.37927771719663744,0.04033500172132287
-2.0816326530612246,0.02876800875394392,0.3693755955707337,0.27422637893108476,-2.693877551020408,0.3054824452157451,-21.312699567439978,0.39197200945393607,0.04150346356556511
-2.0816326530612246,0.02969818258301271,0.36760020859595277,0.27137308167463126,-2.5306122448979593,0.31505383306007056,-20.383986292454313,0.40593760593077277,0.04284542073592723
-2.0816326530612246,0.030703624013230346,0.3655899200285674,0.26803748959021084,-2.36734693877551,0.3259944646005774,-19.460922325683278,0.4212919801955847,0.04429596610120701
-2.0816326530612246,0.03186953980864882,0.36325052779448197,0.26410960870290934,-2.204081632653061,0.3385829471037158,-18.544470842199537,0.4382761539352775,0.04597802703735132
-2.0816326530612246,0.033257083952355604,0.36046702702569283,0.2594671512092226,-2.0408163265306123,0.35311817989339545,-17.635809190966437,0.4571260432164452,0.047979830092491405
-2.0816326530612246,0.03497271315839989,0.3570631002045379,0.2539642553806756,-1.8775510204081634,0.3699559745721226,-16.736385544906728,0.4781213813053093,0.05045495984005566
-2.0816326530612246,0.03718437565348043,0.35277055034842786,0.24743396896176578,-1.7142857142857142,0.38950969731770535,-15.847993435421646,0.5015815810870321,0.05364571435382892
-2.0816326530612246,0.040154189702447995,0.34717825743880165,0.23969568157731205,-1.5510204081632653,0.4122519792857105,-14.972872347074372,0.5278587968866428,0.057930250354636836
-2.0816326530612246,0.044283928626507985,0.339652907720306,0.23057349389857418,-1.3877551020408163,0.4387134537149107,-14.1138486890537,0.5573113131743823,0.06388820422054398
-2.0816326530612246,0.05015855443342221,0.3292222738094607,0.21993479533560523,-1.2244897959183674,0.4694683407009298,-13.274541983095574,0.5902204012046491,0.0723634977392571
-2.0816326530612246,0.058535012291644595,0.3144217435333327,0.2077645481603108,-1.0612244897959184,0.5050650734337987,-12.459673444227635,0.6265614990705657,0.08444817195152998
-2.0816326530612246,0.07013261503272283,0.2931563268582822,0.19429940681745556,-0.8979591836734694,0.54576108033764,-11.675503962054702,0.6654417702878719,0.10117997591228356
-2.0816326530612246,0.08497626962350968,0.26278821087025694,0.1802377650144291,-0.7346938775510204,0.5907408690725929,-10.930300554149476,0.7039721164232807,0.12259484277908017
-2.0816326530612246,0.10133192264527136,0.22092503231556876,0.1669321854006774,-0.5714285714285714,0.6365958587749845,-10.23427841972975,0.7359193666558097,0.14619106228407697
-2.0816326530612246,0.11577703161581332,0.16715775725096982,0.15615793625586102,-0.40816326530612246,0.6764168830046076,-9.597760501218273,0.7689276890721217,0.16703094936097873
-2.0816326530612246,0.126469256963764,0.10414708383361086,0.14905070824796582,-0.24489795918367346,0.7028836044511453,-9.027000665482632,0.7916455037320134,0.18245656984653413
-2.0816326530612246,0.13551969412733533,0.035629873210655784,0.1451341459222389,-0.08163265306122448,0.7137104352841898,-8.520876657653618,0.7932398469419529,0.19551359066029583
-2.0816326530612246,0.14517758268683445,-0.03645979447599053,0.14286488652670162,0.08163265306122448,0.711536769310961,-8.072594829889676,0.7871405764705447,0.2094469785905435
-2.0816326530612246,0.15442305907405807,-0.11194169671157399,0.1408388800135175,0.24489795918367346,0.699484121027925,-7.674328169404247,0.7750899371696044,0.22278538152504668
-2.0816326530612246,0.16038943723381704,-0.1905093565614371,0.1382920825154612,0.40816326530612246,0.6790828976490633,-7.3201387485424005,0.7543812896809298,0.23139304570819919
-2.0816326530612246,0.1606511843021059,-0.2703920427889249,0.13502220917710464,0.5714285714285714,0.6510321989000593,-7.006278899323052,0.727009006409526,0.23177066690558723
-2.0816326530612246,0.154349282119431,-0.3482859267525865,0.131190365506681,0.7346938775510204,0.6165691538949084,-6.7302102459096504,0.6952207757162034,0.22267894387847464
-2.0816326530612246,0.14238812145498092,-0.4203873431946315,0.12713234039182034,0.8979591836734694,0.5780901990805998,-6.489492364069291,0.661026173540552,0.20542263670459615
-2.0816326530612246,0.12687436156225962,-0.4837733520471444,0.12319204891888513,1.0612244897959184,0.5386720504971501,-6.281133671322865,0.6263898735422774,0.18304101224182512
-2.0816326530612246,0.1101486138998291,-0.5371847173145647,0.11961284489931423,1.2244897959183674,0.5010708174072951,-6.101536369465739,0.5931932242058426,0.15891085903407687
-2.0816326530612246,0.09402199216184282,-0.5808978095197851,0.11650948972471811,1.3877551020408163,0.4670512049205504,-5.946818295772795,0.564884398358197,0.13564506182639136
-2.0816326530612246,0.07952844977141904,-0.6161003260351781,0.11389659133206506,1.5510204081632653,0.4373351232353455,-5.813199755161789,0.5385733190391628,0.11473530009481347
-2.0816326530612246,0.06705578632061782,-0.6442858698036599,0.11173232449672088,1.7142857142857142,0.4119104227064575,-5.697269251705541,0.5146085405775048,0.09674105038766534
-2.0816326530612246,0.05659217068284206,-0.6668848675992629,0.10995277279819149,1.8775510204081634,0.3903801252886067,-5.59609700794417,0.49302572978553394,0.0816452439972779
-2.0816326530612246,0.04793288137589813,-0.6851107270565711,0.10849174827316524,2.0408163265306123,0.3722087914456007,-5.507240839873783,0.4736898761927588,0.0691525302565279
-2.0816326530612246,0.04080929950605339,-0.6999317773911579,0.10728973558111995,2.204081632653061,0.35685734761926496,-5.428697214130321,0.45639066696702396,0.0588753740195358
-2.0816326530612246,0.03495519339544795,-0.7120976822762357,0.1062966831847351,2.36734693877551,0.3438422007075318,-5.358833631940934,0.44089758656512995,0.05042968416492766
-2.0816326530612246,0.030134509583211955,-0.7221811333816939,0.10547184766079402,2.5306122448979593,0.3327532096094041,-5.296321296612487,0.42698812492240773,0.043474907535320906
-2.0816326530612246,0.026149386503881322,-0.7306186501517138,0.10478280283767334,2.693877551020408,0.3232515978115802,-5.240075903357506,0.41445987781069016,0.0377255902314384
-2.0816326530612246,0.022838382206084473,-0.7377430281262394,0.10420362813339679,2.857142857142857,0.31506241982474126,-5.189208578322206,0.4031350142768705,0.032948820750644536
-2.0816326530612246,0.02007210788204339,-0.7438104042476288,0.10371379206777658,3.020408163265306,0.30796268847537167,-5.142986463503835,0.392858810608638,0.028957930501612328
-2.0816326530612246,0.017746626453669645,-0.7490187080449886,0.10329731661026027,3.183673469387755,0.3017724073865372,-5.1008014958539425,0.38350014248980296,0.025602969977217782
-2.0816326530612246,0.015779352909284894,-0.7535229078156067,0.10294008556782437,3.3469387755102042,0.2963458584570692,-5.0621458000343855,0.3749456264475642,0.02276479419066213
-2.0816326530612246,0.014108307205051629,-0.7574444084911006,0.10263426903624442,3.510204081632653,0.2915622031124418,-5.026592705406288,0.3670964914905275,0.02035398484006601
-2.0816326530612246,0.01268716642667278,-0.7608794219138602,0.10236827529998194,3.673469387755102,0.28732665354006365,-4.993779598818316,0.3598655307133049,0.018303712086694013
-2.0816326530612246,0.011444299452031625,-0.7639075964780794,0.10213896516008576,3.836734693877551,0.2835584197551514,-4.963403142535217,0.3532043727120364,0.01651063406589426
-2.0816326530612246,0.010381319809516842,-0.7665894463278453,0.10193794579449689,4.0,0.2801927026593905,-4.935196581435398,0.34702989048467847,0.014977078607072425
-1.836734693877551,0.02736636324716968,0.3759673497204926,0.2861397780266981,-4.0,0.26390015488152124,-28.398359632881863,0.32235428401902294,0.039481316543858114
-1.836734693877551,0.02674166942127809,0.37536804698677645,0.285358419178357,-3.836734693877551,0.26725581860487735,-27.445192287768833,0.329086732329577,0.038580073859170394
-1.836734693877551,0.027353716256074856,0.3742685185052874,0.28424041903020114,-3.673469387755102,0.2717065826882087,-26.494065761487686,0.337239727523187,0.039463070792523425
-1.836734693877551,0.028473046843371153,0.3729130320030575,0.2828869538037983,-3.510204081632653,0.27692705756299996,-25.54524524532656,0.3464001111899181,0.04107792347993078
-1.836734693877551,0.029089072442529007,0.3716470702581559,0.28145585908469783,-3.3469387755102042,0.28242897173195514,-24.59902738883475,0.3558705193525035,0.041966660556896684
-1.836734693877551,0.029804963807936735,0.3702424433926302,0.27980922581882944,-3.183673469387755,0.2886357109079533,-23.655756516511378,0.3661828780650649,0.042999473479585326
-1.836734693877551,0.03069639215777742,0.3686547004890833,0.2778888342748279,-3.020408163265306,0.2957083536634168,-22.71584257964431,0.37751566824954647,0.044285532739208655
-1.836734693877551,0.03158096091119589,0.36692598739080734,0.27568358377857544,-2.857142857142857,0.30367046938556397,-21.779772299582305,0.38983370959956887,0.04556169569309043
-1.836734693877551,0.03252128972109669,0.36500296618210204,0.2731223648136056,-2.693877551020408,0.3127156339134193,-20.84812781887819,0.40332167669903785,0.04691830340393954
-1.836734693877551,0.03353807583670032,0.36283667015095267,0.2701304519243556,-2.5306122448979593,0.32304166177848276,-19.921609643676405,0.41814834477325447,0.04838521569056553
-1.836734693877551,0.03462987521307426,0.3603703596461965,0.2666209289770799,-2.36734693877551,0.33486808250614014,-19.001065881689588,0.43448584904220866,0.04996034923650594
-1.836734693877551,0.035838001787996454,0.35750789247190956,0.2624811733277703,-2.204081632653061,0.34847638536385084,-18.08752955871152,0.4525614320566538,0.05170330745491203
-1.836734693877551,0.03721272196921044,0.3541146487184594,0.25757765943767935,-2.0408163265306123,0.36419077679663014,-17.182266425029002,0.4726262087085092,0.053686609442959554
-1.836734693877551,0.03883353542798429,0.3499923395453738,0.25175325667625986,-1.8775510204081634,0.38238508852575237,-16.286836485720723,0.4949612484596976,0.0560249489821385
-1.836734693877551,0.04082813502576266,0.3448450082408475,0.24482978908859562,-1.7142857142857142,0.40347972749004163,-15.403173799822776,0.5198703984267594,0.058902547930412386
-1.836734693877551,0.043398056854855094,0.3382290749912927,0.23661897101819296,-1.5510204081632653,0.4279276210596133,-14.5336913271912,0.5476558245670126,0.06261016140871645
-1.836734693877551,0.046852134520847244,0.32948044827781786,0.22694775593703023,-1.3877551020408163,0.4561835464125953,-13.681421257355145,0.578560281059764,0.06759334212828882
-1.836734693877551,0.051628247691782425,0.31761863515586575,0.2157095822744564,-1.2244897959183674,0.4886369578495321,-12.850205746199522,0.6126319427387397,0.07448381691472106
-1.836734693877551,0.05824730572681758,0.3012462026680104,0.20295729165609772,-1.0612244897959184,0.525459295906727,-12.044951381290153,0.6494263395797844,0.08403309911722312
-1.836734693877551,0.06708042651174373,0.2785199012940417,0.18905326606681294,-0.8979591836734694,0.5662509373009769,-11.271923908249683,0.6874142862926192,0.09677659866920951
-1.836734693877551,0.07781912948015623,0.24738676408276133,0.1748582947236082,-0.7346938775510204,0.6093337854898043,-10.5389105251055,0.7230740629907335,0.11226927218731797
-1.836734693877551,0.0889513756455147,0.20634995454490399,0.16180610246641622,-0.5714285714285714,0.65087279876139,-9.854733784020056,0.750340169217753,0.12832970852403536
-1.836734693877551,0.09845407790259109,0.15558877104405838,0.15150833099714073,-0.40816326530612246,0.6851262275422794,-9.22736360731604,0.7845819754662916,0.1420392099453638
-1.836734693877551,0.1061309245372446,0.0971660020697515,0.14479634573553005,-0.24489795918367346,0.7072499688127548,-8.66088304092924,0.8034314892399593,0.15311455851484368
-1.836734693877551,0.1141703865796726,0.033447266548956175,0.1411108590453993,-0.08163265306122448,0.716253987225964,-8.153787690958254,0.8033924743446075,0.1647130505348695
-1.836734693877551,0.12401265945777884,-0.0344641047853018,0.13905590610906096,0.08163265306122448,0.7141538971536863,-7.700631611823468,0.7973924513908859,0.17891244880718915
-1.836734693877551,0.134321787751553,-0.10646404589591565,0.13734277886764992,0.24489795918367346,0.703100880684917,-7.295267021952061,0.7864012318357633,0.19378537707250532
-1.836734693877551,0.14223864660135055,-0.18215042495007377,0.13521270468452712,0.40816326530612246,0.6841195297145594,-6.932909609781709,0.7664596350801719,0.20520699007452636
-1.836734693877551,0.14521891225659456,-0.25982679920560625,0.13241241269773127,0.5714285714285714,0.6576656793686809,-6.610431761548264,0.7396393835184356,0.209506604555878
-1.836734693877551,0.14206011219191605,-0.33638679171432595,0.1290421798150358,0.7346938775510204,0.6247147822125683,-6.325647767479819,0.7081076985947362,0.20494941936740751
-1.836734693877551,0.13320443423139627,-0.40813142991224094,0.12539117764218616,0.8979591836734694,0.587359762566267,-6.076396301398582,0.6738455445081801,0.19217337669005552
-1.836734693877551,0.1203675759801981,-0.4720134085803428,0.12178194509153295,1.0612244897959184,0.5484791040444112,-5.859943652964394,0.6388214300506512,0.17365370495045784
-1.836734693877551,0.10570541253505517,-0.5264776202764152,0.11845947261379122,1.2244897959183674,0.5108309721697833,-5.672896826640917,0.6047561353033037,0.15250067445944637
-1.836734693877551,0.0910437491554219,-0.5714861318422686,0.11555226237121223,1.3877551020408163,0.4763309504780178,-5.511490274317987,0.5748154280304343,0.13134836541046546
-1.836734693877551,0.07753657201043285,-0.6079980517988236,0.11309059494179922,1.5510204081632653,0.44588932587699864,-5.371971849059156,0.547864027265053,0.11186162792698173
-1.836734693877551,0.06571015798466684,-0.6373825117264351,0.111045358123626,1.7142857142857142,0.41964611144238334,-5.250893246030035,0.5232072162385054,0.09479971906050944
-1.836734693877551,0.05566689462939811,-0.6610222467601309,0.1093615841733887,1.8775510204081634,0.3973009789298558,-5.145253008313918,0.5009343699231811,0.08031035282352139
-1.836734693877551,0.04728297009228366,-0.680126364363437,0.107979079433616,2.0408163265306123,0.3783692883974617,-5.052524856988818,0.48094207981344983,0.06821490647063877
-1.836734693877551,0.04034277912179163,-0.6956785149758791,0.10684236493509755,2.204081632653061,0.36233300875426505,-4.970622117166651,0.4630355891946749,0.058202327374687446
-1.836734693877551,0.03461352250067873,-0.7084499788136706,0.10590419134757978,2.36734693877551,0.3487129029846652,-4.897836569741298,0.4469898062246657,0.04993675725942781
-1.836734693877551,0.02987998972771022,-0.719035151797793,0.1051258927058563,2.5306122448979593,0.33709474862522615,-4.832773407422338,0.43258182947679613,0.043107713001980574
-1.836734693877551,0.025957068993753385,-0.7278894131707776,0.1044764729907675,2.693877551020408,0.3271327020598437,-4.7742921333029145,0.41960616829870856,0.03744813471330044
-1.836734693877551,0.022691669785801727,-0.7353616959645038,0.10393131188831597,2.857142857142857,0.31854324378378795,-4.721456640685488,0.40788053663445356,0.03273715946946565
-1.836734693877551,0.019959176445817572,-0.7417211183257957,0.10347081257428965,3.020408163265306,0.3110951277352873,-4.673494592952661,0.3972454037822421,0.028795004878608754
-1.836734693877551,0.017666687171727036,-0.7471692814933302,0.10307952532038978,3.183673469387755,0.30460773208648995,-4.629764791230636,0.38757244640778005,0.025487641971587482
-1.836734693877551,0.015713336112308518,-0.7518892993879702,0.10274521119212568,3.3469387755102042,0.2989085734798738,-4.589732544401089,0.37872050207497,0.02266955208504884
-1.836734693877551,0.014057414737684182,-0.7559897043389469,0.1024578868877137,3.510204081632653,0.29389282042061854,-4.552947382373886,0.3706120667927878,0.020280562529776613
-1.836734693877551,0.012638629632826026,-0.7595785438561378,0.1022101556449401,3.673469387755102,0.2894525557372395,-4.5190284230402655,0.36315962829945825,0.018233688294910788
-1.836734693877551,0.011420350839350668,-0.7627365299757178,0.10199460322867807,3.836734693877551,0.28550601891522437,-4.487653899096207,0.35627407218068535,0.01647608352114327
-1.836734693877551,0.010349648463337413,-0.7655416252618974,0.10180609815122661,4.0,0.2819664822385666,-4.458541763602536,0.3498934862142819,0.014931386513000966
-1.5918367346938775,0.020658802498532358,0.3765532340615264,0.2871984292667664,-4.0,0.26225525941116423,-27.92282017521435,0.31597850780312875,0.029804351915337257
-1.5918367346938775,0.029966593339349812,0.3724807344589974,0.28470252077187963,-3.836734693877551,0.2717141176411489,-26.97219853644532,0.33687605379541075,0.043232655603016035
-1.5918367346938775,0.02641093355196822,0.3725017600025663,0.28419929373302333,-3.673469387755102,0.27392392665523124,-26.02148845672485,0.34038225278787665,0.038102922860672184
-1.5918367346938775,0.03134606688154418,0.36981302459424137,0.2822362341413661,-3.510204081632653,0.2817870626882377,-25.0745963823238,0.354691242919934,0.04522281524137739
-1.5918367346938775,0.03278312385871884,0.36805067521483614,0.28061081135300664,-3.3469387755102042,0.28812837867105767,-24.12974903234068,0.3652299537638548,0.04729605021582195
-1.5918367346938775,0.03374323226382869,0.36632969148894423,0.2788647160911669,-3.183673469387755,0.29490365027720733,-23.188009016514435,0.37624220753964527,0.04868119385059
-1.5918367346938775,0.03477187255019154,0.3644302128497853,0.2768509304653165,-3.020408163265306,0.30255174096227166,-22.249814036594497,0.3882508259921894,0.05016520809058411
-1.5918367346938775,0.03582044247349603,0.36234116812340755,0.2745288072987906,-2.857142857142857,0.3111878362480615,-21.31568439055856,0.40134657873193186,0.051677974718961295
-1.5918367346938775,0.03682901338732081,0.3600488322109689,0.27185172623231674,-2.693877551020408,0.32094243553092533,-20.38624352737922,0.41561945342143486,0.053133034974721216
-1.5918367346938775,0.03805609992691994,0.35739440715238924,0.2686708946504599,-2.5306122448979593,0.3322013159817291,-19.46224466260624,0.4314716996138867,0.05490334664014229
-1.5918367346938775,0.03925222014390295,0.3544088924494152,0.26495794249964044,-2.36734693877551,0.34503640738130925,-18.54459979187311,0.4488698453899868,0.05662898334549071
-1.5918367346938775,0.04052024369254559,0.3509502339791954,0.26056877948211793,-2.204081632653061,0.3598035002685564,-17.6344236225148,0.46812019394282206,0.0584583546308477
-1.5918367346938775,0.04188557296911477,0.3468670251805341,0.2553587168190722,-2.0408163265306123,0.3768435256100534,-16.733084078171622,0.48947494714352846,0.06042810840733459
-1.5918367346938775,0.043392309429611586,0.34193947361272614,0.24915807896221143,-1.8775510204081634,0.3965393511131447,-15.842268709923282,0.5132040187586212,0.0626018696268198
-1.5918367346938775,0.04511400349319916,0.3358469762950832,0.24177761805720346,-1.7142857142857142,0.4192987303194487,-14.964068322787684,0.5395725888242737,0.065085749114286
-1.5918367346938775,0.04717164712898403,0.32812111063311233,0.23302407533021913,-1.5510204081632653,0.4455187255562727,-14.101082109770074,0.568795379232646,0.06805430138354929
-1.5918367346938775,0.04975343912587227,0.31808453182671487,0.22273528779790439,-1.3877551020408163,0.47551661658455535,-13.256548250733449,0.600942044664976,0.07177903989406653
-1.5918367346938775,0.053120237670102766,0.30478397456855466,0.21084696419245255,-1.2244897959183674,0.5094060834169779,-12.434500884800531,0.6357526718643837,0.07663630345750017
-1.5918367346938775,0.05754953106538041,0.28695031502048984,0.19750410344959693,-1.0612244897959184,0.546881961851407,-11.639939277173879,0.6723012216884966,0.08302642307350983
-1.5918367346938775,0.0631421921025066,0.2630668598740943,0.1832156922714852,-0.8979591836734694,0.5868681774308456,-10.878943220565068,0.7084685250718232,0.09109492741714487
-1.5918367346938775,0.06949917998067168,0.23167821762782354,0.16899326447127822,-0.7346938775510204,0.6270619426625602,-10.158540874216296,0.7404013518465062,0.1002661223039647
-1.5918367346938775,0.07563928248245677,0.19199591136212935,0.156290069260689,-0.5714285714285714,0.6637443033098528,-9.485959025764533,0.766565159968745,0.10912441773383952
-1.5918367346938775,0.08083434341635964,0.14445120556255664,0.14650390312909492,-0.40816326530612246,0.6926450172341311,-8.866983739448354,0.7986967710987587,0.1166193063802976
-1.5918367346938775,0.0859355154334216,0.09045281043970885,0.1401925122552183,-0.24489795918367346,0.7109212719796207,-8.304031399024192,0.8140261208837251,0.12397874195203418
-1.5918367346938775,0.09297142953587811,0.03131455053518619,0.1367518416962496,-0.08163265306122448,0.7183617500416838,-7.795507990519858,0.8125266087639047,0.13412942033576902
-1.5918367346938775,0.10279780728535859,-0.03247341299723392,0.13492831641864772,0.08163265306122448,0.7164010481123474,-7.33719597074337,0.8067513806346436,0.14830588678484613
-1.5918367346938775,0.11392697429728238,-0.10090649038777322,0.13354391789387993,0.24489795918367346,0.7063941282511055,-6.924425896316496,0.7970017639943736,0.16436188084217385
-1.5918367346938775,0.12356826438983748,-0.17356370047941577,0.13185044782992456,0.40816326530612246,0.6889119033102975,-6.553486455482342,0.778025320249274,0.1782713222464749
-1.5918367346938775,0.1291027082950713,-0.24886169679603992,0.1295470233605296,0.5714285714285714,0.6641645766340398,-6.221877654651077,0.7519858463386454,0.18625583702263393
-1.5918367346938775,0.12902010109063689,-0.3239105210992858,0.12667200057287725,0.7346938775510204,0.63286460765992,-5.927796505087307,0.7209300933127251,0.18613666001845486
-1.5918367346938775,0.12331003532685236,-0.39514472168487613,0.12346418558161576,0.8979591836734694,0.5967934184472838,-5.669387923580455,0.6867881094585061,0.17789877645789298
-1.5918367346938775,0.11327037627426773,-0.45942664239771336,0.12022035991966377,1.0612244897959184,0.5586035911979145,-5.44420133488158,0.6515197635024254,0.16341461013051317
-1.5918367346938775,0.10082431687261262,-0.5149206974326901,0.1171840657306588,1.2244897959183674,0.5210227954097587,-5.249075222323083,0.616897007518846,0.14545874195313546
-1.5918367346938775,0.08777110132270649,-0.561263886108496,0.11449657635813792,1.3877551020408163,0.48610199969396267,-5.080385465194315,0.5850156025123135,0.12662693261163138
-1.5918367346938775,0.0753642272401398,-0.5991625719056131,0.11220441714902918,1.5510204081632653,0.454944986298673,-4.934425162683666,0.5574627255424746,0.10872759689977851
-1.5918367346938775,0.06426535830780322,-0.6298384946836428,0.11029232348682458,1.7142857142857142,0.42785927441134175,-4.807717793963713,0.5321253893160237,0.0927153137316199
-1.5918367346938775,0.054696500541366655,-0.6546113555868385,0.10871535481931165,1.8775510204081634,0.4046567451786349,-4.697191190139646,0.5091562447705995,0.07891037008501023
-1.5918367346938775,0.04662210986945703,-0.6746780113775562,0.10742013507648222,2.0408163265306123,0.3849149836160784,-4.600231107075959,0.488491067916086,0.06726148670444587
-1.5918367346938775,0.0398859897648447,-0.6910344697375629,0.10635579611005723,2.204081632653061,0.3681439562887995,-4.514661506219058,0.46995585697817843,0.05754331963468973
-1.5918367346938775,0.03429349159914574,-0.7044733922456112,0.1054782961752955,2.36734693877551,0.35387240022464855,-4.438691540018702,0.4533342403814532,0.0494750502648551
-1.5918367346938775,0.02965337991699646,-0.7156117921757842,0.1047512867795578,2.5306122448979593,0.34168368460394244,-4.370853722467125,0.4384049051368761,0.04278078415184705
-1.5918367346938775,0.025795601886529296,-0.7249255327690471,0.1041455025565543,2.693877551020408,0.33122497145098456,-4.309945364670904,0.42496017694278443,0.037215186918441834
-1.5918367346938775,0.022576635092875108,-0.7327810999716288,0.10363767590604774,2.857142857142857,0.32220393231570565,-4.254977928680624,0.41281360409845363,0.03257119948845055
-1.5918367346938775,0.01987763327494152,-0.739461773717911,0.10320930530427515,3.020408163265306,0.3143809577715988,-4.205135201458876,0.40180136313788384,0.028677362950368046
-1.5918367346938775,0.01760261429163701,-0.745187692043869,0.10284572481505591,3.183673469387755,0.30756043610161277,-4.159739574555166,0.3917810972757842,0.02539520434522613
-1.5918367346938775,0.01567726820378934,-0.7501294997182557,0.10253547118885128,3.3469387755102042,0.3015839995076481,-4.11822518004559,0.38263440993869113,0.02261751709229287
-1.5918367346938775,0.014033449168497691,-0.7544260701168947,0.10226920028712143,3.510204081632653,0.29631914510780144,-4.080116640003812,0.3742527338461568,0.02024598752195894
-1.5918367346938775,0.012636737703795697,-0.7581461170360894,0.10203570223745759,3.673469387755102,0.2916590489604317,-4.044989128006049,0.3665428808300498,0.018230958818280296
-1.5918367346938775,0.011416186773301806,-0.7614906147644371,0.1018387672251387,3.836734693877551,0.287513499328872,-4.012569752610053,0.35943434511368944,0.016470076043705095
-1.5918367346938775,0.01036306692369715,-0.7644097005082273,0.10166605179775826,4.0,0.28382235173043047,-3.9824981930722463,0.352873933773674,0.014950745259218579
-1.346938775510204,0.03260414977487813,0.37070410559388306,0.2850641694652617,-4.0,0.2719736891612712,-27.45176475290654,0.33670902833250616,0.04703784519261722
-1.346938775510204,0.03381393358799456,0.36915348696874706,0.2839063019276094,-3.836734693877551,0.27688071219764754,-26.500731765804733,0.34544621795325214,0.048783194300348054
-1.346938775510204,0.029862634108200004,0.3693072662674789,0.283543259214429,-3.673469387755102,0.2792656602338508,-25.551705788910798,0.35029378337929534,0.043082674135781485
-1.346938775510204,0.03597726998462725,0.3658210237405117,0.2812243179006826,-3.510204081632653,0.28809413365432646,-24.60578834830277,0.36466332170442667,0.05190422899154523
-1.346938775510204,0.037125004961636954,0.3639323505087175,0.2796048235259129,-3.3469387755102042,0.2946910608394515,-23.6624993368255,0.3754669216964083,0.053560060551131716
-1.346938775510204,0.038299456401572174,0.36187309014214347,0.27775609284223074,-3.183673469387755,0.3020794192286257,-22.722505912529616,0.38718483429261846,0.055254435819291015
-1.346938775510204,0.039511489838874425,0.3596103710989409,0.27563011026259776,-3.020408163265306,0.3104001184096522,-21.786277180308154,0.3999470966134783,0.057003030448678604
-1.346938775510204,0.040756233905527406,0.35710891244345583,0.2731707744525651,-2.857142857142857,0.31981087767780825,-20.85437314231326,0.41388906859192715,0.05879881654081531
-1.346938775510204,0.04203466980493231,0.3543196186351077,0.2703068768705615,-2.693877551020408,0.3305054066496952,-19.92746648080637,0.42917336969364156,0.06064320967298098
-1.346938775510204,0.04333978257170967,0.3511803733763989,0.2669520672881445,-2.5306122448979593,0.34270913936870423,-19.00637023941629,0.4459800494269283,0.06252608938941151
-1.346938775510204,0.04466458711295962,0.34760586536118065,0.26299933101491024,-2.36734693877551,0.3566891250490478,-18.09207300694656,0.46451378524447917,0.06443737833121999
-1.346938775510204,0.04600622164652379,0.34347555861667295,0.258316543176679,-2.204081632653061,0.37275854205807024,-17.185783499701767,0.48500608130113665,0.06637294781947833
-1.346938775510204,0.04735819256369722,0.3386222468974312,0.25274643187089896,-2.0408163265306123,0.3912669455557893,-16.288986660366938,0.5076988250353301,0.06832342955711024
-1.346938775510204,0.04871802132045877,0.3328077805276629,0.24610631161285473,-1.8775510204081634,0.4125892040366274,-15.403513315634902,0.5328305601728428,0.0702852477609488
-1.346938775510204,0.050091146735109504,0.32569267969136184,0.23819681942475093,-1.7142857142857142,0.4370907955762922,-14.531624752332037,0.5605970383446763,0.0722662489871837
-1.346938775510204,0.051498774783344414,0.3167961924100349,0.2288248018564678,-1.5510204081632653,0.4650622898087269,-13.676111554631667,0.5910779751021951,0.07429702699178886
-1.346938775510204,0.05298667959961989,0.30545190352743273,0.21785099940376548,-1.3877551020408163,0.49660755960358716,-12.840401282554327,0.6241060038930687,0.07644361989154413
-1.346938775510204,0.054625146745230335,0.2907757760673629,0.20527447482504932,-1.2244897959183674,0.5314729288718364,-12.028658876714443,0.6590487434441779,0.0788074283171758
-1.346938775510204,0.05647554932159271,0.27168575974119463,0.19135834797532425,-1.0612244897959184,0.5688194599591435,-11.245840259594601,0.6944886893860639,0.08147699493774185
-1.346938775510204,0.058495648717917126,0.24703642019517832,0.1767703048654039,-0.8979591836734694,0.6069877001310845,-10.497613170703346,0.7278684497319384,0.0843913823189224
-1.346938775510204,0.06043842347151429,0.21591616129268404,0.1626418799511247,-0.7346938775510204,0.6434110991094197,-9.78999284957688,0.7553888247268512,0.08719421382150072
-1.346938775510204,0.06201039658026608,0.17801978948916428,0.1503777904095232,-0.5714285714285714,0.6749617667803747,-9.12852864766199,0.7837553519872714,0.08946209162990781
-1.346938775510204,0.0635119171559444,0.13378342408983196,0.14113141636898743,-0.40816326530612246,0.6988827108890713,-8.517107210309314,0.8109982588526136,0.09162832791823172
-1.346938775510204,0.06635773872584338,0.08400721116569618,0.13522695759364978,-0.24489795918367346,0.7138081223963182,-7.956945996185633,0.8231922252272607,0.09573398058438043
-1.346938775510204,0.07232733057662277,0.029233994013213492,0.1320460236352169,-0.08163265306122448,0.7199310880444052,-7.446562546161997,0.8206295875111022,0.10434628114363065
-1.346938775510204,0.08189441357542715,-0.030493475442542863,0.13047022436991507,0.08163265306122448,0.7181777624081417,-6.9828309293729625,0.8149907714267357,0.11814866434177818
-1.346938775510204,0.09354812364241272,-0.09528784292486336,0.12942787092772193,0.24489795918367346,0.7092637771333041,-6.562367296483796,0.8066647479708968,0.13496141406337614
-1.346938775510204,0.10462197949799545,-0.16477337241784096,0.1281874105799181,0.40816326530612246,0.6933607321868955,-6.182447346338817,0.7888635142696913,0.1509376109897449
-1.346938775510204,0.11247309957991347,-0.23751660698304056,0.12640525731974347,0.5714285714285714,0.6704350881701678,-5.841198402008478,0.763858662832735,0.16226438299735157
-1.346938775510204,0.11532963371218163,-0.3108640637208076,0.12405785138126726,0.7346938775510204,0.6409359070117923,-5.537227676809036,0.7335330934135001,0.1663854906241049
-1.346938775510204,0.11274879051348097,-0.38141397640794605,0.12133011223519156,0.8979591836734694,0.6063263396138044,-5.269014322162,0.6997377728991224,0.1626621209400274
-1.346938775510204,0.10559065421493119,-0.445976611670333,0.11848822889865104,1.0612244897959184,0.5690054174723896,-5.03441800762992,0.6644065293493822,0.1523351132001025
-1.346938775510204,0.09549736167365008,-0.5024579295181504,0.11577043231638454,1.2244897959183674,0.5316335872838318,-4.830538061149276,0.629353122712551,0.13777357010455482
-1.346938775510204,0.08419390943420857,-0.5501636931883901,0.1133291106160353,1.3877551020408163,0.49637557268390636,-4.653920357886259,0.5959844160131712,0.12146613561378716
-1.346938775510204,0.07300536968190041,-0.5895237386924299,0.11122723583243618,1.5510204081632653,0.46452993347950366,-4.500925023171045,0.567352840819854,0.10532448479834278
-1.346938775510204,0.06272070092845139,-0.6215871239800855,0.10946443238213752,1.7142857142857142,0.4365866862645283,-4.368059267161403,0.5413596405799261,0.09048684419055686
-1.346938775510204,0.05368467216850603,-0.6475923054251519,0.10800691156659444,1.8775510204081634,0.41248718419843067,-4.252183284762838,0.5176961919703655,0.0774506103092536
-1.346938775510204,0.04595682401135237,-0.6687137564405651,0.10680902067526313,2.0408163265306123,0.39188480115296703,-4.150591938712467,0.496346381580261,0.06630168209618548
-1.346938775510204,0.039446957155380824,-0.6859555789297967,0.1058251576425441,2.204081632653061,0.3743262076600657,-4.061013727913382,0.4771633629079009,0.056909929466227194
-1.346938775510204,0.034003667967969164,-0.7001309623708428,0.10501494480514813,2.36734693877551,0.3593529100668295,-3.981567923538295,0.4599436126692562,0.049056923149424225
-1.346938775510204,0.02946331905882693,-0.7118802892945804,0.10434468224917119,2.5306122448979593,0.34654814327965955,-3.910707135634239,0.44446997990123005,0.0425065842942991
-1.346938775510204,0.02567320197232026,-0.7217014761771484,0.10378707903806624,2.693877551020408,0.3355526387604993,-3.8471598675469263,0.4305338799499324,0.03703860116920721
-1.346938775510204,0.022500632205977977,-0.7299799119852082,0.10332037825606191,2.857142857142857,0.326065500928558,-3.789879363419764,0.4179455808325793,0.03246155050043109
-1.346938775510204,0.019834218006073323,-0.737014531566798,0.10292731872610458,3.020408163265306,0.3178380568881912,-3.7380006029018182,0.4065370151748208,0.028614727957272823
-1.346938775510204,0.01758329400335845,-0.7430377042670913,0.10259423046392843,3.183673469387755,0.31066673471258666,-3.6908052221466283,0.3961624072225792,0.0253673310611382
-1.346938775510204,0.01567099786363757,-0.7482334517200395,0.10231009616490667,3.3469387755102042,0.3043827518869893,-3.6476933627968426,0.38669337951850935,0.022608470903651146
-1.346938775510204,0.014040315560937655,-0.7527436338565356,0.10206681968006207,3.510204081632653,0.29885154312636175,-3.608161218488328,0.37802551889237956,0.020255893632280753
-1.346938775510204,0.012641376773892654,-0.7566838775656954,0.10185687110645962,3.673469387755102,0.2939591301081021,-3.571783168090235,0.3700619360485545,0.018237651581703318
-1.346938775510204,0.011434851438287597,-0.7601450373869427,0.10167546666026347,3.836734693877551,0.2896144651638239,-3.538197638541872,0.36272796229575643,0.016497003463319615
-1.346938775510204,0.010389792352076821,-0.7632036550749018,0.10151651023964905,4.0,0.28573523691478686,-3.507095466888371,0.35594275938224457,0.014989301902207153
-1.1020408163265305,0.03691633878361378,0.3671435017620021,0.28417910185442213,-4.0,0.2774947192236493,-26.98074385862973,0.3455662369913691,0.05325901889089657
-1.1020408163265305,0.03576354839390561,0.36629209268911095,0.28345997255697075,-3.836734693877551,0.28129431498924334,-26.030954441523427,0.352955277966936,0.05159589391248032
-1.1020408163265305,0.039564628619205955,0.36346306732137473,0.28162367419855755,-3.673469387755102,0.28863243640284486,-25.083678862933464,0.36462301554546805,0.05707969350354203
-1.1020408163265305,0.0445175127387214,0.35985366877981273,0.27930060513906296,-3.510204081632653,0.29736556368581,-24.13888292926704,0.3773455741223207,0.0642251948608652
-1.1020408163265305,0.04213682533589558,0.3592390559682004,0.2784211768127611,-3.3469387755102042,0.3022153596109873,-23.1975773598235,0.3866003864295836,0.06079058895090084
-1.1020408163265305,0.04355179186435154,0.3567972368631666,0.2764547762862287,-3.183673469387755,0.31030281351716776,-22.259585499436294,0.39907820083760287,0.06283195414452836
-1.1020408163265305,0.04503293788837626,0.3540976260494119,0.2741830592965571,-3.020408163265306,0.31943310358883714,-21.325615876623193,0.4127047047266129,0.06496879616822104
-1.1020408163265305,0.04648588978673662,0.3511380747677108,0.2715691002122512,-2.857142857142857,0.32971224350808137,-20.396275344703586,0.42753319194649053,0.06706496266663597
-1.1020408163265305,0.047985294533979816,0.3478243196093417,0.2685118462114081,-2.693877551020408,0.34141247354890214,-19.472293938476827,0.44382152963769617,0.06922814645976949
-1.1020408163265305,0.0494860891557285,0.34409785303792545,0.2649240599043353,-2.5306122448979593,0.3547546190189132,-18.554555769501622,0.46172681657383996,0.07139333541795878
-1.1020408163265305,0.05096458456137998,0.33986261223924263,0.2606879489130833,-2.36734693877551,0.3700208292300081,-17.64413726071456,0.4814558416750063,0.07352635340766867
-1.1020408163265305,0.05238786120476102,0.33498758056043093,0.25565969797312177,-2.204081632653061,0.38753050666316663,-16.742355395467456,0.5032281236723628,0.07557970756288768
-1.1020408163265305,0.05371114774345176,0.3292917670624363,0.24966781402978863,-2.0408163265306123,0.4076287679689054,-15.850827127486253,0.5272601330469817,0.0774888064899324
-1.1020408163265305,0.05487482711908065,0.3225235945790616,0.2425163846804602,-1.8775510204081634,0.4306573842064275,-14.971540449793677,0.5537329504358205,0.07916764095433715
-1.1020408163265305,0.055802601143962294,0.3143342378693871,0.2339986810483785,-1.7142857142857142,0.4568972142589566,-14.106935009863948,0.5827330904171149,0.08050613593909883
-1.1020408163265305,0.05640196659028662,0.30424776408035564,0.22392992476180176,-1.5510204081632653,0.486468415686776,-13.25998481668039,0.6141511039246966,0.08137083749619123
-1.1020408163265305,0.05656909066633897,0.29163773593022885,0.21221058245767788,-1.3877551020408163,0.519180065418111,-12.434265802969502,0.6475227657743244,0.08161194657192539
-1.1020408163265305,0.05619954220350376,0.27573196508455367,0.19892841503542433,-1.2244897959183674,0.5543425684536161,-11.63397527947532,0.6818112309980943,0.08107880083722518
-1.1020408163265305,0.05520571611434377,0.25567958899738696,0.18448846640808986,-1.0612244897959184,0.5906044092238061,-10.863849458657866,0.715176101817286,0.0796450128668873
-1.1020408163265305,0.053546968713577,0.23070831146220477,0.16971480756039253,-0.8979591836734694,0.6259391663982934,-10.128907938795868,0.7448749720157611,0.07725194621771392
-1.1020408163265305,0.05130127445690813,0.20034191851238298,0.15581026957094524,-0.7346938775510204,0.6579269181476658,-9.433966599377511,0.7675560265453583,0.07401209425026467
-1.1020408163265305,0.04885213293206725,0.16454223357449105,0.14406645116210062,-0.5714285714285714,0.6843405532423283,-8.782947547537852,0.7985981259440758,0.07047872991794213
-1.1020408163265305,0.04719508480909629,0.12360537938604269,0.13538280193940208,-0.40816326530612246,0.7037637109180201,-8.178190439560433,0.8212242098432219,0.06808811480841737
-1.1020408163265305,0.047976334373508234,0.07782666081997158,0.12989341578283597,-0.24489795918367346,0.7158187184809439,-7.620113643503288,0.8306852552523271,0.06921521968069122
-1.1020408163265305,0.05274314914231781,0.027208122286095704,0.12698805579479022,-0.08163265306122448,0.7208550729001304,-7.107468754801022,0.8275535391783223,0.07609227970848886
-1.1020408163265305,0.06176040672736094,-0.028530739714126386,0.1256748538812505,0.08163265306122448,0.7193772662455516,-6.638077025057479,0.8223993366841814,0.08910143250884905
-1.1020408163265305,0.07358726120629533,-0.08963051408105602,0.1249844052877718,0.24489795918367346,0.7116008244867151,-6.2096577453814,0.8151439220454813,0.10616397681492318
-1.1020408163265305,0.08572872583133329,-0.15581106294744992,0.12420856576377307,0.40816326530612246,0.6973542422000217,-5.820383021185881,0.798734196678542,0.12368040761859467
-1.1020408163265305,0.09557402035051532,-0.2258217699358605,0.12296763509852648,0.5714285714285714,0.6763674141712576,-5.468998136428833,0.7750383040119478,0.13788416519750912
-1.1020408163265305,0.10114704793051077,-0.2972659716904572,0.1211775952919653,0.7346938775510204,0.6488274556975384,-5.154543614210708,0.7457305015576626,0.14592434444990632
-1.1020408163265305,0.10160570754136344,-0.366936752590671,0.11896647682298425,0.8979591836734694,0.6158741524523335,-4.8758605212981765,0.7125488060051516,0.14658605039593953
-1.1020408163265305,0.09736213037061137,-0.43163470433819207,0.11656469316752731,1.0612244897959184,0.5796259890327075,-4.631147192590691,0.6773778759626304,0.1404638626560657
-1.1020408163265305,0.08973093166681045,-0.4890367352364807,0.11420045496037971,1.2244897959183674,0.542635540912637,-4.417795670696725,0.642058953558619,0.12945437013005412
-1.1020408163265305,0.08030936268781441,-0.5381172614257836,0.11203475714694495,1.3877551020408163,0.5071526210546761,-4.232554343934043,0.608094950626184,0.115861919286663
-1.1020408163265305,0.07045776296542439,-0.5790073196839092,0.1101466909403626,1.5510204081632653,0.47466655612504594,-4.071876813118961,0.5775070500233297,0.10164906522234807
-1.1020408163265305,0.06107786151964012,-0.6125559235745097,0.10855161968645252,1.7142857142857142,0.4458634910662638,-3.932270094469819,0.5508993371980734,0.08811672792248748
-1.1020408163265305,0.052636971479284034,-0.6398989204083747,0.10722803564206489,1.8775510204081634,0.4208329400080209,-3.8105326348555257,0.5265545088438963,0.07593909772057694
-1.1020408163265305,0.045295372569986725,-0.6621756386598582,0.10613898947732439,2.0408163265306123,0.39931995215306443,-3.7038669184161237,0.5045149077014349,0.06534740938193817
-1.1020408163265305,0.03903537381296629,-0.6803923406388244,0.10524487987584208,2.204081632653061,0.3809186868136445,-3.609900294353745,0.4846685839148613,0.056316140219213384
-1.1020408163265305,0.03375420815990027,-0.6953810150921148,0.10450951856057647,2.36734693877551,0.36518970204454904,-3.5266546836322417,0.46683007209881777,0.0486970287214219
-1.1020408163265305,0.029319674079653302,-0.7078059126390428,0.10390222311299438,2.5306122448979593,0.3517191908917506,-3.452495037913142,0.45078954669541293,0.04229934839519656
-1.1020408163265305,0.025599150215586564,-0.7181882087902587,0.10339795896754364,2.693877551020408,0.3401428760765441,-3.3860737958482345,0.4363395922359413,0.03693176706699797
-1.1020408163265305,0.022472563173656424,-0.7269339812554984,0.10297667374004511,2.857142857142857,0.3301512568130366,-3.3262795559647773,0.42328794671615605,0.032421055446698155
-1.1020408163265305,0.019836684284586514,-0.7343593289695767,0.10262253879198273,3.020408163265306,0.321486425659686,-3.272192972577275,0.41146336195759725,0.02861828604505323
-1.1020408163265305,0.017605098306438416,-0.7407113397085838,0.10232290320218251,3.183673469387755,0.3139350797748054,-3.223050278121024,0.4007144652071944,0.025398788021061325
-1.1020408163265305,0.015707156456847615,-0.7461838588318971,0.10206780650692779,3.3469387755102042,0.30732186750199303,-3.178213722581194,0.3909104151980479,0.02266063672676122
-1.1020408163265305,0.014087199262292627,-0.7509265489969128,0.10184949535710655,3.510204081632653,0.3015072275416229,-3.1371478380581075,0.3819471077901385,0.020323532515724274
-1.1020408163265305,0.012690434102063719,-0.7550719651588659,0.10166142698994807,3.673469387755102,0.29635894154459047,-3.099400660007048,0.3737041198246387,0.01830842634577534
-1.1020408163265305,0.011487849775671855,-0.7587113142952977,0.10149811441709486,3.836734693877551,0.2917865711294684,-3.064587996096687,0.3661081787745323,0.016573463901839336
-1.1020408163265305,0.010446997069967878,-0.7619110104139435,0.10135714549433764,4.0,0.2877243724845139,-3.032382824267351,0.3591227082207357,0.015071830865024616
-0.8571428571428571,0.04157763297487471,0.3632001701640518,0.28319732002673353,-4.0,0.2836410229356961,-26.51152708416803,0.35496527307623854,0.05998384490475317
-0.8571428571428571,0.04302786905629685,0.3611722593619477,0.28193248857755143,-3.836734693877551,0.2893793974656646,-25.563255297375058,0.36463555103150963,0.06207609330753927
-0.8571428571428571,0.22032973145074553,0.27693560236137543,0.2388956614355373,-3.673469387755102,0.3773715324273632,-24.525941519230273,0.35345475056036324,0.3178686109243878
-0.8571428571428571,0.04611206465727302,0.3565726160820807,0.27889620576915297,-3.510204081632653,0.3028290278943173,-23.674797244063324,0.3863477455931744,0.06652564700619923
-0.8571428571428571,0.04791567769425087,0.3538867321636213,0.2770247957963593,-3.3469387755102042,0.3108570454379586,-22.735337734827507,0.3987010890640852,0.06912771059033007
-0.8571428571428571,0.04976036441152565,0.35092164550206056,0.274875562682421,-3.183673469387755,0.31988092022321757,-21.799636925688944,0.4121314175187841,0.07178903096933542
-0.8571428571428571,0.05135367169801852,0.34783964230118813,0.27249128939054496,-3.020408163265306,0.32976207493313736,-20.868286680282257,0.4264954839492005,0.07408768749017147
-0.8571428571428571,0.05311362304872258,0.3443345772283942,0.26967687187592154,-2.857142857142857,0.34107766554167257,-19.94191037799217,0.4423329536033036,0.07662676057603779
-0.8571428571428571,0.05487379525131186,0.34043163841719093,0.26639067412192113,-2.693877551020408,0.3539162584441066,-19.021318159929564,0.45968383789116757,0.07916615228382406
-0.8571428571428571,0.05660165545833773,0.3360518858394448,0.26252786022488095,-2.5306122448979593,0.3685322652230621,-18.107476531628073,0.4787345347352003,0.08165892763584948
-0.8571428571428571,0.058250477276342805,0.33109096024066154,0.25795875358584225,-2.36734693877551,0.38521475516090814,-17.201562781597897,0.49968283754295545,0.08403767469599499
-0.8571428571428571,0.059753885140271024,0.3254088753275842,0.25252553587926396,-2.204081632653061,0.40427876132134105,-16.30501623198695,0.5227245537115771,0.08620663376571791
-0.8571428571428571,0.06101904017197257,0.3188159704280903,0.24604183946209446,-2.0408163265306123,0.4260421975114091,-15.419599324385,0.5480269051176877,0.08803186665590923
-0.8571428571428571,0.06191890960646962,0.31105484735608063,0.23829945687181092,-1.8775510204081634,0.45077795927333986,-14.547466368108664,0.5756800529277957,0.08933010382650552
-0.8571428571428571,0.062285641509351786,0.30177987731523326,0.22908937149774186,-1.7142857142857142,0.4786283068340838,-13.691232726247378,0.6056155747908217,0.08985918612412958
-0.8571428571428571,0.06190976921416369,0.2905401208841113,0.218247590371523,-1.5510204081632653,0.5094719850284021,-12.854028183544097,0.6374818332639833,0.08931691702785427
-0.8571428571428571,0.060554080676231914,0.2767788429627548,0.20573628436986202,-1.3877551020408163,0.5427539456277212,-12.03950479777256,0.670478661391182,0.08736107189719
-0.8571428571428571,0.05799475961173273,0.2598706199280557,0.19175956840112354,-1.2244897959183674,0.577333718845932,-11.25175515976407,0.7031892543640154,0.08366875208939462
-0.8571428571428571,0.05410151929854723,0.239214373455289,0.1768808852094955,-1.0612244897959184,0.6114712270359893,-10.495093587735331,0.7335091190270409,0.07805199359657289
-0.8571428571428571,0.04895811341168921,0.21436921240226062,0.1620601655216613,-0.8979591836734694,0.64308163231379,-9.773681051998665,0.7588247119433634,0.0706316274303238
-0.8571428571428571,0.043003210687701854,0.18515940742869805,0.14851054026404323,-0.7346938775510204,0.6702523584271592,-9.091047424293068,0.7818900271222813,0.062040518801450784
-0.8571428571428571,0.03713821667112427,0.15164341705981613,0.13735817697033775,-0.5714285714285714,0.6917585299578826,-8.449652966921139,0.8107385882567001,0.05357912101889095
-0.8571428571428571,0.03274160296428974,0.1139214709036992,0.1292572479466328,-0.40816326530612246,0.7072252501202764,-7.850659455447914,0.8291264853470017,0.04723614822733646
-0.8571428571428571,0.03150880413310797,0.07190721145895991,0.12419345035716031,-0.24489795918367346,0.7168617260147216,-7.294003072848651,0.8362588871808807,0.045457595467176315
-0.8571428571428571,0.034850249989291315,0.02523976409560529,0.12157999664405954,-0.08163265306122448,0.7210259054372978,-6.778730017833638,0.832785664556383,0.0502782828332915
-0.8571428571428571,0.04297177178723577,-0.026592318059458962,0.12054214852401308,0.08163265306122448,0.719889693500839,-6.303464982907888,0.8282530632130887,0.06199516205565736
-0.8571428571428571,0.05455921371804617,-0.08396046442185992,0.12020905016928358,0.24489795918367346,0.7132901530827043,-5.866860016967279,0.8221791020435979,0.07871230706582688
-0.8571428571428571,0.06732244554603661,-0.14671619189745197,0.11990325782045783,0.40816326530612246,0.7007701801679825,-5.467889382343899,0.807376125780173,0.09712575832978443
-0.8571428571428571,0.0787417535392041,-0.2138189770259114,0.1192172687370493,0.5714285714285714,0.6818365077901932,-5.1058969411055815,0.7852769511381442,0.11360033734191122
-0.8571428571428571,0.08670585480353177,-0.28314847973900925,0.11800987383268209,0.7346938775510204,0.6564188237532387,-4.780373259681954,0.7573037361080642,0.1250901067410939
-0.8571428571428571,0.09002135669037936,-0.3517242132630296,0.11635011683259919,0.8979591836734694,0.6253308258269529,-4.490547129808866,0.7250428416336817,0.12987336487130685
-0.8571428571428571,0.08865520218939782,-0.416383240329494,0.11442731059546547,1.0612244897959184,0.5903849531876286,-4.234984400543593,0.6903003813875882,0.12790242054765244
-0.8571428571428571,0.08355298901527108,-0.47461075399584607,0.11245407647186749,1.2244897959183674,0.5539819243266426,-4.01140375555583,0.6549246648090948,0.12054148290378164
-0.8571428571428571,0.07612627136563588,-0.5250573566690602,0.1105964919746977,1.3877551020408163,0.5184202153384675,-3.8167925679957087,0.620506790977898,0.10982699418057029
-0.8571428571428571,0.06772532089372585,-0.5675360241687144,0.10894871787185771,1.5510204081632653,0.4853689489739533,-3.647729555895746,0.5881641915329378,0.09770698459599192
-0.8571428571428571,0.05934211160448366,-0.6026668883218234,0.1075423794254409,1.7142857142857142,0.455721275847499,-3.5007425877561036,0.5607244804505462,0.08561257012766754
-0.8571428571428571,0.051561514437768574,-0.6314584907048651,0.10636931735862573,1.8775510204081634,0.4297344271240712,-3.372577909955406,0.5357253743767891,0.07438754118009339
-0.8571428571428571,0.04464816857082643,-0.6549991458284982,0.10540231800071617,2.0408163265306123,0.4072634142424342,-3.260346232389239,0.512999769014388,0.06441369138190556
-0.8571428571428571,0.038662895623378546,-0.6742892222668524,0.10460859314487445,2.204081632653061,0.3879630833462866,-3.1615688815205316,0.4924798463912348,0.055778767782255656
-0.8571428571428571,0.03355707693279908,-0.6901765994973621,0.103956739162858,2.36734693877551,0.3714211516924428,-3.0741629451176373,0.4740046442515616,0.04841262847767869
-0.8571428571428571,0.029234144644471938,-0.7033492905552535,0.10341952158028737,2.5306122448979593,0.3572311272752507,-2.9963975016064137,0.4573758314741395,0.04217595550321063
-0.8571428571428571,0.025584381766211584,-0.7143529957425837,0.10297447765843495,2.693877551020408,0.34502559989410764,-2.926841019367515,0.44238962855162073,0.03691046069832371
-0.8571428571428571,0.022502301317935958,-0.7236160638535398,0.10260354884911956,2.857142857142857,0.3344871104099,-2.864310337413624,0.428853088320551,0.032463958519974856
-0.8571428571428571,0.01989397185884667,-0.7314735797220197,0.10229238367050744,3.020408163265306,0.3253481157794756,-2.8078256196906195,0.41659132067565063,0.028700934544342527
-0.8571428571428571,0.017679102140820246,-0.7381879653756933,0.1020296713052864,3.183673469387755,0.31738611658632854,-2.7565724652719554,0.4054497895656944,0.025505552985931157
-0.8571428571428571,0.01579034377354782,-0.7439663903041579,0.10180644730335515,3.3469387755102042,0.3104163434973307,-2.709870865090295,0.3952930164135484,0.022780650656029078
-0.8571428571428571,0.014172340321175092,-0.7489716648088357,0.10161561425663597,3.510204081632653,0.3042874065424076,-2.667150110198569,0.38600410488447817,0.02044636509915021
-0.8571428571428571,0.012732840435069948,-0.7533408382471349,0.10145522905732478,3.673469387755102,0.2988393549091343,-2.62789734579748,0.3774758436362283,0.01836960575210611
-0.8571428571428571,0.011576644766249311,-0.7571586032169886,0.10130957876667128,3.836734693877551,0.29406995084824156,-2.5917980120319752,0.3696407527854593,0.016701567994401145
-0.8571428571428571,0.0105291713695006,-0.76052996273078,0.10118780177498705,4.0,0.28978893081579343,-2.558409484819462,0.3624026275073893,0.015190383319449108
-0.6122448979591837,0.04829029992232492,0.35807854868939476,0.28170459422149424,-4.0,0.2915981974464803,-26.04430589373799,0.36594957920944887,0.06966817622097876
-0.6122448979591837,0.04880862952929399,0.35627874964127193,0.28064521469395015,-3.836734693877551,0.29712499368038425,-25.097785980408034,0.37558639352197165,0.07041596777449932
-0.6122448979591837,0.05196520227855861,0.35308143919189283,0.27876255974840075,-3.673469387755102,0.3050879636106023,-24.15389882970722,0.38754158865677035,0.0749699396260688
-0.6122448979591837,0.052581944116198764,0.3508658462113591,0.2773588425737751,-3.510204081632653,0.31202769388267687,-23.213303741447397,0.39877602483628566,0.07585971001674086
-0.6122448979591837,0.054564111423553996,0.34778684416459393,0.2753745597932368,-3.3469387755102042,0.32078698319070986,-22.276201784357905,0.411825795976574,0.07871937296127429
-0.6122448979591837,0.0565989615271969,0.3444133494257907,0.27310136048986616,-3.183673469387755,0.33060314937259266,-21.343176124221117,0.42600712907725136,0.08165504111475208
-0.6122448979591837,0.0586648235412055,0.340707489722207,0.2704834293631138,-3.020408163265306,0.34163699825221655,-20.414831798268814,0.4414458214515737,0.0846354499975237
-0.6122448979591837,0.06074983648687815,0.33660698043185355,0.26744011698073383,-2.857142857142857,0.35409848056191645,-19.491894728413868,0.4583125078067847,0.08764348783443454
-0.6122448979591837,0.06280678262718609,0.3320553995132084,0.2638845949865062,-2.693877551020408,0.3682032668654891,-18.575240042625264,0.47675756431299837,0.09061103383043223
-0.6122448979591837,0.06478699525142817,0.3269655556078875,0.2596990434366349,-2.5306122448979593,0.38421441501161196,-17.665928833118155,0.4969629902212649,0.09346787676333257
-0.6122448979591837,0.06661498401028498,0.32122795247392777,0.25474032240325206,-2.36734693877551,0.4024158247826726,-16.765252260943598,0.5191040737361504,0.0961051070805361
-0.6122448979591837,0.06818372807407291,0.3146980508887619,0.24883516172968978,-2.204081632653061,0.42309863914416523,-15.87478463075485,0.5433331205682883,0.09836832636178672
-0.6122448979591837,0.06934408123888458,0.30718383616806044,0.24178191387523523,-2.0408163265306123,0.446522998725731,-14.996443278472011,0.569739866980317,0.10004236211834039
-0.6122448979591837,0.06989383925084947,0.29843140269523555,0.23336252698430324,-1.8775510204081634,0.4728474394500031,-14.132549284580474,0.5982852732817849,0.10083549527589097
-0.6122448979591837,0.06957119153988733,0.28811213487411236,0.2233739515747537,-1.7142857142857142,0.5020148652791396,-13.285875038062349,0.6287004440260328,0.10037001302333204
-0.6122448979591837,0.068062778168686,0.2758198877794508,0.2116903590303026,-1.5510204081632653,0.5335977785824202,-12.459652581974636,0.6603523977936642,0.09819383253308844
-0.6122448979591837,0.0650429763694802,0.2610922945420294,0.19836238108940668,-1.3877551020408163,0.5666441578728982,-11.657503402816836,0.692106396815082,0.09383717945290693
-0.6122448979591837,0.06026096908862577,0.24347035501605144,0.18373713416685783,-1.2244897959183674,0.599627839479517,-10.883247142282416,0.7222628826340074,0.08693820126332374
-0.6122448979591837,0.0536724975621532,0.22259223264174266,0.16854032399799854,-1.0612244897959184,0.6306417817322851,-10.140574171182195,0.7486860936056392,0.07743304606504342
-0.6122448979591837,0.04557274592397831,0.1982764263893988,0.15382869703192165,-0.8979591836734694,0.6578728578977758,-9.43263808852343,0.7691962809934032,0.0657475745442162
-0.6122448979591837,0.0366664408163897,0.17051873627450326,0.14076085446930145,-0.7346938775510204,0.6801435323759513,-8.761706824496441,0.7960310830085051,0.052898492332854374
-0.6122448979591837,0.028063145783740806,0.13936522493714215,0.13026244883679267,-0.5714285714285714,0.6971469965961943,-8.129021871896493,0.8198772279241764,0.040486561253946896
-0.6122448979591837,0.02123742590177824,0.10472458499065315,0.12276363011553684,-0.40816326530612246,0.7092156206417354,-7.53491041725715,0.8344733748186962,0.030639129029742307
-0.6122448979591837,0.01788302564958788,0.06624449551719098,0.1181384408814912,-0.24489795918367346,0.716849680390492,-6.979060529737254,0.83967187252368,0.02579975242075072
-0.6122448979591837,0.0194527545946932,0.02333211465520797,0.115833065621153,-0.08163265306122448,0.7203389814908846,-6.46082918622305,0.8360749729308865,0.028064392585393616
-0.6122448979591837,0.026257277997878914,-0.024685941095728615,0.11508043777635613,0.08163265306122448,0.7196061419823678,-5.979507888844232,0.8322792216136041,0.03788124475478272
-0.6122448979591837,0.03712167335591099,-0.07830700086599263,0.1151047827280075,0.24489795918367346,0.714214377364955,-5.5345244695470885,0.8275039469436742,0.05355525406007322
-0.6122448979591837,0.0499688184926923,-0.1375360298902572,0.11526691361512795,0.40816326530612246,0.7034790633525106,-5.125558630176237,0.8145132583264084,0.07208976663848832
-0.6122448979591837,0.06242898129591423,-0.20156243291278725,0.11514145225634256,0.5714285714285714,0.6867040994315694,-4.752522777699751,0.794302347825345,0.09006598172336533
-0.6122448979591837,0.07233613968606911,-0.2685594266010264,0.11453537948276618,0.7346938775510204,0.6635707512786881,-4.415365822043216,0.7680025910019233,0.10435899000214333
-0.6122448979591837,0.07820997410322916,-0.335804045873735,0.11345802789428154,0.8979591836734694,0.6345672753396153,-4.113726274688631,0.7370069288810768,0.11283314178678294
-0.6122448979591837,0.07959095612024458,-0.40021900188375137,0.11205247680493824,1.0612244897959184,0.6011771760047342,-3.8465654857449625,0.7030073185357012,0.1148254776942883
-0.6122448979591837,0.07702275087545973,-0.4591432856183286,0.11050940823421973,1.2244897959183674,0.5656030025609801,-3.611963970937386,0.667831640366351,0.11112034072365207
-0.6122448979591837,0.07167101185882485,-0.5109204721378926,0.10899530215500738,1.3877551020408163,0.5301473212368435,-3.4071882424478592,0.6331447903101508,0.1033994133842202
-0.6122448979591837,0.06482141910585049,-0.5550311041713971,0.10761739694299303,1.5510204081632653,0.49663933519554365,-3.228979345626774,0.6001962130832398,0.09351753988739597
-0.6122448979591837,0.05752405709791608,-0.5918371161316498,0.1064235974743926,1.7142857142857142,0.46618549824617733,-3.0739128843194283,0.5708031346655346,0.08298967190697759
-0.6122448979591837,0.05046988253615292,-0.6221917269194994,0.10541999945596692,1.8775510204081634,0.4392302340351625,-2.9386970983070118,0.5451949011667427,0.07281264924915609
-0.6122448979591837,0.04402829206390835,-0.6471127866446815,0.10459016925737863,2.0408163265306123,0.4157590922047021,-2.8203544355794428,0.5217989297716172,0.06351939861941158
-0.6122448979591837,0.03834347703252017,-0.6675840648483612,0.10390901265787293,2.204081632653061,0.3955035257945697,-2.7162966873301175,0.5006023687538474,0.055317944165256705
-0.6122448979591837,0.03342631134957519,-0.6844648456648794,0.10335057809440955,2.36734693877551,0.3780887389406554,-2.624328911981281,0.48147663664080986,0.04822397361924269
-0.6122448979591837,0.029220223244883048,-0.6984660343485549,0.10289157383134931,2.5306122448979593,0.36312141336702275,-2.54261576649979,0.4642401668493552,0.042155871169061054
-0.6122448979591837,0.025641531156368025,-0.7101587959217313,0.10251247067740629,2.693877551020408,0.35023384961097365,-2.4696332165030195,0.4486960824595302,0.03699290984009185
-0.6122448979591837,0.022601395733561347,-0.7199953291917888,0.10219745585250066,2.857142857142857,0.3391017454693646,-2.404118507467714,0.43465258562540365,0.03260692154197775
-0.6122448979591837,0.020016551503215352,-0.7283314447935518,0.10193396064237195,3.020408163265306,0.32944807532423753,-2.345024443593852,0.42193286518773687,0.028877779589386865
-0.6122448979591837,0.01781338522502396,-0.7354470936010008,0.101712052514535,3.183673469387755,0.32104009795631167,-2.29148012564422,0.4103785722595129,0.025699282525587286
-0.6122448979591837,0.015929129763603056,-0.7415630967944935,0.10152394022498504,3.3469387755102042,0.3136840556279383,-2.242758349967552,0.39985035723963347,0.02298087651562719
-0.6122448979591837,0.014311305824157738,-0.7468540788862533,0.10136345146255263,3.510204081632653,0.30721985998415857,-2.1982490336913036,0.3902276386861154,0.02064684994115762
-0.6122448979591837,0.012911881168014228,-0.7514602030943398,0.10122446118253232,3.673469387755102,0.3015144324303102,-2.1574376284740198,0.38140314221187005,0.018627906929641558
-0.6122448979591837,0.011706211981079129,-0.7554929960322532,0.10110644676565769,3.836734693877551,0.2964549536053476,-2.1198884697748497,0.37328960821524626,0.016888493972698093
-0.6122448979591837,0.010653932320486392,-0.7590420676187889,0.10100280620096044,4.0,0.29195364011586633,-2.0852297095666046,0.36580745413755983,0.01537037532473251
-0.3673469387755102,0.05319452698927685,0.3535222815222524,0.28063514310994603,-4.0,0.2988948143309675,-25.57959303425317,0.376363990236299,0.07674348028986389
-0.3673469387755102,0.055344253314913106,0.3507343250766198,0.27914161707244756,-3.836734693877551,0.30597370968463217,-24.634938924287606,0.38739837033583613,0.0798448797991278
-0.3673469387755102,0.05797926401131015,0.3475394098670095,0.2773671583082873,-3.673469387755102,0.31409065352918625,-23.69328287937681,0.3995592721023248,0.08364639666350948
-0.3673469387755102,0.05984595178335228,0.3444294401145428,0.2755748548168252,-3.510204081632653,0.322493716046038,-22.755041718896642,0.41210892245186304,0.08633945785512198
-0.3673469387755102,0.06220856685342713,0.34084278967249765,0.2734184413563878,-3.3469387755102042,0.3322016566684781,-21.820670035884735,0.42603094442658546,0.08974799090024899
-0.3673469387755102,0.0646117113048772,0.3369255460597982,0.2709534634959092,-3.183673469387755,0.34304771894136904,-20.890732023852074,0.4411179266519823,0.0932149954828958
-0.3673469387755102,0.06705779197633532,0.3326210745131175,0.2681071642361673,-3.020408163265306,0.355232786681522,-19.965894294631344,0.4575441184286834,0.09674394393722308
-0.3673469387755102,0.06950070392357222,0.32787949387365545,0.2648002810580003,-2.857142857142857,0.36895080198605573,-19.046956739500214,0.4754433278724552,0.10026832088882998
-0.3673469387755102,0.07188513253054274,0.32263241379053564,0.26093024238723234,-2.693877551020408,0.3844308817287752,-18.134883692221308,0.4949735367987596,0.10370832421546039
-0.3673469387755102,0.0741336584376433,0.3167943524163667,0.2563688392697692,-2.5306122448979593,0.4019244810153486,-17.23084252386433,0.5162877977909403,0.10695226139094416
-0.3673469387755102,0.07613606429660424,0.3102548679905041,0.2509576814880544,-2.36734693877551,0.421692815480761,-16.33624975507858,0.5395217824909317,0.10984112239351385
-0.3673469387755102,0.07773766319595876,0.30287020859999886,0.24450668287887897,-2.204081632653061,0.44397678178963124,-15.452823593169022,0.5647604608677249,0.11215174118310678
-0.3673469387755102,0.07872635985704535,0.29445281582420313,0.2367992374518617,-2.0408163265306123,0.46894074185382895,-14.582638254446026,0.5919845226225016,0.11357812895299935
-0.3673469387755102,0.07882216620979277,0.28476122956461036,0.22761197336579028,-1.8775510204081634,0.4965781256559872,-13.728168837150735,0.6209878237802114,0.11371634830299326
-0.3673469387755102,0.07767850352084271,0.273495871970098,0.21676017756107954,-1.7142857142857142,0.5265752446036082,-12.892304887703464,0.6512653499230541,0.11206639181319611
-0.3673469387755102,0.0749122399887423,0.2603107426169588,0.20417924722154357,-1.5510204081632653,0.5581583815410557,-12.07829784198071,0.6818925615239403,0.1080755171336425
-0.3673469387755102,0.07018298462078154,0.24485292379877333,0.19003865422689525,-1.3877551020408163,0.59000549303835,-11.289600949799725,0.7114571644585568,0.10125264386718769
-0.3673469387755102,0.06332619113812155,0.226831892225617,0.17484991812817777,-1.2244897959183674,0.6203572196288681,-10.529579057916783,0.738143646666603,0.0913603819133546
-0.3673469387755102,0.054496769218282726,0.20609189622087087,0.15948824687764818,-1.0612244897959184,0.6474169512278319,-9.80112801489999,0.7600466579765787,0.07862221869568664
-0.3673469387755102,0.04423161292551425,0.18262968675740868,0.1450528829696106,-0.8979591836734694,0.6699127513912588,-9.106331298870959,0.7798665600113742,0.06381272861815956
-0.3673469387755102,0.03337483480087777,0.15651202520399005,0.13258739006702866,-0.7346938775510204,0.6874637313232419,-8.446316042358342,0.8066149603722973,0.04814970865771517
-0.3673469387755102,0.022945771064937448,0.12771862730750186,0.12279944422800888,-0.5714285714285714,0.7004782180640697,-7.821380945130348,0.8257666266612937,0.03310375012475886
-0.3673469387755102,0.014120765454088025,0.096000781297863,0.11592315917535437,-0.40816326530612246,0.7096935434389907,-7.231310028386154,0.8370531963154455,0.020371958294169268
-0.3673469387755102,0.008412823490010268,0.06083478894338044,0.11175157346767187,-0.24489795918367346,0.7157029915690156,-6.675705122172839,0.8406965950461831,0.012137138728911534
-0.3673469387755102,0.007632220468725803,0.021488807487753482,0.10976932460894866,-0.08163265306122448,0.7186975468490432,-6.154221679162246,0.8371825657361333,0.011010966621201934
-0.3673469387755102,0.012567473707918886,-0.022819889682215266,0.10930803388004506,0.08163265306122448,0.7184234815797367,-5.666692865616376,0.8342310578678189,0.01813103199491728
-0.3673469387755102,0.022129239097886666,-0.07270240245412567,0.10968371146210905,0.24489795918367346,0.714258697186672,-5.213179572018612,0.8308560050580215,0.03192574350516786
-0.3673469387755102,0.03440646766196154,-0.1283253674042713,0.11030287619877863,0.40816326530612246,0.7053487547863284,-4.793969124700823,0.8198638678741657,0.049638040270418404
-0.3673469387755102,0.047237173813655,-0.18911914552326886,0.11073351871656997,0.5714285714285714,0.6908222462364844,-4.409501665457719,0.8018244999396581,0.06814883640656966
-0.3673469387755102,0.05849135611480505,-0.25356382269238126,0.11073848464883987,0.7346938775510204,0.6701269810375713,-4.0601824008363865,0.7775484757093604,0.08438518940169937
-0.3673469387755102,0.06648177234638752,-0.3192233141886029,0.11026855920414638,0.8979591836734694,0.6434311066556682,-3.7460755010511155,0.7481933044328566,0.0959129232736422
-0.3673469387755102,0.07035876262957186,-0.3831570784327688,0.10941612872074544,1.0612244897959184,0.6118703435358478,-3.4665632154559174,0.7152957610236689,0.10150623792876656
-0.3673469387755102,0.0702432591806752,-0.4426113873139673,0.10834302158767813,1.2244897959183674,0.5774019626459059,-3.2201231372065453,0.6806280995220657,0.10133960167583833
-0.3673469387755102,0.06699552446092771,-0.49565030252533526,0.10721020907334458,1.3877551020408163,0.5422800555886808,-3.004344105064979,0.6459065375355051,0.09665411090153553
-0.3673469387755102,0.06177346693405883,-0.5414146816591764,0.10613484156947084,1.5510204081632653,0.5084637120703915,-2.8161723911940193,0.6125078326830874,0.08912027440428494
-0.3673469387755102,0.055642051941077186,-0.5799799626333105,0.1051803917888883,1.7142857142857142,0.47727214391227124,-2.652264867128495,0.5813314526426772,0.08027451240027839
-0.3673469387755102,0.04937835301791704,-0.6120130214487609,0.1043678139711937,1.8775510204081634,0.4493549093230347,-2.509311710534613,0.5549387711932657,0.07123790502621352
-0.3673469387755102,0.043452135814644466,-0.6384378019539727,0.10369244456791668,2.0408163265306123,0.424850549654575,-2.3842545341248527,0.5309034562215654,0.06268818085582195
-0.3673469387755102,0.03809374598603288,-0.6602075251703573,0.10313780975934479,2.204081632653061,0.40358598319717054,-2.2743941649846686,0.5090370343586373,0.05495765842293343
-0.3673469387755102,0.033378273174434536,-0.6781863198138918,0.10268414623471785,2.36734693877551,0.3852368716959493,-2.17741715391132,0.48925278871407674,0.04815466918219391
-0.3673469387755102,0.029293481442069558,-0.6931060131988102,0.10231265888144792,2.5306122448979593,0.369430840124212,-2.091375063348562,0.47139246661121825,0.04226156040684703
-0.3673469387755102,0.02578500891876434,-0.7055636796862185,0.10200717052506822,2.693877551020408,0.3558039875422013,-2.014642262727093,0.45527034155176505,0.03719990449637889
-0.3673469387755102,0.022782494938202502,-0.7160382853286629,0.10175422852853573,2.857142857142857,0.3440253714933781,-1.9458678349803706,0.44069619995273407,0.032868192466422474
-0.3673469387755102,0.020216173064160792,-0.7249040074989823,0.10154390050763759,3.020408163265306,0.33381360569074464,-1.8839296013455382,0.42749929690393135,0.029165772625417752
-0.3673469387755102,0.018018693526974827,-0.7324640920607017,0.10136723351956503,3.183673469387755,0.3249210260651728,-1.8278935897591955,0.4155120534143209,0.025995479794664877
-0.3673469387755102,0.016132533748240085,-0.7389537172569721,0.10121788644536003,3.3469387755102042,0.31714543116449045,-1.776979852083347,0.4045936293340338,0.02327432643555971
-0.3673469387755102,0.014508367542039213,-0.7445604179685399,0.10109077100753813,3.510204081632653,0.31031727302674106,-1.7305342857539003,0.39461904948535276,0.020931149904294788
-0.3673469387755102,0.013104180024944068,-0.7494355451438237,0.10098170774380588,3.673469387755102,0.30429354984139056,-1.6880057080693298,0.38547603380711015,0.01890533553690288
-0.3673469387755102,0.01188659204171194,-0.7536940204348748,0.10088786524511391,3.836734693877551,0.2989630927123869,-1.6489274043295488,0.37708069504137526,0.01714872739164841
-0.3673469387755102,0.010823878819930854,-0.7574396591008117,0.1008064102269842,4.0,0.29422030005488964,-1.6129020350500662,0.3693384856344315,0.01561555629669753
-0.12244897959183673,0.060253879278937106,0.34767061498486795,0.279004935319771,-4.0,0.30824537852136535,-25.11755159502619,0.388381584668886,0.08692797283004516
-0.12244897959183673,0.06316514848173549,0.3442442010530219,0.27724959609375466,-3.836734693877551,0.31643002452592256,-24.1751195950043,0.4004563867801391,0.09112804647161488
-0.12244897959183673,0.06540077608978612,0.34094323087407635,0.27554372821600664,-3.673469387755102,0.3248159015281814,-23.235975081447627,0.4127968842815673,0.09435337533502386
-0.12244897959183673,0.06819392650243716,0.3370857721935618,0.2734382439528863,-3.510204081632653,0.334576789566737,-22.300535493985638,0.4265911263687038,0.09838303958381234
-0.12244897959183673,0.07186690541249319,0.332468583103268,0.27079774069087825,-3.3469387755102042,0.34604529231772985,-21.369279898703336,0.4419708508392508,0.10368202804264026
-0.12244897959183673,0.07375509431547078,0.32847292352481844,0.268422385978874,-3.183673469387755,0.3572539884274899,-20.44298816546768,0.45730592332180037,0.10640610880922763
-0.12244897959183673,0.07662418376299018,0.32352868682838953,0.26531170836141704,-3.020408163265306,0.3706967892330085,-19.52223131189592,0.4747124074742875,0.11054532992703114
-0.12244897959183673,0.07946243372983108,0.31810691160191257,0.2616966333823774,-2.857142857142857,0.38577016399143643,-18.607949635132833,0.4936225964599107,0.11464005907899555
-0.12244897959183673,0.08219407240967302,0.3121408398917658,0.2574631200332796,-2.693877551020408,0.40269353567937693,-17.70120699648029,0.514169914800839,0.11858098065590328
-0.12244897959183673,0.08471172016775985,0.3055467767052503,0.2524682165733769,-2.5306122448979593,0.42169581761545344,-16.80328717610742,0.5364717614756961,0.12221317859120084
-0.12244897959183673,0.08686408576081961,0.29821774967998504,0.24653621590885705,-2.36734693877551,0.44299277917915647,-15.915739929960637,0.5606044411174611,0.1253183857584883
-0.12244897959183673,0.08844269533754301,0.29001544274088514,0.23945881460873658,-2.204081632653061,0.4667437809918916,-15.040429747359617,0.58656023287518,0.1275958379663269
-0.12244897959183673,0.08916928029664106,0.2807616985551653,0.23100571097567676,-2.0408163265306123,0.4929763664984195,-14.179578752388036,0.6141804341792181,0.12864407848360226
-0.12244897959183673,0.0886917407459813,0.2702331903317569,0.22095561942632697,-1.8775510204081634,0.5214711036155765,-13.335786228372871,0.6430615844454645,0.1279551345420371
-0.12244897959183673,0.08660394394799042,0.2581666619958865,0.20915999488605602,-1.7142857142857142,0.5516176663395551,-12.511995009412356,0.6724475007167264,0.12494308045519142
-0.12244897959183673,0.08251118252118173,0.2442850892521194,0.19564500893544828,-1.5510204081632653,0.5822987484883291,-11.711365253021578,0.7011524649555501,0.11903847384119315
-0.12244897959183673,0.07615480553645493,0.22835070588619052,0.18073113965038318,-1.3877551020408163,0.6119197153131319,-10.937024552659002,0.7276014726042083,0.10986816028730662
-0.12244897959183673,0.06756744371653789,0.21023086129235505,0.16510575535079358,-1.2244897959183674,0.6387070999640717,-10.191711299571406,0.7500735445562414,0.09747921597539344
-0.12244897959183673,0.057165931742273246,0.18993295679087274,0.14976190619285468,-1.0612244897959184,0.661244352364128,-9.477414298897688,0.7671266922570439,0.08247300623237486
-0.12244897959183673,0.045682852416126574,0.16755931637802557,0.1357768459838431,-0.8979591836734694,0.678952094547401,-8.79517461630994,0.7917395760809363,0.0659064246344081
-0.12244897959183673,0.033959859234953704,0.1431809777164631,0.12402844086397964,-0.7346938775510204,0.6921631791099646,-8.145166196948214,0.8133204148687183,0.04899372050755524
-0.12244897959183673,0.022774108642796165,0.11669416002564607,0.11500396846924114,-0.5714285714285714,0.7017541127571232,-7.527015647154767,0.8282078860811153,0.03285609359962871
-0.12244897959183673,0.01285660176196779,0.08773404169898043,0.10877196270056726,-0.40816326530612246,0.7086294490418966,-6.940194374909246,0.8366808617169557,0.018548155604675376
-0.12244897959183673,0.005117649031574967,0.05567603961432517,0.10506959442101486,-0.24489795918367346,0.7133546997544017,-6.384323195849745,0.8391298994183801,0.007383206878862847
-0.12244897959183673,0.0011109238757138762,0.019713976727788497,0.10342307716736658,-0.08163265306122448,0.7160178976856628,-5.859327925680156,0.8358932514730839,0.0016027243662972701
-0.12244897959183673,0.0032629375031951735,-0.021002898119034087,0.1032545693041201,0.08163265306122448,0.7162497919549294,-5.365472148112038,0.8338828787817808,0.004707423754589879
-0.12244897959183673,0.010756430179651444,-0.06718136305123276,0.10396858051672953,0.24489795918367346,0.713316639986825,-4.903321676865279,0.8319889497565215,0.01551824847785177
-0.12244897959183673,0.021619717034352615,-0.119145739247196,0.1050242095783424,0.40816326530612246,0.7062503443005343,-4.473674079991885,0.8231524216530662,0.03119065855088321
-0.12244897959183673,0.033962398368767355,-0.17656869011273696,0.1059948669352282,0.5714285714285714,0.6940385781811388,-4.077446141348954,0.8075455970089309,0.04899738370331619
-0.12244897959183673,0.045781411682852546,-0.23824483432383553,0.10660920703718395,0.7346938775510204,0.6759179127617971,-3.7154854504690773,0.7856407984992162,0.06604861559974795
-0.12244897959183673,0.05526930003556685,-0.30205099387202816,0.10676301004035219,0.8979591836734694,0.6517479797159649,-3.3882893482356313,0.758321650568951,0.07973674507471662
-0.12244897959183673,0.0612373426600854,-0.36523483137223256,0.10649480756405776,1.0612244897959184,0.6223036870609346,-3.0956816545595176,0.7269252123648046,0.08834681057292348
-0.12244897959183673,0.06337700599415741,-0.4250105570520672,0.1059304972099796,1.2244897959183674,0.5892512435469537,-2.8365706579428607,0.6931252793947572,0.09143369225416142
-0.12244897959183673,0.06218767936398506,-0.4792020920809012,0.10521844338938147,1.3877551020408163,0.5547366315167249,-2.608912619159507,0.6586574860225733,0.08971785662281428
-0.12244897959183673,0.05862904037700889,-0.5266129590716864,0.10448115895362202,1.5510204081632653,0.5208067330753476,-2.4099073627166114,0.6250129705471427,0.08458382580398949
-0.12244897959183673,0.05372549420261774,-0.5670068894013622,0.10379597819044968,1.7142857142857142,0.4889835039382291,-2.2363338576105067,0.5932476836450213,0.077509504055425
-0.12244897959183673,0.048309561962508685,-0.6008311550903283,0.10319882106330261,1.8775510204081634,0.460135981786566,-2.0848910840652897,0.5649194230502578,0.06969596547082935
-0.12244897959183673,0.04294023455003826,-0.628888109297167,0.10269762687706305,2.0408163265306123,0.4345791752306395,-1.9524523589473177,0.5402953757273066,0.061949663439949454
-0.12244897959183673,0.03793344589654413,-0.6520826010823085,0.10228547183594021,2.204081632653061,0.4122572989440784,-1.8362091326131293,0.5177788493148482,0.054726394278774126
-0.12244897959183673,0.03343192221158442,-0.6712743726537689,0.10194957340074724,2.36734693877551,0.39291249738621925,-1.7337242860306885,0.4973362027751121,0.04823206838203875
-0.12244897959183673,0.029471776451605036,-0.6872126741235632,0.10167625161624783,2.5306122448979593,0.3762034785434712,-1.6429278091615762,0.4788405610014064,0.04251878573291856
-0.12244897959183673,0.026031319533107222,-0.7005201777138111,0.10145315903869927,2.693877551020408,0.3617758436599702,-1.562082951450416,0.46212278848565685,0.03755525559820949
-0.12244897959183673,0.023061961254747132,-0.7117011569750081,0.10126997088777985,2.857142857142857,0.3492977879660212,-1.489741352180028,0.44700190397247924,0.033271377135397184
-0.12244897959183673,0.020506222492649995,-0.721158322105625,0.10111843267053615,3.020408163265306,0.3384752415681825,-1.4246974191148152,0.43330230611654635,0.029584225497511607
-0.12244897959183673,0.01830685484755512,-0.7292117205879332,0.10099204096744756,3.183673469387755,0.3290550093446097,-1.3659467733243793,0.4208614621561444,0.026411208702841638
-0.12244897959183673,0.016411351039159694,-0.7361154779630723,0.1008857250809732,3.3469387755102042,0.32082274795690185,-1.3126504721725125,0.40953309625275763,0.023676574758483948
-0.12244897959183673,0.01477377584672479,-0.7420711564467188,0.10079561839912905,3.510204081632653,0.31359947418700884,-1.2641051518160094,0.39918925022840845,0.021314053149275036
-0.12244897959183673,0.013354630556780211,-0.7472394001783371,0.10071872083983724,3.673469387755102,0.3072358463163053,-1.2197184662566782,0.3897178510408112,0.019266659277171083
-0.12244897959183673,0.01211876765677844,-0.7517546989225888,0.10065227771133015,3.836734693877551,0.30160209559918016,-1.1789895386884872,0.3810132796950151,0.017483686000119736
-0.12244897959183673,0.011040788206456709,-0.7557156501199624,0.10059482816609207,4.0,0.2965997658290832,-1.1414921589843265,0.3729989008993443,0.015928490392960182
0.12244897959183673,0.06986226769676152,0.3401867775518558,0.2765965408902858,-4.0,0.3202165237249464,-24.6586106669492,0.4025532609765654,0.10078994715137535
0.12244897959183673,0.07132375576172612,0.33727957081218257,0.2752678237357921,-3.836734693877551,0.32778926908594375,-23.71883631254126,0.4138959982224105,0.10289842873501742
0.12244897959183673,0.07434436972666236,0.3332738843601269,0.273272347962073,-3.673469387755102,0.3374377246537087,-22.78258517532074,0.42732556858288534,0.10725625352267087
0.12244897959183673,0.07753424562770572,0.32890374878109646,0.27099742311923664,-3.510204081632653,0.34817843719561015,-21.85041333572816,0.44185155528313036,0.1118582716661578
0.12244897959183673,0.08080724486400137,0.3241609072373275,0.26841133252483573,-3.3469387755102042,0.3601031672367129,-20.922900229602547,0.4575355399727544,0.11658021143319486
0.12244897959183673,0.08413071972604724,0.31900818092119,0.2654511643824461,-3.183673469387755,0.3733667062959019,-20.000732055567198,0.474487134107461,0.12137497213518733
0.12244897959183673,0.08745483449931513,0.31340291936616593,0.26203791584651487,-3.020408163265306,0.38814120954119247,-19.084726108129686,0.4928208932188821,0.12617065603392685
0.12244897959183673,0.09070843056815114,0.30729445338638794,0.2580708600461422,-2.857142857142857,0.40461405546966783,-18.17585962400702,0.5126483085973262,0.13086460294749225
0.12244897959183673,0.09378936320638087,0.30062089142108855,0.25342242247505065,-2.693877551020408,0.4229802289190553,-17.27530442425686,0.5340675618379462,0.13530944918597987
0.12244897959183673,0.09655411262256242,0.29330413354047397,0.24793252872478577,-2.5306122448979593,0.44342608000018213,-16.38446710593887,0.5571432127561868,0.13929813945800573
0.12244897959183673,0.09880438739792274,0.2852432778528958,0.2414053653500762,-2.36734693877551,0.4660968116308302,-15.50503260552218,0.5818726735586438,0.14254459971705513
0.12244897959183673,0.1002740491145413,0.2763068324006462,0.233612843896369,-2.204081632653061,0.4910385774444507,-14.6390049533049,0.6081325587240425,0.14466487338740475
0.12244897959183673,0.10062152567784843,0.2663263384697855,0.22431369284061436,-2.0408163265306123,0.5181048703564015,-13.788731764832818,0.6356009742315649,0.1451661761021139
0.12244897959183673,0.09944097105779925,0.25509695834550283,0.2133006115377542,-1.8775510204081634,0.5468280042067062,-12.956888007503405,0.6636613131270463,0.14346299580626987
0.12244897959183673,0.09631285549395718,0.24239422987841036,0.20048686973792879,-1.7142857142857142,0.5762894518404477,-12.146382990832269,0.6913187921924944,0.1389500789949878
0.12244897959183673,0.09091348498365814,0.22801534468214674,0.18602651269638168,-1.5510204081632653,0.605082119511016,-11.360154023780245,0.7172001754405781,0.13116043393585697
0.12244897959183673,0.08317210502149952,0.2118399943409118,0.17042203730622185,-1.3877551020408163,0.6314987043086664,-10.600841918923216,0.73972746692433,0.11999198345481332
0.12244897959183673,0.07339792354145147,0.1938787510282376,0.15453252768038933,-1.2244897959183674,0.6539967167758445,-9.870419629408383,0.7574898046395402,0.10589082030479924
0.12244897959183673,0.06225688812381569,0.17425971106541777,0.1394170513433724,-1.0612244897959184,0.6717443277166859,-9.16992801433202,0.7765001036857758,0.08981770375740794
0.12244897959183673,0.05055992969994816,0.1531326491788104,0.12606144492783877,-0.8979591836734694,0.6848736246194328,-8.499470421584526,0.7992196210307452,0.07294255984580955
0.12244897959183673,0.03899994403854756,0.13053250646971076,0.11514001909945992,-0.7346938775510204,0.6942557664980505,-7.858487361904099,0.81591461919767,0.05626502585936022
0.12244897959183673,0.0280398975699796,0.10627318195428934,0.10692927192297108,-0.5714285714285714,0.7009997208620125,-7.246174827045144,0.8270520110265299,0.04045302117124372
0.12244897959183673,0.018023926477622743,0.079910485447657,0.10136312002978176,-0.40816326530612246,0.7060092249400097,-6.661864664325804,0.8332088589544681,0.026003029346613804
0.12244897959183673,0.00942752697091409,0.05076870091352577,0.09814396704266053,-0.24489795918367346,0.7097560991253415,-6.105260905455434,0.8348065872697332,0.01360104640878479
0.12244897959183673,0.003152033171828883,0.01801227951248312,0.09684170014457567,-0.08163265306122448,0.7122350542943179,-5.5765246861492095,0.8320290739031128,0.0045474226257149475
0.12244897959183673,0.0010085430368687032,-0.019244015461582477,0.09696182852683768,0.08163265306122448,0.7130102551909137,-5.076253381300814,0.8310436531975819,0.0014550200378131706
0.12244897959183673,0.004804274350041382,-0.061780237315246775,0.09799386314523091,0.24489795918367346,0.7112964789051845,-4.605404059260857,0.8306866812963921,0.006931102779874632
0.12244897959183673,0.012957603880178858,-0.11006415922824005,0.09945525566403939,0.40816326530612246,0.7060651800352664,-4.165189220544308,0.8241239996816905,0.018693870859737505
0.12244897959183673,0.02365174810524784,-0.16400220402194038,0.10093698421266648,0.5714285714285714,0.6962032783848305,-3.7569421048029237,0.8111732835135838,0.034122259699795876
0.12244897959183673,0.035007669548962284,-0.2227039325421641,0.10214542376984286,0.7346938775510204,0.680766372423216,-3.381926039391534,0.7919670433739279,0.05050539125136799
0.12244897959183673,0.045154681257291385,-0.2843798813279296,0.1029276333244222,0.8979591836734694,0.6593250929016211,-3.041068366015976,0.7670846587871821,0.06514443472281606
0.12244897959183673,0.05261757233699216,-0.34651569046253783,0.10326714935232215,1.0612244897959184,0.63228843319575,-2.7346479695351094,0.7376186025304432,0.0759111106741952
0.12244897959183673,0.056663990890223115,-0.4063598343524483,0.10324731835043421,1.2244897959183674,0.6009898307113446,-2.4620336584333886,0.7050948576449639,0.08174885865430248
0.12244897959183673,0.057384026193681104,-0.4615478616948957,0.1029958439217838,1.3877551020408163,0.5674023624469348,-2.221594433971277,0.6712263424328042,0.08278765001586619
0.12244897959183673,0.05546381986359106,-0.5105604559254292,0.10263453155452003,1.5510204081632653,0.5336059488855984,-2.0108366352568576,0.637595236262347,0.08001737786596141
0.12244897959183673,0.051819242975311264,-0.5528301994249825,0.10225158927402286,1.7142857142857142,0.5013030065676912,-1.8267097915100965,0.6054125984184829,0.07475936486310175
0.12244897959183673,0.047294758659660374,-0.5885506234744524,0.10189726393551132,1.8775510204081634,0.4715900626591981,-1.665956613848052,0.5754358495772404,0.06823191377833249
0.12244897959183673,0.04251836175588841,-0.6183706060891533,0.10159262251096171,2.0408163265306123,0.44498162412498965,-1.5254011469774917,0.5499450910976212,0.06134102965194366
0.12244897959183673,0.03788597753931211,-0.6431243217566929,0.10134115305128266,2.204081632653061,0.42156372313889195,-1.40213123682382,0.5268150250643446,0.05465791191519642
0.12244897959183673,0.033609114313690736,-0.6636545320219225,0.10113787585425667,2.36734693877551,0.4011643997452657,-1.2935830551747278,0.5057249813677194,0.048487702549031564
0.12244897959183673,0.029775436039926495,-0.6807223454103257,0.10097490088046086,2.5306122448979593,0.38348645216717187,-1.1975572053450014,0.48658921717845743,0.042956873915108496
0.12244897959183673,0.026399045345361527,-0.6949747522502314,0.10084422732050102,2.693877551020408,0.36819261115834995,-1.112196084799951,0.4692618242989992,0.038085771803956
0.12244897959183673,0.023455209467851512,-0.7069433363962028,0.10073889822633357,2.857142857142857,0.3549528899251821,-1.035943956806518,0.4535736405076242,0.03383871438228114
0.12244897959183673,0.020901745559538387,-0.7170570734524441,0.10065325597325477,3.020408163265306,0.3434667505412163,-0.9675025807113944,0.4393531953115248,0.03015484466466889
0.12244897959183673,0.018691218846837998,-0.7256588901873462,0.100582895460653,3.183673469387755,0.3334712963685312,-0.905788997628428,0.42643823861728825,0.026965728738503447
0.12244897959183673,0.01677723728538738,-0.7330222067880982,0.10052443019871408,3.3469387755102042,0.3247415475373271,-0.8498982575628959,0.4146805866445982,0.024204437031445813
0.12244897959183673,0.01511758415044917,-0.7393648873844451,0.10047533608109119,3.510204081632653,0.31708763217242864,-0.7990718176758451,0.4039482877556232,0.021810063684074787
0.12244897959183673,0.013674507706859185,-0.7448619630168758,0.1004335916053974,3.673469387755102,0.3103496369895993,-0.7526713553934742,0.3941238937653762,0.019728144455283925
0.12244897959183673,0.012411064278448514,-0.7496583582903668,0.1003973763657535,3.836734693877551,0.3043893346470181,-0.7101572052655897,0.3850969665873163,0.017905380886671818
0.12244897959183673,0.011315172185158096,-0.7538523863732759,0.10036664053385635,4.0,0.2991098251759722,-0.6710716188604171,0.3768039105249964,0.016324342798332392
0.3673469387755102,0.07702256019192588,0.33369378657237825,0.2749381466713282,-4.0,0.3308613571323581,-24.20344320701595,0.41525658967485307,0.1111200656254634
0.3673469387755102,0.08086686568335866,0.3292529729797574,0.27283167807726416,-3.836734693877551,0.34102526756981977,-23.266648182531842,0.4285284315742063,0.11666622609361577
0.3673469387755102,0.08446992320229052,0.32465383801512876,0.2706068662938638,-3.673469387755102,0.3518115516921791,-22.333769187830846,0.44280864023668637,0.12186433930821616
0.3673469387755102,0.08818510092801746,0.3196878048074268,0.26809694978777765,-3.510204081632653,0.3637215900235418,-21.405398660553686,0.45816549113438215,0.12722420778914367
0.3673469387755102,0.09197981147504386,0.31432562811617215,0.2652477768356179,-3.3469387755102042,0.37688754984739187,-20.48218068217534,0.4746923513427152,0.13269881787694748
0.3673469387755102,0.09580796217127108,0.3085354375622539,0.2619905589664102,-3.183673469387755,0.3914540297321201,-19.564877196665382,0.4924825466689458,0.13822167190217005
0.3673469387755102,0.09960566864624609,0.30228083275780426,0.25823617312325936,-3.020408163265306,0.4075779494330754,-18.65439282655051,0.5116245036013654,0.1437006042003688
0.3673469387755102,0.10327406490007118,0.29551812551056067,0.25387286269570525,-2.857142857142857,0.42541862028697014,-17.75180466004633,0.5321985673261002,0.14899298128377714
0.3673469387755102,0.10667976836895865,0.2881925694640468,0.24875616436724107,-2.693877551020408,0.44513062668156483,-16.85839709683576,0.5542549404709904,0.15390637278908015
0.3673469387755102,0.10963726688305186,0.28023216520745725,0.24270492670828894,-2.5306122448979593,0.46683847956655955,-15.975700474161888,0.5777914477444641,0.15817314122879855
0.3673469387755102,0.11189706472461136,0.27154011015361335,0.23549914608542064,-2.36734693877551,0.4905942092082037,-15.105529310154907,0.6027106275495414,0.16143334036822798
0.3673469387755102,0.11313632146380215,0.26198729470524473,0.22688939299492125,-2.204081632653061,0.5163044470571077,-14.250010295641337,0.6287564342739123,0.16322120992024658
0.3673469387755102,0.11296379816116486,0.2514093596004569,0.2166292261690229,-2.0408163265306123,0.5436208556220016,-13.411580678939924,0.6554295136660204,0.16297231140709467
0.3673469387755102,0.11095724855687616,0.2396165845744694,0.2045451677775604,-1.8775510204081634,0.5718091598134125,-12.592925503629573,0.6819006984643019,0.1600774722436893
0.3673469387755102,0.10675519385420751,0.2264263701707772,0.19064967760532067,-1.7142857142857142,0.5996626502501511,-11.796815045351071,0.7069771749032446,0.1540151887626049
0.3673469387755102,0.10020581096414505,0.21171984617599554,0.17526978701020302,-1.5510204081632653,0.6255870191148685,-11.025820373006649,0.7292098254074025,0.1445664265462292
0.3673469387755102,0.0915170973730659,0.19550047461566838,0.1591138584062885,-1.3877551020408163,0.6479653873886433,-10.281945731858853,0.7472023575205677,0.13203126253667463
0.3673469387755102,0.08128702293248313,0.17790757440412874,0.1431850957642638,-1.2244897959183674,0.6657160055062178,-9.566307265628339,0.7614462303270235,0.11727238487332103
0.3673469387755102,0.0703248084276189,0.15914890567577725,0.12853595363746567,-1.0612244897959184,0.6786989475190219,-8.879028713806221,0.7845916898123148,0.10145725236999192
0.3673469387755102,0.05934516643176124,0.1393741459995386,0.11599203907539954,-0.8979591836734694,0.6876631090405402,-8.219435582057717,0.8019880121976625,0.08561697731183271
0.3673469387755102,0.04875374562665624,0.11855725184248415,0.10600138784357296,-0.7346938775510204,0.6938026531569226,-7.586459507828062,0.8142514766901829,0.07033678704033841
0.3673469387755102,0.03866541725999384,0.09643778866892301,0.09864969421530496,-0.5714285714285714,0.6982632733217427,-6.979068182833732,0.8222097290003573,0.05578240573489568
0.3673469387755102,0.02910823357567427,0.0725214816288962,0.09376748957596934,-0.40816326530612246,0.7018404805215674,-6.396578696923819,0.8265430901377404,0.041994304228663015
0.3673469387755102,0.020276347927571603,0.046116182310286954,0.09104097858024365,-0.24489795918367346,0.7048831344496587,-5.838814327146974,0.8276153501611213,0.029252586602446673
0.3673469387755102,0.012739440597068441,0.016388839916876695,0.0900855706890337,-0.08163265306122448,0.7073087145558404,-5.306134892916108,0.8254642944466624,0.01837912777308981
0.3673469387755102,0.0075888367761807185,-0.017552406547684772,0.09048379142946414,0.08163265306122448,0.7086532327972174,-4.799388993215652,0.8255717039222371,0.010948377183111813
0.3673469387755102,0.0064002746556062196,-0.05653607474711133,0.09180617329285404,0.24489795918367346,0.7081279972600206,-4.319825257139324,0.8267786304001494,0.009233644505970418
0.3673469387755102,0.01007718791780543,-0.10115133897673712,0.0936326660326859,0.40816326530612246,0.7046927272721876,-3.868979573136318,0.8225606573245954,0.014538309035124097
0.3673469387755102,0.017594775644280913,-0.15152049391088224,0.09558320760800523,0.5714285714285714,0.6971776389500853,-3.4485342428633325,0.8124370213098937,0.025383895567558046
0.3673469387755102,0.027170242410823553,-0.20705995045912448,0.097355155378787,0.7346938775510204,0.6844956390604711,-3.06012897406495,0.7962168219860106,0.03919837398584569
0.3673469387755102,0.036884873174415356,-0.26632751307769115,0.09875598312675579,0.8979591836734694,0.6659572356576323,-2.7051054275129256,0.7741576495815561,0.05321362361254822
0.3673469387755102,0.04502124099486693,-0.3270923941073932,0.09971583971145877,1.0612244897959184,0.6416106412310704,-2.3842012965866854,0.7470666068131728,0.06495192111796166
0.3673469387755102,0.050439843550196484,-0.38670702543092933,0.10027019438511675,1.2244897959183674,0.6124222330046869,-2.097269340250588,0.716268496332359,0.07276931215308347
0.3673469387755102,0.052784261377209374,-0.4426824178846858,0.10051756873488812,1.3877551020408163,0.5801252936550135,-1.8431345489675224,0.6834013429652835,0.07615159212588685
0.3673469387755102,0.052391389274526246,-0.4932053693277606,0.10057148514097751,1.5510204081632653,0.5467656931837851,-1.6196659220505158,0.6501027446655963,0.07558479749164215
0.3673469387755102,0.049989401634775055,-0.5373668623917951,0.10052648708915006,1.7142857142857142,0.5141891245007582,-1.4240394859221763,0.6177275966469828,0.07211946183549633
0.3673469387755102,0.04637686581414635,-0.5750737941779291,0.10044546211048819,1.8775510204081634,0.48371789780569385,-1.2530856515842572,0.5872052103818481,0.06690767432204181
0.3673469387755102,0.042219029366568295,-0.6067859980330953,0.10036261247236074,2.0408163265306123,0.4560863571274426,-1.1036061884017718,0.5598083242865189,0.06090918429829362
0.3673469387755102,0.03797911250533148,-0.6332397130495205,0.10029252112927907,2.204081632653061,0.4315487830657777,-0.9725967123435826,0.5361226321820054,0.054792277268805645
0.3673469387755102,0.033934960811531356,-0.6552439989480037,0.10023881453300221,2.36734693877551,0.41004206395052156,-0.8573668273389836,0.514410521540851,0.04895779967555791
0.3673469387755102,0.030227477456176155,-0.6735635301590378,0.10020010656711853,2.5306122448979593,0.3913294656858436,-0.7555812619262824,0.49463895492376175,0.04360903182460829
0.3673469387755102,0.02690923939000811,-0.6888666771385921,0.10017333508250788,2.693877551020408,0.37510115969705377,-0.6652519703688782,0.4766936792029721,0.038821826222058764
0.3673469387755102,0.023981655047393025,-0.7017126362794788,0.10015534048029173,2.857142857142857,0.3610344804705602,-0.5847054015736919,0.4604226433298383,0.034598214809183236
0.3673469387755102,0.02141966152016095,-0.712557939158757,0.10014346405564974,3.020408163265306,0.34882539491791,-0.512540632025523,0.4456624596338278,0.03090203945265646
0.3673469387755102,0.01918671244337422,-0.7217705002918542,0.10013567825745451,3.183673469387755,0.33820216924441776,-0.4475870801431149,0.4322532287035164,0.027680574893018672
0.3673469387755102,0.01724328850869683,-0.7296450185311244,0.10013052901961006,3.3469387755102042,0.32892920280924365,-0.38886593606008907,0.42004615046195515,0.024876806820114616
0.3673469387755102,0.0155510078965857,-0.7364176734175537,0.10012698801467027,3.510204081632653,0.32080526489353367,-0.3355568082574901,0.4089059814542207,0.022435361973229817
0.3673469387755102,0.014075250763630809,-0.7422771596536801,0.1001244164174833,3.673469387755102,0.31366110158345284,-0.2869697340270729,0.39871354749617655,0.020306294475958886
0.3673469387755102,0.012783829540132574,-0.7473774980120068,0.10012233817832863,3.836734693877551,0.30735194745048655,-0.2425220822072689,0.38935980787989066,0.018443167481119183
0.3673469387755102,0.01165422578109343,-0.7518360406330308,0.10012024408054217,4.0,0.30176499003122637,-0.20171969811382354,0.38076070337000845,0.01681349373978369
0.6122448979591837,0.08773452542711824,0.32502968087628387,0.27213685864769666,-4.0,0.345276674988567,-23.752587383163952,0.4305670585667238,0.12657416474845018
0.6122448979591837,0.09168740566237421,0.32024695489953336,0.2699654310577155,-3.836734693877551,0.3560935563960469,-22.819240676471278,0.4440875240762888,0.13227696546108225
0.6122448979591837,0.09585978925005922,0.31505968786885863,0.2675005603326969,-3.673469387755102,0.36805134629783676,-21.890288949662658,0.45913308607654446,0.1382964425717219
0.6122448979591837,0.1001343131457555,0.3094922198473906,0.26472841907752487,-3.510204081632653,0.38118674352318604,-20.96634376819442,0.4752551864320027,0.14446327699820438
0.6122448979591837,0.10447701056422498,0.30352248047496194,0.2615870866507928,-3.3469387755102042,0.3956205664933775,-20.048121116595006,0.4925221988664707,0.15072846502791126
0.6122448979591837,0.10882314246188174,0.29712692500254134,0.25800081166826994,-3.183673469387755,0.41147695784667115,-19.136464551477257,0.5110055300115931,0.15699860796371068
0.6122448979591837,0.11308632128083507,0.2902774646272802,0.2538695949651575,-3.020408163265306,0.42888285401434434,-18.232370643645723,0.5307596393339382,0.16314907490423725
0.6122448979591837,0.11713814506756948,0.28293877208488316,0.24906592546824888,-2.857142857142857,0.44795875149579223,-17.337018930934246,0.5518247518754705,0.1689946209879145
0.6122448979591837,0.120807087404456,0.27506128869007085,0.24342381631946147,-2.693877551020408,0.4688044731572195,-16.45180590059725,0.5741946843679883,0.17428778590264793
0.6122448979591837,0.12386137709880596,0.266573918663066,0.23673475634064628,-2.5306122448979593,0.49146874258447715,-15.578380453036726,0.597791214169314,0.17869419449812485
0.6122448979591837,0.1260003157555165,0.25737526728554266,0.22874912917557122,-2.36734693877551,0.5158949557044819,-14.718674050455071,0.622411796429322,0.18178003069092696
0.6122448979591837,0.12685530394501443,0.24732790726434178,0.21919601017533058,-2.204081632653061,0.5418316199610702,-13.874910827011563,0.6476561027071203,0.18301351791193454
0.6122448979591837,0.12601691932178016,0.23626313663315462,0.20783678720917265,-2.0408163265306123,0.568708625379825,-13.049571068850899,0.672839685574895,0.18180398457363633
0.6122448979591837,0.12310944314791228,0.22400675783000873,0.19456598154566457,-1.8775510204081634,0.5955197494782917,-12.245270034681843,0.6969344173426367,0.1776093831160952
0.6122448979591837,0.11792475001619018,0.21043208715488956,0.17954906418155808,-1.7142857142857142,0.6208193088403998,-11.464517974200561,0.7186164025463153,0.1701294520464285
0.6122448979591837,0.11058132116036945,0.1955264546129197,0.1633356405381191,-1.5510204081632653,0.642974595343554,-10.709370527261349,0.7365065746809053,0.15953512365301492
0.6122448979591837,0.10159995149720147,0.17942783171782975,0.1468440234980843,-1.3877551020408163,0.6606887760752951,-9.981067319261308,0.7495836967876085,0.14657774617957164
0.6122448979591837,0.09177483784363738,0.16238393527115624,0.13116025573446405,-1.2244897959183674,0.67352308532046,-9.279831990975167,0.7699704543522868,0.1324031034354043
0.6122448979591837,0.08186040118130977,0.14463597620077576,0.11723910978839365,-1.0612244897959184,0.6820268644178379,-8.60496724075691,0.7874335473317409,0.1180995948294572
0.6122448979591837,0.07228247924053632,0.12629087194115793,0.10568594351565505,-0.8979591836734694,0.6873881127532965,-7.9552152166133485,0.7998581408131773,0.10428157434348151
0.6122448979591837,0.06307606489138684,0.10724604213938575,0.09671828829281728,-0.7346938775510204,0.6909076898151926,-7.329210828354404,0.8082826420363707,0.09099952601759442
0.6122448979591837,0.05404956216308898,0.08717774433024128,0.09026089302348142,-0.5714285714285714,0.6936224096821674,-6.725855445767951,0.8136698405273379,0.07797703529490851
0.6122448979591837,0.04502727475432766,0.06556518869211247,0.08607261383908135,-0.40816326530612246,0.6961605710262232,-6.144537745752696,0.8166622115714488,0.06496062599281327
0.6122448979591837,0.03604847656830068,0.0417247436410922,0.08384034242074938,-0.24489795918367346,0.698743058956387,-5.585216973460612,0.8175158104775323,0.052006958376689116
0.6122448979591837,0.02749401840033472,0.0148490778042486,0.08322676503158466,-0.08163265306122448,0.701229053302226,-5.048415967881878,0.8161406318833512,0.03966548400027303
0.6122448979591837,0.020153729928774844,-0.01593707482279254,0.08388561795572731,0.08163265306122448,0.7031560935597302,-4.535164684875388,0.8173893658126762,0.02907568622365897
0.6122448979591837,0.015213921662120988,-0.05148543260663989,0.08546372450915499,0.24489795918367346,0.7037691154268497,-4.046916863142977,0.8201551363270877,0.021949049334415438
0.6122448979591837,0.013982835621491496,-0.09247939330509616,0.08760560309959486,0.40816326530612246,0.7020587277416215,-3.5854456693056473,0.8182986404487618,0.020172967608691472
0.6122448979591837,0.017001422785152487,-0.13923118258608594,0.08996989497598604,0.5714285714285714,0.6968437696526475,-3.152710364011725,0.8111067439323788,0.024527868340196157
0.6122448979591837,0.02336039016960134,-0.19144681557112045,0.09225863610652518,0.7346938775510204,0.686939619536662,-2.750676017284385,0.7980997132834489,0.03370191905091513
0.6122448979591837,0.031341943112041415,-0.24803570088547397,0.09425144196938953,0.8979591836734694,0.6714357051706124,-2.381069340805071,0.7792127460998207,0.045216865899566194
0.6122448979591837,0.03910232677949943,-0.30708919022577114,0.09583000607498508,1.0612244897959184,0.6500370768035652,-2.045078410310399,0.754936239818035,0.05641273293200344
0.6122448979591837,0.04514852412806669,-0.36613361494357427,0.0969788816494406,1.2244897959183674,0.6233199884682648,-1.743054066047072,0.7263405646343495,0.06513555186301767
0.6122448979591837,0.048665495126436475,-0.4226299023699166,0.09775921610087598,1.3877551020408163,0.5927132535223159,-1.4743155723217896,0.694928287646647,0.07020946848131615
0.6122448979591837,0.04957454058782251,-0.474516068247262,0.09826742809726245,1.5510204081632653,0.5601511222865236,-1.237151686569499,0.6623434359616835,0.07152094386040053
0.6122448979591837,0.04833065433207717,-0.5205436153117878,0.09859812693426806,1.7142857142857142,0.5275685259080524,-1.0290274870288465,0.6300606639858131,0.06972639532780667
0.6122448979591837,0.045614613558236705,-0.5603041349833455,0.09882377659402578,1.8775510204081634,0.4964982956721323,-0.8469147100419885,0.5991821980467127,0.0658079767725348
0.6122448979591837,0.04208359020448049,-0.5940303637159607,0.09899093124163945,2.0408163265306123,0.4679090976814596,-0.6876293192641768,0.5703867217799852,0.06071378689080742
0.6122448979591837,0.03824599686105956,-0.6223281879348739,0.09912560918979227,2.204081632653061,0.44225030380240105,-0.5480933283284749,0.5456657853997182,0.05517731000530546
0.6122448979591837,0.034438306459234846,-0.6459513439744983,0.09924074772632588,2.36734693877551,0.41959395269395144,-0.42549444130430086,0.5233754045978225,0.04968397394535229
0.6122448979591837,0.03085385933876883,-0.6656562657821715,0.09934218442060139,2.5306122448979593,0.399783956011145,-0.31735725658057773,0.5029845282791299,0.044512709860327515
0.6122448979591837,0.02758536900712083,-0.6821277365613444,0.09943241497367941,2.693877551020408,0.38255126801493755,-0.2215543548336401,0.484420614831621,0.03979727506766517
0.6122448979591837,0.024662451020223575,-0.6959515342037885,0.0995125967565627,2.857142857142857,0.36758849794784665,-0.13628367046731768,0.46755585396137045,0.03558039578304362
0.6122448979591837,0.022078847950779412,-0.7076128594115707,0.09958347385649773,3.020408163265306,0.35459219576911494,-0.06003084174007874,0.4522395175329892,0.031853044447130774
0.6122448979591837,0.019809876194505138,-0.717507317703746,0.09964555514249125,3.183673469387755,0.3432828102044413,0.00847227200298576,0.4383155323334705,0.028579610146437062
0.6122448979591837,0.01782418360767668,-0.7259506536252556,0.09970011222621863,3.3469387755102042,0.3334168294142211,0.07028708902142,0.4256407399953384,0.025714861298689495
0.6122448979591837,0.016087441255309587,-0.73320111750944,0.09974737724527935,3.510204081632653,0.32477967018263804,0.12630335795516737,0.4140742256396869,0.023209271719628166
0.6122448979591837,0.014567662279249882,-0.7394634572326111,0.09978829797612779,3.673469387755102,0.3171915495984784,0.17726900309038252,0.40349465643967025,0.021016694127619306
0.6122448979591837,0.013235804477169877,-0.7449027856229777,0.09982363880526106,3.836734693877551,0.31050046302216705,0.22381502253132346,0.393793737003438,0.019095229481389087
0.6122448979591837,0.01206197411297616,-0.7496551890807837,0.0998543726496433,4.0,0.304575992287205,0.2664772399422789,0.3848728711435451,0.01740175023612167
0.8571428571428571,0.0991778033086046,0.3156893007380976,0.2690846694482714,-4.0,0.36098086510325056,-23.306691168251852,0.44672730852025194,0.14308332499958487
0.8571428571428571,0.10379965104245326,0.31028695098812575,0.26664290274520513,-3.836734693877551,0.3730328306545137,-22.37740807433317,0.4606327439979634,0.14975124180495225
0.8571428571428571,0.10855774869713586,0.30452326444745914,0.2639185910698741,-3.673469387755102,0.38619095698835776,-21.453025583060683,0.4761056613685872,0.15661572569542814
0.8571428571428571,0.11341334322694996,0.2983855131077842,0.26086056667011487,-3.510204081632653,0.4005494640739058,-20.534221389978786,0.49286227761798307,0.16362086784415864
0.8571428571428571,0.11830711774989133,0.29186182003974165,0.2574032334628015,-3.3469387755102042,0.4162027597160888,-19.621787432472793,0.5106980742502883,0.17068109207963467
0.8571428571428571,0.12315576027471198,0.28493811637557004,0.2534603890892939,-3.183673469387755,0.4332442513425308,-18.71665138224185,0.5296513949993028,0.17767620460523714
0.8571428571428571,0.12784141760000023,0.27759486255468246,0.24891891183105033,-3.020408163265306,0.45176188646386495,-17.819902177000156,0.549745610304199,0.18443617919173505
0.8571428571428571,0.13220422732847892,0.2697997958205948,0.24362770707329906,-2.857142857142857,0.47182867733167067,-16.932819678426675,0.5709698904309704,0.1907303831513536
0.8571428571428571,0.13602924078068246,0.2615005984442415,0.2373916541510014,-2.693877551020408,0.4934842712358532,-16.05690729299812,0.5932613316031821,0.1962487110901816
0.8571428571428571,0.1390385347096197,0.2526145566548349,0.22996591741636635,-2.5306122448979593,0.516696557812765,-15.193923280649173,0.6164615715982698,0.2005902045180359
0.8571428571428571,0.14089011942219098,0.24302069981779345,0.22106552105754215,-2.36734693877551,0.5412913171704384,-14.345900082655179,0.6402543208595254,0.20326147660064908
0.8571428571428571,0.14119775583013916,0.23256064705435028,0.21040380164510353,-2.204081632653061,0.5668406210034929,-13.515129957187543,0.6640813873754704,0.20370530212079263
0.8571428571428571,0.13959057499925298,0.22105920989778002,0.19777853913793952,-2.0408163265306123,0.592528666190314,-12.704081283341788,0.6870644367138299,0.20138663030626125
0.8571428571428571,0.13582892015538173,0.20837438251307586,0.1832099761162109,-1.8775510204081634,0.6170785398256193,-11.915203913852713,0.708002270862373,0.1959597095174721
0.8571428571428571,0.12995978576513734,0.1944701973213566,0.16708817103684195,-1.7142857142857142,0.6388926243137869,-11.150608106468658,0.7255426158125642,0.18749233843835533
0.8571428571428571,0.1224234480037012,0.1794738255235943,0.1502252269167923,-1.5510204081632653,0.656506511217106,-10.411680576296908,0.7385627365469807,0.17661970132346738
0.8571428571428571,0.1139764684750808,0.16366006192639962,0.13371247992061513,-1.3877551020408163,0.6691847783909021,-9.69879996802964,0.7555857414510461,0.1644332858470361
0.8571428571428571,0.1053962373402797,0.14734528899943758,0.11861634721947556,-1.2244897959183674,0.6772319840417225,-9.01132574358422,0.7727487977221723,0.15205462893917776
0.8571428571428571,0.09714737494589043,0.13074787180635578,0.10569523196853145,-1.0612244897959184,0.6817687701881903,-8.347894557315643,0.7847561222030516,0.14015403606981724
0.8571428571428571,0.08925597213264647,0.11389466597811296,0.09529535246448062,-0.8979591836734694,0.6841933132402129,-7.706877798418851,0.7927970348769778,0.12876914836549336
0.8571428571428571,0.0814401246778329,0.09660064558563526,0.08742159119385347,-0.7346938775510204,0.6857234364483633,-7.086802879500054,0.7980803128523232,0.11749326400208826
0.8571428571428571,0.0733437902567986,0.0784934574525813,0.08187660255819533,-0.5714285714285714,0.6871938053512976,-6.4866282893381015,0.8015219926203605,0.1058127224834835
0.8571428571428571,0.06472741120953329,0.05904626171273086,0.07837917438272353,-0.40816326530612246,0.6890446720809583,-5.905869765451227,0.8036369466833077,0.09338191516157446
0.8571428571428571,0.05557984148181028,0.03760273658783895,0.07663199562320873,-0.24489795918367346,0.6913803147274042,-5.344625383427307,0.8045540262670953,0.08018476167920241
0.8571428571428571,0.046180104792766574,0.01339840296854138,0.07634632530596512,-0.08163265306122448,0.6940216162224611,-4.803547117667888,0.8044472801685943,0.06662380817225699
0.8571428571428571,0.037135074812595814,-0.014406499520026506,0.07724139509126979,0.08163265306122448,0.6965301441007966,-4.283787441893716,0.8068449425145077,0.05357458827517236
0.8571428571428571,0.02938466070070911,-0.04666298182760027,0.07903463133952018,0.24489795918367346,0.6982117116621981,-3.78693116379938,0.810781243135289,0.04239310427111764
0.8571428571428571,0.024108492195165088,-0.0841190821277453,0.0814348352838046,0.40816326530612246,0.6981229040305328,-3.3149096225962364,0.8112448050356246,0.03478120213327518
0.8571428571428571,0.022378419005665506,-0.12724489810724277,0.08414664800054886,0.5714285714285714,0.695114713543956,-2.8698851654654423,0.8070123376907082,0.03228523412240891
0.8571428571428571,0.024463118111115456,-0.1760097876344286,0.0868897926463329,0.7346938775510204,0.6879546933071894,-2.454087655066922,0.7973660179226202,0.03529281918358729
0.8571428571428571,0.029422839942371493,-0.2296682924893259,0.08942963878013419,0.8979591836734694,0.6755600876979144,-2.0695859798347755,0.7819375946039387,0.04244818527372951
0.8571428571428571,0.03560902480028849,-0.2866624377926979,0.0916079171128928,1.0612244897959184,0.6573246343249075,-1.7179960935266159,0.7608844781463195,0.05137296349026821
0.8571428571428571,0.041339878035797195,-0.3447587723379956,0.09335851644464839,1.2244897959183674,0.6334265987844991,-1.4001687680598294,0.734975178726846,0.05964083703319867
0.8571428571428571,0.04539242120038822,-0.4014504548915346,0.09469844644731798,1.3877551020408163,0.6049333340982957,-1.1159474502380133,0.7055114431488452,0.06548742095974314
0.8571428571428571,0.04723693289361819,-0.4544885881974111,0.09569756269949266,1.5510204081632653,0.5735831955809115,-0.864095632989821,0.6740817100363725,0.06814848883242774
0.8571428571428571,0.046975121369346784,-0.5023034652121734,0.09644254922102646,1.7142857142857142,0.5413288589269513,-0.6424348595652446,0.6422410135314365,0.0677707746447136
0.8571428571428571,0.045088020594198364,-0.544150765450161,0.0970106954819189,1.8775510204081634,0.5098809726646022,-0.4481414807258431,0.6112539223030419,0.06504826371474959
0.8571428571428571,0.04216520470559226,-0.5799977114037816,0.09745900052392312,2.0408163265306123,0.4804470553643435,-0.27809293483113257,0.5819803755419029,0.06083153172682687
0.8571428571428571,0.038726618070580754,-0.610282561656765,0.09782468721588045,2.204081632653061,0.45369637063106516,-0.12916533945380818,0.5553923464133806,0.0558706998408276
0.8571428571428571,0.035152424898997836,-0.6356765335364468,0.09813048565888076,2.36734693877551,0.4298650062707983,0.0015646511707177453,0.5325908329218193,0.05071422907700596
0.8571428571428571,0.03168382592592511,-0.6569116125830156,0.09839012499029956,2.5306122448979593,0.40890173643542704,0.11671338694693398,0.5116130404032111,0.04571009853972141
0.8571428571428571,0.028453641345522085,-0.6746811661924942,0.09861229808690411,2.693877551020408,0.39059535964599407,0.21855518547485822,0.4924401000900029,0.04104992726441781
0.8571428571428571,0.02552110659871687,-0.6895950041718727,0.0988030291446849,2.857142857142857,0.3746644152931621,0.30903119740509594,0.47497711676455007,0.03681917392796752
0.8571428571428571,0.022900275488267452,-0.7021673340591617,0.0989669207863135,3.020408163265306,0.36081199528541025,0.3897805397327565,0.45909193848768537,0.033038113881914466
0.8571428571428571,0.020579946943917404,-0.7128214278425566,0.09910775471783054,3.183673469387755,0.34875528663752553,0.46217971075987996,0.44463934197096705,0.02969058739774777
0.8571428571428571,0.01853639488359593,-0.7219011805458521,0.09922876228110007,3.3469387755102042,0.33823908422255133,0.527382451266647,0.4314749544383779,0.026742364974523092
0.8571428571428571,0.01674096564805372,-0.7296842998547397,0.09933273583679281,3.510204081632653,0.3290401066376767,0.586356267601033,0.41946259205049696,0.02415210812013946
0.8571428571428571,0.015164399571290899,-0.7363944745921834,0.09942213680826062,3.673469387755102,0.320966682364183,0.6399141892894861,0.40847792624866935,0.021877604059560074
0.8571428571428571,0.013778929265513051,-0.7422123848903087,0.0994990500250084,3.836734693877551,0.3138557033447816,0.6887415711516243,0.3984089283643575,0.01987879292011563
0.8571428571428571,0.012559729488240023,-0.7472836035044196,0.0995653087463875,4.0,0.30756993180814873,0.7334183249321988,0.38915718165274105,0.018119859447590425
1.1020408163265305,0.11197956885930682,0.30538414557842897,0.2655423039191356,-4.0,0.37860621162805647,-22.866619596293177,0.4634638872209362,0.1615523686742062
1.1020408163265305,0.11720719263618906,0.29944104793493076,0.26284169776447897,-3.836734693877551,0.39181723256905654,-21.942061746344844,0.4777715285861736,0.16909423557274783
1.1020408163265305,0.12256916141084995,0.29314943967864104,0.2598431103592428,-3.673469387755102,0.4061500772706072,-21.022979430564533,0.493432729336279,0.1768299213333524
1.1020408163265305,0.12800012230971736,0.28651838767310384,0.25648295097099094,-3.510204081632653,0.42164584280106665,-20.110119702251396,0.5106225951164324,0.18466514168941028
1.1020408163265305,0.1333521956206476,0.27954377290771915,0.25273836080331596,-3.3469387755102042,0.4383150489811574,-19.20434446506899,0.5287753178977787,0.19238655131356364
1.1020408163265305,0.13870703819355357,0.27220973076032007,0.24837264265332787,-3.183673469387755,0.45639340692858255,-18.30668316694173,0.5479282926482539,0.20011195613823585
1.1020408163265305,0.1437436533809977,0.264504914297188,0.2433743478971917,-3.020408163265306,0.47574804512222146,-17.41829374235123,0.5680059355712114,0.20737825589202696
1.1020408163265305,0.1482880404404292,0.25639866532279476,0.2375418647748842,-2.857142857142857,0.49646254381481947,-16.540558061567882,0.5890196966928943,0.2139344205665492
1.1020408163265305,0.1521152409677491,0.24780509737329162,0.2306157941581192,-2.693877551020408,0.5185270188700702,-15.675079624651913,0.6108119022717549,0.219455903787801
1.1020408163265305,0.15490240517706022,0.23861677662172448,0.22231076273203837,-2.5306122448979593,0.5418263886576927,-14.823718715726537,0.633147507571735,0.2234769317707177
1.1020408163265305,0.1562930498872983,0.2286772198201926,0.21230494038955944,-2.36734693877551,0.5660537900217466,-13.98859541690694,0.6555780349744873,0.22548320799781685
1.1020408163265305,0.1559358636431185,0.21780277715048454,0.20031732108779732,-2.204081632653061,0.5905675256819937,-13.172039241239403,0.6773595579717003,0.2249678971746647
1.1020408163265305,0.15358232341199995,0.205830090521936,0.18623971065650902,-2.0408163265306123,0.6142653333191533,-12.376438179751023,0.6974082457495865,0.2215724563546968
1.1020408163265305,0.14922978051786484,0.19269432166644965,0.17030726347536634,-1.8775510204081634,0.6356215299206958,-11.603952431969066,0.7144072380737342,0.21529306430607198
1.1020408163265305,0.14324309195231888,0.17850505224719226,0.15321203570638195,-1.7142857142857142,0.6530509745762071,-10.856122747138578,0.7271439735284371,0.20665609840121268
1.1020408163265305,0.13632209694319486,0.16355589315209026,0.13602730470394617,-1.5510204081632653,0.6655394878483223,-10.133514970196304,0.7415323673548797,0.19667121322353154
1.1020408163265305,0.1292387177070653,0.1482291029400185,0.11991572362780671,-1.3877551020408163,0.6731243962727482,-9.435602759576563,0.7581595032276642,0.18645205712683177
1.1020408163265305,0.1224851117243202,0.1328417707246594,0.10578762261945682,-1.2244897959183674,0.6768214117230864,-8.760987223683696,0.7693900011301548,0.1767086632674073
1.1020408163265305,0.11610217082734464,0.1175293451770996,0.09412205598594062,-1.0612244897959184,0.6780939385633185,-8.107845525469871,0.7765183392819661,0.16750002608905357
1.1020408163265305,0.10978141081867943,0.1022146394642434,0.0850019323018836,-0.8979591836734694,0.6783090189542748,-7.474392669316703,0.7809585552846174,0.1583810969699022
1.1020408163265305,0.10309138258470774,0.08663704983445553,0.07825999844091236,-0.7346938775510204,0.6784613524392696,-6.859206209539385,0.7838626679867999,0.14872942641334452
1.1020408163265305,0.09566216416124873,0.07039485417215055,0.07362156060457144,-0.5714285714285714,0.6791418033360149,-6.261388202030386,0.7859762029747662,0.1380113298361394
1.1020408163265305,0.08728223624258313,0.05297380248341312,0.0707949504759006,-0.40816326530612246,0.6806114799224916,-5.680611207307321,0.7876441434242981,0.12592164938487338
1.1020408163265305,0.07794013144021839,0.03375923484191064,0.06951112735843619,-0.24489795918367346,0.6828801815977175,-5.117104377985193,0.7888728306201608,0.11244384111503702
1.1020408163265305,0.06785032673777902,0.012041787125436642,0.06953013229554217,-0.08163265306122448,0.6857502901924398,-4.571616757530924,0.7906540238080265,0.09788732990728999
1.1020408163265305,0.057481338098327894,-0.012968201404330682,0.07063065173579157,0.08163265306122448,0.6888238232508848,-4.0453739453138855,0.7941915495270035,0.08292804141811949
1.1020408163265305,0.04757792858783949,-0.04209996648619278,0.07259399655898409,0.24489795918367346,0.6914858036317846,-3.540029369077939,0.7987068239494186,0.06864044162944527
1.1020408163265305,0.039139141547354095,-0.07613671420051923,0.07519056236497937,0.40816326530612246,0.6928852444318567,-3.0576018196278203,0.801390097217696,0.05646584541501909
1.1020408163265305,0.03327371917736044,-0.11567062490902184,0.07817527719130064,0.5714285714285714,0.6919438827155467,-2.600384227040767,0.8000617964732847,0.048003829649109875
1.1020408163265305,0.030828183883752747,-0.16090015807373034,0.08129670780241786,0.7346938775510204,0.6874322786382371,-2.170804168752111,0.7938286979567156,0.04447566800870284
1.1020408163265305,0.03183291735968452,-0.2114068355052247,0.08432034458968914,0.8979591836734694,0.6781524362579431,-1.7712174684402437,0.7820578297462735,0.04592519201184553
1.1020408163265305,0.0352882339309617,-0.2659990157963742,0.08705971960107409,1.0612244897959184,0.6632335007056689,-1.4036303737857447,0.7645771746693757,0.0509101600939279
1.1020408163265305,0.03963904922015615,-0.322741716372241,0.08940237878052366,1.2244897959183674,0.6424667055676994,-1.0693804431753817,0.7418185846318035,0.05718705973547333
1.1020408163265305,0.04341682737707564,-0.37924634224288734,0.0913171603740712,1.3877551020408163,0.6165149684747396,-0.768853096905107,0.7148185966861444,0.06263724154803896
1.1020408163265305,0.04567254452624425,-0.4331547858448667,0.09283827426103426,1.5510204081632653,0.5868356929574031,-0.5013355196309025,0.6850374747967004,0.06589155349279263
1.1020408163265305,0.04610214148717828,-0.482613601395411,0.09403509623616468,1.7142857142857142,0.5553118639605084,-0.2650751531750343,0.6540545720911247,0.06651133089791372
1.1020408163265305,0.04490536258856226,-0.5265345612723182,0.09498310731209125,1.8775510204081634,0.523778554113411,-0.057525025649114506,0.6232709690610786,0.0647847439158391
1.1020408163265305,0.04253295495289788,-0.5645838198717351,0.09574635843353736,2.0408163265306123,0.4936718431189293,0.12431693230130492,0.5937297617684498,0.06136208318489933
1.1020408163265305,0.03946996023292049,-0.59699094473705,0.09637217565176484,2.204081632653061,0.46590002732191016,0.2835818385136649,0.566078648353739,0.05694311589211898
1.1020408163265305,0.036116068661576906,-0.6243114672405139,0.09689315901933641,2.36734693877551,0.44089314603761903,0.4232851028255025,0.542013581742197,0.052104473154462205
1.1020408163265305,0.03275041236503218,-0.6472313901808419,0.09733145215840004,2.5306122448979593,0.41873294600834354,0.5461798541455637,0.5205016272664708,0.04724885750610053
1.1020408163265305,0.029543236250505034,-0.6664411100076745,0.0977025590681816,2.693877551020408,0.39928734070848515,0.6546923961099477,0.5007429365566651,0.042621880430414816
1.1020408163265305,0.026583666947378015,-0.6825697029284296,0.09801794226793066,2.857142857142857,0.3823148596942526,0.7509128153858348,0.48268601452652155,0.03835212447362624
1.1020408163265305,0.02390716870682197,-0.6961595750537235,0.09828655694565747,3.020408163265306,0.3675334898472524,0.8366165822304238,0.4662247024386032,0.03449075373502808
1.1020408163265305,0.021516844335328633,-0.7076637283968157,0.09851569223955767,3.183673469387755,0.35466074093990463,0.9133001351502291,0.45122802838986287,0.03104224461815841
1.1020408163265305,0.019398024817590676,-0.7174537153619532,0.09871142164834308,3.3469387755102042,0.34343413434694997,0.9822201982197906,0.43755835164302487,0.02798543420737909
1.1020408163265305,0.01752757486037404,-0.7258313248805596,0.09887886813041749,3.510204081632653,0.3336198707767424,1.0444314295427426,0.4250817357365976,0.02528694532987208
1.1020408163265305,0.015879267954373555,-0.7330407684220127,0.09902236784280108,3.673469387755102,0.3250146518438015,1.1008200042678788,0.4136731069838918,0.02290894113072195
1.1020408163265305,0.014427020257694156,-0.7392794471323623,0.0991455809469703,3.836734693877551,0.3174443854275144,1.1521324106346724,0.4032186465862441,0.020813790580580083
1.1020408163265305,0.013146190763736021,-0.74470741216551,0.09925160296358045,4.0,0.3107609701725439,1.19899958009225,0.3936161183819368,0.018965944221422504
1.346938775510204,0.12606050303323024,0.2942617180483862,0.2615274052787191,-4.0,0.39801321229442344,-22.433315832759618,0.48036578025554877,0.18186686257800977
1.346938775510204,0.13190616065672423,0.2878457604022423,0.25856294742228714,-3.836734693877551,0.41233024142357066,-21.514228495955336,0.4948318080877289,0.1903003638421592
1.346938775510204,0.1378470937425631,0.281131913557423,0.25527831893425346,-3.673469387755102,0.4276969790874565,-20.6012576077947,0.5107046657604015,0.19887131854335216
1.346938775510204,0.14380328916784468,0.2741276473953436,0.2516123581357731,-3.510204081632653,0.4441464226251336,-19.695219341145528,0.5280782705941871,0.20746429214597129
1.346938775510204,0.1496746936928679,0.26683715712489864,0.24747516728617852,-3.3469387755102042,0.4617036885593512,-18.79705404792454,0.5462577303384825,0.21593493833727573
1.346938775510204,0.1553147119653413,0.2592502515461324,0.24274662007103603,-3.183673469387755,0.4803934184277465,-17.907848500463665,0.5652417050298926,0.22407176472949564
1.346938775510204,0.1605422772632219,0.25133602485295936,0.23725610826832488,-3.020408163265306,0.5002289926665018,-17.028863317326447,0.5849781225388373,0.23161354726067174
1.346938775510204,0.1651212559318731,0.24302848861206833,0.23077505628929962,-2.857142857142857,0.5212063536599858,-16.161565177620815,0.6053817599196165,0.23821961707827022
1.346938775510204,0.1687662872223301,0.23421635341208438,0.22300852846452912,-2.693877551020408,0.543262674714469,-15.30765934983308,0.6262700963630685,0.24347828564489804
1.346938775510204,0.17115470303686497,0.22473833950934444,0.21360870617428254,-2.5306122448979593,0.5661935149099749,-14.469109416988822,0.647289573061366,0.24692404129610868
1.346938775510204,0.1719656787323629,0.21439638636628033,0.2022301984942124,-2.36734693877551,0.5895122162494401,-13.648115516504523,0.6678148381411386,0.24809403191028467
1.346938775510204,0.17096125713574106,0.20300093143095346,0.18865206019533348,-2.204081632653061,0.6122861610723386,-12.847004022994001,0.6868703420894939,0.24664495785387697
1.346938775510204,0.16811189535654125,0.19045391754900726,0.1729625914488263,-2.0408163265306123,0.6330831013304827,-12.06797876404316,0.7031784625340347,0.24253419774532592
1.346938775510204,0.16371880414142326,0.17684259453119805,0.15572674601991804,-1.8775510204081634,0.650235369665982,-11.312732503865085,0.7154484885074492,0.23619630683510318
1.346938775510204,0.1584131651227969,0.16247477449034087,0.137982391276227,-1.7142857142857142,0.66247339460706,-10.582033418400888,0.7278523826636275,0.22854188773418338
1.346938775510204,0.15293151754636924,0.1477950863543099,0.12097581280348006,-1.5510204081632653,0.6695601529233857,-9.875505217740015,0.7437595630078111,0.22063354195977025
1.346938775510204,0.14776772117230763,0.13321443402254868,0.1057691907399368,-1.3877551020408163,0.6723872475641665,-9.19176258696116,0.7539596245911597,0.21318375853875127
1.346938775510204,0.14297422196348775,0.11896471578082571,0.09298030408283786,-1.2244897959183674,0.672470979486663,-8.52884235062857,0.7598288405934422,0.20626820100168164
1.346938775510204,0.138241179633378,0.10505325530035221,0.08277218104359525,-1.0612244897959184,0.6713176760224334,-7.884702862151525,0.7629612567168659,0.19943986430371474
1.346938775510204,0.13311549847570014,0.09129751425806709,0.07500180719476664,-0.8979591836734694,0.6700602268657162,-7.257598211199449,0.7647103264913552,0.19204506951635514
1.346938775510204,0.12718062468356117,0.07738164037226322,0.06938723128823135,-0.7346938775510204,0.6693974065725683,-6.646273536931957,0.766008113609238,0.1834828565281339
1.346938775510204,0.12014212476297326,0.06289692131415106,0.0656213497428656,-0.5714285714285714,0.6696813624409163,-6.050025235470073,0.7673703309797747,0.17332844759740462
1.346938775510204,0.11185116352709312,0.04735802733252441,0.06342692326491481,-0.40816326530612246,0.6710240891310277,-5.468690735765743,0.7689701613646069,0.16136711893819822
1.346938775510204,0.10230933333967163,0.030202261317102953,0.062571928164509,-0.24489795918367346,0.6733687163166888,-4.902614287731528,0.7707133709330024,0.14760116784580024
1.346938775510204,0.09168043403604065,0.01078326601606372,0.06286374668549981,-0.08163265306122448,0.6765172958335753,-4.3526117634989845,0.7743382910756375,0.13226690753034376
1.346938775510204,0.08031678968398848,-0.011628279626074689,0.06413390232048059,0.08163265306122448,0.6801232790942171,-3.819940698558174,0.7789944474355042,0.11587263417721205
1.346938775510204,0.06879286121236383,-0.03782264087096374,0.06621994816563662,0.24489795918367346,0.6836612070223247,-3.306271533419035,0.7840708522610144,0.09924711971964051
1.346938775510204,0.0579217254023503,-0.06859093747250944,0.06894900447632613,0.40816326530612246,0.6863898005043003,-2.8136492689783204,0.7888177287238072,0.08356338599770341
1.346938775510204,0.04870608776026164,-0.10461049678432022,0.07212734785953165,0.5714285714285714,0.6873324618080245,-2.344429332372366,0.7902553880423735,0.07026803127283232
1.346938775510204,0.04215136148799403,-0.14626857051627598,0.07554069322087542,0.7346938775510204,0.6853106711466552,-1.9011671341925789,0.7873838995185574,0.060811560185446645
1.346938775510204,0.0388895049595277,-0.1934439880718632,0.07896835564056051,0.8979591836734694,0.6790727414341406,-1.4864403657606977,0.7793614415260619,0.05610569594773773
1.346938775510204,0.03874598800091844,-0.24531199592233066,0.08220978924874582,1.0612244897959184,0.667543693980661,-1.1025931846407628,0.7657126750724085,0.05589864474326811
1.346938775510204,0.040678651390013254,-0.3002815998188362,0.08511486100891279,1.2244897959183674,0.6501600104400644,-0.7514197935192529,0.7465174846976557,0.05868688863042282
1.346938775510204,0.04325775682213839,-0.3561666735707404,0.08760420683173505,1.3877551020408163,0.6271577884454028,-0.4338495117345247,0.7224915448284295,0.06240775124727982
1.346938775510204,0.04524831798007933,-0.41059054111171367,0.08966908534297353,1.5510204081632653,0.5996356530445519,-0.14973155144070366,0.6948889680756029,0.06527952395842718
1.346938775510204,0.0459473152023715,-0.46147452608904027,0.0913515646297994,1.7142857142857142,0.5693078865555417,0.10219332065702372,0.6652413368761002,0.06628796378462365
1.346938775510204,0.04521137434670508,-0.5073959614649363,0.09271685056119464,1.8775510204081634,0.5380582667509488,0.32411665301514525,0.6350420670830067,0.06522622556176616
1.346938775510204,0.04327731477182861,-0.5476916674042192,0.0938308415358802,2.0408163265306123,0.5075211715287317,0.5188490839549763,0.6055058381270333,0.06243596740430801
1.346938775510204,0.04053710237921604,-0.5823398204829693,0.0947486347083352,2.204081632653061,0.4788525465163172,0.6894776378231277,0.5774670129885335,0.058482676574503234
1.346938775510204,0.03737505539826236,-0.6117412642016514,0.09551211992084867,2.36734693877551,0.4527045423677503,0.8390804806520804,0.5515824708794604,0.05392080707602309
1.346938775510204,0.034091218109318255,-0.6365083173503574,0.09615209124889068,2.5306122448979593,0.42932308614992254,0.970536438214176,0.5296146687982128,0.049183231304177344
1.346938775510204,0.030886696936970326,-0.6573121139912657,0.0966913819400748,2.693877551020408,0.40868097517538693,1.086425068442974,0.509311206030371,0.044560084500407715
1.346938775510204,0.027878937979666896,-0.674793199817023,0.0971474540714796,2.857142857142857,0.3905948522297277,1.1889936728521755,0.4906763720235711,0.04022080556851648
1.346938775510204,0.025125147408353143,-0.6895197009689654,0.09753413252284879,3.020408163265306,0.374808973484208,1.280165502831113,0.47363909776606034,0.0362479255676349
1.346938775510204,0.022643526104847433,-0.7019747607756057,0.0978626638113685,3.183673469387755,0.3610476151277719,1.3615691073927496,0.4580889859399575,0.03266770281970288
1.346938775510204,0.02042917660956567,-0.7125593411881884,0.0981423507254227,3.3469387755102042,0.3490442484333361,1.4345757896308837,0.4438993698453588,0.02947307178406522
1.346938775510204,0.018464997125162697,-0.7216015153127173,0.09838095296630107,3.510204081632653,0.33855578243412365,1.5003377694010818,0.43094131048950785,0.026639359782500982
1.346938775510204,0.016727716852125818,-0.7293684878139112,0.09858497739904712,3.673469387755102,0.32936729116665786,1.5598233928791752,0.4190904336643277,0.024132994147956666
1.346938775510204,0.015193386912813578,-0.7360761730000548,0.09875987560779216,3.836734693877551,0.3212933172580567,1.6138479441097235,0.4082324164243095,0.021919423953423056
1.346938775510204,0.013836490613549302,-0.7419034294594768,0.09891010828988316,4.0,0.3141722670308755,1.663099818813561,0.39825703238918175,0.019961836391474197
1.5918367346938775,0.14136970771482926,0.28250584357496167,0.257055539064236,-4.0,0.41899555836937125,-22.007828173531838,0.4969591651845491,0.2039533762521062
1.5918367346938775,0.14779743727854777,0.27573999931169424,0.2538256235275269,-3.836734693877551,0.4342483950382158,-21.09502906479446,0.5112386015418543,0.21322662981785845
1.5918367346938775,0.15426055228861735,0.268740998024309,0.2502625406633907,-3.673469387755102,0.45043529784784064,-20.189044412974564,0.5274528517056822,0.22255093379158097
1.5918367346938775,0.1606626160853093,0.2615194689587608,0.2462852618370929,-3.510204081632653,0.46755814785659194,-19.290752488492313,0.5446919833704832,0.23178715948252337
1.5918367346938775,0.16686950376084453,0.25407226970259733,0.24178488714044183,-3.3469387755102042,0.48561719423061883,-18.40115888797323,0.5625722775846418,0.2407418055513726
1.5918367346938775,0.1727095829244838,0.24637135345690941,0.23660258471272072,-3.183673469387755,0.5046169275984982,-17.52142201814251,0.5810622446457759,0.24916725879915358
1.5918367346938775,0.17796700512648655,0.2383515462377906,0.23051849443142838,-3.020408163265306,0.5245618283282258,-16.652885620397356,0.6001038333606529,0.2567521157378434
1.5918367346938775,0.18238415858512314,0.22989709002112985,0.22323608975564319,-2.857142857142857,0.5454308095914422,-15.79711642822469,0.6195687093137704,0.26312472112746343
1.5918367346938775,0.18567567139805385,0.22083710040830346,0.21438785652851017,-2.693877551020408,0.5671062912620555,-14.955937203404664,0.6391841884000429,0.2678733703397014
1.5918367346938775,0.18755828865496382,0.2109542299336641,0.2035755328292231,-2.5306122448979593,0.5892371454382405,-14.131430139937779,0.658428778493134,0.2705894129201374
1.5918367346938775,0.18782089084813003,0.20002870730904418,0.19047860036923633,-2.36734693877551,0.6110482659400172,-13.325863576577538,0.6764223364496621,0.2709682678019445
1.5918367346938775,0.18642857334720686,0.1879258057682426,0.17504805751698146,-2.204081632653061,0.6312084771176721,-12.541480798474598,0.6919242359779657,0.26895957824801897
1.5918367346938775,0.183634359610088,0.1747073134947778,0.15772028640405833,-2.0408163265306123,0.647993176956476,-11.780121475958783,0.7035731507049185,0.2649283799462947
1.5918367346938775,0.17999528470779436,0.16069365040745123,0.13948718483954478,-1.8775510204081634,0.6598987808172035,-11.04276025097231,0.7145683360256118,0.25967830463133224
1.5918367346938775,0.17618491228480004,0.146393031862813,0.12167064162661115,-1.7142857142857142,0.6664164740344486,-10.329188865046962,0.7295811609227294,0.254181099232738
1.5918367346938775,0.17266666132635367,0.13231133057266747,0.10548600054117196,-1.5510204081632653,0.6683103053361273,-9.638063767949403,0.7385365694592411,0.24910533602238472
1.5918367346938775,0.16948720843756315,0.11877146248432593,0.09169495799975706,-1.3877551020408163,0.6671536855617718,-8.967315600860939,0.7428914718432459,0.24451835510698627
1.5918367346938775,0.16634041982994963,0.10584894296645637,0.08054203358800038,-1.2244897959183674,0.6645974469498832,-8.314686682534871,0.7444129530694854,0.23997849878805644
1.5918367346938775,0.16277788436530294,0.09341249790456523,0.07190413106424534,-1.0612244897959184,0.6619060083324576,-7.678157040943391,0.7446335541565455,0.23483884654022003
1.5918367346938775,0.15838220491904154,0.08119767206107657,0.06548360569832783,-0.8979591836734694,0.6598618699612206,-7.056173107257129,0.7446327747367517,0.22849722160176045
1.5918367346938775,0.15284279593181482,0.0688626101536858,0.06094626021192366,-0.7346938775510204,0.6588660349546691,-6.447718824173381,0.7450462286477231,0.22050554372643294
1.5918367346938775,0.1459659081703506,0.05601347945437185,0.057991020478338595,-0.5714285714285714,0.6590721868072379,-5.852302949357843,0.7461591805742598,0.21058429185621863
1.5918367346938775,0.13766311041968504,0.042206459914961435,0.05637281603006446,-0.40816326530612246,0.6604845376924493,-5.269918365762582,0.7480001126027598,0.1986058867158298
1.5918367346938775,0.1279446556102426,0.026936956341316386,0.05590097075027593,-0.24489795918367346,0.6630080494915157,-4.701002660421838,0.7504055725829311,0.18458512015714357
1.5918367346938775,0.11692834827824439,0.009625456665318976,0.056426890831908105,-0.08163265306122448,0.666459481325028,-4.146410462477424,0.7557796953574479,0.16869194820036082
1.5918367346938775,0.10486565798204084,-0.010390987016700225,0.057827738942715666,0.08163265306122448,0.6705496702277054,-3.607397409514842,0.7614997410913479,0.15128916473024834
1.5918367346938775,0.09218025528365126,-0.03385086787048981,0.05998903527191766,0.24489795918367346,0.67484595600252,-3.0856094934938794,0.7670981236413378,0.1329879971656025
1.5918367346938775,0.07950452484882442,-0.06152974065159063,0.062788040360518,0.40816326530612246,0.6787250417773543,-2.5830668762947484,0.7737039737754091,0.11470078372763215
1.5918367346938775,0.06768343014309552,-0.09415449204141764,0.06608039157512557,0.5714285714285714,0.6813333736296647,-2.1021264795614183,0.7776931097451697,0.0976465490177989
1.5918367346938775,0.05769438447905206,-0.13225739868898015,0.06969376823872167,0.7346938775510204,0.6815843269857252,-1.6454028327717931,0.7780268470791177,0.08323540237506988
1.5918367346938775,0.050424631669269804,-0.17597481435259257,0.07343289975373832,0.8979591836734694,0.6782338854067672,-1.2156242828822277,0.7737221001215485,0.0727473660479081
1.5918367346938775,0.046307004816869446,-0.22483322255421756,0.0770981523476439,1.0612244897959184,0.6700738017557543,-0.815407536306501,0.7640483525204215,0.06680688620771891
1.5918367346938775,0.04500075674183157,-0.2776140723851574,0.08051423828304774,1.2244897959183674,0.6562398174153252,-0.44695553037731595,0.7487430615626377,0.06492236858769118
1.5918367346938775,0.04545590722709125,-0.33240961601564506,0.08355845840752338,1.3877551020408163,0.6365452061160496,-0.1117242780273677,0.7281629914959946,0.06557901193563387
1.5918367346938775,0.04639378419760032,-0.3869230715839503,0.08617520220231363,1.5510204081632653,0.6116687885535518,0.1898522695653029,0.7032808416251299,0.06693208238995085
1.5918367346938775,0.0468076453977575,-0.43892991993556557,0.0883699013411438,1.7142857142857142,0.583053275684485,0.4584798100018552,0.6754959571225025,0.06752915789103442
1.5918367346938775,0.046195694128612574,-0.4867044652415129,0.0901876470076379,1.8775510204081634,0.55253426698723,0.6959126083873909,0.6463300608013863,0.06664629882977335
1.5918367346938775,0.044516952467571036,-0.529238718975018,0.09168899760541856,2.0408163265306123,0.5218896668292244,0.9046879722685068,0.6171400042595758,0.0642243865604546
1.5918367346938775,0.042005498513273176,-0.5662186543263394,0.09293287772537837,2.204081632653061,0.4925152183814093,1.0877836035367718,0.5889477678493318,0.06060112439516807
1.5918367346938775,0.03898461389383656,-0.5978466003936705,0.09396890324367657,2.36734693877551,0.46530741883386567,1.2482985245777938,0.5624044380318459,0.05624290913560914
1.5918367346938775,0.035749594380396044,-0.6246267720281643,0.09483626230506326,2.5306122448979593,0.4407088900241417,1.3892169721366798,0.538900509544574,0.05157576252638929
1.5918367346938775,0.032520519931876324,-0.6471889465390734,0.09556542961275782,2.693877551020408,0.4188274208840685,1.5132674144218763,0.518115737111405,0.04691719283284845
1.5918367346938775,0.029438800847555235,-0.6661733224968003,0.09618036328814575,2.857142857142857,0.3995605194101196,1.6228598858860845,0.4989343872819106,0.04247121199248571
1.5918367346938775,0.02658244357562589,-0.6821688705432856,0.09670027369636261,3.020408163265306,0.3826938345277735,1.7200759929542926,0.48133142424617437,0.038350359521265975
1.5918367346938775,0.023985029948399683,-0.6956880602997899,0.09714083968002422,3.183673469387755,0.3679674838073663,1.8066888235552239,0.4652248864735128,0.03460308376212984
1.5918367346938775,0.021651959395955878,-0.7071625156438492,0.09751500943330929,3.3469387755102042,0.35511577510705294,1.8841966711007738,0.4505044718409277,0.031237174446074878
1.5918367346938775,0.01957232223534411,-0.7169489592175017,0.09783354045423127,3.510204081632653,0.34388839683600914,1.9538607565431692,0.43704950272764514,0.0282368922276115
1.5918367346938775,0.01772682448082219,-0.7253391611981715,0.09810539648168888,3.673469387755102,0.3340599973766071,2.0167416738900728,0.4247395549947638,0.025574401769191013
1.5918367346938775,0.01609269887044218,-0.7325706441817615,0.0983380425544981,3.836734693877551,0.3254330297686767,2.0737321400291258,0.4134601608496099,0.023216856854906265
1.5918367346938775,0.01464672456412841,-0.7388363964204101,0.0985377586321123,4.0,0.3178372019022625,2.1255852523285745,0.40310589280690734,0.021130756893934954
1.836734693877551,0.15780132776788824,0.2703765312737304,0.2521574880634351,-4.0,0.44119208229627693,-21.59128745045444,0.5126516996757059,0.227659193016426
1.836734693877551,0.16472749397168296,0.2634194498240782,0.2486794866447311,-3.836734693877551,0.4571148102037787,-20.6856447856009,0.5268281839619251,0.23765153865101407
1.836734693877551,0.17161419079920104,0.25630308322903655,0.24485162282641312,-3.673469387755102,0.47382160019464703,-19.78755467922785,0.5431525293587056,0.2475869420121799
1.836734693877551,0.1783316374380577,0.24902362134948586,0.24055343891621545,-3.510204081632653,0.49127182643133754,-18.897947340978124,0.559943678193535,0.2572781689654948
1.836734693877551,0.18471889070061964,0.24155447885406148,0.23564595164784108,-3.3469387755102042,0.5094712985314424,-18.017890063471427,0.5772117794688021,0.26649302757229476
1.836734693877551,0.19057875163972127,0.2338270097189898,0.2299154504337962,-3.183673469387755,0.5284331096282352,-17.148616448713057,0.5949240265275164,0.27494701988943504
1.836734693877551,0.1956817045142618,0.2257177966878084,0.2230665865280883,-3.020408163265306,0.5481720686154227,-16.291569718770237,0.6130000654987308,0.28230902469542496
1.836734693877551,0.1997794175176486,0.21704093692216303,0.21471503694917446,-2.857142857142857,0.5686451313708275,-15.44844749423162,0.631238258471266,0.2882207749243979
1.836734693877551,0.20263395447075339,0.20755614092132935,0.2044161465508802,-2.693877551020408,0.5896189491374433,-14.621227357580278,0.6492031624776248,0.2923390012306766
1.836734693877551,0.20407338763067906,0.1970100907006034,0.19176123630188918,-2.5306122448979593,0.6104593748358317,-13.812127031932132,0.6660957788162825,0.2944156643121918
1.836734693877551,0.20407661755241402,0.1852285619538281,0.17657352319995492,-2.36734693877551,0.6299325915485253,-13.023429223116533,0.6807042565786109,0.2944203241042609
1.836734693877551,0.20286480196118717,0.17224613194976288,0.15916356118586122,-2.204081632653061,0.6462686791470809,-12.257116236366867,0.6915980187761958,0.2926720437603261
1.836734693877551,0.20091920138308805,0.15839709398551954,0.1404738669640455,-2.0408163265306123,0.6577444027706522,-11.514367186578998,0.7016924402982335,0.2898651354547517
1.836734693877551,0.19882538678974693,0.14425875342410874,0.12190036151811312,-1.8775510204081634,0.6635873541544288,-10.795145842333383,0.7156243102891815,0.28684439952439833
1.836734693877551,0.19698209758404395,0.13043778047194612,0.10481553046386427,-1.7142857142857142,0.6644456518837429,-10.09815952383437,0.7231241374816353,0.28418509532840597
1.836734693877551,0.19540687562471382,0.11734684904532777,0.09012855701165264,-1.5510204081632653,0.6619700463080965,-9.421247169186431,0.7257489037968916,0.281912530419381
1.836734693877551,0.1937937123350406,0.10511754166217668,0.0781632064683048,-1.3877551020408163,0.6579720290105436,-8.761958931744251,0.7254473946565548,0.2795852277412254
1.836734693877551,0.19171274952770911,0.0936484894121861,0.06880953647272889,-1.2244897959183674,0.6538477841334626,-8.118037702236524,0.7239189911542703,0.27658303301881393
1.836734693877551,0.18877219240174736,0.08269906357563299,0.06174650400403754,-1.0612244897959184,0.6504475075214599,-7.487681394766352,0.7223589358290761,0.27234070583573855
1.836734693877551,0.18468268332877558,0.07196221605567861,0.05660564829877233,-0.8979591836734694,0.6481928964539985,-6.869622467096356,0.7214780471852605,0.26644079137649124
1.836734693877551,0.17925659960365325,0.061100095067412916,0.053054503257194095,-0.7346938775510204,0.6472405128917668,-6.263109123634329,0.7216214435259057,0.25861260729480895
1.836734693877551,0.17238605091551373,0.049751096010490124,0.05082495029485616,-0.5714285714285714,0.647603903220964,-5.6678536837429725,0.722884513849571,0.24870050077424333
1.836734693877551,0.16402442242107873,0.03752057092284822,0.04971366567389981,-0.40816326530612246,0.6492222143207904,-5.0839827511884765,0.7251931493166588,0.2366372208115668
1.836734693877551,0.15418077174151246,0.02396407269196075,0.0495713358032472,-0.24489795918367346,0.651987145255909,-4.512002466685519,0.7287031453128568,0.22243583479191287
1.836734693877551,0.1429294511434751,0.008569185381753174,0.05028841244138353,-0.08163265306122448,0.6557408882110234,-3.952780987418745,0.7353297100942162,0.20620361036167312
1.836734693877551,0.1304349717040061,-0.009258420322574845,0.05178016028961448,0.08163265306122448,0.6602530461793692,-3.4075450248730514,0.7420266855693279,0.18817788683586167
1.836734693877551,0.11699009273340955,-0.030197088647186576,0.05397158379350016,0.24489795918367346,0.6651812047487132,-2.877884098471622,0.7482524919272453,0.16878102661963013
1.836734693877551,0.10306002707409401,-0.054988048315035606,0.05678241980412539,0.40816326530612246,0.6700202124920905,-2.3657529267569606,0.7563104458707045,0.14868418997367794
1.836734693877551,0.08931473861717465,-0.08437563803408528,0.0601131603705628,0.5714285714285714,0.6740506914408574,-1.873458033354928,0.7625733334839659,0.1288539304812919
1.836734693877551,0.07661409033194988,-0.11899291881707294,0.06383463303231973,0.7346938775510204,0.6763087152239434,-1.4036092991961717,0.7658598996669598,0.11053076818412322
1.836734693877551,0.06589478137018845,-0.15918652113739734,0.06778527771889273,0.8979591836734694,0.675613705437889,-0.9590128112864272,0.765117688614727,0.09506607430323344
1.836734693877551,0.0579204076066242,-0.20480282122033558,0.07178041862734981,1.0612244897959184,0.6706997872435194,-0.5424828945750432,0.7594269295665632,0.08356148482034431
1.836734693877551,0.05294479779227235,-0.2550038522981734,0.07563467311779123,1.2244897959183674,0.6604750966453441,-0.15656649300205838,0.7482191589985032,0.07638319721578002
1.836734693877551,0.05050255012841398,-0.30822091610596314,0.07919190237880473,1.3877551020408163,0.6443640361553904,0.19679215654216092,0.7314800593236969,0.07285977862250892
1.836734693877551,0.04957204395681836,-0.36233609012534795,0.0823505619519884,1.5510204081632653,0.6225913497285285,0.5165721646714706,0.7098388425272809,0.07151734198323201
1.836734693877551,0.04903827737118949,-0.41507637181837154,0.08507251321636662,1.7142857142857142,0.5962325077426015,0.8028788838374461,0.6844731460685695,0.07074727957715243
1.836734693877551,0.048099515534286263,-0.4644695305944838,0.08737253546359018,1.8775510204081634,0.5669620499373829,1.0569495548214856,0.6568504610456554,0.06939293253047651
1.836734693877551,0.046406392873101554,-0.5091662302861952,0.08929682847619491,2.0408163265306123,0.5366195562739932,1.280957839214564,0.6284190643149394,0.06695027286356847
1.836734693877551,0.04397457781604053,-0.5485263905045533,0.09090227560844108,2.204081632653061,0.5068098160607166,1.4776926778347503,0.600373850251426,0.06344190534038763
1.836734693877551,0.041012742571340466,-0.5825074599045471,0.0922432888705397,2.36734693877551,0.47868422976158065,1.6502173703235146,0.5735550113115044,0.05916888032092871
1.836734693877551,0.03777644392752988,-0.6114644557285839,0.09336642180498478,2.5306122448979593,0.4529127563445014,1.8015894972195694,0.548460164695008,0.05449988831666719
1.836734693877551,0.03448606838276547,-0.635956918491758,0.09430973247437797,2.693877551020408,0.42977168982894465,1.9346742417090124,0.5271130872822138,0.04975287983557397
1.836734693877551,0.031298684415906664,-0.6566077263962695,0.09510402097840245,2.857142857142857,0.40926708271993284,2.0520455265328272,0.507436342750629,0.0451544567931772
1.836734693877551,0.028310169593676937,-0.6740185166973278,0.09577435464707865,3.020408163265306,0.39124556694708723,2.1559520407824873,0.48929130904186363,0.04084294127952326
1.836734693877551,0.02556888864529716,-0.6887284226006354,0.09634132326940434,3.183673469387755,0.37547553224107777,2.248323565064925,0.47263405506682193,0.036888108849612244
1.836734693877551,0.02309071992443079,-0.7012001100853261,0.09682195915259192,3.3469387755102042,0.3616992634219479,2.330798378544544,0.45737741111579794,0.033312867125532275
1.836734693877551,0.020871414597841698,-0.7118206097955645,0.09723040999749444,3.510204081632653,0.34966298087445924,2.4047591186092077,0.4434137740443332,0.03011108633664339
1.836734693877551,0.018895416565079204,-0.7209089998375162,0.09757842931672644,3.673469387755102,0.33913207629792785,2.4713697947303483,0.4306291739205766,0.02726032377397125
1.836734693877551,0.017141792651878207,-0.7287261911735394,0.09787580791267063,3.836734693877551,0.3298975602785707,2.531610253720445,0.41891166854176287,0.024730379250811563
1.836734693877551,0.015587762777659941,-0.7354848736217158,0.09813068316951097,4.0,0.3217772297098632,2.586306556983165,0.40815568387203877,0.022488388057883668
2.0816326530612246,0.17516259626084474,0.2582185507534978,0.24692876089664412,-4.0,0.4640924207054106,-21.18486878705612,0.5268331386147029,0.25270620897475604
2.0816326530612246,0.1824710077675935,0.2512310117273051,0.24322067523356933,-3.836734693877551,0.48036979019887543,-20.2872684796441,0.5415844104432839,0.26325001801231895
2.0816326530612246,0.18964198800105292,0.24414536069756912,0.23910555131534822,-3.673469387755102,0.4972247810835708,-19.39797473989846,0.5573048897713915,0.2735955556334435
2.0816326530612246,0.1965110067930369,0.23692608901075732,0.23444514883861084,-3.510204081632653,0.5146522088569659,-18.517970854379527,0.5733788258379123,0.283505454980411
2.0816326530612246,0.2028970430700492,0.22949689581096813,0.22903300384612296,-3.3469387755102042,0.5326746937329278,-17.64839165394308,0.5898019972309454,0.2927185578481941
2.0816326530612246,0.20860128390164379,0.22172149201139466,0.2225703931887899,-3.183673469387755,0.5513417297213831,-16.790570845129388,0.6065345341027081,0.30094803780797275
2.0816326530612246,0.21341340988484014,0.21339640993425188,0.21465955767167183,-3.020408163265306,0.5706744227438779,-15.946096570779082,0.6234358410840518,0.3078904681000627
2.0816326530612246,0.21714474316610866,0.20425488921069884,0.20481457313734147,-2.857142857142857,0.5905409912763997,-15.116856828355438,0.6401424473533628,0.31327364412085323
2.0816326530612246,0.21967332016413188,0.19400700145994373,0.1925460284769402,-2.693877551020408,0.610429977171952,-14.305029957725493,0.6559191737739651,0.3169216096164069
2.0816326530612246,0.22100832336167886,0.1824365188912996,0.17755766562643388,-2.5306122448979593,0.6291923619554192,-13.512943053968735,0.6695692384042985,0.31884761210907797
2.0816326530612246,0.2213540204331459,0.1695503650771805,0.16003992757009294,-2.36734693877551,0.6450105892305793,-12.74271996799973,0.6795873084409145,0.3193463475597338
2.0816326530612246,0.22111490835607772,0.1557010955722186,0.1408898403141345,-2.204081632653061,0.6559460734677127,-11.995739493499434,0.6892252749233075,0.31900138175193105
2.0816326530612246,0.22076445912713782,0.14154506968394706,0.12158395224459843,-2.0408163265306123,0.6609743830731556,-11.272130355165334,0.7018656752761319,0.3184957903872565
2.0816326530612246,0.22060233475701874,0.1277993522845572,0.1036598443055359,-1.8775510204081634,0.6606554358448423,-10.570642590076593,0.7076843842598316,0.3182618943624784
2.0816326530612246,0.22059296103680848,0.11496687371385009,0.08817549802625757,-1.7142857142857142,0.6567545418005295,-9.88901963049505,0.7083772817844033,0.31824837094281566
2.0816326530612246,0.22042575985496526,0.10322419924865207,0.07552604103946665,-1.5510204081632653,0.6512680582685507,-9.224628137608805,0.7060950148161026,0.3180071506269395
2.0816326530612246,0.21969974100089185,0.09248118264000835,0.06560317878873134,-1.3877551020408163,0.6457245926451268,-8.574999376306797,0.7026959805308373,0.316959726826576
2.0816326530612246,0.2180667372892462,0.08249888894374373,0.05805309619931618,-1.2244897959183674,0.6410259111348761,-7.938123916542527,0.6994625061286919,0.314603800470032
2.0816326530612246,0.2152807172289064,0.07298070367879592,0.05246743161488019,-1.0612244897959184,0.6375911469762037,-7.312535969456337,0.6971415252105893,0.31058442314516244
2.0816326530612246,0.21118728942438514,0.06361739058158425,0.048479070921560695,-0.8979591836734694,0.635553272396807,-6.697285278531013,0.6960942994051627,0.30467885515134263
2.0816326530612246,0.20569540889421734,0.0540983969326758,0.04579370291777842,-0.7346938775510204,0.6349038443434719,-6.091872297182175,0.6964361137053126,0.296755746345315
2.0816326530612246,0.19875327838833967,0.044104775508725644,0.04419008665475177,-0.5714285714285714,0.6355753156801381,-5.496185817610097,0.6981315582772415,0.2867403690912811
2.0816326530612246,0.1903352718754101,0.03329361128496142,0.043508800350594526,-0.40816326530612246,0.6374781289033583,-4.910457735825918,0.7010479637142337,0.27459575284090754
2.0816326530612246,0.18044065057030267,0.021279103695617762,0.04363846689261617,-0.24489795918367346,0.6405092964447492,-4.335237729886588,0.7061787472629093,0.26032083175255405
2.0816326530612246,0.16910381528914886,0.0076133028062938864,0.044502513408980995,-0.08163265306122448,0.6445424076672517,-3.771385866851286,0.7133877159115877,0.24396523571305861
2.0816326530612246,0.15641635548218757,-0.00823038802156637,0.04604682579332971,0.08163265306122448,0.6494033491426396,-3.220079277850307,0.7209469855690472,0.22566110036807663
2.0816326530612246,0.14256110563257174,-0.02686584325970547,0.04822767313835201,0.24489795918367346,0.6548329609738095,-2.6828276209447854,0.7283946895111283,0.2056722001197584
2.0816326530612246,0.12785602243397842,-0.04898626495285454,0.05099921677864905,0.40816326530612246,0.6604377922054848,-2.1614897669249724,0.7369681734095873,0.1844572495132888
2.0816326530612246,0.1127988371741846,-0.07532637420060959,0.0543005526936476,0.5714285714285714,0.6656340540824932,-1.6582802750957815,0.7451818798121749,0.16273432300923796
2.0816326530612246,0.09809035568138613,-0.10657824162374671,0.05804356979037715,0.7346938775510204,0.6695993228652058,-1.1757487038088086,0.7510904314854021,0.1415144697005708
2.0816326530612246,0.08459704364464793,-0.14324765892735067,0.062104777802958464,0.8979591836734694,0.6712616743936799,-0.716708902520017,0.7536402274354552,0.12204773534000113
2.0816326530612246,0.07320561775059331,-0.18545623183148272,0.06632581804083985,1.0612244897959184,0.6693708957940399,-0.2840930412174121,0.7517983673032989,0.10561338169399415
2.0816326530612246,0.06455601282879697,-0.2327330705160035,0.07052681087794821,1.2244897959183674,0.6626937209363175,0.11928650742537691,0.7447514991290272,0.09313463956766954
2.0816326530612246,0.0587465385425292,-0.2838876283760056,0.07453219309452519,1.3877551020408163,0.6503293642732777,0.4910572878822557,0.732133302011698,0.08475333982469957
2.0816326530612246,0.05522764772387423,-0.33707127218385324,0.0782011052375561,1.5510204081632653,0.6320493800355871,0.8296337730380494,0.7141918067542192,0.0796766534911959
2.0816326530612246,0.053035398131516365,-0.39007164814629647,0.08144916780556269,1.7142857142857142,0.6084870170354288,1.134494228630469,0.6917995518362349,0.07651390587591012
2.0816326530612246,0.051217114630434546,-0.440752179849296,0.08425190540053414,1.8775510204081634,0.5810369071486797,1.4062881338363367,0.6662741933445827,0.07389067728596954
2.0816326530612246,0.04914330695361735,-0.4874505009832573,0.08663097878596795,2.0408163265306123,0.5514925021470877,1.6467313190863861,0.6390821011526167,0.0708988052348678
2.0816326530612246,0.04657254119013876,-0.5291801363834219,0.08863334079017378,2.204081632653061,0.5216082498208464,1.8583314808314118,0.6115558043472591,0.06718997421661044
2.0816326530612246,0.04354481299708901,-0.5656087052750924,0.09031352177862625,2.36734693877551,0.49278220396835665,2.044043448507192,0.5847225883154246,0.06282188576733772
2.0816326530612246,0.04023288310218809,-0.5968953196550862,0.0917232868646188,2.5306122448979593,0.4659355062183854,2.206951621468684,0.5592609750453745,0.05804378093219231
2.0816326530612246,0.03683098331394441,-0.6234929618836529,0.09290761637371277,2.693877551020408,0.4415477446665954,2.350035180070046,0.5362420428766687,0.053135876978091634
2.0816326530612246,0.033498294438626175,-0.6459838581828239,0.09390421668037019,2.857142857142857,0.41976587348705063,2.4760266435720966,0.5161458454766968,0.04832782326484386
2.0816326530612246,0.030342718562890836,-0.6649697243470445,0.09474437119353958,3.020408163265306,0.40052216185277845,2.5873472776222366,0.49749964457894474,0.04377528959777255
2.0816326530612246,0.0274253853205626,-0.681011047585688,0.09545402872915956,3.183673469387755,0.38362984423445,2.6860946269176855,0.48030897872114103,0.03956646739644443
2.0816326530612246,0.024772230967320175,-0.6946005191309705,0.0960547550745603,3.3469387755102042,0.3688492755849245,2.774060133888387,0.4645181933760532,0.03573877476830889
2.0816326530612246,0.02238572982779452,-0.7061567064801253,0.09656449328120915,3.510204081632653,0.35592873923751656,2.8527610942245043,0.4500385774744441,0.0322957814092395
2.0816326530612246,0.02025424380177543,-0.716028106227388,0.09699816921595035,3.673469387755102,0.3446270781482039,2.9234771854813726,0.4367666576835274,0.02922069708977748
2.0816326530612246,0.018358635624364128,-0.724501551016971,0.0973681921226121,3.836734693877551,0.3347246355536761,2.9872862053600056,0.42459544802011606,0.026485912572757453
2.0816326530612246,0.016676570963403803,-0.7318117595698046,0.09768486585118161,4.0,0.32602721965353554,3.0450964714537267,0.4134209407970424,0.024059206227935448
2.326530612244898,0.19318922425096452,0.2463300802001193,0.24143116574724957,-4.0,0.4870964107659395,-20.789727692995402,0.5399518926096327,0.2787131357800523
2.326530612244898,0.20074816906186976,0.2394720134304301,0.2374925300300613,-3.836734693877551,0.5033581898845864,-19.901034220294772,0.5546205301392194,0.28961838797309847
2.326530612244898,0.20803275834241952,0.23251978826372205,0.23305804982124284,-3.673469387755102,0.5200342420617087,-19.021407565468916,0.5695316313044466,0.3001278288030602
2.326530612244898,0.21487580408718276,0.22539037829901504,0.22792770850880215,-3.510204081632653,0.5371604156175299,-18.151894385234375,0.584709400024721,0.31000025696360733
2.326530612244898,0.22110258702059427,0.21793699067649763,0.2218100452910306,-3.3469387755102042,0.5548129167812664,-17.293732204771604,0.6001505875830109,0.3189836058223321
2.326530612244898,0.2265450693030946,0.2099326080093674,0.21428483510626278,-3.183673469387755,0.5730736309264615,-16.44841525386928,0.6157674512587312,0.3268354480214213
2.326530612244898,0.2310677764974305,0.20108155140231831,0.20482945506737718,-3.020408163265306,0.591897348092432,-15.617758509971411,0.6312528780017561,0.3333603352620824
2.326530612244898,0.2346077221693441,0.19105412294045046,0.19287823527026898,-2.857142857142857,0.6108764070393928,-14.803915768329789,0.6459169612178711,0.3384673973279688
2.326530612244898,0.2372182044839133,0.17958975923798998,0.1780218874692858,-2.693877551020408,0.6289270288842801,-14.009268756189977,0.6585594232333835,0.34223352721752587
2.326530612244898,0.2390985603521647,0.16666871508425998,0.1603385879854116,-2.5306122448979593,0.6441682166606567,-13.236086165541826,0.6675878135908679,0.3449463073037582
2.326530612244898,0.24057284131164702,0.15266998221422912,0.14069136109552657,-2.36734693877551,0.6544387675422964,-12.485940711990823,0.6771506633405259,0.3470732451328806
2.326530612244898,0.24197667795196032,0.13834403791087696,0.12065369416236904,-2.204081632653061,0.6584770551757035,-11.759109455138992,0.688258007737962,0.34909855329207895
2.326530612244898,0.2434770991731352,0.1245310190536854,0.10194099372296697,-2.0408163265306123,0.6568014874140011,-11.054360778696989,0.6921484760374182,0.3512632035471124
2.326530612244898,0.24496520433579239,0.11182397741656144,0.08575792723489269,-1.8775510204081634,0.6513474914088435,-10.369322166357797,0.6907140919374366,0.35341008548559927
2.326530612244898,0.24612546167330263,0.10043144927248823,0.07255558512104283,-1.7142857142857142,0.6443252201861476,-9.701173120777959,0.6863338898063813,0.3550839829925807
2.326530612244898,0.24659764607226564,0.09025599540948334,0.062209831090426014,-1.5510204081632653,0.63739093500713,-9.047250703387409,0.6810151815397258,0.35576520108334897
2.326530612244898,0.2460923422329444,0.08104178788512637,0.054322310272015596,-1.3877551020408163,0.6314759063929708,-8.405372818575382,0.6760961855812081,0.3550362017402189
2.326530612244898,0.2444211344552929,0.07248470550338544,0.04843964158777621,-1.2244897959183674,0.6269725675558214,-7.773921562090995,0.6723229067354963,0.35262515856710586
2.326530612244898,0.2414768547693138,0.06428504065526708,0.0441591894687424,-1.0612244897959184,0.6239693716216225,-7.151801921921645,0.6700363474950899,0.3483774608651533
2.326530612244898,0.23720205450445042,0.05616096481026463,0.04116112764741146,-0.8979591836734694,0.6224166037376749,-6.538362254470649,0.6693359051989559,0.3422102277222443
2.326530612244898,0.23156363198441965,0.047842322933284054,0.039206448909405126,-0.7346938775510204,0.6222179996157828,-5.93331919183845,0.6701870816364902,0.33407570351415883
2.326530612244898,0.22453767183986706,0.03905628113490049,0.03812364095122682,-0.5714285714285714,0.6232726046643096,-5.33670182586465,0.6724816292179346,0.32393938565612945
2.326530612244898,0.21610356145572696,0.029509985864504373,0.03779392849817609,-0.40816326530612246,0.6254881639477979,-4.748817371572254,0.6760652267592446,0.3117715364306206
2.326530612244898,0.20624601875889326,0.018872177155650018,0.038138311394596294,-0.24489795918367346,0.6287784512423342,-4.170236143462175,0.6826400130764284,0.2975501084665475
2.326530612244898,0.19496473012754456,0.006754718790603742,0.03910674642810754,-0.08163265306122448,0.6330500336402953,-3.601792690471276,0.6903732111824699,0.2812746493032643
2.326530612244898,0.1822924978539644,-0.0073044838976589425,0.04066873870948764,0.08163265306122448,0.6381797104058009,-3.044599800694017,0.6986597399535389,0.2629924826451764
2.326530612244898,0.1683234264318083,-0.023853933935995376,0.0428042869183334,0.24489795918367346,0.6439816464484354,-2.50007156947339,0.707119619178717,0.24283937257860844
2.326530612244898,0.15325185492646187,-0.043529995428821876,0.04549417080922957,0.40816326530612246,0.650162911739308,-1.9699500966513537,0.7160553955113502,0.22109569110944172
2.326530612244898,0.13741893217453094,-0.0670366066982468,0.04870895570786873,0.5714285714285714,0.65626856806507,-1.4563270862751008,0.7258725478212121,0.1982536119724525
2.326530612244898,0.12135485144647995,-0.09508800901539219,0.052396994639857655,0.7346938775510204,0.6616243753441104,-0.9616463696519997,0.7340179157396843,0.17507804236965363
2.326530612244898,0.1057899125227324,-0.12829817530942078,0.05647330724277759,0.8979591836734694,0.6652982898501285,-0.48866672894776986,0.7394943806458427,0.15262258217262303
2.326530612244898,0.09159204132873922,-0.16701004418984086,0.06081327483697567,1.0612244897959184,0.6661193961909438,-0.04035901741587407,0.7412328248651577,0.13213938380986834
2.326530612244898,0.07959147575052827,-0.21108588249507682,0.06525642330518786,1.2244897959183674,0.6628033217996411,0.3802864747192822,0.7382533829301664,0.11482622736232129
2.326530612244898,0.0703080486439498,-0.2597263818590539,0.06962396987632573,1.3877551020408163,0.6542123168375253,0.7705484135717315,0.7298883428354025,0.1014330731132067
2.326530612244898,0.06370957842027569,-0.31142443962772726,0.07374777276077364,1.5510204081632653,0.6397051660865853,1.1283255222492314,0.7160004383789764,0.09191349284405836
2.326530612244898,0.05919830932256165,-0.3641397318841665,0.0775002985616996,1.7142857142857142,0.6194324076206094,1.4524685689227588,0.6970933033815195,0.08540510728867057
2.326530612244898,0.05588697154064359,-0.41567608271678075,0.08081216563047917,1.8775510204081634,0.5943987947640741,1.7429857178425745,0.6742363553400637,0.08062785669198869
2.326530612244898,0.05297287081042179,-0.4641156295865015,0.08367048554640044,2.0408163265306123,0.5662245060942117,2.001043725216755,0.6488208020093593,0.07642369801984739
2.326530612244898,0.0499636300498294,-0.5081261740983614,0.08610269944112972,2.204081632653061,0.5367224460570019,2.2287667733975747,0.6222573925548363,0.07208228129769978
2.326530612244898,0.046689490379347776,-0.5470478682846223,0.08815676690351168,2.36734693877551,0.5075025384539626,2.4289120017995756,0.5957403034159094,0.06735869623191792
2.326530612244898,0.04319403239260122,-0.5807941766297264,0.08988599010362948,2.5306122448979593,0.47974732272726434,2.604527214492955,0.5701367469279254,0.062315816328802676
2.326530612244898,0.03961132343206186,-0.6096678049313187,0.09134069835920662,2.693877551020408,0.45417193907334175,2.758669349155841,0.5459870949655409,0.05714705987848445
2.326530612244898,0.036082750202152125,-0.634179540498014,0.09256509675847632,2.857142857142857,0.43110008275018286,2.8942151773944835,0.5250105834016693,0.052056404778279664
2.326530612244898,0.03271837214012985,-0.6549129100737983,0.09359682662006534,3.020408163265306,0.41057962898406697,3.0137589290739792,0.5059260776578329,0.04720263323252505
2.326530612244898,0.029587911123827082,-0.6724407743230633,0.0944675586696118,3.183673469387755,0.3924901444131893,3.119574730155551,0.48823445177310537,0.04268633264860888
2.326530612244898,0.026725919343857596,-0.6872827554374387,0.09520381970138317,3.3469387755102042,0.37662388822834847,3.2136199041144633,0.47192169429272113,0.038557351300581466
2.326530612244898,0.02414125706807213,-0.6998891393698121,0.09582777379274007,3.510204081632653,0.3627393225529846,3.297560181761135,0.45692530796594755,0.03482847185293325
2.326530612244898,0.02182616568586382,-0.7106396411153313,0.09635790298675546,3.673469387755102,0.35059296290869124,3.372804163420765,0.44315735021297015,0.0314885009966166
2.326530612244898,0.019763327210102544,-0.719849363117603,0.09680958719047013,3.836734693877551,0.33995636783817523,3.440539572899207,0.4305192465292094,0.02851245415748105
2.326530612244898,0.017930777867202874,-0.7277774690456356,0.09719560160251886,4.0,0.3306238158899427,3.501767411639533,0.4189108201768499,0.025868644308295163
2.5714285714285716,0.2116102725922986,0.2350303905403394,0.23576102892327794,-4.0,0.5095679535618878,-20.40694591300425,0.5518580635988359,0.30528909087007117
2.5714285714285716,0.21924983993468627,0.22835617290904633,0.23153201085213934,-3.836734693877551,0.5255124737636852,-19.52797669998639,0.5656423671783964,0.3163106567894709
2.5714285714285716,0.22648134581279922,0.2215290307624163,0.2266593750914841,-3.673469387755102,0.5417791267128114,-18.65884939899163,0.5796234345581047,0.3267435144579838
2.5714285714285716,0.23315980073464115,0.21438088449408294,0.22083965900953578,-3.510204081632653,0.5584783177555249,-17.800717798107023,0.5938353068038243,0.336378488254526
2.5714285714285716,0.2391586709697655,0.20666419459025392,0.21364698498660917,-3.3469387755102042,0.5757393551324792,-16.954998134421313,0.6082288715738935,0.3450330285936758
2.5714285714285716,0.24440051682653086,0.19804963614441354,0.20451294247700053,-3.183673469387755,0.5935956628664385,-16.123450262894412,0.6225414552632675,0.3525954136163363
2.5714285714285716,0.24888914946462037,0.18816446994301866,0.19279844700576046,-3.020408163265306,0.6117236326247084,-15.30822170807135,0.6361084863166376,0.35907114166368004
2.5714285714285716,0.2527335255862966,0.1767013264924024,0.17798521059984734,-2.857142857142857,0.6290792648639794,-14.511764360942168,0.6477029723847827,0.3646174040297341
2.5714285714285716,0.25613558105922074,0.1636165932413025,0.16004883059985794,-2.693877551020408,0.643689007586345,-13.736499856216861,0.6556264596702995,0.3695255325893503
2.5714285714285716,0.25932918201088184,0.1493287528944966,0.13983821017067632,-2.5306122448979593,0.653149941869935,-12.984188591844294,0.6654295550868878,0.37413292484489036
2.5714285714285716,0.2624820510292125,0.134703502751313,0.11905128443196353,-2.36734693877551,0.6559839477891802,-12.255229752064093,0.6747261496068654,0.37868155334220877
2.5714285714285716,0.2655971034346172,0.12071890737365565,0.09959861611928744,-2.204081632653061,0.6527384731780901,-11.548369561098532,0.6764201871836266,0.38317562399959515
2.5714285714285716,0.26848006454330964,0.10805465662379468,0.08282373750442233,-2.0408163265306123,0.6455934404610468,-10.861084243535565,0.6726737148569184,0.3873348576941811
2.5714285714285716,0.270818540308146,0.09693363205207088,0.06920877837936175,-1.8775510204081634,0.6370010282787402,-10.190353834061016,0.6661201808318895,0.3907085650833504
2.5714285714285716,0.27230908572758916,0.08723107063911217,0.05858992661191784,-1.7142857142857142,0.6287287746617789,-9.533334793661107,0.6588963474403529,0.3928589675682006
2.5714285714285716,0.27273524155828066,0.07865805959276233,0.05051066159499453,-1.5510204081632653,0.6217055697145307,-8.887704129685215,0.6523579828888177,0.3934737804717856
2.5714285714285716,0.2719757699513812,0.07089021649134811,0.044468288398748015,-1.3877551020408163,0.6162696164048149,-8.251733266259732,0.6472124604138061,0.3923780945508155
2.5714285714285716,0.2699770615210715,0.063625193554576,0.040025649018449315,-1.2244897959183674,0.6124463202028548,-7.624228823276488,0.6437494044676839,0.3894945678102242
2.5714285714285716,0.26672118856605054,0.05659561982550878,0.03684038876842603,-1.0612244897959184,0.6101323442190071,-7.0044371447552125,0.6420261233487938,0.38479733604425137
2.5714285714285716,0.26220234457600755,0.04956187992762884,0.03465874579040042,-0.8979591836734694,0.6091919527580798,-6.391957172742021,0.6419838154119282,0.3782780222292659
2.5714285714285716,0.2564129708541527,0.04229786908767175,0.033299020441355756,-0.7346938775510204,0.6094991056862105,-5.786675411709113,0.6435105531704536,0.3699257214708922
2.5714285714285716,0.24933735802283485,0.03457501708200632,0.03263497618777169,-0.5714285714285714,0.6109511342431364,-5.188723753666306,0.6464706124338528,0.3597177699278995
2.5714285714285716,0.24095062199724904,0.02614606332596523,0.03258222083545583,-0.40816326530612246,0.6134684191896028,-4.598457056329356,0.6512678263507259,0.3476182674545423
2.5714285714285716,0.23122207672540185,0.016728651034226626,0.03308775011662264,-0.24489795918367346,0.6169866243361081,-4.016447039797808,0.6585241980849323,0.3335829434357849
2.5714285714285716,0.2201232282690484,0.005988638649419453,0.0341218806697126,-0.08163265306122448,0.621443483382159,-3.443489704884738,0.6666985527538958,0.31757068980822556
2.5714285714285716,0.20764167092601582,-0.006476351347815523,0.03567155208078683,0.08163265306122448,0.6267595572055452,-2.8806239989198845,0.6755657712406397,0.2995636089268614
2.5714285714285716,0.193802935313224,-0.021151202545917357,0.037733942836286706,0.24489795918367346,0.6328109120351237,-2.3291593482283006,0.6848241459627095,0.27959853368611265
2.5714285714285716,0.178702392513725,-0.03861096740830874,0.04030937936356125,0.40816326530612246,0.6393911758994497,-1.7907085337065725,0.6940676202179902,0.25781305547454414
2.5714285714285716,0.16254762556002778,-0.05951371752384362,0.0433926734867615,0.5714285714285714,0.6461615897393069,-1.2672197370671432,0.7050418288145621,0.2345066533037281
2.5714285714285716,0.14570641815661145,-0.08456564146048622,0.04696250194518472,0.7346938775510204,0.6525921058216712,-0.7609969673802296,0.7150117370742723,0.21020992690023732
2.5714285714285716,0.1287446374149741,-0.11444179033938955,0.05096953603846639,0.8979591836734694,0.6579065700538314,-0.2746914731283377,0.7229837765181888,0.1857392499396311
2.5714285714285716,0.11242229630002298,-0.1496484887418046,0.055325915173734065,1.0612244897959184,0.6610615128643283,0.1887603890813014,0.7279211827045249,0.16219108935739257
2.5714285714285716,0.09760430209766091,-0.19033077954717054,0.059900881407411385,1.2244897959183674,0.6608055846989768,0.6262805452820264,0.7287626925073947,0.1408132426057236
2.5714285714285716,0.0850592465916411,-0.23606636466895287,0.06452826837730212,1.3877551020408163,0.6558667170699484,1.0348925769891981,0.7246154682127751,0.12271455323951219
2.5714285714285716,0.07519280279109752,-0.28573519426337646,0.06902852193408296,1.5510204081632653,0.6452688856609544,1.4120541253729355,0.7149904962933863,0.10848028369725826
2.5714285714285716,0.06786693796481513,-0.33757057737958746,0.07324029765618359,1.7142857142857142,0.6286847048745352,1.756018965659946,0.6999913840872807,0.09791129484215766
2.5714285714285716,0.0624647591024976,-0.38943628013426207,0.07704894869379986,1.8775510204081634,0.6066459822289224,2.0661261839843146,0.6803526195784904,0.09011759818749754
2.5714285714285716,0.05818429239431877,-0.43924676568161447,0.08039916551996333,2.0408163265306123,0.5804664269699165,2.342914165006833,0.6572851044194764,0.08394219009491755
2.5714285714285716,0.05435385289050232,-0.48535312206272685,0.08328857082655053,2.204081632653061,0.5518961798625954,2.5880174437182033,0.6321938875563967,0.07841603401833597
2.5714285714285716,0.05058554439032892,-0.5267454712436382,0.08574989697387199,2.36734693877551,0.5226889984654572,2.803891406399215,0.6063964351151638,0.07297951403259617
2.5714285714285716,0.04675409369373096,-0.5630434607194494,0.0878324311658754,2.5306122448979593,0.49427695497960344,2.9934653212497593,0.5809414987606392,0.0674518991132036
2.5714285714285716,0.04289469185232231,-0.5943496629727645,0.08958899107989375,2.693877551020408,0.4676345632091007,3.1598210420332333,0.5565512054298716,0.06188395921580536
2.5714285714285716,0.03910432871143654,-0.6210644884482972,0.09106913851740675,2.857142857142857,0.4432989254712988,3.3059530978514045,0.5339586279114474,0.056415621109281666
2.5714285714285716,0.035480240080524084,-0.6437280002184476,0.09231664264829334,3.020408163265306,0.42146836484117706,3.4346215300510385,0.5145260236694856,0.05118716641372156
2.5714285714285716,0.03209348990662453,-0.6629115435241144,0.09336908884230413,3.183673469387755,0.4021157683927147,3.548281971953005,0.4963852934473907,0.046301118733107494
2.5714285714285716,0.028984207707347442,-0.6791555838657951,0.09425832687244055,3.3469387755102042,0.3850837338125386,3.6490689174179085,0.47957601389043886,0.04181537272348601
2.5714285714285716,0.026166561568445212,-0.6929407080559101,0.09501115362444132,3.510204081632653,0.3701523320453986,3.7388103469727736,0.464070845259312,0.03775036861191161
2.5714285714285716,0.023636349999482276,-0.704678911961408,0.0956500074484358,3.673469387755102,0.35708218622950516,3.819057840517758,0.4498037484066129,0.03410004492896901
2.5714285714285716,0.021377965817441114,-0.7147157219566017,0.09619360913833411,3.836734693877551,0.34563925880555374,3.8911221477938445,0.4366889626745054,0.03084188526911591
2.5714285714285716,0.01936969200894101,-0.7233372636306755,0.09665753124625927,4.0,0.33560749247147925,3.956108575141027,0.42463306374540843,0.027944558604846126
2.816326530612245,0.22926323291499973,0.2243260282379808,0.2299130822192831,-4.0,0.5303806016670202,-20.03722814330605,0.5617692997178964,0.3307569291846413
2.816326530612245,0.23769060180313395,0.21792075783252832,0.2252646452799935,-3.836734693877551,0.5464449516528374,-19.169016427625866,0.5745375010010624,0.3429150524872946
2.816326530612245,0.2447589087668749,0.21105947596346092,0.21971025428549754,-3.673469387755102,0.5622472888832986,-18.311235649422116,0.5875824496842673,0.3531124638913643
2.816326530612245,0.2512578159407972,0.20358582267590036,0.21278636237475265,-3.510204081632653,0.5785880024923514,-17.465494421577315,0.6008169655683,0.36248840504238
2.816326530612245,0.2571572495306689,0.19515823496454848,0.20390885996094768,-3.3469387755102042,0.5955587508870861,-16.633517601071667,0.6140149332672239,0.3709994886265422
2.816326530612245,0.26255077744519784,0.18533345067774337,0.192339577507288,-3.183673469387755,0.6129072474539085,-15.817467465358858,0.6265069932019433,0.3787807046017284
2.816326530612245,0.26760756282638654,0.1737623592345761,0.1774600052450806,-3.020408163265306,0.6295960936777031,-15.01988707339153,0.6370143463319998,0.38607610379400903
2.816326530612245,0.27253372199381265,0.1603828367356303,0.15915509337447584,-2.857142857142857,0.6435162685181798,-14.243363776127188,0.6437075432555704,0.3931830491954855
2.816326530612245,0.2774536370870282,0.14567239084919087,0.13828949664970175,-2.693877551020408,0.6519932432748551,-13.489838112959012,0.6539938700375276,0.40028098630206177
2.816326530612245,0.28233057375048554,0.13064011731535602,0.11672571431230216,-2.5306122448979593,0.653365117414078,-12.759793934563966,0.6611626751911344,0.40731691864116115
2.816326530612245,0.28697652830748344,0.11641736656379112,0.09658966064010628,-2.36734693877551,0.6483096198436028,-12.051897940788441,0.6603782345472824,0.4140196142407375
2.816326530612245,0.2911129182477086,0.10376026342274129,0.07934640836655252,-2.204081632653061,0.6393422179423867,-11.363427212274702,0.6541588869183786,0.41998716349468346
2.816326530612245,0.294449955009793,0.09288153754416517,0.06547272799594708,-2.0408163265306123,0.6291758124080628,-10.691146009006772,0.6454086032720386,0.4248014898826069
2.816326530612245,0.29676137842306693,0.0836069997783836,0.05473567878256893,-1.8775510204081634,0.6196546986628586,-10.032044665284571,0.6363578219950022,0.4281361689783316
2.816326530612245,0.29791657295706053,0.07560075375167878,0.04660668894055655,-1.7142857142857142,0.6116618928634157,-9.383691632649825,0.6283317707242542,0.42980276240378634
2.816326530612245,0.2978668980339916,0.06850996698677232,0.04053135277026236,-1.5510204081632653,0.6054507167480019,-8.744286798580996,0.6219602785806534,0.4297310966386183
2.816326530612245,0.2966133253850525,0.06202308159317036,0.03604105918542007,-1.3877551020408163,0.6009671284024714,-8.112579216540276,0.6174550693065882,0.42792257359459906
2.816326530612245,0.29417708721233193,0.055879259478609986,0.03277561692678892,-1.2244897959183674,0.5980466788905991,-7.4877548672278245,0.6148130825920325,0.424407824864391
2.816326530612245,0.2905802321741706,0.049858337685607546,0.030471037300116355,-1.0612244897959184,0.5965102879306449,-6.869338735519459,0.6139361129442403,0.4192186599380392
2.816326530612245,0.2858349854719018,0.04376553971253143,0.02893909064673459,-0.8979591836734694,0.596202627397328,-6.2571224983176705,0.6146925103691345,0.41237271605288184
2.816326530612245,0.27993898088992664,0.03741607723612643,0.028048528261889017,-0.7346938775510204,0.597002914328775,-5.651116527730071,0.6169449820737247,0.40386657948140714
2.816326530612245,0.2728740586305207,0.030620723807333806,0.027710448912309938,-0.5714285714285714,0.5988237250131215,-5.051521810298329,0.6205598378447906,0.3936740511734964
2.816326530612245,0.26460741161173673,0.023171990083411375,0.027867621668003717,-0.40816326530612246,0.6016047855595379,-4.458717677790543,0.6266642713061009,0.3817478005147166
2.816326530612245,0.25509482974723885,0.01483020000537183,0.028486846778626385,-0.24489795918367346,0.6053041398914561,-3.873262373583362,0.6342288030065945,0.36802404583275594
2.816326530612245,0.24428660886681874,0.005308942033391451,0.02955336076831048,-0.08163265306122448,0.6098867241066995,-3.295904523436432,0.642745997663293,0.35243107916774097
2.816326530612245,0.2321374488899679,-0.005740086812568168,0.031066364737016294,0.08163265306122448,0.6153089848978426,-2.7276042254910573,0.6520448638168478,0.3349035463181713
2.816326530612245,0.21862238528288036,-0.018741782046362964,0.03303480321199337,0.24489795918367346,0.621497206023448,-2.1695625403696646,0.6618945119007943,0.3154054310749279
2.816326530612245,0.20376128461187748,-0.03420896774155997,0.03547251407502174,0.40816326530612246,0.6283165885754765,-1.623257397150348,0.6719775825570895,0.29396539483472006
2.816326530612245,0.18765406561555276,-0.05274443915927729,0.038391864171867705,0.5714285714285714,0.6355283611384154,-1.090481928064923,0.6831015788727798,0.2707275898662096
2.816326530612245,0.17052624909797975,-0.07502347302185315,0.04179513472172878,0.7346938775510204,0.6427345529993459,-0.5733774671917954,0.6944831479778455,0.24601737391505152
2.816326530612245,0.1527776000522454,-0.10174185341812092,0.04566350405208188,0.8979591836734694,0.6493167520435363,-0.0744474905976178,0.7044869235520229,0.22041148595429183
2.816326530612245,0.13501377163153894,-0.13351263664765042,0.04994483808852068,1.0612244897959184,0.6543885269526356,0.40346888853927304,0.7121619032596341,0.19478369878453572
2.816326530612245,0.11802459505278873,-0.17070290822809212,0.054543741717729466,1.2244897959183674,0.6568003149468602,0.8572918414780952,0.7164458073715265,0.17027349798558689
2.816326530612245,0.10266704129651716,-0.21322841531468054,0.059319624589013784,1.3877551020408163,0.6552494730445708,1.283890985205513,0.7163114048656334,0.148117231341228
2.816326530612245,0.08964355725015438,-0.26036960978228896,0.06409859316520358,1.5510204081632653,0.6485312793243102,1.6803790139686934,0.7109858878533357,0.1293283154924434
2.816326530612245,0.07925300088695297,-0.31071263444438724,0.06870013367741364,1.7142857142857142,0.6358944085271858,2.044475579592764,0.7001831735081302,0.11433791135517568
2.816326530612245,0.07127409451222255,-0.36230317632279413,0.07297053749058717,1.8775510204081634,0.6173591298907309,2.374856274065894,0.6842441153893326,0.10282678269663448
2.816326530612245,0.06509220320822107,-0.4130021410587975,0.07680861698464196,2.0408163265306123,0.5938130105887319,2.6713742804379668,0.6640960859297389,0.09390819876903711
2.816326530612245,0.05999086676052867,-0.46090654662399927,0.08017285634024925,2.204081632653061,0.5668013740874572,2.935073384208254,0.6410348566261986,0.08654852597404528
2.816326530612245,0.05540795334969828,-0.5046579535153921,0.08307072810698424,2.36734693877551,0.5381173634496056,3.167992703631495,0.6164311128621548,0.07993677952341693
2.816326530612245,0.05103245675066437,-0.5435425683027935,0.08553991134520056,2.5306122448979593,0.5093996668071499,3.3728424437384024,0.5914869722117175,0.07362427227856427
2.816326530612245,0.04676453015880244,-0.5774099331590574,0.08763117213418023,2.693877551020408,0.4818894108871149,3.5526572315219473,0.5671094700427013,0.06746695574960748
2.816326530612245,0.04262504544961576,-0.6065031575588409,0.08939721545621353,2.857142857142857,0.45636991279564737,3.710507265352477,0.5438938411562257,0.061494941687827875
2.816326530612245,0.038677698470794164,-0.6312853864193112,0.0908871174689068,3.020408163265306,0.4332280360574532,3.8493006753023074,0.5232372099572555,0.05580012377681376
2.816326530612245,0.03498357272178487,-0.6523062451423843,0.09214427499313496,3.183673469387755,0.41256260225109365,3.9716734339099147,0.5047236171421676,0.05047062687829795
2.816326530612245,0.03158298118074376,-0.6701168104975934,0.0932060883570783,3.3469387755102042,0.39429037562301583,4.079945666531697,0.48746041070199925,0.04556461032594816
2.816326530612245,0.028493129639296733,-0.6852241601094127,0.09410434642697355,3.510204081632653,0.3782286618937801,4.176120670952412,0.4714660982982712,0.04110689683001967
2.816326530612245,0.025712517736856233,-0.6980724161832642,0.09486583958351971,3.673469387755102,0.364151541322307,4.261907491871236,0.4567044255946068,0.03709532182773234
2.816326530612245,0.023226922757477064,-0.7090392085432626,0.09551301236303167,3.836734693877551,0.3518244267502507,4.338754004577158,0.4431080090326097,0.03350936627732315
2.816326530612245,0.021014710521807478,-0.7184399506394666,0.09606458823307625,4.0,0.3410233000826418,4.407882647089791,0.430594098500499,0.03031781865552885
3.061224489795918,0.24849398003548662,0.2145688795978839,0.22378814531330873,-4.0,0.5510837041759574,-19.6821852331498,0.5694426663962795,0.3585010326879572
3.061224489795918,0.2558995172173557,0.20796939519564556,0.21845835505693226,-3.836734693877551,0.5660506236026762,-18.825031484855305,0.5813894481551851,0.36918496445535887
3.061224489795918,0.2628393606315875,0.2007133110875515,0.2117634838508938,-3.673469387755102,0.5815466955940111,-17.979601601807172,0.5935420246018486,0.3791970421336175
3.061224489795918,0.2693665185812337,0.19239498377589404,0.20305186596240574,-3.510204081632653,0.5977248479530634,-17.14760523862613,0.6056785085301681,0.38861374053867026
3.061224489795918,0.27564292378954236,0.18254217060998337,0.1915249586453147,-3.3469387755102042,0.6143740204723857,-16.331245941533766,0.6171184246750507,0.3976686792073081
3.061224489795918,0.281914858082567,0.1707457100907053,0.17644843582780534,-3.183673469387755,0.6304288711588089,-15.533183596752746,0.626492471625973,0.4067171677086354
3.061224489795918,0.2883859786211398,0.1569345626326913,0.15763284626068333,-3.020408163265306,0.6435860332451916,-14.756188095039981,0.6318096929157107,0.4160530212186293
3.061224489795918,0.2950385471800294,0.1416733117774041,0.13600084689314546,-2.857142857142857,0.65086179154098,-14.002369073558318,0.6427405178372183,0.425650648887713
3.061224489795918,0.3015876028020792,0.12615038996249028,0.1136332159181038,-2.693877551020408,0.650466034416219,-13.272243044127729,0.6474250064928669,0.43509893895615015
3.061224489795918,0.30763716638395366,0.11166314082478446,0.0928901722292577,-2.5306122448979593,0.6433464449989498,-12.564321920665668,0.6438808816867342,0.44382661433526316
3.061224489795918,0.31284393182880876,0.09902305600159314,0.07532612900646352,-2.36734693877551,0.6324543807493921,-11.875626718636884,0.6350725688399232,0.45133838902162715
3.061224489795918,0.3169724991143714,0.08839994683703009,0.06136341548665518,-2.204081632653061,0.6207598181031685,-11.202691430451356,0.6241685827641159,0.45729465257048485
3.061224489795918,0.3198965690641695,0.07954685365753536,0.0506671079598793,-2.0408163265306123,0.6101254472419209,-10.542360326043095,0.6134353371719632,0.4615131937862711
3.061224489795918,0.3215810017733127,0.07207017254337267,0.04262492265721929,-1.8775510204081634,0.6013343161425284,-9.892128935380883,0.604109949144237,0.4639433165024629
3.061224489795918,0.3220504911112487,0.06558493061603565,0.03663161339009251,-1.7142857142857142,0.5945237546172495,-9.250163965897952,0.5967063862821135,0.4646206464420537
3.061224489795918,0.3213572575380874,0.05976839467742547,0.032192606693438486,-1.5510204081632653,0.5895475135578179,-8.615193368554602,0.5913373568081839,0.4636205218038767
3.061224489795918,0.31955739772534786,0.05436304834241081,0.02893598906418382,-1.3877551020408163,0.5861771055056766,-7.986377381209473,0.5879282878847256,0.4610238729777416
3.061224489795918,0.31669722087013885,0.04916230142636213,0.026592881588494488,-1.2244897959183674,0.5841909970893254,-7.363201606385458,0.5863343844936753,0.456897510012666
3.061224489795918,0.3128068187438968,0.04399337084585646,0.024972810516216602,-1.0612244897959184,0.5834058264764509,-6.745399623784266,0.5863970803784329,0.4512848461580736
3.061224489795918,0.3078978247794224,0.038701828295259255,0.023942808164896225,-0.8979591836734694,0.5836822029274161,-6.13290134251061,0.5879676813270784,0.4442026649097719
3.061224489795918,0.30196328845089604,0.033138354919689396,0.023411806872746976,-0.7346938775510204,0.5849208803236733,-5.525801308157551,0.590914434969969,0.4356409387786315
3.061224489795918,0.2949785772494651,0.027146994496165998,0.023319618068156543,-0.5714285714285714,0.5870559712331298,-4.9243421357001855,0.5955456064174661,0.4255641305662854
3.061224489795918,0.28690294322237864,0.020553957585696427,0.023629346460509203,-0.40816326530612246,0.5900475009077786,-4.3289097340104306,0.6022946972707007,0.41391345340337393
3.061224489795918,0.27768192325452756,0.01315612448737984,0.02432219868890555,-0.24489795918367346,0.5938735707758848,-3.740038288559287,0.6100955105442173,0.40061033362381737
3.061224489795918,0.26725121253422146,0.004708627758415229,0.025393844706513825,-0.08163265306122448,0.5985213562198018,-3.158423916885059,0.6188513692591262,0.3855619989946839
3.061224489795918,0.2555431664442571,-0.0050887118553274435,0.026851632481149034,0.08163265306122448,0.6039754407443894,-2.5849464834019145,0.6284383922037066,0.36867085896219276
3.061224489795918,0.24249769880580496,-0.016605613584691436,0.028712005948948117,0.24489795918367346,0.6102013027085273,-2.0206991984402896,0.6386869799028058,0.3498502274941204
3.061224489795918,0.228079988097732,-0.030294447634229636,0.03099743590275512,0.40816326530612246,0.6171210986440918,-1.4670251585144016,0.6493581039911419,0.3290498677546121
3.061224489795918,0.21230775205106678,-0.04669818387081959,0.03373207811270942,0.5714285714285714,0.6245785364662534,-0.9255585694905943,0.6604534921679504,0.3062953410263578
3.061224489795918,0.19529006217544587,-0.06644556570460762,0.03693531592624373,0.7346938775510204,0.6322904831151678,-0.3982655051868421,0.6728557727567176,0.28174400423541357
3.061224489795918,0.1772760975106038,-0.09022118641471011,0.04061252951315027,0.8979591836734694,0.6397867850551723,0.11252590488812275,0.6844267006879958,0.2557553467466964
3.061224489795918,0.15870359651498966,-0.11869400782714737,0.044743207333339384,1.0612244897959184,0.6463492327868607,0.6041231938783811,0.6943359762084974,0.2289608916634185
3.061224489795918,0.14022202805855244,-0.15238914183794797,0.04926825370558259,1.2244897959183674,0.6509774723843531,1.0735207064718193,0.7015864256793969,0.2022976245034669
3.061224489795918,0.1226502022500362,-0.1915028752831176,0.054080980814260785,1.3877551020408163,0.6524297169713689,1.5175342746264753,0.7051079055737123,0.17694683855015558
3.061224489795918,0.106831251249899,-0.23569702673367274,0.05902843850747199,1.5510204081632653,0.6493913346057504,1.9330416124821237,0.7039355240556199,0.15412491639019255
3.061224489795918,0.09339727997203817,-0.283956951214558,0.06392847513358406,1.7142857142857142,0.640784486094004,2.317320628219838,0.6974461541674422,0.1347437926481776
3.061224489795918,0.08254824188883858,-0.33461922162597724,0.06860093479825446,1.8775510204081634,0.6261356703909097,2.668426925904124,0.6855699909104382,0.11909193920713035
3.061224489795918,0.07399912421686472,-0.3856214018545768,0.07290162888334109,2.0408163265306123,0.605823028623077,2.985504669994127,0.6688675240803192,0.10675816953779727
3.061224489795918,0.06715174800089185,-0.4349035773377379,0.0767438733666405,2.204081632653061,0.5810420468078383,3.2689224025382715,0.6484134978225173,0.09687949382791228
3.061224489795918,0.06136971782151224,-0.48079283276236123,0.08009981730324833,2.36734693877551,0.553488024403578,3.5201858700976634,0.6255366469679272,0.08853778756185093
3.061224489795918,0.056179578374540906,-0.5222200645584054,0.08298615717043534,2.5306122448979593,0.5249250370787086,3.7416696073776357,0.6015381933844884,0.08104999912018274
3.061224489795918,0.051325418665269185,-0.5587314043050093,0.0854450932756553,2.693877551020408,0.49684160066397914,3.936267982883039,0.5774954951038802,0.07404692697993376
3.061224489795918,0.04672024234494576,-0.5903594099471278,0.0875288013026246,2.857142857142857,0.4702890236883973,4.10706573864513,0.5541841401037971,0.06740306194018375
3.061224489795918,0.04236851922922935,-0.6174480272179277,0.08928996015678362,3.020408163265306,0.44588063267412403,4.257087233562816,0.532091098759947,0.06112485258181799
3.061224489795918,0.038305234576533786,-0.6404972065357013,0.09077719808752019,3.183673469387755,0.42387865219640625,4.389138668204454,0.5131956206769464,0.055262771963654256
3.061224489795918,0.03456226827747466,-0.6600528768475755,0.09203345538809812,3.3469387755102042,0.40430375424147613,4.505729486460358,0.49554280188638417,0.04986281304578677
3.061224489795918,0.031155788031566045,-0.6766413607846988,0.09309576449014367,3.510204081632653,0.3870312110771151,4.60904944896384,0.47909413560667957,0.04494830088812796
3.061224489795918,0.02808524689535008,-0.6907368627482446,0.09399562383756091,3.673469387755102,0.37186167840204104,4.700979355909074,0.46385268635951926,0.04051844641806346
3.061224489795918,0.025337087683399817,-0.7027498876387253,0.0947595841789072,3.836734693877551,0.35856759966710383,4.7831190376010975,0.44977640245678646,0.03655369075140946
3.061224489795918,0.02288939785528199,-0.7130272954873139,0.09540988478972987,4.0,0.34692084520069305,4.8568220322837385,0.43679800436355143,0.033022420774749595
3.306122448979592,0.26658793708306683,0.20510008748946604,0.21711337460516056,-4.0,0.5698362935950111,-19.341883572663264,0.575261164953313,0.3846050947905595
3.306122448979592,0.27393751973110025,0.19800819945218534,0.21059014771051068,-3.836734693877551,0.5845657997732986,-18.49705718298619,0.5863991681822586,0.3952083012294807
3.306122448979592,0.2810692148103804,0.18973708422180818,0.2019660205619065,-3.673469387755102,0.6000475607123824,-17.665410211888723,0.5975351037011398,0.40549716235348976
3.306122448979592,0.2882309337531388,0.17975798507930682,0.19036458884768762,-3.510204081632653,0.6160835900645025,-16.849215934931724,0.607940900296237,0.4158293387564487
3.306122448979592,0.29574802823470825,0.16760817799363575,0.17493930225900758,-3.3469387755102042,0.6315320377861718,-16.051282805143877,0.6161184773695336,0.4266742136869026
3.306122448979592,0.30380383457014637,0.15322074783874434,0.15544534403177718,-3.183673469387755,0.6438221569714362,-15.274582923301347,0.6198823274452805,0.43829628553740063
3.306122448979592,0.3121882904544331,0.13728794041157014,0.13292340800151728,-3.020408163265306,0.6496205692174901,-14.521376626260102,0.6315257519341154,0.45039249846221363
3.306122448979592,0.32031938252458647,0.12122091146248334,0.10973967613240139,-2.857142857142857,0.6471039450179721,-13.792141686329606,0.6333355822170431,0.46212318466883584
3.306122448979592,0.3275941835037548,0.10648765817035973,0.08849890697355303,-2.693877551020408,0.637673905006204,-13.08514164182414,0.6267750131374044,0.47261850396493577
3.306122448979592,0.3336475327263322,0.09391854211809132,0.07079138480369924,-2.5306122448979593,0.6248115149441468,-12.397081175235087,0.61533213207594,0.48135164086911786
3.306122448979592,0.3383403672511607,0.08359965578089379,0.05692395229992862,-2.36734693877551,0.6117020790566845,-11.724258286046537,0.6023981940440133,0.48812196996580015
3.306122448979592,0.34166731988318655,0.07518905566190406,0.04642747756631464,-2.204081632653061,0.6001420000064808,-11.063400992220068,0.5901936845154396,0.4929217480292962
3.306122448979592,0.3436924980218794,0.06822942521986794,0.0385995298069187,-2.0408163265306123,0.5907542539704875,-10.41197228590394,0.5798043334910935,0.4958434624869055
3.306122448979592,0.3445093424104624,0.062304597258644324,0.03278935395148128,-1.8775510204081634,0.5835330670948824,-9.768143654810578,0.571594252372668,0.49702191983549193
3.306122448979592,0.34421427982852815,0.05708248339483091,0.028484445431308836,-1.7142857142857142,0.5782330902980177,-9.130654527417349,0.5655630988396304,0.49659623451178314
3.306122448979592,0.34289148345996634,0.05230902595767208,0.025308390047915408,-1.5510204081632653,0.5745637463824662,-8.498667959558322,0.5615605376881386,0.4946878427507535
3.306122448979592,0.34060592504842835,0.047788823897591114,0.02299308653216976,-1.3877551020408163,0.5722656578255917,-7.871657125468656,0.5593942842305103,0.4913904789647656
3.306122448979592,0.33740139966124727,0.043365873557975346,0.0213501241300315,-1.2244897959183674,0.5711319281082307,-7.24932518707628,0.5588778515037234,0.48676732608027695
3.306122448979592,0.33330094997579995,0.038907771056771165,0.020248125182821396,-1.0612244897959184,0.5710077239282445,-6.63155205630706,0.559848153995287,0.48085162765366674
3.306122448979592,0.3283081538861534,0.03429321547171464,0.019596448323835735,-0.8979591836734694,0.5717830359892968,-6.018360970304836,0.5621691300599164,0.47364854549496416
3.306122448979592,0.3224085276073594,0.029401764433437293,0.01933395678775991,-0.7346938775510204,0.5733844051436225,-5.40989944177101,0.5657292171574827,0.4651371839194498
3.306122448979592,0.31557079053990567,0.02410475203266278,0.019421444191151216,-0.5714285714285714,0.575767430513243,-4.806430940653127,0.571490347181976,0.4552724145613314
3.306122448979592,0.3077480472456824,0.018256438939689135,0.01983659536666791,-0.40816326530612246,0.5789102338241979,-4.208335094674498,0.5784457835311022,0.44398658160460824
3.306122448979592,0.29887918082278686,0.011684640061713459,0.02057066114719457,-0.24489795918367346,0.5828073497995983,-3.6161152370917953,0.5864026098686803,0.4311915119979908
3.306122448979592,0.2888910113945695,0.004180252835052545,0.021626244217844003,-0.08163265306122448,0.587463109128928,-3.030412854458143,0.5952949920739306,0.4167816294963429
3.306122448979592,0.27770212464399413,-0.00451464471750358,0.023015714642829744,0.08163265306122448,0.5928831872843567,-2.452028945040858,0.6050384101636987,0.4006394780682192
3.306122448979592,0.2652297700061932,-0.014720010830742324,0.024759803437706673,0.24489795918367346,0.5990624771341336,-1.8819524696741603,0.61551436618178,0.3826456738840549
3.306122448979592,0.2514018696796547,-0.026831391907719014,0.026885866770105026,0.40816326530612246,0.6059667850790857,-1.32139583652228,0.6265502718472062,0.3626962306570509
3.306122448979592,0.23617683554869529,-0.04133122143962209,0.02942518443203144,0.5714285714285714,0.6135052056651898,-0.771836437419351,0.637893832783979,0.3407311494189509
3.306122448979592,0.21957410385006848,-0.0587925311455878,0.032408496924039555,0.7346938775510204,0.6214899314590723,-0.23506118469984455,0.6505388694588441,0.3167784707321326
3.306122448979592,0.20171697739594063,-0.07986562587541537,0.035858917015973366,0.8979591836734694,0.6295819578311638,0.2867928491888929,0.6632384747065353,0.2910160829522348
3.306122448979592,0.18288453545212757,-0.10523341685724744,0.03978163820395986,1.0612244897959184,0.6372269361128761,0.7912147817010615,0.6748743271286292,0.2638466123520664
3.306122448979592,0.16355868887817082,-0.13551834187450149,0.04415092809785335,1.2244897959183674,0.6435981563400077,1.2753346617041044,0.6845606581764836,0.23596530933883786
3.306122448979592,0.14443613247435194,-0.17112967755433747,0.048897107932796204,1.3877551020408163,0.6475836587919517,1.7360058694384963,0.6912640467103931,0.20837729204592925
3.306122448979592,0.12636231843984702,-0.21206370055726617,0.05389919919387851,1.5510204081632653,0.6478725090130759,2.1699851276939364,0.6939275942965796,0.18230229016839905
3.306122448979592,0.1101593388691553,-0.2577132018227939,0.05899057103446022,1.7142857142857142,0.6431858060895543,2.574223053689423,0.6916775972525211,0.15892633189413763
3.306122448979592,0.09638485587113754,-0.30678618143362973,0.06398176648814244,1.8775510204081634,0.6326314989117852,2.9462364136186725,0.6840644528867416,0.1390539535820876
3.306122448979592,0.08514779104128212,-0.35742721119644716,0.06869552948646092,2.0408163265306123,0.6160517066593035,3.284477822108534,0.671236218200834,0.1228422958779074
3.306122448979592,0.07611543469884685,-0.4075451679146512,0.07299962381570302,2.204081632653061,0.5941692559485146,3.5885856939422602,0.653944395116316,0.10981136017513382
3.306122448979592,0.0687143717061729,-0.45522502064348347,0.07682289683558316,2.36734693877551,0.5684249412282659,3.8594242659826112,0.6333635378188616,0.09913388329829687
3.306122448979592,0.06237978611828621,-0.4990486940640622,0.08015084828536223,2.5306122448979593,0.5405865902801232,4.098905835928086,0.6108118231158869,0.08999500808456551
3.306122448979592,0.0567084094518584,-0.5382194221029936,0.08300862416428637,2.693877551020408,0.5123344247558703,4.309671155820586,0.5874983644297096,0.08181294109289672
3.306122448979592,0.05148307754835124,-0.572503548489123,0.08544237736387283,2.857142857142857,0.4849888007074366,4.494736528363192,0.5643755836492546,0.07427438066870806
3.306122448979592,0.046621837749383,-0.6020751643925804,0.08750544265385114,3.020408163265306,0.4594213919934629,4.657192662569958,0.5421012027494777,0.06726109411816461
3.306122448979592,0.042112930623395384,-0.6273476501988673,0.08925037444586895,3.183673469387755,0.4360978846737177,4.799993421887689,0.5217279443544147,0.060756116167673735
3.306122448979592,0.037967245774712444,-0.6488389606243117,0.09072525523207235,3.3469387755102042,0.41517839901806075,4.9258338799636086,0.503776804232152,0.054775157195389834
3.306122448979592,0.03419329839645546,-0.6670826816660889,0.09197241891063453,3.510204081632653,0.39662278911635507,5.037097798848054,0.48692791170523425,0.04933050202820288
3.306122448979592,0.030788362344321474,-0.6825782529876457,0.09302834182632483,3.673469387755102,0.38027612119751114,5.135850860958924,0.47123488038795647,0.04441821767124532
3.306122448979592,0.027738152358286916,-0.6957683652847544,0.09392403109520912,3.836734693877551,0.3659287883753964,5.223859927768046,0.45668948437086215,0.04001769485072293
3.306122448979592,0.0250198425226682,-0.7070327622512711,0.09468561205337363,4.0,0.35335464718714615,5.302624564283703,0.4432460736647724,0.03609600273127622
3.5510204081632653,0.2845854547537432,0.19545307095284775,0.2092833347945125,-4.0,0.58761928557676,-19.017636040541802,0.5793942841396307,0.41057002428235645
3.5510204081632653,0.2923167928343178,0.1871529562385616,0.20066362912480934,-3.836734693877551,0.6024955981261758,-18.186676444561712,0.5895851544812941,0.4217239873906369
3.5510204081632653,0.3003938251285756,0.17693843519419628,0.18885707237018262,-3.673469387755102,0.6180039145758447,-17.371096628997893,0.5989615210932767,0.43337668182666267
3.5510204081632653,0.3092156895472178,0.16429169908166238,0.17290509441158117,-3.510204081632653,0.6328601172983674,-16.573890622375362,0.6058525719203748,0.4461039418748327
3.5510204081632653,0.31891154157480406,0.149175138975912,0.15254140208165334,-3.3469387755102042,0.6441289565402479,-15.798253137549793,0.6111326136485267,0.4600920995122242
3.5510204081632653,0.3290079272372475,0.13246336515170437,0.1290052680975781,-3.183673469387755,0.6480981289614369,-15.04656352342705,0.6201605006643138,0.47465810503833383
3.5510204081632653,0.3385785525316345,0.11583857350395448,0.10502583820934593,-3.020408163265306,0.643068474440511,-14.319164015234419,0.6186869276049853,0.4884655986887525
3.5510204081632653,0.3468443174145326,0.10092775794458697,0.08344217377588045,-2.857142857142857,0.6311222442563705,-13.613959513651485,0.6089109401597234,0.5003905766944636
3.5510204081632653,0.35348617603070154,0.08852439553675043,0.06579992168282536,-2.693877551020408,0.6163305795343326,-12.927283417998119,0.5948857187633328,0.509972753182296
3.5510204081632653,0.3585072905290241,0.07858485209868708,0.052221527100791844,-2.5306122448979593,0.6019992095340008,-12.25520829952048,0.5801355818819519,0.517216690168762
3.5510204081632653,0.36203681809682675,0.07065486522781902,0.042077768082039516,-2.36734693877551,0.5897510026902569,-11.594388240863468,0.5667323838756089,0.5223087220875118
3.5510204081632653,0.3642338031578143,0.06421376740259252,0.034577706032754604,-2.204081632653061,0.5799910041858579,-10.942298650180122,0.5555486999095562,0.5254783015399056
3.5510204081632653,0.3652505075901258,0.05881971173203775,0.029035429886298127,-2.0408163265306123,0.5725524145886752,-10.29715260717294,0.546773771251597,0.5269450959824504
3.5510204081632653,0.36521768961003986,0.05413600447279383,0.024930743861255468,-1.8775510204081634,0.5670916809141732,-9.65772947639772,0.5402888803607366,0.5268977496453293
3.5510204081632653,0.36423947378881505,0.04991436629495418,0.021890572928080877,-1.7142857142857142,0.5632630532388022,-9.023218145025313,0.5358702908713506,0.5254864825311287
3.5510204081632653,0.36239321584635587,0.04597034713468593,0.019653163733444702,-1.5510204081632653,0.5607768462247306,-8.39309989607594,0.5332822698259444,0.5228228953533418
3.5510204081632653,0.3597316444268315,0.04216208080996113,0.018036123596796648,-1.3877551020408163,0.5594090246431243,-7.767067890115739,0.5323135657034292,0.5189830594654214
3.5510204081632653,0.3562856352253456,0.03837417025817347,0.016912592269680983,-1.2244897959183674,0.5589941679025869,-7.14497417916297,0.5327879174321888,0.5140115190795802
3.5510204081632653,0.3520667796161969,0.034505752031373495,0.016194663053588455,-1.0612244897959184,0.5594147468324813,-6.526796114038184,0.5345636715330075,0.5079249970140345
3.5510204081632653,0.3470694161371548,0.030461356426385165,0.01582218576474024,-0.8979591836734694,0.5605911871153998,-5.912616298433098,0.5375293360845591,0.5007153255053014
3.5510204081632653,0.3412720661427231,0.026143366676736002,0.015755313306412954,-0.7346938775510204,0.5624738333435486,-5.302612270402636,0.5421313877809004,0.4923515174180375
3.5510204081632653,0.3346383560721702,0.021445142755417514,0.015969594798081375,-0.5714285714285714,0.5650367064901698,-4.697053583924839,0.5482417977608546,0.4827810967965549
3.5510204081632653,0.32711759884109015,0.016244076686623376,0.016452794167336048,-0.40816326530612246,0.5682725373564063,-4.096305007213957,0.5553319618935435,0.4719309376355456
3.5510204081632653,0.3186453027464706,0.010393980816151505,0.017202876974628724,-0.24489795918367346,0.5721884004641986,-3.50083528587516,0.5633645751995566,0.4597079980748955
3.5510204081632653,0.3091440229824689,0.0037163138275842387,0.018226772456069785,-0.08163265306122448,0.5768011305055788,-2.9112314390050145,0.5722991672614427,0.44600054887727136
3.5510204081632653,0.2985252124250759,-0.0040101183783439074,0.019539600912816348,0.08163265306122448,0.5821314644655409,-2.328218914801721,0.5820829721284126,0.4306808435459808
3.5510204081632653,0.28669311110459383,-0.013061091909252998,0.021164069220923887,0.24489795918367346,0.5881954510700182,-1.752688118869337,0.5926387402402431,0.41361072964762613
3.5510204081632653,0.2735522739615235,-0.02378008562943932,0.023129680805951614,0.40816326530612246,0.5949910741640643,-1.1857277536485813,0.6038483306310859,0.39465250906818916
3.5510204081632653,0.2590210525269401,-0.03659106906493779,0.025471278688112296,0.5714285714285714,0.6024773002014507,-0.6286648658310824,0.6155309736404468,0.3736883879664563
3.5510204081632653,0.24305401891547862,-0.052007440331998736,0.028226250701499443,0.7346938775510204,0.6105421581501755,-0.08311011782370668,0.6279063858581195,0.3506528277574943
3.5510204081632653,0.22567633332132297,-0.07063031600892586,0.03142953054877897,0.8979591836734694,0.6189567737857219,0.4489959956047156,0.641341559142514,0.3255821269286776
3.5510204081632653,0.20703102470681833,-0.09312478959667066,0.03510549118106023,1.0612244897959184,0.6273152012048117,0.9653451742021047,0.6542233975573215,0.29868263265468675
3.5510204081632653,0.18743376465181338,-0.12015819275235044,0.039256292758802644,1.2244897959183674,0.6349682044413288,1.463248210233722,0.6658029408429036,0.27040976275831996
3.5510204081632653,0.1674167915883895,-0.15228404582796973,0.043847717131589484,1.3877551020408163,0.6409754702212103,1.939672386534616,0.6751428285979116,0.24153137498611077
3.5510204081632653,0.1477263421216528,-0.18976741542248446,0.048796275760775366,1.5510204081632653,0.644122737464674,2.3913613239131024,0.6811868425886268,0.2131240611875751
3.5510204081632653,0.12923020629500237,-0.23238009398985734,0.05396453019600367,1.7142857142857142,0.6430620991009695,2.815063864010287,0.6829151028101078,0.18643977775485787
3.5510204081632653,0.11272078662813567,-0.2792423241062424,0.05917215877770461,1.8775510204081634,0.6366035814470729,3.207870594875318,0.6795724623845014,0.1626217198735147
3.5510204081632653,0.09867726861026882,-0.32881715075971074,0.06422473018115848,2.0408163265306123,0.6240938007055431,3.5676047160533635,0.6708988858451479,0.1423612060725028
3.5510204081632653,0.0871250839853206,-0.3791227779180604,0.06895125188720556,2.204081632653061,0.6057095058993331,3.8931612557193502,0.6572505937523557,0.12569492660265658
3.5510204081632653,0.07769660589666483,-0.4281122412312931,0.07323391460565536,2.36734693877551,0.5824847700169993,4.1846782433105965,0.6395342942767058,0.11209250802102222
3.5510204081632653,0.069847223762878,-0.47406251367343566,0.07701774756766888,2.5306122448979593,0.5560362741783078,4.443479699626296,0.618979240769117,0.10076824334256562
3.5510204081632653,0.06307422486993786,-0.515816209897207,0.08030094036827096,2.693877551020408,0.528136817851727,4.671823052215962,0.5968594833457034,0.0909968714277749
3.5510204081632653,0.05702917743629743,-0.5528222629267684,0.08311612623379969,2.857142857142857,0.500344838892425,4.872550111440142,0.5742799119236928,0.08227571147332302
3.5510204081632653,0.05152188593302309,-0.5850282106002533,0.08551272460952593,3.020408163265306,0.47380745528555684,5.048746328946881,0.5520739131680801,0.07433036933281967
3.5510204081632653,0.04647093076430453,-0.6127145597312369,0.08754486594687967,3.183673469387755,0.449231978215502,5.203474151956386,0.5307959906708402,0.06704338135915666
3.5510204081632653,0.04184968702123748,-0.6363398889363673,0.08926478172486155,3.3469387755102042,0.4269580291124129,5.339599888896574,0.5120983215390481,0.06037633592829428
3.5510204081632653,0.03764920895933033,-0.6564267956878573,0.0907198494371088,3.510204081632653,0.4070629072889326,5.459702911751451,0.49492753385984045,0.05431632705901812
3.5510204081632653,0.03385946033818188,-0.6734911146828733,0.09195163151307059,3.673469387755102,0.3894595731620282,5.566044312752087,0.47882833494573884,0.04884887551707173
3.5510204081632653,0.03046297324003011,-0.6880047774440319,0.09299587509187232,3.836734693877551,0.37397157153863353,5.6605725208301605,0.46383643988762435,0.043948780424124756
3.5510204081632653,0.02743485750109209,-0.7003807578182719,0.09388293592659716,4.0,0.3603837463009605,5.744948648065175,0.44993537443420434,0.03958013286432083
3.795918367346939,0.3031717407632304,0.18460388532059407,0.19914812290842837,-4.0,0.6050485412276568,-18.711190694388435,0.5818221297362209,0.4373843669367874
3.795918367346939,0.3122238837419764,0.1740279355941491,0.18698327974601375,-3.836734693877551,0.6201135579333853,-17.896663897334882,0.5901560520318228,0.45044384872164134
3.795918367346939,0.32244075249883486,0.16072411464917863,0.17029973373077326,-3.673469387755102,0.634361914889016,-17.100787078297497,0.5956296864255454,0.46518367461057464
3.795918367346939,0.33383974820675366,0.1447192345128618,0.1488547332736935,-3.510204081632653,0.6443806350151534,-16.32699511948744,0.6025180371014857,0.4816289491895036
3.795918367346939,0.34559016145243704,0.12714506269174414,0.12419614257820795,-3.3469387755102042,0.6460789474965581,-15.577732841474793,0.6084081889544612,0.4985812121074469
3.795918367346939,0.35639021241829094,0.1100011421682178,0.09949524374421104,-3.183673469387755,0.6381292460564151,-14.85307864273993,0.603253797498272,0.5141623920772327
3.795918367346939,0.3653579870874948,0.09503450561046847,0.07777872520407988,-3.020408163265306,0.62354602567322,-14.150457645067918,0.5901629604049711,0.5271001561203028
3.795918367346939,0.37230915981649404,0.08292575885827769,0.06043784614342014,-2.857142857142857,0.6069799204845155,-13.465794211714874,0.5737288249501677,0.5371285785447926
3.795918367346939,0.37742872722308696,0.07345642380076778,0.04734245415382412,-2.693877551020408,0.5917013729671403,-12.79496909452424,0.5574662112593072,0.5445145530537809
3.795918367346939,0.38098121057920853,0.06605185097711463,0.03769017136370682,-2.5306122448979593,0.5790420902531139,-12.134617655060689,0.5431854574977342,0.5496397031744977
3.795918367346939,0.383207397029673,0.060135792489302474,0.030613070802870634,-2.36734693877551,0.5691441677832524,-11.482275315419155,0.5314951541852504,0.5528514113266771
3.795918367346939,0.38430408707834074,0.05525021022952079,0.02540505463742877,-2.204081632653061,0.5616754588743058,-10.836230796717613,0.5223978292742691,0.554433600621282
3.795918367346939,0.3844249026332076,0.05106047962329663,0.021549863144098524,-2.0408163265306123,0.5562036654055627,-10.195327106590842,0.515660532924751,0.554607900623151
3.795918367346939,0.3836855156056638,0.04732757844539866,0.018685572823461217,-1.8775510204081634,0.5523391826232729,-9.558796680642123,0.510994343770223,0.5535411906252161
3.795918367346939,0.3821695980540154,0.04387888794158175,0.01656184020755942,-1.7142857142857142,0.5497715715429559,-8.926143952309328,0.5081277398640623,0.5513541838910565
3.795918367346939,0.3799343175877048,0.04058549177283437,0.015005640613608096,-1.5510204081632653,0.5482669525025242,-8.2970666871639,0.5068304282245981,0.5481293558473146
3.795918367346939,0.3770148998937626,0.037346000254823444,0.013896991134808422,-1.3877551020408163,0.5476547092441372,-7.671404806276397,0.5069165253570499,0.5439175264179803
3.795918367346939,0.37342813863044233,0.03407517347995881,0.013152542312663783,-1.2244897959183674,0.5478136996391486,-7.0491078449243965,0.5082401968111655,0.5387429237305357
3.795918367346939,0.3691749177579491,0.030695668781188835,0.012714687168225746,-1.0612244897959184,0.548660897879465,-6.43021502494756,0.5106892410185548,0.5326068230699845
3.795918367346939,0.36424188357415743,0.02713164138323989,0.012544381912819258,-0.8979591836734694,0.5501428041540463,-5.814844098214632,0.5143670264934741,0.5254899591164928
3.795918367346939,0.3586024189379622,0.023303283465081724,0.012616439029339399,-0.7346938775510204,0.5522291725873234,-5.2031866182787505,0.5196955745823304,0.5173539314525848
3.795918367346939,0.35221707052367157,0.019121627415148647,0.012916477875362075,-0.5714285714285714,0.5549084496248028,-4.595508302641475,0.5259490611947107,0.5081418209609394
3.795918367346939,0.34503358734408573,0.014483080809667004,0.013439003506116421,-0.40816326530612246,0.5581843297309468,-3.9921538339046867,0.5331027339882499,0.4977782454014412
3.795918367346939,0.33698676523803983,0.00926323623229779,0.01418626590018086,-0.24489795918367346,0.5620728521571878,-3.3935559379056066,0.5411367341734069,0.4861691350541335
3.795918367346939,0.32799837885857874,0.003309543273412219,0.015167659108322584,-0.08163265306122448,0.5665994107135633,-2.8002489462982774,0.5500306608776915,0.47320163459889075
3.795918367346939,0.317977648755029,-0.0035675146062621897,0.016399471417059174,0.08163265306122448,0.5717948854162545,-2.2128873348583036,0.5597565755114811,0.45874477697241245
3.795918367346939,0.30682297597637165,-0.011604964141998719,0.01790480048943934,0.24489795918367346,0.5776897902043336,-1.6322699204148094,0.5702695657873638,0.44265198587190513
3.795918367346939,0.2944261270613002,-0.02109951417959257,0.019713398890293908,0.40816326530612246,0.5843048253256804,-1.0593704370041896,0.5814947748293121,0.4247671134194819
3.795918367346939,0.28068070093066555,-0.032420566605528035,0.021861106118311935,0.5714285714285714,0.5916355175964098,-0.4953749484039536,0.5933096654581932,0.4049366553059097
3.795918367346939,0.26549750804361283,-0.04602190615803945,0.024388344929176742,0.7346938775510204,0.5996278351522473,0.058274291892589,0.6055204528690525,0.38303193822289794
3.795918367346939,0.2488301555311645,-0.06244746710543107,0.02733692583695264,0.8979591836734694,0.6081411995237755,0.5998308236443242,0.6191172786084831,0.35898603140844054
3.795918367346939,0.23071383949008384,-0.08232274510192687,0.03074419536160291,1.0612244897959184,0.6168962838260715,1.1271977303838996,0.6328142569847048,0.33284971209679615
3.795918367346939,0.2113173632503973,-0.10631854062598227,0.03463360733366962,1.2244897959183674,0.6254095761832354,1.6378951557482455,0.6457690845713022,0.3048665120150793
3.795918367346939,0.19100010933157718,-0.13507003119580885,0.039001534657842396,1.3877551020408163,0.6329280615770292,2.129062170462968,0.6571764653537908,0.2755549105419166
3.795918367346939,0.1703504490204153,-0.16903750203040893,0.043802125361768106,1.5510204081632653,0.6383972528179691,2.59752261170653,0.666054241285287,0.2457637480149617
3.795918367346939,0.1501648498553163,-0.2083146290508718,0.04893530302613795,1.7142857142857142,0.6405176025195077,3.0399476974937847,0.6713401607945642,0.21664208420210063
3.795918367346939,0.13132677186237873,-0.2524312224171843,0.054245997186640846,1.8775510204081634,0.6379445108992344,3.453134592312372,0.6720765298626171,0.18946448250181014
3.795918367346939,0.11458888360658293,-0.300244063553994,0.05954155959617406,2.0408163265306123,0.6296317580927091,3.834380400749276,0.6676505764368583,0.16531681412021992
3.795918367346939,0.10034811004861988,-0.35001583856589324,0.0646260530523525,2.204081632653061,0.6152066262705936,4.181872912454434,0.6579989090372571,0.14477172072972433
3.795918367346939,0.08855361413282026,-0.39970640596674445,0.06933845290880447,2.36734693877551,0.5951797001964132,4.494977895729743,0.6436666105286872,0.1277558599622144
3.795918367346939,0.07881295095227103,-0.4473745215776396,0.07357746107477392,2.5306122448979593,0.5708477455308809,4.774320317229227,0.6256765851881819,0.11370305349666632
3.795918367346939,0.07061161954410822,-0.49151804364140955,0.07730436310977032,2.693877551020408,0.5439341162319231,5.021636821254198,0.6052732233598065,0.10187103334542291
3.795918367346939,0.06349987281100766,-0.5312318900589559,0.08052901215729409,2.857142857142857,0.5161618628254223,5.239467341667382,0.5836627748288271,0.09161095160152088
3.795918367346939,0.05717194183933283,-0.566179410471125,0.08329042313994414,3.020408163265306,0.4889444647604124,5.4307960567000055,0.5618419144254752,0.08248167696959774
3.795918367346939,0.05145637888853982,-0.5964534960797306,0.08564053792121887,3.183673469387755,0.4632597278756503,5.59873413605545,0.5405344170893736,0.07423586264460003
3.795918367346939,0.046269946732723444,-0.622412260762839,0.08763387173635917,3.3469387755102042,0.4396681559993616,5.746289983805638,0.5204217602491429,0.06675342269349649
3.795918367346939,0.0415730426213341,-0.6445411321933322,0.0893220963197151,3.510204081632653,0.41840309755055216,5.876231187399273,0.5030371040363953,0.05997722242446457
3.795918367346939,0.03734063210339089,-0.6633580480517043,0.09075170989423079,3.673469387755102,0.39947523434671145,5.991020140485513,0.48659885371565575,0.05387114475922106
3.795918367346939,0.03354804671513523,-0.6793579188273009,0.09196334802509994,3.836734693877551,0.38276175370938864,6.092799631631758,0.47119839575046685,0.04839960062743698
3.795918367346939,0.030166366104139586,-0.6929854903154637,0.09299188705648986,4.0,0.3680713484931117,6.183407807340032,0.4568575437307787,0.04352086678008327
4.040816326530612,0.3238277686402278,0.1709599244149792,0.1847073601613332,-4.0,0.6223952207987505,-18.42574848269417,0.5814837087154506,0.4671847159193949
4.040816326530612,0.33555851799483305,0.15681829832773947,0.16705476208166734,-3.836734693877551,0.6359731113772013,-17.631825544569164,0.5853543806448132,0.484108609839196
4.040816326530612,0.348716686531205,0.13976629159700193,0.14430585234505233,-3.673469387755102,0.6444074393133857,-16.86069484064654,0.5937905909665782,0.5030918343338011
4.040816326530612,0.36200013103700757,0.12128657206400728,0.11845615495870668,-3.510204081632653,0.6432994880068763,-16.114779699977277,0.5959879016193094,0.5222557938482457
4.040816326530612,0.373740223371539,0.10372787326056018,0.09318423405656848,-3.3469387755102042,0.6320537274352743,-15.39373086732497,0.5868143403580265,0.539193166838853
4.040816326530612,0.38307704913865925,0.08887915546362697,0.07160291000771397,-3.183673469387755,0.6148489150231901,-14.694373868633129,0.5704538213588219,0.5526633590707215
4.040816326530612,0.3900566554896703,0.07721664870436287,0.0548157621766312,-3.020408163265306,0.5967930396396446,-14.012217538282327,0.5519177437457423,0.5627328025406819
4.040816326530612,0.39506702422726225,0.06831184313279462,0.04238523539104577,-2.857142857142857,0.5809126522515176,-13.343011422786322,0.534524018189628,0.5699612366714306
4.040816326530612,0.398493053232025,0.061474607505263415,0.03334100983524211,-2.693877551020408,0.5681403435769891,-12.68343762931334,0.5197155173836292,0.5749039517265437
4.040816326530612,0.4006364378938583,0.05608809356803564,0.026759520859890862,-2.5306122448979593,0.5583332058612505,-12.03113846294257,0.507806188312397,0.5779962021488889
4.040816326530612,0.4017217750579476,0.05169030656624078,0.02193264031713338,-2.36734693877551,0.5510051279690712,-11.384507574699384,0.49861549020062806,0.579562012693212
4.040816326530612,0.401913925985639,0.04795616606520785,0.018359889678656337,-2.204081632653061,0.5456522736844563,-10.742469905472495,0.4918092418268324,0.5798392278836952
4.040816326530612,0.401332348267718,0.044659667331038835,0.01569759166778224,-2.0408163265306123,0.5418556140686863,-10.104314075011345,0.48704604724905814,0.5790001885941596
4.040816326530612,0.40006176779302316,0.04164127185066928,0.013711015315520946,-1.8775510204081634,0.5392944492347735,-9.469577984134606,0.4840284902416642,0.5771671284442661
4.040816326530612,0.3981600264299916,0.03878452198770588,0.012239087687125005,-1.7142857142857142,0.5377324129448573,-8.837973970843594,0.4825142308617992,0.5744234956107674
4.040816326530612,0.39566378297336446,0.03600018083166834,0.011170425162918596,-1.5510204081632653,0.5369988943383107,-8.20934067170809,0.48231234924850597,0.5708221775550397
4.040816326530612,0.39259256895340067,0.03321551325929397,0.010427527798771097,-1.3877551020408163,0.5369729131353012,-7.583612419499453,0.4832754668948671,0.5663913523189299
4.040816326530612,0.3889515824690173,0.030366824681043215,0.009956441597707876,-1.2244897959183674,0.5375707923258692,-6.960800213188934,0.48529162740465537,0.5611385191739657
4.040816326530612,0.3847335110198422,0.02739395322988012,0.00971999691769132,-1.0612244897959184,0.5387372264408837,-6.340980533716082,0.4882772044832964,0.555053128412125
4.040816326530612,0.3799196002909777,0.024235835722806763,0.00969338432324065,-0.8979591836734694,0.5404389767356881,-5.724289738931284,0.49288263525204845,0.5481081232763105
4.040816326530612,0.3744801285325525,0.020826536557482078,0.009861276542224373,-0.7346938775510204,0.542660475240726,-5.11092271375226,0.4983737175438344,0.5402606243453758
4.040816326530612,0.36837440977042046,0.017091283329412343,0.010215995641376652,-0.5714285714285714,0.5454007546497454,-4.501135074613608,0.5047008961312132,0.5314519341661845
4.040816326530612,0.3615504341282838,0.012942131520540023,0.010756407003122415,-0.40816326530612246,0.5486712302220685,-3.8952486613033273,0.5118527068249743,0.521607018348127
4.040816326530612,0.3539442670053299,0.008272911261686477,0.011487334541966576,-0.24489795918367346,0.5524939098794694,-3.293660375771482,0.5198229089703977,0.5106336387596686
4.040816326530612,0.3454793816810169,0.0029531152999738184,0.012419357424533529,-0.08163265306122448,0.5568995833834571,-2.696854694387781,0.5286064447725844,0.4984213906805883
4.040816326530612,0.33606621237599277,-0.003179604574642614,0.013568879393840928,0.08163265306122448,0.5619254220587642,-2.1054204097253484,0.5381942226006663,0.4848410580051814
4.040816326530612,0.325602418862307,-0.010328613858913305,0.014958360651592461,0.24489795918367346,0.5676111768109163,-1.5200723465290347,0.5485659918926006,0.4697449949941017
4.040816326530612,0.31397469509796117,-0.01874925666518108,0.016616564859987793,0.40816326530612246,0.5739927530582933,-0.9416789039645772,0.5596803580405646,0.4529697355824531
4.040816326530612,0.30106348489890844,-0.028761294659210356,0.018578588497347726,0.5714285714285714,0.5810913280782396,-0.3712962023513972,0.571460764869677,0.43434279665640396
4.040816326530612,0.28675271530483815,-0.040761619675570834,0.02088529131089849,0.7346938775510204,0.5888953720088123,0.18979084414918332,0.5837761742246623,0.413696720331735
4.040816326530612,0.2709475368832752,-0.055234320456279205,0.023581525564685048,0.8979591836734694,0.5973321259778753,0.7400214083898072,0.59689500244502,0.3908946678025811
4.040816326530612,0.2536036665109991,-0.0727522440756648,0.026712293633759755,1.0612244897959184,0.6062249047260876,1.2775089851754253,0.6110389401695012,0.36587275202667735
4.040816326530612,0.23477118160955524,-0.093959851372027,0.030315769097174216,1.2244897959183674,0.6152345193026088,1.79999698073327,0.6249025944324913,0.3387032194517481
4.040816326530612,0.21465138126904626,-0.11952228947764994,0.03441230510661815,1.3877551020408163,0.6237898873708174,2.304834951933981,0.6378271605539553,0.30967648327681907
4.040816326530612,0.1936547854476045,-0.1500236385281669,0.03898967337181532,1.5510204081632653,0.6310277781874232,2.789000266416564,0.648952863052044,0.27938479860967513
4.040816326530612,0.1724309141407312,-0.18580568471885478,0.04398737422072041,1.7142857142857142,0.6357844244480331,3.2491980536500353,0.6572625581001458,0.24876522472678353
4.040816326530612,0.1518249457489913,-0.22676653747167191,0.049286584163742944,1.8775510204081634,0.6366999793884179,3.6820704601697405,0.661707462379537,0.2190370963153052
4.040816326530612,0.1327267302369446,-0.27218534194597616,0.0547146049089261,2.0408163265306123,0.6324796263132916,4.084522420144277,0.6614170815795783,0.19148419550624718
4.040816326530612,0.11583807408349922,-0.320676969339179,0.060069152214424174,2.204081632653061,0.6222730517652489,4.454120538658943,0.655939490975143,0.16711901502639304
4.040816326530612,0.10147049311766021,-0.3703569448285591,0.06515701722120233,2.36734693877551,0.6060157086840288,4.789463278652076,0.6454058676576891,0.1463909772174059
4.040816326530612,0.0895039979215233,-0.4191919467315094,0.06983070258453736,2.5306122448979593,0.5845327491506463,5.09039838641153,0.6305237493354231,0.12912697394111738
4.040816326530612,0.07952943883732844,-0.4653941296272482,0.0740068168871267,2.693877551020408,0.5593259459160549,5.358010320839731,0.612393546798244,0.11473672701529614
4.040816326530612,0.07106220187569678,-0.5076950168668845,0.07766235559019716,2.857142857142857,0.5321616287286044,5.594394639942023,0.5922424374836395,0.10252108624071843
4.040816326530612,0.06369740319843031,-0.5454238193311813,0.08081751686828223,3.020408163265306,0.5046719227583386,5.802313476461637,0.5711939983780842,0.09189592771188027
4.040816326530612,0.05716258182868983,-0.5784259875427477,0.08351652699230996,3.183673469387755,0.47811409740825417,5.9848422970768675,0.5501384625496556,0.0824681733286603
4.040816326530612,0.05129943964581396,-0.606908291817073,0.08581310840966612,3.3469387755102042,0.4533063431736141,6.145083178248276,0.5297010593368298,0.07400944717739844
4.040816326530612,0.04602191637375763,-0.6312833638856177,0.08776175244697815,3.510204081632653,0.4306803514144586,6.285971652100798,0.511181113864891,0.06639559052462651
4.040816326530612,0.04127945151295975,-0.6520498127487571,0.08941333558861664,3.673469387755102,0.4103807773502249,6.410169894195104,0.49449777314993837,0.05955365998836326
4.040816326530612,0.03703412169104303,-0.6697145937270117,0.09081331382804665,3.836734693877551,0.3923651413351933,6.520024341863253,0.478746148917633,0.053428943707345855
4.040816326530612,0.03324979711808518,-0.6847500479893684,0.09200126425631927,4.0,0.37648370611412824,6.617564634215697,0.46399702616734806,0.04796931741282595
4.285714285714286,0.3487159317847537,0.1524739712713809,0.1630803092799737,-4.0,0.637600929073921,-18.166934091682172,0.5748901228686583,0.5030907454648381
4.285714285714286,0.36365523327113114,0.13422741438879518,0.13880609445379707,-3.836734693877551,0.6439801745674706,-17.39932632960121,0.5846712084953152,0.52464360163358
4.285714285714286,0.3782587562318802,0.11486161466263975,0.11176926699922149,-3.673469387755102,0.6394531868491624,-16.657680115235095,0.5825869491193134,0.5457120317885611
4.285714285714286,0.3905684041612163,0.09706889509941016,0.08617178902435749,-3.510204081632653,0.6246372497054047,-15.941021071931472,0.5691807772080258,0.5634710998113031
4.285714285714286,0.3999194706647258,0.08255502732731235,0.06504398986259323,-3.3469387755102042,0.6050098794854135,-15.245476751401073,0.5497788850946451,0.5769618370829392
4.285714285714286,0.40666804041343707,0.07149750069715455,0.049061432879139485,-3.183673469387755,0.5858754283594101,-14.56617857238245,0.5295759793786845,0.5866979651924988
4.285714285714286,0.4113978636989153,0.06324255530636727,0.037452189292196736,-3.020408163265306,0.5697840859866854,-13.898831514305787,0.511485327915743,0.5935216577907392
4.285714285714286,0.41458431496294446,0.05700393236397259,0.02910381986612869,-2.857142857142857,0.5571943531867595,-13.240234513941965,0.49650314570610643,0.5981187352273878
4.285714285714286,0.41656467374473594,0.0521446602696813,0.02306606957428674,-2.693877551020408,0.5476854454793539,-12.588178812840544,0.4846443978819971,0.6009757890210596
4.285714285714286,0.4175744777573456,0.04821206836518512,0.018647952305532935,-2.5306122448979593,0.5406432811425909,-11.941185697086556,0.47556417431922215,0.6024326282623216
4.285714285714286,0.41777937596820114,0.04489779467221151,0.01537557871707651,-2.36734693877551,0.5355151483197693,-11.298274520710036,0.46884694190026294,0.6027282338950095
4.285714285714286,0.4172961684752352,0.04199220681912885,0.012929303013249616,-2.204081632653061,0.5318683752982738,-10.658797983012752,0.46411422590478013,0.6020311128411873
4.285714285714286,0.41620651270389364,0.03934995902818148,0.011093113056826831,-2.0408163265306123,0.5293823198611903,-10.022333767798843,0.46105348353347797,0.6004590718635967
4.285714285714286,0.4145660745178523,0.0368667791025437,0.009719634789495247,-1.8775510204081634,0.5278248676138555,-9.388615085258708,0.4594175563350499,0.5980924198277098
4.285714285714286,0.41241073466236666,0.03446432268902733,0.008707152240158611,-1.7142857142857142,0.5270299458297766,-8.757486447007128,0.45901520974559407,0.5949829217067704
4.285714285714286,0.40976090312590263,0.03208024831867888,0.007984868946756606,-1.5510204081632653,0.5268800193016795,-8.128875588589645,0.4597004886027401,0.5911600228899223
4.285714285714286,0.406624215835804,0.029661503307231364,0.007503115764227864,-1.3877551020408163,0.527293164894201,-7.502775838120174,0.4613632868487402,0.5866347396916782
4.285714285714286,0.40299754667838683,0.027159566205690645,0.00722732066762064,-1.2244897959183674,0.5282142385825116,-6.879235431776503,0.4639218160226744,0.5814025620833276
4.285714285714286,0.39886804444240354,0.024526780266291227,0.007133832714113964,-1.0612244897959184,0.529608581572797,-6.258351656081763,0.46779938528179776,0.5754449496861342
4.285714285714286,0.3942136927582476,0.02171325096320942,0.0072072788820998655,-0.8979591836734694,0.5314577814433912,-5.640268560891496,0.47261745875827205,0.5687301395928492
4.285714285714286,0.38900339708873033,0.018663911879856655,0.007438845720303689,-0.7346938775510204,0.5337567925554361,-5.025177542359402,0.4782003085978532,0.5612132718688714
4.285714285714286,0.3831966910818858,0.015315455532174838,0.007825213425179056,-0.5714285714285714,0.53651200118391,-4.41332047076754,0.4845390127148735,0.5528359659088964
4.285714285714286,0.37674312387163256,0.011592859699892566,0.008367959492098787,-0.40816326530612246,0.539739905684915,-3.804995312866431,0.4916323389577856,0.5435254364986211
4.285714285714286,0.3695813933576806,0.007405243082434065,0.009073315449008268,-0.24489795918367346,0.5434661229113213,-3.2005644205636763,0.4994842720732238,0.5331932434019597
4.285714285714286,0.3616383224765649,0.0026407690360755963,0.009952199841668596,-0.08163265306122448,0.547724413791483,-2.6004658563699863,0.508101098618051,0.5217338144323445
4.285714285714286,0.35282784935888567,-0.002839701990626797,0.01102046914640964,0.08163265306122448,0.552555331431058,-2.005228315407617,0.5174876124681526,0.5090229885575823
4.285714285714286,0.34305034316650884,-0.009210506743909419,0.012299326630099628,0.24489795918367346,0.5580039101729797,-1.415490383051503,0.5276418565973694,0.49491702886157984
4.285714285714286,0.3321928039745685,-0.01669084201332478,0.013815802619064232,0.40816326530612246,0.564115495419683,-0.8320250123385812,0.5385476154567398,0.4792529109131096
4.285714285714286,0.3201309105456105,-0.025556184770243018,0.015603157532765487,0.5714285714285714,0.5709283138638419,-0.2557701514730144,0.5501636301596319,0.46185127707942053
4.285714285714286,0.30673450129050406,-0.036150903723430126,0.017700944858217004,0.7346938775510204,0.5784606677399526,0.3121337382328034,0.5624082864776279,0.44252434388135997
4.285714285714286,0.2918789285565444,-0.04890035248855189,0.02015428643522179,0.8979591836734694,0.5866897537545149,0.8702992206359699,0.5751384891534136,0.4210922827685102
4.285714285714286,0.2754656726091398,-0.0643186203361323,0.023011651267114196,1.0612244897959184,0.5955183594349044,1.4170420592376702,0.5892355161390668,0.3974129598083489
4.285714285714286,0.2574560770994603,-0.08300465195233171,0.026320138100837463,1.2244897959183674,0.6047259683437934,1.9503308660663592,0.6036085934731037,0.37143060567811714
4.285714285714286,0.23792066610933627,-0.10561470230533423,0.030117118770968898,1.3877551020408163,0.6139040764243839,2.4677467463388023,0.6175503520971052,0.3432469651209389
4.285714285714286,0.21710065797139655,-0.1327946775529078,0.034417515427535905,1.5510204081632653,0.6223850120510679,2.966471951933995,0.6303469703046378,0.31321004262906493
4.285714285714286,0.19546518065260599,-0.16505669960031386,0.03919760393916938,1.7142857142857142,0.6291921403812015,3.443336448282793,0.6410883455617354,0.28199664679398007
4.285714285714286,0.17372855599694792,-0.20259903109457275,0.044379487767056004,1.8775510204081634,0.6330635784529866,3.89495715283566,0.6487350683516605,0.2506373261975976
4.285714285714286,0.1527803844649942,-0.24510484892354328,0.04982427733393964,2.0408163265306123,0.6326117871099723,4.317995665888931,0.652273195653742,0.22041550301275636
4.285714285714286,0.13350500867465276,-0.2916039770308783,0.05534294412926781,2.204081632653061,0.6266416810835672,4.709525153998025,0.6509426606606941,0.19260701394875923
4.285714285714286,0.11654174667501316,-0.3405020861593407,0.06072739363285547,2.36734693877551,0.614544117644712,5.067438217002552,0.6444642390444736,0.1681341999845798
4.285714285714286,0.10211470648674426,-0.38982516263050837,0.0657916888905791,2.5306122448979593,0.59657380814306,5.390776314007423,0.6331531966553159,0.14732038065025765
4.285714285714286,0.09004204156100659,-0.43760481826135245,0.07040486074294383,2.693877551020408,0.5738359018319813,5.679864546755274,0.6178488544923255,0.12990320683158219
4.285714285714286,0.07990464409599007,-0.4822397407373414,0.07450198973486481,2.857142857142857,0.5479761626613253,5.936208390036042,0.5996934614215983,0.11527803378128221
4.285714285714286,0.07124685311124801,-0.5226948929679761,0.07807468587481259,3.020408163265306,0.5207490871379398,6.162206065319171,0.5798722970279959,0.10278748166254204
4.285714285714286,0.06370181921894957,-0.5585101262390552,0.08115199725126884,3.183673469387755,0.49366741211436604,6.360786220508204,0.5594185933772123,0.09190229868278399
4.285714285714286,0.05702334085721272,-0.5896819994410504,0.08378220526286975,3.3469387755102042,0.4678299539924087,6.5350723740603875,0.5391216533699852,0.08226729106962205
4.285714285714286,0.05106252720396598,-0.6165043890460027,0.08602012014625808,3.510204081632653,0.4439082828541414,6.688130271653262,0.5195195956397743,0.07366765477241932
4.285714285714286,0.045730282213376494,-0.6394262680139194,0.08791983479098504,3.673469387755102,0.42222259003810414,6.822809324285839,0.5024585900290448,0.06597485136769077
4.285714285714286,0.040967028096208224,-0.6589493987653476,0.08953121875738682,3.836734693877551,0.4028441256193392,6.9416629408264185,0.4864374373264005,0.05910292827435848
4.285714285714286,0.03672463580593699,-0.6755655926266517,0.09089854716209719,4.0,0.3856883389376967,7.046924183295339,0.4713290002654759,0.052982449955678135
4.530612244897959,0.37873553637066637,0.12802195843291322,0.13227160620841058,-4.0,0.6427941996926171,-17.942948891866084,0.5748125014242124,0.5463998801303815
4.530612244897959,0.39432717300817477,0.10787813817183949,0.1041606104583318,-3.836734693877551,0.6342113303929604,-17.20647487273059,0.5678875887929339,0.5688938569866582
4.530612244897959,0.4067700454675587,0.0901111683561098,0.07858642400997853,-3.673469387755102,0.6157437251509975,-16.49487906775201,0.5502368491212694,0.5868451273782251
4.530612244897959,0.41579077214462523,0.07617434375931462,0.058259912053461774,-3.510204081632653,0.5941035713290351,-15.80354113931775,0.5282238094687267,0.599859285020444
4.530612244897959,0.4220924561489221,0.06586955564270087,0.04330945904396164,-3.3469387755102042,0.5744006284320167,-15.127305779878144,0.5068906262655919,0.6089506932826922
4.530612244897959,0.4264160616495134,0.05833009410722088,0.032640758367735036,-3.183673469387755,0.5584995629445445,-14.4619388914048,0.48855598925241095,0.6151883374971558
4.530612244897959,0.42928780419818247,0.052705573220649546,0.025043448041801652,-3.020408163265306,0.546361627177214,-13.804423345270148,0.4737334501235425,0.6193313862308307
4.530612244897959,0.4310548613526508,0.048361928948778665,0.019573104755756642,-2.857142857142857,0.5373242721641881,-13.152732747888733,0.46216189137666913,0.6218807108245485
4.530612244897959,0.4319489016569136,0.04486833163511057,0.01557368855632224,-2.693877551020408,0.5306819478241834,-12.505530978484984,0.4533626280554415,0.6231705383378636
4.530612244897959,0.43212803219410323,0.04193911287456784,0.012606620772519705,-2.5306122448979593,0.5258580170689292,-11.861938531547501,0.44686263595696724,0.623428969075539
4.530612244897959,0.43170163420927854,0.03938350770337375,0.01038039097019643,-2.36734693877551,0.5224214722659687,-11.22137587561415,0.4422625174694226,0.6228138068173874
4.530612244897959,0.43074540289586793,0.03707104820782738,0.008699593941984718,-2.204081632653061,0.5200608919837097,-10.583463513462991,0.4392450361220972,0.6214342566435866
4.530612244897959,0.42931091494510887,0.03490932368573922,0.007431514557209163,-2.0408163265306123,0.5185540697695691,-9.947958988088988,0.43756491912952983,0.6193647279908117
4.530612244897959,0.42743180932130875,0.032829898432129065,0.006484645217997187,-1.8775510204081634,0.5177431241275791,-9.314717099267002,0.4370349115528643,0.6166537516260489
4.530612244897959,0.4251279425992187,0.030779286152995255,0.005795133923606421,-1.7142857142857142,0.5175163963206313,-8.68366467572601,0.437513194503906,0.61332997453122
4.530612244897959,0.42240812559460017,0.02871299058689427,0.00531806145216891,-1.5510204081632653,0.5177957233393694,-8.054784622946592,0.43889322376321194,0.6094061080265321
4.530612244897959,0.4192719108009586,0.026591380600629867,0.005021807107354226,-1.3877551020408163,0.5185276798282724,-7.428106052528106,0.4410959303600473,0.6048815064965831
4.530612244897959,0.41571069024722074,0.024376635632443612,0.00488436514105568,-1.2244897959183674,0.519677592918446,-6.803698565474928,0.44439665878139284,0.5997437512641937
4.530612244897959,0.4117082781122485,0.02203027342764905,0.004890927360708686,-1.0612244897959184,0.5212254826143912,-6.181669536984081,0.4486313108773002,0.5939694911254749
4.530612244897959,0.4072410830917714,0.019510929166110413,0.005032303212275546,-0.8979591836734694,0.5231633380310197,-5.5621637378229645,0.45355960792513444,0.5875246910227485
4.530612244897959,0.40227793832977565,0.016772140597696827,0.005303915940551551,-0.7346938775510204,0.5254933292901783,-4.945364948690803,0.4591726706871658,0.5803643866874038
4.530612244897959,0.39677962813189827,0.013759932984129853,0.005705208321355948,-0.5714285714285714,0.5282266703471541,-4.331499451598385,0.4654700581227489,0.5724320018316562
4.530612244897959,0.39069813785432195,0.010410007736290661,0.006239356187427658,-0.40816326530612246,0.5313829193313854,-3.720841460456286,0.4724581000536218,0.5636582659669829
4.530612244897959,0.3839756535914456,0.006644327536059258,0.0069132270591918624,-0.24489795918367346,0.534989529056616,-3.11372070947894,0.4801481713887807,0.5539597712584774
4.530612244897959,0.37654335576645215,0.0023668656955281977,0.00773754460756193,-0.08163265306122448,0.5390814443638476,-2.510532570348761,0.4885546502128906,0.5432372320439494
4.530612244897959,0.3683200974083778,-0.002541743323874002,0.008727231588169215,0.08163265306122448,0.5437004763932107,-1.9117512273642105,0.4976922266203599,0.5313735779908071
4.530612244897959,0.3592111512743308,-0.008230937429798524,0.009901903040853987,0.24489795918367346,0.5488940465746337,-1.3179466053664484,0.5075721095109849,0.518232146575492
4.530612244897959,0.349107380789174,-0.014888613630747982,0.011286464215323177,0.40816326530612246,0.5547126526254944,-0.7298059053100827,0.5181965057166197,0.5036554870022756
4.530612244897959,0.33788548406404195,-0.02275132447566457,0.012911724993200702,0.5714285714285714,0.5612050187535743,-0.14816071765742103,0.529550517854478,0.48746571224755986
4.530612244897959,0.32541043942626824,-0.032116120472551815,0.014814859929893953,0.7346938775510204,0.5684093010082394,0.42597933483057054,0.5415903464682833,0.46946802721377523
4.530612244897959,0.3115420052148592,-0.04335315112218181,0.01703940032872935,0.8979591836734694,0.5763379041884461,0.9913858050067909,0.5542264723538455,0.4494601059520815
4.530612244897959,0.29614809451781565,-0.05691669877720869,0.019634222546816772,1.0612244897959184,0.584952534868045,1.5465638336796093,0.5676814691174623,0.4272513873295689
4.530612244897959,0.2791288340807825,-0.0733497591463161,0.022650698014346847,1.2244897959183674,0.594125526738022,2.0897002809504666,0.5822372051636179,0.4026977846974633
4.530612244897959,0.2604553522649269,-0.09327329944434223,0.026136874499071337,1.3877551020408163,0.6035844612683343,2.618614211207181,0.5967656129045493,0.37575764508559795
4.530612244897959,0.24022502107421806,-0.11734637543857625,0.03012751852452311,1.5510204081632653,0.6128421658478382,3.1307232192805374,0.6107021478942024,0.3465714466012213
4.530612244897959,0.21872701285301477,-0.14617996187468676,0.0346295938329169,1.7142857142857142,0.6211268809205968,3.623048627433572,0.623278210014788,0.31555637675150106
4.530612244897959,0.19649615885944693,-0.18019207022688327,0.03960498068418004,1.8775510204081634,0.6273494839756621,4.092292156468042,0.6335399369567775,0.2834840339402547
4.530612244897959,0.17431321089986396,-0.21941400227929772,0.04495610251240689,2.0408163265306123,0.6301679449806503,4.535018672840525,0.6404409689595344,0.2514808049266657
4.530612244897959,0.15310470208853166,-0.2633010748540763,0.0505237376148957,2.204081632653061,0.6282062029052543,4.947961657271512,0.6430243608921253,0.22088339443990712
4.530612244897959,0.13373526655977064,-0.31064557968071316,0.05610512197449682,2.36734693877551,0.620419029826113,5.3284215008672176,0.6406603910712361,0.19293920585774504
4.530612244897959,0.11677042270681448,-0.35968557503621945,0.06149098521507705,2.5306122448979593,0.6064732508067593,5.674664300809092,0.6332471590939459,0.16846410976162884
4.530612244897959,0.10234654696644241,-0.4084153736158565,0.06650704407224688,2.693877551020408,0.586937398072229,5.986192457250564,0.6212666150575867,0.14765485576059634
4.530612244897959,0.09022762974572607,-0.4549797685774094,0.07104101331048547,2.857142857142857,0.5631510317448291,6.263790099943988,0.6056576774505368,0.1301709539853242
4.530612244897959,0.0799904259507811,-0.49798341965447646,0.07504618412012318,3.020408163265306,0.5368444564310243,6.509337939948298,0.5875735307734881,0.11540179083778801
4.530612244897959,0.07120704983559745,-0.5366148607926406,0.07852727734394475,3.183673469387755,0.5097160165464281,6.725481207764435,0.5681401201049996,0.10273005767414967
4.530612244897959,0.06354309181111728,-0.5705984048510506,0.08152063922989394,3.3469387755102042,0.48314160444075166,6.915265303712344,0.5482981456198853,0.09167330343865077
4.530612244897959,0.056773347416585684,-0.600053408142976,0.08407752653954818,3.510204081632653,0.4580657243392139,7.081826052483345,0.5287436394348314,0.08190662677257476
4.530612244897959,0.05075586319422376,-0.6253386077043941,0.08625322279898953,3.673469387755102,0.4350278439623757,7.22817206725404,0.5103932509971836,0.07322523212634513
4.530612244897959,0.045398729498374646,-0.6469252142297919,0.08810109904123567,3.836734693877551,0.41425266813111306,7.357057779853056,0.4942137848089017,0.06549652190996458
4.530612244897959,0.04063511078468518,-0.6653109008763922,0.0896698406313892,4.0,0.39575114918142723,7.470926922287688,0.47881686550430486,0.05862407281503934
4.775510204081633,0.41009751206825196,0.10039243343868967,0.0957150799816185,-4.0,0.6272661402951869,-17.761246566067136,0.5516105767803614,0.5916456469417684
4.775510204081633,0.42220786386803044,0.0829783018730019,0.07060585484111304,-3.836734693877551,0.6053492029663681,-17.055235648983714,0.5299747562946403,0.6091171914267295
4.775510204081633,0.4306000254804052,0.06986006824264075,0.05142517795815123,-3.673469387755102,0.5823067286537718,-16.36832668999618,0.5059693182119956,0.6212245213672425
4.775510204081633,0.436298727212727,0.06042748919428316,0.037689421753013284,-3.510204081632653,0.5625943344058338,-15.695218525127881,0.48409805097000774,0.6294460100959678
4.775510204081633,0.44013911679116524,0.053642236974117095,0.02803588738214733,-3.3469387755102042,0.5472569282431707,-15.031849642015354,0.4659539275981409,0.6349865210958625
4.775510204081633,0.4426564724864315,0.04862940938995368,0.02121186784290221,-3.183673469387755,0.5357938518021326,-14.375443234398094,0.45158221686005484,0.638618297673577
4.775510204081633,0.44418573680770135,0.04478004795851045,0.01631026689540611,-3.020408163265306,0.5273591835657244,-13.72417746483207,0.44049117512044417,0.6408245597260813
4.775510204081633,0.4449433954540052,0.0416954124567265,0.012724414568896059,-2.857142857142857,0.521197026183248,-13.076865774202767,0.4321058536755744,0.6419176300977902
4.775510204081633,0.44507423087268694,0.03911673597699241,0.010057019350713969,-2.693877551020408,0.5167308203222086,-12.432731305565971,0.42592044606986085,0.6421063857074949
4.775510204081633,0.44467716301634774,0.03687354996679297,0.008046985929039453,-2.5306122448979593,0.5135445214942769,-11.791262488679285,0.4215298330053077,0.641533537880258
4.775510204081633,0.4438202353059444,0.034850405437207056,0.006520342666207535,-2.36734693877551,0.5113433650494961,-11.152123118593739,0.4186213370203037,0.6402972525220592
4.775510204081633,0.4425497866301529,0.03296625673247542,0.005359165219926343,-2.204081632653061,0.5099192543127438,-10.515096405416767,0.4169571888317251,0.6384643825177903
4.775510204081633,0.4408963374562218,0.031161693850999605,0.004482197121090659,-2.0408163265306123,0.5091251315021064,-9.880049846465859,0.4163576548443824,0.6360789595941978
4.775510204081633,0.4388783681515702,0.029390899048632145,0.0038326001886612505,-1.8775510204081634,0.5088570348146827,-9.246912959303407,0.4166873517678616,0.6331676452857109
4.775510204081633,0.4365049375180894,0.027616383164935754,0.003370215643053043,-1.7142857142857142,0.5090418369743773,-8.615663121978939,0.4178446188392899,0.6297435086808947
4.775510204081633,0.4337771595065265,0.025805500204294375,0.0030665489949328827,-1.5510204081632653,0.5096290264363399,-7.986316676266387,0.4197541203340011,0.625808156870967
4.775510204081633,0.43068940225749164,0.023927820779307506,0.0029015003435995277,-1.3877551020408163,0.5105849977814998,-7.358923582535184,0.4225994726015949,0.6213534648003143
4.775510204081633,0.4272297821537736,0.021953167338863943,0.002861199698961725,-1.2244897959183674,0.5118892886262947,-6.733564596660464,0.4263335057272147,0.6163622880333217
4.775510204081633,0.42338041089715106,0.019849892025993077,0.002936585929401403,-1.0612244897959184,0.5135320242237024,-6.110350361336879,0.43069377747328164,0.6108088192108521
4.775510204081633,0.41911733392028316,0.017583242933705123,0.003122482727192133,-0.8979591836734694,0.5155122442571669,-5.489422076690012,0.43567061165918564,0.604658499197396
4.775510204081633,0.4144102077593812,0.015113653756396127,0.0034170254508501864,-0.7346938775510204,0.5178368511806339,-4.870953602830439,0.44126266646695955,0.5978675516282252
4.775510204081633,0.40922173526122996,0.012394813873598021,0.0038213519599000325,-0.5714285714285714,0.5205200067814083,-4.2551549886732305,0.44747568203386257,0.5903821680853523
4.775510204081633,0.4035068606662271,0.009371372111950027,0.004339499846427852,-0.40816326530612246,0.5235828427119852,-3.642277541256544,0.45432135376192334,0.5821373468478401
4.775510204081633,0.3972117262606514,0.0059761106269377254,0.004978478427763644,-0.24489795918367346,0.527053367973567,-3.0326206640876316,0.46181617223181565,0.5730553876591857
4.775510204081633,0.39027240138296815,0.002126396993880064,0.005748498803282387,-0.08163265306122448,0.5309664430687391,-2.4265408129976,0.4699800399956296,0.5630440580710352
4.775510204081633,0.3826134211285692,-0.00228031272227589,0.006663352518787247,0.08163265306122448,0.5353636413149812,-1.8244630511533306,0.47883441685003875,0.5519944852397471
4.775510204081633,0.374146231604948,-0.007372181760631036,0.007740930209341501,0.24489795918367346,0.540292718381704,-1.2268958342195493,0.4883996502507173,0.5397789129037522
4.775510204081633,0.3647677519834871,-0.013310189528163785,0.009003861176712192,0.40816326530612246,0.5458062341023513,-0.6344498168803473,0.4986910058526395,0.5262486268627926
4.775510204081633,0.3543594681093729,-0.020297057119867113,0.010480227163029076,0.5714285714285714,0.5519585765204741,-0.04786162109751501,0.5097127156401108,0.5112326473334439
4.775510204081633,0.3427878221542746,-0.02858797438995153,0.012204246717906075,0.7346938775510204,0.5588001741027994,0.5319764103151878,0.5214491090541851,0.4945382910990994
4.775510204081633,0.32990722745550816,-0.038502770534937336,0.01421672264572631,0.8979591836734694,0.5663669967540688,1.103979551467424,0.5338516200538382,0.4759555210034887
4.775510204081633,0.3155678775343267,-0.050438241173227503,0.016564871245942324,1.0612244897959184,0.5746625408809949,1.6668267113659685,0.5468202846330408,0.455268211982629
4.775510204081633,0.29963159999755073,-0.0648775646121981,0.019300890672441517,1.2244897959183674,0.5836285582780041,2.21891005189887,0.5610760264452259,0.4322770234100921
4.775510204081633,0.28199999198767167,-0.08239069798169323,0.022478295387710134,1.3877551020408163,0.5931004969174987,2.758281921373702,0.5758376397324434,0.4068399899713411
4.775510204081633,0.26265891517393647,-0.1036151965460601,0.02614477095492975,1.5510204081632653,0.6027456225416004,3.2826079213992427,0.5904527001913117,0.3789367143667133
4.775510204081633,0.24173985928247999,-0.1292020599357262,0.03033043802868951,1.7142857142857142,0.611989130685426,3.7891429772728085,0.6043047803633953,0.34875689617202976
4.775510204081633,0.21958837251206043,-0.15970977422762667,0.03503160314390974,1.8775510204081634,0.6199498616327912,4.274757564119468,0.616572437114232,0.31679905606002823
4.775510204081633,0.19681114861698212,-0.19543960550032596,0.04019299325653871,2.0408163265306123,0.6254320492486115,4.736049476728137,0.6262670481035532,0.2839384681013808
4.775510204081633,0.17425429755948918,-0.23623547150234483,0.045695766652376825,2.204081632653061,0.6270384108700455,5.169572855776716,0.6323527021751185,0.25139581094266505
4.775510204081633,0.15287040041299504,-0.281319617228116,0.05136130837961765,2.36734693877551,0.6234483368713534,5.572187696083622,0.6339511874670594,0.220545368574538
4.775510204081633,0.13348853314854536,-0.3292685989232319,0.05697687614554734,2.5306122448979593,0.6138132462034932,5.941476630978881,0.6305784902895486,0.19258324478894862
4.775510204081633,0.11659035168717602,-0.3782003888626714,0.0623370466706417,2.693877551020408,0.5980977522296256,6.276115919923697,0.6223075093813469,0.16820432219458903
4.775510204081633,0.10222626030379445,-0.4261320465426047,0.0672829959150127,2.857142857142857,0.5771637683278718,6.576072866443769,0.6097644715408596,0.14748131878890858
4.775510204081633,0.09011425353715619,-0.47135853556592283,0.07172229659609648,3.020408163265306,0.552533301985606,6.842561307041221,0.5939565273551738,0.1300073866914664
4.775510204081633,0.07983208866200564,-0.5126980637357905,0.07562547497346232,3.183673469387755,0.5259669314837788,7.077787484195549,0.5760225085898858,0.11517335841648313
4.775510204081633,0.07097844607058712,-0.5495463758359428,0.07900861509959856,3.3469387755102042,0.499073235547808,7.284590826779329,0.5570179008286582,0.10240025215604076
4.775510204081633,0.06324682214842325,-0.5817857807412683,0.08191385430358936,3.510204081632653,0.4730827511062564,7.466090173894084,0.5377925858151043,0.09124587666551642
4.775510204081633,0.05642907955151055,-0.6096334392610192,0.08439446165716105,3.673469387755102,0.4487940226216427,7.6254047212812495,0.5189579716927533,0.08140995323089362
4.775510204081633,0.050388583789895636,-0.6334947924755142,0.08650567137949294,3.836734693877551,0.426629254026435,7.765470483619015,0.5019969681918901,0.07269535995110044
4.775510204081633,0.045031047100069,-0.6538524818584194,0.08829986637960927,4.0,0.4067320959084455,7.888941456595015,0.4864093012992288,0.064966068337307
5.020408163265306,0.4367336955364378,0.0758223509287779,0.06244643455206818,-4.0,0.5935743032502063,-17.621994394249008,0.5085203078145512,0.6300735367395296
5.020408163265306,0.4442763809949739,0.06373424527338231,0.04471442749591394,-3.836734693877551,0.5698851400740546,-16.939562098542883,0.4832791650019084,0.6409553316455452
5.020408163265306,0.44928127577068877,0.05525214795384803,0.032313482104601346,-3.673469387755102,0.550708358335237,-16.26952094480415,0.4614611264019011,0.6481758685186394
5.020408163265306,0.45260758118697075,0.049230295028693874,0.023704453163903703,-3.510204081632653,0.5362479494187457,-15.608084579283238,0.4438904293120915,0.6529747128471914
5.020408163265306,0.45476067422677224,0.044809563227539796,0.01764603001557936,-3.3469387755102042,0.5256244401115179,-14.952756275277372,0.43020397063009264,0.6560809694982868
5.020408163265306,0.4560475523196017,0.04142449177215155,0.01329541772192815,-3.183673469387755,0.5178785401440225,-14.301928822484946,0.41973875874148175,0.6579375421410392
5.020408163265306,0.45666350364819874,0.038715782883758675,0.010106605841121418,-3.020408163265306,0.5122447694173241,-13.654564870676552,0.4118625048516485,0.6588261720682347
5.020408163265306,0.4567355128565349,0.03645354377716252,0.007725347351079237,-2.857142857142857,0.5081662355366088,-13.009987404579988,0.40605959134505554,0.6589300593960004
5.020408163265306,0.45635086976564687,0.0344880385096898,0.005921895488142104,-2.693877551020408,0.5052524316204376,-12.367750315413888,0.40193213286895707,0.658375136716264
5.020408163265306,0.4555692881430866,0.03271846856035354,0.004543598092985479,-2.5306122448979593,0.5032306189572354,-11.727559282914918,0.399179497136288,0.6572475527853467
5.020408163265306,0.4544314051842451,0.031074454633235948,0.003486932412271271,-2.36734693877551,0.5019096400321061,-11.089222997601848,0.3975757872708704,0.6556059346835137
5.020408163265306,0.4529641931881543,0.029504758486774918,0.002680511555773557,-2.204081632653061,0.5011548741764331,-10.452622644219488,0.39695142945289913,0.6534891952128206
5.020408163265306,0.45118433480212583,0.02797022047618707,0.002074275396523184,-2.0408163265306123,0.5008711165941324,-9.817692543701325,0.3971790508159667,0.6509214023458125
5.020408163265306,0.449100532976644,0.026439246716413844,0.0016328136290034933,-1.8775510204081634,0.5009912507120527,-9.184407778633588,0.39816322808113574,0.6479151117859945
5.020408163265306,0.44671456414876265,0.024884697821179923,0.0013304059726087613,-1.7142857142857142,0.5014681047329519,-8.552776323373163,0.39983273452547474,0.6444728863902949
5.020408163265306,0.4440230309722677,0.023281878960577474,0.0011492726035248423,-1.5510204081632653,0.5022701732545262,-7.922834189647748,0.4023189323231808,0.6405898248241764
5.020408163265306,0.4410171130635667,0.021606778820073093,0.0010765914329188054,-1.3877551020408163,0.5033772585274183,-7.294642687331834,0.4056256596687894,0.6362532019639753
5.020408163265306,0.43768318897843606,0.019834783899138574,0.0011037337079284003,-1.2244897959183674,0.5047785188387554,-6.6682872601954255,0.4094964375236845,0.6314433662196568
5.020408163265306,0.43400279924575424,0.017939436962637577,0.0012253605486556075,-1.0612244897959184,0.5064708593455745,-6.04387758596553,0.41392071342337844,0.6261336862037785
5.020408163265306,0.42995243816921236,0.015891199909266174,0.001438879291969264,-0.8979591836734694,0.5084579387777655,-5.421548784539705,0.41889577105587966,0.6202902503648415
5.020408163265306,0.4255031550000836,0.01365610482309505,0.001744127844300447,-0.7346938775510204,0.5107495958441651,-4.8014636911101,0.42442569980594846,0.613871291601229
5.020408163265306,0.42061995779144934,0.011194190566696993,0.0021432353505255854,-0.5714285714285714,0.5133615903579919,-4.183816242704042,0.4305205707323642,0.606826327204649
5.020408163265306,0.4152610071102709,0.008457612310424367,0.0026406243840245923,-0.40816326530612246,0.5163155745817101,-3.5688361108359015,0.4371957094725308,0.599094995632544
5.020408163265306,0.40937658854236214,0.005388293412027201,0.003243141965653162,-0.24489795918367346,0.5196392251237718,-2.956794799385235,0.44447095263759917,0.5906055741461071
5.020408163265306,0.40290785350370206,0.0019149610061690136,0.003960315169891926,-0.08163265306122448,0.5233664549647135,-2.348013523129733,0.45236975102097265,0.5812731621850085
5.020408163265306,0.3957853318048812,-0.0020506284637167305,0.004804731485000069,0.08163265306122448,0.5275375888688429,-1.7428732946470447,0.4609179370462501,0.5709975354514949
5.020408163265306,0.3879272554748716,-0.006618506392293111,0.005792547274570792,0.24489795918367346,0.5321993160492559,-1.1418277794544993,0.4701419007917034,0.5596607276992636
5.020408163265306,0.3792378049401861,-0.011926617168458109,0.006944121539066583,0.40816326530612246,0.5374041058152388,-0.5454196306389466,0.4800658061264692,0.5471245005048226
5.020408163265306,0.3696055250203203,-0.018148520920937106,0.00828475550320069,0.5714285714285714,0.5432085562352078,0.04569882577952396,0.49070731640109305,0.5332280580319773
5.020408163265306,0.3589024022591496,-0.025502872796793197,0.009845481276046453,0.7346938775510204,0.5496697948613332,0.6307395465368966,0.5020710780979136,0.5177867159024112
5.020408163265306,0.34698451022238896,-0.03426464129819031,0.011663770775929994,0.8979591836734694,0.556838507017907,1.2087463191236918,0.5141389376521913,0.5005928321631261
5.020408163265306,0.3336957929987616,-0.044777460515901105,0.013783908164006408,1.0612244897959184,0.5647463850937163,1.778555060805321,0.5268555917000594,0.4814212657248236
5.020408163265306,0.3188775243177442,-0.05746533773993867,0.016256560837445887,1.2244897959183674,0.5733848110604465,2.338746769545532,0.5403499057996697,0.46004302298415967
5.020408163265306,0.30238716687276646,-0.07283977034892311,0.019136783139894375,1.3877551020408163,0.5826707125865844,2.8875947988059285,0.5550671847348378,0.4362524660758038
5.020408163265306,0.28413126728537574,-0.0914947868818203,0.022479337030190318,1.5510204081632653,0.5923957209603745,3.423011673326098,0.5699795733318115,0.40991477027410816
5.020408163265306,0.2641162582461216,-0.1140776334930167,0.026330006220940883,1.7142857142857142,0.6021581436980619,3.942506849514385,0.5846162396011216,0.38103921598982815
5.020408163265306,0.24251582372015545,-0.14121854695330466,0.03071197833900243,1.8775510204081634,0.6112873922034284,4.443176019682775,0.5983078649476363,0.34987637621817047
5.020408163265306,0.2197403343469546,-0.1734044736296536,0.035608118823633995,2.0408163265306123,0.6187905293248692,4.921753067004038,0.6101839476050906,0.3170182906456347
5.020408163265306,0.1964729037766988,-0.21079778822963596,0.04094358203170232,2.204081632653061,0.6233765970877349,5.374761372365718,0.6192324326142461,0.2834504839476977
5.020408163265306,0.17362063845799303,-0.25303900949193253,0.04657759626932327,2.36734693877551,0.6236244842091899,5.798789958955385,0.6244466485100807,0.25048163409932167
5.020408163265306,0.15214801820938328,-0.29912059079907094,0.05231434746387196,2.5306122448979593,0.6183154488013648,6.190880214775261,0.6250472117374642,0.21950319135176066
5.020408163265306,0.13283201675044976,-0.3474339141657719,0.05793576668790938,2.693877551020408,0.6068376785913223,6.548945765424755,0.6207057876610901,0.19163609183715336
5.020408163265306,0.1160625216086213,-0.39602711414599073,0.06324523698003406,2.857142857142857,0.5894612261370582,6.872097796212861,0.6116610948812625,0.16744282435782587
5.020408163265306,0.1018080018078209,-0.4429881157803937,0.06810231956026007,3.020408163265306,0.5673086881714055,7.1607597288351,0.5986582847149722,0.14687789933095807
5.020408163265306,0.08974900316945411,-0.48678763512796197,0.07243464233402841,3.183673469387755,0.5420305353849242,7.416537702571367,0.5827439377047821,0.12948044179729923
5.020408163265306,0.07946882987472592,-0.5264554592440734,0.07622845239065838,3.3469387755102042,0.5153708123317534,7.641912687669268,0.5650229839353174,0.11464928676551578
5.020408163265306,0.07059154524320466,-0.5615743659879163,0.07950936063637695,3.510204081632653,0.4888246934883648,7.8398697949625165,0.5464744709700563,0.10184207225106023
5.020408163265306,0.0628348667455434,-0.5921593824325545,0.0823239058555311,3.673469387755102,0.46347573098074546,8.013564427641937,0.5278617437110562,0.09065155064871444
5.020408163265306,0.05600476437907642,-0.6185039554229455,0.08472654268439779,3.836734693877551,0.4399873841241275,8.166076198291242,0.5097204293888318,0.0807977958358479
5.020408163265306,0.04996886423053715,-0.6410456185284937,0.08677202716040666,4.0,0.4186789858612926,8.300257398159147,0.4940369245663283,0.07208983262425006
5.26530612244898,0.45678169397122415,0.05790559903861721,0.03828523028318724,-4.0,0.5571620076659298,-17.516937039581013,0.46047238709986416,0.6589966846611457
5.26530612244898,0.4610660897157539,0.05040513987826016,0.027271625475512717,-3.836734693877551,0.5389935775349007,-16.8498018557819,0.43924121029664775,0.6651777611549843
5.26530612244898,0.4638826882926075,0.04512813926411687,0.019692937521709152,-3.673469387755102,0.525641388459582,-16.190171176900773,0.4225537412155038,0.6692412539539854
5.26530612244898,0.46568399317594245,0.04126555486704928,0.01436772388950982,-3.510204081632653,0.5159600979951444,-15.535848732313074,0.4097235991068879,0.6718399875763019
5.26530612244898,0.4667395749196397,0.03830867472399744,0.010537580329115403,-3.3469387755102042,0.5089476588856672,-14.885440733924092,0.39998180272656625,0.6733628701231869
5.26530612244898,0.46721772753994073,0.03594071834068067,0.0077195436536172,-3.183673469387755,0.5038609444979167,-14.238052711644432,0.39267474427697696,0.6740526985372832
5.26530612244898,0.4672286479494183,0.03396166184943574,0.0056052665468727895,-3.020408163265306,0.5001799377730509,-13.59310147176894,0.3872959476726871,0.6740684533578816
5.26530612244898,0.46684722308184745,0.03224178114765901,0.0039951004732309055,-2.857142857142857,0.49754642373893976,-12.950201986302568,0.3834651121743643,0.673518173592965
5.26530612244898,0.4661245326397163,0.030694063771854997,0.0027563146370034987,-2.693877551020408,0.4957125776313328,-12.309099142185127,0.38089902534083203,0.6724755516760039
5.26530612244898,0.46509564300129314,0.029257965635604566,0.0017991305273311387,-2.5306122448979593,0.49450581754005735,-11.669625901896145,0.3793867552122509,0.670991177697029
5.26530612244898,0.4637838728160697,0.027889566265757938,0.0010613419480222542,-2.36734693877551,0.49380467039167275,-11.031677161464481,0.37877059752934833,0.669098693356021
5.26530612244898,0.4622039737632242,0.02655551226812163,0.0004993559078621424,-2.204081632653061,0.4935232690348886,-10.395193135068185,0.3789323460925133,0.6668193808273766
5.26530612244898,0.4603637896159334,0.025229120257742533,8.193967793317381e-5,-2.0408163265306123,0.493600626122098,-9.760148677411163,0.37978328439826897,0.6641645562837573
5.26530612244898,0.45826571854533094,0.023887811497326706,-0.0002132934176945378,-1.8775510204081634,0.49399389583622977,-9.126546422919168,0.3812571635546039,0.6611376795547663
5.26530612244898,0.4559074593145491,0.022511309281188562,-0.0004024795339234499,-1.7142857142857142,0.49467361048914726,-8.494412467805564,0.38345964420116385,0.6577354306573873
5.26530612244898,0.4532825342210438,0.02108030418161182,-0.0004971116476367943,-1.5510204081632653,0.49562056305293956,-7.863793821064434,0.38640237550421147,0.6539484642422817
5.26530612244898,0.45038050780774896,0.01957538011959974,-0.0005052017807506415,-1.3877551020408163,0.4968236277533795,-7.234757154290765,0.38985263352492905,0.6497617251272922
5.26530612244898,0.4471870800842226,0.01797606989373035,-0.0004319699366846619,-1.2244897959183674,0.49827838090264703,-6.607388571835238,0.3937992162034956,0.6451545827871237
5.26530612244898,0.44368395984753417,0.016259941839874913,-0.00028035323129795844,-1.0612244897959184,0.49998616239122945,-5.981794249844186,0.3982380962106805,0.6401006485940157
5.26530612244898,0.43984859805449683,0.014401638291072327,-5.130327870701556e-5,-0.8979591836734694,0.5019535301334215,-5.358101883105776,0.40317152716038845,0.6345673911551852
5.26530612244898,0.4356537640650078,0.01237179259247816,0.00025605715293848253,-0.7346938775510204,0.5041919947853793,-4.736462949360326,0.4086073772465722,0.6285155249611973
5.26530612244898,0.4310669523443085,0.010135747720076948,0.0006443896598419263,-0.5714285714285714,0.5067179726664887,-4.117055862926047,0.41455861303540564,0.6218981544382531
5.26530612244898,0.4260496100155573,0.007651989374800205,0.001118201106124772,-0.40816326530612246,0.509552916628924,-3.50009015104253,0.4210428590464545,0.6146596595421214
5.26530612244898,0.42055615935073676,0.004870187960588445,0.001683999996290475,-0.24489795918367346,0.5127235807823431,-2.885811853531878,0.42808195489392187,0.6067342855106164
5.26530612244898,0.4145327968306616,0.001728718508262217,0.0023505537123913235,-0.08163265306122448,0.5162623732959284,-2.2745104247532093,0.4357014107977157,0.598044410273427
5.26530612244898,0.40791605083125426,-0.0018485051218075199,0.0031292515957558552,0.08163265306122448,0.5202077240662141,-1.6665275114629794,0.44392963044953326,0.5884984636332611
5.26530612244898,0.4006311011032395,-0.005956083863001083,0.004034583153521764,0.24489795918367346,0.5246043459827495,-1.0622680953664487,0.45279671278739364,0.5779885027875289
5.26530612244898,0.39258990577178055,-0.010712316127871735,0.005084738284611956,0.40816326530612246,0.5295031783491551,-0.4622146269026007,0.4623325577309967,0.5663875101600131
5.26530612244898,0.3836892685850275,-0.016265777794323765,0.006302327126425244,0.5714285714285714,0.5349606460200989,0.13305506646056706,0.4725638722653871,0.5535466050299331
5.26530612244898,0.3738091425684691,-0.022803554081676825,0.007715193978899126,0.7346938775510204,0.5410366097773203,0.7228451548701571,0.4835094905754975,0.5392925962224857
5.26530612244898,0.3628117574601428,-0.030561265100637745,0.009357251921210553,0.8979591836734694,0.5477899697684465,1.306313402632908,0.4951731782234154,0.5234267232639573
5.26530612244898,0.35054265043438315,-0.0398347029350965,0.01126917498080413,1.0612244897959184,0.5552702542083112,1.8824359439445,0.5075327997661787,0.5057261434017577
5.26530612244898,0.3368354567593774,-0.05099216454305977,0.013498629244513527,1.2244897959183674,0.5635026469262121,2.4499645428051586,0.5205244636398408,0.4859508430623225
5.26530612244898,0.3215234203507926,-0.06448510589800152,0.01609947867120589,1.3877551020408163,0.5724628768566067,3.007376673689252,0.5346900857972205,0.4638602440697466
5.26530612244898,0.3044618544630082,-0.08085214833677654,0.019129063836323977,1.5510204081632653,0.5820376802850475,3.5528210638628286,0.549599089590796,0.4392456075736395
5.26530612244898,0.2855665090043733,-0.10070744726376753,0.02264230313571085,1.7142857142857142,0.5919674496157392,4.084065748010364,0.5646105833985868,0.41198538638458304
5.26530612244898,0.26487115549453466,-0.12469949455204225,0.026681281055626237,1.8775510204081634,0.6017728779705687,4.598463023268209,0.5792062644675977,0.38212830250649477
5.26530612244898,0.24260038807078654,-0.1534233020164711,0.03125975419556322,2.0408163265306123,0.6106807830311018,5.092955856443111,0.5926641079548289,0.3499983767874624
5.26530612244898,0.2192373768841993,-0.1872742534929197,0.03634441452445129,2.204081632653061,0.6175877772485355,5.5641602791445175,0.6040702895373816,0.3162926764083389
5.26530612244898,0.19554389913165848,-0.22625526523143238,0.04183898352528557,2.36734693877551,0.6211251973196176,6.008559716105929,0.6124027339526297,0.2821102135533353
5.26530612244898,0.17248000583916578,-0.26979308508637867,0.047581188024111175,2.5306122448979593,0.6198850904947482,6.422826750334535,0.6167033637538574,0.2488360490766639
5.26530612244898,0.15100516198522018,-0.316662325083899,0.0533613897996215,2.693877551020408,0.6127966848561053,6.804237213283054,0.6163089669152424,0.21785439834471143
5.26530612244898,0.13182814712398372,-0.3651066245431031,0.05896136945654622,2.857142857142857,0.5995156208877057,7.151076313734604,0.6110511033439876,0.1901878141053519
5.26530612244898,0.11524206922954017,-0.41315413165297554,0.06419779313709895,3.020408163265306,0.5806110255306869,7.462902763850788,0.6013200279960743,0.16625916177923994
5.26530612244898,0.10113971309333558,-0.45900358254736806,0.06895048938822859,3.183673469387755,0.5574246709256573,7.7405764048543375,0.5879534538421687,0.14591376251668775
5.26530612244898,0.08917287225653237,-0.5013164159941438,0.07316647701124712,3.3469387755102042,0.5316831297597525,7.986053012526779,0.5720122624269142,0.1286492605863243
5.26530612244898,0.07893433605374045,-0.53932489330611,0.07684586726954623,3.510204081632653,0.5050756452848378,8.202038578918245,0.5545532922820509,0.11387817518059462
5.26530612244898,0.07007237601584437,-0.5727769278479681,0.08002199931931746,3.673469387755102,0.4789690507603141,8.391620471253715,0.5364771352447217,0.10109306938136564
5.26530612244898,0.06232589717111514,-0.6017970440732697,0.08274458471479151,3.836734693877551,0.4543033035278775,8.557959866963584,0.5184664051506476,0.08991726276772338
5.26530612244898,0.05551271523445256,-0.6267367953872344,0.08506857667025995,4.0,0.4316189256448357,8.704078962309486,0.501608658281357,0.08008791897502565
5.510204081632653,0.47170408064231073,0.045927810084579315,0.022631265500776786,-4.0,0.5276791451084633,-17.435639491763244,0.4176841686672596,0.6805251379097497
5.510204081632653,0.47404178720663004,0.04135303243642332,0.01602763809205765,-3.836734693877551,0.5155714987117392,-16.777647863553053,0.4020973166379496,0.6838977355771467
5.510204081632653,0.4755187939690295,0.038004248115521014,0.011385070280820165,-3.673469387755102,0.5068768083628592,-16.12423334005033,0.39023162978045534,0.68602860590862
5.510204081632653,0.47636195142485893,0.03543536362710529,0.008034195892173935,-3.510204081632653,0.500605475332143,-15.474205191697513,0.38126818408693186,0.6872450249888336
5.510204081632653,0.47671376848471936,0.03337278914530191,0.005556526708694709,-3.3469387755102042,0.49606194658579206,-14.826801207816306,0.3745600220800767,0.6877525897163936
5.510204081632653,0.47666700057764033,0.031645133119044336,0.0036872012999610735,-3.183673469387755,0.4927729043344133,-14.181523902249195,0.3696250692359724,0.6876851178887784
5.510204081632653,0.47628418804553774,0.030141404578170095,0.0022541094483460753,-3.020408163265306,0.4904157538755265,-13.538043802531547,0.3661076361621701,0.6871328361471245
5.510204081632653,0.4756096148041802,0.02878741736894479,0.0011445545851944017,-2.857142857142857,0.4887701047338668,-12.89614156896138,0.3637454524491333,0.6861596326771005
5.510204081632653,0.47467227245558274,0.027531458355703142,0.0002803857763141071,-2.693877551020408,0.4876816276263093,-12.25567260179776,0.3623443797220491,0.6848073335191645
5.510204081632653,0.47349156904262624,0.026335897023346287,-0.00039248845578203627,-2.5306122448979593,0.48704192085083264,-11.616544910764345,0.361759893619549,0.6831039385605311
5.510204081632653,0.4720810824417623,0.025172644481995143,-0.0009110667561895491,-2.36734693877551,0.4867748764357289,-10.97870500440058,0.3618831034371979,0.6810690365362251
5.510204081632653,0.47044739026701454,0.024019098981784913,-0.0013029650272669891,-2.204081632653061,0.4868255571532464,-10.34212877201539,0.3626324881347423,0.6787121169373767
5.510204081632653,0.4685931093570386,0.02285639506008643,-0.0015875689550262305,-2.0408163265306123,0.48715547866901676,-9.706815570387379,0.3639469644942492,0.6760369550641392
5.510204081632653,0.4665166096765725,0.02166780624903124,-0.001779435956285025,-1.8775510204081634,0.4877374660230259,-9.072784441476216,0.365924366620531,0.6730411992727241
5.510204081632653,0.4642131846838582,0.02043762538142524,-0.0018885121732646003,-1.7142857142857142,0.48855388231222496,-8.440071804931033,0.3685570568614447,0.6697180594586754
5.510204081632653,0.4616748303093161,0.019150367009635082,-0.0019222377204262564,-1.5510204081632653,0.48959360956020426,-7.808730222756854,0.371646206058599,0.6660559881905046
5.510204081632653,0.458890259440085,0.017789969483725087,-0.0018855991459169274,-1.3877551020408163,0.4908515063581631,-7.178827992554643,0.3751804418697468,0.6620387016064608
5.510204081632653,0.455845189943066,0.016339127178116964,-0.001781600114879467,-1.2244897959183674,0.4923273384760747,-6.5504494296562665,0.37915465522303743,0.6576455949439493
5.510204081632653,0.4525219658019155,0.014778595738998179,-0.0016116297655739409,-1.0612244897959184,0.4940252618932253,-5.923695771311084,0.38356945145920956,0.652851195955749
5.510204081632653,0.4488992903687745,0.013086423186950325,-0.001375614214353349,-0.8979591836734694,0.49595354294039157,-5.298686691082535,0.38843052829676195,0.6476247800736052
5.510204081632653,0.4449518002028914,0.011237066305019461,-0.0010720770227519605,-0.7346938775510204,0.4981244903170329,-4.67556245810559,0.39374827879383717,0.6419297555873276
5.510204081632653,0.4406495388475846,0.009200334985121229,-0.0006980931127623657,-0.5714285714285714,0.5005545578686187,-4.054486819972387,0.3995374807675252,0.6357229044654193
5.510204081632653,0.4359571630357395,0.006940077685289925,-0.0002492799502467946,-0.40816326530612246,0.5032645065713427,-3.435650734607624,0.4058170576385895,0.6289532371516828
5.510204081632653,0.4308331045682905,0.00441255135705827,0.00028044813406356004,-0.24489795918367346,0.5062798047649111,-2.819277129866436,0.4126098557181116,0.6215607834114683
5.510204081632653,0.42522841916164933,0.0015643394796683642,0.0008990840414817569,-0.08163265306122448,0.5096310235082131,-2.205626933924353,0.4199423458648122,0.613474931569566
5.510204081632653,0.41908543731609904,-0.0016703023337553357,0.0016168719678431253,0.08163265306122448,0.5133543185425247,-1.5950066991554472,0.42784417570709293,0.6046124821247187
5.510204081632653,0.4123361517380435,-0.00537285148103297,0.002446745474845713,0.24489795918367346,0.517491877081597,-0.9877782413704216,0.4363474269043976,0.5948753212917142
5.510204081632653,0.404900351440306,-0.009644886181394918,0.003404879660173066,0.40816326530612246,0.5220921977640959,-0.3843708384308983,0.44548537772008306,0.5841477290771286
5.510204081632653,0.39668356019878925,-0.014613665841133328,0.004511365263176748,0.5714285714285714,0.5272099559463979,0.21470332213442014,0.4552904683101018,0.572293405100972
5.510204081632653,0.38757494090730593,-0.020439191719680762,0.0057909988822536064,0.7346938775510204,0.5329050212576698,0.8088295947592365,0.46579102217148916,0.5591524452198029
5.510204081632653,0.3774455237192267,-0.0273229776865501,0.007274153283424911,0.8979591836734694,0.5392398889931942,1.3972662199023098,0.47700607353905866,0.5445387852754666
5.510204081632653,0.36614746334926807,-0.03551859419028458,0.008997631339732148,1.0612244897959184,0.5462743033806671,1.9791134635576813,0.48893738501057826,0.5282391296080626
5.510204081632653,0.3535156134684734,-0.0453436167096102,0.01100529665964307,1.2244897959183674,0.5540551292262645,2.55327555362693,0.5015574366718855,0.5100152224277865
5.510204081632653,0.33937361128731935,-0.05719167825226958,0.01334808723994756,1.3877551020408163,0.5625985587583939,3.1184149430077297,0.5148818704620115,0.4896126260127942
5.510204081632653,0.3235479080394872,-0.07154153945016546,0.016082733826483044,1.5510204081632653,0.5718607033398339,3.672899819303683,0.5295607117311821,0.4667809624185666
5.510204081632653,0.3058944916538564,-0.08895704018301527,0.019268138318941384,1.7142857142857142,0.5816921984333586,4.2147487196647875,0.5446214932248896,0.4413124661442702
5.510204081632653,0.28634343312779165,-0.11006735234103555,0.022958052150491313,1.8775510204081634,0.5917743609576331,4.741581490919637,0.5596825605144858,0.41310625096458553
5.510204081632653,0.26496351425508036,-0.13551217178837904,0.027188807125958392,2.0408163265306123,0.6015419107461887,5.250594333441054,0.574176260653977,0.38226154803231616
5.510204081632653,0.24203931331598705,-0.1658352628404831,0.03196209752913674,2.204081632653061,0.6101142218146842,5.738587471278414,0.5873294026994121,0.34918891702114463
5.510204081632653,0.218133702215495,-0.20132011991213714,0.03722593609928963,2.36734693877551,0.6162832050761621,6.202082452468361,0.5981925580826266,0.31470041043704455
5.510204081632653,0.19408637150332386,-0.24179235293492143,0.042861526783007295,2.5306122448979593,0.6186260880897203,6.637561618359584,0.6057487446406479,0.28000744567197877
5.510204081632653,0.17089845761351774,-0.2864611631343058,0.04868670667284001,2.693877551020408,0.6157891069388549,7.041831381607966,0.6091074907186418,0.24655435729459452
5.510204081632653,0.1495055869128854,-0.3339034942968365,0.05448236858814537,2.857142857142857,0.6068923621449541,7.412451213055328,0.6077354467009644,0.21569096882441352
5.510204081632653,0.13053389493120648,-0.3822572278033446,0.06003542240950181,3.020408163265306,0.5918782730208193,7.7481089803905085,0.6016226344444611,0.18832060288517294
5.510204081632653,0.11417804869092363,-0.42957726596103657,0.06517948117324084,3.183673469387755,0.571595998203018,8.048811831043496,0.591292670544373,0.16472410462477471
5.510204081632653,0.1002633071417749,-0.47420403071531664,0.06981545251034885,3.3469387755102042,0.5475598082876953,8.31582758886288,0.577650083323599,0.14464937599656524
5.510204081632653,0.08842124809036145,-0.5149954446855727,0.07390840432346715,3.510204081632653,0.5215243579331785,8.55141626367922,0.5617491353944029,0.12756489612917754
5.510204081632653,0.07825742899142574,-0.5513722342878772,0.07747029748358156,3.673469387755102,0.4950945016973859,8.758461840339008,0.544589064443552,0.11290160471865018
5.510204081632653,0.06944312502442807,-0.583225364146913,0.08054052879954546,3.836734693877551,0.46950099429184505,8.940115907228714,0.5269928706912634,0.10018525209657492
5.510204081632653,0.06173588589518908,-0.6107681182405453,0.08317093341158951,4.0,0.44554703983735544,9.099520162559642,0.5095689958115002,0.08906605642587628
5.755102040816326,0.4831715214567216,0.03790787720419784,0.012715279991869477,-4.0,0.5061318347589325,-17.370069263030512,0.38263374462256017,0.6970691579043877
5.755102040816326,0.4843580445129685,0.03502157745215082,0.008697412178621544,-3.836734693877551,0.49842451038006585,-16.717451742892454,0.37179229427784377,0.6987809488335355
5.755102040816326,0.4850155540670118,0.03280004084542547,0.005777123494245862,-3.673469387755102,0.49286945102590607,-16.067752292196936,0.36361842702013186,0.6997295346064907
5.755102040816326,0.48525582017094027,0.031008178366146978,0.0036067176152336346,-3.510204081632653,0.48884769416272034,-15.420327657116738,0.35751436047309837,0.700076165323122
5.755102040816326,0.48515759411212156,0.029502034710634617,0.001958446054091967,-3.3469387755102042,0.4859332690772506,-14.774756880420597,0.35302543910733813,0.6999344550751783
5.755102040816326,0.4847721567557717,0.02818765770390528,0.0006854450886435882,-3.183673469387755,0.48384061993084054,-14.130759985002145,0.3498251642948003,0.6993783865125995
5.755102040816326,0.4841386786247772,0.027002535812121465,-0.000306028748325371,-3.020408163265306,0.4823771665968617,-13.488149619651123,0.3476738054952883,0.6984644707545016
5.755102040816326,0.48327932113870387,0.02590249705675942,-0.0010847899573902975,-2.857142857142857,0.4814056959451178,-12.84680146172993,0.3463952975477163,0.6972246799709927
5.755102040816326,0.482210848620636,0.02485574981953127,-0.0016971057337781925,-2.693877551020408,0.4808307132047358,-12.20663567004423,0.3458577833361701,0.6956831999678501
5.755102040816326,0.48094493566604446,0.023838497210324737,-0.0021745003489069383,-2.5306122448979593,0.48058526976147464,-11.567605003963122,0.3459624885156258,0.6938568736260646
5.755102040816326,0.4794875678858943,0.022831670501479828,-0.0025406170602543243,-2.36734693877551,0.48062081087531644,-10.929687101900397,0.34663504617502017,0.6917543363568899
5.755102040816326,0.47784089064949353,0.02181947218015947,-0.0028127519572655356,-2.204081632653061,0.4809026383626188,-10.292879430451134,0.347819462116711,0.6893786832739899
5.755102040816326,0.4760040841217681,0.02078802284806285,-0.003003370090617086,-2.0408163265306123,0.48140646775396123,-9.657196009164085,0.3496173396891862,0.6867287316053674
5.755102040816326,0.4739728415007056,0.0197244610993881,-0.0031222084973745235,-1.8775510204081634,0.48211537428375434,-9.022665361012365,0.3519853133932458,0.6837982679491188
5.755102040816326,0.4717427074164211,0.018616338323129544,-0.0031739832287543735,-1.7142857142857142,0.48302021392185307,-8.389329349246744,0.3547640258519926,0.680580864565203
5.755102040816326,0.469303102089315,0.01745083489273145,-0.003165114166150551,-1.5510204081632653,0.48411424881024806,-7.757242687595378,0.35794216936385886,0.6770612580580617
5.755102040816326,0.4666433024552201,0.016214426082047796,-0.0030980078181449323,-1.3877551020408163,0.48539658023888566,-7.1264730050411655,0.36151379543361456,0.6732239783161944
5.755102040816326,0.46374942528114294,0.014892297144376898,-0.0029741849948137443,-1.2244897959183674,0.486869720918185,-6.497101393608163,0.36547826434365027,0.6690489960682111
5.755102040816326,0.4606046602988598,0.013467768178006101,-0.002794164818499345,-1.0612244897959184,0.48853942170237163,-5.869223420008982,0.3698393084896809,0.6645120592235112
5.755102040816326,0.45718912040726,0.011921700724388962,-0.002557184312791105,-0.8979591836734694,0.49041492256199354,-5.242950612608876,0.37460499835051614,0.6595844767599401
5.755102040816326,0.45347968274801675,0.010231772558018793,-0.0022610939989805567,-0.7346938775510204,0.49250899115546687,-4.618412468591569,0.37978729374284526,0.6542328894444638
5.755102040816326,0.44944795575841945,0.008371551369717478,-0.001903971306871055,-0.5714285714285714,0.494836899762874,-3.9957590588273266,0.38540193277740387,0.6484163369103539
5.755102040816326,0.4450625879807284,0.00630947761112981,-0.0014805897816321466,-0.40816326530612246,0.49741922425131124,-3.375164343300539,0.3914684643446336,0.6420895885650046
5.755102040816326,0.44028550217705953,0.00400741564376772,-0.0009856837899786751,-0.24489795918367346,0.500279669394492,-2.7568303548874287,0.3980099975628041,0.6351977105661506
5.755102040816326,0.4350723374257164,0.0014189464332545754,-0.00041201273451383356,-0.08163265306122448,0.5034467982869258,-2.140992460004758,0.405053170425892,0.627676703632051
5.755102040816326,0.4293709087786939,-0.0015128679347456541,0.00024960148713706334,0.08163265306122448,0.506954304168177,-1.5279259734089956,0.4126279159687831,0.6194512807970094
5.755102040816326,0.423119701410805,-0.004858342300089946,0.0010106677472632385,0.24489795918367346,0.5108415576244203,-0.9179544880834203,0.4207670478884371,0.6104326949277876
5.755102040816326,0.4162460919916702,-0.008704840234221245,0.0018855259011218762,0.40816326530612246,0.5151540891130393,-0.3114603877395915,0.42950549766182317,0.6005161727057939
5.755102040816326,0.4086642958154798,-0.013161483077025849,0.002891960229265389,0.5714285714285714,0.5199438410196418,0.2911018598527663,0.4388789890238234,0.5895779529613732
5.755102040816326,0.4002731232087242,-0.018365153318657824,0.004051939045959574,0.7346938775510204,0.525268898159769,0.8891888766764359,0.44892180725670133,0.577472049854364
5.755102040816326,0.39095373833203495,-0.024488053922827137,0.005392464358174221,0.8979591836734694,0.531192181327143,1.4821470976194135,0.4596631714190553,0.5640270195086283
5.755102040816326,0.38056785728672504,-0.03174701559945803,0.006946481895101675,1.0612244897959184,0.5377782317806397,2.0691859800283,0.47112148681082855,0.5490433604292968
5.755102040816326,0.36895723479288844,-0.04041450977347216,0.008753724958590081,1.2244897959183674,0.5450866532587103,2.6493445879947246,0.48329547073414475,0.5322927729358051
5.755102040816326,0.35594597636079883,-0.05083076191280163,0.010861230950733214,1.3877551020408163,0.5531599607727478,3.221450644609751,0.4961508361056209,0.5135214949201043
5.755102040816326,0.341348259403665,-0.06341519511612148,0.013323048275927984,1.5510204081632653,0.5620025382150571,3.7840719027640044,0.5100511438849563,0.49246144105774725
5.755102040816326,0.3249854223413704,-0.07867328101611996,0.016198328524818152,1.7142857142857142,0.571546426559031,4.335461511908574,0.5249142684365572,0.4688548571731004
5.755102040816326,0.3067176608959936,-0.09719136048795152,0.01954661846766346,1.8775510204081634,0.5815997076241087,4.87350273642218,0.5400889295544976,0.44250004832771284
5.755102040816326,0.2864954015810015,-0.11960724454205107,0.023418929654523635,2.0408163265306123,0.5917765166333069,5.395664822438885,0.555151177719182,0.41332549509840266
5.755102040816326,0.26443090581129636,-0.14654020008045437,0.027843563650481195,2.204081632653061,0.6014179390165679,5.898991397654945,0.5694829225409577,0.3814931564717341
5.755102040816326,0.24087777024708767,-0.17846546979600153,0.032807503577283105,2.36734693877551,0.6095336828648265,6.3801537220846765,0.5822628437959888,0.3475131645958647
5.755102040816326,0.21648371795679378,-0.21553482149678677,0.0382380018045513,2.5306122448979593,0.6148217137751617,6.835606808359115,0.5925155491306694,0.312319986329471
5.755102040816326,0.19216205045163348,-0.2573825369208137,0.04399361806522917,2.693877551020408,0.6158345059764861,7.26187440041237,0.5992454514461686,0.2772312372336265
5.755102040816326,0.1689395534600211,-0.30300366139808305,0.04987507850240373,2.857142857142857,0.6113155736562448,7.6559469562926115,0.6016474450033396,0.24372825598676862
5.755102040816326,0.14770841212907238,-0.35080484117198424,0.05565883602477948,3.020408163265306,0.6006128722834692,8.015711102587126,0.5993274674659351,0.21309819367619642
5.755102040816326,0.12900038289186821,-0.3988622573717966,0.06114189906168053,3.183673469387755,0.5839626564621095,8.340278172368361,0.5924274387071582,0.18610821267087596
5.755102040816326,0.11291349627826297,-0.4452990895751864,0.06617746944288128,3.3469387755102042,0.5624646191222744,8.630094028344365,0.5815837549281073,0.16289974113008432
5.755102040816326,0.09921506088509768,-0.4886191936863737,0.07068736419363195,3.510204081632653,0.5377570971673199,8.886799581978233,0.5677438563150502,0.14313707632042716
5.755102040816326,0.08752449294637055,-0.5278752306807453,0.07465289267345135,3.673469387755102,0.5115809118951484,9.112913054213276,0.5519387528134588,0.12627115193004945
5.755102040816326,0.0774627027269379,-0.5626593855274054,0.07809584582000176,3.836734693877551,0.48543510603734197,9.311453102029535,0.5351044448571883,0.11175505707800948
5.755102040816326,0.06872270431674354,-0.5929844443042047,0.08106019036883119,4.0,0.460412305191748,9.48560283792889,0.517989176707679,0.09914590471424445
6.0,0.49230356035352796,0.03230989977663841,0.006284734969766515,-4.0,0.49060985713294086,-17.315076637687994,0.3544121851058973,0.7102439051340155
6.0,0.4927975608447015,0.03039261653948124,0.0037529647323979675,-3.836734693877551,0.4857378929835499,-16.66564988541938,0.34702947419226654,0.7109565971928276
6.0,0.49294189366872243,0.028838544966087287,0.0018557602964393682,-3.673469387755102,0.48220422752643016,-16.01819252534301,0.34151604899604676,0.71116482544228
6.0,0.49280020290902393,0.027526405713449685,0.0004049762719632533,-3.510204081632653,0.47963979230248943,-15.372350568083114,0.33746239024179225,0.7109604088859234
6.0,0.49241475108521393,0.026377544868675384,-0.0007230784566072179,-3.3469387755102042,0.47779574291070875,-14.727887402367683,0.3345728165783896,0.7104043194512117
6.0,0.4918038267213565,0.025338458098063964,-0.0016235987547706054,-3.183673469387755,0.4764925316900853,-14.08464374514508,0.332636781475274,0.7095229419011155
6.0,0.49102388178630885,0.02437398966563322,-0.002311401892734111,-3.020408163265306,0.4756432889497894,-13.442513513901867,0.33148023209447475,0.7083977192111561
6.0,0.4900527606684755,0.023455549413391407,-0.002867606929543065,-2.857142857142857,0.4751333094450857,-12.801427636625721,0.330999249806691,0.7069966875903559
6.0,0.4889118413188085,0.02256344213028625,-0.003305872040681379,-2.693877551020408,0.4749139955450028,-12.161344884424379,0.3310998756045274,0.7053506889025374
6.0,0.48760565938610756,0.02168168272210702,-0.0036473648082087752,-2.5306122448979593,0.4749419714921773,-11.522244994208412,0.3317145104643631,0.7034662667057305
6.0,0.4861367677198769,0.020796974254000712,-0.003906292330738803,-2.36734693877551,0.47518710136983816,-10.884124460600102,0.3327923836908817,0.701347103983256
6.0,0.48450112840840664,0.01989804976270728,-0.0040968586042687384,-2.204081632653061,0.47562552858415535,-10.246993713526331,0.3344477474516999,0.6989873752599154
6.0,0.48270673257279584,0.018973550830530473,-0.00421691251174483,-2.0408163265306123,0.47624888906523327,-9.610875377480518,0.3365870526567323,0.6963986092864878
6.0,0.4807375119463162,0.018014041413729996,-0.004282887839846983,-1.8775510204081634,0.4770405148258054,-8.975803097809717,0.33909838793992003,0.6935576244542494
6.0,0.4785905217936801,0.017009041354660283,-0.004295022584919761,-1.7142857142857142,0.4779975758645142,-8.341821138887166,0.34196847424328686,0.6904601724082027
6.0,0.4762564167148635,0.015947804219408203,-0.004256673322210825,-1.5510204081632653,0.4791176978620169,-7.708984262677458,0.34519088279331134,0.6870927705860814
6.0,0.47372426502743603,0.014818765961215185,-0.00416926000807194,-1.3877551020408163,0.48040235122653374,-7.07735805622425,0.3487640631321154,0.6834396479038509
6.0,0.4709807462095179,0.013609067165056854,-0.004033577478817896,-1.2244897959183674,0.48185551001442645,-6.447019604526233,0.3526902012979303,0.6794815869106547
6.0,0.4680102196285769,0.012304155160074659,-0.0038492841803129396,-1.0612244897959184,0.483484106880279,-5.818058519830782,0.35697532813238114,0.6751960229435028
6.0,0.46479414403450625,0.010887235822005348,-0.0036154498412872328,-0.8979591836734694,0.48529755281005926,-5.190578351177151,0.36162888388242614,0.6705562066328121
6.0,0.46131099667959563,0.009338699432914233,-0.0033300745034253064,-0.7346938775510204,0.4873082440953751,-4.564698421158998,0.3666637479241521,0.6655310872171976
6.0,0.4575356464365632,0.007635361530737028,-0.0029902565721154463,-0.5714285714285714,0.4895315613619404,-3.940556161729471,0.37209612742403037,0.6600844081439563
6.0,0.45343877161636414,0.005749544983159072,-0.0025920598599002086,-0.40816326530612246,0.49198618167528824,-3.3183100497378226,0.3779455643305126,0.654173867157712
6.0,0.44898612240374214,0.00364792463295347,-0.0021303514775459663,-0.24489795918367346,0.49469446336741374,-2.6981432779597547,0.38423495320138734,0.6477500522198447
6.0,0.44413759851114976,0.0012900588323245588,-0.00159859971740961,-0.08163265306122448,0.4976829030462701,-2.0802683413844245,0.3909905378510975,0.6407551108443688
6.0,0.4388461172832636,-0.001373480683957351,-0.0009886022242340698,0.08163265306122448,0.5009826747463917,-1.4649327745387233,0.398241853334366,0.6331211171179407
6.0,0.43305622115539477,-0.004403507630657488,-0.0002901372036486771,0.24489795918367346,0.504630226357056,-0.8524263473020608,0.40602158745850453,0.6247680626870022
6.0,0.42670246176273774,-0.007875304484554068,0.0005094861363982295,0.40816326530612246,0.5086678593439358,-0.24309011797356508,0.41436506048828436,0.6156015255202143
6.0,0.41970740632258496,-0.011882582354217375,0.001425973075929976,0.5714285714285714,0.5131442261566843,0.36267214299252326,0.4233095119720626,0.6055097937259624
6.0,0.41197942264825405,-0.01654255506731559,0.0024787202148638388,0.7346938775510204,0.5181145129428792,0.9643795053614065,0.4328925921134933,0.5943606700029345
6.0,0.403410252010602,-0.022002386327106382,0.003691611732256561,0.8979591836734694,0.5236399801266107,1.5614555930587364,0.44314990014545425,0.581997970019462
6.0,0.39387264600028593,-0.0284472587573537,0.005093918902197636,1.0612244897959184,0.5297862443302824,2.1532054788328283,0.45411094525303,0.5682381131264265
6.0,0.3832185932697112,-0.036110202444033956,0.006721231110092862,1.2244897959183674,0.5366192740017995,2.7387866513746992,0.46579274192219844,0.5528675640866574
6.0,0.3712791603917154,-0.04528350293924421,0.008616254312481874,1.3877551020408163,0.5441974252041099,3.3171729559845353,0.4781899370985816,0.5356426034825454
6.0,0.3578677785395714,-0.0563307881452199,0.01082915044906838,1.5510204081632653,0.5525569303546862,3.887110753343876,0.49126006274650413,0.5162940693929898
6.0,0.34279000550990735,-0.06969745897395792,0.01341683342286255,1.7142857142857142,0.5616871524705614,4.447067583400336,0.5056890234774464,0.49454144101544406
6.0,0.325864280885084,-0.0859145748543401,0.01644028114631757,1.8775510204081634,0.5714910840522158,4.99517597146908,0.5207082935119423,0.4701227820357592
6.0,0.30695933436068046,-0.10558734320472578,0.01995855238072757,2.0408163265306123,0.5817272984320883,5.529179535804103,0.5359599687517094,0.44284870943673127
6.0,0.2860529054536589,-0.12935449027715612,0.024018099052723986,2.204081632653061,0.591934587247675,6.04639611000676,0.5509754011116152,0.4126871081298731
6.0,0.2633098063449302,-0.15780170432551394,0.028636753455576612,2.36734693877551,0.6013539183009657,6.543723090781272,0.565085917915595,0.3798757518312641
6.0,0.2391611402730296,-0.1913176088980249,0.033784269063476514,2.5306122448979593,0.6088864142109921,7.017720566846474,0.5774267064698627,0.34503659104524953
6.0,0.21434218335573485,-0.22990378162611727,0.039365682406104496,2.693877551020408,0.6131522314553319,7.464809290703092,0.5870078111631037,0.3092304049806316
6.0,0.18983164660608876,-0.27299396233264,0.045217859941719986,2.857142857142857,0.6127133972481372,7.881599464707518,0.5928719168930734,0.2738691751623903
6.0,0.1666635482231087,-0.3193797217332338,0.05112823273228133,3.020408163265306,0.6064535577447583,8.265314044682677,0.594314955634613,0.2404446745184372
6.0,0.14566753260355747,-0.3673304853851763,0.056874142852401555,3.183673469387755,0.5939773036874383,8.614203150465098,0.591087022049554,0.21015382690568396
6.0,0.12727277370787493,-0.4149044695097965,0.06226700194261932,3.3469387755102042,0.5758096226861165,8.927811965593696,0.5834710609145377,0.18361579946853457
6.0,0.11148571898780957,-0.46032802731368117,0.06718114251443534,3.510204081632653,0.5532635373258638,9.207006206118523,0.572194653546724,0.1608398939136535
6.0,0.09802612928942134,-0.5022816580833881,0.07155830828679,3.673469387755102,0.5280541617651661,9.453760713364147,0.5582268994914992,0.14142181060338865
6.0,0.0865085493521347,-0.5400052682601968,0.07539398251353827,3.836734693877551,0.5018735789823281,9.670806938909799,0.5425629611934544,0.124805455144823
6.0,0.07657111615145307,-0.573244022770582,0.07871787463896232,4.0,0.4761008473727585,9.861259179620358,0.5260730219618633,0.11046876954703455
