U,V,magnetization,charge_density
-6.0,-4.0,"0.0002347694416740546, 0.009061568951870016, 0.32765647553353405, 0.028859140190592658, 0.6341880458823295","0.0003960865965383893, 0.023917049555477857, 1.6469334270664975, 1.970383338214257, 1.3583700985672307"
-6.0,-3.6666666666666665,"0.29770971444690447, 0.24139768541241868, 0.17409583082171098, 0.28101288916340184, 0.005783880155563647","0.6553406383119176, 1.740730997933557, 1.8097863771538716, 0.7826979051024632, 0.011444081498190768"
-6.0,-3.3333333333333335,"0.012320761027834325, 0.46634005808935486, 0.042079079659516405, 0.4670065266851473, 0.012253574538146985","0.025071236859690156, 1.496989456155664, 1.9569698298153142, 1.4960572336243092, 0.024912243545022705"
-6.0,-3.0,"0.014624711678328364, 0.46018721894259285, 0.05060348570217177, 0.4598501419018364, 0.014734441775070915","0.028557465408370168, 1.4969105642139642, 1.948191378542955, 1.4975531615418327, 0.028787430292877152"
-6.0,-2.6666666666666665,"0.017877370233058548, 0.45441097777691786, 0.06355246757390043, 0.44577343625869925, 0.018385748157424033","0.037544807359281535, 1.495965701556186, 1.9352092795758913, 1.4986437117652742, 0.03263649974336581"
-6.0,-2.3333333333333335,"0.021742085983280604, 0.44007505301237193, 0.07620586674698282, 0.440152377992731, 0.02182461626463334","0.038996901556702976, 1.4999974456159486, 1.9217485554812597, 1.500101273260143, 0.039155824085944875"
-6.0,-2.0,"0.027294854114279607, 0.42485837710620955, 0.09563267976776113, 0.42491363596264087, 0.027300453049108848","0.04699497085057802, 1.5022784348013154, 1.9015120435734343, 1.5022215001928005, 0.04699305058187134"
-6.0,-1.6666666666666667,"0.03471958964547426, 0.4041159877643029, 0.1221463985476744, 0.40269076299877415, 0.03632726104377368","0.05745730112329287, 1.500346666802646, 1.873151179688806, 1.5069134839451346, 0.06213136844011777"
-6.0,-1.3333333333333333,"0.04563252030339407, 0.37585500509147163, 0.1567959140744466, 0.37478904686881864, 0.046927513661869175","0.0744710343395627, 1.5040487695110967, 1.835364428965511, 1.5082460989090536, 0.07786966827477766"
-6.0,-1.0,"0.06053699176952764, 0.3385790234226228, 0.20172524737544084, 0.33835815006692294, 0.060800587365485985","0.10056975297317147, 1.5065714534034287, 1.78344872515102, 1.5077708729735382, 0.1016391954988414"
-6.0,-0.6666666666666666,"0.08283318822305749, 0.2888700130479437, 0.25677703216024583, 0.28906085761341127, 0.08245890895534223","0.15988754695686677, 1.4918711552900055, 1.700573590209892, 1.4900160053087745, 0.1576517022344605"
-6.0,-0.3333333333333333,"0.11836276127509204, 0.22842639142535848, 0.30638092341928624, 0.22834588783187526, 0.11848403604838761","0.3747126381600048, 1.3809833659333726, 1.486360213922134, 1.3813704163482647, 0.3765733656362221"
-6.0,0.0,"0.15295771428592225, 0.19176951181696428, 0.3105463798078171, 0.19176843429898766, 0.1529579597903088","0.9999107043247859, 1.0000258906505972, 1.0000026646245987, 0.9999509310109014, 1.0001098093891174"
-6.0,0.3333333333333333,"0.15826009463507074, 0.16658307592766597, 0.35028737655155956, 0.16658699406550387, 0.15828245882019965","1.3394826097821575, 0.6964105417603116, 0.9282955846920413, 0.6965113644233234, 1.3392998993421663"
-6.0,0.6666666666666666,"0.16193884569871186, 0.12885813636434068, 0.41836955664557623, 0.12886341096418516, 0.16197005032718637","1.5473056391208002, 0.44881852714569165, 1.0077979375269728, 0.4488538347876485, 1.5472240614188884"
-6.0,1.0,"0.1647490094037345, 0.09245932175409732, 0.48524750493103636, 0.09250039437982029, 0.16504376953131106","1.6706305545123419, 0.27990610111407566, 1.099265018887997, 0.2800703137109345, 1.6701280117746498"
-6.0,1.3333333333333333,"0.1689807424554779, 0.06530096400269053, 0.5321671974186125, 0.06524171188749009, 0.1683093842357286","1.7306338672830077, 0.18259732405023468, 1.1728187238700656, 0.18241633422803985, 1.731533750568652"
-6.0,1.6666666666666667,"0.17339540299039757, 0.046695782028812305, 0.5598260818437004, 0.046695315468053736, 0.17338741766903565","1.7596216773721562, 0.12674604103518003, 1.2272572982995393, 0.1267431835931388, 1.7596317996999846"
-6.0,2.0,"0.1795433905833802, 0.03424611014369444, 0.5747803785262104, 0.03414148004249633, 0.17728864070421857","1.7720156875777446, 0.09324266232265899, 1.2671799099560417, 0.09298285049156867, 1.774578889651985"
-6.0,2.3333333333333335,"0.1689312054867853, 0.025210938114721006, 0.5806394119492289, 0.026100253069926166, 0.1991181913793385","1.7956346688089042, 0.07030973178387159, 1.2986817856029687, 0.07253623145561496, 1.762837582348641"
-6.0,2.6666666666666665,"0.3757009362246373, 0.012172468543162673, 0.03669053034370395, 0.02121340559198694, 0.5542226592965087","1.589212321201341, 0.03896564682034754, 1.9325087883911225, 0.03763768057769465, 1.4016755630094946"
-6.0,3.0,"0.14893134016005172, 0.014653448699831597, 0.5786529366663654, 0.016647395913532478, 0.24111487856021874","1.829800071991647, 0.04416983782763389, 1.3450810194922624, 0.04871911904661684, 1.7322299516418398"
-6.0,3.3333333333333335,"0.15944747911637447, 0.011938996163777998, 0.584233236350753, 0.012776260224938524, 0.23160402814415548","1.82203615453865, 0.03753027334736052, 1.3533518376019282, 0.04018435857943613, 1.7468973759326234"
-6.0,3.6666666666666665,"0.17022002771614964, 0.009813632205476987, 0.5834606502529364, 0.010274277030129678, 0.22623141279530667","1.8136828945813361, 0.03221110628836693, 1.3642987831753035, 0.03396982072764951, 1.755837395227342"
-6.0,4.0,"0.1240600636103939, 0.007415677259096422, 0.5582649758462319, 0.008338551051879554, 0.3019207322323978","1.8635471808495092, 0.02614496177177112, 1.3984636259015548, 0.03123229414203605, 1.680611937335128"
-5.5,-4.0,"0.009214350934611731, 0.4529987174699932, 0.03034891789680072, 0.49814836238784, 0.009289651310755093","0.021743522793399472, 1.5178988583688122, 1.968889190540196, 1.4709754427925976, 0.02049298550499741"
-5.5,-3.6666666666666665,"0.010856211965798496, 0.4703235895420196, 0.036017368486517154, 0.47072683302103646, 0.012075996984628183","0.023825788944544735, 1.4922296076132682, 1.9629286406121786, 1.4950580959542434, 0.025957866875765137"
-5.5,-3.3333333333333335,"0.04369266474211045, 0.44292221966168854, 0.05535686814997187, 0.4460911660114872, 0.011937081434743185","0.09296449143664878, 1.519658281959491, 1.9409969014530288, 1.4211994148447393, 0.025180910306096236"
-5.5,-3.0,"0.004700133468659993, 0.145387877865477, 0.25170509187380063, 0.2271256372137287, 0.3710812595783336","0.013561476364616768, 0.5928796567253878, 1.7195580336011527, 1.7543385781092244, 0.9196622551996184"
-5.5,-2.6666666666666665,"0.01822256687977021, 0.4509258681621445, 0.06222294185890931, 0.45032474032817604, 0.018303882771000146","0.03551825406195015, 1.4959876970667154, 1.9359129487017375, 1.4968635188855492, 0.035717581284047895"
-5.5,-2.3333333333333335,"0.02202042706281774, 0.4648489615564843, 0.07843683681252112, 0.408075402699979, 0.026618371868197994","0.03907479690632303, 1.4551971540900082, 1.91835485634169, 1.5333753831177805, 0.05399780954419902"
-5.5,-2.0,"0.02819891690561199, 0.4234040291652823, 0.09682004575294012, 0.4233293657013599, 0.028247642474806316","0.05058523663867891, 1.4993946053226872, 1.8996855156275099, 1.4996257236167838, 0.05070891879434034"
-5.5,-1.6666666666666667,"0.03710161241433581, 0.40103331182922963, 0.12372276757147238, 0.4018798276166642, 0.03626248056829812","0.06528976019346946, 1.5020994186517878, 1.870612519099219, 1.4988866480133303, 0.06311165404219526"
-5.5,-1.3333333333333333,"0.047448199627591156, 0.3731159283981187, 0.15887289371312308, 0.373085333046024, 0.04747764521514326","0.08089152501851997, 1.5029668249621735, 1.8320698898665544, 1.503086831668092, 0.08098492848465795"
-5.5,-1.0,"0.06340681862230663, 0.3341884009050544, 0.20480942470683872, 0.33418985990903627, 0.0634054958567638","0.11084776586256273, 1.5008139595421734, 1.7766857581374764, 1.5008102800353407, 0.11084223642244503"
-5.5,-0.6666666666666666,"0.08688843754996084, 0.2831775942128766, 0.25988813470174144, 0.2832139312352089, 0.0868319023002122","0.17549818564946362, 1.480788591199624, 1.688059674072117, 1.4805167262575716, 0.17513682282122423"
-5.5,-0.3333333333333333,"0.12575211710717255, 0.2213662176757395, 0.3058075520143376, 0.22155116876090541, 0.12552294444184497","0.41488283363089423, 1.3588522286091846, 1.4561837738828216, 1.3582069142666597, 0.4118742496104396"
-5.5,0.0,"0.15923001261860503, 0.1862974869420595, 0.3089449976169066, 0.1862974203196982, 0.1592300825027309","0.9999901163074012, 1.0000024967861785, 1.0000002009725444, 0.9999947710953073, 1.0000124148385696"
-5.5,0.3333333333333333,"0.16408417951565057, 0.1620667080769298, 0.34770152568663526, 0.16206628834622172, 0.16408129837456298","1.3260223781690668, 0.7076169038567983, 0.9327115639307136, 0.7076077939291143, 1.3260413601143093"
-5.5,0.6666666666666666,"0.16790770150078782, 0.1257574010826617, 0.4127139933367092, 0.12574862596356326, 0.16787227811627847","1.5305680927997871, 0.4627640062241369, 1.0132844142973878, 0.4627098500099919, 1.5306736366686966"
-5.5,1.0,"0.17115647177580184, 0.09030215979722414, 0.47690508578590673, 0.09032086468988998, 0.171315417951178","1.65541114631461, 0.2912048149432299, 1.1069479035332366, 0.2913009465515164, 1.655135188657409"
-5.5,1.3333333333333333,"0.182253746548673, 0.06426402306443824, 0.5228846963018254, 0.06273849060405812, 0.16785904348100533","1.7089029396580835, 0.19262161804929973, 1.1818767262493148, 0.1881740070659903, 1.7284247089773115"
-5.5,1.6666666666666667,"0.17876958723561154, 0.045422393324522845, 0.5503939342446331, 0.04547616948455489, 0.1799379157106773","1.7504045994243134, 0.1321581112127273, 1.2360668298804531, 0.13237312456460315, 1.7489973349179009"
-5.5,2.0,"0.1840330939499033, 0.033218255848612974, 0.5658562023545308, 0.03320453097285087, 0.18368791687410102","1.764915963434412, 0.09714630034167561, 1.2755269240265785, 0.09710351023435532, 1.765307301962977"
-5.5,2.3333333333333335,"0.18074111222252776, 0.02478170426221757, 0.5736102327508924, 0.02513782635021414, 0.19572912441414814","1.7810815602844894, 0.07399256712340872, 1.3050233360494201, 0.07516455719566564, 1.7647379793470157"
-5.5,2.6666666666666665,"0.20801154167096436, 0.019687689282946, 0.5794769720872601, 0.018889719838880433, 0.17393407711994913","1.7598583861030614, 0.06041602621182899, 1.3249058364411412, 0.05836340493922816, 1.796456346304741"
-5.5,3.0,"0.21432071781957474, 0.015038767376667938, 0.5708692677772418, 0.014539430525226792, 0.1852318165012884","1.7596997890570407, 0.04912792617729678, 1.3531599795447533, 0.04780645173088342, 1.7902058534900251"
-5.5,3.3333333333333335,"0.21737400420417352, 0.012696285755882896, 0.6018995786090879, 0.01199438615633335, 0.15603574527452213","1.7608413868835795, 0.04176250585227019, 1.3336373307288394, 0.0395133463279549, 1.824245430207358"
-5.5,3.6666666666666665,"0.14479455041355804, 0.00880566446101404, 0.564437402326472, 0.00955715528159358, 0.2724052275173625","1.8391507173783945, 0.03273095741949553, 1.3839993427510529, 0.03579728833662311, 1.708321694114433"
-5.5,4.0,"0.35033082663052284, 0.009516839712576886, 0.6271902578054362, 0.008953058984762636, 0.004009016866701298","1.6296116993725018, 0.03440716398573245, 1.3272160609455566, 0.023401331079911106, 1.9853637446162982"
-5.0,-4.0,"0.569614859216037, 0.04570114030204242, 0.2723250608454195, 0.043955993507070384, 0.0684029461294311","1.118722410803862, 1.7620326985262744, 1.7001019011582883, 0.2932739560548179, 0.12586903345675887"
-5.0,-3.6666666666666665,"0.015224216790500964, 0.5607898321415599, 0.0395398657618633, 0.372478305169751, 0.011967780136325773","0.03445519805258803, 1.396783428349333, 1.9592284646501275, 1.5792116376597365, 0.030321271288218953"
-5.0,-3.3333333333333335,"0.013169853962390666, 0.46655623773191934, 0.04260868864372369, 0.46612400268340537, 0.011541216978561456","0.029021585316260406, 1.4955803405948678, 1.9562106141614284, 1.4924662455146622, 0.02672121441278094"
-5.0,-3.0,"0.015923866674581736, 0.45792706205001066, 0.05153675433942284, 0.4589050794833036, 0.015707237452681377","0.033691682861887756, 1.4940165249475734, 1.946660137970405, 1.492382842636749, 0.033248811583385315"
-5.0,-2.6666666666666665,"0.0189814542613116, 0.44911703461658803, 0.06292107526235946, 0.4498667099427681, 0.0191137259169731","0.038648276489117075, 1.494137005873304, 1.9347576579771992, 1.4936101992737254, 0.03884686038665528"
-5.0,-2.3333333333333335,"0.022983436669475096, 0.438754387827584, 0.0778896133317376, 0.43692377258404724, 0.023448789587156054","0.04477832287992896, 1.4935544027752758, 1.9190830218739032, 1.4967526420714896, 0.04583161039940277"
-5.0,-2.0,"0.029420396366831213, 0.42148548121714446, 0.09817825825535142, 0.42157642602754486, 0.029339438133128556","0.05519287925457391, 1.4963140884231132, 1.897482034294804, 1.495998016649703, 0.055012981377808426"
-5.0,-1.6666666666666667,"0.03775513947451886, 0.399582448936203, 0.1253198440501414, 0.3996085357491125, 0.03773403179002418","0.06845706179040198, 1.4975786367784896, 1.8680760144462503, 1.4974887972958277, 0.0683994896890293"
-5.0,-1.3333333333333333,"0.04966280447758194, 0.36957111834214895, 0.16153373042437968, 0.36959367219295725, 0.04963867456293293","0.08864503669036282, 1.4978879990059193, 1.8271502618901452, 1.4977631874530446, 0.08855351496053"
-5.0,-1.0,"0.06672153404448258, 0.3291471484497942, 0.20823510674840762, 0.32890898249796785, 0.0669872282593482","0.12236519883410332, 1.4924592716605156, 1.7682561125786407, 1.4934671959712116, 0.12345222095552884"
-5.0,-0.6666666666666666,"0.09236513175516786, 0.276062924985367, 0.2631436254265639, 0.27606219217372563, 0.09236612565917583","0.19680094650575103, 1.4672650377848386, 1.6718578302963403, 1.467269131341401, 0.19680705407166998"
-5.0,-0.3333333333333333,"0.13424389570506962, 0.21343127076798152, 0.3046497967578288, 0.21343152902188745, 0.1342435077472332","0.4554773982555462, 1.3336236019192473, 1.4218056529844163, 1.3336224754682804, 0.4554708713725127"
-5.0,0.0,"0.16649103994045034, 0.1798914563244849, 0.30723504909487903, 0.17989142447232115, 0.16649103016786465","0.9999920852121879, 1.0000010188311501, 1.0000000706449221, 0.9999939671306257, 1.0000128581811143"
-5.0,0.3333333333333333,"0.1706711641974249, 0.15678304364531925, 0.3450890088853284, 0.15678344545400807, 0.1706733378179196","1.3121138349723012, 0.7195053168415795, 0.9367689843279563, 0.7195139489911944, 1.3120979148669694"
-5.0,0.6666666666666666,"0.17426785121784683, 0.12213251760652294, 0.40719508101094387, 0.12213299685351572, 0.1742715533111706","1.513249424343263, 0.47797883757059195, 1.0175486699642842, 0.4779837201564542, 1.5132393479654063"
-5.0,1.0,"0.17774891418279948, 0.08782715584812624, 0.4687848331091295, 0.08783254350171744, 0.1778065533582277","1.6394512189611201, 0.3039563179686314, 1.113249657158432, 0.3039898368947185, 1.6393529690170991"
-5.0,1.3333333333333333,"0.1813488068672502, 0.06183420952129842, 0.5135680450128512, 0.06183798115236923, 0.1814109574462317","1.706029445364293, 0.19940265463277668, 1.1891998676886788, 0.19942402460429326, 1.7059440077099621"
-5.0,1.6666666666666667,"0.18611444987982229, 0.044100227904670636, 0.5412552544839079, 0.04400577935455107, 0.1845242883770486","1.7384642819607095, 0.13873238898482212, 1.2439683467468012, 0.13846116488561852, 1.740373817422051"
-5.0,2.0,"0.07741092333983568, 0.027054543683631603, 0.5195315206915767, 0.03551281266605438, 0.34049019961890226","1.8844999635376993, 0.08418584691931985, 1.3286226145828126, 0.11597485692351639, 1.586716718036654"
-5.0,2.3333333333333335,"0.18724674162472876, 0.023890327956032433, 0.566018982520875, 0.02417620455155382, 0.19866774334680926","1.7723240120810766, 0.07755362022574472, 1.3117619242071445, 0.07857038427570685, 1.7597900592103262"
-5.0,2.6666666666666665,"0.1830683024699693, 0.017929552044678835, 0.5696003342756334, 0.018761801989913594, 0.21064000921980508","1.7856703054179237, 0.061117314144804855, 1.3343157193490036, 0.06304436787487737, 1.75585229321339"
-5.0,3.0,"0.17854622944210619, 0.014122135690152356, 0.5706115989057737, 0.014635322753526327, 0.2220847132084416","1.7961108149338583, 0.04957779832194553, 1.3521027058741995, 0.05154367723170439, 1.750665003638294"
-5.0,3.3333333333333335,"0.14309350930282738, 0.01049116669132231, 0.5563799516530551, 0.011385674904598478, 0.2786496974481971","1.8374663433432392, 0.03956222921306162, 1.3814001761261925, 0.04425066328290663, 1.697320588034601"
-5.0,3.6666666666666665,"0.23930617526491993, 0.00965374391278828, 0.581115476944799, 0.00897637096667369, 0.16094823291081894","1.740855467263342, 0.03729304968066483, 1.3653697318281541, 0.03428830748954359, 1.8221934437382963"
-5.0,4.0,"0.13692538847774272, 0.0071545692535170125, 0.5527051937072694, 0.008683533958335059, 0.29453131460313664","1.8491018454151549, 0.028478332770283984, 1.402810096009182, 0.032629743465450535, 1.6869799823399325"
-4.5,-4.0,"0.01001039221804622, 0.4764620046581949, 0.030758617366079544, 0.4726139796705724, 0.010155006087106646","0.024641318549055304, 1.4889994330134448, 1.968078807509864, 1.4932955494992781, 0.024984891428355704"
-4.5,-3.6666666666666665,"0.011892109448866116, 0.4711139071640379, 0.03628007955680057, 0.4687064055468251, 0.012007498283470922","0.028113801724847037, 1.4892516245155467, 1.9622598197866983, 1.4919945436588917, 0.028380210314017575"
-4.5,-3.3333333333333335,"0.018826888596518647, 0.4633584732902376, 0.04423035464027514, 0.4599025549558112, 0.013681728517157361","0.040388901577373855, 1.4919640980904303, 1.9534498254521673, 1.4827204720796696, 0.0314767028003589"
-4.5,-3.0,"0.016318998981536353, 0.4341651786386347, 0.05840849068642051, 0.4667388459631042, 0.024368485730303965","0.03634010104467614, 1.483532938655707, 1.939708280229846, 1.4813761546129536, 0.059042525456818595"
-4.5,-2.6666666666666665,"0.020732802239650953, 0.41920968573520356, 0.08425888560073969, 0.39960490610826205, 0.07619372031614376","0.04350630571352986, 1.35013590962703, 1.903728948119353, 1.5380116474747922, 0.16461718906529504"
-4.5,-2.3333333333333335,"0.024447384876604653, 0.4360593014036733, 0.0790516330533414, 0.435916028075201, 0.02452565259118012","0.04991802871936539, 1.4913125838357275, 1.9170673321823983, 1.4916263494530158, 0.05007570580949484"
-4.5,-2.0,"0.03080155737151692, 0.41934007928215733, 0.09970720568693836, 0.41936658969780016, 0.030784567961587593","0.06047664200407141, 1.4921696191245166, 1.894813404125904, 1.492102213018581, 0.06043812172692795"
-4.5,-1.6666666666666667,"0.03968999156452972, 0.39654938052926414, 0.1275225963245482, 0.39654101658557595, 0.03969701499608215","0.07540051240067415, 1.4925285576125258, 1.86408690709494, 1.4925658197767624, 0.07541820311509788"
-4.5,-1.3333333333333333,"0.052470457538231326, 0.36523310950595067, 0.16459310426816398, 0.3652363024397335, 0.052467026247920365","0.09824080054769269, 1.4912976386986243, 1.8209534220839658, 1.4912795152189902, 0.09822862345072701"
-4.5,-1.0,"0.07106080607726295, 0.32289775680775124, 0.21207968415402423, 0.3228788522971646, 0.07108290066379674","0.13719655720262236, 1.4836558213155984, 1.7581211492309585, 1.4837400684178061, 0.13728640383301405"
-4.5,-0.6666666666666666,"0.09945320556688039, 0.2673355803580941, 0.26642246028001815, 0.2673360489978873, 0.09945270479712065","0.22365008285769553, 1.4506594920487712, 1.6513863662323667, 1.4506574477161536, 0.2236466111450156"
-4.5,-0.3333333333333333,"0.144497192590238, 0.2041349950194915, 0.3027352830676544, 0.2041348945522774, 0.1444976347703395","0.5006060919811784, 1.3069717147930002, 1.3848337881799082, 1.306973779938076, 0.5006146251078414"
-4.5,0.0,"0.17493097570524174, 0.17234019853964833, 0.30545764875058357, 0.17234019972275322, 0.17493097728177337","0.9999998527613854, 1.000000016126239, 0.9999999918675972, 0.9999998970982811, 1.0000002421464973"
-4.5,0.3333333333333333,"0.17819265574942178, 0.15056430274809035, 0.3424852937354699, 0.1505643463743218, 0.17819340139269646","1.2975674161641586, 0.7322131473632656, 0.9404414027382499, 0.7322153615761736, 1.2975626721581535"
-4.5,0.6666666666666666,"0.18118911943786487, 0.11788031621668174, 0.40186110825236515, 0.11788032020157088, 0.1811891358915172","1.4950393960544544, 0.49475399084593996, 1.0204132505755934, 0.494754015702766, 1.4950393468212453"
-4.5,1.0,"0.18462917044101024, 0.08496794986638834, 0.4609670149651093, 0.08495752740275316, 0.1844783373247395","1.622523448501254, 0.31845610552802023, 1.117870284565557, 0.3183662707546307, 1.6227838906505405"
-4.5,1.3333333333333333,"0.18785750003146728, 0.05976557772493775, 0.5047377446519327, 0.05976670817501767, 0.18787246941664493","1.6924809945911774, 0.209838128531265, 1.1953770867404532, 0.20984300514129722, 1.6924607849958082"
-4.5,1.6666666666666667,"0.19130990147781468, 0.04249387314756591, 0.5324629032233232, 0.04249098442786814, 0.19124233772342836","1.728643731986991, 0.1459627904771258, 1.2507191221174054, 0.1459493995519143, 1.7287249558665652"
-4.5,2.0,"0.19634354224382766, 0.030976164308479853, 0.5489447696097445, 0.030925095616415578, 0.19281042822153271","1.746066002274914, 0.10726307733000456, 1.2898062892150646, 0.1068286402461707, 1.7500359909338488"
-4.5,2.3333333333333335,"0.1775607278941418, 0.022574683742493544, 0.5565102499710104, 0.02342824331352422, 0.21992609507883087","1.7808246701987336, 0.08026693953951625, 1.3203202307518935, 0.0836758195575231, 1.7349123399523354"
-4.5,2.6666666666666665,"0.19128156640330207, 0.017483541637117662, 0.5636361102900671, 0.01760317329715801, 0.2099956083723551","1.775182475540511, 0.06449389533754724, 1.3393349383110325, 0.06582746440708487, 1.755161226403824"
-4.5,3.0,"0.16469803043629727, 0.013160763319753358, 0.5594847439795068, 0.014717139675622364, 0.2479393225888209","1.8098137842930568, 0.05065070501649563, 1.3626097947369011, 0.05474413665944178, 1.7221815792941062"
-4.5,3.3333333333333335,"0.22015975896365958, 0.011280848557079153, 0.5793475196788807, 0.010862736456188432, 0.1783491363441937","1.7561326137419266, 0.04517128293705426, 1.355679360992687, 0.04348661343352846, 1.799530128894809"
-4.5,3.6666666666666665,"0.16755458595648653, 0.008595635671054942, 0.5631884123078235, 0.008951034964689126, 0.2517103310999468","1.8142466513639564, 0.03607548559007556, 1.3834615155824175, 0.03879391476754601, 1.7274224326960068"
-4.5,4.0,"0.17559746653760966, 0.007066325487327196, 0.5648645511121756, 0.007388139173879751, 0.24508351768900805","1.808491255583934, 0.03128423051406707, 1.3898644665832354, 0.03320405064996006, 1.737155996668804"
-4.0,-4.0,"0.009508185256287964, 0.4850507497370617, 0.031038835283783595, 0.46278354566597824, 0.011618684056888906","0.0252389077686421, 1.47529504360181, 1.9675491676823211, 1.502852375404649, 0.029064505542578327"
-4.0,-3.6666666666666665,"0.013743418549067583, 0.45925020309425546, 0.03677837158630326, 0.47772834667562203, 0.012499660094752034","0.0331720791725002, 1.4986988407147486, 1.961298872445824, 1.476434164428286, 0.030396043238641535"
-4.0,-3.3333333333333335,"0.014738333754908352, 0.4590897841859052, 0.04357038421338488, 0.4680544144736356, 0.014547083372166305","0.03532741012479035, 1.4928527275344121, 1.9541977476563837, 1.4830276455630633, 0.03459446912135255"
-4.0,-3.0,"0.018399993985697315, 0.436871610739905, 0.05301169650231974, 0.4772897276154034, 0.01442697115667517","0.042990509261402104, 1.5135388391479774, 1.944715573441167, 1.4632996828828295, 0.035455395266626305"
-4.0,-2.6666666666666665,"0.02129107638161083, 0.4348702627784353, 0.06588267441282802, 0.45832885154142067, 0.01962713488570561","0.04788436963589074, 1.5014103521425133, 1.9315001932459286, 1.473475269061911, 0.04572981591375784"
-4.0,-2.3333333333333335,"0.02533668611894837, 0.43457565541622467, 0.08017446902909686, 0.4340858783096879, 0.025827311126042564","0.05436101878748786, 1.4868777984557724, 1.9149849069110958, 1.4885117246072308, 0.055264551238414915"
-4.0,-2.0,"0.03267364427277268, 0.4165856747868034, 0.10148860041874319, 0.4165685548887349, 0.03268352563294563","0.06726739834504016, 1.4869963983382397, 1.8914093336844995, 1.4870393049384023, 0.06728756469381639"
-4.0,-1.6666666666666667,"0.04227853738838501, 0.39267874757935217, 0.13008582691822357, 0.39267750181345595, 0.04227938630058392","0.08433026573228346, 1.4861777904931075, 1.8589783253242222, 1.4861812586313534, 0.08433235981903478"
-4.0,-1.3333333333333333,"0.056180422380432866, 0.35975890621510065, 0.16812126603629884, 0.35976050038040075, 0.0561789049877668","0.1105629067814051, 1.4829522406485576, 1.8129806885934014, 1.4829452976207764, 0.11055886635585978"
-4.0,-1.0,"0.07675324751265972, 0.31505640260107814, 0.21637486916914694, 0.3150352065790293, 0.07678027413808616","0.15606673729340223, 1.471499234354146, 1.7446621284702815, 1.4716069377202903, 0.1561649621618806"
-4.0,-0.6666666666666666,"0.10867934627692431, 0.25657056033405756, 0.2695034814452716, 0.2565778364101209, 0.10866877553362636","0.2572561417596575, 1.4301258349013677, 1.6253391282974055, 1.4300799275848841, 0.2571989674566884"
-4.0,-0.3333333333333333,"0.15663171208024815, 0.19330565149341383, 0.30012531337693626, 0.19330568157077255, 0.1566316414786292","0.5480314161820649, 1.279105025727981, 1.3457285277739768, 1.2791047434567842, 0.548030286859193"
-4.0,0.0,"0.18476795375342858, 0.16338577016795858, 0.3036925539056492, 0.1633857713025772, 0.1847679508703864","1.0000001833831662, 0.9999999794406031, 1.00000000539042, 1.0000001129705023, 0.9999997188153076"
-4.0,0.3333333333333333,"0.1868269731850135, 0.14319766306187315, 0.33995074956052485, 0.1431976608681404, 0.186826953324448","1.2823389095437778, 0.7458116105301673, 0.9436988931434808, 0.7458115442894206, 1.2823390424931522"
-4.0,0.6666666666666666,"0.1887680715297202, 0.11284438799293645, 0.39677038679773935, 0.11284472865222325, 0.1887724250273809","1.4758816277454956, 0.5132695668260006, 1.021703920553247, 0.5132747187379365, 1.4758701661373221"
-4.0,1.0,"0.19160545148313834, 0.08162046322730457, 0.453531457475056, 0.08162180054889812, 0.19162082726560303","1.6048962069892418, 0.3348772692866966, 1.1204701857689296, 0.3348865929592063, 1.6048697449959257"
-4.0,1.3333333333333333,"0.19437007019815167, 0.0573876671204116, 0.496347890331646, 0.05739185402309764, 0.19450251832669196","1.6782511749682933, 0.22192007678725273, 1.1997918885938479, 0.22196306159730445, 1.6780737980532991"
-4.0,1.6666666666666667,"0.19689823152475705, 0.040699480315245874, 0.5241161413814717, 0.04072856216017401, 0.1975575846183515","1.7178248422312876, 0.15446404591486695, 1.2560909668027915, 0.15458274705229758, 1.7170373979987568"
-4.0,2.0,"0.1977470669432968, 0.029483098714693054, 0.5410465296548741, 0.029650940750323325, 0.20207236393681216","1.7414547319109368, 0.11298342659857329, 1.2954752723258218, 0.11347153751046082, 1.7366150316542046"
-4.0,2.3333333333333335,"0.19802160587394668, 0.021960436591727618, 0.5512032849097077, 0.022055557017962496, 0.20675911560665616","1.7562641337221239, 0.08625869688878093, 1.3236120162270266, 0.0870371531391807, 1.74682800002289"
-4.0,2.6666666666666665,"0.2031925166376164, 0.016752898792635657, 0.55763647412359, 0.016777410675441497, 0.20564069977071686","1.760707499863861, 0.06857671525431101, 1.343857562636168, 0.06875466083874456, 1.7581035614069171"
-4.0,3.0,"0.18721189367979252, 0.012822967407832325, 0.5596258312136907, 0.013537216817566065, 0.2268020908811187","1.784522909005664, 0.05484493673084709, 1.361090388537078, 0.05688299274263227, 1.7426587729837784"
-4.0,3.3333333333333335,"0.19868457007162355, 0.01034955096941835, 0.5630296637529775, 0.010348782330632161, 0.2175874328753482","1.7774016817528888, 0.046120654811256726, 1.371576765708572, 0.04702740174048389, 1.7578734959867994"
-4.0,3.6666666666666665,"0.18519927088925847, 0.008245241930402662, 0.5635659916655237, 0.008440057263290827, 0.2345494382515243","1.7950665808315274, 0.03848582464404808, 1.3820309016018384, 0.04010879171149674, 1.7443079012110903"
-4.0,4.0,"0.16207686529197785, 0.006574631226701291, 0.552520253356594, 0.006999363703665029, 0.27182888642106184","1.8216035874977115, 0.032088888277496994, 1.4018216325096606, 0.0353608534677289, 1.709125038247402"
-3.5,-4.0,"0.010482318834257133, 0.46059754600534, 0.0443230772695814, 0.41091482874457463, 0.07368222914624736","0.02667779311502308, 1.3422689076711958, 1.9487173809609382, 1.5521910652105158, 0.13014485304232948"
-3.5,-3.6666666666666665,"0.04579634697441164, 0.44465757318297183, 0.044282072914185844, 0.44778737528321266, 0.017476631645217972","0.08627605447398845, 1.4990692484093313, 1.9501879899490269, 1.424718741917275, 0.03974796525037823"
-3.5,-3.3333333333333335,"0.018347912482309173, 0.46225708412029654, 0.04442946103758505, 0.45912688731079054, 0.01583865504901902","0.0430382136394533, 1.4841016150936683, 1.9523155134964327, 1.4813920010582722, 0.0391526567121737"
-3.5,-3.0,"0.018744069485428318, 0.4549738274788361, 0.05328292610846552, 0.4543549365171351, 0.01864424041013494","0.04494227708340593, 1.4834497850662647, 1.9430022225105033, 1.483802651911292, 0.04480306342853597"
-3.5,-2.6666666666666665,"0.02251282944935331, 0.44504258895760973, 0.06550186980774964, 0.44395322338847054, 0.02298948839681671","0.05222458192102009, 1.4814867736883817, 1.9295723773216054, 1.4836278437928532, 0.053088423276138996"
-3.5,-2.3333333333333335,"0.027879586621151364, 0.43127452637905817, 0.08168912465948774, 0.4312904314325584, 0.02786633090774404","0.062370255151132245, 1.481815606371983, 1.911710513559896, 1.481759492472304, 0.06234413244468541"
-3.5,-2.0,"0.03526542033168384, 0.4129529790273153, 0.10354847623494567, 0.41297742524571956, 0.03525569916033568","0.07610267485089911, 1.4804540238936768, 1.8869680026763074, 1.4803920748094934, 0.07608322376962337"
-3.5,-1.6666666666666667,"0.04565628528472601, 0.3878318780470684, 0.13304232905061997, 0.38774394782446486, 0.04572555979312111","0.09561846824934525, 1.4779951144252566, 1.8523570819752335, 1.4782538043069988, 0.09577553104316737"
-3.5,-1.3333333333333333,"0.061166472435578274, 0.35275057749335637, 0.1721669279310949, 0.35275469520699554, 0.06116132693297492","0.12653113812369668, 1.4722273983713314, 1.8024991976861942, 1.4722250576525087, 0.1265172081662715"
-3.5,-1.0,"0.08447234684145788, 0.30499789110340336, 0.2210617762226812, 0.30500763399584685, 0.08446035183661162","0.1807636396286162, 1.4558733135771469, 1.7268115309324816, 1.4558296384692806, 0.1807218773924778"
-3.5,-0.6666666666666666,"0.12071105343847756, 0.24324743810219096, 0.2720830023376354, 0.2432474374764848, 0.12071106864521125","0.2988845751369118, 1.404971372692477, 1.5922880070020629, 1.4049714540459843, 0.2988845911225632"
-3.5,-0.3333333333333333,"0.17088155929358229, 0.18062889074074162, 0.2969791002926564, 0.18062889221999434, 0.17088155745302525","0.5964926293300419, 1.250721575682069, 1.305571626337159, 1.2507215700142489, 0.5964925986364797"
-3.5,0.0,"0.19624265149814368, 0.15271572589594862, 0.30208320585804427, 0.15271568613080033, 0.196242730617063","1.0000026485203721, 0.9999994064483431, 0.9999999666431987, 1.0000011572848864, 0.9999968211031994"
-3.5,0.3333333333333333,"0.19678429663439712, 0.13442151780519918, 0.337588346433624, 0.13442151970611993, 0.19678431942065933","1.2663608072351369, 0.7603762775821611, 0.9465258972063386, 0.7603763537108847, 1.2663606642654792"
-3.5,0.6666666666666666,"0.19716619494439647, 0.10683304325339227, 0.3920014043588005, 0.106833048883614, 0.19716630855979622","1.4556022448154224, 0.5337634160357759, 1.0212688294430603, 0.5337635518321033, 1.4556019578736357"
-3.5,1.0,"0.19902995378469612, 0.0776749656371789, 0.4465851772772886, 0.07767523202878956, 0.19903467127204655","1.5859285427827983, 0.35370863447078627, 1.120730560637339, 0.35371168625207006, 1.5859205758570045"
-3.5,1.3333333333333333,"0.20109279868534602, 0.054632004103633044, 0.4885116351841478, 0.05463330472232095, 0.20113025730455236","1.6629444678879768, 0.23603268942731098, 1.2020831694521332, 0.23604628827639204, 1.6628933849561875"
-3.5,1.6666666666666667,"0.20339272342637715, 0.03867543128912421, 0.5163369843063488, 0.03866503912775801, 0.202929821850392","1.7052836881808697, 0.16459633905972254, 1.2597770300481606, 0.1645126268490132, 1.7058303158622352"
-3.5,2.0,"0.2045374075932136, 0.027973469559081914, 0.5338032803804729, 0.027985560041097778, 0.20570028242613325","1.730303686701527, 0.12040418452582136, 1.299736666551399, 0.12057053490998818, 1.7289849273112634"
-3.5,2.3333333333333335,"0.20653766878592272, 0.020763636179981955, 0.5446613120531855, 0.020772522468174362, 0.20726486051273585","1.7444142241105336, 0.0919970133900839, 1.3278956940675366, 0.09207344528237148, 1.743619623149475"
-3.5,2.6666666666666665,"0.20489567706772338, 0.0157614912048046, 0.551405560735557, 0.01580841555534021, 0.21212885543657467","1.75689678885385, 0.07248726744214029, 1.3483829616700562, 0.07302574625889939, 1.7492072357750552"
-3.5,3.0,"0.1956193528878658, 0.012165477265789499, 0.5550124337316975, 0.012124107895036675, 0.22507862821961055","1.7740830113245556, 0.058270483845284854, 1.3644685320492849, 0.06000134226168635, 1.743176630519188"
-3.5,3.3333333333333335,"0.16740597854323414, 0.009214607935081425, 0.550405658878419, 0.009807405606201813, 0.2631663490370636","1.8087694370772742, 0.046950063524619584, 1.3840062896342502, 0.050653375839264755, 1.7096208339245913"
-3.5,3.6666666666666665,"0.23373935006184565, 0.007996238078631455, 0.5645492981600049, 0.007952781707324757, 0.18576233199219394","1.743917711941746, 0.04240142502160768, 1.3802315799644482, 0.040389911515091415, 1.7930593715571113"
-3.5,4.0,"0.1291932787738741, 0.0060060598256913705, 0.5303075130735655, 0.006886505278380301, 0.3276066430484884","1.8548670565694112, 0.03187416434132756, 1.4241687635776588, 0.03787748996608409, 1.6512125255455183"
-3.0,-4.0,"0.011244581402915446, 0.4790218829697973, 0.03151649697083647, 0.46498007324962953, 0.013236965406821219","0.031926826979943326, 1.474109560969985, 1.9661047951150956, 1.4925866898754823, 0.035272127059494444"
-3.0,-3.6666666666666665,"0.014876886452116116, 0.46312734331372063, 0.03732856650147964, 0.4695900638151481, 0.015077139917535832","0.03904279970735946, 1.4843545358032122, 1.9595178838275262, 1.4781264731644086, 0.03895830749749557"
-3.0,-3.3333333333333335,"0.01736508514971512, 0.4587879094838013, 0.04459501314928305, 0.4621090548794019, 0.017142937337799098","0.04439724652101218, 1.4820329929716207, 1.9515128177066567, 1.4781717804784047, 0.043885162322307665"
-3.0,-3.0,"0.020667831988159975, 0.45230767282392337, 0.05408264407444452, 0.45250557400501024, 0.02043627710846177","0.05122748490898258, 1.478861506838912, 1.940904055334856, 1.4781426462335627, 0.0508643066836878"
-3.0,-2.6666666666666665,"0.0248187016312957, 0.4418363446817828, 0.06657721693323415, 0.44195498848906345, 0.024812748264624106","0.05980363230306328, 1.4768716235454058, 1.9268159888399887, 1.476726410502542, 0.0597823448090016"
-3.0,-2.3333333333333335,"0.030694203664662738, 0.42758552935094885, 0.08330004584566553, 0.42791623421035363, 0.03050398692836958","0.07153940808345383, 1.4751075002432663, 1.9076882775330515, 1.4744529137677054, 0.0712119003725239"
-3.0,-2.0,"0.03865155340643785, 0.4083985231741397, 0.10590167326371724, 0.40839476426536836, 0.03865348589033663","0.08728110943460042, 1.4721255693309576, 1.8811763338998975, 1.4721324881850064, 0.08728449914953806"
-3.0,-1.6666666666666667,"0.05063291255436581, 0.38078427267692283, 0.13644885152291342, 0.38251076542548, 0.04962319782031717","0.11121992506347833, 1.470455758690417, 1.8439031078657564, 1.4658548821343682, 0.10856632624597713"
-3.0,-1.3333333333333333,"0.06748217715003423, 0.34421335000758024, 0.176792126808897, 0.34317111349162566, 0.06834123254186332","0.14609669018975346, 1.4570161283042977, 1.7882236889994352, 1.460227570940333, 0.1484359215661813"
-3.0,-1.0,"0.094963833166076, 0.2920372915098979, 0.22599775627033092, 0.29203723053253994, 0.09496388852115499","0.21280006333073437, 1.4357592922595328, 1.7028808189617122, 1.4357597645317268, 0.2128000609162955"
-3.0,-0.6666666666666666,"0.13633846033810135, 0.22674724501066024, 0.2738285825235153, 0.22674724370888455, 0.13633846841883868","0.3496218046921812, 1.3748922883366186, 1.5509717651137387, 1.3748923326011293, 0.3496218092563332"
-3.0,-0.3333333333333333,"0.1874468217378427, 0.1657260575905457, 0.2936542413641901, 0.16572605766031323, 0.18744682164710885","0.6445643309387208, 1.222600731821905, 1.2656698761516672, 1.2226007315155052, 0.6445643295722046"
-3.0,0.0,"0.20960242719953703, 0.13996318520399853, 0.30086877525411715, 0.13996318515310363, 0.20960242718924355","1.0000000071821464, 0.9999999982577575, 0.9999999999832491, 1.0000000034789809, 0.9999999910978665"
-3.0,0.3333333333333333,"0.2082979210781154, 0.12391928783308392, 0.33556557692783834, 0.12391928754315629, 0.20829792661780655","1.2495723531752305, 0.7759620300218766, 0.9489312501815199, 0.7759620441344071, 1.2495723224869675"
-3.0,0.6666666666666666,"0.20656631044874652, 0.0996023977270043, 0.3876633810273287, 0.09960238224539769, 0.20656552855152244","1.4340356049521423, 0.5564649740723167, 1.0189978206729853, 0.5564640827333258, 1.434037517569228"
-3.0,1.0,"0.2069145889798072, 0.0729668919456899, 0.44023465421302305, 0.07296693932804099, 0.20691692553343854","1.565554493881337, 0.375295000116808, 1.1183034157876859, 0.3752963981818643, 1.5655506920323017"
-3.0,1.3333333333333333,"0.2079271942046973, 0.051393240356557165, 0.48135432756271296, 0.05139317335802783, 0.2079320645180035","1.6465344003672282, 0.2525476144704875, 1.2018407207546424, 0.2525493189272163, 1.6465279454804218"
-3.0,1.6666666666666667,"0.20909336456495364, 0.036306098036035794, 0.5092344056652729, 0.03630544547571565, 0.209060686258023","1.6928942888285374, 0.17638001289912655, 1.2614183982133655, 0.17637426417959312, 1.6929330358793786"
-3.0,2.0,"0.21089445330428602, 0.026198186184623905, 0.5271501829629099, 0.026182130734733133, 0.20957504681344719","1.7190679915629734, 0.1290560999962321, 1.3024486773521409, 0.12889076409931377, 1.7205364669893415"
-3.0,2.3333333333333335,"0.2100668173814726, 0.019358879370490183, 0.5385513120938346, 0.0194149425231429, 0.21260804863105964","1.737549736275035, 0.09816846417162939, 1.3310920929214871, 0.09839435278742065, 1.7347953538444276"
-3.0,2.6666666666666665,"0.2155980762836892, 0.014727201190904843, 0.5460126179785558, 0.014648715030662986, 0.20901338951618686","1.7432096710031892, 0.07773264419787937, 1.351608412723001, 0.07727173405006069, 1.750177538025869"
-3.0,3.0,"0.20379146577858354, 0.011339121484217667, 0.5505450122271318, 0.011386512585752104, 0.2229378879243149","1.763688116904098, 0.06221956814592767, 1.367135831746763, 0.06341414053412517, 1.7435423426690841"
-3.0,3.3333333333333335,"0.2148884991381923, 0.009016766428432459, 0.5544028278606012, 0.009005807700221764, 0.21268609887255152","1.7578799446889735, 0.05203525453741294, 1.377979667821837, 0.05194961698253851, 1.7601555159692368"
-3.0,3.6666666666666665,"0.1781584102145276, 0.007133803988072691, 0.5501657094167858, 0.007492330278785632, 0.2570497461018283","1.800286600712476, 0.04207215810041075, 1.393541184672891, 0.044765519889615274, 1.719334536624607"
-3.0,4.0,"0.26714948080042, 0.006032664678370724, 0.5594190060545545, 0.005825259775801244, 0.1615735886908538","1.711970034100031, 0.03932349118801408, 1.3930156970219576, 0.03568852405966829, 1.8200022536303313"
-2.5,-4.0,"0.014765252626361355, 0.46959843464657414, 0.03191790487479451, 0.46944916639017065, 0.014269241462099328","0.03968307060651466, 1.4787728957522304, 1.9646506325752768, 1.4778760730591793, 0.039017328006798226"
-2.5,-3.6666666666666665,"0.01630455268426017, 0.46905781265436386, 0.037765412278831234, 0.4594001376124599, 0.01747208477008505","0.0436849212515913, 1.4701744505585486, 1.957930890129548, 1.4823731061597063, 0.045836631900607175"
-2.5,-3.3333333333333335,"0.019518421682601, 0.45644778220081916, 0.045175894182332255, 0.45957796098059767, 0.01927994095365034","0.0510483464730319, 1.4763294441699544, 1.949464189715453, 1.4726459642384968, 0.05051205540306727"
-2.5,-3.0,"0.02292588326973881, 0.44998154249510414, 0.05489606214924825, 0.4490171317563201, 0.023179380329589595","0.05867002359995982, 1.4713043837185031, 1.9381600201502047, 1.472765978680067, 0.05909959385126863"
-2.5,-2.6666666666666665,"0.02785478116519343, 0.4374077034517726, 0.06772955098499245, 0.4407955226394372, 0.026212441758604536","0.06949766002910399, 1.47355448184502, 1.9235211836298132, 1.4667934035698327, 0.0666332709262297"
-2.5,-2.3333333333333335,"0.03402882537529184, 0.42353275402947277, 0.08506638789370224, 0.4231484306629343, 0.034223602038598935","0.08259050855466493, 1.4656696511605163, 1.9023990388760073, 1.4664192021407434, 0.0829215992680667"
-2.5,-2.0,"0.04347129987394958, 0.40224775931142975, 0.10857059434381877, 0.4022248098478579, 0.0434855366229443","0.10214373759103265, 1.461213575438294, 1.873208596399842, 1.4612638642407334, 0.10217022633009862"
-2.5,-1.6666666666666667,"0.05708463920936451, 0.37275493100209434, 0.14032059343459202, 0.3727558648602066, 0.05708397149374238","0.13055118928303525, 1.4538302033869632, 1.8312407087431892, 1.4538281703889178, 0.1305497281978955"
-2.5,-1.3333333333333333,"0.07770230875844683, 0.3313832270650966, 0.18182895132372712, 0.33138360054701654, 0.07770191230571337","0.17558286134614345, 1.4400181639183756, 1.768799802592656, 1.4400173099489777, 0.1755818621938477"
-2.5,-1.0,"0.10939762629153792, 0.2751310149451861, 0.23094270487924384, 0.27513078819996906, 0.1093978656840629","0.2544992277365371, 1.410213539996263, 1.6705730243695858, 1.410214237861915, 0.2544999700356974"
-2.5,-0.6666666666666666,"0.1562392410361036, 0.2064747904504225, 0.27457193750486253, 0.20647479726218188, 0.15623923374642992","0.4093524716944931, 1.3402002501389465, 1.5008946253735782, 1.340200226769405, 0.4093524260235786"
-2.5,-0.3333333333333333,"0.20645703409600524, 0.14816230950642573, 0.29076131295644464, 0.14816230986208156, 0.20645703357904252","0.690844852770979, 1.195477666474854, 1.2273549681482212, 1.1954776651886787, 0.6908448474172676"
-2.5,0.0,"0.22507103389884803, 0.1247178425433545, 0.300422247140416, 0.12471784249784224, 0.2250710339195393","0.9999999973464355, 1.0000000003598988, 1.0000000000560196, 0.9999999983202813, 1.0000000039173655"
-2.5,0.3333333333333333,"0.22160822338385966, 0.11132027079217155, 0.3341429935691059, 0.11132026751682156, 0.2216082447380422","1.2319334524748573, 0.7925859757651318, 0.9509612025096947, 0.7925860241590157, 1.231933345091301"
-2.5,0.6666666666666666,"0.21719382329023207, 0.09084909416072073, 0.3839141517936811, 0.09084909356788506, 0.21719383718748086","1.4109772264770042, 0.5815911685660969, 1.0148632272968794, 0.5815911840081884, 1.4109771936518316"
-2.5,1.0,"0.21540996114326383, 0.067287164998698, 0.43460593939852193, 0.06728716489159989, 0.21540976956791602","1.5434914790188317, 0.40006930544928454, 1.112878236210926, 0.40006919687469134, 1.543491782446266"
-2.5,1.3333333333333333,"0.21495777820903517, 0.047540893264667206, 0.4750036161334072, 0.04754090834081018, 0.21495680405207995","1.6287356571843405, 0.2719523774310658, 1.1986230047222632, 0.2719520091447135, 1.6287369515176162"
-2.5,1.6666666666666667,"0.2149910676843586, 0.03352558524607409, 0.5029467165281506, 0.03352579922879481, 0.21501083131262244","1.6793204048958281, 0.1903765146169603, 1.2606254250401836, 0.19038032039105685, 1.679297335055973"
-2.5,2.0,"0.2152517006966581, 0.024102083325637562, 0.5212607079372609, 0.024102580054460705, 0.2152829279859826","1.7093691733982563, 0.1390128102517275, 1.3032665182048324, 0.1390171894139924, 1.7093343087311923"
-2.5,2.3333333333333335,"0.21560168634465793, 0.01776909478581231, 0.5331919534482645, 0.017769238471322918, 0.2156680269499428","1.7279960136250854, 0.10563484356413208, 1.3328031515070409, 0.10564168464956238, 1.7279243066541796"
-2.5,2.6666666666666665,"0.21286090168931893, 0.013433972784128674, 0.5411501928284908, 0.013407373087537762, 0.21914755961052323","1.7434619670891651, 0.082769087418673, 1.3537132337067057, 0.08331674358616334, 1.736738968199292"
-2.5,3.0,"0.2067928398448875, 0.010310096264747614, 0.5459765304495638, 0.010465227790668368, 0.2264553056501324","1.7585295295445709, 0.06643478402184985, 1.3695648751847516, 0.06755008135609263, 1.7379207298927328"
-2.5,3.3333333333333335,"0.2101935058751877, 0.008185513218726227, 0.5499917052605592, 0.008207689872670853, 0.22342158577285542","1.7611524696498435, 0.055008898334472936, 1.3808110115949652, 0.05560716589174587, 1.7474204545289715"
-2.5,3.6666666666666665,"0.18290954526281678, 0.006562346920156073, 0.5484989259986377, 0.006344730053621243, 0.25568445176476884","1.793882842116716, 0.04508558462705666, 1.3938496263927853, 0.04805014371255513, 1.719131803150888"
-2.5,4.0,"0.17890584659813358, 0.005306587690463143, 0.5501773011933209, 0.005459772321398507, 0.26015049219668396","1.8013472394791754, 0.038264625738013314, 1.401327095238848, 0.0407061029869725, 1.7183549365569921"
-2.0,-4.0,"0.0339638446165081, 0.10734637601663674, 0.1358841300158361, 0.025773196898099537, 0.6970324524529199","0.05036572747218415, 0.24255047695938267, 1.8050626438082311, 1.8829107123383446, 1.019110439421859"
-2.0,-3.6666666666666665,"0.020529832363654195, 0.4527252718323299, 0.038150157462254364, 0.47060762788356814, 0.017987110458193907","0.0540536495352287, 1.4817957807652888, 1.955918509683177, 1.458755626303617, 0.04947643371269051"
-2.0,-3.3333333333333335,"0.02238426065539842, 0.45549251448871353, 0.04574262084995706, 0.45378498499119246, 0.02259561901473915","0.05927677789805867, 1.4661004204402026, 1.9466448762914963, 1.468277399912152, 0.05970052545809351"
-2.0,-3.0,"0.05360519694436974, 0.40239653861977986, 0.057475349263903075, 0.4671864585660188, 0.019336456605928476","0.11092900493880625, 1.5198869259792844, 1.930104746746121, 1.3835383052397014, 0.05554101709608668"
-2.0,-2.6666666666666665,"0.030038269390060837, 0.43998199347212674, 0.0690071099132008, 0.42871399106734887, 0.0322586361572631","0.07818094587876545, 1.452320033678257, 1.9182511787758656, 1.468558976429338, 0.08268886523777445"
-2.0,-2.3333333333333335,"0.03950699136187144, 0.4168566175608096, 0.08702970342300886, 0.4174177908050626, 0.03918889684924731","0.09839868815652184, 1.4549388009416444, 1.8948983294237158, 1.453880722048353, 0.09788345942976523"
-2.0,-2.0,"0.050333994127031836, 0.39390719181401734, 0.1115276846083656, 0.39387908760771473, 0.0503520418428706","0.12197449531412317, 1.446974971619355, 1.8620131276413576, 1.4470316466777786, 0.12200575874738678"
-2.0,-1.6666666666666667,"0.06657271811134606, 0.36111412278394217, 0.14462555841223212, 0.36111673744656037, 0.06657086324591877","0.1571683301057274, 1.4358508671370322, 1.8139705648838782, 1.4358454797833402, 0.1571647580900199"
-2.0,-1.3333333333333333,"0.09137438536392636, 0.3149707077104307, 0.18730988558730288, 0.3149702409748212, 0.09137478036351838","0.21284714102468635, 1.4164397257730807, 1.7414242883889202, 1.416440831471739, 0.2128480133415711"
-2.0,-1.0,"0.12906512531406247, 0.25310975105826317, 0.2356502739920424, 0.253109858898649, 0.12906499073698266","0.30772266784484803, 1.3785941074806451, 1.627367151378528, 1.3785938389223662, 0.3077222343736138"
-2.0,-0.6666666666666666,"0.18072366477886173, 0.1819444525486401, 0.2746637652226692, 0.18194445160026318, 0.18072366584956578","0.47624029379841326, 1.3021928179738484, 1.443133767606367, 1.302192820910391, 0.4762402997109797"
-2.0,-0.3333333333333333,"0.2279248303340362, 0.12747732176860604, 0.2891956957974174, 0.12747732177353455, 0.22792483032640592","0.7341836500939076, 1.1699340059628225, 1.1917646879982804, 1.1699340059452377, 0.7341836499997532"
-2.0,0.0,"0.2428009161502933, 0.10655562863003493, 0.30128691043862293, 0.10655562863168538, 0.24280091614936328","1.0000000000523297, 0.9999999999929428, 0.9999999999993792, 1.000000000030966, 0.9999999999243824"
-2.0,0.3333333333333333,"0.2369333914205139, 0.09621377292956662, 0.33370567126692263, 0.09621377291904198, 0.23693339146395503","1.2134360578705765, 0.810205702905308, 0.9527164785500466, 0.8102057029866065, 1.213436057687463"
-2.0,0.6666666666666666,"0.22930355628769716, 0.08020459724358853, 0.3809836909859131, 0.08020459700942378, 0.22930355847337736","1.386212908177943, 0.6093027893202152, 1.008968607507145, 0.609302791533499, 1.386212903461198"
-2.0,1.0,"0.22470921493168916, 0.06036561387595499, 0.42985036348777583, 0.06036561477074795, 0.22470919293383207","1.5194121687620332, 0.4284745184773656, 1.1042266047011666, 0.42847450567330936, 1.5194122023861263"
-2.0,1.3333333333333333,"0.2222975212427658, 0.04290144548339522, 0.46960157739980635, 0.042901430982972416, 0.22229802489105932","1.6091920406259679, 0.2948177067586948, 1.1919809837534276, 0.29481787846328256, 1.6091913903986246"
-2.0,1.6666666666666667,"0.22096284813054456, 0.030221114252472217, 0.4976146608384965, 0.03022092842293074, 0.22098044835555553","1.6644854538007083, 0.20704816096134748, 1.2569496913313198, 0.20705173127058785, 1.6644649626360366"
-2.0,2.0,"0.22018204415843112, 0.021646539419539867, 0.5162733526281433, 0.021645519202161817, 0.2202525445917236","1.698156929458737, 0.1509600132503604, 1.3018336138795479, 0.15097059899157347, 1.698078844419781"
-2.0,2.3333333333333335,"0.22084385434137188, 0.015896073496052876, 0.5286304266585768, 0.015900706851123117, 0.21872893865287546","1.7181368906963068, 0.11445275255066756, 1.3327640921185122, 0.11422024304369417, 1.7204260215908198"
-2.0,2.6666666666666665,"0.21770011025110658, 0.011960182405271698, 0.5369151567516235, 0.011978476944628037, 0.2214460736473699","1.735189261693166, 0.08936695997321428, 1.3545772048462137, 0.08963872648485602, 1.731227847002549"
-2.0,3.0,"0.20940109741116153, 0.009199079797731251, 0.5422750134105694, 0.009240431592979131, 0.22988437778755788","1.7534318081893694, 0.07127839828134915, 1.3707846387270968, 0.07242404576376582, 1.7320811090384187"
-2.0,3.3333333333333335,"0.21430750783036145, 0.007278156837560935, 0.5466449099124371, 0.0072168679283250575, 0.22455255749131586","1.7550065790352636, 0.058943079563573475, 1.382150903636558, 0.05952949371944667, 1.7443699440451597"
-2.0,3.6666666666666665,"0.22516179790110713, 0.00584800077978986, 0.5506900950529077, 0.005908674129996957, 0.21239143213619838","1.7488430859337651, 0.049896269618601066, 1.3900389802818391, 0.04923572258993453, 1.7619859415758612"
-2.0,4.0,"0.18386825891847658, 0.00475548785123505, 0.5471592646205774, 0.004460919580242969, 0.2597560690294686","1.795269295733752, 0.04054318810650973, 1.4027032055090431, 0.04377062929648942, 1.7177136813542093"
-1.5,-4.0,"0.012731877555592118, 0.5165922256112762, 0.033396764844417226, 0.3889232758153063, 0.04835585617340845","0.03988858146362515, 1.3543398008911507, 1.956887213557288, 1.5541874825077098, 0.09469692158022427"
-1.5,-3.6666666666666665,"0.023579062362646987, 0.44991255034237365, 0.038458311819643876, 0.4666472320119274, 0.021402843463408434","0.0628239816627423, 1.4729859790735933, 1.953138337937629, 1.4522864604168966, 0.058765240909140155"
-1.5,-3.3333333333333335,"0.026185815462519236, 0.45149500957760613, 0.04623004520123808, 0.4495518397315327, 0.026537290027103887","0.07000225494394158, 1.456988254844609, 1.9428800222130207, 1.4595119424206286, 0.07061752557779977"
-1.5,-3.0,"0.031972468445014765, 0.44010133321965494, 0.0564845899150862, 0.43973934701239414, 0.03170226140784964","0.08306809995829487, 1.452677263161219, 1.9289279186430157, 1.4525612870234323, 0.0827654312140352"
-1.5,-2.6666666666666665,"0.03785210716028438, 0.4270630768547061, 0.07025806636112986, 0.42687721648750065, 0.03794953313637916","0.09783301484954245, 1.446758184154406, 1.9103839051760483, 1.4470586569819655, 0.09796623883803882"
-1.5,-2.3333333333333335,"0.04705032137236507, 0.4084099107179401, 0.08901275445394141, 0.4085552270805929, 0.046971786375160765","0.11900162767964181, 1.4391908403152849, 1.8839981961882692, 1.4389312570346906, 0.11887807878211469"
-1.5,-2.0,"0.060291947107860774, 0.3823604631091837, 0.1146890278838899, 0.3823774770164259, 0.060281084882639765","0.14874518180327184, 1.4283775031801016, 1.8458065396699073, 1.4283450210666633, 0.14872575428005608"
-1.5,-1.6666666666666667,"0.08025718950212911, 0.3450959631383804, 0.14929621335571608, 0.34508594797890313, 0.08026468602487158","0.19296055610952784, 1.412488088379062, 1.7890707592423571, 1.4125067735738752, 0.19297382269517976"
-1.5,-1.3333333333333333,"0.11065298058321557, 0.2927864795690329, 0.1931210386846327, 0.292786778405959, 0.1106527227571601","0.2618754696342296, 1.3866285095462874, 1.7029931383356642, 1.3866279940716768, 0.26187488841214296"
-1.5,-1.0,"0.15505182737537884, 0.22482976691792322, 0.2402368174653281, 0.22482980824858867, 0.15505177999278166","0.372992606998228, 1.3412633953310062, 1.5714882197246833, 1.3412633130048521, 0.3729924649412323"
-1.5,-0.6666666666666666,"0.20944813510993063, 0.15288101335113247, 0.27534170263626345, 0.15288101205994342, 0.20944813684273045","0.546612119667561, 1.2630266335819118, 1.3807224809111465, 1.2630266363372575, 0.5466121295021246"
-1.5,-0.3333333333333333,"0.2516934084297955, 0.103247822258414, 0.29011753862429296, 0.10324782225989215, 0.2516934084276051","0.7738417430119366, 1.146328666542455, 1.1596591809150845, 1.1463286665387749, 0.7738417429917496"
-1.5,0.0,"0.2628093596070009, 0.08509709903833379, 0.30418708270945, 0.08509709903804852, 0.2628093596071661","1.0000000000067932, 0.9999999999989964, 0.9999999999993778, 1.0000000000031135, 0.9999999999917164"
-1.5,0.3333333333333333,"0.2544207081970659, 0.07818646851391475, 0.33478564658098414, 0.07818646851544786, 0.25442070819258733","1.1941238628811763, 0.8286931996056294, 0.9543658750179453, 0.8286931995980947, 1.1941238628971536"
-1.5,0.6666666666666666,"0.24315769815015487, 0.06724189036922518, 0.37920082329497834, 0.06724189044972789, 0.2431576977359149","1.359548616472402, 0.6396479254505532, 1.001606915764289, 0.6396479250380309, 1.3595486172747284"
-1.5,1.0,"0.23506169636797913, 0.05185965557747163, 0.42615754873360495, 0.0518596910305586, 0.2350614082903869","1.4929386847741948, 0.4609208263514908, 1.092280724809861, 0.4609206384063856, 1.4929391256580717"
-1.5,1.3333333333333333,"0.2301044667737916, 0.0372452544173999, 0.4653004188338186, 0.037245245162071006, 0.2301046148129191","1.5874662356922684, 0.3217851750758564, 1.1814973106336992, 0.32178523141349735, 1.5874660471846804"
-1.5,1.6666666666666667,"0.22705943670177187, 0.026243687633599425, 0.49338933436764915, 0.026243600363175246, 0.22706394093380444","1.6480611056275292, 0.22698950762111136, 1.2499029952772613, 0.22699054976750827, 1.6480558417065914"
-1.5,2.0,"0.2251651234677936, 0.018723427083946878, 0.5123294305142212, 0.018724764692184898, 0.22505725424185263","1.6857998343142742, 0.16528025272887625, 1.2977364899423725, 0.16526533090136972, 1.6859180921131065"
-1.5,2.3333333333333335,"0.22432208857539682, 0.01368534151270892, 0.5250074654518986, 0.013677287921463374, 0.2233078165385317","1.7094167143600982, 0.12474631561471747, 1.33069139569312, 0.12464715326805036, 1.7104984210640133"
-1.5,2.6666666666666665,"0.22403550418785523, 0.01026201380525945, 0.5336090290287474, 0.010278636861863658, 0.22181481611627418","1.7247731334717233, 0.0972757494304255, 1.3537567522053593, 0.09706269829833677, 1.7271316665941554"
-1.5,3.0,"0.21867242070279347, 0.007881147747139938, 0.5395484786995988, 0.007904308154678241, 0.22599364469578997","1.7408300601524214, 0.07755741005246158, 1.3704038854613572, 0.07800433790229039, 1.7332043064314713"
-1.5,3.3333333333333335,"0.21984993105881467, 0.006195422339574673, 0.5438776668429228, 0.006178488914645827, 0.2238984908440418","1.7470785033512657, 0.0635842423231694, 1.3825923670224527, 0.06383627624326464, 1.7429086110598457"
-1.5,3.6666666666666665,"0.23579570098262082, 0.004891158667209329, 0.5482946534290767, 0.005015627218032063, 0.20600285970306187","1.7362913106389204, 0.05376592847548036, 1.3904933430151076, 0.05263012404779502, 1.7668192938226994"
-1.5,4.0,"0.19523303384388535, 0.004090282604215713, 0.5485804272779302, 0.003998465762718489, 0.24809779051125047","1.782068546230395, 0.04399282454019568, 1.3998765914425506, 0.04605349984575739, 1.7280085379411014"
-1.0,-4.0,"0.026311814190581935, 0.44059944605861556, 0.03252919129531473, 0.4788804945514507, 0.021679053904037147","0.06829679272396602, 1.4803445512894058, 1.9577847913956405, 1.4340232646160882, 0.05955059997489839"
-1.0,-3.6666666666666665,"0.026092316351902897, 0.4601701948349303, 0.03854934237280583, 0.44683031937692597, 0.02835782706343505","0.07082789491163803, 1.4440713124307296, 1.9491261855092044, 1.461142733069814, 0.07483187407861486"
-1.0,-3.3333333333333335,"0.03240016337345737, 0.44426008923664895, 0.04651693171935756, 0.44448968449229487, 0.03233313117824102","0.08524699043337357, 1.4463707251834594, 1.9372223981359444, 1.4460255348267896, 0.08513435142043133"
-1.0,-3.0,"0.039561121941391865, 0.42820379283145193, 0.05708763570100772, 0.44094885707179593, 0.03419859245435264","0.10267716676810659, 1.4515591913182007, 1.9223049719348184, 1.4293523450328596, 0.09410632494601492"
-1.0,-2.6666666666666665,"0.04575771669183995, 0.41899021077305787, 0.0713405456484899, 0.4171937739744592, 0.04671775291215357","0.1189497150083084, 1.4290293835248165, 1.8995286853518494, 1.4321403167915947, 0.12035189932343124"
-1.0,-2.3333333333333335,"0.05807053338171078, 0.396494161601203, 0.09086994940214455, 0.3964955190791317, 0.05806983653581014","0.1468986299059335, 1.4191439373310717, 1.8679182197888047, 1.4191417575067524, 0.14689745546743913"
-1.0,-2.0,"0.07478332730302396, 0.36625602588575057, 0.11792164795074667, 0.3662552123605065, 0.07478378649997242","0.18484129377383085, 1.4042363929416608, 1.8218426011044442, 1.4042376954597915, 0.18484201672027334"
-1.0,-1.6666666666666667,"0.09983729675068018, 0.3229697653663075, 0.15438699797737487, 0.3229648153197142, 0.09984112458592352","0.24050735453912994, 1.382976762772065, 1.7530161190124414, 1.382985558959969, 0.24051420471639595"
-1.0,-1.3333333333333333,"0.13706053489477185, 0.2631209506610278, 0.1996370459328356, 0.26312087500231707, 0.13706059350904806","0.3242226603853464, 1.3506364507261606, 1.6502815195282354, 1.350636581295064, 0.32422278806519544"
-1.0,-1.0,"0.1875339519555912, 0.18953641555216416, 0.24585926133029168, 0.18953638710237708, 0.18753398405957616","0.4481564404988897, 1.3000756816481325, 1.503535612836446, 1.3000757315961318, 0.44815653342040246"
-1.0,-0.6666666666666666,"0.24137969553675354, 0.11923779842071458, 0.2787650120927665, 0.11923779846320948, 0.24137969548655624","0.6160040621344397, 1.2250256306503453, 1.3179406147188748, 1.2250256305859302, 0.6160040619104096"
-1.0,-0.3333333333333333,"0.27739163180990506, 0.07518992862302365, 0.29483687913413736, 0.07518992862301832, 0.2773916318099161","0.8095382288556547, 1.1247927088968992, 1.1313381244948386, 1.1247927088969005, 0.8095382288557098"
-1.0,0.0,"0.28490946635996056, 0.06010086822465399, 0.30997933083077206, 0.06010086822464494, 0.28490946635996894","0.9999999999996876, 1.000000000000069, 1.0000000000000187, 0.9999999999998586, 1.0000000000003673"
-1.0,0.3333333333333333,"0.27407986053118727, 0.05689415731306258, 0.33805196431126205, 0.05689415731287689, 0.27407986053161154","1.1741153212139386, 0.8478112593956684, 0.9561468387814025, 0.8478112593961975, 1.1741153212127944"
-1.0,0.6666666666666666,"0.25898759595388254, 0.05150557012904894, 0.37901366849258455, 0.05150557041008935, 0.25898759501439395","1.330849825243745, 0.6724931948978872, 0.9933139589808334, 0.6724931940407664, 1.3308498268367677"
-1.0,1.0,"0.24676367033172297, 0.041350176001066, 0.42377230743080757, 0.041350176025052005, 0.24676367021135204","1.4636755963478492, 0.49770457004078167, 1.0772396671319402, 0.49770456995457557, 1.4636755965248551"
-1.0,1.3333333333333333,"0.23859420707205736, 0.030273486979477487, 0.4622646075815453, 0.030273486515095926, 0.2385942118518246","1.5630344234884501, 0.35353415339154737, 1.166862850287186, 0.3535341552066755, 1.563034417626143"
-1.0,1.6666666666666667,"0.23338826304032412, 0.02139743678961592, 0.4904282603365845, 0.021397418939934118, 0.23338862089354184","1.6295943267781583, 0.25091448740410077, 1.2389826951837848, 0.2509145702586761, 1.6295939203752832"
-1.0,2.0,"0.2299970229301488, 0.01520444923626356, 0.5095871713406492, 0.015203921379869562, 0.2300074351130691","1.6722447162688168, 0.18250662105234955, 1.2905070511407357, 0.18250818982462028, 1.6722334217134787"
-1.0,2.3333333333333335,"0.2277128140822211, 0.01105117587187636, 0.5224610564847066, 0.011050890616385256, 0.22772406294481162","1.6998030122392758, 0.13711298357869062, 1.3261785821844505, 0.13711439846475384, 1.699791023532833"
-1.0,2.6666666666666665,"0.22611020867088305, 0.008249959834172323, 0.5312501241820815, 0.008249708151288365, 0.22613999916157435","1.718206032681738, 0.10626621223656704, 1.3510839576098064, 0.10626892900500956, 1.7181748684668796"
-1.0,3.0,"0.2260955775658552, 0.006308968900633184, 0.5374119670715432, 0.006335118000950837, 0.2238483684610184","1.7297671709948674, 0.08473189349071034, 1.3688546184728039, 0.08454230261093525, 1.732104014430686"
-1.0,3.3333333333333335,"0.1886000530627555, 0.005231477900798993, 0.5394269650271611, 0.0047535591489901025, 0.2619879448602944","1.7773127346211917, 0.06625051571023395, 1.3851066800639424, 0.07029100723039715, 1.7010390623742335"
-1.0,3.6666666666666665,"0.21583310313033177, 0.003987331877191663, 0.5450790524870082, 0.003944189069628259, 0.2311563234358408","1.7547434484599664, 0.05680804139011375, 1.3918244502090105, 0.057617069285076844, 1.7390069906558332"
-1.0,4.0,"0.21901707164437156, 0.003224304798476768, 0.547542223960332, 0.003176815669137311, 0.22703958392768264","1.7561081364180204, 0.04815311264703569, 1.399368775666798, 0.048389330171309586, 1.7479806450968383"
-0.5,-4.0,"0.4586340772301768, 0.2017573943209472, 0.07483098187158799, 0.0035416135369563118, 0.2612359330403321","0.590669788391298, 1.2498566525612869, 1.841834695540119, 0.9708075194745811, 0.3468313440327154"
-0.5,-3.6666666666666665,"0.0852092730630393, 0.38238894755362385, 0.03887091917555685, 0.4655056956124158, 0.028025164595364454","0.15363395501538282, 1.51111805086083, 1.9351006671717585, 1.3254229985086758, 0.07472432844335467"
-0.5,-3.3333333333333335,"0.03726851888704778, 0.4479509967577488, 0.046599173637023816, 0.4285471697463882, 0.03963414097179149","0.09960310431128268, 1.4215898809723422, 1.9297859483661486, 1.4439533403347262, 0.10506772601550057"
-0.5,-3.0,"0.04767475229017915, 0.4257509197362915, 0.05694363338776398, 0.4186344655800286, 0.050996229005736096","0.12249700932596799, 1.4145759471417811, 1.9093228888888456, 1.4260711080335255, 0.12753304660987846"
-0.5,-2.6666666666666665,"0.059304144685516716, 0.40482654356115266, 0.07177288211314348, 0.404747229457482, 0.05934920018270585","0.1498868675399253, 1.4086920794872706, 1.8826469564837738, 1.4088228503944773, 0.14995124609455607"
-0.5,-2.3333333333333335,"0.07407795565972816, 0.37973162271124283, 0.09238906533082081, 0.37971239384968214, 0.074088962448526","0.18442584044129043, 1.3936913467448442, 1.8437154845247181, 1.3937238571388209, 0.1844434711503272"
-0.5,-2.0,"0.09546875790461108, 0.34386382236741553, 0.12133617659047069, 0.3438597332374327, 0.09547150990006985","0.23264773423527074, 1.3741337822366246, 1.7864252081941272, 1.3741409038297485, 0.23265237150422902"
-0.5,-1.6666666666666667,"0.12690563296604826, 0.2927779970719002, 0.16063276167866958, 0.2927778789409472, 0.12690572934243444","0.3014968490680907, 1.347533503117364, 1.7019389140216188, 1.3475337078058698, 0.30149702598705697"
-0.5,-1.3333333333333333,"0.17122074602837792, 0.22450775158965341, 0.20854300743818877, 0.22450771300015882, 0.17122078194362078","0.3989778670160039, 1.3100924285372197, 1.5818592635276247, 1.3100924927886357, 0.39897794813051657"
-0.5,-1.0,"0.22525177946392577, 0.14714382199200327, 0.25520879709185273, 0.14714382152174532, 0.22525177993047418","0.5282841654915358, 1.257972406136684, 1.4274868546440587, 1.257972406923016, 0.5282841668047082"
-0.5,-0.6666666666666666,"0.27508403701459905, 0.08118278593623485, 0.2874663541059573, 0.08118278600046458, 0.27508403694274436","0.6808106721377569, 1.18982798256708, 1.25872269085768, 1.1898279824877975, 0.680810671949688"
-0.5,-0.3333333333333333,"0.3044112442264676, 0.043307136555491565, 0.30456323843608274, 0.043307136555490566, 0.3044112442264682","0.8413669651665877, 1.1052874896030056, 1.1066910904608054, 1.1052874896030072, 0.8413669651665938"
-0.5,0.0,"0.30865629613307166, 0.031591128592717954, 0.31950515054842005, 0.03159112859271801, 0.30865629613307277","0.9999999999999967, 1.0000000000000018, 1.0000000000000002, 0.9999999999999982, 1.0000000000000047"
-0.5,0.3333333333333333,"0.2957081908562799, 0.032174536761199524, 0.34423454476504506, 0.032174536761201744, 0.29570819085627353","1.1536305928954065, 0.8672000309738862, 0.9583387522614097, 0.8672000309738801, 1.1536305928954185"
-0.5,0.6666666666666666,"0.2769277753709427, 0.03258159765503332, 0.3809812539448666, 0.03258159765314106, 0.2769277753760164","1.3001106816226353, 0.7074467432065785, 0.9848851503449706, 0.7074467432104729, 1.3001106816153438"
-0.5,1.0,"0.26013926713774627, 0.02835557572435682, 0.4230103144211349, 0.028355575785256326, 0.2601392669315059","1.4312591691243686, 0.5388951992385933, 1.0596912631500865, 0.5388951991010003, 1.4312591693859515"
-0.5,1.3333333333333333,"0.24805687450254266, 0.02160614552331047, 0.4606739591968839, 0.021606145301551805, 0.24805687547571154","1.535290425525384, 0.3907103629480183, 1.1479984237789465, 0.39071036353796873, 1.5352904242096836"
-0.5,1.6666666666666667,"0.2401293912554615, 0.015424909820639904, 0.4888914249207988, 0.0154249138383728, 0.24012936016472708","1.6084867468966362, 0.27965071485476967, 1.2237250498810501, 0.2796507078007314, 1.608486780566814"
-0.5,2.0,"0.234978206788638, 0.01091658805953677, 0.5082106850577053, 0.010916602709740583, 0.2349779173843779","1.656811506880322, 0.2033706330103374, 1.2796354571419537, 0.2033705702358693, 1.656811832731515"
-0.5,2.3333333333333335,"0.23153731824259083, 0.007878696176590136, 0.5211684529462797, 0.007878713077010671, 0.23153681955752958","1.688478995477603, 0.15211451709643942, 1.3188125554009356, 0.15211441871124082, 1.6884795133137858"
-0.5,2.6666666666666665,"0.22909728498409265, 0.005850782298781956, 0.5299898211771582, 0.005848541501949529, 0.2292135700380178","1.7097722744124717, 0.11718999191890367, 1.3461848584282463, 0.1172010412308975, 1.7096518340094833"
-0.5,3.0,"0.22334091641358844, 0.004544929824151146, 0.5361361022597472, 0.004374659228249929, 0.23160339227426252","1.7286131691826214, 0.09250688203233318, 1.3656615418390996, 0.09313341944588904, 1.7200849875000563"
-0.5,3.3333333333333335,"0.2270142180741085, 0.003493293012633597, 0.5405992863845025, 0.0035260521019414223, 0.22536715042681332","1.7340880923749946, 0.07522412140781157, 1.379784195243182, 0.07508681590269894, 1.735816775071313"
-0.5,3.6666666666666665,"0.22436952334272242, 0.0028080329329776763, 0.5438992678835632, 0.0027915980445056797, 0.2261315777962314","1.7436542209310892, 0.06199686190290211, 1.3904100207202226, 0.06207919082858927, 1.7418597056171996"
-0.5,4.0,"0.20059818559467557, 0.002482112088134803, 0.5446071353516257, 0.0019845888884924244, 0.25032797807707186","1.7731443133856222, 0.050932256587100724, 1.4000385269376168, 0.0535313812040506, 1.7223535218856103"
0.0,-4.0,"0.04238177106998815, 0.4292330687981416, 0.03156728039015266, 0.46236660326434487, 0.03445127647737286","0.10225298279720092, 1.453388363654618, 1.9463830326430687, 1.408710773284823, 0.08926484762028886"
0.0,-3.6666666666666665,"0.045770136378135734, 0.4339088541180174, 0.037523405205205695, 0.4386203962503549, 0.04417720804828649","0.11290779079614494, 1.425123354212185, 1.9334155902646604, 1.418118197480391, 0.11043506724661817"
0.0,-3.3333333333333335,"0.053364881708703425, 0.4239179038847189, 0.04534187372664067, 0.4240926134753581, 0.05328272720457911","0.1317559220157328, 1.4105346829760983, 1.9158064594217434, 1.4102629323447666, 0.13164000324165792"
0.0,-3.0,"0.06340831604554847, 0.4087994340587291, 0.05615421927417652, 0.4077057056217881, 0.0639323249997575","0.15641347734353508, 1.3965120414934373, 1.8915664837125998, 1.3982723099963417, 0.15723568745408562"
0.0,-2.6666666666666665,"0.07601472925388683, 0.3899554394898706, 0.07128631746103997, 0.3831377931514949, 0.07960572064370794","0.1870700119408966, 1.3762306285380344, 1.8569605039306931, 1.3869203815641944, 0.19281847402618255"
0.0,-2.3333333333333335,"0.09659250021093232, 0.35656512857696065, 0.09368900652532552, 0.35655543668991596, 0.09659792799686599","0.23357007658004428, 1.3626495049169234, 1.8075357478400234, 1.3626652397683776, 0.23357943089463323"
0.0,-2.0,"0.1237085676016789, 0.31327491927974327, 0.1260325403773972, 0.3132765733067475, 0.12370739943443321","0.2934696356642178, 1.3387821720612778, 1.7355012489513548, 1.3387794252903051, 0.29346751803284427"
0.0,-1.6666666666666667,"0.162068929817014, 0.25261719232295454, 0.17062779815635787, 0.25261687745530914, 0.16206920224836543","0.3753135681625812, 1.307976340407088, 1.6334191336038262, 1.3079768490071548, 0.3753141088193527"
0.0,-1.3333333333333333,"0.2120712155112594, 0.17612603546171368, 0.22360549735578295, 0.17612602183975135, 0.2120712298314921","0.4821441394229382, 1.2678494902892599, 1.500012689919552, 1.2678495102332343, 0.48214417013501376"
0.0,-1.0,"0.26582847964853346, 0.09823589842959513, 0.2718712439142378, 0.09823589868551419, 0.26582847932211895","0.6077070886867457, 1.2175872095605924, 1.349411404779108, 1.2175872092713185, 0.6077070877022349"
0.0,-0.6666666666666666,"0.3090836169716105, 0.03922285204035669, 0.30338706197588095, 0.03922285203993636, 0.30908361697221604","0.7392133703261736, 1.1580610962527125, 1.2054510668405594, 1.1580610962531876, 0.7392133703273671"
0.0,-0.3333333333333333,"0.33191367115772585, 0.008076262547044077, 0.320020132590458, 0.00807626254704541, 0.33191367115772613","0.8696106523103614, 1.087705712895905, 1.0853672695874719, 1.0877057128959038, 0.8696106523103573"
0.0,0.0,"0.3333333333333345, 0.0, 0.33333333333333287, 1.1102230246251565e-15, 0.3333333333333318","1.0000000000000009, 1.0000000000000002, 1.0, 1.0000000000000013, 0.9999999999999988"
0.0,0.3333333333333333,"0.31883143895512117, 0.0041915272746645416, 0.3539540675404437, 0.004191527274675588, 0.318831438955095","1.1330174265915793, 0.8863832256597498, 0.9611986954973283, 0.8863832256597348, 1.1330174265916064"
0.0,0.6666666666666666,"0.2969278321215048, 0.01022061226155474, 0.3857031112337726, 0.010220612261481077, 0.29692783212168716","1.267546843111539, 0.7437967804592982, 0.9773127528584238, 0.743796780459412, 1.2675468431113277"
0.0,1.0,"0.2754876488804979, 0.012384067279659905, 0.4242565676869345, 0.0123840672840278, 0.2754876488688801","1.3954559469938168, 0.5841903282797815, 1.0407074494469633, 0.5841903282722594, 1.3954559470071808"
0.0,1.3333333333333333,"0.2588558821284035, 0.010781590935626861, 0.46072505282859944, 0.010781590573278793, 0.25885588353409217","1.5035940897114428, 0.43379464259197537, 1.1252225363392085, 0.43379464321183436, 1.5035940881455423"
0.0,1.6666666666666667,"0.24754139532690345, 0.007993048255352297, 0.4889310981247121, 0.007993045172209612, 0.24754141312082245","1.584001001549952, 0.3140953193765954, 1.2038073718333737, 0.3140953245672611, 1.5840009826728172"
0.0,2.0,"0.2401814890316608, 0.005635662041361622, 0.5083671421438604, 0.0056357771533075834, 0.2401799296298095","1.6389803582993565, 0.22871761153575315, 1.2646027154598554, 0.22871732726395838, 1.6389819874410771"
0.0,2.3333333333333335,"0.2353399061856981, 0.004014770368606396, 0.5212916959356209, 0.004014830268764785, 0.23533879724130968","1.6755973849444765, 0.17034541422354796, 1.3081134091124251, 0.17034526754235732, 1.6755985241771933"
0.0,2.6666666666666665,"0.23210663954245325, 0.002956681696306404, 0.5299802636106024, 0.002961546623679173, 0.23199486852695883","1.7001984526399245, 0.13040195751413797, 1.3386934488744413, 0.13039242001774978, 1.700313720953746"
0.0,3.0,"0.22967657848469147, 0.00226303842422039, 0.536005665445596, 0.0022604789411041284, 0.22979423870438787","1.7173756528867163, 0.10247353215363005, 1.360412099886197, 0.10248169173967156, 1.7172570233337827"
0.0,3.3333333333333335,"0.22792482432299377, 0.001790309926310532, 0.5403189312563927, 0.0017868517037736426, 0.22817908279052923","1.7296147777807938, 0.08243477841874863, 1.3761423338121026, 0.08244914585974547, 1.7293589641286093"
0.0,3.6666666666666665,"0.2246972994279981, 0.0014732807718505492, 0.5434958286572742, 0.0014150619881562673, 0.2289185291547211","1.740518395138836, 0.06758258905459061, 1.3878399483421162, 0.06775260959796556, 1.7363064578664917"
0.0,4.0,"0.22534322679354746, 0.0012117746146779254, 0.5459279936247011, 0.0012021886674226136, 0.2263148162996501","1.745677199791265, 0.05647120668595594, 1.3966473687808492, 0.05651915716496474, 1.7446850675769636"
0.5,-4.0,"0.05717636841913074, 0.41517500115650907, 0.0295746090136777, 0.44601274291415427, 0.05206127849652842","0.12922572986541073, 1.4270785759543698, 1.9341715378620963, 1.3905947520188766, 0.11892940429924884"
0.5,-3.6666666666666665,"0.05825871098475414, 0.4248203222816216, 0.03593855690583303, 0.4268039928665674, 0.05417841696122386","0.140132161511538, 1.4059080492121814, 1.9202862524752142, 1.3981805887992067, 0.13549294800186004"
0.5,-3.3333333333333335,"0.07037708844496618, 0.40861578550297395, 0.04292502396168385, 0.40681132008126525, 0.0712707820091105","0.1662947449102545, 1.383684467475257, 1.8957375906023486, 1.3866134161572905, 0.16766978085484802"
0.5,-3.0,"0.08451357788587878, 0.38853408414095447, 0.05392856020522152, 0.3884922297063643, 0.0845315480615815","0.19927542298757928, 1.3687391198122016, 1.8638624273550524, 1.3688101899295324, 0.199312839915637"
0.5,-2.6666666666666665,"0.10231239247111626, 0.36247140109866904, 0.07049585479628118, 0.3623290381643325, 0.10239131346960115","0.2406223794603584, 1.3496571110775104, 1.8190575101808109, 1.3498911432851937, 0.24077185599612574"
0.5,-2.3333333333333335,"0.1263881424457043, 0.32547486194715736, 0.09627966502443608, 0.3254617639035251, 0.12639556667917756","0.29480407828480215, 1.3274051246327438, 1.7555427730419035, 1.3274278924618579, 0.2948201315786937"
0.5,-2.0,"0.1596321022448564, 0.27253091869525137, 0.13567389972551203, 0.272531135288155, 0.15963194404622538","0.36634344663669066, 1.3004080788601542, 1.6664976160414307, 1.3004077255024122, 0.36634313295931276"
0.5,-1.6666666666666667,"0.20433150275477918, 0.2007181498960866, 0.1899006761187929, 0.20071836571051327, 0.20433130551982864","0.4588170703626693, 1.2669764980909533, 1.548413551616098, 1.2669761847000678, 0.4588166952302139"
0.5,-1.3333333333333333,"0.2571052080947846, 0.11797706042496359, 0.24983546500966336, 0.117977076146916, 0.25710519032367307","0.5684168875134834, 1.226375847716755, 1.410414586173172, 1.226375829826091, 0.5684168487705"
0.5,-1.0,"0.3066754367720143, 0.04414389007010655, 0.2983613463084361, 0.04414389005790542, 0.306675436791538","0.6823749457162571, 1.1802170918757435, 1.274815924767216, 1.1802170918820396, 0.6823749457587454"
0.5,-0.6666666666666666,"0.34199627928968757, -0.00545975757149475, 0.3269269565636999, -0.005459757571426915, 0.3419962792895349","0.7907955947629486, 1.129703571517631, 1.159001667439035, 1.1297035715175716, 0.790795594762815"
0.5,-0.3333333333333333,"0.3588746234601211, -0.0293859949698968, 0.34102274301954116, -0.02938599496990446, 0.3588746234601385","0.894524577811285, 1.0719770834008053, 1.0669966775758186, 1.0719770834008033, 0.8945245778112874"
0.5,0.0,"0.35800125788724924, -0.03372664623130478, 0.35145077668810326, -0.03372664623130517, 0.35800125788725745","1.0000000000000004, 0.9999999999999998, 0.9999999999999998, 0.9999999999999997, 0.9999999999999997"
0.5,0.3333333333333333,"0.3426933044394313, -0.026429157928107627, 0.3674717069773522, -0.026429157928106073, 0.3426933044394301","1.1127650216007996, 0.9048012135277753, 0.9648675297428485, 0.9048012135277749, 1.1127650216008018"
0.5,0.6666666666666666,"0.3186610734103559, -0.015490489151467612, 0.3936588314822778, -0.015490489151426479, 0.3186610734102608","1.2336985193855268, 0.7804972549957094, 0.971608451237493, 0.7804972549956646, 1.2336985193856063"
0.5,1.0,"0.29299367824431666, -0.0069533766599794156, 0.4279193968328506, -0.006953376658972998, 0.29299367824178535","1.356310965611589, 0.6327701547840793, 1.021837759207524, 0.6327701547827332, 1.356310965614076"
0.5,1.3333333333333333,"0.2714030322986293, -0.002715195483318472, 0.4626243262760946, -0.0027151955251789317, 0.27140303243377395","1.4673770053889217, 0.48290392447892905, 1.0994381403453044, 0.48290392453943853, 1.4673770052474084"
0.5,1.6666666666666667,"0.25597668563378506, -0.001315313600437823, 0.4906772539136761, -0.0013153141837441984, 0.25597668823672104","1.5552816977585373, 0.35511254771998835, 1.1792115109015737, 0.3551125485905341, 1.5552816950293686"
0.5,2.0,"0.24582608720434063, -0.0009307084499343143, 0.5102092183257421, -0.0009307152750918091, 0.2458261181949437","1.6179779851792992, 0.25954622634618235, 1.2449516000724719, 0.2595462349882854, 1.6179779534137653"
0.5,2.3333333333333335,"0.2392378301875574, -0.0007400765702210432, 0.5230054334631451, -0.0007399726333974788, 0.23923678555291583","1.6605940885681516, 0.1926231343908846, 1.2935646813932795, 0.1926229121008753, 1.66059518354681"
0.5,2.6666666666666665,"0.2349118184266904, -0.0005635658345389538, 0.531403020456927, -0.0005582401062303038, 0.23480696705715187","1.6893990591491583, 0.14646170595519134, 1.3281837229770743, 0.14644870618078643, 1.689506805737793"
0.5,3.0,"0.23179832927938038, -0.00039249720286410605, 0.5370944809787561, -0.0003944685263569947, 0.23189415547108505","1.7094240788981712, 0.11420470583714099, 1.352831562047595, 0.11421401916191709, 1.7093256340551775"
0.5,3.3333333333333335,"0.22969633904586606, -0.00024963590658357016, 0.5410966041379146, -0.00024981171032210925, 0.2297065044331258","1.7235068468884887, 0.09118554712037354, 1.3706247884493599, 0.09118620954812194, 1.723496607993659"
0.5,3.6666666666666665,"0.23026640564663803, -0.0001825352839027114, 0.5440524566568016, -7.637175787474776e-5, 0.22594004473833873","1.731601388826244, 0.07449627190771618, 1.3836881761159834, 0.07423565540184854, 1.7359785077482113"
0.5,4.0,"0.2264121274821118, -4.777362293949261e-5, 0.5461352564097438, -5.892612783412257e-5, 0.22755931585891787","1.7420517290849042, 0.06161402183937704, 1.3937652348390404, 0.06167491522488558, 1.7408940990117947"
1.0,-4.0,"0.15487097145822112, 0.21318169138203646, 0.026899662016375725, 0.5908215381580636, 0.014226136985303409","0.2779762651113189, 1.6334386542003894, 1.9161368168097064, 1.1100661946033208, 0.06238206927526578"
1.0,-3.6666666666666665,"0.0798839338029172, 0.4050874435468446, 0.03141356088177405, 0.40231506312671145, 0.08129999864175304","0.178884582036272, 1.3699471393564404, 1.895818333449509, 1.374328309468059, 0.1810216356897224"
1.0,-3.3333333333333335,"0.0944780945566394, 0.3860909581258992, 0.03891156280274033, 0.3859999713245265, 0.09451941319019425","0.21215746086420229, 1.3551212864859767, 1.8650775986311492, 1.3553625845331705, 0.2122810694855014"
1.0,-3.0,"0.11133288297105413, 0.3636425345517652, 0.05078977341156654, 0.3618240153279884, 0.11241079373762601","0.2513702319085725, 1.3348942423308565, 1.8229687825431602, 1.3376354652546008, 0.2531312779628136"
1.0,-2.6666666666666665,"0.13375871718416615, 0.33078124942650544, 0.0709218113143425, 0.33077743133022347, 0.13376079074476202","0.3023891786170302, 1.3150498731779205, 1.7651108415079264, 1.3150563095618724, 0.3023937971352495"
1.0,-2.3333333333333335,"0.16279519434699652, 0.28471568279702864, 0.10497812478383128, 0.2847161431018381, 0.16279485497030588","0.36654441742445465, 1.2906215642364325, 1.6856693307102255, 1.2906208813344862, 0.3665438062944034"
1.0,-2.0,"0.20210238743547942, 0.21892176217573045, 0.15795195632908443, 0.21892031583701843, 0.20210357822268726","0.44887372636709083, 1.2613228220073545, 1.5796026592718775, 1.2613248647746973, 0.44887592757898037"
1.0,-1.6666666666666667,"0.25168733646851216, 0.1354169820275496, 0.22579137137127347, 0.13541708775543004, 0.2516872223772342","0.5484364756891482, 1.2260878283996464, 1.4509517419508726, 1.226087692370505, 0.5484362615898271"
1.0,-1.3333333333333333,"0.3033265525559627, 0.05158505616003117, 0.29017678270038594, 0.05158505643807809, 0.30332655214554244","0.6534123170722042, 1.1867023802627248, 1.3197706062621073, 1.1867023800444216, 0.6534123163585419"
1.0,-1.0,"0.3454606497830343, -0.012477027768771576, 0.33403275596593723, -0.012477027772206273, 0.3454606497920067","0.7500112676940813, 1.1462329666634612, 1.2075115312764555, 1.146232966662894, 0.750011267703111"
1.0,-0.6666666666666666,"0.37249960813295413, -0.05072286701189954, 0.3564465177578441, -0.05072286701190387, 0.372499608133005","0.8355494980332705, 1.1046657468993137, 1.119569510134811, 1.1046657468993226, 0.8355494980332809"
1.0,-0.3333333333333333,"0.3841927260173234, -0.06731637529889767, 0.366247298563144, -0.06731637529889711, 0.38419272601732724","0.9161973208205936, 1.0581261506486175, 1.0513530570615774, 1.0581261506486181, 0.9161973208205942"
1.0,0.0,"0.3816207471027633, -0.06814739852517548, 0.37305330284481486, -0.06814739852518065, 0.38162074710277827","1.0, 1.0000000000000002, 1.0000000000000007, 1.0000000000000002, 1.0000000000000004"
1.0,0.3333333333333333,"0.36632533110722343, -0.058550885294202715, 0.3844511083739648, -0.05855088529419833, 0.36632533110721316","1.0934829148320937, 0.9218748882818999, 0.969284393772013, 0.921874888281899, 1.093482914832096"
1.0,0.6666666666666666,"0.3414712665755053, -0.04395874535403432, 0.40497495755704815, -0.043958745354042705, 0.34147126657552407","1.199499793857269, 0.8162363527299081, 0.9685277068256498, 0.8162363527299148, 1.1994997938572594"
1.0,1.0,"0.31260333182346844, -0.029758325895290927, 0.43430998814367444, -0.029758325895266557, 0.3126033318234145","1.31433960744191, 0.68320522150799, 1.0049103421001828, 0.683205221507964, 1.3143396074419522"
1.0,1.3333333333333333,"0.2860897636240439, -0.01936822648792552, 0.466556925712161, -0.019368226496975227, 0.2860897636486963","1.4263323701850195, 0.5375388611606822, 1.0722575373209078, 0.5375388611714219, 1.4263323701619701"
1.0,1.6666666666666667,"0.265884912827838, -0.012991639361950996, 0.4942134552572825, -0.012991638550182316, 0.2658849098270134","1.5214362572388107, 0.4033396073628208, 1.150448268870674, 0.4033396063715238, 1.5214362601561722"
1.0,2.0,"0.2522279525189661, -0.009153740881397782, 0.5138508107661015, -0.009153946722299078, 0.2522289243186302","1.5928478408600841, 0.29694314415982404, 1.2204187296420441, 0.29694337175396124, 1.5928469135840884"
1.0,2.3333333333333335,"0.2434079362951087, -0.006644968361010764, 0.526473972643222, -0.006644984839203935, 0.24340804426188456","1.642725146897232, 0.21994433379540118, 1.2746611211245233, 0.2199443477738237, 1.6427250504090232"
1.0,2.6666666666666665,"0.23766322696084397, -0.004885353433011205, 0.5344291674954027, -0.004886947642385703, 0.23767990661914962","1.6768027488613195, 0.1661223819978374, 1.3141637268703166, 0.1661245098307021, 1.6767866324398235"
1.0,3.0,"0.2338115470272576, -0.0036185229132152455, 0.5395853818308483, -0.003620314866274288, 0.2338419089213839","1.7002807358933665, 0.12848590034265328, 1.3424937307331914, 0.12848861710921983, 1.7002510159215718"
1.0,3.3333333333333335,"0.2311854475907048, -0.002700196057149218, 0.5430868837197201, -0.0026977578658363907, 0.23112562261256042","1.7167694897983026, 0.10172271001580088, 1.362960398701213, 0.1017194488104072, 1.7168279526742751"
1.0,3.6666666666666665,"0.22975646742330058, -0.002041162674979856, 0.5455856409411697, -0.002010652017675363, 0.22870970632818421","1.7282223245717439, 0.08229370979841294, 1.377982194864839, 0.08222400020767381, 1.7292777705573292"
1.0,4.0,"0.22843233513061556, -0.0015475344056609802, 0.5474680708545572, -0.0015191041968108873, 0.22716623261729874","1.7369890253361921, 0.0677824904846043, 1.3892402366485164, 0.06771891541494146, 1.738269332115745"
1.5,-4.0,"0.08275945197625428, 0.41631415244856784, 0.02118675450235452, 0.37714369153168137, 0.10259594954114148","0.1803947497487765, 1.328639820537311, 1.892223545648545, 1.3884369645246468, 0.2103049195407199"
1.5,-3.6666666666666665,"0.10412462893735697, 0.3852434957094083, 0.025743898597915038, 0.3752521236341114, 0.10963585312120852","0.2233559842509758, 1.334045058151815, 1.8617470499616218, 1.348957042085837, 0.2318948655497505"
1.5,-3.3333333333333335,"0.12326217111719323, 0.360485532685997, 0.033752446726988405, 0.3574629298008623, 0.1250369196689588","0.2653970242823144, 1.320603518145539, 1.8207795384952115, 1.3249802791604628, 0.2682396399164722"
1.5,-3.0,"0.1448374098109374, 0.3303147330324983, 0.04932224646664285, 0.3312728460837256, 0.1442527646061958","0.3145180455068431, 1.3033236578231315, 1.7665992109488564, 1.3020424321647444, 0.3135166535564234"
1.5,-2.6666666666666665,"0.170161087594136, 0.2904648679690168, 0.07874492413994227, 0.2904755984199837, 0.17015352187692184","0.372566091778708, 1.2803467973533391, 1.6942013346359492, 1.2803324865153, 0.3725532897167055"
1.5,-2.3333333333333335,"0.20450689656717033, 0.23058689652036113, 0.1298139074831004, 0.23058098145282913, 0.20451131797653901","0.44730734033515074, 1.2538470016078702, 1.5976748905348324, 1.2538549373762868, 0.44731583014586074"
1.5,-2.0,"0.2501284845350815, 0.14816137160849074, 0.2034202871070767, 0.14816135135533082, 0.25012850539402076","0.5402176807724076, 1.221590202513593, 1.4763841732822476, 1.2215902272128185, 0.5402177162189348"
1.5,-1.6666666666666667,"0.30176068050745797, 0.05717154316960449, 0.2821355538528616, 0.05717154643234379, 0.30176067603773266","0.641259492592641, 1.1852691097126742, 1.346942805033048, 1.185269107036497, 0.641259485625139"
1.5,-1.3333333333333333,"0.34744600809985265, -0.018223399755082137, 0.34155478330801065, -0.018223399755794678, 0.34744600810301374","0.733062642593808, 1.1494618780808348, 1.2349509586493148, 1.1494618780805261, 0.7330626425955182"
1.5,-1.0,"0.38007733391280807, -0.067355281344324, 0.37455589486338847, -0.06735528134419566, 0.3800773339123231","0.8087940843771859, 1.1160880803281499, 1.1502356705893686, 1.1160880803281832, 0.808794084377112"
1.5,-0.6666666666666666,"0.39940484637569784, -0.0937245136966976, 0.3886393346426893, -0.09372451369662155, 0.3994048463749326","0.8733031031989595, 1.083069887888329, 1.0872540178254735, 1.0830698878883143, 0.8733031031989245"
1.5,-0.3333333333333333,"0.4068841248273084, -0.10361002860057761, 0.39345180754652465, -0.10361002860058005, 0.40688412482732506","0.9345763885422717, 1.0462415389546744, 1.0383641450061085, 1.046241538954675, 0.9345763885422723"
1.5,0.0,"0.4032375554992067, -0.10154648082312245, 0.39661785064790517, -0.10154648082307316, 0.4032375554990839","1.0000000000000009, 0.9999999999999999, 1.0000000000000002, 0.9999999999999992, 0.9999999999999998"
1.5,0.3333333333333333,"0.3887053397268656, -0.09064970063516298, 0.40388872181498575, -0.09064970063616301, 0.3887053397294751","1.0758192528370478, 0.9370969706530117, 0.9741675530199341, 0.9370969706532373, 1.0758192528367712"
1.5,0.6666666666666666,"0.3644119496233376, -0.07402259404895384, 0.4192212888512994, -0.07402259404890887, 0.3644119496232253","1.1662382726045732, 0.8496112164902845, 0.9683010218102726, 0.849611216490259, 1.1662382726046103"
1.5,1.0,"0.3339006365791299, -0.0556269400186265, 0.44345260687915594, -0.055626940018508486, 0.3339006365788495","1.2706979938290133, 0.733498272927503, 0.9916074664868999, 0.7334982729274062, 1.2706979938291798"
1.5,1.3333333333333333,"0.303157931262962, -0.03946287379135327, 0.4726098850572213, -0.03946287379102181, 0.30315793126219137","1.3806950704282248, 0.596341478937733, 1.0459269012677879, 0.5963414789374128, 1.3806950704288408"
1.5,1.6666666666666667,"0.27778005697188357, -0.0275490950155535, 0.49953807600639927, -0.027549095058437778, 0.27778005709570885","1.4817231495749255, 0.4588809949402616, 1.1187917110368772, 0.45888099498463153, 1.4817231494633059"
1.5,2.0,"0.25982084022491736, -0.01948414658694203, 0.5193266339209983, -0.019484139624663, 0.2598208120656893","1.5624894448387225, 0.34193960389176603, 1.1911418838113002, 0.3419395963633126, 1.5624894710948989"
1.5,2.3333333333333335,"0.24811899709217689, -0.014030870127190231, 0.5318228805976584, -0.014031082072026427, 0.2481200745093819","1.62102660953147, 0.2534721239159178, 1.2510033196627035, 0.2534723196803092, 1.6210256272096013"
1.5,2.6666666666666665,"0.24063073229381204, -0.010248921526790286, 0.5392362221786373, -0.010248935162557093, 0.2406309022168991","1.6615883493156822, 0.19034991498990106, 1.2961236144516073, 0.19034993563920385, 1.66158818560361"
1.5,3.0,"0.23574083399307932, -0.0075776979519781434, 0.5436682419911283, -0.007578138350875063, 0.23574676031864616","1.6895390327208597, 0.14597879088749477, 1.3289694270596528, 0.1459793055338997, 1.6895334437980942"
1.5,3.3333333333333335,"0.2323476158979424, -0.005668349552032312, 0.5464502349968854, -0.005676193174110722, 0.23254669183131516","1.709188813527414, 0.11449996293936453, 1.3528087385606362, 0.1145163080338481, 1.7089861769387382"
1.5,3.6666666666666665,"0.2285280757739394, -0.004267672344835133, 0.5483445440767418, -0.0043356968106475074, 0.23173074930480175","1.724614488349416, 0.09170801339777687, 1.3703018527246722, 0.09189775471018123, 1.7214778908179547"
1.5,4.0,"0.22732766862284337, -0.003266970334086121, 0.5496449610499776, -0.0033236801974962926, 0.2296180208587617","1.7344503509335563, 0.07491638566963674, 1.3834064827145067, 0.07501517971668502, 1.7322116009656165"
2.0,-4.0,"0.08934146850187683, 0.437654607161314, 0.010012499776982597, 0.28691605718415747, 0.17607536737566945","0.1882004080748562, 1.212202879637601, 1.8472166122180733, 1.4330849846519356, 0.31929511541753464"
2.0,-3.6666666666666665,"0.1369883125683576, 0.3544878738003932, 0.01880554667101786, 0.34980681871354435, 0.1399114482466869","0.28104069075264293, 1.3064976127864512, 1.8137229570648468, 1.313137264773327, 0.285601474622734"
2.0,-3.3333333333333335,"0.16142743171097507, 0.3211044910833163, 0.030852521047116555, 0.33325273519901155, 0.1533628209595802","0.33446390603281934, 1.2990959955424652, 1.7619399016932413, 1.282889163933185, 0.3216110327982894"
2.0,-3.0,"0.18066004245439565, 0.29079804914796226, 0.05674330393900118, 0.2919332387341783, 0.17986536572446207","0.3827732141637316, 1.2712228756005537, 1.6947411597773554, 1.2698022957590038, 0.3814604546993541"
2.0,-2.6666666666666665,"0.21033388051290638, 0.23643913431019103, 0.106444525463527, 0.23648435633791354, 0.21029810337546248","0.45120343783439965, 1.246044621846266, 1.6056192841275543, 1.2459891095281155, 0.4511435466636654"
2.0,-2.3333333333333335,"0.25207058242283964, 0.15526246489710738, 0.18533416240646383, 0.1552592427467463, 0.2520735475268427","0.5399127495760594, 1.2151799096473264, 1.4898064877362445, 1.21518350031093, 0.5399173527294387"
2.0,-2.0,"0.30293806393622286, 0.05826864954723354, 0.2775866242685522, 0.058268771159575516, 0.3029378910884156","0.6403075338480648, 1.1795988390718548, 1.3601875462679107, 1.1795987470714482, 0.6403073337407215"
2.0,-1.6666666666666667,"0.3504900516182588, -0.02636446132426773, 0.35174881989734263, -0.026364461145035656, 0.3504900509537023","0.7313762154876655, 1.1454631243478857, 1.2463213205956405, 1.1454631243771982, 0.7313762151916121"
2.0,-1.3333333333333333,"0.3858929263164299, -0.08327550424840657, 0.3947651558153438, -0.08327550426101937, 0.3858929263776524","0.8022462545634788, 1.1162534266252837, 1.1630006376155335, 1.1162534266199342, 0.8022462545757701"
2.0,-1.0,"0.40893599403798264, -0.11589892644209332, 0.41392586493429434, -0.11589892643675642, 0.40893599390657315","0.8570762262072342, 1.0905318378935998, 1.1047838717983725, 1.090531837903915, 0.8570762261968803"
2.0,-0.6666666666666666,"0.4219411225272488, -0.1318484041447655, 0.41981456323544686, -0.13184840414477972, 0.42194112252684934","0.9039083490556911, 1.065101008566094, 1.061981284756416, 1.0651010085661041, 0.9039083490556955"
2.0,-0.3333333333333333,"0.42630913120206126, -0.13639055222267027, 0.4201628420406212, -0.1363905522226127, 0.4263091312026002","0.949635731654531, 1.0363745307654324, 1.0279794751600815, 1.0363745307654169, 0.9496357316545394"
2.0,0.0,"0.4221745858850561, -0.1323267917571097, 0.420304411744441, -0.13232679175707207, 0.4221745858846854","1.0000000000000013, 0.9999999999999968, 1.0000000000000038, 1.0000000000000007, 0.9999999999999993"
2.0,0.3333333333333333,"0.4089653775329683, -0.12112661766805449, 0.42432248027020025, -0.12112661766804983, 0.408965377532936","1.0603221587010794, 0.950130015920785, 0.9790956507562726, 0.9501300159207839, 1.0603221587010816"
2.0,0.6666666666666666,"0.3864098759273461, -0.10410704221575395, 0.4353943325772629, -0.1041070422154643, 0.38640987592660897","1.1353414616882347, 0.8793907817426441, 0.9705355131382019, 0.8793907817425499, 1.1353414616883686"
2.0,1.0,"0.3560625599392043, -0.08351838086457442, 0.4549116418509038, -0.08351838086448743, 0.35606255993895375","1.2271951259728677, 0.7813361370573445, 0.9829374739395398, 0.7813361370572804, 1.227195125972967"
2.0,1.3333333333333333,"0.32252098153250197, -0.06284433275982065, 0.480646702454235, -0.06284433276007079, 0.3225209815331538","1.3315490907290854, 0.6569916592118328, 1.022918500118366, 0.6569916592120484, 1.3315490907286658"
2.0,1.6666666666666667,"0.2921405562821433, -0.04539298469314476, 0.5065048568182342, -0.04539298469537109, 0.2921405562881386","1.4358844586182038, 0.5209212168301327, 1.0863886491060202, 0.5209212168322703, 1.4358844586133745"
2.0,2.0,"0.26915522503038913, -0.03242242322844485, 0.5265343945750205, -0.032422423804351896, 0.26915522742738685","1.5258029860404259, 0.3952317753782117, 1.1579304786570943, 0.3952317760509862, 1.5258029838732825"
2.0,2.3333333333333335,"0.25376051268621547, -0.023306045420924237, 0.5390909387337175, -0.023306086508901147, 0.2537606805098931","1.5943150566825703, 0.29445229195939554, 1.2224654146854674, 0.2944523300791245, 1.5943149065934432"
2.0,2.6666666666666665,"0.24396351695407348, -0.016945923549621586, 0.5459699421232849, -0.01694493846764228, 0.2439574029399053","1.6429115181539042, 0.2202814255615287, 1.2736094531060658, 0.22028046663007778, 1.6429171365484243"
2.0,3.0,"0.2377127296605589, -0.012476135850250869, 0.5495232987275724, -0.012476388085346249, 0.237716495547466","1.6765569107253033, 0.16755694542266186, 1.3117755255360366, 0.16755738172623108, 1.6765532365897688"
2.0,3.3333333333333335,"0.23253279423606132, -0.009198151123215204, 0.5513749320044922, -0.00935957023983592, 0.2346499951224974","1.7009673732722912, 0.13005964744500711, 1.3397786490915138, 0.13026799977135325, 1.6989263304198352"
2.0,3.6666666666666665,"0.23084460570319942, -0.007043609766548289, 0.5523700505577068, -0.007044679382482613, 0.2308736328881249","1.7165338726380366, 0.1033275720384391, 1.3603037321675737, 0.1033297194281345, 1.7165051037278163"
2.0,4.0,"0.22774608347180914, -0.005363041899632229, 0.5529626079104866, -0.005455876328429837, 0.2301102268457671","1.7296781708766678, 0.08360944922460041, 1.3756112887992114, 0.08374740110232498, 1.727353689997197"
2.5,-4.0,"0.15559032223553992, 0.34038778795495084, 0.005551908889685708, 0.34728112604283645, 0.15118885487698686","0.30384123245582806, 1.3024216591175715, 1.8031326785533657, 1.2933040513222722, 0.2973003785509622"
2.5,-3.6666666666666665,"0.12231092398208349, 0.39680265623693894, 0.008794198638801709, 0.23796626436954949, 0.23412595677262615","0.26252449954446583, 1.1775120332785745, 1.7469530956123984, 1.3815589028411641, 0.431451468723395"
2.5,-3.3333333333333335,"0.19290385189038767, 0.2873349142456748, 0.038641524302540975, 0.2903914924090322, 0.19072821715236446","0.3953925931279902, 1.2633956566842586, 1.6894371071946934, 1.2598497572001723, 0.391924885792887"
2.5,-3.0,"0.21826155069916317, 0.23763240750828485, 0.08824516623458356, 0.23749416413192348, 0.21836671142604525","0.4585824815852835, 1.23836487148297, 1.6057808809864287, 1.2385182344964065, 0.4587535314489113"
2.5,-2.6666666666666665,"0.2568585894332499, 0.15643553445730207, 0.17341287590413335, 0.15642615686131967, 0.25686684334399484","0.545614299907187, 1.2077820646280446, 1.4931855958577174, 1.2077913323558174, 0.5456267072512335"
2.5,-2.3333333333333335,"0.3070967115999288, 0.05319537081859771, 0.27941556575557946, 0.053194732155118274, 0.30709761967077565","0.6480333068418203, 1.1712607309120608, 1.3614104629089818, 1.1712611852107238, 0.6480343141264135"
2.5,-2.0,"0.35565684612014514, -0.0390851532641171, 0.36685659607065435, -0.039085157609425325, 0.3556568686827427","0.7404716175385045, 1.1371386798110175, 1.2447793962218157, 1.1371386798410035, 0.7404716265876564"
2.5,-1.6666666666666667,"0.39201240496699585, -0.10082460691930084, 0.417624403164478, -0.10082460708896024, 0.3920124058767873","0.8085054883323314, 1.1102291221249128, 1.1625307790706878, 1.110229122047231, 0.8085054884248373"
2.5,-1.3333333333333333,"0.41625117184745286, -0.13647596921924138, 0.4404495943958552, -0.1364759692127424, 0.4162511721886767","0.8568702691243706, 1.0889102123410805, 1.1084390370748283, 1.088910212317005, 0.8568702691427176"
2.5,-1.0,"0.43154092385921294, -0.1553523354607051, 0.4476228224579757, -0.1553523358317076, 0.4315409249752236","0.8943848362038405, 1.0699959957328664, 1.0712383361185613, 1.0699959956799119, 0.8943848362648215"
2.5,-0.6666666666666666,"0.43998909205692965, -0.1636369949707106, 0.44729580568962785, -0.1636369950304194, 0.4399890922545732","0.9276901128652393, 1.0507169118784434, 1.043185950517036, 1.0507169118735842, 0.9276901128656978"
2.5,-0.3333333333333333,"0.4422974288913125, -0.16451930706587137, 0.4444437563819402, -0.16451930706916018, 0.4422974288617781","0.9615385977417082, 1.0284489119242202, 1.0200249806680803, 1.0284489119250715, 0.9615385977409183"
2.5,0.0,"0.43814350441672567, -0.15938944411194866, 0.4424918793883204, -0.15938944411237538, 0.4381435044192784","0.9999999999999807, 0.9999999999999972, 1.000000000000008, 1.0000000000000089, 1.0000000000000075"
2.5,0.3333333333333333,"0.4265635581093743, -0.14868785699356446, 0.44424859776829245, -0.14868785699356046, 0.4265635581094586","1.0473027279990719, 0.9608699106419364, 0.9836547227179864, 0.9608699106419406, 1.0473027279990677"
2.5,0.6666666666666666,"0.40651134587084503, -0.13259471633238323, 0.45216674092300535, -0.13259471633238457, 0.40651134587091653","1.1080294750840962, 0.9047794455247828, 0.9743821587822422, 0.9047794455247913, 1.1080294750840847"
2.5,1.0,"0.3779747717341758, -0.11186728034848309, 0.46778501722869875, -0.1118672803484696, 0.3779747717340783","1.186003702562083, 0.8245510900420008, 0.9788904147918236, 0.8245510900419804, 1.186003702562113"
2.5,1.3333333333333333,"0.3436086541871743, -0.08870427202387854, 0.49019123567363315, -0.08870427202385517, 0.343608654186926","1.2809772186374884, 0.7164121114591399, 1.005221339806683, 0.716412111459068, 1.280977218637621"
2.5,1.6666666666666667,"0.3092203592404731, -0.06659487296677974, 0.5147490274492204, -0.0665948729687425, 0.30922035924582925","1.384593054356586, 0.5873874505121253, 1.056038990264544, 0.587387450513774, 1.3845930543529716"
2.5,2.0,"0.2808487207644186, -0.04843023869246052, 0.5351630355712287, -0.0484302388290192, 0.2808487211858328","1.4820024358383397, 0.45674304763855134, 1.1225090332665772, 0.4567430477594817, 1.4820024354970516"
2.5,2.3333333333333335,"0.2608623013929282, -0.03494133303897451, 0.5481579745130212, -0.034941358821732105, 0.26086241595475745","1.56127300784058, 0.34400358810793313, 1.1894468820200859, 0.34400361512559174, 1.561272906905811"
2.5,2.6666666666666665,"0.24799555873010448, -0.02534459068705941, 0.5546981266965278, -0.025344579655424457, 0.24799548491585177","1.6195949483571508, 0.25723648227757695, 1.2463370843643675, 0.2572364682447963, 1.6195950167561084"
2.5,3.0,"0.23991876110755328, -0.01857991508545903, 0.5573137079867071, -0.018581349402870165, 0.23992879539406864","1.660473689936135, 0.19430978469959015, 1.290440596511647, 0.19431101080093277, 1.6604649180516953"
2.5,3.3333333333333335,"0.2347967377619461, -0.013801225499989897, 0.5580138308351703, -0.013800875498821863, 0.23479153240169548","1.6888225572571316, 0.14950710139206286, 1.3233360246606483, 0.14950653889042056, 1.6888277777997383"
2.5,3.6666666666666665,"0.23120793905625647, -0.01038602969864627, 0.5579160658777349, -0.010410137849122654, 0.2316721626137781","1.708933623387283, 0.11742598941423599, 1.3476929343389699, 0.1174570715277308, 1.7084903813317829"
2.5,4.0,"0.22782792869715396, -0.007896293504843319, 0.5576048263030892, -0.008006707596458273, 0.23047024610105815","1.7242208728206867, 0.09407624353032522, 1.3658155183820129, 0.09424491408811077, 1.7216424511788648"
3.0,-4.0,"0.07150855992951025, 0.4874385304123136, -0.009745497841246342, 0.11805583770589378, 0.33274256979352923","0.17019522255119954, 1.037753126167778, 1.7294317701461435, 1.4955180503059247, 0.5671018308289586"
3.0,-3.6666666666666665,"0.20868787998704824, 0.27731808315368245, 0.024192913073885824, 0.29076373294279384, 0.1990373908425901","0.4138812932823193, 1.2615801550385322, 1.6801955831100204, 1.2458279157000918, 0.3985150528690373"
3.0,-3.3333333333333335,"0.22754698683172897, 0.23468951868891397, 0.07548990042898929, 0.23486653879806046, 0.22740705525230698","0.4688874616466355, 1.231347561251576, 1.5999331114668203, 1.231160955391307, 0.4686709102436598"
3.0,-3.0,"0.26392635302052325, 0.15144604841429332, 0.16924789139408647, 0.15150817633393598, 0.26387153083716086","0.5566621691846795, 1.199562494249061, 1.4876885280849848, 1.1995043199800328, 0.5565824885012428"
3.0,-2.6666666666666665,"0.31424494401007974, 0.04074331068487713, 0.29002157505974147, 0.040738293787941915, 0.3142518764573595","0.6635556064463045, 1.160716681678969, 1.351445240877201, 1.1607200240276176, 0.6635624469699086"
3.0,-2.3333333333333335,"0.36325308122119293, -0.05740183770775764, 0.38829756939579757, -0.05740181924319765, 0.363253006333965","0.7578872523971891, 1.1259151371401197, 1.2323952394668138, 1.1259151380059267, 0.7578872329899511"
3.0,-2.0,"0.39912612165569356, -0.1207441834943036, 0.44323613963837843, -0.1207441678253437, 0.39912609002557603","0.8229882757807461, 1.1007435845826365, 1.1525362808317963, 1.1007435856338588, 0.8229882731709643"
3.0,-1.6666666666666667,"0.4228907032043232, -0.1565298126547004, 0.46727821489724397, -0.15652981472244526, 0.42289070927557787","0.8658940671758932, 1.0826200752884851, 1.1029717149632066, 1.0826200749795276, 0.8658940675928879"
3.0,-1.3333333333333333,"0.43851014725386306, -0.17587893807849841, 0.4747375799629879, -0.1758789392893082, 0.4385101501509552","0.8966621691404661, 1.0679346193585493, 1.0708064229700491, 1.0679346192699248, 0.8966621692610071"
3.0,-1.0,"0.4485214595574932, -0.1855637509971652, 0.4740845811948131, -0.18556375198149078, 0.4485214622263495","0.9218647580039994, 1.0541868907151086, 1.0478967024614936, 1.0541868906644198, 0.9218647581549798"
3.0,-0.6666666666666666,"0.4540075194475813, -0.1889962320335763, 0.46997741698965, -0.18899623671579352, 0.45400753231213853","0.9455494673684848, 1.039551775971744, 1.0297975133101545, 1.0395517754633496, 0.9455494678862674"
3.0,-0.3333333333333333,"0.4550909910456067, -0.18773160819386486, 0.4652812342141462, -0.18773160820236506, 0.4550909911364771","0.9706665646068682, 1.0222503388005435, 1.014166193184249, 1.022250338799229, 0.9706665646091082"
3.0,0.0,"0.4512231684049605, -0.18229529369426867, 0.4621442504803758, -0.18229529368691372, 0.4512231684958461","0.9999999999992846, 0.9999999999997339, 1.000000000000492, 1.000000000000274, 1.0000000000002145"
3.0,0.3333333333333333,"0.44134003568391206, -0.17259729447093852, 0.46251451757865214, -0.17259729446990657, 0.4413400356782816","1.036778552966178, 0.9694394276565549, 0.9875640387545473, 0.9694394276564156, 1.0367785529663092"
3.0,0.6666666666666666,"0.4240950979300934, -0.15823682680895867, 0.46828345776154423, -0.1582368268091479, 0.42409509792646893","1.085006344326887, 0.9255536478165598, 0.9788800157130433, 0.9255536478162869, 1.085006344327223"
3.0,1.0,"0.39850774887619345, -0.13897767790565485, 0.48093985806022926, -0.13897767790537435, 0.39850774887460727","1.1491002464388043, 0.8616333618631455, 0.9785327833960209, 0.861633361862931, 1.149100246439101"
3.0,1.3333333333333333,"0.3653690787746973, -0.11558943062532107, 0.5004407037017977, -0.11558943062526922, 0.3653690787740954","1.2317983732383442, 0.7713742016062879, 0.9936548503106648, 0.7713742016061569, 1.231798373238548"
3.0,1.6666666666666667,"0.32880620233711144, -0.0906280524173711, 0.5236437001585668, -0.09062805241789412, 0.328806202339587","1.3298209007153596, 0.6549199244034642, 1.0305183497629518, 0.6549199244043029, 1.329820900713921"
3.0,2.0,"0.29543076988562966, -0.06774515706497303, 0.5446287745409324, -0.06774515694129044, 0.29543076957970127","1.4311381456401349, 0.5250953932778262, 1.0875329220466885, 0.5250953931901813, 1.4311381458451695"
3.0,2.3333333333333335,"0.2700871782251816, -0.04941255662339414, 0.5586507582016969, -0.04941255616716536, 0.2700871763636816","1.5206956980726392, 0.40272094529603564, 1.1531667121833178, 0.40272094483612, 1.5206956996118883"
3.0,2.6666666666666665,"0.2532158838857219, -0.03588281753206096, 0.5653338425346252, -0.03588282460713829, 0.25321591571885216","1.5902232328861794, 0.302574780637596, 1.2144039936444972, 0.3025747864920072, 1.5902232063397217"
3.0,3.0,"0.24265390076842341, -0.02622482053140146, 0.5671405403101146, -0.02622499485306136, 0.24265537430592454","1.6401566185600107, 0.22754695573250477, 1.2645939831154176, 0.2275472024704232, 1.6401552401216426"
3.0,3.3333333333333335,"0.2361092708653919, -0.019386489122924455, 0.5665741445177844, -0.01938420714618591, 0.2360872808859351","1.6749244387264053, 0.17350520749902187, 1.3031232097696752, 0.17350277908729325, 1.6749443649176075"
3.0,3.6666666666666665,"0.23173321754087006, -0.014512041370602344, 0.5651666049391438, -0.014542350593889745, 0.232154569484479","1.6993339440061304, 0.13483937838080462, 1.3320012746604322, 0.1348779020430039, 1.6989475009096306"
3.0,4.0,"0.22913911234874762, -0.01104402051220544, 0.5636178750208654, -0.01105550875084392, 0.2293425418934366","1.7163524446890734, 0.10695229339346615, 1.3535704004696412, 0.10696722729703222, 1.716157634150787"
3.5,-4.0,"0.2154405370013948, 0.2781348965505065, 0.013118236939805628, 0.27714133935619756, 0.21616499015209523","0.4187082710638329, 1.2463664871143627, 1.6676198254645724, 1.247454282272375, 0.4198511340848575"
3.5,-3.6666666666666665,"0.23780461564025412, 0.2277238663159119, 0.0685494726762883, 0.2294264314683695, 0.23649561389917592","0.4821843672044528, 1.2250786446515112, 1.5892106185682233, 1.2233725757622937, 0.4801537938135191"
3.5,-3.3333333333333335,"0.272796898074963, 0.13993857318572323, 0.17455182937724878, 0.13976538704952235, 0.2729473123125434","0.573042262457954, 1.189963131783434, 1.4736253493596678, 1.1901144300510238, 0.5732548263479216"
3.5,-3.0,"0.3243756744750874, 0.020013515761352463, 0.31122235571062506, 0.020016633471287903, 0.32437182058164715","0.6867789467222671, 1.1479123338395945, 1.330622643157727, 1.1479106334270774, 0.686775442853336"
3.5,-2.6666666666666665,"0.37309638370950743, -0.08118155009408001, 0.4161701127910433, -0.08118171724530676, 0.3730967708388359","0.7817571443410893, 1.1126702285705137, 1.2111451980767243, 1.1126702271334148, 0.7817572018782588"
3.5,-2.3333333333333335,"0.40714305152030733, -0.1425260144755794, 0.47076606925795944, -0.14252596824973418, 0.40714286194704696","0.8423729859942095, 1.0895106828172263, 1.1362326692374223, 1.0895106912293053, 0.8423729707218361"
3.5,-2.0,"0.42928207977947974, -0.17597608005203957, 0.4933879825964214, -0.17597609413693116, 0.4292821118130701","0.8797085740064509, 1.0741805260655446, 1.0922217996635002, 1.0741805245853944, 0.8797085756791119"
3.5,-1.6666666666666667,"0.44411407419059146, -0.19407756798677933, 0.49992698266848007, -0.19407756641349577, 0.44411407754120424","0.9049372602276377, 1.0626088735950838, 1.064907732251543, 1.0626088734481711, 0.9049372604775656"
3.5,-1.3333333333333333,"0.45430372210308667, -0.20365727394141186, 0.49870319889770837, -0.20365993163295504, 0.4543102845735719","0.9244009615781809, 1.0524519806952224, 1.046294090493416, 1.0524518674595895, 0.9244010997735902"
3.5,-1.0,"0.46106264334082786, -0.2080253682678792, 0.4939257317062354, -0.20802517627195377, 0.46106216949276885","0.9415808325322599, 1.0422981230072976, 1.0322420799303398, 1.0422981357851084, 0.9415808287449925"
3.5,-0.6666666666666666,"0.4647414198911751, -0.20873042784041246, 0.4879780904739276, -0.20873037101910952, 0.4647412884944194","0.9586887712751014, 1.0310411516687503, 1.0205401511284693, 1.0310411559445702, 0.9586887699831089"
3.5,-0.3333333333333333,"0.4651669841179537, -0.20641386108518983, 0.4824938704444329, -0.20641377759474366, 0.4651667841175472","0.9775263379592505, 1.0174845089713023, 1.0099783106282794, 1.017484507393208, 0.9775263350479612"
3.5,0.0,"0.4617372566574809, -0.20116961032951014, 0.47886470776653967, -0.20116961005852652, 0.4617372559640157","1.0000000000011728, 1.0000000000015967, 0.9999999999994381, 1.000000000000309, 0.9999999999974821"
3.5,0.3333333333333333,"0.453448539013318, -0.1926951093216004, 0.4784931405166527, -0.1926951094021555, 0.45344853919378525","1.0285235787783946, 0.976117586827907, 0.9907176687859341, 0.9761175868300042, 1.0285235787777598"
3.5,0.6666666666666666,"0.43894579323044064, -0.18038037214367864, 0.48286915782825945, -0.18038037214266273, 0.4389457932276423","1.0663640300046595, 0.9420038346326186, 0.9832642707254079, 0.9420038346325383, 1.06636403000478"
3.5,1.0,"0.41681738109266375, -0.16350048245118587, 0.49336620272141474, -0.16350048244864923, 0.4168173810857567","1.1177262909143013, 0.8920275256643178, 0.9804923668425249, 0.8920275256637489, 1.1177262909151073"
3.5,1.3333333333333333,"0.38651586168707147, -0.14175385639841837, 0.5104759894198894, -0.14175385639969884, 0.3865158616911559","1.1868331531066418, 0.8193310720862892, 0.9876715496143851, 0.8193310720868738, 1.1868331531058085"
3.5,1.6666666666666667,"0.35006521631174337, -0.11625107636001947, 0.5323717200939595, -0.1162510763599039, 0.3500652163142203","1.2747579838246037, 0.7194210044167133, 1.011642023517888, 0.7194210044173293, 1.2747579838234646"
3.5,2.0,"0.31307451196552816, -0.09011196073435845, 0.5540749003829692, -0.0901119588363144, 0.3130745072221758","1.3746843231735202, 0.5972498883662902, 1.0561315756098104, 0.5972498871027497, 1.3746843257476296"
3.5,2.3333333333333335,"0.2821344085219357, -0.06706187479689207, 0.5698549308732018, -0.06706187551322979, 0.28213441091498503","1.471994062559267, 0.47007883002409034, 1.1158542159516758, 0.47007883064195083, 1.4719940608230173"
3.5,2.6666666666666665,"0.26026286726617265, -0.04902658935945514, 0.5775274474249992, -0.0490265883508606, 0.2602628630191438","1.553330744886877, 0.35738011915367796, 1.1785782693713869, 0.3573801182840729, 1.5533307483039844"
3.5,3.0,"0.24632366844279352, -0.035809868644346585, 0.5789718386761917, -0.03580998177838156, 0.24632434330374342","1.6142101491059222, 0.26872262811425607, 1.2341349167871585, 0.2687227500163171, 1.6142095559763494"
3.5,3.3333333333333335,"0.23777574866466233, -0.026364854143383146, 0.5771769499663733, -0.026365101052274187, 0.23777725656462234","1.6572331757184786, 0.20341662927587262, 1.2787014544111637, 0.20341677543252099, 1.6572319651619658"
3.5,3.6666666666666665,"0.2325140560924015, -0.01964994233204649, 0.5742584594528521, -0.019651115088781965, 0.23252854187557448","1.6871247951316013, 0.1564712041751069, 1.312819996576513, 0.15647286153953183, 1.687111142577248"
3.5,4.0,"0.22869910767052737, -0.01483813119451665, 0.5712983208999893, -0.014884057935737674, 0.22972476055973845","1.7084969565533341, 0.12268025298482105, 1.3385451347777322, 0.12277769971816853, 1.7074999559659476"
4.0,-4.0,"0.24810000500767343, 0.21744343773697394, 0.06830892478692552, 0.22025475890668422, 0.24589287356174322","0.49779091350235155, 1.2182605726986773, 1.5739690971179896, 1.2155209258313064, 0.4944584908496777"
4.0,-3.6666666666666665,"0.2832146407836339, 0.1211165455926152, 0.1914414289820059, 0.119745609905613, 0.28448177473613184","0.5953856374554664, 1.1780237746012219, 1.4503927554006837, 1.1791569770019263, 0.597040855540701"
4.0,-3.3333333333333335,"0.33740600900152345, -0.00929492230548945, 0.3437744005053894, -0.009297467344448695, 0.33741198014302487","0.7175786183174244, 1.1327206079543277, 1.299398752165109, 1.1327214716305232, 0.7175805499326162"
4.0,-3.0,"0.3845811796087426, -0.10905716367225132, 0.4489514017576807, -0.10905748005385363, 0.38458206235968173","0.809949684200046, 1.098252481520473, 1.1835956166472426, 1.0982524666910276, 0.8099497509412109"
4.0,-2.6666666666666665,"0.4155471517343581, -0.1648480959207358, 0.49858822037002476, -0.1648580852578415, 0.41557080907419475","0.86388593463119, 1.0777902571691893, 1.1166471363498514, 1.0777896298926888, 0.8638870419570808"
4.0,-2.3333333333333335,"0.4353532169841373, -0.19418851855362795, 0.5176828322821636, -0.1941806606008839, 0.4353331298882116","0.8952914140178344, 1.0651368438664606, 1.079143794190525, 1.065137184614993, 0.8952907633101862"
4.0,-2.0,"0.44883326814513225, -0.2100290418422947, 0.5224174982770604, -0.21000312098605034, 0.4487813964061523","0.91566948480708, 1.056049717500435, 1.0565614005503439, 1.0560512602722474, 0.9156681368698956"
4.0,-1.6666666666666667,"0.45850131976345665, -0.21868140354793236, 0.520360199867469, -0.21868138808592635, 0.458501272002934","0.930779520207061, 1.048420324176918, 1.0416003117964916, 1.0484203252391056, 0.9307795185804264"
4.0,-1.3333333333333333,"0.4655359962253043, -0.2230864328283293, 0.5150993940507775, -0.22308726143696306, 0.46553830398921087","0.9435368248585752, 1.0411247859833412, 1.030676813761802, 1.0411247115354858, 0.9435368638607957"
4.0,-1.0,"0.4703493914891433, -0.2246333540132111, 0.5085676731399368, -0.22463352457275626, 0.47034981395688813","0.9556327316488435, 1.0334118782402948, 1.0219107754290504, 1.033411877605539, 0.9556327370762726"
4.0,-0.6666666666666666,"0.4729525409324382, -0.22395601087501527, 0.5020070205353243, -0.223955941422314, 0.47295239082956714","0.9682853096959196, 1.024594661958261, 1.0142400554715993, 1.0245946653288436, 0.9682853075453759"
4.0,-0.3333333333333333,"0.4730613313769062, -0.22126516545900782, 0.496407227964252, -0.22126546472434522, 0.47306207084219476","0.9826314742755208, 1.0138478859458444, 1.0070412661342518, 1.0138478856614246, 0.982631487982958"
4.0,0.0,"0.47011178888224403, -0.2164759889266365, 0.4927283981366481, -0.21647599067496454, 0.4701117925827093","1.000000000000493, 1.000000000006981, 0.9999999999792848, 1.000000000008293, 1.0000000000049503"
4.0,0.3333333333333333,"0.4632256237693598, -0.2092397640985592, 0.492028281247631, -0.20923976390911342, 0.4632256229906831","1.022177943343996, 0.9812475532833551, 0.993149006741901, 0.981247553278441, 1.0221779433523102"
4.0,0.6666666666666666,"0.45118188811265686, -0.19893762384225594, 0.49551147139225266, -0.1989376238851403, 0.4511818882224861","1.051714440127684, 0.954738927665769, 0.9870932644135133, 0.9547389276695022, 1.051714440123533"
4.0,1.0,"0.43249977732238953, -0.18471045963114258, 0.5044213642617148, -0.18471045988010543, 0.43249977792714367","1.0921914922485332, 0.9160611283493267, 0.9834947588150711, 0.916061128373709, 1.0921914922133582"
4.0,1.3333333333333333,"0.4059170731518053, -0.1656958582760819, 0.5195575702344816, -0.16569585828410532, 0.4059170731739003","1.148066756930135, 0.8590310006929338, 0.9858044847545794, 0.8590310006953354, 1.1480667569270173"
4.0,1.6666666666666667,"0.37167206098554073, -0.14174736062624538, 0.540150599286713, -0.14174736062170817, 0.371672060975701","1.2230305517958233, 0.7771467471559274, 0.9996454020959187, 0.7771467471544324, 1.2230305517979019"
4.0,2.0,"0.33330887569836565, -0.11456645134583449, 0.5625151512893038, -0.11456645135124482, 0.3333088757094105","1.3157761926955596, 0.6687463387821955, 1.0309549370461422, 0.6687463387843207, 1.3157761926917857"
4.0,2.3333333333333335,"0.2975083251910301, -0.08786023480039767, 0.5807038192276509, -0.0878602348014963, 0.2975083251832139","1.4159105056764445, 0.5438047816569962, 1.080569425329313, 0.5438047816545937, 1.4159105056826573"
4.0,2.6666666666666665,"0.2699015513081918, -0.06517452939688628, 0.5905459559582352, -0.06517452949849833, 0.26990155162895746","1.5078049406229979, 0.4219071233630673, 1.1405758721912607, 0.4219071234284097, 1.5078049403942648"
4.0,3.0,"0.25151560382233173, -0.0477810560665807, 0.5925309219618006, -0.04778105218769291, 0.2515155824701415","1.5810372355842808, 0.3192238903259509, 1.1994777341848386, 0.3192238859805373, 1.5810372539243929"
4.0,3.3333333333333335,"0.2401838700748592, -0.03510659050675133, 0.5898452249608799, -0.035106637518882766, 0.24018413298989638","1.634371217890786, 0.24070945358997806, 1.2498388315756177, 0.2407094920382386, 1.6343710049053846"
4.0,3.6666666666666665,"0.23335735413616987, -0.02603872528798734, 0.5853706159790188, -0.026037831578424486, 0.2333485867512235","1.671665304950165, 0.18345664306569504, 1.2897490677362264, 0.18345535733245105, 1.6716736269154624"
4.0,4.0,"0.22902675674578976, -0.019550708795227835, 0.580727361250271, -0.0195773839643485, 0.22937397476351595","1.6977236423528517, 0.14225029524150862, 1.3203412330586277, 0.14229097707802074, 1.6973938522689938"
4.5,-4.0,"0.29568036591803815, 0.09304107094831138, 0.22265867817462082, 0.08959173005537968, 0.29902815490365037","0.6255516008423281, 1.1628774621152307, 1.4164991767455093, 1.165513227695703, 0.629558532601229"
4.5,-3.6666666666666665,"0.3531308835000957, -0.046248554074408865, 0.3864544376720168, -0.04615666533054075, 0.35281989823283716","0.7549315565778429, 1.1154348293289258, 1.2593096786342772, 1.1154187599901095, 0.754905175468845"
4.5,-3.3333333333333335,"0.39676176845024613, -0.13860721066057202, 0.4837024004870706, -0.13859833389492998, 0.3967413756181858","0.8398085767398623, 1.0836705306879788, 1.1530430130405476, 1.0836708254740817, 0.8398070540575312"
4.5,-3.0,"0.4237326580234503, -0.1861518785501562, 0.5248401827161177, -0.18615073822610562, 0.4237297760366936","0.8852239236849554, 1.0665394521118792, 1.0964732708037528, 1.0665395186351774, 0.8852238347642358"
4.5,-2.6666666666666665,"0.44054007577615373, -0.21037402397863975, 0.5392776484157493, -0.210636635000145, 0.4411929347868817","0.9106321884607966, 1.0564460176880783, 1.065838898003193, 1.0564248499806186, 0.9106580458673135"
4.5,-2.3333333333333335,"0.45272730510410103, -0.2236700530391219, 0.5418373142160607, -0.2237030085523372, 0.4528084422712974","0.9267767258901276, 1.0493774152552868, 1.0476913938671322, 1.0493755096234332, 0.926778955364022"
4.5,-2.0,"0.461668545718972, -0.23108248740545695, 0.5388474315871046, -0.23107044882445998, 0.4616369589238405","0.9384758440661827, 1.0436075389541641, 1.0358331108544085, 1.0436083455257688, 0.9384751605994763"
4.5,-1.6666666666666667,"0.4685902795494381, -0.2351284423952465, 0.5332011357429944, -0.23505477739570269, 0.4683918044985167","0.9480803028940663, 1.038248315636294, 1.0273453807281159, 1.0382505733613998, 0.9480754273801242"
4.5,-1.3333333333333333,"0.4736770770318577, -0.23688955963778313, 0.52640929810013, -0.23689934251230194, 0.4737025270180975","0.9568728734459269, 1.032768166365349, 1.0207180478269164, 1.032767667385917, 0.956873244975891"
4.5,-1.0,"0.47732591388763523, -0.23702775195503673, 0.5194049049688502, -0.23702706469027418, 0.47732399778882556","0.9657129327890507, 1.0267364782207251, 1.015101176352757, 1.0267365040207443, 0.9657129086167244"
4.5,-0.6666666666666666,"0.47928293552067025, -0.23573250445969463, 0.5128992455329251, -0.23573244319766112, 0.4792827666037599","0.9753129869781811, 1.0197008376033305, 1.0099723498756583, 1.0197008399978402, 0.975312985544991"
4.5,-0.3333333333333333,"0.47926351426060904, -0.2330379137017805, 0.5075491804649118, -0.23303752759133578, 0.4792627465675957","0.986426644682793, 1.0110731996675293, 1.005000308858346, 1.0110732030924825, 0.9864266436988521"
4.5,0.0,"0.4767711754435935, -0.22880243833702074, 0.5040624795417199, -0.2288024585812543, 0.4767712419329613","1.0000000002218237, 1.0000000001002163, 1.0000000002662839, 0.9999999995383668, 0.999999999873308"
4.5,0.3333333333333333,"0.47106886649187807, -0.22270389827678827, 0.5032700288573353, -0.22270392465725358, 0.47106892758482816","1.01735275822006, 0.9851640008409869, 0.9949664817132569, 0.9851640019843952, 1.0173527572412968"
4.5,0.6666666666666666,"0.46111625351674557, -0.21419902854605793, 0.506165550910969, -0.21419902798192558, 0.46111625210026874","1.040421149354378, 0.9644738515261149, 0.9902099982144104, 0.9644738514956156, 1.040421149409482"
4.5,1.0,"0.4455526025726971, -0.20248256244489315, 0.5138599092048118, -0.20248256485151817, 0.4455526155189018","1.0720590750800283, 0.9346121327863153, 0.9866575846096718, 0.9346121332532545, 1.072059074270729"
4.5,1.3333333333333333,"0.4228825847899036, -0.18653298872833313, 0.5273008073960753, -0.18653298895405235, 0.422882585496407","1.1162401396738084, 0.8905611530710507, 0.9863974145180462, 0.890561153127098, 1.1162401396099995"
4.5,1.6666666666666667,"0.39222570434279186, -0.165470971571829, 0.5464905345078769, -0.1654709715546932, 0.39222570427585357","1.1775444979899836, 0.8257779564728936, 0.9933550910717778, 0.8257779564644825, 1.1775444980008638"
4.5,2.0,"0.3549526510365576, -0.13951905019415717, 0.5691327983340642, -0.13951905018285454, 0.35495265100639023","1.2586017368892266, 0.7348000979668801, 1.0131963302844156, 0.7348000979618592, 1.2586017368976201"
4.5,2.3333333333333335,"0.31616688747602095, -0.11114203040933873, 0.5899502858337489, -0.11114203041383508, 0.3161668875134044","1.3550970279197356, 0.6196815142026617, 1.0504429157649582, 0.6196815142132032, 1.3550970278994456"
4.5,2.6666666666666665,"0.28285969910591335, -0.08446596760599884, 0.6032125371242514, -0.08446596753634339, 0.282859698912178","1.453614342954015, 0.4948305649661557, 1.103110184084959, 0.4948305649189969, 1.4536143430758748"
4.5,3.0,"0.25898248916327615, -0.06256004844154994, 0.607155117147929, -0.06256004887171523, 0.25898249100206006","1.5391643153592636, 0.37990846705802594, 1.161854436194177, 0.37990846745555734, 1.5391643139329774"
4.5,3.3333333333333335,"0.24383224392890457, -0.04602917455713282, 0.6043937908119639, -0.046029189939512716, 0.24383232975577696","1.6047321848045746, 0.2869207023695539, 1.216694283198811, 0.2869207173751376, 1.6047321122519234"
4.5,3.6666666666666665,"0.23473898603454468, -0.03402649640540095, 0.5985704356714914, -0.03402711523081753, 0.23474418993018353","1.651540788868341, 0.2172235925867786, 1.2624751538064158, 0.21722457699530467, 1.6515358877431638"
4.5,4.0,"0.22927526151410993, -0.02541571465151106, 0.5921400012644222, -0.025429216866898863, 0.22942966873987847","1.6841295591958434, 0.1666700048164173, 1.2985270442702286, 0.16669262585360572, 1.6839807658639074"
5.0,-4.0,"0.3701331952482651, -0.0877277842865305, 0.4352390394815205, -0.08773216466640177, 0.370087714223147","0.7960534356899382, 1.097039417574373, 1.2138361380219667, 1.097034514566516, 0.7960364941472097"
5.0,-3.6666666666666665,"0.40850204583013605, -0.16701963169126538, 0.5169918690505189, -0.1670505851604106, 0.4085763019710207","0.868555494397111, 1.0699661672791136, 1.1229548603613038, 1.069964887431249, 0.8685585905312208"
5.0,-3.3333333333333335,"0.4326838005091421, -0.2058329555854776, 0.5480524799186975, -0.2046891260325126, 0.42978580119014986","0.9047815124504227, 1.056374690938367, 1.077711972228815, 1.0564440936544968, 0.9046877307278975"
5.0,-3.0,"0.4576133309834779, -0.2280612767617881, 0.5568658561311075, -0.2124149312040191, 0.42599702085122104","0.9248900044638048, 1.0483226942658104, 1.054018017749207, 1.0488150629590305, 0.9239542205621473"
5.0,-2.6666666666666665,"0.456405415795058, -0.23526916805861897, 0.5581641960908571, -0.23499544539141104, 0.455695001564115","0.9371601409772735, 1.0431518422783554, 1.039380876679359, 1.0431643992271766, 0.9371427408378368"
5.0,-2.3333333333333335,"0.4638915753037808, -0.2411405699130102, 0.5543096604443722, -0.24127846639591438, 0.46421780056077144","0.9461595845938241, 1.0387901364467675, 1.030101071004254, 1.0387812612960425, 0.9461679466591107"
5.0,-2.0,"0.47034524879446865, -0.24460701138033747, 0.5483677901098903, -0.2446936045946453, 0.47058757707062404","0.9534505370327782, 1.034790383366821, 1.0235191305255933, 1.0347865640724498, 0.9534533850023581"
5.0,-1.6666666666666667,"0.4761236906594028, -0.24659780824872857, 0.5415026642712117, -0.24624021973433596, 0.47521167305244966","0.9599840975480021, 1.0307788204946777, 1.018465385763599, 1.0307999110972181, 0.9599717850965046"
5.0,-1.3333333333333333,"0.47977543759565483, -0.24696409735264147, 0.5343849922016753, -0.24695940740617928, 0.4797630749614915","0.9663515785530254, 1.0265057264975816, 1.0142853394048088, 1.0265059141986295, 0.9663514413459554"
5.0,-1.0,"0.4826673726859383, -0.24643046784965522, 0.5275299742300192, -0.2464281239165863, 0.48266124485028417","0.9730430533286787, 1.0216682148229839, 1.0105774508312957, 1.0216683055519287, 0.9730429754651136"
5.0,-0.6666666666666666,"0.48422869695562093, -0.24492412652641027, 0.5213971964747721, -0.24492010854795593, 0.4842183416439728","0.9805056127905165, 1.0159584119399243, 1.0070720250846, 1.0159584375497503, 0.9805055126352092"
5.0,-0.3333333333333333,"0.48417194899913407, -0.2424027938904707, 0.5164629356846062, -0.2424020343260675, 0.4841699435327984","0.989262186278453, 1.0089457384976432, 1.0035841554104026, 1.008945751134841, 0.9892621686786596"
5.0,0.0,"0.4820858261557176, -0.23872437450887557, 0.5132774591589382, -0.23872405592328366, 0.4820851451175045","1.0000000026114821, 1.0000000013641235, 0.9999999964689588, 0.9999999994666133, 1.000000000088822"
5.0,0.3333333333333333,"0.4773585729814459, -0.23361527445779845, 0.5125134519164651, -0.2336152410376488, 0.47735849059753577","1.0136957379809326, 0.9881544640117976, 0.9962995959579535, 0.9881544628802361, 1.0136957391690795"
5.0,0.6666666666666666,"0.4691293753681087, -0.22663001584835296, 0.5150011318107649, -0.22663008651726274, 0.46912959518674224","1.0317995749363091, 0.9718825204189265, 0.992635809498715, 0.9718825253137668, 1.0317995698322848"
5.0,1.0,"0.4562287817425215, -0.21708881555369913, 0.5217200663060316, -0.21708881697017268, 0.45622878447531984","1.0564984264482657, 0.9487457499471139, 0.9895116472077744, 0.9487457500206519, 1.056498426376198"
5.0,1.3333333333333333,"0.4372081451344917, -0.20403445422901373, 0.5336526235192398, -0.20403445357774147, 0.4372081391530227","1.0910221671515776, 0.9149126827375524, 0.9881303001891033, 0.9149126823290226, 1.0910221675927418"
5.0,1.6666666666666667,"0.41068891320442313, -0.18633580845801445, 0.5512937906087602, -0.18633580840949837, 0.41068891305432953","1.1397216810271613, 0.8647940565397014, 0.9909685248642907, 0.864794056526291, 1.1397216810425563"
5.0,2.0,"0.37644625614318916, -0.16323252726550525, 0.5735725424097752, -0.1632325270325375, 0.37644625574507895","1.2070336336899106, 0.7918086929760533, 1.0023153466571397, 0.791808692948275, 1.2070336337286223"
5.0,2.3333333333333335,"0.3372575213212737, -0.13553523552821128, 0.5965554284334168, -0.13553523553282593, 0.33725752130634756","1.293892404827773, 0.6923306681351702, 1.0275538540700018, 0.6923306681319266, 1.2938924048351317"
5.0,2.6666666666666665,"0.2994958862857041, -0.10651535903020537, 0.6140389455112348, -0.10651535902117726, 0.2994958862544437","1.3926321000881643, 0.5726581419780058, 1.0694195158579547, 0.5726581419710781, 1.392632100104796"
5.0,3.0,"0.2695600441744531, -0.08039948475006636, 0.6216788811287368, -0.0803994847457318, 0.26956004419260826","1.4878818515045946, 0.450363704409862, 1.1235088881842983, 0.4503637044156569, 1.4878818514855894"
5.0,3.3333333333333335,"0.24941580181852263, -0.059556150816891085, 0.6202806740410685, -0.05955615811677556, 0.24941583307407522","1.5666335298883218, 0.343320172641793, 1.180092613425595, 0.34332017881134247, 1.566633505232948"
5.0,3.6666666666666665,"0.23712581244863074, -0.04400625292431047, 0.6137608024300669, -0.04400627425801129, 0.23712591230362356","1.625148730958189, 0.25936370548705856, 1.2309751933687878, 0.25936372129553104, 1.6251486488904332"
5.0,4.0,"0.22991914519983225, -0.03273497012468675, 0.6056253070606806, -0.032735871153623225, 0.22992638901779738","1.6663266635499858, 0.19728936807002012, 1.2727733643633132, 0.19729052526052726, 1.6663200787561565"
5.5,-4.0,"0.4203810690136235, -0.19276481101382148, 0.5461648582850851, -0.1917308679493725, 0.4179497516644851","0.8940786190125521, 1.0578938655036731, 1.0960807012174605, 1.0579382464570677, 0.8940085678092456"
5.5,-3.6666666666666665,"0.43271422654276914, -0.21908583223975825, 0.5676429647321514, -0.22292544962510547, 0.44165409058994304","0.9214647754693236, 1.047739576900363, 1.0615087762809128, 1.0476169458501103, 0.9216699254992893"
5.5,-3.3333333333333335,"0.44900200266451407, -0.23588643028303663, 0.5729626142041835, -0.23647532647811992, 0.45039713989245955","0.9366819584943, 1.041764955988022, 1.0431103143203393, 1.0417325706552312, 0.9367102005421102"
5.5,-3.0,"0.4621014333630104, -0.24546064312847654, 0.5714003577829297, -0.24138556454729226, 0.4533444165298283","0.9463634961454472, 1.0375865147446761, 1.0321630371069528, 1.0377406694753595, 0.9461462825275633"
5.5,-2.6666666666666665,"0.46692099660003056, -0.2497311452956062, 0.5670661562157787, -0.24870682271022387, 0.46445081519002007","0.9532446267598929, 1.0342871449295972, 1.0249355807038616, 1.0343321991205814, 0.9532004484860684"
5.5,-2.3333333333333335,"0.4721967474960589, -0.2524682375887112, 0.5609728266979093, -0.25220932078515085, 0.4715079841798937","0.9587954653033832, 1.0312885153475242, 1.019831700011649, 1.0313014235421725, 0.9587828957952704"
5.5,-2.0,"0.47735451800401557, -0.2540957118365534, 0.5541265785853913, -0.25373760788626537, 0.4763522231334123","0.9637186621391056, 1.0283082606848128, 1.015949388453515, 1.028322108576675, 0.9637015801458917"
5.5,-1.6666666666666667,"0.4807711738263909, -0.2545149470853719, 0.5470699528604629, -0.2547396515279252, 0.48141347192644257","0.9684144739114553, 1.025192916177594, 1.0127907879043443, 1.0251790546719581, 0.9684227673346487"
5.5,-1.3333333333333333,"0.4840712922674524, -0.2543933482326277, 0.540160103048369, -0.2546568851537071, 0.4848188380705124","0.9732372946860555, 1.0217393921509363, 1.0100549694586323, 1.021724763742823, 0.9732435799615528"
5.5,-1.0,"0.48687403416712677, -0.2537095027894676, 0.5337255615213956, -0.25367725213215925, 0.486787159233104","0.9784629206970301, 1.0177703478607412, 1.0075335135639496, 1.0177710750957736, 0.9784621427825048"
5.5,-0.6666666666666666,"0.48814117949036145, -0.2521826285277255, 0.5280903720571022, -0.2521786351958186, 0.48812971217608103","0.9843896906394207, 1.013068098624705, 1.005084406160123, 1.0130682467916956, 0.9843895577840582"
5.5,-0.3333333333333333,"0.48810026153294794, -0.24990800606152336, 0.5236240580293035, -0.24990299400571886, 0.48808668050499004","0.9913995413675991, 1.0073016038434117, 1.0025976747749212, 1.0073017169866612, 0.9913994630274036"
5.5,0.0,"0.4863545679388231, -0.24674084028627508, 0.5207716221247934, -0.24674129066535333, 0.48635594088801304","0.9999999972080535, 1.0000000022484832, 1.0000000027219413, 0.9999999975855075, 1.0000000002360196"
5.5,0.3333333333333333,"0.4824203901509895, -0.2424658452734107, 0.520089318297661, -0.2424671291019853, 0.4824232659267455","1.0109178183521217, 0.9904482108543542, 0.9972679471494167, 0.9904482200435512, 1.0109178036005553"
5.5,0.6666666666666666,"0.47558977805989766, -0.23672755227150105, 0.5222757500571285, -0.2367274081096215, 0.4755894322640972","1.0252335499177128, 0.9775299029329403, 0.9944730913519606, 0.9775298985010545, 1.025233557296336"
5.5,1.0,"0.4648884761372333, -0.22898078821531076, 0.528184597019784, -0.2289807994963331, 0.46488851455462665","1.0445888564775205, 0.9594693270776427, 0.9918836335683541, 0.9594693275807467, 1.0445888552957383"
5.5,1.3333333333333333,"0.4490401033727319, -0.2184197307883488, 0.5387592765488043, -0.21841971771383184, 0.4490400685806443","1.0714771608821145, 0.9334358455347149, 0.9901739873672621, 0.9334358437997594, 1.0714771624161488"
5.5,1.6666666666666667,"0.4265742056399144, -0.20395119153745883, 0.5547539883998103, -0.2039511808833565, 0.42657417838109063","1.109535036263436, 0.895057434696992, 0.9908150580217325, 0.8950574327597809, 1.1095350382580575"
5.5,2.0,"0.39640231321071545, -0.18440102501496358, 0.5759974251366868, -0.18440102346761822, 0.39640231013518","1.1634044914295987, 0.8382712820506989, 0.9966484528639545, 0.8382712819191124, 1.163404491736637"
5.5,2.3333333333333335,"0.35924886679410795, -0.15929895815761813, 0.6001001829302283, -0.1592989580070115, 0.35924886644029363","1.2369895167409046, 0.7569123189474063, 1.0121963285908653, 0.7569123189031175, 1.2369895168177063"
5.5,2.6666666666666665,"0.31940488997730654, -0.13023022011366353, 0.6216506604347878, -0.13023022000986922, 0.3194048897114392","1.328890226837637, 0.6499959191500111, 1.0422277079744944, 0.6499959191242812, 1.3288902269135785"
5.5,3.0,"0.2839089374600985, -0.10114842076294209, 0.63447896659764, -0.1011484207671032, 0.2839089374723066","1.428169211087994, 0.5280802157220744, 1.087501146383887, 0.5280802157243071, 1.428169211081737"
5.5,3.3333333333333335,"0.2577835747622581, -0.07600846175494896, 0.6364497735828685, -0.07600846186887072, 0.2577835752786938","1.5188479632063099, 0.41025591056426325, 1.1417922527177933, 0.4102559106517332, 1.518847962859902"
5.5,3.6666666666666665,"0.24112077209164284, -0.056389441315986416, 0.6305373000857157, -0.05638945270902976, 0.24112082184765782","1.590731087399629, 0.31139267713179253, 1.1957525003875884, 0.31139268892365646, 1.5907310461573347"
5.5,4.0,"0.2312829049086066, -0.041864820517531945, 0.6211652442552844, -0.041864557511654826, 0.23128122886529645","1.6428680627793035, 0.2356642817686465, 1.242934188425086, 0.23566400255416878, 1.6428694644727981"
6.0,-4.0,"0.4431796514928044, -0.2344652399049605, 0.5831699885774122, -0.23391391286667956, 0.44202951270142377","0.9354910438803634, 1.0403777851677034, 1.0482718565121025, 1.0403895056785393, 0.9354698087612932"
6.0,-3.6666666666666665,"0.43551075862948213, -0.2355286239886366, 0.5846850125496386, -0.24761087892767242, 0.4629437317371883","0.9466026283395317, 1.0361992591667848, 1.0344607896441487, 1.0357831836620441, 0.9469541391874914"
6.0,-3.3333333333333335,"0.46068276941779407, -0.2518555708911681, 0.5825585496646047, -0.25156048696874184, 0.460174738777512","0.9541126132733752, 1.032857811733371, 1.0260585064277996, 1.0328657717227974, 0.9541052968426608"
6.0,-3.0,"0.47268818501791743, -0.25824991716894286, 0.5775971514354915, -0.2533157729938418, 0.4612803537093748","0.9595081822703444, 1.0302381543755574, 1.0204922812214965, 1.0304359733843398, 0.9593254087482588"
6.0,-2.6666666666666665,"0.472946099585437, -0.25872197270328456, 0.5714752984904783, -0.25891207192620985, 0.4732126465535794","0.9637059790443493, 1.0280203628226712, 1.0165503866311352, 1.0280157006560553, 0.9637075708457902"
6.0,-2.3333333333333335,"0.4736615639579568, -0.25812436587487037, 0.5646069722747651, -0.2611368384249525, 0.4809926680671014","0.9674236946959828, 1.0257899376740576, 1.013561538209432, 1.0257070539200002, 0.9675177755005303"
6.0,-2.0,"0.494278208336, -0.26626835429158996, 0.5577956100582955, -0.25682088931014035, 0.4710154252074349","0.9711752970539766, 1.0232117383309347, 1.0111695491536676, 1.0236354565217414, 0.9708079589396797"
6.0,-1.6666666666666667,"0.4854144710617632, -0.26077954045542323, 0.5509427488065208, -0.2606622739524798, 0.4850845945396195","0.974585473508307, 1.02088123668093, 1.0090684893800506, 1.0208834745159288, 0.9745813259147859"
6.0,-1.3333333333333333,"0.48821500005422197, -0.2603597250769463, 0.5444570582437382, -0.2602542540664279, 0.4879419208454135","0.9783632104939524, 1.0180313738234468, 1.0072153472695848, 1.0180307642328026, 0.9783593041802159"
6.0,-1.0,"0.49022592499033246, -0.259440611499536, 0.5385354467586019, -0.2593833820211426, 0.4900626217717436","0.9825398451446286, 1.0147327087550837, 1.005453429965499, 1.0147356513464192, 0.9825383647883652"
6.0,-0.6666666666666666,"0.49127916223953194, -0.25798902016981207, 0.5334230003509317, -0.2579869469565993, 0.49127380453594816","0.9873348375969963, 1.0108115391455843, 1.0037072161132112, 1.0108116301511187, 0.9873347769930896"
6.0,-0.3333333333333333,"0.49126358293994804, -0.2559727276955275, 0.5294180953595107, -0.2559729707658737, 0.4912640201619426","0.9930281308221487, 1.0060191786548176, 1.0019053863835878, 1.0060191687425182, 0.993028135396928"
6.0,0.0,"0.48980286215399793, -0.2532564334384399, 0.5268907236111949, -0.2532696099044768, 0.4898324575777241","0.9999999190248164, 0.9999999866084208, 1.000000075067456, 1.000000046780269, 0.9999999725190368"
6.0,0.3333333333333333,"0.4865227646178623, -0.24967618663640417, 0.5263066560787125, -0.2496763204548036, 0.48652308639463254","1.0087950640501897, 0.9922203350915304, 0.9979692021454333, 0.9922203373425322, 1.008795061370313"
6.0,0.6666666666666666,"0.4808191629611288, -0.24494578541626338, 0.528257625911086, -0.24494305978184044, 0.48081205632588875","1.0202191592842063, 0.9818589375395639, 0.995843787643232, 0.9818587802522085, 1.020219335280788"
6.0,1.0,"0.47190052089674495, -0.2386406624623057, 0.5334804524554204, -0.23864054942015606, 0.47190023853029645","1.035494330007578, 0.967623285916464, 0.9937647663433316, 0.967623278730062, 1.035494339002565"
6.0,1.3333333333333333,"0.45870035907507045, -0.23012018233359205, 0.5428392458697744, -0.23012043389560982, 0.45870101128435775","1.0564936707907662, 0.9474536525429977, 0.9921053491562848, 0.947453676070753, 1.0564936514391994"
6.0,1.6666666666666667,"0.43985953898491237, -0.21845041002968585, 0.557181574338445, -0.21845051563549533, 0.4398598123418242","1.086056626472533, 0.918087977295412, 0.9917107933260687, 0.9180879918059618, 1.0860566111000234"
6.0,2.0,"0.41398068462677645, -0.20242573412647535, 0.5768900958230491, -0.2024257395514777, 0.4139806932281278","1.1282262486835566, 0.8746122425875881, 0.9943230175788241, 0.8746122429718421, 1.1282262481781884"
6.0,2.3333333333333335,"0.3804810837524785, -0.1809274025640309, 0.6008926199143481, -0.18092740047306793, 0.38048109937027175","1.187772193191105, 0.8106678840703638, 1.0031198472784542, 0.8106678855209644, 1.1877721899391127"
6.0,2.6666666666666665,"0.3412959097469623, -0.15397134156024483, 0.6253508638319428, -0.15397134152239217, 0.34129590950373256","1.267572236827918, 0.7210791118302233, 1.0226973026504662, 0.721079111791707, 1.2675722368996891"
6.0,3.0,"0.3020902908585811, -0.12401493588953194, 0.6438492870264696, -0.12401493765957547, 0.3020902956640572","1.3633717762439659, 0.6081789470206547, 1.0568985544211125, 0.6081789473760592, 1.3633717749382093"
6.0,3.3333333333333335,"0.26977433966179154, -0.09541346833672998, 0.6512782569034541, -0.09541346844570334, 0.2697743402171878","1.461498778120807, 0.48624989899991117, 1.1045026459947094, 0.4862498990657004, 1.461498777818874"
6.0,3.6666666666666665,"0.24752719975376436, -0.07153287003137102, 0.6480114702341213, -0.07153284840117882, 0.247527048444665","1.5467075995461599, 0.3742317157324284, 1.1581212783370858, 0.3742316727332974, 1.546707733651031"
6.0,4.0,"0.23396215035265955, -0.05320531161608272, 0.6384863380913983, -0.05320531076955069, 0.2339621339415756","1.6119213952219238, 0.2834449742262009, 1.2092672485099134, 0.2834449698683582, 1.6119214121736039"
