U,V,magnetization,charge_density,doublons
-6.0,-4.0,"-3.548367746991632e-7, 1.0463933342585996e-6, -2.1229577718551162e-6, 1.9171142187968115e-5, -1.76112881586565e-5, -1.2845281700952485e-7","0.02694986085955528, 1.9801706385316304, 1.9997170722254678, 1.972817512212183, 0.020239722795157386, 0.00010519337600615774","0.003664105773837272, 0.980324850888719, 0.9997177221163975, 0.976420426952527, 0.00016328976961608484, 1.9097979162895007e-8"
-6.0,-3.836734693877551,"6.524927909611067e-9, -1.0154195817513312e-9, 2.4843682666642053e-11, -1.0018472218487062e-8, 7.3592631459271085e-9, -2.8751429511225397e-9","0.02071636429341612, 1.9793968731407126, 1.999765937699322, 1.9789689381416742, 0.021037056184977178, 0.00011483053990009513","0.00017503517324132792, 0.9795696446962602, 0.999766015427309, 0.979150655909082, 0.0001824939976980558, 2.5014011496434597e-8"
-6.0,-3.673469387755102,"-5.6833669730485536e-8, 1.2821002653984337e-7, -1.1266241661811449e-8, -1.7473418101321414e-7, 9.690693976004833e-8, 1.7717126088129893e-8","0.021497015230785513, 1.9784281360592906, 1.999741409800904, 1.9781608890640943, 0.022044761210181542, 0.0001277886347454224","0.00021595433309512502, 0.9787390711358761, 0.9997416013311491, 0.978384340898382, 0.00032286217348337094, 5.588033584997516e-8"
-6.0,-3.510204081632653,"-3.211519730705881e-8, 6.798127316631764e-8, -2.657700670649632e-8, 1.556442169592387e-8, -2.0865941263888133e-8, -3.9875496070853754e-9","0.022251636157240174, 1.977129150304588, 1.9997118562319725, 1.9773759272293572, 0.023386036008236577, 0.0001453940686070478","0.00022549182018904418, 0.977723691957649, 0.9997121812898461, 0.977611321702164, 0.0006095095103814266, 1.2776017267135605e-7"
-6.0,-3.3469387755102042,"-3.977098873928636e-8, 5.830088983804771e-8, -2.4894855621404588e-8, 1.6473171937647635e-8, -1.063697403335534e-8, 5.287566558507878e-10","0.023109990912222933, 1.9770414315479137, 1.9996943247266676, 1.9764837999033802, 0.023520365236986467, 0.00015008767282970135","0.00025879107787512743, 0.9772940459751054, 0.9996944969825088, 0.9767541595042806, 0.0002694605119903333, 5.586127348647953e-8"
-6.0,-3.183673469387755,"-3.046347460053389e-8, -4.494264876919729e-8, 3.266101550325473e-8, 4.94801503103659e-8, -6.691012425542875e-9, -4.4029922780929476e-11","0.02402109295132402, 1.9761460720809585, 1.9996639319779996, 1.9755337773465178, 0.024470073612225363, 0.00016505203097366765","0.0002994415955555721, 0.976437666177946, 0.9996641828886194, 0.9758473830965854, 0.0003122843556659711, 7.50906815604377e-8"
-6.0,-3.020408163265306,"5.3865382225806724e-8, -9.283939383930573e-8, 1.3017097399981026e-9, 3.42173521739042e-8, -9.332132566708395e-10, 4.388163012063293e-9","0.024983041674163816, 1.9751920875727509, 1.9996297868012889, 1.9745254867691406, 0.025487551345815217, 0.00018204583683986467","0.00034052318205834693, 0.975527687544108, 0.9996301074544545, 0.9748838101499606, 0.00036113234556676337, 1.0181766710126836e-7"
-6.0,-2.857142857142857,"-4.642755314668463e-6, 5.244336555132456e-6, 2.984655876059339e-6, -3.228246773900878e-6, -5.269428967648315e-7, 1.689525542162052e-7","0.029134784711462726, 1.974221481195506, 1.9995487205167346, 1.9703420459072645, 0.026552006081797933, 0.0002009615872323167","0.001972006773807595, 0.9746035066416687, 0.9995507793644209, 0.9722967558148154, 0.0004196559707255613, 1.5670508510756576e-7"
-6.0,-2.693877551020408,"-6.701378041894246e-9, 2.27103952865626e-8, 1.3068255949599816e-7, 2.4587136410181287e-7, -3.907570903585733e-7, -1.8058504990035949e-9","0.027152437681306638, 1.9730380626351685, 1.9995450873207226, 1.9722464634887116, 0.02779389174282271, 0.0002240571312646568","0.0004589267733658792, 0.9735006052842473, 0.9995456746071626, 0.972733145531739, 0.0005018673865387179, 1.965394532834726e-7"
-6.0,-2.5306122448979593,"2.209120711802945e-7, -2.81850815964102e-7, 1.0304059810950505e-7, 3.700455602495545e-7, -3.7827024080682586e-7, -3.387717287442048e-8","0.028477057739602803, 1.971831678013384, 1.9994922724881707, 1.9708437109070673, 0.02910518280991098, 0.0002500980418681189","0.0005891833114563017, 0.9723744213062178, 0.9994929606601568, 0.9714693798995069, 0.0005946053277486302, 2.766238501325871e-7"
-6.0,-2.36734693877551,"-4.841400059281062e-7, 4.013271867608914e-7, -7.271277380205277e-8, 1.1729209220545656e-7, 9.575776019517257e-8, -5.752425949786383e-8","0.02984426335947319, 1.97048657106486, 1.9994287534243282, 1.9694029846355972, 0.030556532517187377, 0.00028089499855371537","0.0007025471724611201, 0.9711431155045936, 0.9994301017730017, 0.9701488049962199, 0.0007203464534380695, 4.078837487043023e-7"
-6.0,-2.204081632653061,"9.457149673791632e-8, -1.3054100606035846e-7, -3.5808933929182274e-8, -7.006160779310378e-8, 1.3899511959111766e-7, 2.8449315519341175e-9","0.031220041420107925, 1.968968577358559, 1.9993579733199256, 1.967905487535734, 0.03222978914919181, 0.0003181312164806701","0.0007752794843118227, 0.9697800738257999, 0.9993597808868767, 0.9687439871258358, 0.000898304470766249, 6.237319781190421e-7"
-6.0,-2.0408163265306123,"1.7091716993621053e-7, -2.841698250044544e-7, 1.3515276947595467e-7, 1.0663949351341628e-7, -1.7585203340893252e-7, 4.7312425398521405e-8","0.03289730403449671, 1.9673363078524742, 1.9992698521306425, 1.9660971651009018, 0.03403768609648532, 0.000361684784998521","0.0009487082206571297, 0.9683118689466945, 0.9992726546813214, 0.9671291111710906, 0.001090559486434572, 9.294048594560175e-7"
-6.0,-1.8775510204081634,"1.7576706144717402e-7, -2.430107023387862e-7, 1.6591942686439154e-7, 4.1773456915805696e-10, -9.596007541877449e-8, -3.1334450581108064e-9","0.03482659718180763, 1.9654148554220587, 1.9991609700097315, 1.9639929414658468, 0.036188491922408764, 0.0004161439981488999","0.0011926736205755317, 0.9666441069327848, 0.9991657518958745, 0.9653014573863758, 0.0013893857817417962, 1.4950490523776949e-6"
-6.0,-1.7142857142857142,"-6.623152986348722e-7, 3.6882924142125906e-6, -3.341949858848281e-6, 1.8196166262640645e-7, 1.9192979422433254e-7, -5.791871364804746e-8","0.0019802389281063353, 0.11043565536229853, 1.9631494290729439, 1.9976148445793052, 1.891212345180171, 0.0356074868771737","0.0001268898910150321, 0.03772035558964973, 0.9647023684996245, 0.9977221627397199, 0.9287702914954223, 0.001424545068119918"
-6.0,-1.5510204081632653,"-4.915336892681588e-7, 5.627459528922962e-7, -5.025238105083041e-7, -1.2317820907714605e-7, 5.5934754063236e-7, -4.857784650013838e-9","0.03960693875854933, 1.960497438259213, 1.9988468144199447, 1.9586618202623258, 0.041813693664631446, 0.0005732946353310451","0.0019237190584747849, 0.9625568460167764, 0.998860047906038, 0.9608248122975626, 0.002384986867790844, 4.276206986462834e-6"
-6.0,-1.3877551020408163,"-1.588142521016106e-6, 1.9388612801929384e-6, -4.488691036641512e-7, 7.748236870996905e-7, -6.150294339923867e-7, -6.16439085877028e-8","0.04273944432425724, 1.9568710980127664, 1.9985911872134006, 1.955044871705338, 0.04605216329130193, 0.000701235452935708","0.002522859091835294, 0.959791039554524, 0.9986165080154416, 0.9579309880032008, 0.003410307834546796, 8.241254604246323e-6"
-6.0,-1.2244897959183674,"1.048151968945435e-5, -1.2966929859414833e-5, 4.158036030599277e-6, 1.097609468037053e-6, -2.6858413051129154e-6, -8.439402356415064e-8","0.04673046809300339, 1.9521851036559434, 1.9982135337177789, 1.950250119336825, 0.0517345871375144, 0.0008861880589349455","0.003439071286952077, 0.9563746226708449, 0.9982665375130582, 0.9542729611693977, 0.0049831062045521905, 1.6688080928418823e-5"
-6.0,-1.0612244897959184,"-3.1691374819987905e-6, 4.5804849987951535e-6, -2.626940021233093e-6, -1.199555096031979e-6, 2.1298932135569576e-6, 2.852543871037093e-7","0.05221905901625722, 1.945779288610456, 1.997636969802036, 1.9434941751882373, 0.059699238148191835, 0.0011712692348238118","0.004903220721586371, 0.9518879279875534, 0.9977493029668058, 0.9494006197420335, 0.007461856593331709, 3.606147887340947e-5"
-6.0,-0.8979591836734694,"-9.171205432567317e-6, 1.0557910633535172e-5, -1.2599520861078517e-6, 1.6151178643952768e-6, -1.728421291303378e-6, -1.3449687821527178e-8","0.06033169733437849, 1.937399240853825, 1.996626433044168, 1.9328678439220037, 0.0711317205980215, 0.0016430642476083814","0.0074004290374227255, 0.9461000318659216, 0.996889000531206, 0.9421685647521365, 0.011262652709266371, 8.25294895455324e-5"
-6.0,-0.7346938775510204,"-7.282972585398451e-6, 6.225522033220798e-6, 5.469833093130205e-7, 1.5049765842434226e-6, -1.062737041600953e-6, 6.822769995588202e-8","0.07310261187418657, 1.9018982581264454, 1.9925177165609356, 1.9136942189277995, 0.11521318719878323, 0.003574007311849832","0.012102406586000564, 0.9261829714862871, 0.9937248523297574, 0.9301138547769945, 0.030641128598634316, 0.00038691630729036547"
-6.0,-0.5714285714285714,"6.212946999071059e-5, -5.216148211395488e-5, -3.596484126799915e-5, 1.4885061139946476e-5, 1.0231112932537756e-5, 8.806793188936499e-7","0.09686271881696149, 1.8128412730406642, 1.976082804185991, 1.8696454704570553, 0.23361552147844278, 0.010952212020887133","0.022164371715748338, 0.8780845277704495, 0.9822512315421573, 0.904333476647666, 0.08550750722849718, 0.0021195520308250394"
-6.0,-0.40816326530612246,"3.6787908055668783e-6, -1.0303878168416158e-5, -5.289332228208821e-6, 1.6096564003920122e-5, -1.2963524192582954e-5, 8.781379779682769e-6","0.1440579859410347, 1.4467717087659957, 1.8418695693729197, 1.7378369441854569, 0.759199438196769, 0.07026435353782054","0.04676742494935319, 0.6865445794222967, 0.8990289582026278, 0.8331013392503432, 0.33973417446790044, 0.021709689233312943"
-6.0,-0.24489795918367346,"3.5060578565393463e-7, -6.534810620406617e-8, 4.580918688268376e-7, -7.333381284446716e-7, 9.000510337031642e-9, -1.9011930169066105e-8","0.3450028646992178, 1.332349818315988, 1.324090694061633, 1.3230863477889414, 1.3312151934337164, 0.3442550817005054","0.140042541984342, 0.6122224902940442, 0.6097015828161623, 0.6091407357462224, 0.6116423611186318, 0.13970365782062155"
-6.0,-0.08163265306122448,"4.090160330705306e-7, -8.337749735076727e-8, -6.258998397346005e-8, 3.7458681934054994e-8, -1.9680280244349646e-7, -1.0370443129237294e-7","0.7855096750123998, 1.1744111892229592, 1.0377699529744238, 1.0410100781543614, 1.1733215886982977, 0.787977515937561","0.3524089263196518, 0.5277486689667432, 0.4599521439269705, 0.46160935595131597, 0.5272228821276276, 0.35363021668023215"
-6.0,0.08163265306122448,"-2.785130459592722e-10, -5.293817328944073e-10, -1.2658900594431088e-9, 1.8906099463755766e-9, 1.015912354240811e-10, 8.158368425270623e-11","1.1604807683598422, 0.8535844241618775, 0.9859329941258625, 0.9859359601720967, 0.8535821739261577, 1.1604836792541655","0.5415136129520836, 0.3706155146728798, 0.43763011460447093, 0.43763158233027244, 0.3706143889217631, 0.5415150845992157"
-6.0,0.24489795918367346,"-5.979154005242293e-8, -3.045816976132709e-7, -1.378725536516079e-7, 5.008797979155766e-7, -4.894975036418003e-9, 6.2609683548764394e-9","1.3407749193404501, 0.6765062888164082, 0.9834163623844968, 0.982139717725187, 0.6773045280349724, 1.3398581836984853","0.6356103619125258, 0.2884673526489693, 0.44186700671018375, 0.4412335976827179, 0.2888622933574106, 0.6351419578648279"
-6.0,0.40816326530612246,"2.169162266474345e-8, 8.816033847391935e-9, 1.678741357036273e-8, -4.6342945064781205e-8, 9.497636566102585e-10, -1.9018886465715923e-9","1.4270001103432182, 0.5875900569000428, 0.9854547064541743, 0.9853697337552265, 0.5876358099915819, 1.4269495825557579","0.6820945757552689, 0.24958533340859498, 0.4477053834571749, 0.44766325283203695, 0.24960781543695698, 0.6820684937725188"
-6.0,0.5714285714285714,"-5.0854778721465266e-9, -1.2825842332642168e-9, 1.7299541105186833e-8, -1.6259308704968944e-8, -6.11245035142538e-9, 1.1440280056618235e-8","1.4778169447830347, 0.5343925874694397, 0.9878112895535476, 0.9877713667389671, 0.5344166565928041, 1.4777911548622042","0.7102011036877942, 0.2274417016193401, 0.4527764905985568, 0.45275666127881037, 0.22745340424037383, 0.7101877298721554"
-6.0,0.7346938775510204,"4.1109874560074644e-8, -1.27129411983673e-7, 1.743797491959853e-7, -8.02830030788293e-8, -1.1304205502216114e-8, 3.22699678090288e-9","1.5126203809931518, 0.4978276921748813, 0.9898723351955672, 0.9892528408551796, 0.49821491890910874, 1.5122118318721076","0.729816790198389, 0.21276987196327837, 0.45697931181769835, 0.45667140298519043, 0.2129584406042059, 0.7296054596530204"
-6.0,0.8979591836734694,"-4.011913667945066e-8, 4.636626513288e-9, -4.8722659323763295e-8, 4.7334207692317776e-8, 6.076643466190745e-9, 3.07943183730508e-8","1.5385799182760171, 0.4705404313023527, 0.9914456927523276, 0.9903457647430987, 0.4712452828180209, 1.5378429101081847","0.744661747065103, 0.2021208756804481, 0.46040810004782384, 0.45986036109968, 0.20246370735068075, 0.7442803036895707"
-6.0,1.0612244897959184,"1.5778729955950865e-7, 2.358776861194345e-7, 5.806117619466811e-7, -9.637415431529295e-7, 4.060908830039178e-8, -5.1144292800842095e-8","1.5595542232506365, 0.4485449078884627, 0.9932469290600551, 0.9906212835515975, 0.4502913297898503, 1.557741326459397","0.7567619272775022, 0.1936647432961631, 0.46355055100259884, 0.4622423841867002, 0.194513085360998, 0.7558236841714437"
-6.0,1.2244897959183674,"2.30405429735292e-8, -7.906384061340255e-9, -4.984026633070293e-8, 3.417079588730054e-8, -3.140208558460866e-8, 3.193739711582211e-8","1.5757628612676213, 0.43147427980170505, 0.9930832701120158, 0.9924547858841157, 0.43178138350564066, 1.575443419428895","0.7662579206358352, 0.18730346797404837, 0.4654258462623483, 0.4651133970235664, 0.1874520835542153, 0.7660911963474468"
-6.0,1.3877551020408163,"6.451825379505394e-8, 2.810383639695324e-8, -5.552452617130221e-8, -3.589197053455173e-8, -1.874090146958274e-9, 6.684966469272524e-10","1.58998946102738, 0.4165563806962354, 0.9938385039967197, 0.9930858067939403, 0.4171988614224782, 1.589330986063251","0.7746149727401518, 0.18174841585219112, 0.4675168941734075, 0.46714060578138933, 0.18206164151604545, 0.7742769920243011"
-6.0,1.5510204081632653,"-3.539726289858436e-10, 1.4869886849622205e-9, 4.702569722514482e-10, -1.0964039121041935e-9, -1.5097786909556987e-9, 1.0029096442210061e-9","1.6020194621801, 0.4039368786893687, 0.9940300443486794, 0.9940568294618527, 0.4039212446637147, 1.6020355406562845","0.7817402570626577, 0.17711515458100427, 0.4691359179504661, 0.4691492630223191, 0.1771075769319656, 0.7817486020014754"
-6.0,1.7142857142857142,"1.0547221371837168e-6, -1.2232390913802238e-6, 4.221683155003486e-7, -2.6413791057167124e-7, -1.1338502428626107e-8, 2.1825051654822403e-8","1.6139747922490528, 0.39150578001573016, 0.9958436930279104, 0.9932440967703502, 0.3941328326070761, 1.611298805329877","0.7887393064780516, 0.17240925224291578, 0.4714104121295551, 0.4701101991897835, 0.17368953887212418, 0.7873670433569602"
-6.0,1.8775510204081634,"-3.349585860173976e-5, 0.00021202344208398616, -0.0012450168547571416, 0.001065593095446682, 1.5702676370209223e-5, -1.4806500541975076e-5","1.4799487329804175, 0.522120930379428, 0.7682351111296072, 1.2215754412759035, 0.2273898033241185, 1.7807299809105261","0.7202074056338632, 0.23702283381324707, 0.35939525283570295, 0.585577984912701, 0.09418090474298015, 0.8758022525722285"
-6.0,2.0408163265306123,"-1.2884849076577609e-8, 3.7840158825797054e-8, 1.4010530072217087e-7, -3.355791321768553e-7, 3.2617664476319863e-7, -1.5565812311324478e-7","1.6315778859070826, 0.3730852605290801, 0.9971265511596146, 0.993588847231833, 0.37523090034368634, 1.6293905548287047","0.7992895784961047, 0.16574524693767284, 0.4744206161758609, 0.47265602598958795, 0.16678523472762477, 0.7981577383229091"
-6.0,2.204081632653061,"-3.303995779191382e-7, -1.97276032611049e-6, 3.4068851378910026e-7, 2.063908649208024e-6, -2.1238577466164976e-7, 1.1094851570803144e-7","1.6407916362753947, 0.36355472723834015, 0.9996276494206, 0.9917894976798669, 0.3723176712856206, 1.6319188181001758","0.8046868909086592, 0.1621037008989565, 0.4767595348341939, 0.47283292512523956, 0.16637754962802492, 0.80014644209158"
-6.0,2.36734693877551,"-7.153006357785152e-7, 6.028510829425571e-7, 7.664461668666078e-7, -8.55073802652484e-7, 2.423836294590531e-7, -4.1306440823341006e-8","1.6507931265434261, 0.353314669689606, 1.0051371982376085, 0.9868398435767131, 0.36435507429910463, 1.6395600876535457","0.8104495730591855, 0.15802613518707193, 0.48041564852807955, 0.47128566244228814, 0.16337717729174805, 0.804637579778185"
-6.0,2.5306122448979593,"2.2141363131833458e-7, 2.2370915807312652e-7, -2.2317231269497473e-5, 2.1584020102993762e-5, 4.109957735309866e-6, -3.821869358155983e-6","1.6519094515121315, 0.3518619151762953, 1.0009776039044955, 0.9915621611625223, 0.35543326432605155, 1.6482556039185052","0.8115968522170237, 0.15815851689594734, 0.4793121919890433, 0.47461501592275235, 0.15987144432440817, 0.8096886962073419"
-6.0,2.693877551020408,"-1.5623482524929067e-6, 5.842433585978579e-6, -1.5677846740336232e-5, 1.1188060973055247e-5, -3.8806580865413665e-9, 2.1358109186797591e-7","1.6594132624454172, 0.3441229246164842, 1.000480806883128, 0.9925327852832171, 0.3512943459082366, 1.6521558748635208","0.8159566455652412, 0.15513245696673597, 0.479807975387649, 0.4758387401232399, 0.15863075579455607, 0.8122374667860125"
-6.0,2.857142857142857,"8.492657671999027e-6, -6.230072544910481e-6, 3.8843407985100775e-6, -6.841253774564349e-6, 3.2395906423288157e-6, -2.54526279336309e-6","1.665336257613307, 0.33799029379235446, 1.0017742373459262, 0.9916831142123981, 0.3485730256569876, 1.6546430713790268","0.8194943774788369, 0.15285123452347574, 0.48130685939199536, 0.4762587132073273, 0.15802088583767565, 0.8140239864893245"
-6.0,3.020408163265306,"-1.977592597124378e-6, 4.66908187354842e-6, -9.941848514383178e-6, 1.0057111209493819e-5, -1.260085488521967e-6, -1.5466664831098598e-6","1.6763513287826892, 0.326874837603558, 1.019070341735267, 0.9748466409969014, 0.35963764951409294, 1.6432192013674913","0.8256674133254589, 0.14811345533747372, 0.49074010984577315, 0.4686761622697333, 0.16408808894142318, 0.8086499581477324"
-6.0,3.183673469387755,"-4.996643185872784e-7, 3.7678251247064143e-6, 2.135624044830031e-6, -3.6895483796761663e-6, -6.357223387765121e-6, 4.642986916547631e-6","1.6920053865434723, 0.3111587547840363, 1.0344390726061006, 0.9597648531880791, 0.35459899497301106, 1.648032937905299","0.8341359285823658, 0.14107173808997941, 0.49899235811822484, 0.4617191045451025, 0.16217768851178901, 0.8114598313121406"
-6.0,3.3469387755102042,"-9.699346275854337e-5, -0.0002436657803528315, 0.00041864208599473596, -0.00012374919565884268, 3.998664332074964e-5, 5.779709454700743e-6","1.9641233050098266, 0.043129801465063546, 1.6625217726542252, 0.3319385428028284, 0.8262489053070377, 1.172037672761017","0.9762899853542899, 0.012179515966117853, 0.81550709258173, 0.1518364433324023, 0.39362704320977826, 0.5682728256682337"
-6.0,3.510204081632653,"-2.599369205991131e-7, -8.136587246604376e-6, 1.971917138948731e-5, -1.2195447536611503e-5, 9.125553767919126e-7, -3.975506240871951e-8","1.6973239550263863, 0.3054467070542456, 1.02648994848691, 0.9683202307275387, 0.33748845322130744, 1.664930705483612","0.8376072184672475, 0.13934714564140793, 0.49615666936361813, 0.4671140649385315, 0.1549142546764337, 0.8209052225217279"
-6.0,3.673469387755102,"-2.8631329238026915e-6, -2.475149364647433e-6, -0.00012243812109996588, 0.00012100695226308078, 5.285707802130113e-6, 1.4837433230385777e-6","1.6961457675047589, 0.30644970906540114, 1.0272103206125913, 0.9680163918999949, 0.3559638507405902, 1.6462139601766665","0.837403469582459, 0.14036978883278753, 0.4974232408334758, 0.4678445259403774, 0.16458286000602543, 0.8118779250979807"
-6.0,3.836734693877551,"-2.2896658157245398e-6, 6.545528413448576e-7, -6.442542587387079e-6, 8.946280805555151e-6, -9.92269966401671e-7, 1.2364472262715864e-7","1.6774297511506837, 0.32478780686945374, 0.9767049474227536, 1.0186063280641768, 0.2915106639175219, 1.7109605025754115","0.8280279249039114, 0.14968003385948506, 0.47241302391389456, 0.49335038048438806, 0.13341626128371334, 0.8451921531434824"
-6.0,4.0,"3.3469922477435965e-6, -6.53513011582979e-6, 4.81958694290574e-5, -7.232496885756223e-5, 1.5382097306254616e-5, 1.193513999026008e-5","1.7603553272568941, 0.24253404465220096, 1.1416893527876932, 0.8540275784889335, 0.419310947524347, 1.5820827492899352","0.8711653195308511, 0.11018647761933134, 0.5557434520496601, 0.4120704246100316, 0.19637413729805825, 0.7796325084731552"
-5.755102040816326,-4.0,"-1.2639754243259915e-9, -1.7147117947757806e-8, -1.343253295260638e-7, 1.6101508155778876e-7, -9.656279856677685e-9, 1.3776212456073964e-9","1.9998158470233474, 1.9998656063912374, 1.978693217923791, 0.021491531880263835, 0.0001330043078629171, 7.924735012074027e-7","0.999905392816583, 0.9998731970786503, 0.9788624132582727, 0.0002586664881610297, 7.612368008992931e-6, 2.4098478807662922e-9"
-5.755102040816326,-3.836734693877551,"-2.586216685251941e-9, 2.5794963498526613e-8, 2.241998572349857e-7, -2.555187354784036e-7, 8.772372599767056e-9, -6.62241273844968e-10","1.999968373039732, 1.9998717351885469, 1.9779118241795934, 0.02212063688174836, 0.00012672056638400906, 7.101439986485025e-7","0.9999821388006506, 0.999871747690723, 0.9781021170689901, 0.00020429869844394423, 3.002708851274209e-8, 1.896174075964288e-11"
-5.755102040816326,-3.673469387755102,"-2.4120727104811127e-6, 1.1648159773947064e-6, 5.852522377836067e-8, -4.961408160253367e-6, 6.269189601895535e-6, -1.1904993227401041e-7","0.025506459871037196, 1.9776111193126766, 1.9996897952999562, 1.974061127470959, 0.0229938665045005, 0.00013763154087578094","0.0016983697018607296, 0.9778150881972248, 0.9996908234877359, 0.9757389706065378, 0.0002220650055744898, 4.6101597161752845e-8"
-5.755102040816326,-3.510204081632653,"4.0474839561530085e-8, -9.088719060690309e-8, 6.856385503795082e-8, 4.824120869439952e-8, -6.685092421125638e-8, 4.582114581291657e-10","0.02341265566674249, 1.9767398653727777, 1.999694750057004, 1.9761806658347718, 0.023822468039889085, 0.00014959502881594898","0.00023675468500944624, 0.9769703611065861, 0.9996948583881959, 0.9764279646279413, 0.0002457008204748396, 4.553131712704801e-8"
-5.755102040816326,-3.3469387755102042,"-2.301879842899618e-8, 1.6787960244180056e-8, 5.807816561009815e-9, 1.751074468758773e-8, -1.6941315292458292e-8, -1.4640777179069373e-10","0.024319885890870856, 1.9758402290101678, 1.999664856129576, 1.97523422419094, 0.024776450521929186, 0.00016435425651752035","0.0002682342004305927, 0.9761046188580381, 0.9996650425623299, 0.9755152634393631, 0.00028284964210412085, 6.157530212289551e-8"
-5.755102040816326,-3.183673469387755,"4.4772811711585314e-8, -6.219232834281385e-8, -8.64463428618123e-9, -2.3946136906705107e-8, 5.3453624191887594e-8, -3.443336400854439e-9","0.02529785360246564, 1.9748709298988842, 1.999630661386183, 1.974212256882803, 0.025807129464023557, 0.00018116876564595736","0.00030961555636362386, 0.9751792561079181, 0.9996309270413455, 0.9745374613435641, 0.0003308567133699566, 8.326067080458127e-8"
-5.755102040816326,-3.020408163265306,"-2.2182467232859104e-8, 3.77259409267694e-8, 2.3981888697122145e-10, 2.3153169936840357e-8, -3.772269183306698e-8, -1.2137707935697757e-9","0.02634129588679519, 1.973843469052611, 1.9995920957638575, 1.973119082161253, 0.026903835747604552, 0.00020022138787725478","0.00035549754133143343, 0.9741974811316022, 0.9995924359621071, 0.9734938757136785, 0.0003816916630075738, 1.1268878288711535e-7"
-5.755102040816326,-2.857142857142857,"-1.316388307678884e-6, 1.8113628065807852e-6, -3.816078719132143e-7, -2.575221502876257e-6, 2.408510812170958e-6, 5.3344063733119134e-8","0.028263698747037744, 1.9727607903577957, 1.999539937962243, 1.9711530612424282, 0.02806060630217412, 0.000221905388321801","0.0008164980409643492, 0.9731646929722934, 0.9995401734221614, 0.9719843992561639, 0.0004379555726322389, 1.5036212161779504e-7"
-5.755102040816326,-2.693877551020408,"4.90382990807163e-7, 2.424993941207987e-7, -8.172490263969046e-7, -9.210774982226777e-6, 9.328013570735101e-6, -3.287194690122677e-8","0.02989686792181019, 1.9715562020149198, 1.999475037496841, 1.9694459815756917, 0.029378840075341153, 0.0002470709153973414","0.0010968065032785962, 0.9720351190079413, 0.9994764470191236, 0.9705545382648129, 0.0005225863798958113, 2.1348666254948886e-7"
-5.755102040816326,-2.5306122448979593,"-7.709314322860983e-8, 7.96546930637021e-8, 8.643473781155819e-8, 8.32315247278892e-8, -1.686264582525035e-7, -3.601354007991644e-9","0.03002610902279371, 1.9702019737897885, 1.9994362483624613, 1.969225977657505, 0.030832394070813347, 0.00027729709664056797","0.0005725709965035342, 0.9707803850270185, 0.999437189811941, 0.9698373827170256, 0.0006336764897815613, 3.1248018950231224e-7"
-5.755102040816326,-2.36734693877551,"1.52608829767642e-7, -2.045027408525968e-7, 4.335504710795135e-8, -2.0639985942594308e-8, 2.8882419778747392e-8, 2.9643011140070407e-10","0.03148782046834832, 1.968750941408354, 1.9993666804339274, 1.9676672846095526, 0.032415037027187815, 0.0003122360526254949","0.0006818586455312239, 0.9694451898500408, 0.999368063503891, 0.968400465277894, 0.0007664060964600485, 4.56226280502216e-7"
-5.755102040816326,-2.204081632653061,"-5.015850846942088e-7, 6.688649930586266e-7, -1.1243618747158735e-7, -2.5416222315666204e-7, 1.9487731142513176e-7, 4.441190897246788e-9","0.03316668373377672, 1.967158512910647, 1.9992821182331644, 1.9658714153194907, 0.03416764849210356, 0.00035362131081725516","0.0008527126206000113, 0.9679939668962321, 0.9992843632664259, 0.9667907338869468, 0.0009308295872673839, 6.780802994398464e-7"
-5.755102040816326,-2.0408163265306123,"-2.9394092381819503e-7, 3.2904305968806113e-7, -4.874158820999952e-8, -3.679973727965802e-7, 4.5803617168375943e-7, -7.639934647407903e-8","0.034923658070279695, 1.9653365230433928, 1.9991814248777011, 1.9639553435075374, 0.03619853982721079, 0.00040451067387552023","0.0010075047686609784, 0.966374301522017, 0.9991847006827336, 0.965053607020009, 0.0011647030221697179, 1.05266451712021e-6"
-5.755102040816326,-1.8775510204081634,"-2.4914024495704956e-7, 3.3948958849672195e-7, 1.883313943129572e-7, 6.470304769745638e-7, -8.70733670816845e-7, -5.497754408780107e-8","0.03700570493924607, 1.963143415327938, 1.9990534440298338, 1.961672634792587, 0.03865555664310838, 0.00046924426728862977","0.0012628594614678957, 0.9645080744702055, 0.9990590402822019, 0.9630612394524277, 0.0015392277969863187, 1.766073049877776e-6"
-5.755102040816326,-1.7142857142857142,"1.9041610839834466e-7, -2.1823091139738793e-7, 4.644762902072941e-8, -3.1603885214392946e-7, 2.9971369561176964e-7, -2.3076696091409252e-9","0.03935317664846701, 1.9604617783273963, 1.9988938061656287, 1.9590495584129872, 0.041687897469025126, 0.0005537829764982465","0.0015751429952847182, 0.9623201786044656, 0.9989029520137538, 0.9608103150016042, 0.002110789239516652, 3.124851931329324e-6"
-5.755102040816326,-1.5510204081632653,"1.4908092876228518e-6, -1.8627824374672919e-6, 4.550628993627015e-7, 2.598422955135682e-7, -2.5654293741086964e-7, -8.638910766568331e-8","0.04221148920823638, 1.9577676034152902, 1.998689040440744, 1.9558525338739274, 0.04482730633194373, 0.0006520267298600824","0.0020455662563070983, 0.960034580055195, 0.9987044966584064, 0.9581585871985273, 0.002626464353461713, 5.010778323972898e-6"
-5.755102040816326,-1.3877551020408163,"2.568924331602246e-6, -3.1111332916555767e-6, 6.031575458531613e-7, 2.052331336765967e-6, -1.8861223814101158e-6, -2.271575410852896e-7","0.045647993854210506, 1.9539490912765374, 1.9983967477109386, 1.9518723812587873, 0.04933599193599953, 0.0007977939635282292","0.0026978302719945996, 0.9570747502015237, 0.9984259987723336, 0.9549702634835917, 0.003674769430098986, 9.467197386045037e-6"
-5.755102040816326,-1.2244897959183674,"8.73830839806869e-6, -1.0826124578811047e-5, 3.0542377805753418e-6, 1.062458604428329e-6, -1.9248805800085866e-6, -1.0399962416040654e-7","0.050046984797039035, 1.9490917634109834, 1.9979785811261768, 1.9465858246207797, 0.0552899288647548, 0.001006917180271457","0.0036892294551286904, 0.9534487238039429, 0.9980387965220194, 0.950926491717177, 0.005246108993499342, 1.8753111879942022e-5"
-5.755102040816326,-1.0612244897959184,"-1.541945167271401e-5, 1.614617176814992e-5, 1.5071007253841806e-6, 2.4126311115590937e-8, -2.344411011899472e-6, 8.646387993240358e-8","0.05595684047745747, 1.9401083958406191, 1.9971698170704095, 1.9391379064465504, 0.06622022046189524, 0.0014068197030675336","0.005269073485550957, 0.9475468946668654, 0.9973192269877166, 0.945544060061694, 0.009017414094205586, 4.7233765169963476e-5"
-5.755102040816326,-0.8979591836734694,"5.15702115771316e-7, -1.8168071970747768e-6, 3.6473712644591316e-7, 4.255358149352073e-6, -3.401593575678291e-6, 8.260338117650149e-8","0.06471629697120135, 1.9264751361848966, 1.9956323221393077, 1.9273746320051393, 0.08365995285101996, 0.002141659848434555","0.007965139014524449, 0.9389122886645072, 0.9960347305566609, 0.9375498792469273, 0.015580780944096682, 0.00012579153056692486"
-5.755102040816326,-0.7346938775510204,"-9.963885377540366e-6, 8.015600150124147e-6, 2.375817718058837e-6, 4.955826285124587e-6, -5.555680093187465e-6, 1.7232131751913904e-7","0.07690118762768547, 1.8616402229435511, 1.988825951358768, 1.9071109065020266, 0.1598398354909374, 0.005681896077033618","0.01263924304635004, 0.9040827308231598, 0.9908207677495366, 0.9249470153742246, 0.050644460921268494, 0.0007082228604287321"
-5.755102040816326,-0.5714285714285714,"-7.942462278678203e-5, 5.056901730293717e-5, -1.6206444106547924e-5, 1.6836375623996425e-5, 2.2031548653156374e-5, 6.1941253131879426e-6","0.10229114905431602, 1.755296179771766, 1.9662130874770942, 1.8585411370114233, 0.30179546444267663, 0.015862982242723866","0.023490255112178848, 0.846591989825377, 0.9751485736287299, 0.8965796371359788, 0.11671591769218238, 0.003203143996827787"
-5.755102040816326,-0.40816326530612246,"1.908904143007456e-5, -0.00011710122416937196, -3.7883667966587264e-5, 0.0001359973432305539, 1.245213252720756e-5, -1.255362505183516e-5","0.04041371824230901, 0.44949050934448775, 1.6722853076225892, 1.9006209812936625, 1.7487318649819446, 0.18845761851500242","0.01157309273795321, 0.1805316043605644, 0.7917583095746177, 0.9351655648079497, 0.8364555045142896, 0.06088305573918985"
-5.755102040816326,-0.24489795918367346,"-6.218137393876333e-10, -8.57038079393746e-9, -9.204604145551798e-8, 1.0655418736238431e-7, -1.1195234683736288e-8, 5.879283282439474e-9","0.36888521831332866, 1.3360690922110239, 1.2951412412179224, 1.2950782814263748, 1.3360008395219958, 0.3688253273093566","0.1488472288379442, 0.6097942355799919, 0.5905424730549509, 0.5905074732591523, 0.6097594487192798, 0.14881958609314008"
-5.755102040816326,-0.08163265306122448,"-2.9798263856406493e-10, -3.5067950765466094e-9, -5.9177016620282075e-9, 8.912215854195438e-9, 2.391851161576142e-10, 5.710782680079518e-10","0.7958466993315755, 1.1665677273116783, 1.0375667814426581, 1.0375888543035057, 1.1665536522401267, 0.7958762853704522","0.35474414273296695, 0.5200425472784851, 0.4560527831017172, 0.4560640688099653, 0.5200354896930071, 0.35475872349380416"
-5.755102040816326,0.08163265306122448,"-5.192296592682055e-11, 1.2221434697590183e-9, -5.267634967109913e-9, 3.313938262694549e-9, -3.848538293604875e-9, 4.63201443867689e-9","1.155756132445846, 0.8583235921916239, 0.9859225615481291, 0.9859187090113386, 0.8583258300814265, 1.155753174721635","0.5365274170842165, 0.36949142210635727, 0.4341261234360914, 0.43412419265960955, 0.3694925418242556, 0.536525931402393"
-5.755102040816326,0.24489795918367346,"4.769004635640783e-10, 1.7007437125293734e-10, -8.241892723859223e-10, 2.2220628115299235e-10, -6.375536210079247e-11, 1.876337973882869e-11","1.3350908709904092, 0.6827209671015266, 0.9821892693589566, 0.9821872665817009, 0.6827223724891538, 1.3350892534782557","0.6304068513005376, 0.28844382050710893, 0.4381000303650905, 0.43809903870352035, 0.2884445130954052, 0.6304060227445316"
-5.755102040816326,0.40816326530612246,"-6.89741042059211e-11, 4.090685956636975e-9, 1.3036055207527042e-8, -1.6521979145922572e-8, -3.7590117130115175e-10, -1.5988665946764513e-10","1.4236130040163992, 0.5916880060655979, 0.9847059825368891, 0.9846934436890686, 0.5917076972394784, 1.4235918664525689","0.6783210950060548, 0.24889769842668705, 0.4445160727863381, 0.4445097480627522, 0.2489073247563482, 0.67831031988739"
-5.755102040816326,0.5714285714285714,"8.44746217421033e-10, 4.371370487810111e-9, -1.2707109392495752e-8, 7.513311028883862e-9, -1.9321416133699643e-9, 1.9098232439951346e-9","1.4759599217786885, 0.5369143583193432, 0.9871433465880912, 0.987110386255269, 0.5369563436253049, 1.4759156434333045","0.7074298007437045, 0.22630822198719355, 0.44992338219122086, 0.44990684028203987, 0.22632874806449493, 0.7074071992831956"
-5.755102040816326,0.7346938775510204,"-2.4745319127106313e-9, 6.28078095088469e-9, -5.901133193209063e-10, -3.5730921277288274e-9, -6.38336938862949e-10, 9.952932922274726e-10","1.5116462985322738, 0.49937742688040954, 0.9890284594032415, 0.9889277345756695, 0.49943529798389463, 1.511584782624512","0.7276796568930335, 0.21143099469461418, 0.4542852848224978, 0.45423524507459667, 0.2114591645068414, 0.7276476958337248"
-5.755102040816326,0.8979591836734694,"-1.4896539740072434e-6, 3.3253010981032505e-6, 1.1137403538002966e-5, -1.231623168809759e-5, -1.9919133352475082e-7, -4.5762764050438776e-7","1.5368758590129104, 0.47260557940908066, 0.9843318056897703, 0.9963685118235315, 0.46645658745157315, 1.543361656613135","0.7422469775123649, 0.2012349449532924, 0.45471978175434585, 0.46069260673135615, 0.19825229035937447, 0.7456390301610426"
-5.755102040816326,1.0612244897959184,"-1.191112458664989e-8, -2.8121883183240826e-8, -3.538969209349041e-8, 7.260936349395841e-8, 9.605066603191048e-10, 1.8528297229813973e-9","1.5592552601977596, 0.4492525930167037, 0.9915339353266566, 0.9914531070517376, 0.44934486473306423, 1.5591602396740791","0.7552491629891266, 0.19232328785275019, 0.4608081499744074, 0.4607676476487896, 0.19236821126940287, 0.7552004519547998"
-5.755102040816326,1.2244897959183674,"-1.434199664585023e-8, 8.990420199972426e-9, 3.88660101324767e-8, -2.876431925979972e-8, -1.051528189521811e-8, 5.765167510052294e-9","1.5765840395111717, 0.431034535038867, 0.9925669424550954, 0.9922039901076364, 0.43125900148120366, 1.5763514914060277","0.7654355174864622, 0.1855613422814828, 0.46341994530653835, 0.4632392318986808, 0.18567008178346833, 0.7653147394274327"
-5.755102040816326,1.3877551020408163,"7.859148942745975e-9, -2.7674896971308094e-8, -2.4434281487017984e-8, 1.7535566665394242e-8, -6.377634816090438e-8, 9.049081101109024e-8","1.5914113902864733, 0.4154777193443353, 0.9937628774042121, 0.9924844821116183, 0.4162901051599581, 1.5905734256934032","0.7741994582443629, 0.1798307846249616, 0.46585735564080355, 0.46522049148143607, 0.1802240960731474, 0.7737646360858392"
-5.755102040816326,1.5510204081632653,"-1.8457674555438786e-8, 1.2735314053324842e-9, 1.8865447798388502e-7, -3.9493016093516964e-7, 2.8398519640038256e-7, -6.052537032674721e-8","1.6070839663343843, 0.3992702120650754, 0.9996953361503287, 0.9878048956828183, 0.40691020290351443, 1.5992353868638798","0.7833033464891308, 0.17358167259095866, 0.47042826468656723, 0.46449995899881874, 0.17727490751373892, 0.7792294178145704"
-5.755102040816326,1.7142857142857142,"-7.653840727872563e-9, 2.5939114467465885e-9, 3.4456383468661755e-7, -4.089152825237363e-7, 6.205213297361123e-8, 7.359244158511302e-9","1.6144603251853655, 0.39126656723340036, 0.9948512939950396, 0.9937138851429551, 0.3920702687319615, 1.6136376597112778","0.788005225097165, 0.17111865971911386, 0.4695060323591044, 0.4689385403740515, 0.17150841701346878, 0.7875796159473415"
-5.755102040816326,1.8775510204081634,"1.2774593133313417e-7, -4.126173941687572e-7, -1.0956195758970999e-7, 5.586450068095772e-7, -1.3998332715203787e-7, -2.4228259232206284e-8","1.62557404247231, 0.3797145665680396, 0.9966991044572941, 0.9927952440744418, 0.38396987005054933, 1.6212471723773647","0.7945627039699508, 0.16679273095983824, 0.47175703407670205, 0.4698029725686251, 0.1688640511394038, 0.7923427942919046"
-5.755102040816326,2.0408163265306123,"1.769746377222603e-8, -9.862139366267897e-8, 1.3183135398053825e-6, -1.3355289334993081e-6, 1.3448206036270616e-7, -3.6342736708938617e-8","1.6326732796193997, 0.37218917164543835, 0.9961766894296997, 0.9941263424812845, 0.37362123283686466, 1.63121328398731","0.7989917387085643, 0.16430098125752665, 0.4727062901098373, 0.47168310953847875, 0.16499521255178384, 0.7982368338904446"
-5.755102040816326,2.204081632653061,"1.1434429619816555e-7, -5.3730094082271584e-8, -1.2850161610622468e-6, 1.1930889286804192e-6, -2.0302330065724572e-7, 2.3433633089542383e-7","1.6381956285982535, 0.36626621283012684, 0.9929482407032875, 0.998055765973269, 0.3614701439106178, 1.6430640079844412","0.8025321058103498, 0.16247211430779884, 0.47220890545955213, 0.4747632260898667, 0.1601375220788474, 0.805033259100786"
-5.755102040816326,2.36734693877551,"1.1647355580013397e-8, -6.796780374629385e-9, -7.923972079326713e-7, 7.612991891892129e-7, -8.011390123519035e-8, 1.0636134473163139e-7","1.6475322153738987, 0.35665953773553016, 0.9973420376482549, 0.9943076365625403, 0.3583644761465873, 1.6457940965331934","0.8080011850248222, 0.15876983724571034, 0.4754219289213303, 0.47390815820589516, 0.15959326412079067, 0.8070983276548747"
-5.755102040816326,2.5306122448979593,"-3.5666013820656595e-5, 0.0002548516010319468, -0.00011274127011570712, -0.00013057649242764757, 2.1946828611306424e-5, 2.1853467207511024e-6","1.4682028530012794, 0.5327865284230071, 0.6889013692849304, 1.303184133859925, 0.1522900354773316, 1.8546350799535278","0.715758581153539, 0.244918593602122, 0.3225834408292429, 0.6292957603962251, 0.060837127026112894, 0.9158813115540498"
-5.755102040816326,2.693877551020408,"6.263546789009311e-7, -3.87151978396838e-6, 2.078227370999608e-5, -1.98098928624324e-5, -1.526311899771593e-6, 3.7990961573308724e-6","1.6616781817811028, 0.34200534670638116, 1.0038742552249547, 0.9888735864152597, 0.3490742982861791, 1.654494331586125","0.8164731880664933, 0.15334937544310603, 0.48057199874738227, 0.47309474043739197, 0.15676151920593098, 0.8127326516944983"
-5.755102040816326,2.857142857142857,"-1.0563758057191563e-7, 8.173829024737955e-8, -2.8337042593529205e-6, 3.1218932123877607e-6, -3.1601379021917175e-7, 5.172412748111199e-8","1.6638227349242354, 0.3395861280335678, 0.9976440792894565, 0.9955517078998062, 0.3400063356840742, 1.6633890141688656","0.8180809024576482, 0.15290755999819997, 0.478236648657613, 0.4771939672083124, 0.15310415325860485, 0.8178473123562038"
-5.755102040816326,3.020408163265306,"-3.8953125110485765e-6, 3.0451012463017513e-5, -0.0001002951055938811, 2.3245884126610328e-5, 3.1650385023566235e-5, 1.8843136491641932e-5","1.1645687673321907, 0.832476914580662, 0.23854364524552538, 1.7559427210646306, 0.019422341273585247, 1.9890456105034087","0.561574012798619, 0.39333640697492567, 0.1029293423427411, 0.860167784361414, 0.00033633245367172937, 0.9891865005583947"
-5.755102040816326,3.183673469387755,"1.5147139070803561e-7, -1.407487565710519e-5, 0.0002045833236672956, -0.00020196812317160862, -2.8761245772418453e-5, 4.006944954310088e-5","1.6869065314855973, 0.31628138119905364, 1.0262622211953096, 0.967888524839271, 0.3759323437478513, 1.6267289975329198","0.830976396255089, 0.14296373591948108, 0.4941891446966554, 0.4650219720689578, 0.17214458146409625, 0.8002199021374953"
-5.755102040816326,3.3469387755102042,"-2.16254560925222e-8, 8.86048419079799e-8, 1.7633352153434423e-7, -3.0067947692780095e-7, 5.72728723891025e-8, 9.369721665208885e-11","1.6770269570768959, 0.32580533377414056, 0.9974471085366077, 0.9968921110645356, 0.3260992422224476, 1.6767292473253734","0.8262502585592028, 0.14812775663210348, 0.4803019418249278, 0.4800250024540444, 0.14827023421913985, 0.8260961437289102"
-5.755102040816326,3.510204081632653,"4.183687230152611e-6, -6.909605471325242e-6, 0.00013191783586108397, -0.00010442960682816027, -1.966388299518007e-5, -5.098427796501603e-6","1.7030327392893607, 0.29988873405995853, 1.0422104485806571, 0.9524781312407803, 0.35871077170905546, 1.6436791751201902","0.8401386327298082, 0.13615038668983784, 0.5036159120797772, 0.45879991580079904, 0.16475263389615993, 0.8095740241569869"
-5.755102040816326,3.673469387755102,"-4.986189465594482e-6, 1.2962824183226918e-6, -9.073990757418882e-5, 8.491969234925012e-5, 4.390515922048088e-6, 5.119606350134642e-6","1.7382670213228923, 0.26487606673671615, 1.1026972536170634, 0.8923078450983172, 0.3954915386405865, 1.6063602745844268","0.8586772723072854, 0.11964813131488558, 0.5344602290101308, 0.4294060303886173, 0.18322126382751447, 0.790808812549647"
-5.755102040816326,3.836734693877551,"3.592435559029994e-7, -7.14051181151254e-6, -1.483242464095369e-5, 1.9129742498819047e-5, -3.5274378054062083e-6, 6.011388203053247e-6","1.7032780851071763, 0.29928629945479324, 1.028579887285761, 0.9666396600478351, 0.333036980088524, 1.6691790880159054","0.8409480670616757, 0.13681955040139965, 0.49776694546131534, 0.46683961734071794, 0.1531988694892131, 0.8233476378206923"
-5.755102040816326,4.0,"-1.2787210447173791e-6, 2.4457374804970344e-5, 9.582230632299016e-7, -2.4544790935748795e-5, 7.188397308927064e-7, -3.109256184741227e-7","1.7174139213324127, 0.2850667195081739, 1.049292710302689, 0.9462303350026349, 0.3412089754874038, 1.6607873383666865","0.8485619360442385, 0.13034257423610818, 0.5086012527419789, 0.45715974945368065, 0.15763082992597563, 0.8193647421985706"
-5.510204081632653,-4.0,"-2.2578257169274252e-8, 2.454188502420962e-8, 8.041508459122326e-9, 5.0805745721582696e-9, -1.6917667686883187e-8, 1.8319569822507578e-9","0.022055005256120544, 1.9780669984603212, 1.9997442129712144, 1.9775983411298297, 0.02241042831312302, 0.0001250138693916292","0.00017110119859317676, 0.9782366603189728, 0.9997442900473766, 0.9777760799781194, 0.00017938245192980175, 2.388113755716829e-8"
-5.510204081632653,-3.836734693877551,"2.0526225018953e-6, -1.3490111964720164e-6, 7.847551356521265e-7, 3.665975817024325e-6, -5.300995498788187e-6, 1.4665324066245135e-7","0.02524449597261008, 1.9772947175657318, 1.9996898342637384, 1.974372747358517, 0.023261095429809267, 0.00013710940959722246","0.0013959006674450858, 0.9774851137211119, 0.9996903909422313, 0.9757457603787405, 0.00020046859033458791, 3.729357561421719e-8"
-5.510204081632653,-3.673469387755102,"-8.365650450148365e-9, 8.689742536649447e-9, 1.7016266729008578e-9, 1.8679382596253902e-8, -2.0797835443425727e-8, 9.273408046507354e-11","0.023731649066945273, 1.9764115939673226, 1.9996944169919453, 1.975858734669884, 0.024154203206606484, 0.0001494020972956485","0.000217869191788741, 0.976628156441307, 0.9996945439409581, 0.9760860542542126, 0.00023038754770961483, 3.9916141310038576e-8"
-5.510204081632653,-3.510204081632653,"6.2509705163818485e-9, 1.862036841937531e-7, -1.3744932734205406e-6, -7.894397504315531e-6, 8.826166464810659e-6, 2.5026965830177053e-7","0.026395271371284564, 1.9755323300206014, 1.9996452595729057, 1.9731971983129775, 0.025066501158820222, 0.00016343956340804592","0.0011290618535657164, 0.9757742700075203, 0.9996461922808754, 0.9743189219897369, 0.0002604613647241345, 4.8316710923434686e-8"
-5.510204081632653,-3.3469387755102042,"-8.892735639878802e-9, 1.0696670382781548e-8, -8.203911827653343e-9, -3.430284695182806e-8, 4.000916665677923e-8, 6.936574549278626e-10","0.025634779865517373, 1.9745407889332176, 1.9996314212842616, 1.9738745873285635, 0.026138030786506464, 0.00018039180193424174","0.00028296235068066045, 0.974819638510836, 0.9996316098856498, 0.9741713961693834, 0.0002988928123394462, 6.764061774854032e-8"
-5.510204081632653,-3.183673469387755,"-5.696563741830474e-7, 3.114187323016715e-7, 2.9229937592023525e-6, -2.770548249169183e-6, 1.1904887248529936e-7, -1.3256740690212137e-8","1.9858254023824526, 1.9905502468726128, 1.9728244123534755, 0.04121003312248561, 0.009461364231378284, 0.00012854103759819287","0.9928760735026667, 0.9950764394003826, 0.9731718366054134, 0.007398656266878709, 0.004537628001613074, 2.129535523698193e-6"
-5.510204081632653,-3.020408163265306,"2.8850564260451267e-5, -3.216604604716622e-5, 1.4800853994079155e-6, 2.595704789210007e-5, -2.2426401506570916e-5, -1.6952499981773278e-6","0.03282172822341749, 1.97248102095106, 1.9994679538929838, 1.9666556857550062, 0.028350415722255315, 0.0002231954552747729","0.0029155712099710684, 0.972850586342863, 0.9994704262052383, 0.9695224654527507, 0.00039695017129855317, 4.544920770693619e-7"
-5.510204081632653,-2.857142857142857,"1.2073449445065831e-10, -9.236720166505563e-9, -1.3745733096204305e-7, -1.314952524089641e-7, 2.677037883374797e-7, 1.0364780734666056e-8","0.029041903432714088, 1.9711779776228417, 1.9994990905755852, 1.9702952960980644, 0.029740160134430267, 0.00024557213636380415","0.00043758531000698535, 0.9716155525553867, 0.9994996295190804, 0.9707592293365241, 0.0004755859693700407, 1.7308710955287658e-7"
-5.510204081632653,-2.693877551020408,"3.3055095536860257e-6, -4.559368099288363e-6, 2.4646865816047026e-6, -5.094602562316641e-6, 3.6776678625739453e-6, 2.0610666367302925e-7","0.034082162784418515, 1.9699341642917843, 1.999374363920663, 1.965259671164345, 0.031076822880219783, 0.0002728149585668376","0.0024021195568890673, 0.9704479370129795, 0.9993770489804576, 0.9676358836324463, 0.0005634311659620629, 2.9393650948551975e-7"
-5.510204081632653,-2.5306122448979593,"-3.157024078617732e-8, 4.6926432462068846e-8, -1.758047379896155e-8, 1.9474728069068803e-7, -1.7947346829874644e-7, -1.3049530376099162e-8","0.031814368607673324, 1.9684423889307774, 1.9993725942802523, 1.9673533440715567, 0.03270919867265275, 0.00030810543708892563","0.0006071837457805963, 0.9690543368407929, 0.9993736937857414, 0.9680032128571198, 0.0006731198266356066, 3.504578072711412e-7"
-5.510204081632653,-2.36734693877551,"-5.84663103176189e-7, 5.610671970357473e-7, -1.337474673235306e-7, 4.532141317237226e-7, -2.8095514902244656e-7, -1.4915609147314948e-8","0.033448362053115674, 1.9668321394193085, 1.9992904492151613, 1.9656047908882184, 0.03447559171790955, 0.000348666706287562","0.0007485734619876405, 0.9675868346903774, 0.9992923171755662, 0.9664102372211264, 0.0008367144586620285, 5.354056343599436e-7"
-5.510204081632653,-2.204081632653061,"3.0159584701525133e-7, -3.424060969758891e-7, -1.0011074169646861e-7, 5.485577126984609e-7, -3.7362175460929625e-7, -3.4014966346230103e-8","0.035170584948499214, 1.9651147691783657, 1.9991961524083564, 1.963751229451573, 0.03637143265448317, 0.0003958313587232807","0.0008776132626506866, 0.9660123086475368, 0.9991985728126763, 0.964702317499333, 0.0010015995281886872, 7.75097154014377e-7"
-5.510204081632653,-2.0408163265306123,"1.3802253231651185e-7, -1.7823518339010747e-7, 9.573669523810224e-9, -9.035605597063068e-10, 2.8874803001746607e-8, 2.6677389687232694e-9","0.037151426824226154, 1.9631245730634044, 1.9990792263355979, 1.9615943064408383, 0.03859616948006382, 0.0004542978558697727","0.0010774427304601924, 0.9642435850906161, 0.9990829939314662, 0.9627718851328811, 0.001259690329303892, 1.2155471769871886e-6"
-5.510204081632653,-1.8775510204081634,"6.457362794736604e-7, -8.289690781593251e-7, 1.3240682972259776e-7, 1.3261714942314207e-6, -1.2061393859404135e-6, -6.92061392926224e-8","0.03939060176180158, 1.960802283991749, 1.9989309058034985, 1.9591280103097524, 0.041220202341062454, 0.0005279957921376303","0.0013326604894646884, 0.9622352872033131, 0.9989373076679788, 0.9606002608956139, 0.0016300625168451273, 1.984784163946921e-6"
-5.510204081632653,-1.7142857142857142,"1.318018417156841e-6, -1.5625027999788266e-6, 5.362106966222413e-7, 1.6123147450475273e-7, -4.5049842556203756e-7, -2.4593627268975748e-9","0.041938592856016116, 1.9553288528830728, 1.9987335020106838, 1.9563668667399698, 0.04695507694209021, 0.000677108568169142","0.0016806273887357056, 0.958568371339039, 0.9987386104927797, 0.9582333399229545, 0.003482855694153907, 5.6621208162366175e-6"
-5.510204081632653,-1.5510204081632653,"1.4879778758060402e-6, -1.8968489937654098e-6, 3.9685915786957793e-7, 2.781409230157017e-7, -2.3033834745805892e-7, -3.579061534140604e-8","0.045091392413695995, 1.955500758670025, 1.9985564451898818, 1.9527774073116717, 0.04734957495206604, 0.0007244214626629273","0.0021771981862029124, 0.9576305113228828, 0.9985670548378793, 0.9552368735187754, 0.0025079003429668138, 4.987721506187152e-6"
-5.510204081632653,-1.3877551020408163,"7.382677882500355e-7, -6.483017703229343e-7, -6.021914553677732e-7, -4.3908307756357345e-7, 9.658215379924895e-7, -1.4513022953766344e-8","0.04887747977241655, 1.9501937177923794, 1.9981345031242734, 1.9482692091773235, 0.053597006493853426, 0.0009280836397535704","0.0029071800597818523, 0.9538130575880277, 0.9981718909374246, 0.9516339854796145, 0.004256926138021633, 1.1857840386354465e-5"
-5.510204081632653,-1.2244897959183674,"-7.642670551158415e-6, 9.627774106624187e-6, -2.8500323261404503e-6, 9.006554841373138e-7, -5.19472078946287e-8, 1.622049452073464e-8","0.05374834594205907, 1.9440519244981238, 1.9975904398482787, 1.9423805246703938, 0.061028719698961176, 0.0012000453421849256","0.004019939806411602, 0.9494213653924984, 0.997672305862103, 0.9471436281036735, 0.0064123824805274775, 2.492657600279526e-5"
-5.510204081632653,-1.0612244897959184,"5.116805913765732e-7, -6.370635919128453e-6, 4.045773143890319e-6, -1.4217068048383297e-6, 3.033554514780823e-6, 2.0133447402315152e-7","0.05397053336079298, 1.737974705550292, 1.9889526159091484, 1.9398594802785725, 0.27132292915074885, 0.007919735750450994","0.005078341266374393, 0.8444577841975724, 0.9901572866028236, 0.9464034694422945, 0.10971814480792123, 0.000659177131039028"
-5.510204081632653,-0.8979591836734694,"-5.4090739717745084e-6, 5.970511455399841e-6, 4.359908113038546e-6, 2.920387854266071e-6, -7.37619959732469e-6, -4.655338535702403e-7","0.06939445960032695, 1.910921411457529, 1.9942452888752302, 1.921339339738902, 0.10120664814135569, 0.0028928521866603343","0.00861077737973388, 0.9293071319649692, 0.9948541644491072, 0.9324841953383183, 0.022175095909340276, 0.00019742307893488308"
-5.510204081632653,-0.7346938775510204,"9.563285254476916e-6, -1.0416468259666356e-5, -5.765861508744141e-6, -5.817039685496184e-7, 7.907339105703293e-6, -7.065906232378745e-7","0.08559632131760606, 1.8921041271295955, 1.98997600457803, 1.8970450832476833, 0.13057979559536498, 0.004698668131721002","0.014293203701567107, 0.9171828350363966, 0.9915731411922275, 0.9169231517536958, 0.03347146498303952, 0.0004973373820927506"
-5.510204081632653,-0.5714285714285714,"-2.374567377348008e-5, 3.0848502342695205e-5, -4.715355771234275e-6, 1.2133921837298445e-6, -3.481882457537222e-6, -1.1898252421163602e-7","0.10756675658723545, 1.6880097740047335, 1.9534452373097695, 1.8456893192135206, 0.38279146864328417, 0.02249744424145809","0.024938789112955405, 0.8102036139199265, 0.9660552964265172, 0.8877526957307111, 0.1539142427391025, 0.004688277471943948"
-5.510204081632653,-0.40816326530612246,"-1.0261561635124816e-5, -2.0585606276046775e-5, 2.8592377813718706e-5, 4.1395956994483285e-6, -5.134854800248334e-7, -1.3713201219150983e-6","0.13953540696901706, 1.18525841074193, 1.7324011185098558, 1.715359761260916, 1.0993880186743799, 0.12805728384389956","0.044485069686248734, 0.5455423934831896, 0.8295787214612416, 0.8189343904655536, 0.5022566727616822, 0.040636793818250555"
-5.510204081632653,-0.24489795918367346,"-1.0823793822611893e-6, -3.397557499229542e-7, 1.4938626449745307e-6, -1.4430001571419382e-7, 2.229189988156577e-8, 5.028060304224091e-8","0.3942064102122969, 1.3381336800859192, 1.2697026891762406, 1.267719343072155, 1.337069594173008, 0.3931682832803792","0.15803211553711752, 0.6062171527964056, 0.5728665718696169, 0.571804228667422, 0.6056589930572399, 0.15755427854254878"
-5.510204081632653,-0.08163265306122448,"-1.6423751247884866e-11, 6.315950540347615e-10, 4.141316012340468e-9, -4.147165333368008e-9, 1.3144609845028299e-9, -1.923782855239864e-9","0.8048461629567346, 1.1593480828936298, 1.0358069594549453, 1.0358057094504627, 1.1593496110780042, 0.8048434741662265","0.35614549989833716, 0.5123182199432349, 0.45102354415087353, 0.4510229043626386, 0.5123189976897251, 0.3561441791148982"
-5.510204081632653,0.08163265306122448,"2.0274551482124537e-9, -1.2372850521913392e-9, -6.639222505100406e-11, -7.130232793084446e-10, -3.041140672621623e-10, 2.933595033560721e-10","1.1509608673207978, 0.8631306355698758, 0.9859093510611905, 0.9859080663390334, 0.8631322995324935, 1.150958780176612","0.5312579323491096, 0.3681149958020488, 0.4303272849027516, 0.4303266425751482, 0.36811584469744607, 0.531256898768536"
-5.510204081632653,0.24489795918367346,"1.4577122842140966e-10, 4.292891042645408e-11, -2.413091115816002e-10, 5.4981713626389705e-11, -1.1356998674827423e-11, 8.984202271022923e-12","1.3295899616549334, 0.6888327524070648, 0.9815771505614761, 0.9815773769497196, 0.6888324370891332, 1.329590321337673","0.6250761837770599, 0.28810845823269804, 0.43436889735661965, 0.4343690101565022, 0.28810830357678313, 0.6250763671051072"
-5.510204081632653,0.40816326530612246,"-1.121872039711036e-10, 1.3220836647676038e-9, -3.48575307507204e-9, 2.144828675776367e-9, -1.249179926166022e-10, 2.55945875604624e-10","1.419994310402037, 0.5960659982811971, 0.9839450576862214, 0.9839353892797098, 0.5960777074495172, 1.4199815369013211","0.6742368458348192, 0.248118537001637, 0.4410793151187662, 0.4410744937323327, 0.24812423120578497, 0.6742302796154304"
-5.510204081632653,0.5714285714285714,"-2.5885217885823764e-7, -4.942404623897723e-7, 7.431142870772955e-7, -2.2456256934533236e-7, 3.5971865769424127e-7, -1.2517773417819456e-7","1.4727033035528914, 0.5407994750612203, 0.9851942874558026, 0.9876278360939037, 0.5381603182026383, 1.4755147796335464","0.7037651192796037, 0.22563992159224353, 0.4462115249235278, 0.4474284939778076, 0.22435472674461135, 0.7052134293416698"
-5.510204081632653,0.7346938775510204,"1.347591815914484e-9, 6.297735222204892e-9, 5.60713075969943e-9, -1.1591685972200949e-8, -1.234048169207469e-9, -4.26723600899237e-10","1.510710622365992, 0.5009430678616997, 0.9883738440614038, 0.9883207534253635, 0.5009711525270575, 1.5106805597584851","0.7254173049918115, 0.20992803109764085, 0.4514934233779759, 0.45146708563205107, 0.20994166025806968, 0.7254016050465293"
-5.510204081632653,0.8979591836734694,"-4.402184428098366e-8, 6.887239549502322e-8, -2.4547224780624433e-8, 2.5511557227853032e-8, -1.490515601221265e-8, -1.0909727621299936e-8","1.5382051227421774, 0.47196198890935936, 0.9901035404691765, 0.9895787266630558, 0.47226626059161525, 1.5378843606246182","0.7413731011844151, 0.1989208529109876, 0.4554332337097919, 0.4551721086440881, 0.19906829275175178, 0.7412057518559192"
-5.510204081632653,1.0612244897959184,"-2.0949498247269105e-9, -6.061213864150261e-9, 8.60604679187027e-9, -3.0779229165389665e-10, -6.983826017492589e-11, -7.225259279763918e-11","1.5596652400050206, 0.44931688834288397, 0.9910409847010186, 0.9909961465786055, 0.4493624101674585, 1.5596183302050144","0.753991831492235, 0.19053761632176525, 0.4585109862935322, 0.4584885184456764, 0.19055971807849828, 0.7539677371484638"
-5.510204081632653,1.2244897959183674,"1.6789794937688285e-7, -3.146114463531413e-7, -9.789979646401825e-8, 2.2312977038252413e-7, 2.278727470605979e-8, -1.3037517176961444e-9","1.5774332084096443, 0.4306011574451143, 0.9922708773737574, 0.9916743720418434, 0.4309388795363941, 1.577081505193247","0.7645286906869065, 0.18370698116215964, 0.4613843119045877, 0.46108726059137284, 0.1838693420234871, 0.7643447261091072"
-5.510204081632653,1.3877551020408163,"-2.757428591015909e-8, 1.5370280655180313e-7, 1.0939493637063258e-6, -1.6144920126637263e-6, -5.391946220623112e-7, 9.336087503641899e-7","1.5927492440789455, 0.41451556637052556, 0.9943150643465136, 0.9912199194202247, 0.41651031814444056, 1.5906898876393574","0.7736580504105004, 0.17786961175738836, 0.4643847584727373, 0.4628422423155392, 0.17883226114193204, 0.7725854324935081"
-5.510204081632653,1.5510204081632653,"-1.1442253478044506e-8, -2.210704058702717e-8, 3.2693461299304616e-8, -2.09026096431586e-8, 1.2873039519079033e-7, -1.069719527402313e-7","1.604981958276779, 0.4015954404484955, 0.9937954454918931, 0.9930627453413111, 0.40197981388165605, 1.6045845965598633","0.7810568633467292, 0.17332822553590738, 0.46588107171080734, 0.4655162913562728, 0.17351316544435277, 0.7808489393453784"
-5.510204081632653,1.7142857142857142,"4.6792497321312965e-8, -1.673324840634205e-7, 2.1324489457574813e-7, 1.1651950432289837e-8, -1.481491713889449e-7, 4.379231310913667e-8","1.6160908524267537, 0.38991954763232933, 0.9947008352266883, 0.9933015088221568, 0.39071954415334365, 1.6152677117387304","0.7877814533035156, 0.16920334147340138, 0.46790684225945883, 0.46720981501053477, 0.1695890502544163, 0.7873519497419219"
-5.510204081632653,1.8775510204081634,"1.3971824974756686e-8, -6.276697681051324e-8, 1.36722642402054e-7, -9.288708952004399e-8, -8.922831273849852e-8, 9.418791169224505e-8","1.6255925750660731, 0.3799159760686639, 0.9946797434322008, 0.994309574434012, 0.3802363406657074, 1.6252657903333454","0.7935821401270574, 0.16572561610745365, 0.4693250426854443, 0.46914010068272766, 0.16588096418243384, 0.7934135101380102"
-5.510204081632653,2.0408163265306123,"8.992479821889887e-8, -4.46085124117257e-8, -2.7780911743269243e-7, 2.2871804875035373e-7, -5.239484679453454e-10, 4.2987313153552975e-9","1.6338875511671382, 0.371182258627528, 0.9946860571796928, 0.9951674803570683, 0.37087486816449117, 1.6342017845040835","0.7986852910365516, 0.16272835040391911, 0.47062486709482965, 0.47086476212480827, 0.16258014666309842, 0.7988485946222734"
-5.510204081632653,2.204081632653061,"-2.594236521158422e-7, 2.3335723006723263e-8, 1.0302332629774646e-6, -1.1737074897544275e-6, 3.175105705854886e-7, 6.205158525895982e-8","1.6418886807773838, 0.36281231806007497, 0.9964138263487221, 0.9942125660095443, 0.3643080916408295, 1.6403645171634436","0.8035791399316576, 0.15979845257589306, 0.4727076004408443, 0.4716083549908644, 0.16052078569163772, 0.8027893112908082"
-5.510204081632653,2.36734693877551,"-7.465886460611415e-6, 3.6046898093944346e-6, -0.00011516685620263645, 0.00011960373575464756, -1.0844301883139451e-6, 5.087472875198173e-7","1.6131710753118587, 0.39062727335726893, 0.9363749790806823, 1.0546469543921413, 0.2927391728269335, 1.7124405450311178","0.7893552809772, 0.17427566298272812, 0.44384561570673836, 0.5029472661697385, 0.1267724506476782, 0.8405441881739959"
-5.510204081632653,2.5306122448979593,"1.6966818827679475e-7, -4.548761098344123e-8, -2.155322711638874e-6, 1.937728773826475e-6, 1.3482867199099413e-7, -4.14153115135818e-8","1.6559788155564554, 0.34809631213696846, 0.9981878872173616, 0.9937088899089547, 0.35071442430766464, 1.6533136708725917","0.8121933131369795, 0.15461606658221647, 0.4756578718467426, 0.47342314608603275, 0.1558789101033234, 0.8108075792573541"
-5.510204081632653,2.693877551020408,"1.3582609481588293e-8, 1.0369418668165764e-7, -8.513440563628905e-8, -3.952816166052919e-8, 6.526539005069498e-8, -5.7879618875489314e-8","1.6605496982320693, 0.3432330516983656, 0.9965452946874791, 0.9958966035890333, 0.34383275152495585, 1.6599426002680981","0.8151453511549754, 0.15311057133712, 0.4757953921541088, 0.47547109193558956, 0.1534024954457386, 0.814833500374037"
-5.510204081632653,2.857142857142857,"5.1467162531793065e-8, -1.467399278476389e-8, 3.620434902429359e-7, -2.535589380125991e-8, -1.750391724619771e-8, -3.5597684894250747e-7","1.6671582988094011, 0.33640505938777077, 0.9993959222828727, 0.9935307578674553, 0.33979731215708364, 1.6637126494954204","0.8191216043105338, 0.15059375225485908, 0.4780905047963453, 0.47516382127462753, 0.1522320348114484, 0.8173321912218946"
-5.510204081632653,3.020408163265306,"1.5961840074130151e-6, -7.581859292685178e-6, 4.795399941581735e-6, 1.4711015347557144e-6, -4.5882575197553344e-8, -2.3494361578446643e-7","1.676956136374524, 0.3264422131894238, 1.0104421789055011, 0.982950707107734, 0.34019449004175417, 1.6630142743810623","0.8247225031127972, 0.14651611338557735, 0.48446861830298155, 0.47074277742303766, 0.15313978268783793, 0.817469246306718"
-5.510204081632653,3.183673469387755,"1.3041097360333431e-6, -2.4241952652909182e-6, -3.6007226173473406e-5, 3.8367314527359975e-5, -5.566962286152055e-7, -6.833065960831775e-7","1.6775744111046218, 0.3255684356652794, 1.0021763070991316, 0.9916223298927398, 0.33413514214520035, 1.6689233740930294","0.8254983654456507, 0.14674482691775695, 0.48112391426324047, 0.47585091220558373, 0.15091015489876175, 0.8210564776220993"
-5.510204081632653,3.3469387755102042,"-1.1417026132276575e-6, 8.127506976735033e-7, 9.574220570796044e-7, -5.933996718443524e-7, -1.4524196088883112e-7, 1.101714912077334e-7","1.6806018900586446, 0.3223599397380812, 1.0021668550035951, 0.9919769193698511, 0.32732686140017275, 1.6755675344296552","0.8275299915024787, 0.1458210838624771, 0.481798526872391, 0.4767136218582764, 0.14821825477981798, 0.8249144636510501"
-5.510204081632653,3.510204081632653,"2.9230204324215414e-6, 7.446047097084407e-6, -4.071714205394761e-5, 4.330610261860102e-5, -2.594633187705253e-6, -1.0363394906454104e-5","1.7020245373360705, 0.3009958870848277, 1.0377272369399404, 0.9568204408549918, 0.3560592278969007, 1.6463726698872667","0.8390607723029889, 0.13609006239644109, 0.5004067239302289, 0.4600057174322553, 0.16285484506952128, 0.8104194518559679"
-5.510204081632653,3.673469387755102,"1.5476159190841443e-6, 1.020525010213269e-5, 4.7355185526898325e-5, -5.376224204056701e-5, -1.117014585910736e-6, -4.228794921734558e-6","1.702997308593884, 0.29981143499069673, 1.0324968545422302, 0.9623179790201718, 0.3424830086621445, 1.6598934141908699","0.8399421744961487, 0.13603209127831734, 0.49838535351352947, 0.4633450436359583, 0.15675767174808528, 0.8177245721053981"
-5.510204081632653,3.836734693877551,"4.019225066154153e-6, -5.025705776123823e-6, 1.0134889586621565e-5, -2.4825687584495437e-5, -8.023848868457528e-6, 2.372112757637046e-5","1.7463989169053287, 0.25655717331057576, 1.1134394860283905, 0.881897703538828, 0.40876938492314374, 1.592937335293727","0.8627975754062198, 0.11564534130207983, 0.5400933633506816, 0.4243905427873037, 0.18965990958481382, 0.7838502484462324"
-5.510204081632653,4.0,"3.2841395283256247e-6, -3.065767741075587e-6, 4.646868166452434e-6, -4.818979615461849e-6, -2.527211155345377e-7, 2.0646077736330426e-7","1.6892148679689278, 0.3130952082842222, 0.9921117766070553, 1.0031996877716067, 0.3043091976368027, 1.6980692617313853","0.8335292224022005, 0.14343782937267893, 0.47927781416256254, 0.4848187034068513, 0.13915108292833522, 0.8380684527652928"
-5.26530612244898,-4.0,"-1.3470765243724092e-8, 1.002117855364304e-8, 4.5718345775824787e-10, -2.0903106245917513e-8, 2.327087414259743e-8, 6.246353751010697e-10","0.02319509097299216, 1.9769392899171343, 1.9997202119916784, 1.9764254237864327, 0.02358356312070613, 0.00013642021105789745","0.0001803891064231193, 0.9771175438248252, 0.999720298681231, 0.9766129076119411, 0.00018877716733239796, 2.627387552330338e-8"
-5.26530612244898,-3.836734693877551,"2.280659725006906e-5, -6.8356436073724325e-6, -3.6692033862362194e-6, -2.343838720567093e-6, -8.270874288037475e-6, -1.6870372479182102e-6","1.7301316329761645, 1.9965882271497275, 1.978755142026401, 0.2910402400456733, 0.0034562274478104472, 2.8530354222778062e-5","0.8634585285274715, 0.996656464540655, 0.9789638266392461, 0.13354406072351707, 3.324102118380446e-5, 4.864037545196161e-7"
-5.26530612244898,-3.673469387755102,"3.989127070128107e-7, -7.881740053949926e-7, -7.089587421571508e-7, -2.7061123576421764e-6, 3.733542463112312e-6, 7.078993497342841e-8","0.026829675107555843, 1.9751849431179562, 1.9996404787554696, 1.972733710908679, 0.025447063638161772, 0.00016412847218045732","0.0011551122745997152, 0.9754101889379834, 0.9996413312277393, 0.9738805363726023, 0.0002424037075714058, 6.046946993297592e-8"
-5.26530612244898,-3.510204081632653,"-3.418808259512962e-6, 4.0163769572942876e-6, 1.4255483866687513e-6, -1.980561642156431e-5, 1.7719618195149826e-5, 6.288114210427511e-8","0.031547806215734414, 1.974245238955969, 1.9995593810856205, 1.9679500255628013, 0.026516623810414065, 0.00018092436946630792","0.0030752566307541656, 0.9745078835687625, 0.9995606884720046, 0.9709663742920606, 0.00028311588409256035, 7.675986214743098e-8"
-5.26530612244898,-3.3469387755102042,"1.11276031687646e-8, 3.0433407460783712e-9, 2.24555820604877e-8, 2.2487702661111442e-7, -2.530642371819519e-7, -8.439315394721792e-9","0.027062493881259968, 1.9731275114278963, 1.9995931648939513, 1.9723967600038135, 0.02762153630662281, 0.000198533486453662","0.0003017108204496818, 0.9734262340744202, 0.9995934205680013, 0.9727133779212763, 0.0003207741206860574, 7.695636609380473e-8"
-5.26530612244898,-3.183673469387755,"5.6736445526103796e-8, -2.3119398673276947e-8, 3.511969010050464e-8, -2.3633449475202184e-8, -5.023616346522264e-8, 5.1328759514298575e-9","0.028200862854959433, 1.972001372855206, 1.9995500401440909, 1.9712018650553182, 0.02882606925041615, 0.00021978984001030222","0.00034586239279417246, 0.972346807206177, 0.9995503934859806, 0.971566434061072, 0.00037286512831285763, 1.038195696117283e-7"
-5.26530612244898,-3.020408163265306,"6.059829514839729e-7, -6.273530648859271e-7, 1.7053465684035984e-7, 2.639740272369906e-6, -2.7892653634981057e-6, 3.6054756821443396e-10","0.02990213967217787, 1.970815480166519, 1.9994918585729713, 1.9694486330876426, 0.03009761570754014, 0.00024427279314910143","0.0006419165589952996, 0.971208002008463, 0.9994925517515774, 0.9701074808774658, 0.0004292093888464088, 1.4110938827227144e-7"
-5.26530612244898,-2.857142857142857,"-5.536272505391945e-7, 7.34561255599786e-7, -7.79913000015231e-7, -1.223660926974457e-6, 1.7492798368694967e-6, 7.336008495864696e-8","0.03109980628311846, 1.9694770129324213, 1.9994382327388198, 1.968172157756213, 0.031540433845331894, 0.0002723564440980452","0.0006442339898519612, 0.9699540643279536, 0.9994387292838947, 0.9688416241130772, 0.0005197458862225077, 1.974483145938181e-7"
-5.26530612244898,-2.693877551020408,"1.2457481947392157e-7, -1.738100800507958e-7, 1.0481296247588645e-7, 1.1213654976804932e-7, -1.6791237197888442e-7, 1.981202615429934e-10","0.03221233713837629, 1.9680854452530605, 1.9993771518819878, 1.9669674395607806, 0.03305301344352009, 0.000304612722278609","0.0005560914149865541, 0.9686269741622615, 0.999378036417315, 0.9675594108198362, 0.00059429980424102, 2.7105841964500016e-7"
-5.26530612244898,-2.5306122448979593,"-1.1166675815878907e-6, 1.1699738435289042e-6, 1.4204676690443563e-7, 1.516895764552828e-7, -3.3304407833292804e-7, -1.399852702591714e-8","0.03334356861250644, 1.9420414516920066, 1.998894921761012, 1.9657680082868558, 0.05918652200693585, 0.0007655276406821503","0.0006390815393940912, 0.9549324889539288, 0.9989007382475836, 0.9664491003343302, 0.012949430238059683, 8.540904889853996e-6"
-5.26530612244898,-2.36734693877551,"-3.9697086402779025e-8, 6.32804320610525e-8, -2.3556957418069402e-7, 7.650098340361566e-7, -5.589234159039669e-7, 5.8998104169970386e-9","0.035575389118866346, 1.9648312746870453, 1.9992057653774542, 1.9633801896250358, 0.03661903472860066, 0.000388346462994777","0.0008118690323251407, 0.9656033758089277, 0.9992078570145322, 0.9642529390552858, 0.0008627574211236911, 5.760349462607806e-7"
-5.26530612244898,-2.204081632653061,"3.575429767064403e-7, -4.018638868896751e-7, 1.890835734097429e-7, 2.2015593942326106e-7, -3.5903679598651983e-7, -5.881806651187585e-9","0.037415687963532826, 1.9629548725097918, 1.9991039805961601, 1.9613994860240753, 0.03868388528878444, 0.0004420876176575736","0.000932236453463495, 0.9638848769036134, 0.9991055936093209, 0.9624107455076567, 0.0010408392814846353, 8.332792687310687e-7"
-5.26530612244898,-2.0408163265306123,"3.6356656563790724e-8, -4.718791746238793e-9, 2.5273038972706274e-7, 2.1416621065473151e-7, -4.6729168435427626e-7, -3.1242780931020056e-8","0.03956624031062442, 1.9606294196395493, 1.9989606798317074, 1.959019852711954, 0.04131023553904611, 0.0005135719671139685","0.0011417511323029703, 0.9618732717368107, 0.9989650782446593, 0.9602755571463835, 0.0014037580911885176, 1.4469936819759267e-6"
-5.26530612244898,-1.8775510204081634,"1.0622410712476243e-6, -1.4526088203958842e-6, 5.077385744067797e-7, 2.386615591820629e-7, -3.2983225464744415e-7, -2.6200129711416833e-8","0.042028236812293646, 1.9580980675352562, 1.9987866562232937, 1.9563132313557043, 0.04417534484834668, 0.0005984632251051772","0.0014233153002679395, 0.9596786517311066, 0.998794420547578, 0.9578909850106643, 0.0018010897379936333, 2.341785562764241e-6"
-5.26530612244898,-1.7142857142857142,"-4.791714801818947e-6, 5.377831187314275e-6, -8.808844186303233e-7, -3.6249920504216604e-7, 6.105252732830496e-7, 4.67419648197086e-8","0.044882864135253754, 1.955269914930804, 1.998575590995088, 1.9531116747111095, 0.04745557653027173, 0.0007043786974705417","0.001804160806149645, 0.9572421820845752, 0.9985882134638716, 0.955137141616803, 0.0022855527918835238, 3.820791296166024e-6"
-5.26530612244898,-1.5510204081632653,"3.2425150572369665e-7, -3.975220665974888e-7, -3.030652938607048e-7, -2.0598304456553862e-7, 4.674612773224174e-7, 1.1485762184773075e-7","0.048275471973923165, 1.9513863622480179, 1.998277076727607, 1.9492581964418583, 0.05194783093814457, 0.0008550616704494117","0.0023407999978860877, 0.9541570063631152, 0.998299083736412, 0.9519270941579527, 0.0032387246764819513, 7.15624034124273e-6"
-5.26530612244898,-1.3877551020408163,"-6.869344055214499e-7, 2.920639796677449e-7, 1.2335468028146224e-6, -1.9602293309106678e-6, 9.759673149905418e-7, 1.4558563882487597e-7","0.052384691376062935, 1.9464432788540065, 1.997851199541768, 1.9444279120807582, 0.0578249504521883, 0.0010679676952156647","0.003104155862026092, 0.9504115911291751, 0.9978959068626947, 0.9480358478709813, 0.0046851619822996056, 1.4026397768324357e-5"
-5.26530612244898,-1.2244897959183674,"-2.593359228995895e-6, 3.97547546510113e-6, -1.2790899919234988e-6, 1.0610183967529885e-6, -1.2498976331674905e-6, 8.585299221341254e-8","0.057654002963684725, 1.939294385093055, 1.9971929186654722, 1.9379613491385168, 0.06649102970816029, 0.0014063144311117172","0.004260590379593622, 0.9453464599923397, 0.9972935812111324, 0.9430642953181098, 0.007254696737142363, 3.0525554555452886e-5"
-5.26530612244898,-1.0612244897959184,"9.477077669489686e-6, -9.987421348556236e-6, 2.966846699425929e-7, 4.86653044856622e-6, -4.419750167208164e-6, -2.3312127208935818e-7","0.06485136508946901, 1.9283089241697295, 1.9960195628665731, 1.9287609709248446, 0.08007032498094835, 0.001988851968437666","0.00615410607103796, 0.9380780925331285, 0.996253893052818, 0.9363846591768614, 0.011917392202805003, 7.35234784324499e-5"
-5.26530612244898,-0.8979591836734694,"-2.2918807756483472e-7, 5.962823073635271e-7, -8.389320763080299e-7, 5.856907643153608e-6, -6.088670132797791e-6, 7.036003361084175e-7","0.04853677316751821, 1.2462881752357973, 1.9697367578827696, 1.9483910537266347, 0.7578922583389722, 0.029154981648308285","0.005931897384867157, 0.5945746282614992, 0.9730410296115373, 0.9547806163031022, 0.3496662911274675, 0.003503819774945269"
-5.26530612244898,-0.7346938775510204,"1.2759678918936035e-6, 1.5664287975336588e-6, -2.5393080410607283e-6, -1.8876672350232049e-6, 1.6116697529877655e-6, -2.7091166438647507e-8","0.03840233770851921, 0.793421944096413, 1.917583947922412, 1.9437631496801928, 1.2458059745694716, 0.06102264602298827","0.006262286618799644, 0.3626633864106255, 0.9345083372936505, 0.9554503708759612, 0.5897392357949505, 0.01013205508857593"
-5.26530612244898,-0.5714285714285714,"1.4008194819586928e-5, 5.521330229735222e-5, -1.5745222935459324e-6, -1.7291206124370184e-5, -3.9591030028623964e-5, -1.0764738670206511e-5","0.10845283970568192, 1.542589553890227, 1.9291230503711367, 1.836620974058019, 0.5467953179842071, 0.03641826399072633","0.025244995315801173, 0.7335507514423398, 0.9487902788287359, 0.8818191660744246, 0.2322551235806691, 0.007913232671062488"
-5.26530612244898,-0.40816326530612246,"4.691710720775011e-6, -2.3477221211543053e-6, 1.5468749242075752e-6, -2.7579027566115855e-6, -7.816388811199282e-7, -3.5132188610370596e-7","0.15191186784167593, 1.168754327281849, 1.6895056755330629, 1.6852689288054616, 1.1548253774206962, 0.14973382311725308","0.048472093443422334, 0.5322575397519492, 0.8019703586804023, 0.7994752926810383, 0.5251218651748241, 0.04770744859549881"
-5.26530612244898,-0.24489795918367346,"2.250157810079756e-9, -9.429441721886533e-8, 5.974116201734603e-8, 7.995452688813742e-9, 1.8137475521484703e-8, 6.170169083996591e-9","0.418853742586301, 1.3369747019721587, 1.2443067577706137, 1.2442241160072856, 1.33690583965685, 0.418734842006796","0.1665853857182169, 0.6006384288163532, 0.5547848087688517, 0.554739833137612, 0.600604112184079, 0.16653011439637036"
-5.26530612244898,-0.08163265306122448,"-1.0188448695824803e-9, 1.3510103591407585e-9, -1.3182183122850688e-10, -1.2716439012905312e-10, 2.1199958455397905e-10, -2.8517888051027285e-10","0.8137393606698573, 1.152136357652553, 1.0341250249881568, 1.034124146291996, 1.1521369619976758, 0.8137381483997618","0.35719383566956125, 0.5042598139761345, 0.4456850488017687, 0.4456846092035066, 0.504260090690576, 0.35719321664040593"
-5.26530612244898,0.08163265306122448,"-2.6186610879719296e-8, -1.5811276787847106e-8, 5.0309210242183156e-8, -1.2795032588996946e-8, 6.570456345666997e-9, -2.0867462757756527e-9","1.1459964072927238, 0.8680819120943861, 0.9856974945145531, 0.9860906690484519, 0.8679425448343701, 1.1461909722155101","0.525627633015787, 0.3665002125886824, 0.4261110605760188, 0.42630580512535626, 0.3664297218482897, 0.5257259228447699"
-5.26530612244898,0.24489795918367346,"9.865996908331454e-12, -8.335887535793063e-12, 8.366646264690303e-11, -3.1085023444177295e-11, -3.877234644455996e-11, -1.533917437512855e-11","1.3238128021014894, 0.6952455271187122, 0.9809421820060313, 0.9809412552620801, 0.6952460178215207, 1.3238122156901653","0.6193582084252667, 0.2876370853635773, 0.43033266788242003, 0.4303322098889427, 0.28763732841498796, 0.6193579070612829"
-5.26530612244898,0.40816326530612246,"1.4519947466595795e-9, -1.3383927299770448e-10, -3.4186584119133556e-10, -4.868456748852168e-10, -8.405859341920063e-11, -4.053852808993952e-10","1.416106696068036, 0.6007628337949789, 0.9831326626556509, 0.9831287721734899, 0.6007679212969488, 1.4161011140108941","0.6698002271263624, 0.24724453042227598, 0.43735210888605813, 0.4373501629328219, 0.24724701154359524, 0.6697973581232224"
-5.26530612244898,0.5714285714285714,"1.4468424575087013e-7, 3.7969229690903994e-7, 2.2559851690084898e-6, -2.6611580500324195e-6, 1.3049123462338663e-7, -2.4969489625936703e-7","1.47195269134781, 0.542438229063549, 0.9863304331026769, 0.9849556995997597, 0.5430833721490413, 1.471239574737167","0.7012226790815077, 0.22365999886960555, 0.44382164125519125, 0.4431412405381281, 0.22397661694164125, 0.7008487199400047"
-5.26530612244898,0.7346938775510204,"6.479487429933428e-8, -1.3117393021788715e-7, -7.623155240388257e-8, 1.187597863383516e-7, 2.843165208821219e-8, -4.5808300486172016e-9","1.5096744696556486, 0.5026628585864422, 0.987741325601909, 0.98759042585666, 0.5027607488335001, 1.509570171465844","0.722942169016581, 0.20831125749190393, 0.448502069533953, 0.4484268778444511, 0.20835870924947, 0.7228878285297419"
-5.26530612244898,0.8979591836734694,"NaN, NaN, NaN, NaN, NaN, NaN","NaN, NaN, NaN, NaN, NaN, NaN","NaN, NaN, NaN, NaN, NaN, NaN"
-5.26530612244898,1.0612244897959184,"NaN, NaN, NaN, NaN, NaN, NaN","NaN, NaN, NaN, NaN, NaN, NaN","NaN, NaN, NaN, NaN, NaN, NaN"
-5.26530612244898,1.2244897959183674,"NaN, NaN, NaN, NaN, NaN, NaN","NaN, NaN, NaN, NaN, NaN, NaN","NaN, NaN, NaN, NaN, NaN, NaN"
-5.26530612244898,1.3877551020408163,"NaN, NaN, NaN, NaN, NaN, NaN","NaN, NaN, NaN, NaN, NaN, NaN","NaN, NaN, NaN, NaN, NaN, NaN"
-5.26530612244898,1.5510204081632653,"NaN, NaN, NaN, NaN, NaN, NaN","NaN, NaN, NaN, NaN, NaN, NaN","NaN, NaN, NaN, NaN, NaN, NaN"
-5.26530612244898,1.7142857142857142,"NaN, NaN, NaN, NaN, NaN, NaN","NaN, NaN, NaN, NaN, NaN, NaN","NaN, NaN, NaN, NaN, NaN, NaN"
-5.26530612244898,1.8775510204081634,"NaN, NaN, NaN, NaN, NaN, NaN","NaN, NaN, NaN, NaN, NaN, NaN","NaN, NaN, NaN, NaN, NaN, NaN"
-5.26530612244898,2.0408163265306123,"NaN, NaN, NaN, NaN, NaN, NaN","NaN, NaN, NaN, NaN, NaN, NaN","NaN, NaN, NaN, NaN, NaN, NaN"
-5.26530612244898,2.204081632653061,"NaN, NaN, NaN, NaN, NaN, NaN","NaN, NaN, NaN, NaN, NaN, NaN","NaN, NaN, NaN, NaN, NaN, NaN"
-5.26530612244898,2.36734693877551,"NaN, NaN, NaN, NaN, NaN, NaN","NaN, NaN, NaN, NaN, NaN, NaN","NaN, NaN, NaN, NaN, NaN, NaN"
-5.26530612244898,2.5306122448979593,"NaN, NaN, NaN, NaN, NaN, NaN","NaN, NaN, NaN, NaN, NaN, NaN","NaN, NaN, NaN, NaN, NaN, NaN"
-5.26530612244898,2.693877551020408,"NaN, NaN, NaN, NaN, NaN, NaN","NaN, NaN, NaN, NaN, NaN, NaN","NaN, NaN, NaN, NaN, NaN, NaN"
-5.26530612244898,2.857142857142857,"NaN, NaN, NaN, NaN, NaN, NaN","NaN, NaN, NaN, NaN, NaN, NaN","NaN, NaN, NaN, NaN, NaN, NaN"
-5.26530612244898,3.020408163265306,"NaN, NaN, NaN, NaN, NaN, NaN","NaN, NaN, NaN, NaN, NaN, NaN","NaN, NaN, NaN, NaN, NaN, NaN"
-5.26530612244898,3.183673469387755,"NaN, NaN, NaN, NaN, NaN, NaN","NaN, NaN, NaN, NaN, NaN, NaN","NaN, NaN, NaN, NaN, NaN, NaN"
-5.26530612244898,3.3469387755102042,"NaN, NaN, NaN, NaN, NaN, NaN","NaN, NaN, NaN, NaN, NaN, NaN","NaN, NaN, NaN, NaN, NaN, NaN"
-5.26530612244898,3.510204081632653,"NaN, NaN, NaN, NaN, NaN, NaN","NaN, NaN, NaN, NaN, NaN, NaN","NaN, NaN, NaN, NaN, NaN, NaN"
-5.26530612244898,3.673469387755102,"NaN, NaN, NaN, NaN, NaN, NaN","NaN, NaN, NaN, NaN, NaN, NaN","NaN, NaN, NaN, NaN, NaN, NaN"
-5.26530612244898,3.836734693877551,"NaN, NaN, NaN, NaN, NaN, NaN","NaN, NaN, NaN, NaN, NaN, NaN","NaN, NaN, NaN, NaN, NaN, NaN"
-5.26530612244898,4.0,"NaN, NaN, NaN, NaN, NaN, NaN","NaN, NaN, NaN, NaN, NaN, NaN","NaN, NaN, NaN, NaN, NaN, NaN"
-5.020408163265306,-4.0,"NaN, NaN, NaN, NaN, NaN, NaN","NaN, NaN, NaN, NaN, NaN, NaN","NaN, NaN, NaN, NaN, NaN, NaN"
-5.020408163265306,-3.836734693877551,"NaN, NaN, NaN, NaN, NaN, NaN","NaN, NaN, NaN, NaN, NaN, NaN","NaN, NaN, NaN, NaN, NaN, NaN"
-5.020408163265306,-3.673469387755102,"NaN, NaN, NaN, NaN, NaN, NaN","NaN, NaN, NaN, NaN, NaN, NaN","NaN, NaN, NaN, NaN, NaN, NaN"
-5.020408163265306,-3.510204081632653,"NaN, NaN, NaN, NaN, NaN, NaN","NaN, NaN, NaN, NaN, NaN, NaN","NaN, NaN, NaN, NaN, NaN, NaN"
-5.020408163265306,-3.3469387755102042,"NaN, NaN, NaN, NaN, NaN, NaN","NaN, NaN, NaN, NaN, NaN, NaN","NaN, NaN, NaN, NaN, NaN, NaN"
-5.020408163265306,-3.183673469387755,"NaN, NaN, NaN, NaN, NaN, NaN","NaN, NaN, NaN, NaN, NaN, NaN","NaN, NaN, NaN, NaN, NaN, NaN"
-5.020408163265306,-3.020408163265306,"NaN, NaN, NaN, NaN, NaN, NaN","NaN, NaN, NaN, NaN, NaN, NaN","NaN, NaN, NaN, NaN, NaN, NaN"
-5.020408163265306,-2.857142857142857,"NaN, NaN, NaN, NaN, NaN, NaN","NaN, NaN, NaN, NaN, NaN, NaN","NaN, NaN, NaN, NaN, NaN, NaN"
-5.020408163265306,-2.693877551020408,"NaN, NaN, NaN, NaN, NaN, NaN","NaN, NaN, NaN, NaN, NaN, NaN","NaN, NaN, NaN, NaN, NaN, NaN"
-5.020408163265306,-2.5306122448979593,"NaN, NaN, NaN, NaN, NaN, NaN","NaN, NaN, NaN, NaN, NaN, NaN","NaN, NaN, NaN, NaN, NaN, NaN"
-5.020408163265306,-2.36734693877551,"NaN, NaN, NaN, NaN, NaN, NaN","NaN, NaN, NaN, NaN, NaN, NaN","NaN, NaN, NaN, NaN, NaN, NaN"
-5.020408163265306,-2.204081632653061,"NaN, NaN, NaN, NaN, NaN, NaN","NaN, NaN, NaN, NaN, NaN, NaN","NaN, NaN, NaN, NaN, NaN, NaN"
-5.020408163265306,-2.0408163265306123,"NaN, NaN, NaN, NaN, NaN, NaN","NaN, NaN, NaN, NaN, NaN, NaN","NaN, NaN, NaN, NaN, NaN, NaN"
-5.020408163265306,-1.8775510204081634,"NaN, NaN, NaN, NaN, NaN, NaN","NaN, NaN, NaN, NaN, NaN, NaN","NaN, NaN, NaN, NaN, NaN, NaN"
-5.020408163265306,-1.7142857142857142,"NaN, NaN, NaN, NaN, NaN, NaN","NaN, NaN, NaN, NaN, NaN, NaN","NaN, NaN, NaN, NaN, NaN, NaN"
-5.020408163265306,-1.5510204081632653,"NaN, NaN, NaN, NaN, NaN, NaN","NaN, NaN, NaN, NaN, NaN, NaN","NaN, NaN, NaN, NaN, NaN, NaN"
-5.020408163265306,-1.3877551020408163,"NaN, NaN, NaN, NaN, NaN, NaN","NaN, NaN, NaN, NaN, NaN, NaN","NaN, NaN, NaN, NaN, NaN, NaN"
-5.020408163265306,-1.2244897959183674,"NaN, NaN, NaN, NaN, NaN, NaN","NaN, NaN, NaN, NaN, NaN, NaN","NaN, NaN, NaN, NaN, NaN, NaN"
-5.020408163265306,-1.0612244897959184,"NaN, NaN, NaN, NaN, NaN, NaN","NaN, NaN, NaN, NaN, NaN, NaN","NaN, NaN, NaN, NaN, NaN, NaN"
-5.020408163265306,-0.8979591836734694,"NaN, NaN, NaN, NaN, NaN, NaN","NaN, NaN, NaN, NaN, NaN, NaN","NaN, NaN, NaN, NaN, NaN, NaN"
-5.020408163265306,-0.7346938775510204,"NaN, NaN, NaN, NaN, NaN, NaN","NaN, NaN, NaN, NaN, NaN, NaN","NaN, NaN, NaN, NaN, NaN, NaN"
-5.020408163265306,-0.5714285714285714,"NaN, NaN, NaN, NaN, NaN, NaN","NaN, NaN, NaN, NaN, NaN, NaN","NaN, NaN, NaN, NaN, NaN, NaN"
-5.020408163265306,-0.40816326530612246,"NaN, NaN, NaN, NaN, NaN, NaN","NaN, NaN, NaN, NaN, NaN, NaN","NaN, NaN, NaN, NaN, NaN, NaN"
-5.020408163265306,-0.24489795918367346,"NaN, NaN, NaN, NaN, NaN, NaN","NaN, NaN, NaN, NaN, NaN, NaN","NaN, NaN, NaN, NaN, NaN, NaN"
-5.020408163265306,-0.08163265306122448,"NaN, NaN, NaN, NaN, NaN, NaN","NaN, NaN, NaN, NaN, NaN, NaN","NaN, NaN, NaN, NaN, NaN, NaN"
-5.020408163265306,0.08163265306122448,"NaN, NaN, NaN, NaN, NaN, NaN","NaN, NaN, NaN, NaN, NaN, NaN","NaN, NaN, NaN, NaN, NaN, NaN"
-5.020408163265306,0.24489795918367346,"NaN, NaN, NaN, NaN, NaN, NaN","NaN, NaN, NaN, NaN, NaN, NaN","NaN, NaN, NaN, NaN, NaN, NaN"
-5.020408163265306,0.40816326530612246,"NaN, NaN, NaN, NaN, NaN, NaN","NaN, NaN, NaN, NaN, NaN, NaN","NaN, NaN, NaN, NaN, NaN, NaN"
-5.020408163265306,0.5714285714285714,"NaN, NaN, NaN, NaN, NaN, NaN","NaN, NaN, NaN, NaN, NaN, NaN","NaN, NaN, NaN, NaN, NaN, NaN"
-5.020408163265306,0.7346938775510204,"NaN, NaN, NaN, NaN, NaN, NaN","NaN, NaN, NaN, NaN, NaN, NaN","NaN, NaN, NaN, NaN, NaN, NaN"
-5.020408163265306,0.8979591836734694,"NaN, NaN, NaN, NaN, NaN, NaN","NaN, NaN, NaN, NaN, NaN, NaN","NaN, NaN, NaN, NaN, NaN, NaN"
-5.020408163265306,1.0612244897959184,"NaN, NaN, NaN, NaN, NaN, NaN","NaN, NaN, NaN, NaN, NaN, NaN","NaN, NaN, NaN, NaN, NaN, NaN"
-5.020408163265306,1.2244897959183674,"NaN, NaN, NaN, NaN, NaN, NaN","NaN, NaN, NaN, NaN, NaN, NaN","NaN, NaN, NaN, NaN, NaN, NaN"
-5.020408163265306,1.3877551020408163,"NaN, NaN, NaN, NaN, NaN, NaN","NaN, NaN, NaN, NaN, NaN, NaN","NaN, NaN, NaN, NaN, NaN, NaN"
-5.020408163265306,1.5510204081632653,"NaN, NaN, NaN, NaN, NaN, NaN","NaN, NaN, NaN, NaN, NaN, NaN","NaN, NaN, NaN, NaN, NaN, NaN"
-5.020408163265306,1.7142857142857142,"NaN, NaN, NaN, NaN, NaN, NaN","NaN, NaN, NaN, NaN, NaN, NaN","NaN, NaN, NaN, NaN, NaN, NaN"
-5.020408163265306,1.8775510204081634,"NaN, NaN, NaN, NaN, NaN, NaN","NaN, NaN, NaN, NaN, NaN, NaN","NaN, NaN, NaN, NaN, NaN, NaN"
-5.020408163265306,2.0408163265306123,"NaN, NaN, NaN, NaN, NaN, NaN","NaN, NaN, NaN, NaN, NaN, NaN","NaN, NaN, NaN, NaN, NaN, NaN"
-5.020408163265306,2.204081632653061,"NaN, NaN, NaN, NaN, NaN, NaN","NaN, NaN, NaN, NaN, NaN, NaN","NaN, NaN, NaN, NaN, NaN, NaN"
-5.020408163265306,2.36734693877551,"NaN, NaN, NaN, NaN, NaN, NaN","NaN, NaN, NaN, NaN, NaN, NaN","NaN, NaN, NaN, NaN, NaN, NaN"
-5.020408163265306,2.5306122448979593,"NaN, NaN, NaN, NaN, NaN, NaN","NaN, NaN, NaN, NaN, NaN, NaN","NaN, NaN, NaN, NaN, NaN, NaN"
-5.020408163265306,2.693877551020408,"NaN, NaN, NaN, NaN, NaN, NaN","NaN, NaN, NaN, NaN, NaN, NaN","NaN, NaN, NaN, NaN, NaN, NaN"
-5.020408163265306,2.857142857142857,"NaN, NaN, NaN, NaN, NaN, NaN","NaN, NaN, NaN, NaN, NaN, NaN","NaN, NaN, NaN, NaN, NaN, NaN"
-5.020408163265306,3.020408163265306,"NaN, NaN, NaN, NaN, NaN, NaN","NaN, NaN, NaN, NaN, NaN, NaN","NaN, NaN, NaN, NaN, NaN, NaN"
-5.020408163265306,3.183673469387755,"NaN, NaN, NaN, NaN, NaN, NaN","NaN, NaN, NaN, NaN, NaN, NaN","NaN, NaN, NaN, NaN, NaN, NaN"
-5.020408163265306,3.3469387755102042,"NaN, NaN, NaN, NaN, NaN, NaN","NaN, NaN, NaN, NaN, NaN, NaN","NaN, NaN, NaN, NaN, NaN, NaN"
-5.020408163265306,3.510204081632653,"NaN, NaN, NaN, NaN, NaN, NaN","NaN, NaN, NaN, NaN, NaN, NaN","NaN, NaN, NaN, NaN, NaN, NaN"
-5.020408163265306,3.673469387755102,"NaN, NaN, NaN, NaN, NaN, NaN","NaN, NaN, NaN, NaN, NaN, NaN","NaN, NaN, NaN, NaN, NaN, NaN"
-5.020408163265306,3.836734693877551,"NaN, NaN, NaN, NaN, NaN, NaN","NaN, NaN, NaN, NaN, NaN, NaN","NaN, NaN, NaN, NaN, NaN, NaN"
-5.020408163265306,4.0,"NaN, NaN, NaN, NaN, NaN, NaN","NaN, NaN, NaN, NaN, NaN, NaN","NaN, NaN, NaN, NaN, NaN, NaN"
-4.775510204081633,-4.0,"NaN, NaN, NaN, NaN, NaN, NaN","NaN, NaN, NaN, NaN, NaN, NaN","NaN, NaN, NaN, NaN, NaN, NaN"
-4.775510204081633,-3.836734693877551,"NaN, NaN, NaN, NaN, NaN, NaN","NaN, NaN, NaN, NaN, NaN, NaN","NaN, NaN, NaN, NaN, NaN, NaN"
-4.775510204081633,-3.673469387755102,"NaN, NaN, NaN, NaN, NaN, NaN","NaN, NaN, NaN, NaN, NaN, NaN","NaN, NaN, NaN, NaN, NaN, NaN"
-4.775510204081633,-3.510204081632653,"NaN, NaN, NaN, NaN, NaN, NaN","NaN, NaN, NaN, NaN, NaN, NaN","NaN, NaN, NaN, NaN, NaN, NaN"
-4.775510204081633,-3.3469387755102042,"NaN, NaN, NaN, NaN, NaN, NaN","NaN, NaN, NaN, NaN, NaN, NaN","NaN, NaN, NaN, NaN, NaN, NaN"
-4.775510204081633,-3.183673469387755,"NaN, NaN, NaN, NaN, NaN, NaN","NaN, NaN, NaN, NaN, NaN, NaN","NaN, NaN, NaN, NaN, NaN, NaN"
-4.775510204081633,-3.020408163265306,"NaN, NaN, NaN, NaN, NaN, NaN","NaN, NaN, NaN, NaN, NaN, NaN","NaN, NaN, NaN, NaN, NaN, NaN"
-4.775510204081633,-2.857142857142857,"NaN, NaN, NaN, NaN, NaN, NaN","NaN, NaN, NaN, NaN, NaN, NaN","NaN, NaN, NaN, NaN, NaN, NaN"
-4.775510204081633,-2.693877551020408,"NaN, NaN, NaN, NaN, NaN, NaN","NaN, NaN, NaN, NaN, NaN, NaN","NaN, NaN, NaN, NaN, NaN, NaN"
-4.775510204081633,-2.5306122448979593,"NaN, NaN, NaN, NaN, NaN, NaN","NaN, NaN, NaN, NaN, NaN, NaN","NaN, NaN, NaN, NaN, NaN, NaN"
-4.775510204081633,-2.36734693877551,"NaN, NaN, NaN, NaN, NaN, NaN","NaN, NaN, NaN, NaN, NaN, NaN","NaN, NaN, NaN, NaN, NaN, NaN"
-4.775510204081633,-2.204081632653061,"NaN, NaN, NaN, NaN, NaN, NaN","NaN, NaN, NaN, NaN, NaN, NaN","NaN, NaN, NaN, NaN, NaN, NaN"
-4.775510204081633,-2.0408163265306123,"NaN, NaN, NaN, NaN, NaN, NaN","NaN, NaN, NaN, NaN, NaN, NaN","NaN, NaN, NaN, NaN, NaN, NaN"
-4.775510204081633,-1.8775510204081634,"NaN, NaN, NaN, NaN, NaN, NaN","NaN, NaN, NaN, NaN, NaN, NaN","NaN, NaN, NaN, NaN, NaN, NaN"
-4.775510204081633,-1.7142857142857142,"NaN, NaN, NaN, NaN, NaN, NaN","NaN, NaN, NaN, NaN, NaN, NaN","NaN, NaN, NaN, NaN, NaN, NaN"
-4.775510204081633,-1.5510204081632653,"NaN, NaN, NaN, NaN, NaN, NaN","NaN, NaN, NaN, NaN, NaN, NaN","NaN, NaN, NaN, NaN, NaN, NaN"
-4.775510204081633,-1.3877551020408163,"NaN, NaN, NaN, NaN, NaN, NaN","NaN, NaN, NaN, NaN, NaN, NaN","NaN, NaN, NaN, NaN, NaN, NaN"
-4.775510204081633,-1.2244897959183674,"NaN, NaN, NaN, NaN, NaN, NaN","NaN, NaN, NaN, NaN, NaN, NaN","NaN, NaN, NaN, NaN, NaN, NaN"
-4.775510204081633,-1.0612244897959184,"NaN, NaN, NaN, NaN, NaN, NaN","NaN, NaN, NaN, NaN, NaN, NaN","NaN, NaN, NaN, NaN, NaN, NaN"
-4.775510204081633,-0.8979591836734694,"NaN, NaN, NaN, NaN, NaN, NaN","NaN, NaN, NaN, NaN, NaN, NaN","NaN, NaN, NaN, NaN, NaN, NaN"
-4.775510204081633,-0.7346938775510204,"NaN, NaN, NaN, NaN, NaN, NaN","NaN, NaN, NaN, NaN, NaN, NaN","NaN, NaN, NaN, NaN, NaN, NaN"
-4.775510204081633,-0.5714285714285714,"NaN, NaN, NaN, NaN, NaN, NaN","NaN, NaN, NaN, NaN, NaN, NaN","NaN, NaN, NaN, NaN, NaN, NaN"
-4.775510204081633,-0.40816326530612246,"NaN, NaN, NaN, NaN, NaN, NaN","NaN, NaN, NaN, NaN, NaN, NaN","NaN, NaN, NaN, NaN, NaN, NaN"
-4.775510204081633,-0.24489795918367346,"NaN, NaN, NaN, NaN, NaN, NaN","NaN, NaN, NaN, NaN, NaN, NaN","NaN, NaN, NaN, NaN, NaN, NaN"
-4.775510204081633,-0.08163265306122448,"NaN, NaN, NaN, NaN, NaN, NaN","NaN, NaN, NaN, NaN, NaN, NaN","NaN, NaN, NaN, NaN, NaN, NaN"
-4.775510204081633,0.08163265306122448,"NaN, NaN, NaN, NaN, NaN, NaN","NaN, NaN, NaN, NaN, NaN, NaN","NaN, NaN, NaN, NaN, NaN, NaN"
-4.775510204081633,0.24489795918367346,"NaN, NaN, NaN, NaN, NaN, NaN","NaN, NaN, NaN, NaN, NaN, NaN","NaN, NaN, NaN, NaN, NaN, NaN"
-4.775510204081633,0.40816326530612246,"NaN, NaN, NaN, NaN, NaN, NaN","NaN, NaN, NaN, NaN, NaN, NaN","NaN, NaN, NaN, NaN, NaN, NaN"
-4.775510204081633,0.5714285714285714,"NaN, NaN, NaN, NaN, NaN, NaN","NaN, NaN, NaN, NaN, NaN, NaN","NaN, NaN, NaN, NaN, NaN, NaN"
-4.775510204081633,0.7346938775510204,"NaN, NaN, NaN, NaN, NaN, NaN","NaN, NaN, NaN, NaN, NaN, NaN","NaN, NaN, NaN, NaN, NaN, NaN"
-4.775510204081633,0.8979591836734694,"NaN, NaN, NaN, NaN, NaN, NaN","NaN, NaN, NaN, NaN, NaN, NaN","NaN, NaN, NaN, NaN, NaN, NaN"
-4.775510204081633,1.0612244897959184,"NaN, NaN, NaN, NaN, NaN, NaN","NaN, NaN, NaN, NaN, NaN, NaN","NaN, NaN, NaN, NaN, NaN, NaN"
-4.775510204081633,1.2244897959183674,"NaN, NaN, NaN, NaN, NaN, NaN","NaN, NaN, NaN, NaN, NaN, NaN","NaN, NaN, NaN, NaN, NaN, NaN"
-4.775510204081633,1.3877551020408163,"NaN, NaN, NaN, NaN, NaN, NaN","NaN, NaN, NaN, NaN, NaN, NaN","NaN, NaN, NaN, NaN, NaN, NaN"
-4.775510204081633,1.5510204081632653,"NaN, NaN, NaN, NaN, NaN, NaN","NaN, NaN, NaN, NaN, NaN, NaN","NaN, NaN, NaN, NaN, NaN, NaN"
-4.775510204081633,1.7142857142857142,"NaN, NaN, NaN, NaN, NaN, NaN","NaN, NaN, NaN, NaN, NaN, NaN","NaN, NaN, NaN, NaN, NaN, NaN"
-4.775510204081633,1.8775510204081634,"NaN, NaN, NaN, NaN, NaN, NaN","NaN, NaN, NaN, NaN, NaN, NaN","NaN, NaN, NaN, NaN, NaN, NaN"
-4.775510204081633,2.0408163265306123,"NaN, NaN, NaN, NaN, NaN, NaN","NaN, NaN, NaN, NaN, NaN, NaN","NaN, NaN, NaN, NaN, NaN, NaN"
-4.775510204081633,2.204081632653061,"NaN, NaN, NaN, NaN, NaN, NaN","NaN, NaN, NaN, NaN, NaN, NaN","NaN, NaN, NaN, NaN, NaN, NaN"
-4.775510204081633,2.36734693877551,"NaN, NaN, NaN, NaN, NaN, NaN","NaN, NaN, NaN, NaN, NaN, NaN","NaN, NaN, NaN, NaN, NaN, NaN"
-4.775510204081633,2.5306122448979593,"NaN, NaN, NaN, NaN, NaN, NaN","NaN, NaN, NaN, NaN, NaN, NaN","NaN, NaN, NaN, NaN, NaN, NaN"
-4.775510204081633,2.693877551020408,"NaN, NaN, NaN, NaN, NaN, NaN","NaN, NaN, NaN, NaN, NaN, NaN","NaN, NaN, NaN, NaN, NaN, NaN"
-4.775510204081633,2.857142857142857,"NaN, NaN, NaN, NaN, NaN, NaN","NaN, NaN, NaN, NaN, NaN, NaN","NaN, NaN, NaN, NaN, NaN, NaN"
-4.775510204081633,3.020408163265306,"NaN, NaN, NaN, NaN, NaN, NaN","NaN, NaN, NaN, NaN, NaN, NaN","NaN, NaN, NaN, NaN, NaN, NaN"
-4.775510204081633,3.183673469387755,"NaN, NaN, NaN, NaN, NaN, NaN","NaN, NaN, NaN, NaN, NaN, NaN","NaN, NaN, NaN, NaN, NaN, NaN"
-4.775510204081633,3.3469387755102042,"NaN, NaN, NaN, NaN, NaN, NaN","NaN, NaN, NaN, NaN, NaN, NaN","NaN, NaN, NaN, NaN, NaN, NaN"
-4.775510204081633,3.510204081632653,"NaN, NaN, NaN, NaN, NaN, NaN","NaN, NaN, NaN, NaN, NaN, NaN","NaN, NaN, NaN, NaN, NaN, NaN"
-4.775510204081633,3.673469387755102,"NaN, NaN, NaN, NaN, NaN, NaN","NaN, NaN, NaN, NaN, NaN, NaN","NaN, NaN, NaN, NaN, NaN, NaN"
-4.775510204081633,3.836734693877551,"NaN, NaN, NaN, NaN, NaN, NaN","NaN, NaN, NaN, NaN, NaN, NaN","NaN, NaN, NaN, NaN, NaN, NaN"
-4.775510204081633,4.0,"NaN, NaN, NaN, NaN, NaN, NaN","NaN, NaN, NaN, NaN, NaN, NaN","NaN, NaN, NaN, NaN, NaN, NaN"
-4.530612244897959,-4.0,"NaN, NaN, NaN, NaN, NaN, NaN","NaN, NaN, NaN, NaN, NaN, NaN","NaN, NaN, NaN, NaN, NaN, NaN"
-4.530612244897959,-3.836734693877551,"NaN, NaN, NaN, NaN, NaN, NaN","NaN, NaN, NaN, NaN, NaN, NaN","NaN, NaN, NaN, NaN, NaN, NaN"
-4.530612244897959,-3.673469387755102,"NaN, NaN, NaN, NaN, NaN, NaN","NaN, NaN, NaN, NaN, NaN, NaN","NaN, NaN, NaN, NaN, NaN, NaN"
-4.530612244897959,-3.510204081632653,"NaN, NaN, NaN, NaN, NaN, NaN","NaN, NaN, NaN, NaN, NaN, NaN","NaN, NaN, NaN, NaN, NaN, NaN"
-4.530612244897959,-3.3469387755102042,"NaN, NaN, NaN, NaN, NaN, NaN","NaN, NaN, NaN, NaN, NaN, NaN","NaN, NaN, NaN, NaN, NaN, NaN"
-4.530612244897959,-3.183673469387755,"NaN, NaN, NaN, NaN, NaN, NaN","NaN, NaN, NaN, NaN, NaN, NaN","NaN, NaN, NaN, NaN, NaN, NaN"
-4.530612244897959,-3.020408163265306,"NaN, NaN, NaN, NaN, NaN, NaN","NaN, NaN, NaN, NaN, NaN, NaN","NaN, NaN, NaN, NaN, NaN, NaN"
-4.530612244897959,-2.857142857142857,"NaN, NaN, NaN, NaN, NaN, NaN","NaN, NaN, NaN, NaN, NaN, NaN","NaN, NaN, NaN, NaN, NaN, NaN"
-4.530612244897959,-2.693877551020408,"NaN, NaN, NaN, NaN, NaN, NaN","NaN, NaN, NaN, NaN, NaN, NaN","NaN, NaN, NaN, NaN, NaN, NaN"
-4.530612244897959,-2.5306122448979593,"NaN, NaN, NaN, NaN, NaN, NaN","NaN, NaN, NaN, NaN, NaN, NaN","NaN, NaN, NaN, NaN, NaN, NaN"
-4.530612244897959,-2.36734693877551,"NaN, NaN, NaN, NaN, NaN, NaN","NaN, NaN, NaN, NaN, NaN, NaN","NaN, NaN, NaN, NaN, NaN, NaN"
-4.530612244897959,-2.204081632653061,"NaN, NaN, NaN, NaN, NaN, NaN","NaN, NaN, NaN, NaN, NaN, NaN","NaN, NaN, NaN, NaN, NaN, NaN"
-4.530612244897959,-2.0408163265306123,"NaN, NaN, NaN, NaN, NaN, NaN","NaN, NaN, NaN, NaN, NaN, NaN","NaN, NaN, NaN, NaN, NaN, NaN"
-4.530612244897959,-1.8775510204081634,"NaN, NaN, NaN, NaN, NaN, NaN","NaN, NaN, NaN, NaN, NaN, NaN","NaN, NaN, NaN, NaN, NaN, NaN"
-4.530612244897959,-1.7142857142857142,"NaN, NaN, NaN, NaN, NaN, NaN","NaN, NaN, NaN, NaN, NaN, NaN","NaN, NaN, NaN, NaN, NaN, NaN"
-4.530612244897959,-1.5510204081632653,"NaN, NaN, NaN, NaN, NaN, NaN","NaN, NaN, NaN, NaN, NaN, NaN","NaN, NaN, NaN, NaN, NaN, NaN"
-4.530612244897959,-1.3877551020408163,"NaN, NaN, NaN, NaN, NaN, NaN","NaN, NaN, NaN, NaN, NaN, NaN","NaN, NaN, NaN, NaN, NaN, NaN"
-4.530612244897959,-1.2244897959183674,"NaN, NaN, NaN, NaN, NaN, NaN","NaN, NaN, NaN, NaN, NaN, NaN","NaN, NaN, NaN, NaN, NaN, NaN"
-4.530612244897959,-1.0612244897959184,"NaN, NaN, NaN, NaN, NaN, NaN","NaN, NaN, NaN, NaN, NaN, NaN","NaN, NaN, NaN, NaN, NaN, NaN"
-4.530612244897959,-0.8979591836734694,"NaN, NaN, NaN, NaN, NaN, NaN","NaN, NaN, NaN, NaN, NaN, NaN","NaN, NaN, NaN, NaN, NaN, NaN"
-4.530612244897959,-0.7346938775510204,"NaN, NaN, NaN, NaN, NaN, NaN","NaN, NaN, NaN, NaN, NaN, NaN","NaN, NaN, NaN, NaN, NaN, NaN"
-4.530612244897959,-0.5714285714285714,"NaN, NaN, NaN, NaN, NaN, NaN","NaN, NaN, NaN, NaN, NaN, NaN","NaN, NaN, NaN, NaN, NaN, NaN"
-4.530612244897959,-0.40816326530612246,"NaN, NaN, NaN, NaN, NaN, NaN","NaN, NaN, NaN, NaN, NaN, NaN","NaN, NaN, NaN, NaN, NaN, NaN"
-4.530612244897959,-0.24489795918367346,"NaN, NaN, NaN, NaN, NaN, NaN","NaN, NaN, NaN, NaN, NaN, NaN","NaN, NaN, NaN, NaN, NaN, NaN"
-4.530612244897959,-0.08163265306122448,"NaN, NaN, NaN, NaN, NaN, NaN","NaN, NaN, NaN, NaN, NaN, NaN","NaN, NaN, NaN, NaN, NaN, NaN"
-4.530612244897959,0.08163265306122448,"NaN, NaN, NaN, NaN, NaN, NaN","NaN, NaN, NaN, NaN, NaN, NaN","NaN, NaN, NaN, NaN, NaN, NaN"
-4.530612244897959,0.24489795918367346,"NaN, NaN, NaN, NaN, NaN, NaN","NaN, NaN, NaN, NaN, NaN, NaN","NaN, NaN, NaN, NaN, NaN, NaN"
-4.530612244897959,0.40816326530612246,"NaN, NaN, NaN, NaN, NaN, NaN","NaN, NaN, NaN, NaN, NaN, NaN","NaN, NaN, NaN, NaN, NaN, NaN"
-4.530612244897959,0.5714285714285714,"NaN, NaN, NaN, NaN, NaN, NaN","NaN, NaN, NaN, NaN, NaN, NaN","NaN, NaN, NaN, NaN, NaN, NaN"
-4.530612244897959,0.7346938775510204,"NaN, NaN, NaN, NaN, NaN, NaN","NaN, NaN, NaN, NaN, NaN, NaN","NaN, NaN, NaN, NaN, NaN, NaN"
-4.530612244897959,0.8979591836734694,"NaN, NaN, NaN, NaN, NaN, NaN","NaN, NaN, NaN, NaN, NaN, NaN","NaN, NaN, NaN, NaN, NaN, NaN"
-4.530612244897959,1.0612244897959184,"NaN, NaN, NaN, NaN, NaN, NaN","NaN, NaN, NaN, NaN, NaN, NaN","NaN, NaN, NaN, NaN, NaN, NaN"
-4.530612244897959,1.2244897959183674,"NaN, NaN, NaN, NaN, NaN, NaN","NaN, NaN, NaN, NaN, NaN, NaN","NaN, NaN, NaN, NaN, NaN, NaN"
-4.530612244897959,1.3877551020408163,"NaN, NaN, NaN, NaN, NaN, NaN","NaN, NaN, NaN, NaN, NaN, NaN","NaN, NaN, NaN, NaN, NaN, NaN"
-4.530612244897959,1.5510204081632653,"NaN, NaN, NaN, NaN, NaN, NaN","NaN, NaN, NaN, NaN, NaN, NaN","NaN, NaN, NaN, NaN, NaN, NaN"
-4.530612244897959,1.7142857142857142,"NaN, NaN, NaN, NaN, NaN, NaN","NaN, NaN, NaN, NaN, NaN, NaN","NaN, NaN, NaN, NaN, NaN, NaN"
-4.530612244897959,1.8775510204081634,"NaN, NaN, NaN, NaN, NaN, NaN","NaN, NaN, NaN, NaN, NaN, NaN","NaN, NaN, NaN, NaN, NaN, NaN"
-4.530612244897959,2.0408163265306123,"NaN, NaN, NaN, NaN, NaN, NaN","NaN, NaN, NaN, NaN, NaN, NaN","NaN, NaN, NaN, NaN, NaN, NaN"
-4.530612244897959,2.204081632653061,"NaN, NaN, NaN, NaN, NaN, NaN","NaN, NaN, NaN, NaN, NaN, NaN","NaN, NaN, NaN, NaN, NaN, NaN"
-4.530612244897959,2.36734693877551,"NaN, NaN, NaN, NaN, NaN, NaN","NaN, NaN, NaN, NaN, NaN, NaN","NaN, NaN, NaN, NaN, NaN, NaN"
-4.530612244897959,2.5306122448979593,"NaN, NaN, NaN, NaN, NaN, NaN","NaN, NaN, NaN, NaN, NaN, NaN","NaN, NaN, NaN, NaN, NaN, NaN"
-4.530612244897959,2.693877551020408,"NaN, NaN, NaN, NaN, NaN, NaN","NaN, NaN, NaN, NaN, NaN, NaN","NaN, NaN, NaN, NaN, NaN, NaN"
-4.530612244897959,2.857142857142857,"NaN, NaN, NaN, NaN, NaN, NaN","NaN, NaN, NaN, NaN, NaN, NaN","NaN, NaN, NaN, NaN, NaN, NaN"
-4.530612244897959,3.020408163265306,"NaN, NaN, NaN, NaN, NaN, NaN","NaN, NaN, NaN, NaN, NaN, NaN","NaN, NaN, NaN, NaN, NaN, NaN"
-4.530612244897959,3.183673469387755,"NaN, NaN, NaN, NaN, NaN, NaN","NaN, NaN, NaN, NaN, NaN, NaN","NaN, NaN, NaN, NaN, NaN, NaN"
-4.530612244897959,3.3469387755102042,"NaN, NaN, NaN, NaN, NaN, NaN","NaN, NaN, NaN, NaN, NaN, NaN","NaN, NaN, NaN, NaN, NaN, NaN"
-4.530612244897959,3.510204081632653,"NaN, NaN, NaN, NaN, NaN, NaN","NaN, NaN, NaN, NaN, NaN, NaN","NaN, NaN, NaN, NaN, NaN, NaN"
-4.530612244897959,3.673469387755102,"NaN, NaN, NaN, NaN, NaN, NaN","NaN, NaN, NaN, NaN, NaN, NaN","NaN, NaN, NaN, NaN, NaN, NaN"
-4.530612244897959,3.836734693877551,"NaN, NaN, NaN, NaN, NaN, NaN","NaN, NaN, NaN, NaN, NaN, NaN","NaN, NaN, NaN, NaN, NaN, NaN"
-4.530612244897959,4.0,"NaN, NaN, NaN, NaN, NaN, NaN","NaN, NaN, NaN, NaN, NaN, NaN","NaN, NaN, NaN, NaN, NaN, NaN"
-4.285714285714286,-4.0,"NaN, NaN, NaN, NaN, NaN, NaN","NaN, NaN, NaN, NaN, NaN, NaN","NaN, NaN, NaN, NaN, NaN, NaN"
-4.285714285714286,-3.836734693877551,"NaN, NaN, NaN, NaN, NaN, NaN","NaN, NaN, NaN, NaN, NaN, NaN","NaN, NaN, NaN, NaN, NaN, NaN"
-4.285714285714286,-3.673469387755102,"NaN, NaN, NaN, NaN, NaN, NaN","NaN, NaN, NaN, NaN, NaN, NaN","NaN, NaN, NaN, NaN, NaN, NaN"
-4.285714285714286,-3.510204081632653,"NaN, NaN, NaN, NaN, NaN, NaN","NaN, NaN, NaN, NaN, NaN, NaN","NaN, NaN, NaN, NaN, NaN, NaN"
-4.285714285714286,-3.3469387755102042,"NaN, NaN, NaN, NaN, NaN, NaN","NaN, NaN, NaN, NaN, NaN, NaN","NaN, NaN, NaN, NaN, NaN, NaN"
-4.285714285714286,-3.183673469387755,"NaN, NaN, NaN, NaN, NaN, NaN","NaN, NaN, NaN, NaN, NaN, NaN","NaN, NaN, NaN, NaN, NaN, NaN"
-4.285714285714286,-3.020408163265306,"NaN, NaN, NaN, NaN, NaN, NaN","NaN, NaN, NaN, NaN, NaN, NaN","NaN, NaN, NaN, NaN, NaN, NaN"
-4.285714285714286,-2.857142857142857,"NaN, NaN, NaN, NaN, NaN, NaN","NaN, NaN, NaN, NaN, NaN, NaN","NaN, NaN, NaN, NaN, NaN, NaN"
-4.285714285714286,-2.693877551020408,"NaN, NaN, NaN, NaN, NaN, NaN","NaN, NaN, NaN, NaN, NaN, NaN","NaN, NaN, NaN, NaN, NaN, NaN"
-4.285714285714286,-2.5306122448979593,"NaN, NaN, NaN, NaN, NaN, NaN","NaN, NaN, NaN, NaN, NaN, NaN","NaN, NaN, NaN, NaN, NaN, NaN"
-4.285714285714286,-2.36734693877551,"NaN, NaN, NaN, NaN, NaN, NaN","NaN, NaN, NaN, NaN, NaN, NaN","NaN, NaN, NaN, NaN, NaN, NaN"
-4.285714285714286,-2.204081632653061,"NaN, NaN, NaN, NaN, NaN, NaN","NaN, NaN, NaN, NaN, NaN, NaN","NaN, NaN, NaN, NaN, NaN, NaN"
-4.285714285714286,-2.0408163265306123,"NaN, NaN, NaN, NaN, NaN, NaN","NaN, NaN, NaN, NaN, NaN, NaN","NaN, NaN, NaN, NaN, NaN, NaN"
-4.285714285714286,-1.8775510204081634,"NaN, NaN, NaN, NaN, NaN, NaN","NaN, NaN, NaN, NaN, NaN, NaN","NaN, NaN, NaN, NaN, NaN, NaN"
-4.285714285714286,-1.7142857142857142,"NaN, NaN, NaN, NaN, NaN, NaN","NaN, NaN, NaN, NaN, NaN, NaN","NaN, NaN, NaN, NaN, NaN, NaN"
-4.285714285714286,-1.5510204081632653,"NaN, NaN, NaN, NaN, NaN, NaN","NaN, NaN, NaN, NaN, NaN, NaN","NaN, NaN, NaN, NaN, NaN, NaN"
-4.285714285714286,-1.3877551020408163,"NaN, NaN, NaN, NaN, NaN, NaN","NaN, NaN, NaN, NaN, NaN, NaN","NaN, NaN, NaN, NaN, NaN, NaN"
-4.285714285714286,-1.2244897959183674,"NaN, NaN, NaN, NaN, NaN, NaN","NaN, NaN, NaN, NaN, NaN, NaN","NaN, NaN, NaN, NaN, NaN, NaN"
-4.285714285714286,-1.0612244897959184,"NaN, NaN, NaN, NaN, NaN, NaN","NaN, NaN, NaN, NaN, NaN, NaN","NaN, NaN, NaN, NaN, NaN, NaN"
-4.285714285714286,-0.8979591836734694,"NaN, NaN, NaN, NaN, NaN, NaN","NaN, NaN, NaN, NaN, NaN, NaN","NaN, NaN, NaN, NaN, NaN, NaN"
-4.285714285714286,-0.7346938775510204,"NaN, NaN, NaN, NaN, NaN, NaN","NaN, NaN, NaN, NaN, NaN, NaN","NaN, NaN, NaN, NaN, NaN, NaN"
-4.285714285714286,-0.5714285714285714,"NaN, NaN, NaN, NaN, NaN, NaN","NaN, NaN, NaN, NaN, NaN, NaN","NaN, NaN, NaN, NaN, NaN, NaN"
-4.285714285714286,-0.40816326530612246,"NaN, NaN, NaN, NaN, NaN, NaN","NaN, NaN, NaN, NaN, NaN, NaN","NaN, NaN, NaN, NaN, NaN, NaN"
-4.285714285714286,-0.24489795918367346,"NaN, NaN, NaN, NaN, NaN, NaN","NaN, NaN, NaN, NaN, NaN, NaN","NaN, NaN, NaN, NaN, NaN, NaN"
-4.285714285714286,-0.08163265306122448,"NaN, NaN, NaN, NaN, NaN, NaN","NaN, NaN, NaN, NaN, NaN, NaN","NaN, NaN, NaN, NaN, NaN, NaN"
-4.285714285714286,0.08163265306122448,"NaN, NaN, NaN, NaN, NaN, NaN","NaN, NaN, NaN, NaN, NaN, NaN","NaN, NaN, NaN, NaN, NaN, NaN"
-4.285714285714286,0.24489795918367346,"NaN, NaN, NaN, NaN, NaN, NaN","NaN, NaN, NaN, NaN, NaN, NaN","NaN, NaN, NaN, NaN, NaN, NaN"
-4.285714285714286,0.40816326530612246,"NaN, NaN, NaN, NaN, NaN, NaN","NaN, NaN, NaN, NaN, NaN, NaN","NaN, NaN, NaN, NaN, NaN, NaN"
-4.285714285714286,0.5714285714285714,"NaN, NaN, NaN, NaN, NaN, NaN","NaN, NaN, NaN, NaN, NaN, NaN","NaN, NaN, NaN, NaN, NaN, NaN"
-4.285714285714286,0.7346938775510204,"NaN, NaN, NaN, NaN, NaN, NaN","NaN, NaN, NaN, NaN, NaN, NaN","NaN, NaN, NaN, NaN, NaN, NaN"
-4.285714285714286,0.8979591836734694,"NaN, NaN, NaN, NaN, NaN, NaN","NaN, NaN, NaN, NaN, NaN, NaN","NaN, NaN, NaN, NaN, NaN, NaN"
-4.285714285714286,1.0612244897959184,"NaN, NaN, NaN, NaN, NaN, NaN","NaN, NaN, NaN, NaN, NaN, NaN","NaN, NaN, NaN, NaN, NaN, NaN"
-4.285714285714286,1.2244897959183674,"NaN, NaN, NaN, NaN, NaN, NaN","NaN, NaN, NaN, NaN, NaN, NaN","NaN, NaN, NaN, NaN, NaN, NaN"
-4.285714285714286,1.3877551020408163,"NaN, NaN, NaN, NaN, NaN, NaN","NaN, NaN, NaN, NaN, NaN, NaN","NaN, NaN, NaN, NaN, NaN, NaN"
-4.285714285714286,1.5510204081632653,"NaN, NaN, NaN, NaN, NaN, NaN","NaN, NaN, NaN, NaN, NaN, NaN","NaN, NaN, NaN, NaN, NaN, NaN"
-4.285714285714286,1.7142857142857142,"NaN, NaN, NaN, NaN, NaN, NaN","NaN, NaN, NaN, NaN, NaN, NaN","NaN, NaN, NaN, NaN, NaN, NaN"
-4.285714285714286,1.8775510204081634,"NaN, NaN, NaN, NaN, NaN, NaN","NaN, NaN, NaN, NaN, NaN, NaN","NaN, NaN, NaN, NaN, NaN, NaN"
-4.285714285714286,2.0408163265306123,"NaN, NaN, NaN, NaN, NaN, NaN","NaN, NaN, NaN, NaN, NaN, NaN","NaN, NaN, NaN, NaN, NaN, NaN"
-4.285714285714286,2.204081632653061,"NaN, NaN, NaN, NaN, NaN, NaN","NaN, NaN, NaN, NaN, NaN, NaN","NaN, NaN, NaN, NaN, NaN, NaN"
-4.285714285714286,2.36734693877551,"NaN, NaN, NaN, NaN, NaN, NaN","NaN, NaN, NaN, NaN, NaN, NaN","NaN, NaN, NaN, NaN, NaN, NaN"
-4.285714285714286,2.5306122448979593,"NaN, NaN, NaN, NaN, NaN, NaN","NaN, NaN, NaN, NaN, NaN, NaN","NaN, NaN, NaN, NaN, NaN, NaN"
-4.285714285714286,2.693877551020408,"NaN, NaN, NaN, NaN, NaN, NaN","NaN, NaN, NaN, NaN, NaN, NaN","NaN, NaN, NaN, NaN, NaN, NaN"
-4.285714285714286,2.857142857142857,"NaN, NaN, NaN, NaN, NaN, NaN","NaN, NaN, NaN, NaN, NaN, NaN","NaN, NaN, NaN, NaN, NaN, NaN"
-4.285714285714286,3.020408163265306,"NaN, NaN, NaN, NaN, NaN, NaN","NaN, NaN, NaN, NaN, NaN, NaN","NaN, NaN, NaN, NaN, NaN, NaN"
-4.285714285714286,3.183673469387755,"NaN, NaN, NaN, NaN, NaN, NaN","NaN, NaN, NaN, NaN, NaN, NaN","NaN, NaN, NaN, NaN, NaN, NaN"
-4.285714285714286,3.3469387755102042,"NaN, NaN, NaN, NaN, NaN, NaN","NaN, NaN, NaN, NaN, NaN, NaN","NaN, NaN, NaN, NaN, NaN, NaN"
-4.285714285714286,3.510204081632653,"NaN, NaN, NaN, NaN, NaN, NaN","NaN, NaN, NaN, NaN, NaN, NaN","NaN, NaN, NaN, NaN, NaN, NaN"
-4.285714285714286,3.673469387755102,"NaN, NaN, NaN, NaN, NaN, NaN","NaN, NaN, NaN, NaN, NaN, NaN","NaN, NaN, NaN, NaN, NaN, NaN"
-4.285714285714286,3.836734693877551,"NaN, NaN, NaN, NaN, NaN, NaN","NaN, NaN, NaN, NaN, NaN, NaN","NaN, NaN, NaN, NaN, NaN, NaN"
-4.285714285714286,4.0,"NaN, NaN, NaN, NaN, NaN, NaN","NaN, NaN, NaN, NaN, NaN, NaN","NaN, NaN, NaN, NaN, NaN, NaN"
-4.040816326530612,-4.0,"NaN, NaN, NaN, NaN, NaN, NaN","NaN, NaN, NaN, NaN, NaN, NaN","NaN, NaN, NaN, NaN, NaN, NaN"
-4.040816326530612,-3.836734693877551,"NaN, NaN, NaN, NaN, NaN, NaN","NaN, NaN, NaN, NaN, NaN, NaN","NaN, NaN, NaN, NaN, NaN, NaN"
-4.040816326530612,-3.673469387755102,"NaN, NaN, NaN, NaN, NaN, NaN","NaN, NaN, NaN, NaN, NaN, NaN","NaN, NaN, NaN, NaN, NaN, NaN"
-4.040816326530612,-3.510204081632653,"NaN, NaN, NaN, NaN, NaN, NaN","NaN, NaN, NaN, NaN, NaN, NaN","NaN, NaN, NaN, NaN, NaN, NaN"
-4.040816326530612,-3.3469387755102042,"NaN, NaN, NaN, NaN, NaN, NaN","NaN, NaN, NaN, NaN, NaN, NaN","NaN, NaN, NaN, NaN, NaN, NaN"
-4.040816326530612,-3.183673469387755,"NaN, NaN, NaN, NaN, NaN, NaN","NaN, NaN, NaN, NaN, NaN, NaN","NaN, NaN, NaN, NaN, NaN, NaN"
-4.040816326530612,-3.020408163265306,"NaN, NaN, NaN, NaN, NaN, NaN","NaN, NaN, NaN, NaN, NaN, NaN","NaN, NaN, NaN, NaN, NaN, NaN"
-4.040816326530612,-2.857142857142857,"NaN, NaN, NaN, NaN, NaN, NaN","NaN, NaN, NaN, NaN, NaN, NaN","NaN, NaN, NaN, NaN, NaN, NaN"
-4.040816326530612,-2.693877551020408,"NaN, NaN, NaN, NaN, NaN, NaN","NaN, NaN, NaN, NaN, NaN, NaN","NaN, NaN, NaN, NaN, NaN, NaN"
-4.040816326530612,-2.5306122448979593,"NaN, NaN, NaN, NaN, NaN, NaN","NaN, NaN, NaN, NaN, NaN, NaN","NaN, NaN, NaN, NaN, NaN, NaN"
-4.040816326530612,-2.36734693877551,"NaN, NaN, NaN, NaN, NaN, NaN","NaN, NaN, NaN, NaN, NaN, NaN","NaN, NaN, NaN, NaN, NaN, NaN"
-4.040816326530612,-2.204081632653061,"NaN, NaN, NaN, NaN, NaN, NaN","NaN, NaN, NaN, NaN, NaN, NaN","NaN, NaN, NaN, NaN, NaN, NaN"
-4.040816326530612,-2.0408163265306123,"NaN, NaN, NaN, NaN, NaN, NaN","NaN, NaN, NaN, NaN, NaN, NaN","NaN, NaN, NaN, NaN, NaN, NaN"
-4.040816326530612,-1.8775510204081634,"NaN, NaN, NaN, NaN, NaN, NaN","NaN, NaN, NaN, NaN, NaN, NaN","NaN, NaN, NaN, NaN, NaN, NaN"
-4.040816326530612,-1.7142857142857142,"NaN, NaN, NaN, NaN, NaN, NaN","NaN, NaN, NaN, NaN, NaN, NaN","NaN, NaN, NaN, NaN, NaN, NaN"
-4.040816326530612,-1.5510204081632653,"NaN, NaN, NaN, NaN, NaN, NaN","NaN, NaN, NaN, NaN, NaN, NaN","NaN, NaN, NaN, NaN, NaN, NaN"
-4.040816326530612,-1.3877551020408163,"NaN, NaN, NaN, NaN, NaN, NaN","NaN, NaN, NaN, NaN, NaN, NaN","NaN, NaN, NaN, NaN, NaN, NaN"
-4.040816326530612,-1.2244897959183674,"NaN, NaN, NaN, NaN, NaN, NaN","NaN, NaN, NaN, NaN, NaN, NaN","NaN, NaN, NaN, NaN, NaN, NaN"
-4.040816326530612,-1.0612244897959184,"NaN, NaN, NaN, NaN, NaN, NaN","NaN, NaN, NaN, NaN, NaN, NaN","NaN, NaN, NaN, NaN, NaN, NaN"
-4.040816326530612,-0.8979591836734694,"NaN, NaN, NaN, NaN, NaN, NaN","NaN, NaN, NaN, NaN, NaN, NaN","NaN, NaN, NaN, NaN, NaN, NaN"
-4.040816326530612,-0.7346938775510204,"NaN, NaN, NaN, NaN, NaN, NaN","NaN, NaN, NaN, NaN, NaN, NaN","NaN, NaN, NaN, NaN, NaN, NaN"
-4.040816326530612,-0.5714285714285714,"NaN, NaN, NaN, NaN, NaN, NaN","NaN, NaN, NaN, NaN, NaN, NaN","NaN, NaN, NaN, NaN, NaN, NaN"
-4.040816326530612,-0.40816326530612246,"NaN, NaN, NaN, NaN, NaN, NaN","NaN, NaN, NaN, NaN, NaN, NaN","NaN, NaN, NaN, NaN, NaN, NaN"
-4.040816326530612,-0.24489795918367346,"NaN, NaN, NaN, NaN, NaN, NaN","NaN, NaN, NaN, NaN, NaN, NaN","NaN, NaN, NaN, NaN, NaN, NaN"
-4.040816326530612,-0.08163265306122448,"NaN, NaN, NaN, NaN, NaN, NaN","NaN, NaN, NaN, NaN, NaN, NaN","NaN, NaN, NaN, NaN, NaN, NaN"
-4.040816326530612,0.08163265306122448,"NaN, NaN, NaN, NaN, NaN, NaN","NaN, NaN, NaN, NaN, NaN, NaN","NaN, NaN, NaN, NaN, NaN, NaN"
-4.040816326530612,0.24489795918367346,"NaN, NaN, NaN, NaN, NaN, NaN","NaN, NaN, NaN, NaN, NaN, NaN","NaN, NaN, NaN, NaN, NaN, NaN"
-4.040816326530612,0.40816326530612246,"NaN, NaN, NaN, NaN, NaN, NaN","NaN, NaN, NaN, NaN, NaN, NaN","NaN, NaN, NaN, NaN, NaN, NaN"
-4.040816326530612,0.5714285714285714,"NaN, NaN, NaN, NaN, NaN, NaN","NaN, NaN, NaN, NaN, NaN, NaN","NaN, NaN, NaN, NaN, NaN, NaN"
-4.040816326530612,0.7346938775510204,"NaN, NaN, NaN, NaN, NaN, NaN","NaN, NaN, NaN, NaN, NaN, NaN","NaN, NaN, NaN, NaN, NaN, NaN"
-4.040816326530612,0.8979591836734694,"NaN, NaN, NaN, NaN, NaN, NaN","NaN, NaN, NaN, NaN, NaN, NaN","NaN, NaN, NaN, NaN, NaN, NaN"
-4.040816326530612,1.0612244897959184,"NaN, NaN, NaN, NaN, NaN, NaN","NaN, NaN, NaN, NaN, NaN, NaN","NaN, NaN, NaN, NaN, NaN, NaN"
-4.040816326530612,1.2244897959183674,"NaN, NaN, NaN, NaN, NaN, NaN","NaN, NaN, NaN, NaN, NaN, NaN","NaN, NaN, NaN, NaN, NaN, NaN"
-4.040816326530612,1.3877551020408163,"NaN, NaN, NaN, NaN, NaN, NaN","NaN, NaN, NaN, NaN, NaN, NaN","NaN, NaN, NaN, NaN, NaN, NaN"
-4.040816326530612,1.5510204081632653,"NaN, NaN, NaN, NaN, NaN, NaN","NaN, NaN, NaN, NaN, NaN, NaN","NaN, NaN, NaN, NaN, NaN, NaN"
-4.040816326530612,1.7142857142857142,"NaN, NaN, NaN, NaN, NaN, NaN","NaN, NaN, NaN, NaN, NaN, NaN","NaN, NaN, NaN, NaN, NaN, NaN"
-4.040816326530612,1.8775510204081634,"NaN, NaN, NaN, NaN, NaN, NaN","NaN, NaN, NaN, NaN, NaN, NaN","NaN, NaN, NaN, NaN, NaN, NaN"
-4.040816326530612,2.0408163265306123,"NaN, NaN, NaN, NaN, NaN, NaN","NaN, NaN, NaN, NaN, NaN, NaN","NaN, NaN, NaN, NaN, NaN, NaN"
-4.040816326530612,2.204081632653061,"NaN, NaN, NaN, NaN, NaN, NaN","NaN, NaN, NaN, NaN, NaN, NaN","NaN, NaN, NaN, NaN, NaN, NaN"
-4.040816326530612,2.36734693877551,"NaN, NaN, NaN, NaN, NaN, NaN","NaN, NaN, NaN, NaN, NaN, NaN","NaN, NaN, NaN, NaN, NaN, NaN"
-4.040816326530612,2.5306122448979593,"NaN, NaN, NaN, NaN, NaN, NaN","NaN, NaN, NaN, NaN, NaN, NaN","NaN, NaN, NaN, NaN, NaN, NaN"
-4.040816326530612,2.693877551020408,"NaN, NaN, NaN, NaN, NaN, NaN","NaN, NaN, NaN, NaN, NaN, NaN","NaN, NaN, NaN, NaN, NaN, NaN"
-4.040816326530612,2.857142857142857,"NaN, NaN, NaN, NaN, NaN, NaN","NaN, NaN, NaN, NaN, NaN, NaN","NaN, NaN, NaN, NaN, NaN, NaN"
-4.040816326530612,3.020408163265306,"NaN, NaN, NaN, NaN, NaN, NaN","NaN, NaN, NaN, NaN, NaN, NaN","NaN, NaN, NaN, NaN, NaN, NaN"
-4.040816326530612,3.183673469387755,"NaN, NaN, NaN, NaN, NaN, NaN","NaN, NaN, NaN, NaN, NaN, NaN","NaN, NaN, NaN, NaN, NaN, NaN"
-4.040816326530612,3.3469387755102042,"NaN, NaN, NaN, NaN, NaN, NaN","NaN, NaN, NaN, NaN, NaN, NaN","NaN, NaN, NaN, NaN, NaN, NaN"
-4.040816326530612,3.510204081632653,"NaN, NaN, NaN, NaN, NaN, NaN","NaN, NaN, NaN, NaN, NaN, NaN","NaN, NaN, NaN, NaN, NaN, NaN"
-4.040816326530612,3.673469387755102,"NaN, NaN, NaN, NaN, NaN, NaN","NaN, NaN, NaN, NaN, NaN, NaN","NaN, NaN, NaN, NaN, NaN, NaN"
-4.040816326530612,3.836734693877551,"NaN, NaN, NaN, NaN, NaN, NaN","NaN, NaN, NaN, NaN, NaN, NaN","NaN, NaN, NaN, NaN, NaN, NaN"
-4.040816326530612,4.0,"NaN, NaN, NaN, NaN, NaN, NaN","NaN, NaN, NaN, NaN, NaN, NaN","NaN, NaN, NaN, NaN, NaN, NaN"
-3.795918367346939,-4.0,"NaN, NaN, NaN, NaN, NaN, NaN","NaN, NaN, NaN, NaN, NaN, NaN","NaN, NaN, NaN, NaN, NaN, NaN"
-3.795918367346939,-3.836734693877551,"NaN, NaN, NaN, NaN, NaN, NaN","NaN, NaN, NaN, NaN, NaN, NaN","NaN, NaN, NaN, NaN, NaN, NaN"
-3.795918367346939,-3.673469387755102,"NaN, NaN, NaN, NaN, NaN, NaN","NaN, NaN, NaN, NaN, NaN, NaN","NaN, NaN, NaN, NaN, NaN, NaN"
-3.795918367346939,-3.510204081632653,"NaN, NaN, NaN, NaN, NaN, NaN","NaN, NaN, NaN, NaN, NaN, NaN","NaN, NaN, NaN, NaN, NaN, NaN"
-3.795918367346939,-3.3469387755102042,"NaN, NaN, NaN, NaN, NaN, NaN","NaN, NaN, NaN, NaN, NaN, NaN","NaN, NaN, NaN, NaN, NaN, NaN"
-3.795918367346939,-3.183673469387755,"NaN, NaN, NaN, NaN, NaN, NaN","NaN, NaN, NaN, NaN, NaN, NaN","NaN, NaN, NaN, NaN, NaN, NaN"
-3.795918367346939,-3.020408163265306,"NaN, NaN, NaN, NaN, NaN, NaN","NaN, NaN, NaN, NaN, NaN, NaN","NaN, NaN, NaN, NaN, NaN, NaN"
-3.795918367346939,-2.857142857142857,"NaN, NaN, NaN, NaN, NaN, NaN","NaN, NaN, NaN, NaN, NaN, NaN","NaN, NaN, NaN, NaN, NaN, NaN"
-3.795918367346939,-2.693877551020408,"NaN, NaN, NaN, NaN, NaN, NaN","NaN, NaN, NaN, NaN, NaN, NaN","NaN, NaN, NaN, NaN, NaN, NaN"
-3.795918367346939,-2.5306122448979593,"NaN, NaN, NaN, NaN, NaN, NaN","NaN, NaN, NaN, NaN, NaN, NaN","NaN, NaN, NaN, NaN, NaN, NaN"
-3.795918367346939,-2.36734693877551,"NaN, NaN, NaN, NaN, NaN, NaN","NaN, NaN, NaN, NaN, NaN, NaN","NaN, NaN, NaN, NaN, NaN, NaN"
-3.795918367346939,-2.204081632653061,"NaN, NaN, NaN, NaN, NaN, NaN","NaN, NaN, NaN, NaN, NaN, NaN","NaN, NaN, NaN, NaN, NaN, NaN"
-3.795918367346939,-2.0408163265306123,"NaN, NaN, NaN, NaN, NaN, NaN","NaN, NaN, NaN, NaN, NaN, NaN","NaN, NaN, NaN, NaN, NaN, NaN"
-3.795918367346939,-1.8775510204081634,"NaN, NaN, NaN, NaN, NaN, NaN","NaN, NaN, NaN, NaN, NaN, NaN","NaN, NaN, NaN, NaN, NaN, NaN"
-3.795918367346939,-1.7142857142857142,"NaN, NaN, NaN, NaN, NaN, NaN","NaN, NaN, NaN, NaN, NaN, NaN","NaN, NaN, NaN, NaN, NaN, NaN"
-3.795918367346939,-1.5510204081632653,"NaN, NaN, NaN, NaN, NaN, NaN","NaN, NaN, NaN, NaN, NaN, NaN","NaN, NaN, NaN, NaN, NaN, NaN"
-3.795918367346939,-1.3877551020408163,"NaN, NaN, NaN, NaN, NaN, NaN","NaN, NaN, NaN, NaN, NaN, NaN","NaN, NaN, NaN, NaN, NaN, NaN"
-3.795918367346939,-1.2244897959183674,"NaN, NaN, NaN, NaN, NaN, NaN","NaN, NaN, NaN, NaN, NaN, NaN","NaN, NaN, NaN, NaN, NaN, NaN"
-3.795918367346939,-1.0612244897959184,"NaN, NaN, NaN, NaN, NaN, NaN","NaN, NaN, NaN, NaN, NaN, NaN","NaN, NaN, NaN, NaN, NaN, NaN"
-3.795918367346939,-0.8979591836734694,"NaN, NaN, NaN, NaN, NaN, NaN","NaN, NaN, NaN, NaN, NaN, NaN","NaN, NaN, NaN, NaN, NaN, NaN"
-3.795918367346939,-0.7346938775510204,"NaN, NaN, NaN, NaN, NaN, NaN","NaN, NaN, NaN, NaN, NaN, NaN","NaN, NaN, NaN, NaN, NaN, NaN"
-3.795918367346939,-0.5714285714285714,"NaN, NaN, NaN, NaN, NaN, NaN","NaN, NaN, NaN, NaN, NaN, NaN","NaN, NaN, NaN, NaN, NaN, NaN"
-3.795918367346939,-0.40816326530612246,"NaN, NaN, NaN, NaN, NaN, NaN","NaN, NaN, NaN, NaN, NaN, NaN","NaN, NaN, NaN, NaN, NaN, NaN"
-3.795918367346939,-0.24489795918367346,"NaN, NaN, NaN, NaN, NaN, NaN","NaN, NaN, NaN, NaN, NaN, NaN","NaN, NaN, NaN, NaN, NaN, NaN"
-3.795918367346939,-0.08163265306122448,"NaN, NaN, NaN, NaN, NaN, NaN","NaN, NaN, NaN, NaN, NaN, NaN","NaN, NaN, NaN, NaN, NaN, NaN"
-3.795918367346939,0.08163265306122448,"NaN, NaN, NaN, NaN, NaN, NaN","NaN, NaN, NaN, NaN, NaN, NaN","NaN, NaN, NaN, NaN, NaN, NaN"
-3.795918367346939,0.24489795918367346,"NaN, NaN, NaN, NaN, NaN, NaN","NaN, NaN, NaN, NaN, NaN, NaN","NaN, NaN, NaN, NaN, NaN, NaN"
-3.795918367346939,0.40816326530612246,"NaN, NaN, NaN, NaN, NaN, NaN","NaN, NaN, NaN, NaN, NaN, NaN","NaN, NaN, NaN, NaN, NaN, NaN"
-3.795918367346939,0.5714285714285714,"NaN, NaN, NaN, NaN, NaN, NaN","NaN, NaN, NaN, NaN, NaN, NaN","NaN, NaN, NaN, NaN, NaN, NaN"
-3.795918367346939,0.7346938775510204,"NaN, NaN, NaN, NaN, NaN, NaN","NaN, NaN, NaN, NaN, NaN, NaN","NaN, NaN, NaN, NaN, NaN, NaN"
-3.795918367346939,0.8979591836734694,"NaN, NaN, NaN, NaN, NaN, NaN","NaN, NaN, NaN, NaN, NaN, NaN","NaN, NaN, NaN, NaN, NaN, NaN"
-3.795918367346939,1.0612244897959184,"NaN, NaN, NaN, NaN, NaN, NaN","NaN, NaN, NaN, NaN, NaN, NaN","NaN, NaN, NaN, NaN, NaN, NaN"
-3.795918367346939,1.2244897959183674,"NaN, NaN, NaN, NaN, NaN, NaN","NaN, NaN, NaN, NaN, NaN, NaN","NaN, NaN, NaN, NaN, NaN, NaN"
-3.795918367346939,1.3877551020408163,"NaN, NaN, NaN, NaN, NaN, NaN","NaN, NaN, NaN, NaN, NaN, NaN","NaN, NaN, NaN, NaN, NaN, NaN"
-3.795918367346939,1.5510204081632653,"NaN, NaN, NaN, NaN, NaN, NaN","NaN, NaN, NaN, NaN, NaN, NaN","NaN, NaN, NaN, NaN, NaN, NaN"
-3.795918367346939,1.7142857142857142,"NaN, NaN, NaN, NaN, NaN, NaN","NaN, NaN, NaN, NaN, NaN, NaN","NaN, NaN, NaN, NaN, NaN, NaN"
-3.795918367346939,1.8775510204081634,"NaN, NaN, NaN, NaN, NaN, NaN","NaN, NaN, NaN, NaN, NaN, NaN","NaN, NaN, NaN, NaN, NaN, NaN"
-3.795918367346939,2.0408163265306123,"NaN, NaN, NaN, NaN, NaN, NaN","NaN, NaN, NaN, NaN, NaN, NaN","NaN, NaN, NaN, NaN, NaN, NaN"
-3.795918367346939,2.204081632653061,"NaN, NaN, NaN, NaN, NaN, NaN","NaN, NaN, NaN, NaN, NaN, NaN","NaN, NaN, NaN, NaN, NaN, NaN"
-3.795918367346939,2.36734693877551,"NaN, NaN, NaN, NaN, NaN, NaN","NaN, NaN, NaN, NaN, NaN, NaN","NaN, NaN, NaN, NaN, NaN, NaN"
-3.795918367346939,2.5306122448979593,"NaN, NaN, NaN, NaN, NaN, NaN","NaN, NaN, NaN, NaN, NaN, NaN","NaN, NaN, NaN, NaN, NaN, NaN"
-3.795918367346939,2.693877551020408,"NaN, NaN, NaN, NaN, NaN, NaN","NaN, NaN, NaN, NaN, NaN, NaN","NaN, NaN, NaN, NaN, NaN, NaN"
-3.795918367346939,2.857142857142857,"NaN, NaN, NaN, NaN, NaN, NaN","NaN, NaN, NaN, NaN, NaN, NaN","NaN, NaN, NaN, NaN, NaN, NaN"
-3.795918367346939,3.020408163265306,"NaN, NaN, NaN, NaN, NaN, NaN","NaN, NaN, NaN, NaN, NaN, NaN","NaN, NaN, NaN, NaN, NaN, NaN"
-3.795918367346939,3.183673469387755,"NaN, NaN, NaN, NaN, NaN, NaN","NaN, NaN, NaN, NaN, NaN, NaN","NaN, NaN, NaN, NaN, NaN, NaN"
-3.795918367346939,3.3469387755102042,"NaN, NaN, NaN, NaN, NaN, NaN","NaN, NaN, NaN, NaN, NaN, NaN","NaN, NaN, NaN, NaN, NaN, NaN"
-3.795918367346939,3.510204081632653,"NaN, NaN, NaN, NaN, NaN, NaN","NaN, NaN, NaN, NaN, NaN, NaN","NaN, NaN, NaN, NaN, NaN, NaN"
-3.795918367346939,3.673469387755102,"NaN, NaN, NaN, NaN, NaN, NaN","NaN, NaN, NaN, NaN, NaN, NaN","NaN, NaN, NaN, NaN, NaN, NaN"
-3.795918367346939,3.836734693877551,"NaN, NaN, NaN, NaN, NaN, NaN","NaN, NaN, NaN, NaN, NaN, NaN","NaN, NaN, NaN, NaN, NaN, NaN"
-3.795918367346939,4.0,"NaN, NaN, NaN, NaN, NaN, NaN","NaN, NaN, NaN, NaN, NaN, NaN","NaN, NaN, NaN, NaN, NaN, NaN"
-3.5510204081632653,-4.0,"NaN, NaN, NaN, NaN, NaN, NaN","NaN, NaN, NaN, NaN, NaN, NaN","NaN, NaN, NaN, NaN, NaN, NaN"
-3.5510204081632653,-3.836734693877551,"NaN, NaN, NaN, NaN, NaN, NaN","NaN, NaN, NaN, NaN, NaN, NaN","NaN, NaN, NaN, NaN, NaN, NaN"
-3.5510204081632653,-3.673469387755102,"NaN, NaN, NaN, NaN, NaN, NaN","NaN, NaN, NaN, NaN, NaN, NaN","NaN, NaN, NaN, NaN, NaN, NaN"
-3.5510204081632653,-3.510204081632653,"NaN, NaN, NaN, NaN, NaN, NaN","NaN, NaN, NaN, NaN, NaN, NaN","NaN, NaN, NaN, NaN, NaN, NaN"
-3.5510204081632653,-3.3469387755102042,"NaN, NaN, NaN, NaN, NaN, NaN","NaN, NaN, NaN, NaN, NaN, NaN","NaN, NaN, NaN, NaN, NaN, NaN"
-3.5510204081632653,-3.183673469387755,"NaN, NaN, NaN, NaN, NaN, NaN","NaN, NaN, NaN, NaN, NaN, NaN","NaN, NaN, NaN, NaN, NaN, NaN"
-3.5510204081632653,-3.020408163265306,"NaN, NaN, NaN, NaN, NaN, NaN","NaN, NaN, NaN, NaN, NaN, NaN","NaN, NaN, NaN, NaN, NaN, NaN"
-3.5510204081632653,-2.857142857142857,"NaN, NaN, NaN, NaN, NaN, NaN","NaN, NaN, NaN, NaN, NaN, NaN","NaN, NaN, NaN, NaN, NaN, NaN"
-3.5510204081632653,-2.693877551020408,"NaN, NaN, NaN, NaN, NaN, NaN","NaN, NaN, NaN, NaN, NaN, NaN","NaN, NaN, NaN, NaN, NaN, NaN"
-3.5510204081632653,-2.5306122448979593,"NaN, NaN, NaN, NaN, NaN, NaN","NaN, NaN, NaN, NaN, NaN, NaN","NaN, NaN, NaN, NaN, NaN, NaN"
-3.5510204081632653,-2.36734693877551,"NaN, NaN, NaN, NaN, NaN, NaN","NaN, NaN, NaN, NaN, NaN, NaN","NaN, NaN, NaN, NaN, NaN, NaN"
-3.5510204081632653,-2.204081632653061,"NaN, NaN, NaN, NaN, NaN, NaN","NaN, NaN, NaN, NaN, NaN, NaN","NaN, NaN, NaN, NaN, NaN, NaN"
-3.5510204081632653,-2.0408163265306123,"NaN, NaN, NaN, NaN, NaN, NaN","NaN, NaN, NaN, NaN, NaN, NaN","NaN, NaN, NaN, NaN, NaN, NaN"
-3.5510204081632653,-1.8775510204081634,"NaN, NaN, NaN, NaN, NaN, NaN","NaN, NaN, NaN, NaN, NaN, NaN","NaN, NaN, NaN, NaN, NaN, NaN"
-3.5510204081632653,-1.7142857142857142,"NaN, NaN, NaN, NaN, NaN, NaN","NaN, NaN, NaN, NaN, NaN, NaN","NaN, NaN, NaN, NaN, NaN, NaN"
-3.5510204081632653,-1.5510204081632653,"NaN, NaN, NaN, NaN, NaN, NaN","NaN, NaN, NaN, NaN, NaN, NaN","NaN, NaN, NaN, NaN, NaN, NaN"
-3.5510204081632653,-1.3877551020408163,"NaN, NaN, NaN, NaN, NaN, NaN","NaN, NaN, NaN, NaN, NaN, NaN","NaN, NaN, NaN, NaN, NaN, NaN"
-3.5510204081632653,-1.2244897959183674,"NaN, NaN, NaN, NaN, NaN, NaN","NaN, NaN, NaN, NaN, NaN, NaN","NaN, NaN, NaN, NaN, NaN, NaN"
-3.5510204081632653,-1.0612244897959184,"NaN, NaN, NaN, NaN, NaN, NaN","NaN, NaN, NaN, NaN, NaN, NaN","NaN, NaN, NaN, NaN, NaN, NaN"
-3.5510204081632653,-0.8979591836734694,"NaN, NaN, NaN, NaN, NaN, NaN","NaN, NaN, NaN, NaN, NaN, NaN","NaN, NaN, NaN, NaN, NaN, NaN"
-3.5510204081632653,-0.7346938775510204,"NaN, NaN, NaN, NaN, NaN, NaN","NaN, NaN, NaN, NaN, NaN, NaN","NaN, NaN, NaN, NaN, NaN, NaN"
-3.5510204081632653,-0.5714285714285714,"NaN, NaN, NaN, NaN, NaN, NaN","NaN, NaN, NaN, NaN, NaN, NaN","NaN, NaN, NaN, NaN, NaN, NaN"
-3.5510204081632653,-0.40816326530612246,"NaN, NaN, NaN, NaN, NaN, NaN","NaN, NaN, NaN, NaN, NaN, NaN","NaN, NaN, NaN, NaN, NaN, NaN"
-3.5510204081632653,-0.24489795918367346,"NaN, NaN, NaN, NaN, NaN, NaN","NaN, NaN, NaN, NaN, NaN, NaN","NaN, NaN, NaN, NaN, NaN, NaN"
-3.5510204081632653,-0.08163265306122448,"NaN, NaN, NaN, NaN, NaN, NaN","NaN, NaN, NaN, NaN, NaN, NaN","NaN, NaN, NaN, NaN, NaN, NaN"
-3.5510204081632653,0.08163265306122448,"NaN, NaN, NaN, NaN, NaN, NaN","NaN, NaN, NaN, NaN, NaN, NaN","NaN, NaN, NaN, NaN, NaN, NaN"
-3.5510204081632653,0.24489795918367346,"NaN, NaN, NaN, NaN, NaN, NaN","NaN, NaN, NaN, NaN, NaN, NaN","NaN, NaN, NaN, NaN, NaN, NaN"
-3.5510204081632653,0.40816326530612246,"NaN, NaN, NaN, NaN, NaN, NaN","NaN, NaN, NaN, NaN, NaN, NaN","NaN, NaN, NaN, NaN, NaN, NaN"
-3.5510204081632653,0.5714285714285714,"NaN, NaN, NaN, NaN, NaN, NaN","NaN, NaN, NaN, NaN, NaN, NaN","NaN, NaN, NaN, NaN, NaN, NaN"
-3.5510204081632653,0.7346938775510204,"NaN, NaN, NaN, NaN, NaN, NaN","NaN, NaN, NaN, NaN, NaN, NaN","NaN, NaN, NaN, NaN, NaN, NaN"
-3.5510204081632653,0.8979591836734694,"NaN, NaN, NaN, NaN, NaN, NaN","NaN, NaN, NaN, NaN, NaN, NaN","NaN, NaN, NaN, NaN, NaN, NaN"
-3.5510204081632653,1.0612244897959184,"NaN, NaN, NaN, NaN, NaN, NaN","NaN, NaN, NaN, NaN, NaN, NaN","NaN, NaN, NaN, NaN, NaN, NaN"
-3.5510204081632653,1.2244897959183674,"NaN, NaN, NaN, NaN, NaN, NaN","NaN, NaN, NaN, NaN, NaN, NaN","NaN, NaN, NaN, NaN, NaN, NaN"
-3.5510204081632653,1.3877551020408163,"NaN, NaN, NaN, NaN, NaN, NaN","NaN, NaN, NaN, NaN, NaN, NaN","NaN, NaN, NaN, NaN, NaN, NaN"
-3.5510204081632653,1.5510204081632653,"NaN, NaN, NaN, NaN, NaN, NaN","NaN, NaN, NaN, NaN, NaN, NaN","NaN, NaN, NaN, NaN, NaN, NaN"
-3.5510204081632653,1.7142857142857142,"NaN, NaN, NaN, NaN, NaN, NaN","NaN, NaN, NaN, NaN, NaN, NaN","NaN, NaN, NaN, NaN, NaN, NaN"
-3.5510204081632653,1.8775510204081634,"NaN, NaN, NaN, NaN, NaN, NaN","NaN, NaN, NaN, NaN, NaN, NaN","NaN, NaN, NaN, NaN, NaN, NaN"
-3.5510204081632653,2.0408163265306123,"NaN, NaN, NaN, NaN, NaN, NaN","NaN, NaN, NaN, NaN, NaN, NaN","NaN, NaN, NaN, NaN, NaN, NaN"
-3.5510204081632653,2.204081632653061,"NaN, NaN, NaN, NaN, NaN, NaN","NaN, NaN, NaN, NaN, NaN, NaN","NaN, NaN, NaN, NaN, NaN, NaN"
-3.5510204081632653,2.36734693877551,"NaN, NaN, NaN, NaN, NaN, NaN","NaN, NaN, NaN, NaN, NaN, NaN","NaN, NaN, NaN, NaN, NaN, NaN"
-3.5510204081632653,2.5306122448979593,"NaN, NaN, NaN, NaN, NaN, NaN","NaN, NaN, NaN, NaN, NaN, NaN","NaN, NaN, NaN, NaN, NaN, NaN"
-3.5510204081632653,2.693877551020408,"NaN, NaN, NaN, NaN, NaN, NaN","NaN, NaN, NaN, NaN, NaN, NaN","NaN, NaN, NaN, NaN, NaN, NaN"
-3.5510204081632653,2.857142857142857,"NaN, NaN, NaN, NaN, NaN, NaN","NaN, NaN, NaN, NaN, NaN, NaN","NaN, NaN, NaN, NaN, NaN, NaN"
-3.5510204081632653,3.020408163265306,"NaN, NaN, NaN, NaN, NaN, NaN","NaN, NaN, NaN, NaN, NaN, NaN","NaN, NaN, NaN, NaN, NaN, NaN"
-3.5510204081632653,3.183673469387755,"NaN, NaN, NaN, NaN, NaN, NaN","NaN, NaN, NaN, NaN, NaN, NaN","NaN, NaN, NaN, NaN, NaN, NaN"
-3.5510204081632653,3.3469387755102042,"NaN, NaN, NaN, NaN, NaN, NaN","NaN, NaN, NaN, NaN, NaN, NaN","NaN, NaN, NaN, NaN, NaN, NaN"
-3.5510204081632653,3.510204081632653,"NaN, NaN, NaN, NaN, NaN, NaN","NaN, NaN, NaN, NaN, NaN, NaN","NaN, NaN, NaN, NaN, NaN, NaN"
-3.5510204081632653,3.673469387755102,"NaN, NaN, NaN, NaN, NaN, NaN","NaN, NaN, NaN, NaN, NaN, NaN","NaN, NaN, NaN, NaN, NaN, NaN"
-3.5510204081632653,3.836734693877551,"NaN, NaN, NaN, NaN, NaN, NaN","NaN, NaN, NaN, NaN, NaN, NaN","NaN, NaN, NaN, NaN, NaN, NaN"
-3.5510204081632653,4.0,"NaN, NaN, NaN, NaN, NaN, NaN","NaN, NaN, NaN, NaN, NaN, NaN","NaN, NaN, NaN, NaN, NaN, NaN"
-3.306122448979592,-4.0,"NaN, NaN, NaN, NaN, NaN, NaN","NaN, NaN, NaN, NaN, NaN, NaN","NaN, NaN, NaN, NaN, NaN, NaN"
-3.306122448979592,-3.836734693877551,"NaN, NaN, NaN, NaN, NaN, NaN","NaN, NaN, NaN, NaN, NaN, NaN","NaN, NaN, NaN, NaN, NaN, NaN"
-3.306122448979592,-3.673469387755102,"NaN, NaN, NaN, NaN, NaN, NaN","NaN, NaN, NaN, NaN, NaN, NaN","NaN, NaN, NaN, NaN, NaN, NaN"
-3.306122448979592,-3.510204081632653,"NaN, NaN, NaN, NaN, NaN, NaN","NaN, NaN, NaN, NaN, NaN, NaN","NaN, NaN, NaN, NaN, NaN, NaN"
-3.306122448979592,-3.3469387755102042,"NaN, NaN, NaN, NaN, NaN, NaN","NaN, NaN, NaN, NaN, NaN, NaN","NaN, NaN, NaN, NaN, NaN, NaN"
-3.306122448979592,-3.183673469387755,"NaN, NaN, NaN, NaN, NaN, NaN","NaN, NaN, NaN, NaN, NaN, NaN","NaN, NaN, NaN, NaN, NaN, NaN"
-3.306122448979592,-3.020408163265306,"NaN, NaN, NaN, NaN, NaN, NaN","NaN, NaN, NaN, NaN, NaN, NaN","NaN, NaN, NaN, NaN, NaN, NaN"
-3.306122448979592,-2.857142857142857,"NaN, NaN, NaN, NaN, NaN, NaN","NaN, NaN, NaN, NaN, NaN, NaN","NaN, NaN, NaN, NaN, NaN, NaN"
-3.306122448979592,-2.693877551020408,"NaN, NaN, NaN, NaN, NaN, NaN","NaN, NaN, NaN, NaN, NaN, NaN","NaN, NaN, NaN, NaN, NaN, NaN"
-3.306122448979592,-2.5306122448979593,"NaN, NaN, NaN, NaN, NaN, NaN","NaN, NaN, NaN, NaN, NaN, NaN","NaN, NaN, NaN, NaN, NaN, NaN"
-3.306122448979592,-2.36734693877551,"NaN, NaN, NaN, NaN, NaN, NaN","NaN, NaN, NaN, NaN, NaN, NaN","NaN, NaN, NaN, NaN, NaN, NaN"
-3.306122448979592,-2.204081632653061,"NaN, NaN, NaN, NaN, NaN, NaN","NaN, NaN, NaN, NaN, NaN, NaN","NaN, NaN, NaN, NaN, NaN, NaN"
-3.306122448979592,-2.0408163265306123,"NaN, NaN, NaN, NaN, NaN, NaN","NaN, NaN, NaN, NaN, NaN, NaN","NaN, NaN, NaN, NaN, NaN, NaN"
-3.306122448979592,-1.8775510204081634,"NaN, NaN, NaN, NaN, NaN, NaN","NaN, NaN, NaN, NaN, NaN, NaN","NaN, NaN, NaN, NaN, NaN, NaN"
-3.306122448979592,-1.7142857142857142,"NaN, NaN, NaN, NaN, NaN, NaN","NaN, NaN, NaN, NaN, NaN, NaN","NaN, NaN, NaN, NaN, NaN, NaN"
-3.306122448979592,-1.5510204081632653,"NaN, NaN, NaN, NaN, NaN, NaN","NaN, NaN, NaN, NaN, NaN, NaN","NaN, NaN, NaN, NaN, NaN, NaN"
-3.306122448979592,-1.3877551020408163,"NaN, NaN, NaN, NaN, NaN, NaN","NaN, NaN, NaN, NaN, NaN, NaN","NaN, NaN, NaN, NaN, NaN, NaN"
-3.306122448979592,-1.2244897959183674,"NaN, NaN, NaN, NaN, NaN, NaN","NaN, NaN, NaN, NaN, NaN, NaN","NaN, NaN, NaN, NaN, NaN, NaN"
-3.306122448979592,-1.0612244897959184,"NaN, NaN, NaN, NaN, NaN, NaN","NaN, NaN, NaN, NaN, NaN, NaN","NaN, NaN, NaN, NaN, NaN, NaN"
-3.306122448979592,-0.8979591836734694,"NaN, NaN, NaN, NaN, NaN, NaN","NaN, NaN, NaN, NaN, NaN, NaN","NaN, NaN, NaN, NaN, NaN, NaN"
-3.306122448979592,-0.7346938775510204,"NaN, NaN, NaN, NaN, NaN, NaN","NaN, NaN, NaN, NaN, NaN, NaN","NaN, NaN, NaN, NaN, NaN, NaN"
-3.306122448979592,-0.5714285714285714,"NaN, NaN, NaN, NaN, NaN, NaN","NaN, NaN, NaN, NaN, NaN, NaN","NaN, NaN, NaN, NaN, NaN, NaN"
-3.306122448979592,-0.40816326530612246,"NaN, NaN, NaN, NaN, NaN, NaN","NaN, NaN, NaN, NaN, NaN, NaN","NaN, NaN, NaN, NaN, NaN, NaN"
-3.306122448979592,-0.24489795918367346,"NaN, NaN, NaN, NaN, NaN, NaN","NaN, NaN, NaN, NaN, NaN, NaN","NaN, NaN, NaN, NaN, NaN, NaN"
-3.306122448979592,-0.08163265306122448,"NaN, NaN, NaN, NaN, NaN, NaN","NaN, NaN, NaN, NaN, NaN, NaN","NaN, NaN, NaN, NaN, NaN, NaN"
-3.306122448979592,0.08163265306122448,"NaN, NaN, NaN, NaN, NaN, NaN","NaN, NaN, NaN, NaN, NaN, NaN","NaN, NaN, NaN, NaN, NaN, NaN"
-3.306122448979592,0.24489795918367346,"NaN, NaN, NaN, NaN, NaN, NaN","NaN, NaN, NaN, NaN, NaN, NaN","NaN, NaN, NaN, NaN, NaN, NaN"
-3.306122448979592,0.40816326530612246,"NaN, NaN, NaN, NaN, NaN, NaN","NaN, NaN, NaN, NaN, NaN, NaN","NaN, NaN, NaN, NaN, NaN, NaN"
-3.306122448979592,0.5714285714285714,"NaN, NaN, NaN, NaN, NaN, NaN","NaN, NaN, NaN, NaN, NaN, NaN","NaN, NaN, NaN, NaN, NaN, NaN"
-3.306122448979592,0.7346938775510204,"NaN, NaN, NaN, NaN, NaN, NaN","NaN, NaN, NaN, NaN, NaN, NaN","NaN, NaN, NaN, NaN, NaN, NaN"
-3.306122448979592,0.8979591836734694,"NaN, NaN, NaN, NaN, NaN, NaN","NaN, NaN, NaN, NaN, NaN, NaN","NaN, NaN, NaN, NaN, NaN, NaN"
-3.306122448979592,1.0612244897959184,"NaN, NaN, NaN, NaN, NaN, NaN","NaN, NaN, NaN, NaN, NaN, NaN","NaN, NaN, NaN, NaN, NaN, NaN"
-3.306122448979592,1.2244897959183674,"NaN, NaN, NaN, NaN, NaN, NaN","NaN, NaN, NaN, NaN, NaN, NaN","NaN, NaN, NaN, NaN, NaN, NaN"
-3.306122448979592,1.3877551020408163,"NaN, NaN, NaN, NaN, NaN, NaN","NaN, NaN, NaN, NaN, NaN, NaN","NaN, NaN, NaN, NaN, NaN, NaN"
-3.306122448979592,1.5510204081632653,"NaN, NaN, NaN, NaN, NaN, NaN","NaN, NaN, NaN, NaN, NaN, NaN","NaN, NaN, NaN, NaN, NaN, NaN"
-3.306122448979592,1.7142857142857142,"NaN, NaN, NaN, NaN, NaN, NaN","NaN, NaN, NaN, NaN, NaN, NaN","NaN, NaN, NaN, NaN, NaN, NaN"
-3.306122448979592,1.8775510204081634,"NaN, NaN, NaN, NaN, NaN, NaN","NaN, NaN, NaN, NaN, NaN, NaN","NaN, NaN, NaN, NaN, NaN, NaN"
-3.306122448979592,2.0408163265306123,"NaN, NaN, NaN, NaN, NaN, NaN","NaN, NaN, NaN, NaN, NaN, NaN","NaN, NaN, NaN, NaN, NaN, NaN"
-3.306122448979592,2.204081632653061,"NaN, NaN, NaN, NaN, NaN, NaN","NaN, NaN, NaN, NaN, NaN, NaN","NaN, NaN, NaN, NaN, NaN, NaN"
-3.306122448979592,2.36734693877551,"NaN, NaN, NaN, NaN, NaN, NaN","NaN, NaN, NaN, NaN, NaN, NaN","NaN, NaN, NaN, NaN, NaN, NaN"
-3.306122448979592,2.5306122448979593,"NaN, NaN, NaN, NaN, NaN, NaN","NaN, NaN, NaN, NaN, NaN, NaN","NaN, NaN, NaN, NaN, NaN, NaN"
-3.306122448979592,2.693877551020408,"NaN, NaN, NaN, NaN, NaN, NaN","NaN, NaN, NaN, NaN, NaN, NaN","NaN, NaN, NaN, NaN, NaN, NaN"
-3.306122448979592,2.857142857142857,"NaN, NaN, NaN, NaN, NaN, NaN","NaN, NaN, NaN, NaN, NaN, NaN","NaN, NaN, NaN, NaN, NaN, NaN"
-3.306122448979592,3.020408163265306,"NaN, NaN, NaN, NaN, NaN, NaN","NaN, NaN, NaN, NaN, NaN, NaN","NaN, NaN, NaN, NaN, NaN, NaN"
-3.306122448979592,3.183673469387755,"NaN, NaN, NaN, NaN, NaN, NaN","NaN, NaN, NaN, NaN, NaN, NaN","NaN, NaN, NaN, NaN, NaN, NaN"
-3.306122448979592,3.3469387755102042,"NaN, NaN, NaN, NaN, NaN, NaN","NaN, NaN, NaN, NaN, NaN, NaN","NaN, NaN, NaN, NaN, NaN, NaN"
-3.306122448979592,3.510204081632653,"NaN, NaN, NaN, NaN, NaN, NaN","NaN, NaN, NaN, NaN, NaN, NaN","NaN, NaN, NaN, NaN, NaN, NaN"
-3.306122448979592,3.673469387755102,"NaN, NaN, NaN, NaN, NaN, NaN","NaN, NaN, NaN, NaN, NaN, NaN","NaN, NaN, NaN, NaN, NaN, NaN"
-3.306122448979592,3.836734693877551,"NaN, NaN, NaN, NaN, NaN, NaN","NaN, NaN, NaN, NaN, NaN, NaN","NaN, NaN, NaN, NaN, NaN, NaN"
-3.306122448979592,4.0,"NaN, NaN, NaN, NaN, NaN, NaN","NaN, NaN, NaN, NaN, NaN, NaN","NaN, NaN, NaN, NaN, NaN, NaN"
-3.061224489795918,-4.0,"NaN, NaN, NaN, NaN, NaN, NaN","NaN, NaN, NaN, NaN, NaN, NaN","NaN, NaN, NaN, NaN, NaN, NaN"
-3.061224489795918,-3.836734693877551,"NaN, NaN, NaN, NaN, NaN, NaN","NaN, NaN, NaN, NaN, NaN, NaN","NaN, NaN, NaN, NaN, NaN, NaN"
-3.061224489795918,-3.673469387755102,"NaN, NaN, NaN, NaN, NaN, NaN","NaN, NaN, NaN, NaN, NaN, NaN","NaN, NaN, NaN, NaN, NaN, NaN"
-3.061224489795918,-3.510204081632653,"NaN, NaN, NaN, NaN, NaN, NaN","NaN, NaN, NaN, NaN, NaN, NaN","NaN, NaN, NaN, NaN, NaN, NaN"
-3.061224489795918,-3.3469387755102042,"NaN, NaN, NaN, NaN, NaN, NaN","NaN, NaN, NaN, NaN, NaN, NaN","NaN, NaN, NaN, NaN, NaN, NaN"
-3.061224489795918,-3.183673469387755,"NaN, NaN, NaN, NaN, NaN, NaN","NaN, NaN, NaN, NaN, NaN, NaN","NaN, NaN, NaN, NaN, NaN, NaN"
-3.061224489795918,-3.020408163265306,"NaN, NaN, NaN, NaN, NaN, NaN","NaN, NaN, NaN, NaN, NaN, NaN","NaN, NaN, NaN, NaN, NaN, NaN"
-3.061224489795918,-2.857142857142857,"NaN, NaN, NaN, NaN, NaN, NaN","NaN, NaN, NaN, NaN, NaN, NaN","NaN, NaN, NaN, NaN, NaN, NaN"
-3.061224489795918,-2.693877551020408,"NaN, NaN, NaN, NaN, NaN, NaN","NaN, NaN, NaN, NaN, NaN, NaN","NaN, NaN, NaN, NaN, NaN, NaN"
-3.061224489795918,-2.5306122448979593,"NaN, NaN, NaN, NaN, NaN, NaN","NaN, NaN, NaN, NaN, NaN, NaN","NaN, NaN, NaN, NaN, NaN, NaN"
-3.061224489795918,-2.36734693877551,"NaN, NaN, NaN, NaN, NaN, NaN","NaN, NaN, NaN, NaN, NaN, NaN","NaN, NaN, NaN, NaN, NaN, NaN"
-3.061224489795918,-2.204081632653061,"NaN, NaN, NaN, NaN, NaN, NaN","NaN, NaN, NaN, NaN, NaN, NaN","NaN, NaN, NaN, NaN, NaN, NaN"
-3.061224489795918,-2.0408163265306123,"NaN, NaN, NaN, NaN, NaN, NaN","NaN, NaN, NaN, NaN, NaN, NaN","NaN, NaN, NaN, NaN, NaN, NaN"
-3.061224489795918,-1.8775510204081634,"NaN, NaN, NaN, NaN, NaN, NaN","NaN, NaN, NaN, NaN, NaN, NaN","NaN, NaN, NaN, NaN, NaN, NaN"
-3.061224489795918,-1.7142857142857142,"NaN, NaN, NaN, NaN, NaN, NaN","NaN, NaN, NaN, NaN, NaN, NaN","NaN, NaN, NaN, NaN, NaN, NaN"
-3.061224489795918,-1.5510204081632653,"NaN, NaN, NaN, NaN, NaN, NaN","NaN, NaN, NaN, NaN, NaN, NaN","NaN, NaN, NaN, NaN, NaN, NaN"
-3.061224489795918,-1.3877551020408163,"NaN, NaN, NaN, NaN, NaN, NaN","NaN, NaN, NaN, NaN, NaN, NaN","NaN, NaN, NaN, NaN, NaN, NaN"
-3.061224489795918,-1.2244897959183674,"NaN, NaN, NaN, NaN, NaN, NaN","NaN, NaN, NaN, NaN, NaN, NaN","NaN, NaN, NaN, NaN, NaN, NaN"
-3.061224489795918,-1.0612244897959184,"NaN, NaN, NaN, NaN, NaN, NaN","NaN, NaN, NaN, NaN, NaN, NaN","NaN, NaN, NaN, NaN, NaN, NaN"
-3.061224489795918,-0.8979591836734694,"NaN, NaN, NaN, NaN, NaN, NaN","NaN, NaN, NaN, NaN, NaN, NaN","NaN, NaN, NaN, NaN, NaN, NaN"
-3.061224489795918,-0.7346938775510204,"NaN, NaN, NaN, NaN, NaN, NaN","NaN, NaN, NaN, NaN, NaN, NaN","NaN, NaN, NaN, NaN, NaN, NaN"
-3.061224489795918,-0.5714285714285714,"NaN, NaN, NaN, NaN, NaN, NaN","NaN, NaN, NaN, NaN, NaN, NaN","NaN, NaN, NaN, NaN, NaN, NaN"
-3.061224489795918,-0.40816326530612246,"NaN, NaN, NaN, NaN, NaN, NaN","NaN, NaN, NaN, NaN, NaN, NaN","NaN, NaN, NaN, NaN, NaN, NaN"
-3.061224489795918,-0.24489795918367346,"NaN, NaN, NaN, NaN, NaN, NaN","NaN, NaN, NaN, NaN, NaN, NaN","NaN, NaN, NaN, NaN, NaN, NaN"
-3.061224489795918,-0.08163265306122448,"NaN, NaN, NaN, NaN, NaN, NaN","NaN, NaN, NaN, NaN, NaN, NaN","NaN, NaN, NaN, NaN, NaN, NaN"
-3.061224489795918,0.08163265306122448,"NaN, NaN, NaN, NaN, NaN, NaN","NaN, NaN, NaN, NaN, NaN, NaN","NaN, NaN, NaN, NaN, NaN, NaN"
-3.061224489795918,0.24489795918367346,"NaN, NaN, NaN, NaN, NaN, NaN","NaN, NaN, NaN, NaN, NaN, NaN","NaN, NaN, NaN, NaN, NaN, NaN"
-3.061224489795918,0.40816326530612246,"NaN, NaN, NaN, NaN, NaN, NaN","NaN, NaN, NaN, NaN, NaN, NaN","NaN, NaN, NaN, NaN, NaN, NaN"
-3.061224489795918,0.5714285714285714,"NaN, NaN, NaN, NaN, NaN, NaN","NaN, NaN, NaN, NaN, NaN, NaN","NaN, NaN, NaN, NaN, NaN, NaN"
-3.061224489795918,0.7346938775510204,"NaN, NaN, NaN, NaN, NaN, NaN","NaN, NaN, NaN, NaN, NaN, NaN","NaN, NaN, NaN, NaN, NaN, NaN"
-3.061224489795918,0.8979591836734694,"NaN, NaN, NaN, NaN, NaN, NaN","NaN, NaN, NaN, NaN, NaN, NaN","NaN, NaN, NaN, NaN, NaN, NaN"
-3.061224489795918,1.0612244897959184,"NaN, NaN, NaN, NaN, NaN, NaN","NaN, NaN, NaN, NaN, NaN, NaN","NaN, NaN, NaN, NaN, NaN, NaN"
-3.061224489795918,1.2244897959183674,"NaN, NaN, NaN, NaN, NaN, NaN","NaN, NaN, NaN, NaN, NaN, NaN","NaN, NaN, NaN, NaN, NaN, NaN"
-3.061224489795918,1.3877551020408163,"NaN, NaN, NaN, NaN, NaN, NaN","NaN, NaN, NaN, NaN, NaN, NaN","NaN, NaN, NaN, NaN, NaN, NaN"
-3.061224489795918,1.5510204081632653,"NaN, NaN, NaN, NaN, NaN, NaN","NaN, NaN, NaN, NaN, NaN, NaN","NaN, NaN, NaN, NaN, NaN, NaN"
-3.061224489795918,1.7142857142857142,"NaN, NaN, NaN, NaN, NaN, NaN","NaN, NaN, NaN, NaN, NaN, NaN","NaN, NaN, NaN, NaN, NaN, NaN"
-3.061224489795918,1.8775510204081634,"NaN, NaN, NaN, NaN, NaN, NaN","NaN, NaN, NaN, NaN, NaN, NaN","NaN, NaN, NaN, NaN, NaN, NaN"
-3.061224489795918,2.0408163265306123,"NaN, NaN, NaN, NaN, NaN, NaN","NaN, NaN, NaN, NaN, NaN, NaN","NaN, NaN, NaN, NaN, NaN, NaN"
-3.061224489795918,2.204081632653061,"NaN, NaN, NaN, NaN, NaN, NaN","NaN, NaN, NaN, NaN, NaN, NaN","NaN, NaN, NaN, NaN, NaN, NaN"
-3.061224489795918,2.36734693877551,"NaN, NaN, NaN, NaN, NaN, NaN","NaN, NaN, NaN, NaN, NaN, NaN","NaN, NaN, NaN, NaN, NaN, NaN"
-3.061224489795918,2.5306122448979593,"NaN, NaN, NaN, NaN, NaN, NaN","NaN, NaN, NaN, NaN, NaN, NaN","NaN, NaN, NaN, NaN, NaN, NaN"
-3.061224489795918,2.693877551020408,"NaN, NaN, NaN, NaN, NaN, NaN","NaN, NaN, NaN, NaN, NaN, NaN","NaN, NaN, NaN, NaN, NaN, NaN"
-3.061224489795918,2.857142857142857,"NaN, NaN, NaN, NaN, NaN, NaN","NaN, NaN, NaN, NaN, NaN, NaN","NaN, NaN, NaN, NaN, NaN, NaN"
-3.061224489795918,3.020408163265306,"NaN, NaN, NaN, NaN, NaN, NaN","NaN, NaN, NaN, NaN, NaN, NaN","NaN, NaN, NaN, NaN, NaN, NaN"
-3.061224489795918,3.183673469387755,"NaN, NaN, NaN, NaN, NaN, NaN","NaN, NaN, NaN, NaN, NaN, NaN","NaN, NaN, NaN, NaN, NaN, NaN"
-3.061224489795918,3.3469387755102042,"NaN, NaN, NaN, NaN, NaN, NaN","NaN, NaN, NaN, NaN, NaN, NaN","NaN, NaN, NaN, NaN, NaN, NaN"
-3.061224489795918,3.510204081632653,"NaN, NaN, NaN, NaN, NaN, NaN","NaN, NaN, NaN, NaN, NaN, NaN","NaN, NaN, NaN, NaN, NaN, NaN"
-3.061224489795918,3.673469387755102,"NaN, NaN, NaN, NaN, NaN, NaN","NaN, NaN, NaN, NaN, NaN, NaN","NaN, NaN, NaN, NaN, NaN, NaN"
-3.061224489795918,3.836734693877551,"NaN, NaN, NaN, NaN, NaN, NaN","NaN, NaN, NaN, NaN, NaN, NaN","NaN, NaN, NaN, NaN, NaN, NaN"
-3.061224489795918,4.0,"NaN, NaN, NaN, NaN, NaN, NaN","NaN, NaN, NaN, NaN, NaN, NaN","NaN, NaN, NaN, NaN, NaN, NaN"
-2.816326530612245,-4.0,"NaN, NaN, NaN, NaN, NaN, NaN","NaN, NaN, NaN, NaN, NaN, NaN","NaN, NaN, NaN, NaN, NaN, NaN"
-2.816326530612245,-3.836734693877551,"NaN, NaN, NaN, NaN, NaN, NaN","NaN, NaN, NaN, NaN, NaN, NaN","NaN, NaN, NaN, NaN, NaN, NaN"
-2.816326530612245,-3.673469387755102,"NaN, NaN, NaN, NaN, NaN, NaN","NaN, NaN, NaN, NaN, NaN, NaN","NaN, NaN, NaN, NaN, NaN, NaN"
-2.816326530612245,-3.510204081632653,"NaN, NaN, NaN, NaN, NaN, NaN","NaN, NaN, NaN, NaN, NaN, NaN","NaN, NaN, NaN, NaN, NaN, NaN"
-2.816326530612245,-3.3469387755102042,"NaN, NaN, NaN, NaN, NaN, NaN","NaN, NaN, NaN, NaN, NaN, NaN","NaN, NaN, NaN, NaN, NaN, NaN"
-2.816326530612245,-3.183673469387755,"NaN, NaN, NaN, NaN, NaN, NaN","NaN, NaN, NaN, NaN, NaN, NaN","NaN, NaN, NaN, NaN, NaN, NaN"
-2.816326530612245,-3.020408163265306,"NaN, NaN, NaN, NaN, NaN, NaN","NaN, NaN, NaN, NaN, NaN, NaN","NaN, NaN, NaN, NaN, NaN, NaN"
-2.816326530612245,-2.857142857142857,"NaN, NaN, NaN, NaN, NaN, NaN","NaN, NaN, NaN, NaN, NaN, NaN","NaN, NaN, NaN, NaN, NaN, NaN"
-2.816326530612245,-2.693877551020408,"NaN, NaN, NaN, NaN, NaN, NaN","NaN, NaN, NaN, NaN, NaN, NaN","NaN, NaN, NaN, NaN, NaN, NaN"
-2.816326530612245,-2.5306122448979593,"NaN, NaN, NaN, NaN, NaN, NaN","NaN, NaN, NaN, NaN, NaN, NaN","NaN, NaN, NaN, NaN, NaN, NaN"
-2.816326530612245,-2.36734693877551,"NaN, NaN, NaN, NaN, NaN, NaN","NaN, NaN, NaN, NaN, NaN, NaN","NaN, NaN, NaN, NaN, NaN, NaN"
-2.816326530612245,-2.204081632653061,"NaN, NaN, NaN, NaN, NaN, NaN","NaN, NaN, NaN, NaN, NaN, NaN","NaN, NaN, NaN, NaN, NaN, NaN"
-2.816326530612245,-2.0408163265306123,"NaN, NaN, NaN, NaN, NaN, NaN","NaN, NaN, NaN, NaN, NaN, NaN","NaN, NaN, NaN, NaN, NaN, NaN"
-2.816326530612245,-1.8775510204081634,"NaN, NaN, NaN, NaN, NaN, NaN","NaN, NaN, NaN, NaN, NaN, NaN","NaN, NaN, NaN, NaN, NaN, NaN"
-2.816326530612245,-1.7142857142857142,"NaN, NaN, NaN, NaN, NaN, NaN","NaN, NaN, NaN, NaN, NaN, NaN","NaN, NaN, NaN, NaN, NaN, NaN"
-2.816326530612245,-1.5510204081632653,"NaN, NaN, NaN, NaN, NaN, NaN","NaN, NaN, NaN, NaN, NaN, NaN","NaN, NaN, NaN, NaN, NaN, NaN"
-2.816326530612245,-1.3877551020408163,"NaN, NaN, NaN, NaN, NaN, NaN","NaN, NaN, NaN, NaN, NaN, NaN","NaN, NaN, NaN, NaN, NaN, NaN"
-2.816326530612245,-1.2244897959183674,"NaN, NaN, NaN, NaN, NaN, NaN","NaN, NaN, NaN, NaN, NaN, NaN","NaN, NaN, NaN, NaN, NaN, NaN"
-2.816326530612245,-1.0612244897959184,"NaN, NaN, NaN, NaN, NaN, NaN","NaN, NaN, NaN, NaN, NaN, NaN","NaN, NaN, NaN, NaN, NaN, NaN"
-2.816326530612245,-0.8979591836734694,"NaN, NaN, NaN, NaN, NaN, NaN","NaN, NaN, NaN, NaN, NaN, NaN","NaN, NaN, NaN, NaN, NaN, NaN"
-2.816326530612245,-0.7346938775510204,"NaN, NaN, NaN, NaN, NaN, NaN","NaN, NaN, NaN, NaN, NaN, NaN","NaN, NaN, NaN, NaN, NaN, NaN"
-2.816326530612245,-0.5714285714285714,"NaN, NaN, NaN, NaN, NaN, NaN","NaN, NaN, NaN, NaN, NaN, NaN","NaN, NaN, NaN, NaN, NaN, NaN"
-2.816326530612245,-0.40816326530612246,"NaN, NaN, NaN, NaN, NaN, NaN","NaN, NaN, NaN, NaN, NaN, NaN","NaN, NaN, NaN, NaN, NaN, NaN"
-2.816326530612245,-0.24489795918367346,"NaN, NaN, NaN, NaN, NaN, NaN","NaN, NaN, NaN, NaN, NaN, NaN","NaN, NaN, NaN, NaN, NaN, NaN"
-2.816326530612245,-0.08163265306122448,"NaN, NaN, NaN, NaN, NaN, NaN","NaN, NaN, NaN, NaN, NaN, NaN","NaN, NaN, NaN, NaN, NaN, NaN"
-2.816326530612245,0.08163265306122448,"NaN, NaN, NaN, NaN, NaN, NaN","NaN, NaN, NaN, NaN, NaN, NaN","NaN, NaN, NaN, NaN, NaN, NaN"
-2.816326530612245,0.24489795918367346,"NaN, NaN, NaN, NaN, NaN, NaN","NaN, NaN, NaN, NaN, NaN, NaN","NaN, NaN, NaN, NaN, NaN, NaN"
-2.816326530612245,0.40816326530612246,"NaN, NaN, NaN, NaN, NaN, NaN","NaN, NaN, NaN, NaN, NaN, NaN","NaN, NaN, NaN, NaN, NaN, NaN"
-2.816326530612245,0.5714285714285714,"NaN, NaN, NaN, NaN, NaN, NaN","NaN, NaN, NaN, NaN, NaN, NaN","NaN, NaN, NaN, NaN, NaN, NaN"
-2.816326530612245,0.7346938775510204,"NaN, NaN, NaN, NaN, NaN, NaN","NaN, NaN, NaN, NaN, NaN, NaN","NaN, NaN, NaN, NaN, NaN, NaN"
-2.816326530612245,0.8979591836734694,"NaN, NaN, NaN, NaN, NaN, NaN","NaN, NaN, NaN, NaN, NaN, NaN","NaN, NaN, NaN, NaN, NaN, NaN"
-2.816326530612245,1.0612244897959184,"NaN, NaN, NaN, NaN, NaN, NaN","NaN, NaN, NaN, NaN, NaN, NaN","NaN, NaN, NaN, NaN, NaN, NaN"
-2.816326530612245,1.2244897959183674,"NaN, NaN, NaN, NaN, NaN, NaN","NaN, NaN, NaN, NaN, NaN, NaN","NaN, NaN, NaN, NaN, NaN, NaN"
-2.816326530612245,1.3877551020408163,"NaN, NaN, NaN, NaN, NaN, NaN","NaN, NaN, NaN, NaN, NaN, NaN","NaN, NaN, NaN, NaN, NaN, NaN"
-2.816326530612245,1.5510204081632653,"NaN, NaN, NaN, NaN, NaN, NaN","NaN, NaN, NaN, NaN, NaN, NaN","NaN, NaN, NaN, NaN, NaN, NaN"
-2.816326530612245,1.7142857142857142,"NaN, NaN, NaN, NaN, NaN, NaN","NaN, NaN, NaN, NaN, NaN, NaN","NaN, NaN, NaN, NaN, NaN, NaN"
-2.816326530612245,1.8775510204081634,"NaN, NaN, NaN, NaN, NaN, NaN","NaN, NaN, NaN, NaN, NaN, NaN","NaN, NaN, NaN, NaN, NaN, NaN"
-2.816326530612245,2.0408163265306123,"NaN, NaN, NaN, NaN, NaN, NaN","NaN, NaN, NaN, NaN, NaN, NaN","NaN, NaN, NaN, NaN, NaN, NaN"
-2.816326530612245,2.204081632653061,"NaN, NaN, NaN, NaN, NaN, NaN","NaN, NaN, NaN, NaN, NaN, NaN","NaN, NaN, NaN, NaN, NaN, NaN"
-2.816326530612245,2.36734693877551,"NaN, NaN, NaN, NaN, NaN, NaN","NaN, NaN, NaN, NaN, NaN, NaN","NaN, NaN, NaN, NaN, NaN, NaN"
-2.816326530612245,2.5306122448979593,"NaN, NaN, NaN, NaN, NaN, NaN","NaN, NaN, NaN, NaN, NaN, NaN","NaN, NaN, NaN, NaN, NaN, NaN"
-2.816326530612245,2.693877551020408,"NaN, NaN, NaN, NaN, NaN, NaN","NaN, NaN, NaN, NaN, NaN, NaN","NaN, NaN, NaN, NaN, NaN, NaN"
-2.816326530612245,2.857142857142857,"NaN, NaN, NaN, NaN, NaN, NaN","NaN, NaN, NaN, NaN, NaN, NaN","NaN, NaN, NaN, NaN, NaN, NaN"
-2.816326530612245,3.020408163265306,"NaN, NaN, NaN, NaN, NaN, NaN","NaN, NaN, NaN, NaN, NaN, NaN","NaN, NaN, NaN, NaN, NaN, NaN"
-2.816326530612245,3.183673469387755,"NaN, NaN, NaN, NaN, NaN, NaN","NaN, NaN, NaN, NaN, NaN, NaN","NaN, NaN, NaN, NaN, NaN, NaN"
-2.816326530612245,3.3469387755102042,"NaN, NaN, NaN, NaN, NaN, NaN","NaN, NaN, NaN, NaN, NaN, NaN","NaN, NaN, NaN, NaN, NaN, NaN"
-2.816326530612245,3.510204081632653,"NaN, NaN, NaN, NaN, NaN, NaN","NaN, NaN, NaN, NaN, NaN, NaN","NaN, NaN, NaN, NaN, NaN, NaN"
-2.816326530612245,3.673469387755102,"NaN, NaN, NaN, NaN, NaN, NaN","NaN, NaN, NaN, NaN, NaN, NaN","NaN, NaN, NaN, NaN, NaN, NaN"
-2.816326530612245,3.836734693877551,"NaN, NaN, NaN, NaN, NaN, NaN","NaN, NaN, NaN, NaN, NaN, NaN","NaN, NaN, NaN, NaN, NaN, NaN"
-2.816326530612245,4.0,"NaN, NaN, NaN, NaN, NaN, NaN","NaN, NaN, NaN, NaN, NaN, NaN","NaN, NaN, NaN, NaN, NaN, NaN"
-2.5714285714285716,-4.0,"NaN, NaN, NaN, NaN, NaN, NaN","NaN, NaN, NaN, NaN, NaN, NaN","NaN, NaN, NaN, NaN, NaN, NaN"
-2.5714285714285716,-3.836734693877551,"NaN, NaN, NaN, NaN, NaN, NaN","NaN, NaN, NaN, NaN, NaN, NaN","NaN, NaN, NaN, NaN, NaN, NaN"
-2.5714285714285716,-3.673469387755102,"NaN, NaN, NaN, NaN, NaN, NaN","NaN, NaN, NaN, NaN, NaN, NaN","NaN, NaN, NaN, NaN, NaN, NaN"
-2.5714285714285716,-3.510204081632653,"NaN, NaN, NaN, NaN, NaN, NaN","NaN, NaN, NaN, NaN, NaN, NaN","NaN, NaN, NaN, NaN, NaN, NaN"
-2.5714285714285716,-3.3469387755102042,"NaN, NaN, NaN, NaN, NaN, NaN","NaN, NaN, NaN, NaN, NaN, NaN","NaN, NaN, NaN, NaN, NaN, NaN"
-2.5714285714285716,-3.183673469387755,"NaN, NaN, NaN, NaN, NaN, NaN","NaN, NaN, NaN, NaN, NaN, NaN","NaN, NaN, NaN, NaN, NaN, NaN"
-2.5714285714285716,-3.020408163265306,"NaN, NaN, NaN, NaN, NaN, NaN","NaN, NaN, NaN, NaN, NaN, NaN","NaN, NaN, NaN, NaN, NaN, NaN"
-2.5714285714285716,-2.857142857142857,"NaN, NaN, NaN, NaN, NaN, NaN","NaN, NaN, NaN, NaN, NaN, NaN","NaN, NaN, NaN, NaN, NaN, NaN"
-2.5714285714285716,-2.693877551020408,"NaN, NaN, NaN, NaN, NaN, NaN","NaN, NaN, NaN, NaN, NaN, NaN","NaN, NaN, NaN, NaN, NaN, NaN"
-2.5714285714285716,-2.5306122448979593,"NaN, NaN, NaN, NaN, NaN, NaN","NaN, NaN, NaN, NaN, NaN, NaN","NaN, NaN, NaN, NaN, NaN, NaN"
-2.5714285714285716,-2.36734693877551,"NaN, NaN, NaN, NaN, NaN, NaN","NaN, NaN, NaN, NaN, NaN, NaN","NaN, NaN, NaN, NaN, NaN, NaN"
-2.5714285714285716,-2.204081632653061,"NaN, NaN, NaN, NaN, NaN, NaN","NaN, NaN, NaN, NaN, NaN, NaN","NaN, NaN, NaN, NaN, NaN, NaN"
-2.5714285714285716,-2.0408163265306123,"NaN, NaN, NaN, NaN, NaN, NaN","NaN, NaN, NaN, NaN, NaN, NaN","NaN, NaN, NaN, NaN, NaN, NaN"
-2.5714285714285716,-1.8775510204081634,"NaN, NaN, NaN, NaN, NaN, NaN","NaN, NaN, NaN, NaN, NaN, NaN","NaN, NaN, NaN, NaN, NaN, NaN"
-2.5714285714285716,-1.7142857142857142,"NaN, NaN, NaN, NaN, NaN, NaN","NaN, NaN, NaN, NaN, NaN, NaN","NaN, NaN, NaN, NaN, NaN, NaN"
-2.5714285714285716,-1.5510204081632653,"NaN, NaN, NaN, NaN, NaN, NaN","NaN, NaN, NaN, NaN, NaN, NaN","NaN, NaN, NaN, NaN, NaN, NaN"
-2.5714285714285716,-1.3877551020408163,"NaN, NaN, NaN, NaN, NaN, NaN","NaN, NaN, NaN, NaN, NaN, NaN","NaN, NaN, NaN, NaN, NaN, NaN"
-2.5714285714285716,-1.2244897959183674,"NaN, NaN, NaN, NaN, NaN, NaN","NaN, NaN, NaN, NaN, NaN, NaN","NaN, NaN, NaN, NaN, NaN, NaN"
-2.5714285714285716,-1.0612244897959184,"NaN, NaN, NaN, NaN, NaN, NaN","NaN, NaN, NaN, NaN, NaN, NaN","NaN, NaN, NaN, NaN, NaN, NaN"
-2.5714285714285716,-0.8979591836734694,"NaN, NaN, NaN, NaN, NaN, NaN","NaN, NaN, NaN, NaN, NaN, NaN","NaN, NaN, NaN, NaN, NaN, NaN"
-2.5714285714285716,-0.7346938775510204,"NaN, NaN, NaN, NaN, NaN, NaN","NaN, NaN, NaN, NaN, NaN, NaN","NaN, NaN, NaN, NaN, NaN, NaN"
-2.5714285714285716,-0.5714285714285714,"NaN, NaN, NaN, NaN, NaN, NaN","NaN, NaN, NaN, NaN, NaN, NaN","NaN, NaN, NaN, NaN, NaN, NaN"
-2.5714285714285716,-0.40816326530612246,"NaN, NaN, NaN, NaN, NaN, NaN","NaN, NaN, NaN, NaN, NaN, NaN","NaN, NaN, NaN, NaN, NaN, NaN"
-2.5714285714285716,-0.24489795918367346,"NaN, NaN, NaN, NaN, NaN, NaN","NaN, NaN, NaN, NaN, NaN, NaN","NaN, NaN, NaN, NaN, NaN, NaN"
-2.5714285714285716,-0.08163265306122448,"NaN, NaN, NaN, NaN, NaN, NaN","NaN, NaN, NaN, NaN, NaN, NaN","NaN, NaN, NaN, NaN, NaN, NaN"
-2.5714285714285716,0.08163265306122448,"NaN, NaN, NaN, NaN, NaN, NaN","NaN, NaN, NaN, NaN, NaN, NaN","NaN, NaN, NaN, NaN, NaN, NaN"
-2.5714285714285716,0.24489795918367346,"NaN, NaN, NaN, NaN, NaN, NaN","NaN, NaN, NaN, NaN, NaN, NaN","NaN, NaN, NaN, NaN, NaN, NaN"
-2.5714285714285716,0.40816326530612246,"NaN, NaN, NaN, NaN, NaN, NaN","NaN, NaN, NaN, NaN, NaN, NaN","NaN, NaN, NaN, NaN, NaN, NaN"
-2.5714285714285716,0.5714285714285714,"NaN, NaN, NaN, NaN, NaN, NaN","NaN, NaN, NaN, NaN, NaN, NaN","NaN, NaN, NaN, NaN, NaN, NaN"
-2.5714285714285716,0.7346938775510204,"NaN, NaN, NaN, NaN, NaN, NaN","NaN, NaN, NaN, NaN, NaN, NaN","NaN, NaN, NaN, NaN, NaN, NaN"
-2.5714285714285716,0.8979591836734694,"NaN, NaN, NaN, NaN, NaN, NaN","NaN, NaN, NaN, NaN, NaN, NaN","NaN, NaN, NaN, NaN, NaN, NaN"
-2.5714285714285716,1.0612244897959184,"NaN, NaN, NaN, NaN, NaN, NaN","NaN, NaN, NaN, NaN, NaN, NaN","NaN, NaN, NaN, NaN, NaN, NaN"
-2.5714285714285716,1.2244897959183674,"NaN, NaN, NaN, NaN, NaN, NaN","NaN, NaN, NaN, NaN, NaN, NaN","NaN, NaN, NaN, NaN, NaN, NaN"
-2.5714285714285716,1.3877551020408163,"NaN, NaN, NaN, NaN, NaN, NaN","NaN, NaN, NaN, NaN, NaN, NaN","NaN, NaN, NaN, NaN, NaN, NaN"
-2.5714285714285716,1.5510204081632653,"NaN, NaN, NaN, NaN, NaN, NaN","NaN, NaN, NaN, NaN, NaN, NaN","NaN, NaN, NaN, NaN, NaN, NaN"
-2.5714285714285716,1.7142857142857142,"NaN, NaN, NaN, NaN, NaN, NaN","NaN, NaN, NaN, NaN, NaN, NaN","NaN, NaN, NaN, NaN, NaN, NaN"
-2.5714285714285716,1.8775510204081634,"NaN, NaN, NaN, NaN, NaN, NaN","NaN, NaN, NaN, NaN, NaN, NaN","NaN, NaN, NaN, NaN, NaN, NaN"
-2.5714285714285716,2.0408163265306123,"NaN, NaN, NaN, NaN, NaN, NaN","NaN, NaN, NaN, NaN, NaN, NaN","NaN, NaN, NaN, NaN, NaN, NaN"
-2.5714285714285716,2.204081632653061,"NaN, NaN, NaN, NaN, NaN, NaN","NaN, NaN, NaN, NaN, NaN, NaN","NaN, NaN, NaN, NaN, NaN, NaN"
-2.5714285714285716,2.36734693877551,"NaN, NaN, NaN, NaN, NaN, NaN","NaN, NaN, NaN, NaN, NaN, NaN","NaN, NaN, NaN, NaN, NaN, NaN"
-2.5714285714285716,2.5306122448979593,"NaN, NaN, NaN, NaN, NaN, NaN","NaN, NaN, NaN, NaN, NaN, NaN","NaN, NaN, NaN, NaN, NaN, NaN"
-2.5714285714285716,2.693877551020408,"NaN, NaN, NaN, NaN, NaN, NaN","NaN, NaN, NaN, NaN, NaN, NaN","NaN, NaN, NaN, NaN, NaN, NaN"
-2.5714285714285716,2.857142857142857,"NaN, NaN, NaN, NaN, NaN, NaN","NaN, NaN, NaN, NaN, NaN, NaN","NaN, NaN, NaN, NaN, NaN, NaN"
-2.5714285714285716,3.020408163265306,"NaN, NaN, NaN, NaN, NaN, NaN","NaN, NaN, NaN, NaN, NaN, NaN","NaN, NaN, NaN, NaN, NaN, NaN"
-2.5714285714285716,3.183673469387755,"NaN, NaN, NaN, NaN, NaN, NaN","NaN, NaN, NaN, NaN, NaN, NaN","NaN, NaN, NaN, NaN, NaN, NaN"
-2.5714285714285716,3.3469387755102042,"NaN, NaN, NaN, NaN, NaN, NaN","NaN, NaN, NaN, NaN, NaN, NaN","NaN, NaN, NaN, NaN, NaN, NaN"
-2.5714285714285716,3.510204081632653,"NaN, NaN, NaN, NaN, NaN, NaN","NaN, NaN, NaN, NaN, NaN, NaN","NaN, NaN, NaN, NaN, NaN, NaN"
-2.5714285714285716,3.673469387755102,"NaN, NaN, NaN, NaN, NaN, NaN","NaN, NaN, NaN, NaN, NaN, NaN","NaN, NaN, NaN, NaN, NaN, NaN"
-2.5714285714285716,3.836734693877551,"NaN, NaN, NaN, NaN, NaN, NaN","NaN, NaN, NaN, NaN, NaN, NaN","NaN, NaN, NaN, NaN, NaN, NaN"
-2.5714285714285716,4.0,"NaN, NaN, NaN, NaN, NaN, NaN","NaN, NaN, NaN, NaN, NaN, NaN","NaN, NaN, NaN, NaN, NaN, NaN"
-2.326530612244898,-4.0,"NaN, NaN, NaN, NaN, NaN, NaN","NaN, NaN, NaN, NaN, NaN, NaN","NaN, NaN, NaN, NaN, NaN, NaN"
-2.326530612244898,-3.836734693877551,"NaN, NaN, NaN, NaN, NaN, NaN","NaN, NaN, NaN, NaN, NaN, NaN","NaN, NaN, NaN, NaN, NaN, NaN"
-2.326530612244898,-3.673469387755102,"NaN, NaN, NaN, NaN, NaN, NaN","NaN, NaN, NaN, NaN, NaN, NaN","NaN, NaN, NaN, NaN, NaN, NaN"
-2.326530612244898,-3.510204081632653,"NaN, NaN, NaN, NaN, NaN, NaN","NaN, NaN, NaN, NaN, NaN, NaN","NaN, NaN, NaN, NaN, NaN, NaN"
-2.326530612244898,-3.3469387755102042,"NaN, NaN, NaN, NaN, NaN, NaN","NaN, NaN, NaN, NaN, NaN, NaN","NaN, NaN, NaN, NaN, NaN, NaN"
-2.326530612244898,-3.183673469387755,"NaN, NaN, NaN, NaN, NaN, NaN","NaN, NaN, NaN, NaN, NaN, NaN","NaN, NaN, NaN, NaN, NaN, NaN"
-2.326530612244898,-3.020408163265306,"NaN, NaN, NaN, NaN, NaN, NaN","NaN, NaN, NaN, NaN, NaN, NaN","NaN, NaN, NaN, NaN, NaN, NaN"
-2.326530612244898,-2.857142857142857,"NaN, NaN, NaN, NaN, NaN, NaN","NaN, NaN, NaN, NaN, NaN, NaN","NaN, NaN, NaN, NaN, NaN, NaN"
-2.326530612244898,-2.693877551020408,"NaN, NaN, NaN, NaN, NaN, NaN","NaN, NaN, NaN, NaN, NaN, NaN","NaN, NaN, NaN, NaN, NaN, NaN"
-2.326530612244898,-2.5306122448979593,"NaN, NaN, NaN, NaN, NaN, NaN","NaN, NaN, NaN, NaN, NaN, NaN","NaN, NaN, NaN, NaN, NaN, NaN"
-2.326530612244898,-2.36734693877551,"NaN, NaN, NaN, NaN, NaN, NaN","NaN, NaN, NaN, NaN, NaN, NaN","NaN, NaN, NaN, NaN, NaN, NaN"
-2.326530612244898,-2.204081632653061,"NaN, NaN, NaN, NaN, NaN, NaN","NaN, NaN, NaN, NaN, NaN, NaN","NaN, NaN, NaN, NaN, NaN, NaN"
-2.326530612244898,-2.0408163265306123,"NaN, NaN, NaN, NaN, NaN, NaN","NaN, NaN, NaN, NaN, NaN, NaN","NaN, NaN, NaN, NaN, NaN, NaN"
-2.326530612244898,-1.8775510204081634,"NaN, NaN, NaN, NaN, NaN, NaN","NaN, NaN, NaN, NaN, NaN, NaN","NaN, NaN, NaN, NaN, NaN, NaN"
-2.326530612244898,-1.7142857142857142,"NaN, NaN, NaN, NaN, NaN, NaN","NaN, NaN, NaN, NaN, NaN, NaN","NaN, NaN, NaN, NaN, NaN, NaN"
-2.326530612244898,-1.5510204081632653,"NaN, NaN, NaN, NaN, NaN, NaN","NaN, NaN, NaN, NaN, NaN, NaN","NaN, NaN, NaN, NaN, NaN, NaN"
-2.326530612244898,-1.3877551020408163,"NaN, NaN, NaN, NaN, NaN, NaN","NaN, NaN, NaN, NaN, NaN, NaN","NaN, NaN, NaN, NaN, NaN, NaN"
-2.326530612244898,-1.2244897959183674,"NaN, NaN, NaN, NaN, NaN, NaN","NaN, NaN, NaN, NaN, NaN, NaN","NaN, NaN, NaN, NaN, NaN, NaN"
-2.326530612244898,-1.0612244897959184,"NaN, NaN, NaN, NaN, NaN, NaN","NaN, NaN, NaN, NaN, NaN, NaN","NaN, NaN, NaN, NaN, NaN, NaN"
-2.326530612244898,-0.8979591836734694,"NaN, NaN, NaN, NaN, NaN, NaN","NaN, NaN, NaN, NaN, NaN, NaN","NaN, NaN, NaN, NaN, NaN, NaN"
-2.326530612244898,-0.7346938775510204,"NaN, NaN, NaN, NaN, NaN, NaN","NaN, NaN, NaN, NaN, NaN, NaN","NaN, NaN, NaN, NaN, NaN, NaN"
-2.326530612244898,-0.5714285714285714,"NaN, NaN, NaN, NaN, NaN, NaN","NaN, NaN, NaN, NaN, NaN, NaN","NaN, NaN, NaN, NaN, NaN, NaN"
-2.326530612244898,-0.40816326530612246,"NaN, NaN, NaN, NaN, NaN, NaN","NaN, NaN, NaN, NaN, NaN, NaN","NaN, NaN, NaN, NaN, NaN, NaN"
-2.326530612244898,-0.24489795918367346,"NaN, NaN, NaN, NaN, NaN, NaN","NaN, NaN, NaN, NaN, NaN, NaN","NaN, NaN, NaN, NaN, NaN, NaN"
-2.326530612244898,-0.08163265306122448,"NaN, NaN, NaN, NaN, NaN, NaN","NaN, NaN, NaN, NaN, NaN, NaN","NaN, NaN, NaN, NaN, NaN, NaN"
-2.326530612244898,0.08163265306122448,"NaN, NaN, NaN, NaN, NaN, NaN","NaN, NaN, NaN, NaN, NaN, NaN","NaN, NaN, NaN, NaN, NaN, NaN"
-2.326530612244898,0.24489795918367346,"NaN, NaN, NaN, NaN, NaN, NaN","NaN, NaN, NaN, NaN, NaN, NaN","NaN, NaN, NaN, NaN, NaN, NaN"
-2.326530612244898,0.40816326530612246,"NaN, NaN, NaN, NaN, NaN, NaN","NaN, NaN, NaN, NaN, NaN, NaN","NaN, NaN, NaN, NaN, NaN, NaN"
-2.326530612244898,0.5714285714285714,"NaN, NaN, NaN, NaN, NaN, NaN","NaN, NaN, NaN, NaN, NaN, NaN","NaN, NaN, NaN, NaN, NaN, NaN"
-2.326530612244898,0.7346938775510204,"NaN, NaN, NaN, NaN, NaN, NaN","NaN, NaN, NaN, NaN, NaN, NaN","NaN, NaN, NaN, NaN, NaN, NaN"
-2.326530612244898,0.8979591836734694,"NaN, NaN, NaN, NaN, NaN, NaN","NaN, NaN, NaN, NaN, NaN, NaN","NaN, NaN, NaN, NaN, NaN, NaN"
-2.326530612244898,1.0612244897959184,"NaN, NaN, NaN, NaN, NaN, NaN","NaN, NaN, NaN, NaN, NaN, NaN","NaN, NaN, NaN, NaN, NaN, NaN"
-2.326530612244898,1.2244897959183674,"NaN, NaN, NaN, NaN, NaN, NaN","NaN, NaN, NaN, NaN, NaN, NaN","NaN, NaN, NaN, NaN, NaN, NaN"
-2.326530612244898,1.3877551020408163,"NaN, NaN, NaN, NaN, NaN, NaN","NaN, NaN, NaN, NaN, NaN, NaN","NaN, NaN, NaN, NaN, NaN, NaN"
-2.326530612244898,1.5510204081632653,"NaN, NaN, NaN, NaN, NaN, NaN","NaN, NaN, NaN, NaN, NaN, NaN","NaN, NaN, NaN, NaN, NaN, NaN"
-2.326530612244898,1.7142857142857142,"NaN, NaN, NaN, NaN, NaN, NaN","NaN, NaN, NaN, NaN, NaN, NaN","NaN, NaN, NaN, NaN, NaN, NaN"
-2.326530612244898,1.8775510204081634,"NaN, NaN, NaN, NaN, NaN, NaN","NaN, NaN, NaN, NaN, NaN, NaN","NaN, NaN, NaN, NaN, NaN, NaN"
-2.326530612244898,2.0408163265306123,"NaN, NaN, NaN, NaN, NaN, NaN","NaN, NaN, NaN, NaN, NaN, NaN","NaN, NaN, NaN, NaN, NaN, NaN"
-2.326530612244898,2.204081632653061,"NaN, NaN, NaN, NaN, NaN, NaN","NaN, NaN, NaN, NaN, NaN, NaN","NaN, NaN, NaN, NaN, NaN, NaN"
-2.326530612244898,2.36734693877551,"NaN, NaN, NaN, NaN, NaN, NaN","NaN, NaN, NaN, NaN, NaN, NaN","NaN, NaN, NaN, NaN, NaN, NaN"
-2.326530612244898,2.5306122448979593,"NaN, NaN, NaN, NaN, NaN, NaN","NaN, NaN, NaN, NaN, NaN, NaN","NaN, NaN, NaN, NaN, NaN, NaN"
-2.326530612244898,2.693877551020408,"NaN, NaN, NaN, NaN, NaN, NaN","NaN, NaN, NaN, NaN, NaN, NaN","NaN, NaN, NaN, NaN, NaN, NaN"
-2.326530612244898,2.857142857142857,"NaN, NaN, NaN, NaN, NaN, NaN","NaN, NaN, NaN, NaN, NaN, NaN","NaN, NaN, NaN, NaN, NaN, NaN"
-2.326530612244898,3.020408163265306,"NaN, NaN, NaN, NaN, NaN, NaN","NaN, NaN, NaN, NaN, NaN, NaN","NaN, NaN, NaN, NaN, NaN, NaN"
-2.326530612244898,3.183673469387755,"NaN, NaN, NaN, NaN, NaN, NaN","NaN, NaN, NaN, NaN, NaN, NaN","NaN, NaN, NaN, NaN, NaN, NaN"
-2.326530612244898,3.3469387755102042,"NaN, NaN, NaN, NaN, NaN, NaN","NaN, NaN, NaN, NaN, NaN, NaN","NaN, NaN, NaN, NaN, NaN, NaN"
-2.326530612244898,3.510204081632653,"NaN, NaN, NaN, NaN, NaN, NaN","NaN, NaN, NaN, NaN, NaN, NaN","NaN, NaN, NaN, NaN, NaN, NaN"
-2.326530612244898,3.673469387755102,"NaN, NaN, NaN, NaN, NaN, NaN","NaN, NaN, NaN, NaN, NaN, NaN","NaN, NaN, NaN, NaN, NaN, NaN"
-2.326530612244898,3.836734693877551,"NaN, NaN, NaN, NaN, NaN, NaN","NaN, NaN, NaN, NaN, NaN, NaN","NaN, NaN, NaN, NaN, NaN, NaN"
-2.326530612244898,4.0,"NaN, NaN, NaN, NaN, NaN, NaN","NaN, NaN, NaN, NaN, NaN, NaN","NaN, NaN, NaN, NaN, NaN, NaN"
-2.0816326530612246,-4.0,"NaN, NaN, NaN, NaN, NaN, NaN","NaN, NaN, NaN, NaN, NaN, NaN","NaN, NaN, NaN, NaN, NaN, NaN"
-2.0816326530612246,-3.836734693877551,"NaN, NaN, NaN, NaN, NaN, NaN","NaN, NaN, NaN, NaN, NaN, NaN","NaN, NaN, NaN, NaN, NaN, NaN"
-2.0816326530612246,-3.673469387755102,"NaN, NaN, NaN, NaN, NaN, NaN","NaN, NaN, NaN, NaN, NaN, NaN","NaN, NaN, NaN, NaN, NaN, NaN"
-2.0816326530612246,-3.510204081632653,"NaN, NaN, NaN, NaN, NaN, NaN","NaN, NaN, NaN, NaN, NaN, NaN","NaN, NaN, NaN, NaN, NaN, NaN"
-2.0816326530612246,-3.3469387755102042,"NaN, NaN, NaN, NaN, NaN, NaN","NaN, NaN, NaN, NaN, NaN, NaN","NaN, NaN, NaN, NaN, NaN, NaN"
-2.0816326530612246,-3.183673469387755,"NaN, NaN, NaN, NaN, NaN, NaN","NaN, NaN, NaN, NaN, NaN, NaN","NaN, NaN, NaN, NaN, NaN, NaN"
-2.0816326530612246,-3.020408163265306,"NaN, NaN, NaN, NaN, NaN, NaN","NaN, NaN, NaN, NaN, NaN, NaN","NaN, NaN, NaN, NaN, NaN, NaN"
-2.0816326530612246,-2.857142857142857,"NaN, NaN, NaN, NaN, NaN, NaN","NaN, NaN, NaN, NaN, NaN, NaN","NaN, NaN, NaN, NaN, NaN, NaN"
-2.0816326530612246,-2.693877551020408,"NaN, NaN, NaN, NaN, NaN, NaN","NaN, NaN, NaN, NaN, NaN, NaN","NaN, NaN, NaN, NaN, NaN, NaN"
-2.0816326530612246,-2.5306122448979593,"NaN, NaN, NaN, NaN, NaN, NaN","NaN, NaN, NaN, NaN, NaN, NaN","NaN, NaN, NaN, NaN, NaN, NaN"
-2.0816326530612246,-2.36734693877551,"NaN, NaN, NaN, NaN, NaN, NaN","NaN, NaN, NaN, NaN, NaN, NaN","NaN, NaN, NaN, NaN, NaN, NaN"
-2.0816326530612246,-2.204081632653061,"NaN, NaN, NaN, NaN, NaN, NaN","NaN, NaN, NaN, NaN, NaN, NaN","NaN, NaN, NaN, NaN, NaN, NaN"
-2.0816326530612246,-2.0408163265306123,"NaN, NaN, NaN, NaN, NaN, NaN","NaN, NaN, NaN, NaN, NaN, NaN","NaN, NaN, NaN, NaN, NaN, NaN"
-2.0816326530612246,-1.8775510204081634,"NaN, NaN, NaN, NaN, NaN, NaN","NaN, NaN, NaN, NaN, NaN, NaN","NaN, NaN, NaN, NaN, NaN, NaN"
-2.0816326530612246,-1.7142857142857142,"NaN, NaN, NaN, NaN, NaN, NaN","NaN, NaN, NaN, NaN, NaN, NaN","NaN, NaN, NaN, NaN, NaN, NaN"
-2.0816326530612246,-1.5510204081632653,"NaN, NaN, NaN, NaN, NaN, NaN","NaN, NaN, NaN, NaN, NaN, NaN","NaN, NaN, NaN, NaN, NaN, NaN"
-2.0816326530612246,-1.3877551020408163,"NaN, NaN, NaN, NaN, NaN, NaN","NaN, NaN, NaN, NaN, NaN, NaN","NaN, NaN, NaN, NaN, NaN, NaN"
-2.0816326530612246,-1.2244897959183674,"NaN, NaN, NaN, NaN, NaN, NaN","NaN, NaN, NaN, NaN, NaN, NaN","NaN, NaN, NaN, NaN, NaN, NaN"
-2.0816326530612246,-1.0612244897959184,"NaN, NaN, NaN, NaN, NaN, NaN","NaN, NaN, NaN, NaN, NaN, NaN","NaN, NaN, NaN, NaN, NaN, NaN"
-2.0816326530612246,-0.8979591836734694,"NaN, NaN, NaN, NaN, NaN, NaN","NaN, NaN, NaN, NaN, NaN, NaN","NaN, NaN, NaN, NaN, NaN, NaN"
-2.0816326530612246,-0.7346938775510204,"NaN, NaN, NaN, NaN, NaN, NaN","NaN, NaN, NaN, NaN, NaN, NaN","NaN, NaN, NaN, NaN, NaN, NaN"
-2.0816326530612246,-0.5714285714285714,"NaN, NaN, NaN, NaN, NaN, NaN","NaN, NaN, NaN, NaN, NaN, NaN","NaN, NaN, NaN, NaN, NaN, NaN"
-2.0816326530612246,-0.40816326530612246,"NaN, NaN, NaN, NaN, NaN, NaN","NaN, NaN, NaN, NaN, NaN, NaN","NaN, NaN, NaN, NaN, NaN, NaN"
-2.0816326530612246,-0.24489795918367346,"NaN, NaN, NaN, NaN, NaN, NaN","NaN, NaN, NaN, NaN, NaN, NaN","NaN, NaN, NaN, NaN, NaN, NaN"
-2.0816326530612246,-0.08163265306122448,"NaN, NaN, NaN, NaN, NaN, NaN","NaN, NaN, NaN, NaN, NaN, NaN","NaN, NaN, NaN, NaN, NaN, NaN"
-2.0816326530612246,0.08163265306122448,"NaN, NaN, NaN, NaN, NaN, NaN","NaN, NaN, NaN, NaN, NaN, NaN","NaN, NaN, NaN, NaN, NaN, NaN"
-2.0816326530612246,0.24489795918367346,"NaN, NaN, NaN, NaN, NaN, NaN","NaN, NaN, NaN, NaN, NaN, NaN","NaN, NaN, NaN, NaN, NaN, NaN"
-2.0816326530612246,0.40816326530612246,"NaN, NaN, NaN, NaN, NaN, NaN","NaN, NaN, NaN, NaN, NaN, NaN","NaN, NaN, NaN, NaN, NaN, NaN"
-2.0816326530612246,0.5714285714285714,"NaN, NaN, NaN, NaN, NaN, NaN","NaN, NaN, NaN, NaN, NaN, NaN","NaN, NaN, NaN, NaN, NaN, NaN"
-2.0816326530612246,0.7346938775510204,"NaN, NaN, NaN, NaN, NaN, NaN","NaN, NaN, NaN, NaN, NaN, NaN","NaN, NaN, NaN, NaN, NaN, NaN"
-2.0816326530612246,0.8979591836734694,"NaN, NaN, NaN, NaN, NaN, NaN","NaN, NaN, NaN, NaN, NaN, NaN","NaN, NaN, NaN, NaN, NaN, NaN"
-2.0816326530612246,1.0612244897959184,"NaN, NaN, NaN, NaN, NaN, NaN","NaN, NaN, NaN, NaN, NaN, NaN","NaN, NaN, NaN, NaN, NaN, NaN"
-2.0816326530612246,1.2244897959183674,"NaN, NaN, NaN, NaN, NaN, NaN","NaN, NaN, NaN, NaN, NaN, NaN","NaN, NaN, NaN, NaN, NaN, NaN"
-2.0816326530612246,1.3877551020408163,"NaN, NaN, NaN, NaN, NaN, NaN","NaN, NaN, NaN, NaN, NaN, NaN","NaN, NaN, NaN, NaN, NaN, NaN"
-2.0816326530612246,1.5510204081632653,"NaN, NaN, NaN, NaN, NaN, NaN","NaN, NaN, NaN, NaN, NaN, NaN","NaN, NaN, NaN, NaN, NaN, NaN"
-2.0816326530612246,1.7142857142857142,"NaN, NaN, NaN, NaN, NaN, NaN","NaN, NaN, NaN, NaN, NaN, NaN","NaN, NaN, NaN, NaN, NaN, NaN"
-2.0816326530612246,1.8775510204081634,"NaN, NaN, NaN, NaN, NaN, NaN","NaN, NaN, NaN, NaN, NaN, NaN","NaN, NaN, NaN, NaN, NaN, NaN"
-2.0816326530612246,2.0408163265306123,"NaN, NaN, NaN, NaN, NaN, NaN","NaN, NaN, NaN, NaN, NaN, NaN","NaN, NaN, NaN, NaN, NaN, NaN"
-2.0816326530612246,2.204081632653061,"NaN, NaN, NaN, NaN, NaN, NaN","NaN, NaN, NaN, NaN, NaN, NaN","NaN, NaN, NaN, NaN, NaN, NaN"
-2.0816326530612246,2.36734693877551,"NaN, NaN, NaN, NaN, NaN, NaN","NaN, NaN, NaN, NaN, NaN, NaN","NaN, NaN, NaN, NaN, NaN, NaN"
-2.0816326530612246,2.5306122448979593,"NaN, NaN, NaN, NaN, NaN, NaN","NaN, NaN, NaN, NaN, NaN, NaN","NaN, NaN, NaN, NaN, NaN, NaN"
-2.0816326530612246,2.693877551020408,"NaN, NaN, NaN, NaN, NaN, NaN","NaN, NaN, NaN, NaN, NaN, NaN","NaN, NaN, NaN, NaN, NaN, NaN"
-2.0816326530612246,2.857142857142857,"NaN, NaN, NaN, NaN, NaN, NaN","NaN, NaN, NaN, NaN, NaN, NaN","NaN, NaN, NaN, NaN, NaN, NaN"
-2.0816326530612246,3.020408163265306,"NaN, NaN, NaN, NaN, NaN, NaN","NaN, NaN, NaN, NaN, NaN, NaN","NaN, NaN, NaN, NaN, NaN, NaN"
-2.0816326530612246,3.183673469387755,"NaN, NaN, NaN, NaN, NaN, NaN","NaN, NaN, NaN, NaN, NaN, NaN","NaN, NaN, NaN, NaN, NaN, NaN"
-2.0816326530612246,3.3469387755102042,"NaN, NaN, NaN, NaN, NaN, NaN","NaN, NaN, NaN, NaN, NaN, NaN","NaN, NaN, NaN, NaN, NaN, NaN"
-2.0816326530612246,3.510204081632653,"NaN, NaN, NaN, NaN, NaN, NaN","NaN, NaN, NaN, NaN, NaN, NaN","NaN, NaN, NaN, NaN, NaN, NaN"
-2.0816326530612246,3.673469387755102,"NaN, NaN, NaN, NaN, NaN, NaN","NaN, NaN, NaN, NaN, NaN, NaN","NaN, NaN, NaN, NaN, NaN, NaN"
-2.0816326530612246,3.836734693877551,"NaN, NaN, NaN, NaN, NaN, NaN","NaN, NaN, NaN, NaN, NaN, NaN","NaN, NaN, NaN, NaN, NaN, NaN"
-2.0816326530612246,4.0,"NaN, NaN, NaN, NaN, NaN, NaN","NaN, NaN, NaN, NaN, NaN, NaN","NaN, NaN, NaN, NaN, NaN, NaN"
-1.836734693877551,-4.0,"NaN, NaN, NaN, NaN, NaN, NaN","NaN, NaN, NaN, NaN, NaN, NaN","NaN, NaN, NaN, NaN, NaN, NaN"
-1.836734693877551,-3.836734693877551,"NaN, NaN, NaN, NaN, NaN, NaN","NaN, NaN, NaN, NaN, NaN, NaN","NaN, NaN, NaN, NaN, NaN, NaN"
-1.836734693877551,-3.673469387755102,"NaN, NaN, NaN, NaN, NaN, NaN","NaN, NaN, NaN, NaN, NaN, NaN","NaN, NaN, NaN, NaN, NaN, NaN"
-1.836734693877551,-3.510204081632653,"NaN, NaN, NaN, NaN, NaN, NaN","NaN, NaN, NaN, NaN, NaN, NaN","NaN, NaN, NaN, NaN, NaN, NaN"
-1.836734693877551,-3.3469387755102042,"NaN, NaN, NaN, NaN, NaN, NaN","NaN, NaN, NaN, NaN, NaN, NaN","NaN, NaN, NaN, NaN, NaN, NaN"
-1.836734693877551,-3.183673469387755,"NaN, NaN, NaN, NaN, NaN, NaN","NaN, NaN, NaN, NaN, NaN, NaN","NaN, NaN, NaN, NaN, NaN, NaN"
-1.836734693877551,-3.020408163265306,"NaN, NaN, NaN, NaN, NaN, NaN","NaN, NaN, NaN, NaN, NaN, NaN","NaN, NaN, NaN, NaN, NaN, NaN"
-1.836734693877551,-2.857142857142857,"NaN, NaN, NaN, NaN, NaN, NaN","NaN, NaN, NaN, NaN, NaN, NaN","NaN, NaN, NaN, NaN, NaN, NaN"
-1.836734693877551,-2.693877551020408,"NaN, NaN, NaN, NaN, NaN, NaN","NaN, NaN, NaN, NaN, NaN, NaN","NaN, NaN, NaN, NaN, NaN, NaN"
-1.836734693877551,-2.5306122448979593,"NaN, NaN, NaN, NaN, NaN, NaN","NaN, NaN, NaN, NaN, NaN, NaN","NaN, NaN, NaN, NaN, NaN, NaN"
-1.836734693877551,-2.36734693877551,"NaN, NaN, NaN, NaN, NaN, NaN","NaN, NaN, NaN, NaN, NaN, NaN","NaN, NaN, NaN, NaN, NaN, NaN"
-1.836734693877551,-2.204081632653061,"NaN, NaN, NaN, NaN, NaN, NaN","NaN, NaN, NaN, NaN, NaN, NaN","NaN, NaN, NaN, NaN, NaN, NaN"
-1.836734693877551,-2.0408163265306123,"NaN, NaN, NaN, NaN, NaN, NaN","NaN, NaN, NaN, NaN, NaN, NaN","NaN, NaN, NaN, NaN, NaN, NaN"
-1.836734693877551,-1.8775510204081634,"NaN, NaN, NaN, NaN, NaN, NaN","NaN, NaN, NaN, NaN, NaN, NaN","NaN, NaN, NaN, NaN, NaN, NaN"
-1.836734693877551,-1.7142857142857142,"NaN, NaN, NaN, NaN, NaN, NaN","NaN, NaN, NaN, NaN, NaN, NaN","NaN, NaN, NaN, NaN, NaN, NaN"
-1.836734693877551,-1.5510204081632653,"NaN, NaN, NaN, NaN, NaN, NaN","NaN, NaN, NaN, NaN, NaN, NaN","NaN, NaN, NaN, NaN, NaN, NaN"
-1.836734693877551,-1.3877551020408163,"NaN, NaN, NaN, NaN, NaN, NaN","NaN, NaN, NaN, NaN, NaN, NaN","NaN, NaN, NaN, NaN, NaN, NaN"
-1.836734693877551,-1.2244897959183674,"NaN, NaN, NaN, NaN, NaN, NaN","NaN, NaN, NaN, NaN, NaN, NaN","NaN, NaN, NaN, NaN, NaN, NaN"
-1.836734693877551,-1.0612244897959184,"NaN, NaN, NaN, NaN, NaN, NaN","NaN, NaN, NaN, NaN, NaN, NaN","NaN, NaN, NaN, NaN, NaN, NaN"
-1.836734693877551,-0.8979591836734694,"NaN, NaN, NaN, NaN, NaN, NaN","NaN, NaN, NaN, NaN, NaN, NaN","NaN, NaN, NaN, NaN, NaN, NaN"
-1.836734693877551,-0.7346938775510204,"NaN, NaN, NaN, NaN, NaN, NaN","NaN, NaN, NaN, NaN, NaN, NaN","NaN, NaN, NaN, NaN, NaN, NaN"
-1.836734693877551,-0.5714285714285714,"NaN, NaN, NaN, NaN, NaN, NaN","NaN, NaN, NaN, NaN, NaN, NaN","NaN, NaN, NaN, NaN, NaN, NaN"
-1.836734693877551,-0.40816326530612246,"NaN, NaN, NaN, NaN, NaN, NaN","NaN, NaN, NaN, NaN, NaN, NaN","NaN, NaN, NaN, NaN, NaN, NaN"
-1.836734693877551,-0.24489795918367346,"NaN, NaN, NaN, NaN, NaN, NaN","NaN, NaN, NaN, NaN, NaN, NaN","NaN, NaN, NaN, NaN, NaN, NaN"
-1.836734693877551,-0.08163265306122448,"NaN, NaN, NaN, NaN, NaN, NaN","NaN, NaN, NaN, NaN, NaN, NaN","NaN, NaN, NaN, NaN, NaN, NaN"
-1.836734693877551,0.08163265306122448,"NaN, NaN, NaN, NaN, NaN, NaN","NaN, NaN, NaN, NaN, NaN, NaN","NaN, NaN, NaN, NaN, NaN, NaN"
-1.836734693877551,0.24489795918367346,"NaN, NaN, NaN, NaN, NaN, NaN","NaN, NaN, NaN, NaN, NaN, NaN","NaN, NaN, NaN, NaN, NaN, NaN"
-1.836734693877551,0.40816326530612246,"NaN, NaN, NaN, NaN, NaN, NaN","NaN, NaN, NaN, NaN, NaN, NaN","NaN, NaN, NaN, NaN, NaN, NaN"
-1.836734693877551,0.5714285714285714,"NaN, NaN, NaN, NaN, NaN, NaN","NaN, NaN, NaN, NaN, NaN, NaN","NaN, NaN, NaN, NaN, NaN, NaN"
-1.836734693877551,0.7346938775510204,"NaN, NaN, NaN, NaN, NaN, NaN","NaN, NaN, NaN, NaN, NaN, NaN","NaN, NaN, NaN, NaN, NaN, NaN"
-1.836734693877551,0.8979591836734694,"NaN, NaN, NaN, NaN, NaN, NaN","NaN, NaN, NaN, NaN, NaN, NaN","NaN, NaN, NaN, NaN, NaN, NaN"
-1.836734693877551,1.0612244897959184,"NaN, NaN, NaN, NaN, NaN, NaN","NaN, NaN, NaN, NaN, NaN, NaN","NaN, NaN, NaN, NaN, NaN, NaN"
-1.836734693877551,1.2244897959183674,"NaN, NaN, NaN, NaN, NaN, NaN","NaN, NaN, NaN, NaN, NaN, NaN","NaN, NaN, NaN, NaN, NaN, NaN"
-1.836734693877551,1.3877551020408163,"NaN, NaN, NaN, NaN, NaN, NaN","NaN, NaN, NaN, NaN, NaN, NaN","NaN, NaN, NaN, NaN, NaN, NaN"
-1.836734693877551,1.5510204081632653,"NaN, NaN, NaN, NaN, NaN, NaN","NaN, NaN, NaN, NaN, NaN, NaN","NaN, NaN, NaN, NaN, NaN, NaN"
-1.836734693877551,1.7142857142857142,"NaN, NaN, NaN, NaN, NaN, NaN","NaN, NaN, NaN, NaN, NaN, NaN","NaN, NaN, NaN, NaN, NaN, NaN"
-1.836734693877551,1.8775510204081634,"NaN, NaN, NaN, NaN, NaN, NaN","NaN, NaN, NaN, NaN, NaN, NaN","NaN, NaN, NaN, NaN, NaN, NaN"
-1.836734693877551,2.0408163265306123,"NaN, NaN, NaN, NaN, NaN, NaN","NaN, NaN, NaN, NaN, NaN, NaN","NaN, NaN, NaN, NaN, NaN, NaN"
-1.836734693877551,2.204081632653061,"NaN, NaN, NaN, NaN, NaN, NaN","NaN, NaN, NaN, NaN, NaN, NaN","NaN, NaN, NaN, NaN, NaN, NaN"
-1.836734693877551,2.36734693877551,"NaN, NaN, NaN, NaN, NaN, NaN","NaN, NaN, NaN, NaN, NaN, NaN","NaN, NaN, NaN, NaN, NaN, NaN"
-1.836734693877551,2.5306122448979593,"NaN, NaN, NaN, NaN, NaN, NaN","NaN, NaN, NaN, NaN, NaN, NaN","NaN, NaN, NaN, NaN, NaN, NaN"
-1.836734693877551,2.693877551020408,"NaN, NaN, NaN, NaN, NaN, NaN","NaN, NaN, NaN, NaN, NaN, NaN","NaN, NaN, NaN, NaN, NaN, NaN"
-1.836734693877551,2.857142857142857,"NaN, NaN, NaN, NaN, NaN, NaN","NaN, NaN, NaN, NaN, NaN, NaN","NaN, NaN, NaN, NaN, NaN, NaN"
-1.836734693877551,3.020408163265306,"NaN, NaN, NaN, NaN, NaN, NaN","NaN, NaN, NaN, NaN, NaN, NaN","NaN, NaN, NaN, NaN, NaN, NaN"
-1.836734693877551,3.183673469387755,"NaN, NaN, NaN, NaN, NaN, NaN","NaN, NaN, NaN, NaN, NaN, NaN","NaN, NaN, NaN, NaN, NaN, NaN"
-1.836734693877551,3.3469387755102042,"NaN, NaN, NaN, NaN, NaN, NaN","NaN, NaN, NaN, NaN, NaN, NaN","NaN, NaN, NaN, NaN, NaN, NaN"
-1.836734693877551,3.510204081632653,"NaN, NaN, NaN, NaN, NaN, NaN","NaN, NaN, NaN, NaN, NaN, NaN","NaN, NaN, NaN, NaN, NaN, NaN"
-1.836734693877551,3.673469387755102,"NaN, NaN, NaN, NaN, NaN, NaN","NaN, NaN, NaN, NaN, NaN, NaN","NaN, NaN, NaN, NaN, NaN, NaN"
-1.836734693877551,3.836734693877551,"NaN, NaN, NaN, NaN, NaN, NaN","NaN, NaN, NaN, NaN, NaN, NaN","NaN, NaN, NaN, NaN, NaN, NaN"
-1.836734693877551,4.0,"NaN, NaN, NaN, NaN, NaN, NaN","NaN, NaN, NaN, NaN, NaN, NaN","NaN, NaN, NaN, NaN, NaN, NaN"
-1.5918367346938775,-4.0,"NaN, NaN, NaN, NaN, NaN, NaN","NaN, NaN, NaN, NaN, NaN, NaN","NaN, NaN, NaN, NaN, NaN, NaN"
-1.5918367346938775,-3.836734693877551,"NaN, NaN, NaN, NaN, NaN, NaN","NaN, NaN, NaN, NaN, NaN, NaN","NaN, NaN, NaN, NaN, NaN, NaN"
-1.5918367346938775,-3.673469387755102,"NaN, NaN, NaN, NaN, NaN, NaN","NaN, NaN, NaN, NaN, NaN, NaN","NaN, NaN, NaN, NaN, NaN, NaN"
-1.5918367346938775,-3.510204081632653,"NaN, NaN, NaN, NaN, NaN, NaN","NaN, NaN, NaN, NaN, NaN, NaN","NaN, NaN, NaN, NaN, NaN, NaN"
-1.5918367346938775,-3.3469387755102042,"NaN, NaN, NaN, NaN, NaN, NaN","NaN, NaN, NaN, NaN, NaN, NaN","NaN, NaN, NaN, NaN, NaN, NaN"
-1.5918367346938775,-3.183673469387755,"NaN, NaN, NaN, NaN, NaN, NaN","NaN, NaN, NaN, NaN, NaN, NaN","NaN, NaN, NaN, NaN, NaN, NaN"
-1.5918367346938775,-3.020408163265306,"NaN, NaN, NaN, NaN, NaN, NaN","NaN, NaN, NaN, NaN, NaN, NaN","NaN, NaN, NaN, NaN, NaN, NaN"
-1.5918367346938775,-2.857142857142857,"NaN, NaN, NaN, NaN, NaN, NaN","NaN, NaN, NaN, NaN, NaN, NaN","NaN, NaN, NaN, NaN, NaN, NaN"
-1.5918367346938775,-2.693877551020408,"NaN, NaN, NaN, NaN, NaN, NaN","NaN, NaN, NaN, NaN, NaN, NaN","NaN, NaN, NaN, NaN, NaN, NaN"
-1.5918367346938775,-2.5306122448979593,"NaN, NaN, NaN, NaN, NaN, NaN","NaN, NaN, NaN, NaN, NaN, NaN","NaN, NaN, NaN, NaN, NaN, NaN"
-1.5918367346938775,-2.36734693877551,"NaN, NaN, NaN, NaN, NaN, NaN","NaN, NaN, NaN, NaN, NaN, NaN","NaN, NaN, NaN, NaN, NaN, NaN"
-1.5918367346938775,-2.204081632653061,"NaN, NaN, NaN, NaN, NaN, NaN","NaN, NaN, NaN, NaN, NaN, NaN","NaN, NaN, NaN, NaN, NaN, NaN"
-1.5918367346938775,-2.0408163265306123,"NaN, NaN, NaN, NaN, NaN, NaN","NaN, NaN, NaN, NaN, NaN, NaN","NaN, NaN, NaN, NaN, NaN, NaN"
-1.5918367346938775,-1.8775510204081634,"NaN, NaN, NaN, NaN, NaN, NaN","NaN, NaN, NaN, NaN, NaN, NaN","NaN, NaN, NaN, NaN, NaN, NaN"
-1.5918367346938775,-1.7142857142857142,"NaN, NaN, NaN, NaN, NaN, NaN","NaN, NaN, NaN, NaN, NaN, NaN","NaN, NaN, NaN, NaN, NaN, NaN"
-1.5918367346938775,-1.5510204081632653,"NaN, NaN, NaN, NaN, NaN, NaN","NaN, NaN, NaN, NaN, NaN, NaN","NaN, NaN, NaN, NaN, NaN, NaN"
-1.5918367346938775,-1.3877551020408163,"NaN, NaN, NaN, NaN, NaN, NaN","NaN, NaN, NaN, NaN, NaN, NaN","NaN, NaN, NaN, NaN, NaN, NaN"
-1.5918367346938775,-1.2244897959183674,"NaN, NaN, NaN, NaN, NaN, NaN","NaN, NaN, NaN, NaN, NaN, NaN","NaN, NaN, NaN, NaN, NaN, NaN"
-1.5918367346938775,-1.0612244897959184,"NaN, NaN, NaN, NaN, NaN, NaN","NaN, NaN, NaN, NaN, NaN, NaN","NaN, NaN, NaN, NaN, NaN, NaN"
-1.5918367346938775,-0.8979591836734694,"NaN, NaN, NaN, NaN, NaN, NaN","NaN, NaN, NaN, NaN, NaN, NaN","NaN, NaN, NaN, NaN, NaN, NaN"
-1.5918367346938775,-0.7346938775510204,"NaN, NaN, NaN, NaN, NaN, NaN","NaN, NaN, NaN, NaN, NaN, NaN","NaN, NaN, NaN, NaN, NaN, NaN"
-1.5918367346938775,-0.5714285714285714,"NaN, NaN, NaN, NaN, NaN, NaN","NaN, NaN, NaN, NaN, NaN, NaN","NaN, NaN, NaN, NaN, NaN, NaN"
-1.5918367346938775,-0.40816326530612246,"NaN, NaN, NaN, NaN, NaN, NaN","NaN, NaN, NaN, NaN, NaN, NaN","NaN, NaN, NaN, NaN, NaN, NaN"
-1.5918367346938775,-0.24489795918367346,"NaN, NaN, NaN, NaN, NaN, NaN","NaN, NaN, NaN, NaN, NaN, NaN","NaN, NaN, NaN, NaN, NaN, NaN"
-1.5918367346938775,-0.08163265306122448,"NaN, NaN, NaN, NaN, NaN, NaN","NaN, NaN, NaN, NaN, NaN, NaN","NaN, NaN, NaN, NaN, NaN, NaN"
-1.5918367346938775,0.08163265306122448,"NaN, NaN, NaN, NaN, NaN, NaN","NaN, NaN, NaN, NaN, NaN, NaN","NaN, NaN, NaN, NaN, NaN, NaN"
-1.5918367346938775,0.24489795918367346,"NaN, NaN, NaN, NaN, NaN, NaN","NaN, NaN, NaN, NaN, NaN, NaN","NaN, NaN, NaN, NaN, NaN, NaN"
-1.5918367346938775,0.40816326530612246,"NaN, NaN, NaN, NaN, NaN, NaN","NaN, NaN, NaN, NaN, NaN, NaN","NaN, NaN, NaN, NaN, NaN, NaN"
-1.5918367346938775,0.5714285714285714,"NaN, NaN, NaN, NaN, NaN, NaN","NaN, NaN, NaN, NaN, NaN, NaN","NaN, NaN, NaN, NaN, NaN, NaN"
-1.5918367346938775,0.7346938775510204,"NaN, NaN, NaN, NaN, NaN, NaN","NaN, NaN, NaN, NaN, NaN, NaN","NaN, NaN, NaN, NaN, NaN, NaN"
-1.5918367346938775,0.8979591836734694,"NaN, NaN, NaN, NaN, NaN, NaN","NaN, NaN, NaN, NaN, NaN, NaN","NaN, NaN, NaN, NaN, NaN, NaN"
-1.5918367346938775,1.0612244897959184,"NaN, NaN, NaN, NaN, NaN, NaN","NaN, NaN, NaN, NaN, NaN, NaN","NaN, NaN, NaN, NaN, NaN, NaN"
-1.5918367346938775,1.2244897959183674,"NaN, NaN, NaN, NaN, NaN, NaN","NaN, NaN, NaN, NaN, NaN, NaN","NaN, NaN, NaN, NaN, NaN, NaN"
-1.5918367346938775,1.3877551020408163,"NaN, NaN, NaN, NaN, NaN, NaN","NaN, NaN, NaN, NaN, NaN, NaN","NaN, NaN, NaN, NaN, NaN, NaN"
-1.5918367346938775,1.5510204081632653,"NaN, NaN, NaN, NaN, NaN, NaN","NaN, NaN, NaN, NaN, NaN, NaN","NaN, NaN, NaN, NaN, NaN, NaN"
-1.5918367346938775,1.7142857142857142,"NaN, NaN, NaN, NaN, NaN, NaN","NaN, NaN, NaN, NaN, NaN, NaN","NaN, NaN, NaN, NaN, NaN, NaN"
-1.5918367346938775,1.8775510204081634,"NaN, NaN, NaN, NaN, NaN, NaN","NaN, NaN, NaN, NaN, NaN, NaN","NaN, NaN, NaN, NaN, NaN, NaN"
-1.5918367346938775,2.0408163265306123,"NaN, NaN, NaN, NaN, NaN, NaN","NaN, NaN, NaN, NaN, NaN, NaN","NaN, NaN, NaN, NaN, NaN, NaN"
-1.5918367346938775,2.204081632653061,"NaN, NaN, NaN, NaN, NaN, NaN","NaN, NaN, NaN, NaN, NaN, NaN","NaN, NaN, NaN, NaN, NaN, NaN"
-1.5918367346938775,2.36734693877551,"NaN, NaN, NaN, NaN, NaN, NaN","NaN, NaN, NaN, NaN, NaN, NaN","NaN, NaN, NaN, NaN, NaN, NaN"
-1.5918367346938775,2.5306122448979593,"NaN, NaN, NaN, NaN, NaN, NaN","NaN, NaN, NaN, NaN, NaN, NaN","NaN, NaN, NaN, NaN, NaN, NaN"
-1.5918367346938775,2.693877551020408,"NaN, NaN, NaN, NaN, NaN, NaN","NaN, NaN, NaN, NaN, NaN, NaN","NaN, NaN, NaN, NaN, NaN, NaN"
-1.5918367346938775,2.857142857142857,"NaN, NaN, NaN, NaN, NaN, NaN","NaN, NaN, NaN, NaN, NaN, NaN","NaN, NaN, NaN, NaN, NaN, NaN"
-1.5918367346938775,3.020408163265306,"NaN, NaN, NaN, NaN, NaN, NaN","NaN, NaN, NaN, NaN, NaN, NaN","NaN, NaN, NaN, NaN, NaN, NaN"
-1.5918367346938775,3.183673469387755,"NaN, NaN, NaN, NaN, NaN, NaN","NaN, NaN, NaN, NaN, NaN, NaN","NaN, NaN, NaN, NaN, NaN, NaN"
-1.5918367346938775,3.3469387755102042,"NaN, NaN, NaN, NaN, NaN, NaN","NaN, NaN, NaN, NaN, NaN, NaN","NaN, NaN, NaN, NaN, NaN, NaN"
-1.5918367346938775,3.510204081632653,"NaN, NaN, NaN, NaN, NaN, NaN","NaN, NaN, NaN, NaN, NaN, NaN","NaN, NaN, NaN, NaN, NaN, NaN"
-1.5918367346938775,3.673469387755102,"NaN, NaN, NaN, NaN, NaN, NaN","NaN, NaN, NaN, NaN, NaN, NaN","NaN, NaN, NaN, NaN, NaN, NaN"
-1.5918367346938775,3.836734693877551,"NaN, NaN, NaN, NaN, NaN, NaN","NaN, NaN, NaN, NaN, NaN, NaN","NaN, NaN, NaN, NaN, NaN, NaN"
-1.5918367346938775,4.0,"NaN, NaN, NaN, NaN, NaN, NaN","NaN, NaN, NaN, NaN, NaN, NaN","NaN, NaN, NaN, NaN, NaN, NaN"
-1.346938775510204,-4.0,"NaN, NaN, NaN, NaN, NaN, NaN","NaN, NaN, NaN, NaN, NaN, NaN","NaN, NaN, NaN, NaN, NaN, NaN"
-1.346938775510204,-3.836734693877551,"NaN, NaN, NaN, NaN, NaN, NaN","NaN, NaN, NaN, NaN, NaN, NaN","NaN, NaN, NaN, NaN, NaN, NaN"
-1.346938775510204,-3.673469387755102,"NaN, NaN, NaN, NaN, NaN, NaN","NaN, NaN, NaN, NaN, NaN, NaN","NaN, NaN, NaN, NaN, NaN, NaN"
-1.346938775510204,-3.510204081632653,"NaN, NaN, NaN, NaN, NaN, NaN","NaN, NaN, NaN, NaN, NaN, NaN","NaN, NaN, NaN, NaN, NaN, NaN"
-1.346938775510204,-3.3469387755102042,"NaN, NaN, NaN, NaN, NaN, NaN","NaN, NaN, NaN, NaN, NaN, NaN","NaN, NaN, NaN, NaN, NaN, NaN"
-1.346938775510204,-3.183673469387755,"NaN, NaN, NaN, NaN, NaN, NaN","NaN, NaN, NaN, NaN, NaN, NaN","NaN, NaN, NaN, NaN, NaN, NaN"
-1.346938775510204,-3.020408163265306,"NaN, NaN, NaN, NaN, NaN, NaN","NaN, NaN, NaN, NaN, NaN, NaN","NaN, NaN, NaN, NaN, NaN, NaN"
-1.346938775510204,-2.857142857142857,"NaN, NaN, NaN, NaN, NaN, NaN","NaN, NaN, NaN, NaN, NaN, NaN","NaN, NaN, NaN, NaN, NaN, NaN"
-1.346938775510204,-2.693877551020408,"NaN, NaN, NaN, NaN, NaN, NaN","NaN, NaN, NaN, NaN, NaN, NaN","NaN, NaN, NaN, NaN, NaN, NaN"
-1.346938775510204,-2.5306122448979593,"NaN, NaN, NaN, NaN, NaN, NaN","NaN, NaN, NaN, NaN, NaN, NaN","NaN, NaN, NaN, NaN, NaN, NaN"
-1.346938775510204,-2.36734693877551,"NaN, NaN, NaN, NaN, NaN, NaN","NaN, NaN, NaN, NaN, NaN, NaN","NaN, NaN, NaN, NaN, NaN, NaN"
-1.346938775510204,-2.204081632653061,"NaN, NaN, NaN, NaN, NaN, NaN","NaN, NaN, NaN, NaN, NaN, NaN","NaN, NaN, NaN, NaN, NaN, NaN"
-1.346938775510204,-2.0408163265306123,"NaN, NaN, NaN, NaN, NaN, NaN","NaN, NaN, NaN, NaN, NaN, NaN","NaN, NaN, NaN, NaN, NaN, NaN"
-1.346938775510204,-1.8775510204081634,"NaN, NaN, NaN, NaN, NaN, NaN","NaN, NaN, NaN, NaN, NaN, NaN","NaN, NaN, NaN, NaN, NaN, NaN"
-1.346938775510204,-1.7142857142857142,"NaN, NaN, NaN, NaN, NaN, NaN","NaN, NaN, NaN, NaN, NaN, NaN","NaN, NaN, NaN, NaN, NaN, NaN"
-1.346938775510204,-1.5510204081632653,"NaN, NaN, NaN, NaN, NaN, NaN","NaN, NaN, NaN, NaN, NaN, NaN","NaN, NaN, NaN, NaN, NaN, NaN"
-1.346938775510204,-1.3877551020408163,"NaN, NaN, NaN, NaN, NaN, NaN","NaN, NaN, NaN, NaN, NaN, NaN","NaN, NaN, NaN, NaN, NaN, NaN"
-1.346938775510204,-1.2244897959183674,"NaN, NaN, NaN, NaN, NaN, NaN","NaN, NaN, NaN, NaN, NaN, NaN","NaN, NaN, NaN, NaN, NaN, NaN"
-1.346938775510204,-1.0612244897959184,"NaN, NaN, NaN, NaN, NaN, NaN","NaN, NaN, NaN, NaN, NaN, NaN","NaN, NaN, NaN, NaN, NaN, NaN"
-1.346938775510204,-0.8979591836734694,"NaN, NaN, NaN, NaN, NaN, NaN","NaN, NaN, NaN, NaN, NaN, NaN","NaN, NaN, NaN, NaN, NaN, NaN"
-1.346938775510204,-0.7346938775510204,"NaN, NaN, NaN, NaN, NaN, NaN","NaN, NaN, NaN, NaN, NaN, NaN","NaN, NaN, NaN, NaN, NaN, NaN"
-1.346938775510204,-0.5714285714285714,"NaN, NaN, NaN, NaN, NaN, NaN","NaN, NaN, NaN, NaN, NaN, NaN","NaN, NaN, NaN, NaN, NaN, NaN"
-1.346938775510204,-0.40816326530612246,"NaN, NaN, NaN, NaN, NaN, NaN","NaN, NaN, NaN, NaN, NaN, NaN","NaN, NaN, NaN, NaN, NaN, NaN"
-1.346938775510204,-0.24489795918367346,"NaN, NaN, NaN, NaN, NaN, NaN","NaN, NaN, NaN, NaN, NaN, NaN","NaN, NaN, NaN, NaN, NaN, NaN"
-1.346938775510204,-0.08163265306122448,"NaN, NaN, NaN, NaN, NaN, NaN","NaN, NaN, NaN, NaN, NaN, NaN","NaN, NaN, NaN, NaN, NaN, NaN"
-1.346938775510204,0.08163265306122448,"NaN, NaN, NaN, NaN, NaN, NaN","NaN, NaN, NaN, NaN, NaN, NaN","NaN, NaN, NaN, NaN, NaN, NaN"
-1.346938775510204,0.24489795918367346,"NaN, NaN, NaN, NaN, NaN, NaN","NaN, NaN, NaN, NaN, NaN, NaN","NaN, NaN, NaN, NaN, NaN, NaN"
-1.346938775510204,0.40816326530612246,"NaN, NaN, NaN, NaN, NaN, NaN","NaN, NaN, NaN, NaN, NaN, NaN","NaN, NaN, NaN, NaN, NaN, NaN"
-1.346938775510204,0.5714285714285714,"NaN, NaN, NaN, NaN, NaN, NaN","NaN, NaN, NaN, NaN, NaN, NaN","NaN, NaN, NaN, NaN, NaN, NaN"
-1.346938775510204,0.7346938775510204,"NaN, NaN, NaN, NaN, NaN, NaN","NaN, NaN, NaN, NaN, NaN, NaN","NaN, NaN, NaN, NaN, NaN, NaN"
-1.346938775510204,0.8979591836734694,"NaN, NaN, NaN, NaN, NaN, NaN","NaN, NaN, NaN, NaN, NaN, NaN","NaN, NaN, NaN, NaN, NaN, NaN"
-1.346938775510204,1.0612244897959184,"NaN, NaN, NaN, NaN, NaN, NaN","NaN, NaN, NaN, NaN, NaN, NaN","NaN, NaN, NaN, NaN, NaN, NaN"
-1.346938775510204,1.2244897959183674,"NaN, NaN, NaN, NaN, NaN, NaN","NaN, NaN, NaN, NaN, NaN, NaN","NaN, NaN, NaN, NaN, NaN, NaN"
-1.346938775510204,1.3877551020408163,"NaN, NaN, NaN, NaN, NaN, NaN","NaN, NaN, NaN, NaN, NaN, NaN","NaN, NaN, NaN, NaN, NaN, NaN"
-1.346938775510204,1.5510204081632653,"NaN, NaN, NaN, NaN, NaN, NaN","NaN, NaN, NaN, NaN, NaN, NaN","NaN, NaN, NaN, NaN, NaN, NaN"
-1.346938775510204,1.7142857142857142,"NaN, NaN, NaN, NaN, NaN, NaN","NaN, NaN, NaN, NaN, NaN, NaN","NaN, NaN, NaN, NaN, NaN, NaN"
-1.346938775510204,1.8775510204081634,"NaN, NaN, NaN, NaN, NaN, NaN","NaN, NaN, NaN, NaN, NaN, NaN","NaN, NaN, NaN, NaN, NaN, NaN"
-1.346938775510204,2.0408163265306123,"NaN, NaN, NaN, NaN, NaN, NaN","NaN, NaN, NaN, NaN, NaN, NaN","NaN, NaN, NaN, NaN, NaN, NaN"
-1.346938775510204,2.204081632653061,"NaN, NaN, NaN, NaN, NaN, NaN","NaN, NaN, NaN, NaN, NaN, NaN","NaN, NaN, NaN, NaN, NaN, NaN"
-1.346938775510204,2.36734693877551,"NaN, NaN, NaN, NaN, NaN, NaN","NaN, NaN, NaN, NaN, NaN, NaN","NaN, NaN, NaN, NaN, NaN, NaN"
-1.346938775510204,2.5306122448979593,"NaN, NaN, NaN, NaN, NaN, NaN","NaN, NaN, NaN, NaN, NaN, NaN","NaN, NaN, NaN, NaN, NaN, NaN"
-1.346938775510204,2.693877551020408,"NaN, NaN, NaN, NaN, NaN, NaN","NaN, NaN, NaN, NaN, NaN, NaN","NaN, NaN, NaN, NaN, NaN, NaN"
-1.346938775510204,2.857142857142857,"NaN, NaN, NaN, NaN, NaN, NaN","NaN, NaN, NaN, NaN, NaN, NaN","NaN, NaN, NaN, NaN, NaN, NaN"
-1.346938775510204,3.020408163265306,"NaN, NaN, NaN, NaN, NaN, NaN","NaN, NaN, NaN, NaN, NaN, NaN","NaN, NaN, NaN, NaN, NaN, NaN"
-1.346938775510204,3.183673469387755,"NaN, NaN, NaN, NaN, NaN, NaN","NaN, NaN, NaN, NaN, NaN, NaN","NaN, NaN, NaN, NaN, NaN, NaN"
-1.346938775510204,3.3469387755102042,"NaN, NaN, NaN, NaN, NaN, NaN","NaN, NaN, NaN, NaN, NaN, NaN","NaN, NaN, NaN, NaN, NaN, NaN"
-1.346938775510204,3.510204081632653,"NaN, NaN, NaN, NaN, NaN, NaN","NaN, NaN, NaN, NaN, NaN, NaN","NaN, NaN, NaN, NaN, NaN, NaN"
-1.346938775510204,3.673469387755102,"NaN, NaN, NaN, NaN, NaN, NaN","NaN, NaN, NaN, NaN, NaN, NaN","NaN, NaN, NaN, NaN, NaN, NaN"
-1.346938775510204,3.836734693877551,"NaN, NaN, NaN, NaN, NaN, NaN","NaN, NaN, NaN, NaN, NaN, NaN","NaN, NaN, NaN, NaN, NaN, NaN"
-1.346938775510204,4.0,"NaN, NaN, NaN, NaN, NaN, NaN","NaN, NaN, NaN, NaN, NaN, NaN","NaN, NaN, NaN, NaN, NaN, NaN"
-1.1020408163265305,-4.0,"NaN, NaN, NaN, NaN, NaN, NaN","NaN, NaN, NaN, NaN, NaN, NaN","NaN, NaN, NaN, NaN, NaN, NaN"
-1.1020408163265305,-3.836734693877551,"NaN, NaN, NaN, NaN, NaN, NaN","NaN, NaN, NaN, NaN, NaN, NaN","NaN, NaN, NaN, NaN, NaN, NaN"
-1.1020408163265305,-3.673469387755102,"NaN, NaN, NaN, NaN, NaN, NaN","NaN, NaN, NaN, NaN, NaN, NaN","NaN, NaN, NaN, NaN, NaN, NaN"
-1.1020408163265305,-3.510204081632653,"NaN, NaN, NaN, NaN, NaN, NaN","NaN, NaN, NaN, NaN, NaN, NaN","NaN, NaN, NaN, NaN, NaN, NaN"
-1.1020408163265305,-3.3469387755102042,"NaN, NaN, NaN, NaN, NaN, NaN","NaN, NaN, NaN, NaN, NaN, NaN","NaN, NaN, NaN, NaN, NaN, NaN"
-1.1020408163265305,-3.183673469387755,"NaN, NaN, NaN, NaN, NaN, NaN","NaN, NaN, NaN, NaN, NaN, NaN","NaN, NaN, NaN, NaN, NaN, NaN"
-1.1020408163265305,-3.020408163265306,"NaN, NaN, NaN, NaN, NaN, NaN","NaN, NaN, NaN, NaN, NaN, NaN","NaN, NaN, NaN, NaN, NaN, NaN"
-1.1020408163265305,-2.857142857142857,"NaN, NaN, NaN, NaN, NaN, NaN","NaN, NaN, NaN, NaN, NaN, NaN","NaN, NaN, NaN, NaN, NaN, NaN"
-1.1020408163265305,-2.693877551020408,"NaN, NaN, NaN, NaN, NaN, NaN","NaN, NaN, NaN, NaN, NaN, NaN","NaN, NaN, NaN, NaN, NaN, NaN"
-1.1020408163265305,-2.5306122448979593,"NaN, NaN, NaN, NaN, NaN, NaN","NaN, NaN, NaN, NaN, NaN, NaN","NaN, NaN, NaN, NaN, NaN, NaN"
-1.1020408163265305,-2.36734693877551,"NaN, NaN, NaN, NaN, NaN, NaN","NaN, NaN, NaN, NaN, NaN, NaN","NaN, NaN, NaN, NaN, NaN, NaN"
-1.1020408163265305,-2.204081632653061,"NaN, NaN, NaN, NaN, NaN, NaN","NaN, NaN, NaN, NaN, NaN, NaN","NaN, NaN, NaN, NaN, NaN, NaN"
-1.1020408163265305,-2.0408163265306123,"NaN, NaN, NaN, NaN, NaN, NaN","NaN, NaN, NaN, NaN, NaN, NaN","NaN, NaN, NaN, NaN, NaN, NaN"
-1.1020408163265305,-1.8775510204081634,"NaN, NaN, NaN, NaN, NaN, NaN","NaN, NaN, NaN, NaN, NaN, NaN","NaN, NaN, NaN, NaN, NaN, NaN"
-1.1020408163265305,-1.7142857142857142,"NaN, NaN, NaN, NaN, NaN, NaN","NaN, NaN, NaN, NaN, NaN, NaN","NaN, NaN, NaN, NaN, NaN, NaN"
-1.1020408163265305,-1.5510204081632653,"NaN, NaN, NaN, NaN, NaN, NaN","NaN, NaN, NaN, NaN, NaN, NaN","NaN, NaN, NaN, NaN, NaN, NaN"
-1.1020408163265305,-1.3877551020408163,"NaN, NaN, NaN, NaN, NaN, NaN","NaN, NaN, NaN, NaN, NaN, NaN","NaN, NaN, NaN, NaN, NaN, NaN"
-1.1020408163265305,-1.2244897959183674,"NaN, NaN, NaN, NaN, NaN, NaN","NaN, NaN, NaN, NaN, NaN, NaN","NaN, NaN, NaN, NaN, NaN, NaN"
-1.1020408163265305,-1.0612244897959184,"NaN, NaN, NaN, NaN, NaN, NaN","NaN, NaN, NaN, NaN, NaN, NaN","NaN, NaN, NaN, NaN, NaN, NaN"
-1.1020408163265305,-0.8979591836734694,"NaN, NaN, NaN, NaN, NaN, NaN","NaN, NaN, NaN, NaN, NaN, NaN","NaN, NaN, NaN, NaN, NaN, NaN"
-1.1020408163265305,-0.7346938775510204,"NaN, NaN, NaN, NaN, NaN, NaN","NaN, NaN, NaN, NaN, NaN, NaN","NaN, NaN, NaN, NaN, NaN, NaN"
-1.1020408163265305,-0.5714285714285714,"NaN, NaN, NaN, NaN, NaN, NaN","NaN, NaN, NaN, NaN, NaN, NaN","NaN, NaN, NaN, NaN, NaN, NaN"
-1.1020408163265305,-0.40816326530612246,"NaN, NaN, NaN, NaN, NaN, NaN","NaN, NaN, NaN, NaN, NaN, NaN","NaN, NaN, NaN, NaN, NaN, NaN"
-1.1020408163265305,-0.24489795918367346,"NaN, NaN, NaN, NaN, NaN, NaN","NaN, NaN, NaN, NaN, NaN, NaN","NaN, NaN, NaN, NaN, NaN, NaN"
-1.1020408163265305,-0.08163265306122448,"NaN, NaN, NaN, NaN, NaN, NaN","NaN, NaN, NaN, NaN, NaN, NaN","NaN, NaN, NaN, NaN, NaN, NaN"
-1.1020408163265305,0.08163265306122448,"NaN, NaN, NaN, NaN, NaN, NaN","NaN, NaN, NaN, NaN, NaN, NaN","NaN, NaN, NaN, NaN, NaN, NaN"
-1.1020408163265305,0.24489795918367346,"NaN, NaN, NaN, NaN, NaN, NaN","NaN, NaN, NaN, NaN, NaN, NaN","NaN, NaN, NaN, NaN, NaN, NaN"
-1.1020408163265305,0.40816326530612246,"NaN, NaN, NaN, NaN, NaN, NaN","NaN, NaN, NaN, NaN, NaN, NaN","NaN, NaN, NaN, NaN, NaN, NaN"
-1.1020408163265305,0.5714285714285714,"NaN, NaN, NaN, NaN, NaN, NaN","NaN, NaN, NaN, NaN, NaN, NaN","NaN, NaN, NaN, NaN, NaN, NaN"
-1.1020408163265305,0.7346938775510204,"NaN, NaN, NaN, NaN, NaN, NaN","NaN, NaN, NaN, NaN, NaN, NaN","NaN, NaN, NaN, NaN, NaN, NaN"
-1.1020408163265305,0.8979591836734694,"NaN, NaN, NaN, NaN, NaN, NaN","NaN, NaN, NaN, NaN, NaN, NaN","NaN, NaN, NaN, NaN, NaN, NaN"
-1.1020408163265305,1.0612244897959184,"NaN, NaN, NaN, NaN, NaN, NaN","NaN, NaN, NaN, NaN, NaN, NaN","NaN, NaN, NaN, NaN, NaN, NaN"
-1.1020408163265305,1.2244897959183674,"NaN, NaN, NaN, NaN, NaN, NaN","NaN, NaN, NaN, NaN, NaN, NaN","NaN, NaN, NaN, NaN, NaN, NaN"
-1.1020408163265305,1.3877551020408163,"NaN, NaN, NaN, NaN, NaN, NaN","NaN, NaN, NaN, NaN, NaN, NaN","NaN, NaN, NaN, NaN, NaN, NaN"
-1.1020408163265305,1.5510204081632653,"NaN, NaN, NaN, NaN, NaN, NaN","NaN, NaN, NaN, NaN, NaN, NaN","NaN, NaN, NaN, NaN, NaN, NaN"
-1.1020408163265305,1.7142857142857142,"NaN, NaN, NaN, NaN, NaN, NaN","NaN, NaN, NaN, NaN, NaN, NaN","NaN, NaN, NaN, NaN, NaN, NaN"
-1.1020408163265305,1.8775510204081634,"NaN, NaN, NaN, NaN, NaN, NaN","NaN, NaN, NaN, NaN, NaN, NaN","NaN, NaN, NaN, NaN, NaN, NaN"
-1.1020408163265305,2.0408163265306123,"NaN, NaN, NaN, NaN, NaN, NaN","NaN, NaN, NaN, NaN, NaN, NaN","NaN, NaN, NaN, NaN, NaN, NaN"
-1.1020408163265305,2.204081632653061,"NaN, NaN, NaN, NaN, NaN, NaN","NaN, NaN, NaN, NaN, NaN, NaN","NaN, NaN, NaN, NaN, NaN, NaN"
-1.1020408163265305,2.36734693877551,"NaN, NaN, NaN, NaN, NaN, NaN","NaN, NaN, NaN, NaN, NaN, NaN","NaN, NaN, NaN, NaN, NaN, NaN"
-1.1020408163265305,2.5306122448979593,"NaN, NaN, NaN, NaN, NaN, NaN","NaN, NaN, NaN, NaN, NaN, NaN","NaN, NaN, NaN, NaN, NaN, NaN"
-1.1020408163265305,2.693877551020408,"NaN, NaN, NaN, NaN, NaN, NaN","NaN, NaN, NaN, NaN, NaN, NaN","NaN, NaN, NaN, NaN, NaN, NaN"
-1.1020408163265305,2.857142857142857,"NaN, NaN, NaN, NaN, NaN, NaN","NaN, NaN, NaN, NaN, NaN, NaN","NaN, NaN, NaN, NaN, NaN, NaN"
-1.1020408163265305,3.020408163265306,"NaN, NaN, NaN, NaN, NaN, NaN","NaN, NaN, NaN, NaN, NaN, NaN","NaN, NaN, NaN, NaN, NaN, NaN"
-1.1020408163265305,3.183673469387755,"NaN, NaN, NaN, NaN, NaN, NaN","NaN, NaN, NaN, NaN, NaN, NaN","NaN, NaN, NaN, NaN, NaN, NaN"
-1.1020408163265305,3.3469387755102042,"NaN, NaN, NaN, NaN, NaN, NaN","NaN, NaN, NaN, NaN, NaN, NaN","NaN, NaN, NaN, NaN, NaN, NaN"
-1.1020408163265305,3.510204081632653,"NaN, NaN, NaN, NaN, NaN, NaN","NaN, NaN, NaN, NaN, NaN, NaN","NaN, NaN, NaN, NaN, NaN, NaN"
-1.1020408163265305,3.673469387755102,"NaN, NaN, NaN, NaN, NaN, NaN","NaN, NaN, NaN, NaN, NaN, NaN","NaN, NaN, NaN, NaN, NaN, NaN"
-1.1020408163265305,3.836734693877551,"NaN, NaN, NaN, NaN, NaN, NaN","NaN, NaN, NaN, NaN, NaN, NaN","NaN, NaN, NaN, NaN, NaN, NaN"
-1.1020408163265305,4.0,"NaN, NaN, NaN, NaN, NaN, NaN","NaN, NaN, NaN, NaN, NaN, NaN","NaN, NaN, NaN, NaN, NaN, NaN"
-0.8571428571428571,-4.0,"NaN, NaN, NaN, NaN, NaN, NaN","NaN, NaN, NaN, NaN, NaN, NaN","NaN, NaN, NaN, NaN, NaN, NaN"
-0.8571428571428571,-3.836734693877551,"NaN, NaN, NaN, NaN, NaN, NaN","NaN, NaN, NaN, NaN, NaN, NaN","NaN, NaN, NaN, NaN, NaN, NaN"
-0.8571428571428571,-3.673469387755102,"NaN, NaN, NaN, NaN, NaN, NaN","NaN, NaN, NaN, NaN, NaN, NaN","NaN, NaN, NaN, NaN, NaN, NaN"
-0.8571428571428571,-3.510204081632653,"NaN, NaN, NaN, NaN, NaN, NaN","NaN, NaN, NaN, NaN, NaN, NaN","NaN, NaN, NaN, NaN, NaN, NaN"
-0.8571428571428571,-3.3469387755102042,"NaN, NaN, NaN, NaN, NaN, NaN","NaN, NaN, NaN, NaN, NaN, NaN","NaN, NaN, NaN, NaN, NaN, NaN"
-0.8571428571428571,-3.183673469387755,"NaN, NaN, NaN, NaN, NaN, NaN","NaN, NaN, NaN, NaN, NaN, NaN","NaN, NaN, NaN, NaN, NaN, NaN"
-0.8571428571428571,-3.020408163265306,"NaN, NaN, NaN, NaN, NaN, NaN","NaN, NaN, NaN, NaN, NaN, NaN","NaN, NaN, NaN, NaN, NaN, NaN"
-0.8571428571428571,-2.857142857142857,"NaN, NaN, NaN, NaN, NaN, NaN","NaN, NaN, NaN, NaN, NaN, NaN","NaN, NaN, NaN, NaN, NaN, NaN"
-0.8571428571428571,-2.693877551020408,"NaN, NaN, NaN, NaN, NaN, NaN","NaN, NaN, NaN, NaN, NaN, NaN","NaN, NaN, NaN, NaN, NaN, NaN"
-0.8571428571428571,-2.5306122448979593,"NaN, NaN, NaN, NaN, NaN, NaN","NaN, NaN, NaN, NaN, NaN, NaN","NaN, NaN, NaN, NaN, NaN, NaN"
-0.8571428571428571,-2.36734693877551,"NaN, NaN, NaN, NaN, NaN, NaN","NaN, NaN, NaN, NaN, NaN, NaN","NaN, NaN, NaN, NaN, NaN, NaN"
-0.8571428571428571,-2.204081632653061,"NaN, NaN, NaN, NaN, NaN, NaN","NaN, NaN, NaN, NaN, NaN, NaN","NaN, NaN, NaN, NaN, NaN, NaN"
-0.8571428571428571,-2.0408163265306123,"NaN, NaN, NaN, NaN, NaN, NaN","NaN, NaN, NaN, NaN, NaN, NaN","NaN, NaN, NaN, NaN, NaN, NaN"
-0.8571428571428571,-1.8775510204081634,"NaN, NaN, NaN, NaN, NaN, NaN","NaN, NaN, NaN, NaN, NaN, NaN","NaN, NaN, NaN, NaN, NaN, NaN"
-0.8571428571428571,-1.7142857142857142,"NaN, NaN, NaN, NaN, NaN, NaN","NaN, NaN, NaN, NaN, NaN, NaN","NaN, NaN, NaN, NaN, NaN, NaN"
-0.8571428571428571,-1.5510204081632653,"NaN, NaN, NaN, NaN, NaN, NaN","NaN, NaN, NaN, NaN, NaN, NaN","NaN, NaN, NaN, NaN, NaN, NaN"
-0.8571428571428571,-1.3877551020408163,"NaN, NaN, NaN, NaN, NaN, NaN","NaN, NaN, NaN, NaN, NaN, NaN","NaN, NaN, NaN, NaN, NaN, NaN"
-0.8571428571428571,-1.2244897959183674,"NaN, NaN, NaN, NaN, NaN, NaN","NaN, NaN, NaN, NaN, NaN, NaN","NaN, NaN, NaN, NaN, NaN, NaN"
-0.8571428571428571,-1.0612244897959184,"NaN, NaN, NaN, NaN, NaN, NaN","NaN, NaN, NaN, NaN, NaN, NaN","NaN, NaN, NaN, NaN, NaN, NaN"
-0.8571428571428571,-0.8979591836734694,"NaN, NaN, NaN, NaN, NaN, NaN","NaN, NaN, NaN, NaN, NaN, NaN","NaN, NaN, NaN, NaN, NaN, NaN"
-0.8571428571428571,-0.7346938775510204,"NaN, NaN, NaN, NaN, NaN, NaN","NaN, NaN, NaN, NaN, NaN, NaN","NaN, NaN, NaN, NaN, NaN, NaN"
-0.8571428571428571,-0.5714285714285714,"NaN, NaN, NaN, NaN, NaN, NaN","NaN, NaN, NaN, NaN, NaN, NaN","NaN, NaN, NaN, NaN, NaN, NaN"
-0.8571428571428571,-0.40816326530612246,"NaN, NaN, NaN, NaN, NaN, NaN","NaN, NaN, NaN, NaN, NaN, NaN","NaN, NaN, NaN, NaN, NaN, NaN"
-0.8571428571428571,-0.24489795918367346,"NaN, NaN, NaN, NaN, NaN, NaN","NaN, NaN, NaN, NaN, NaN, NaN","NaN, NaN, NaN, NaN, NaN, NaN"
-0.8571428571428571,-0.08163265306122448,"NaN, NaN, NaN, NaN, NaN, NaN","NaN, NaN, NaN, NaN, NaN, NaN","NaN, NaN, NaN, NaN, NaN, NaN"
-0.8571428571428571,0.08163265306122448,"NaN, NaN, NaN, NaN, NaN, NaN","NaN, NaN, NaN, NaN, NaN, NaN","NaN, NaN, NaN, NaN, NaN, NaN"
-0.8571428571428571,0.24489795918367346,"NaN, NaN, NaN, NaN, NaN, NaN","NaN, NaN, NaN, NaN, NaN, NaN","NaN, NaN, NaN, NaN, NaN, NaN"
-0.8571428571428571,0.40816326530612246,"NaN, NaN, NaN, NaN, NaN, NaN","NaN, NaN, NaN, NaN, NaN, NaN","NaN, NaN, NaN, NaN, NaN, NaN"
-0.8571428571428571,0.5714285714285714,"NaN, NaN, NaN, NaN, NaN, NaN","NaN, NaN, NaN, NaN, NaN, NaN","NaN, NaN, NaN, NaN, NaN, NaN"
-0.8571428571428571,0.7346938775510204,"NaN, NaN, NaN, NaN, NaN, NaN","NaN, NaN, NaN, NaN, NaN, NaN","NaN, NaN, NaN, NaN, NaN, NaN"
-0.8571428571428571,0.8979591836734694,"NaN, NaN, NaN, NaN, NaN, NaN","NaN, NaN, NaN, NaN, NaN, NaN","NaN, NaN, NaN, NaN, NaN, NaN"
-0.8571428571428571,1.0612244897959184,"NaN, NaN, NaN, NaN, NaN, NaN","NaN, NaN, NaN, NaN, NaN, NaN","NaN, NaN, NaN, NaN, NaN, NaN"
-0.8571428571428571,1.2244897959183674,"NaN, NaN, NaN, NaN, NaN, NaN","NaN, NaN, NaN, NaN, NaN, NaN","NaN, NaN, NaN, NaN, NaN, NaN"
-0.8571428571428571,1.3877551020408163,"NaN, NaN, NaN, NaN, NaN, NaN","NaN, NaN, NaN, NaN, NaN, NaN","NaN, NaN, NaN, NaN, NaN, NaN"
-0.8571428571428571,1.5510204081632653,"NaN, NaN, NaN, NaN, NaN, NaN","NaN, NaN, NaN, NaN, NaN, NaN","NaN, NaN, NaN, NaN, NaN, NaN"
-0.8571428571428571,1.7142857142857142,"NaN, NaN, NaN, NaN, NaN, NaN","NaN, NaN, NaN, NaN, NaN, NaN","NaN, NaN, NaN, NaN, NaN, NaN"
-0.8571428571428571,1.8775510204081634,"NaN, NaN, NaN, NaN, NaN, NaN","NaN, NaN, NaN, NaN, NaN, NaN","NaN, NaN, NaN, NaN, NaN, NaN"
-0.8571428571428571,2.0408163265306123,"NaN, NaN, NaN, NaN, NaN, NaN","NaN, NaN, NaN, NaN, NaN, NaN","NaN, NaN, NaN, NaN, NaN, NaN"
-0.8571428571428571,2.204081632653061,"NaN, NaN, NaN, NaN, NaN, NaN","NaN, NaN, NaN, NaN, NaN, NaN","NaN, NaN, NaN, NaN, NaN, NaN"
-0.8571428571428571,2.36734693877551,"NaN, NaN, NaN, NaN, NaN, NaN","NaN, NaN, NaN, NaN, NaN, NaN","NaN, NaN, NaN, NaN, NaN, NaN"
-0.8571428571428571,2.5306122448979593,"NaN, NaN, NaN, NaN, NaN, NaN","NaN, NaN, NaN, NaN, NaN, NaN","NaN, NaN, NaN, NaN, NaN, NaN"
-0.8571428571428571,2.693877551020408,"NaN, NaN, NaN, NaN, NaN, NaN","NaN, NaN, NaN, NaN, NaN, NaN","NaN, NaN, NaN, NaN, NaN, NaN"
-0.8571428571428571,2.857142857142857,"NaN, NaN, NaN, NaN, NaN, NaN","NaN, NaN, NaN, NaN, NaN, NaN","NaN, NaN, NaN, NaN, NaN, NaN"
-0.8571428571428571,3.020408163265306,"NaN, NaN, NaN, NaN, NaN, NaN","NaN, NaN, NaN, NaN, NaN, NaN","NaN, NaN, NaN, NaN, NaN, NaN"
-0.8571428571428571,3.183673469387755,"NaN, NaN, NaN, NaN, NaN, NaN","NaN, NaN, NaN, NaN, NaN, NaN","NaN, NaN, NaN, NaN, NaN, NaN"
-0.8571428571428571,3.3469387755102042,"NaN, NaN, NaN, NaN, NaN, NaN","NaN, NaN, NaN, NaN, NaN, NaN","NaN, NaN, NaN, NaN, NaN, NaN"
-0.8571428571428571,3.510204081632653,"NaN, NaN, NaN, NaN, NaN, NaN","NaN, NaN, NaN, NaN, NaN, NaN","NaN, NaN, NaN, NaN, NaN, NaN"
-0.8571428571428571,3.673469387755102,"NaN, NaN, NaN, NaN, NaN, NaN","NaN, NaN, NaN, NaN, NaN, NaN","NaN, NaN, NaN, NaN, NaN, NaN"
-0.8571428571428571,3.836734693877551,"NaN, NaN, NaN, NaN, NaN, NaN","NaN, NaN, NaN, NaN, NaN, NaN","NaN, NaN, NaN, NaN, NaN, NaN"
-0.8571428571428571,4.0,"NaN, NaN, NaN, NaN, NaN, NaN","NaN, NaN, NaN, NaN, NaN, NaN","NaN, NaN, NaN, NaN, NaN, NaN"
-0.6122448979591837,-4.0,"NaN, NaN, NaN, NaN, NaN, NaN","NaN, NaN, NaN, NaN, NaN, NaN","NaN, NaN, NaN, NaN, NaN, NaN"
-0.6122448979591837,-3.836734693877551,"NaN, NaN, NaN, NaN, NaN, NaN","NaN, NaN, NaN, NaN, NaN, NaN","NaN, NaN, NaN, NaN, NaN, NaN"
-0.6122448979591837,-3.673469387755102,"NaN, NaN, NaN, NaN, NaN, NaN","NaN, NaN, NaN, NaN, NaN, NaN","NaN, NaN, NaN, NaN, NaN, NaN"
-0.6122448979591837,-3.510204081632653,"NaN, NaN, NaN, NaN, NaN, NaN","NaN, NaN, NaN, NaN, NaN, NaN","NaN, NaN, NaN, NaN, NaN, NaN"
-0.6122448979591837,-3.3469387755102042,"NaN, NaN, NaN, NaN, NaN, NaN","NaN, NaN, NaN, NaN, NaN, NaN","NaN, NaN, NaN, NaN, NaN, NaN"
-0.6122448979591837,-3.183673469387755,"NaN, NaN, NaN, NaN, NaN, NaN","NaN, NaN, NaN, NaN, NaN, NaN","NaN, NaN, NaN, NaN, NaN, NaN"
-0.6122448979591837,-3.020408163265306,"NaN, NaN, NaN, NaN, NaN, NaN","NaN, NaN, NaN, NaN, NaN, NaN","NaN, NaN, NaN, NaN, NaN, NaN"
-0.6122448979591837,-2.857142857142857,"NaN, NaN, NaN, NaN, NaN, NaN","NaN, NaN, NaN, NaN, NaN, NaN","NaN, NaN, NaN, NaN, NaN, NaN"
-0.6122448979591837,-2.693877551020408,"NaN, NaN, NaN, NaN, NaN, NaN","NaN, NaN, NaN, NaN, NaN, NaN","NaN, NaN, NaN, NaN, NaN, NaN"
-0.6122448979591837,-2.5306122448979593,"NaN, NaN, NaN, NaN, NaN, NaN","NaN, NaN, NaN, NaN, NaN, NaN","NaN, NaN, NaN, NaN, NaN, NaN"
-0.6122448979591837,-2.36734693877551,"NaN, NaN, NaN, NaN, NaN, NaN","NaN, NaN, NaN, NaN, NaN, NaN","NaN, NaN, NaN, NaN, NaN, NaN"
-0.6122448979591837,-2.204081632653061,"NaN, NaN, NaN, NaN, NaN, NaN","NaN, NaN, NaN, NaN, NaN, NaN","NaN, NaN, NaN, NaN, NaN, NaN"
-0.6122448979591837,-2.0408163265306123,"NaN, NaN, NaN, NaN, NaN, NaN","NaN, NaN, NaN, NaN, NaN, NaN","NaN, NaN, NaN, NaN, NaN, NaN"
-0.6122448979591837,-1.8775510204081634,"NaN, NaN, NaN, NaN, NaN, NaN","NaN, NaN, NaN, NaN, NaN, NaN","NaN, NaN, NaN, NaN, NaN, NaN"
-0.6122448979591837,-1.7142857142857142,"NaN, NaN, NaN, NaN, NaN, NaN","NaN, NaN, NaN, NaN, NaN, NaN","NaN, NaN, NaN, NaN, NaN, NaN"
-0.6122448979591837,-1.5510204081632653,"NaN, NaN, NaN, NaN, NaN, NaN","NaN, NaN, NaN, NaN, NaN, NaN","NaN, NaN, NaN, NaN, NaN, NaN"
-0.6122448979591837,-1.3877551020408163,"NaN, NaN, NaN, NaN, NaN, NaN","NaN, NaN, NaN, NaN, NaN, NaN","NaN, NaN, NaN, NaN, NaN, NaN"
-0.6122448979591837,-1.2244897959183674,"NaN, NaN, NaN, NaN, NaN, NaN","NaN, NaN, NaN, NaN, NaN, NaN","NaN, NaN, NaN, NaN, NaN, NaN"
-0.6122448979591837,-1.0612244897959184,"NaN, NaN, NaN, NaN, NaN, NaN","NaN, NaN, NaN, NaN, NaN, NaN","NaN, NaN, NaN, NaN, NaN, NaN"
-0.6122448979591837,-0.8979591836734694,"NaN, NaN, NaN, NaN, NaN, NaN","NaN, NaN, NaN, NaN, NaN, NaN","NaN, NaN, NaN, NaN, NaN, NaN"
-0.6122448979591837,-0.7346938775510204,"NaN, NaN, NaN, NaN, NaN, NaN","NaN, NaN, NaN, NaN, NaN, NaN","NaN, NaN, NaN, NaN, NaN, NaN"
-0.6122448979591837,-0.5714285714285714,"NaN, NaN, NaN, NaN, NaN, NaN","NaN, NaN, NaN, NaN, NaN, NaN","NaN, NaN, NaN, NaN, NaN, NaN"
-0.6122448979591837,-0.40816326530612246,"NaN, NaN, NaN, NaN, NaN, NaN","NaN, NaN, NaN, NaN, NaN, NaN","NaN, NaN, NaN, NaN, NaN, NaN"
-0.6122448979591837,-0.24489795918367346,"NaN, NaN, NaN, NaN, NaN, NaN","NaN, NaN, NaN, NaN, NaN, NaN","NaN, NaN, NaN, NaN, NaN, NaN"
-0.6122448979591837,-0.08163265306122448,"NaN, NaN, NaN, NaN, NaN, NaN","NaN, NaN, NaN, NaN, NaN, NaN","NaN, NaN, NaN, NaN, NaN, NaN"
-0.6122448979591837,0.08163265306122448,"NaN, NaN, NaN, NaN, NaN, NaN","NaN, NaN, NaN, NaN, NaN, NaN","NaN, NaN, NaN, NaN, NaN, NaN"
-0.6122448979591837,0.24489795918367346,"NaN, NaN, NaN, NaN, NaN, NaN","NaN, NaN, NaN, NaN, NaN, NaN","NaN, NaN, NaN, NaN, NaN, NaN"
-0.6122448979591837,0.40816326530612246,"NaN, NaN, NaN, NaN, NaN, NaN","NaN, NaN, NaN, NaN, NaN, NaN","NaN, NaN, NaN, NaN, NaN, NaN"
-0.6122448979591837,0.5714285714285714,"NaN, NaN, NaN, NaN, NaN, NaN","NaN, NaN, NaN, NaN, NaN, NaN","NaN, NaN, NaN, NaN, NaN, NaN"
-0.6122448979591837,0.7346938775510204,"NaN, NaN, NaN, NaN, NaN, NaN","NaN, NaN, NaN, NaN, NaN, NaN","NaN, NaN, NaN, NaN, NaN, NaN"
-0.6122448979591837,0.8979591836734694,"NaN, NaN, NaN, NaN, NaN, NaN","NaN, NaN, NaN, NaN, NaN, NaN","NaN, NaN, NaN, NaN, NaN, NaN"
-0.6122448979591837,1.0612244897959184,"NaN, NaN, NaN, NaN, NaN, NaN","NaN, NaN, NaN, NaN, NaN, NaN","NaN, NaN, NaN, NaN, NaN, NaN"
-0.6122448979591837,1.2244897959183674,"NaN, NaN, NaN, NaN, NaN, NaN","NaN, NaN, NaN, NaN, NaN, NaN","NaN, NaN, NaN, NaN, NaN, NaN"
-0.6122448979591837,1.3877551020408163,"NaN, NaN, NaN, NaN, NaN, NaN","NaN, NaN, NaN, NaN, NaN, NaN","NaN, NaN, NaN, NaN, NaN, NaN"
-0.6122448979591837,1.5510204081632653,"NaN, NaN, NaN, NaN, NaN, NaN","NaN, NaN, NaN, NaN, NaN, NaN","NaN, NaN, NaN, NaN, NaN, NaN"
-0.6122448979591837,1.7142857142857142,"NaN, NaN, NaN, NaN, NaN, NaN","NaN, NaN, NaN, NaN, NaN, NaN","NaN, NaN, NaN, NaN, NaN, NaN"
-0.6122448979591837,1.8775510204081634,"NaN, NaN, NaN, NaN, NaN, NaN","NaN, NaN, NaN, NaN, NaN, NaN","NaN, NaN, NaN, NaN, NaN, NaN"
-0.6122448979591837,2.0408163265306123,"NaN, NaN, NaN, NaN, NaN, NaN","NaN, NaN, NaN, NaN, NaN, NaN","NaN, NaN, NaN, NaN, NaN, NaN"
-0.6122448979591837,2.204081632653061,"NaN, NaN, NaN, NaN, NaN, NaN","NaN, NaN, NaN, NaN, NaN, NaN","NaN, NaN, NaN, NaN, NaN, NaN"
-0.6122448979591837,2.36734693877551,"NaN, NaN, NaN, NaN, NaN, NaN","NaN, NaN, NaN, NaN, NaN, NaN","NaN, NaN, NaN, NaN, NaN, NaN"
-0.6122448979591837,2.5306122448979593,"NaN, NaN, NaN, NaN, NaN, NaN","NaN, NaN, NaN, NaN, NaN, NaN","NaN, NaN, NaN, NaN, NaN, NaN"
-0.6122448979591837,2.693877551020408,"NaN, NaN, NaN, NaN, NaN, NaN","NaN, NaN, NaN, NaN, NaN, NaN","NaN, NaN, NaN, NaN, NaN, NaN"
-0.6122448979591837,2.857142857142857,"NaN, NaN, NaN, NaN, NaN, NaN","NaN, NaN, NaN, NaN, NaN, NaN","NaN, NaN, NaN, NaN, NaN, NaN"
-0.6122448979591837,3.020408163265306,"NaN, NaN, NaN, NaN, NaN, NaN","NaN, NaN, NaN, NaN, NaN, NaN","NaN, NaN, NaN, NaN, NaN, NaN"
-0.6122448979591837,3.183673469387755,"NaN, NaN, NaN, NaN, NaN, NaN","NaN, NaN, NaN, NaN, NaN, NaN","NaN, NaN, NaN, NaN, NaN, NaN"
-0.6122448979591837,3.3469387755102042,"NaN, NaN, NaN, NaN, NaN, NaN","NaN, NaN, NaN, NaN, NaN, NaN","NaN, NaN, NaN, NaN, NaN, NaN"
-0.6122448979591837,3.510204081632653,"NaN, NaN, NaN, NaN, NaN, NaN","NaN, NaN, NaN, NaN, NaN, NaN","NaN, NaN, NaN, NaN, NaN, NaN"
-0.6122448979591837,3.673469387755102,"NaN, NaN, NaN, NaN, NaN, NaN","NaN, NaN, NaN, NaN, NaN, NaN","NaN, NaN, NaN, NaN, NaN, NaN"
-0.6122448979591837,3.836734693877551,"NaN, NaN, NaN, NaN, NaN, NaN","NaN, NaN, NaN, NaN, NaN, NaN","NaN, NaN, NaN, NaN, NaN, NaN"
-0.6122448979591837,4.0,"NaN, NaN, NaN, NaN, NaN, NaN","NaN, NaN, NaN, NaN, NaN, NaN","NaN, NaN, NaN, NaN, NaN, NaN"
-0.3673469387755102,-4.0,"NaN, NaN, NaN, NaN, NaN, NaN","NaN, NaN, NaN, NaN, NaN, NaN","NaN, NaN, NaN, NaN, NaN, NaN"
-0.3673469387755102,-3.836734693877551,"NaN, NaN, NaN, NaN, NaN, NaN","NaN, NaN, NaN, NaN, NaN, NaN","NaN, NaN, NaN, NaN, NaN, NaN"
-0.3673469387755102,-3.673469387755102,"NaN, NaN, NaN, NaN, NaN, NaN","NaN, NaN, NaN, NaN, NaN, NaN","NaN, NaN, NaN, NaN, NaN, NaN"
-0.3673469387755102,-3.510204081632653,"NaN, NaN, NaN, NaN, NaN, NaN","NaN, NaN, NaN, NaN, NaN, NaN","NaN, NaN, NaN, NaN, NaN, NaN"
-0.3673469387755102,-3.3469387755102042,"NaN, NaN, NaN, NaN, NaN, NaN","NaN, NaN, NaN, NaN, NaN, NaN","NaN, NaN, NaN, NaN, NaN, NaN"
-0.3673469387755102,-3.183673469387755,"NaN, NaN, NaN, NaN, NaN, NaN","NaN, NaN, NaN, NaN, NaN, NaN","NaN, NaN, NaN, NaN, NaN, NaN"
-0.3673469387755102,-3.020408163265306,"NaN, NaN, NaN, NaN, NaN, NaN","NaN, NaN, NaN, NaN, NaN, NaN","NaN, NaN, NaN, NaN, NaN, NaN"
-0.3673469387755102,-2.857142857142857,"NaN, NaN, NaN, NaN, NaN, NaN","NaN, NaN, NaN, NaN, NaN, NaN","NaN, NaN, NaN, NaN, NaN, NaN"
-0.3673469387755102,-2.693877551020408,"NaN, NaN, NaN, NaN, NaN, NaN","NaN, NaN, NaN, NaN, NaN, NaN","NaN, NaN, NaN, NaN, NaN, NaN"
-0.3673469387755102,-2.5306122448979593,"NaN, NaN, NaN, NaN, NaN, NaN","NaN, NaN, NaN, NaN, NaN, NaN","NaN, NaN, NaN, NaN, NaN, NaN"
-0.3673469387755102,-2.36734693877551,"NaN, NaN, NaN, NaN, NaN, NaN","NaN, NaN, NaN, NaN, NaN, NaN","NaN, NaN, NaN, NaN, NaN, NaN"
-0.3673469387755102,-2.204081632653061,"NaN, NaN, NaN, NaN, NaN, NaN","NaN, NaN, NaN, NaN, NaN, NaN","NaN, NaN, NaN, NaN, NaN, NaN"
-0.3673469387755102,-2.0408163265306123,"NaN, NaN, NaN, NaN, NaN, NaN","NaN, NaN, NaN, NaN, NaN, NaN","NaN, NaN, NaN, NaN, NaN, NaN"
-0.3673469387755102,-1.8775510204081634,"NaN, NaN, NaN, NaN, NaN, NaN","NaN, NaN, NaN, NaN, NaN, NaN","NaN, NaN, NaN, NaN, NaN, NaN"
-0.3673469387755102,-1.7142857142857142,"NaN, NaN, NaN, NaN, NaN, NaN","NaN, NaN, NaN, NaN, NaN, NaN","NaN, NaN, NaN, NaN, NaN, NaN"
-0.3673469387755102,-1.5510204081632653,"NaN, NaN, NaN, NaN, NaN, NaN","NaN, NaN, NaN, NaN, NaN, NaN","NaN, NaN, NaN, NaN, NaN, NaN"
-0.3673469387755102,-1.3877551020408163,"NaN, NaN, NaN, NaN, NaN, NaN","NaN, NaN, NaN, NaN, NaN, NaN","NaN, NaN, NaN, NaN, NaN, NaN"
-0.3673469387755102,-1.2244897959183674,"NaN, NaN, NaN, NaN, NaN, NaN","NaN, NaN, NaN, NaN, NaN, NaN","NaN, NaN, NaN, NaN, NaN, NaN"
-0.3673469387755102,-1.0612244897959184,"NaN, NaN, NaN, NaN, NaN, NaN","NaN, NaN, NaN, NaN, NaN, NaN","NaN, NaN, NaN, NaN, NaN, NaN"
-0.3673469387755102,-0.8979591836734694,"NaN, NaN, NaN, NaN, NaN, NaN","NaN, NaN, NaN, NaN, NaN, NaN","NaN, NaN, NaN, NaN, NaN, NaN"
-0.3673469387755102,-0.7346938775510204,"NaN, NaN, NaN, NaN, NaN, NaN","NaN, NaN, NaN, NaN, NaN, NaN","NaN, NaN, NaN, NaN, NaN, NaN"
-0.3673469387755102,-0.5714285714285714,"NaN, NaN, NaN, NaN, NaN, NaN","NaN, NaN, NaN, NaN, NaN, NaN","NaN, NaN, NaN, NaN, NaN, NaN"
-0.3673469387755102,-0.40816326530612246,"NaN, NaN, NaN, NaN, NaN, NaN","NaN, NaN, NaN, NaN, NaN, NaN","NaN, NaN, NaN, NaN, NaN, NaN"
-0.3673469387755102,-0.24489795918367346,"NaN, NaN, NaN, NaN, NaN, NaN","NaN, NaN, NaN, NaN, NaN, NaN","NaN, NaN, NaN, NaN, NaN, NaN"
-0.3673469387755102,-0.08163265306122448,"NaN, NaN, NaN, NaN, NaN, NaN","NaN, NaN, NaN, NaN, NaN, NaN","NaN, NaN, NaN, NaN, NaN, NaN"
-0.3673469387755102,0.08163265306122448,"NaN, NaN, NaN, NaN, NaN, NaN","NaN, NaN, NaN, NaN, NaN, NaN","NaN, NaN, NaN, NaN, NaN, NaN"
-0.3673469387755102,0.24489795918367346,"NaN, NaN, NaN, NaN, NaN, NaN","NaN, NaN, NaN, NaN, NaN, NaN","NaN, NaN, NaN, NaN, NaN, NaN"
-0.3673469387755102,0.40816326530612246,"NaN, NaN, NaN, NaN, NaN, NaN","NaN, NaN, NaN, NaN, NaN, NaN","NaN, NaN, NaN, NaN, NaN, NaN"
-0.3673469387755102,0.5714285714285714,"NaN, NaN, NaN, NaN, NaN, NaN","NaN, NaN, NaN, NaN, NaN, NaN","NaN, NaN, NaN, NaN, NaN, NaN"
-0.3673469387755102,0.7346938775510204,"NaN, NaN, NaN, NaN, NaN, NaN","NaN, NaN, NaN, NaN, NaN, NaN","NaN, NaN, NaN, NaN, NaN, NaN"
-0.3673469387755102,0.8979591836734694,"NaN, NaN, NaN, NaN, NaN, NaN","NaN, NaN, NaN, NaN, NaN, NaN","NaN, NaN, NaN, NaN, NaN, NaN"
-0.3673469387755102,1.0612244897959184,"NaN, NaN, NaN, NaN, NaN, NaN","NaN, NaN, NaN, NaN, NaN, NaN","NaN, NaN, NaN, NaN, NaN, NaN"
-0.3673469387755102,1.2244897959183674,"NaN, NaN, NaN, NaN, NaN, NaN","NaN, NaN, NaN, NaN, NaN, NaN","NaN, NaN, NaN, NaN, NaN, NaN"
-0.3673469387755102,1.3877551020408163,"NaN, NaN, NaN, NaN, NaN, NaN","NaN, NaN, NaN, NaN, NaN, NaN","NaN, NaN, NaN, NaN, NaN, NaN"
-0.3673469387755102,1.5510204081632653,"NaN, NaN, NaN, NaN, NaN, NaN","NaN, NaN, NaN, NaN, NaN, NaN","NaN, NaN, NaN, NaN, NaN, NaN"
-0.3673469387755102,1.7142857142857142,"NaN, NaN, NaN, NaN, NaN, NaN","NaN, NaN, NaN, NaN, NaN, NaN","NaN, NaN, NaN, NaN, NaN, NaN"
-0.3673469387755102,1.8775510204081634,"NaN, NaN, NaN, NaN, NaN, NaN","NaN, NaN, NaN, NaN, NaN, NaN","NaN, NaN, NaN, NaN, NaN, NaN"
-0.3673469387755102,2.0408163265306123,"NaN, NaN, NaN, NaN, NaN, NaN","NaN, NaN, NaN, NaN, NaN, NaN","NaN, NaN, NaN, NaN, NaN, NaN"
-0.3673469387755102,2.204081632653061,"NaN, NaN, NaN, NaN, NaN, NaN","NaN, NaN, NaN, NaN, NaN, NaN","NaN, NaN, NaN, NaN, NaN, NaN"
-0.3673469387755102,2.36734693877551,"NaN, NaN, NaN, NaN, NaN, NaN","NaN, NaN, NaN, NaN, NaN, NaN","NaN, NaN, NaN, NaN, NaN, NaN"
-0.3673469387755102,2.5306122448979593,"NaN, NaN, NaN, NaN, NaN, NaN","NaN, NaN, NaN, NaN, NaN, NaN","NaN, NaN, NaN, NaN, NaN, NaN"
-0.3673469387755102,2.693877551020408,"NaN, NaN, NaN, NaN, NaN, NaN","NaN, NaN, NaN, NaN, NaN, NaN","NaN, NaN, NaN, NaN, NaN, NaN"
-0.3673469387755102,2.857142857142857,"NaN, NaN, NaN, NaN, NaN, NaN","NaN, NaN, NaN, NaN, NaN, NaN","NaN, NaN, NaN, NaN, NaN, NaN"
-0.3673469387755102,3.020408163265306,"NaN, NaN, NaN, NaN, NaN, NaN","NaN, NaN, NaN, NaN, NaN, NaN","NaN, NaN, NaN, NaN, NaN, NaN"
-0.3673469387755102,3.183673469387755,"NaN, NaN, NaN, NaN, NaN, NaN","NaN, NaN, NaN, NaN, NaN, NaN","NaN, NaN, NaN, NaN, NaN, NaN"
-0.3673469387755102,3.3469387755102042,"NaN, NaN, NaN, NaN, NaN, NaN","NaN, NaN, NaN, NaN, NaN, NaN","NaN, NaN, NaN, NaN, NaN, NaN"
-0.3673469387755102,3.510204081632653,"NaN, NaN, NaN, NaN, NaN, NaN","NaN, NaN, NaN, NaN, NaN, NaN","NaN, NaN, NaN, NaN, NaN, NaN"
-0.3673469387755102,3.673469387755102,"NaN, NaN, NaN, NaN, NaN, NaN","NaN, NaN, NaN, NaN, NaN, NaN","NaN, NaN, NaN, NaN, NaN, NaN"
-0.3673469387755102,3.836734693877551,"NaN, NaN, NaN, NaN, NaN, NaN","NaN, NaN, NaN, NaN, NaN, NaN","NaN, NaN, NaN, NaN, NaN, NaN"
-0.3673469387755102,4.0,"NaN, NaN, NaN, NaN, NaN, NaN","NaN, NaN, NaN, NaN, NaN, NaN","NaN, NaN, NaN, NaN, NaN, NaN"
-0.12244897959183673,-4.0,"NaN, NaN, NaN, NaN, NaN, NaN","NaN, NaN, NaN, NaN, NaN, NaN","NaN, NaN, NaN, NaN, NaN, NaN"
-0.12244897959183673,-3.836734693877551,"NaN, NaN, NaN, NaN, NaN, NaN","NaN, NaN, NaN, NaN, NaN, NaN","NaN, NaN, NaN, NaN, NaN, NaN"
-0.12244897959183673,-3.673469387755102,"NaN, NaN, NaN, NaN, NaN, NaN","NaN, NaN, NaN, NaN, NaN, NaN","NaN, NaN, NaN, NaN, NaN, NaN"
-0.12244897959183673,-3.510204081632653,"NaN, NaN, NaN, NaN, NaN, NaN","NaN, NaN, NaN, NaN, NaN, NaN","NaN, NaN, NaN, NaN, NaN, NaN"
-0.12244897959183673,-3.3469387755102042,"NaN, NaN, NaN, NaN, NaN, NaN","NaN, NaN, NaN, NaN, NaN, NaN","NaN, NaN, NaN, NaN, NaN, NaN"
-0.12244897959183673,-3.183673469387755,"NaN, NaN, NaN, NaN, NaN, NaN","NaN, NaN, NaN, NaN, NaN, NaN","NaN, NaN, NaN, NaN, NaN, NaN"
-0.12244897959183673,-3.020408163265306,"NaN, NaN, NaN, NaN, NaN, NaN","NaN, NaN, NaN, NaN, NaN, NaN","NaN, NaN, NaN, NaN, NaN, NaN"
-0.12244897959183673,-2.857142857142857,"NaN, NaN, NaN, NaN, NaN, NaN","NaN, NaN, NaN, NaN, NaN, NaN","NaN, NaN, NaN, NaN, NaN, NaN"
-0.12244897959183673,-2.693877551020408,"NaN, NaN, NaN, NaN, NaN, NaN","NaN, NaN, NaN, NaN, NaN, NaN","NaN, NaN, NaN, NaN, NaN, NaN"
-0.12244897959183673,-2.5306122448979593,"NaN, NaN, NaN, NaN, NaN, NaN","NaN, NaN, NaN, NaN, NaN, NaN","NaN, NaN, NaN, NaN, NaN, NaN"
-0.12244897959183673,-2.36734693877551,"NaN, NaN, NaN, NaN, NaN, NaN","NaN, NaN, NaN, NaN, NaN, NaN","NaN, NaN, NaN, NaN, NaN, NaN"
-0.12244897959183673,-2.204081632653061,"NaN, NaN, NaN, NaN, NaN, NaN","NaN, NaN, NaN, NaN, NaN, NaN","NaN, NaN, NaN, NaN, NaN, NaN"
-0.12244897959183673,-2.0408163265306123,"NaN, NaN, NaN, NaN, NaN, NaN","NaN, NaN, NaN, NaN, NaN, NaN","NaN, NaN, NaN, NaN, NaN, NaN"
-0.12244897959183673,-1.8775510204081634,"NaN, NaN, NaN, NaN, NaN, NaN","NaN, NaN, NaN, NaN, NaN, NaN","NaN, NaN, NaN, NaN, NaN, NaN"
-0.12244897959183673,-1.7142857142857142,"NaN, NaN, NaN, NaN, NaN, NaN","NaN, NaN, NaN, NaN, NaN, NaN","NaN, NaN, NaN, NaN, NaN, NaN"
-0.12244897959183673,-1.5510204081632653,"NaN, NaN, NaN, NaN, NaN, NaN","NaN, NaN, NaN, NaN, NaN, NaN","NaN, NaN, NaN, NaN, NaN, NaN"
-0.12244897959183673,-1.3877551020408163,"NaN, NaN, NaN, NaN, NaN, NaN","NaN, NaN, NaN, NaN, NaN, NaN","NaN, NaN, NaN, NaN, NaN, NaN"
-0.12244897959183673,-1.2244897959183674,"NaN, NaN, NaN, NaN, NaN, NaN","NaN, NaN, NaN, NaN, NaN, NaN","NaN, NaN, NaN, NaN, NaN, NaN"
-0.12244897959183673,-1.0612244897959184,"NaN, NaN, NaN, NaN, NaN, NaN","NaN, NaN, NaN, NaN, NaN, NaN","NaN, NaN, NaN, NaN, NaN, NaN"
-0.12244897959183673,-0.8979591836734694,"NaN, NaN, NaN, NaN, NaN, NaN","NaN, NaN, NaN, NaN, NaN, NaN","NaN, NaN, NaN, NaN, NaN, NaN"
-0.12244897959183673,-0.7346938775510204,"NaN, NaN, NaN, NaN, NaN, NaN","NaN, NaN, NaN, NaN, NaN, NaN","NaN, NaN, NaN, NaN, NaN, NaN"
-0.12244897959183673,-0.5714285714285714,"NaN, NaN, NaN, NaN, NaN, NaN","NaN, NaN, NaN, NaN, NaN, NaN","NaN, NaN, NaN, NaN, NaN, NaN"
-0.12244897959183673,-0.40816326530612246,"NaN, NaN, NaN, NaN, NaN, NaN","NaN, NaN, NaN, NaN, NaN, NaN","NaN, NaN, NaN, NaN, NaN, NaN"
-0.12244897959183673,-0.24489795918367346,"NaN, NaN, NaN, NaN, NaN, NaN","NaN, NaN, NaN, NaN, NaN, NaN","NaN, NaN, NaN, NaN, NaN, NaN"
-0.12244897959183673,-0.08163265306122448,"NaN, NaN, NaN, NaN, NaN, NaN","NaN, NaN, NaN, NaN, NaN, NaN","NaN, NaN, NaN, NaN, NaN, NaN"
-0.12244897959183673,0.08163265306122448,"NaN, NaN, NaN, NaN, NaN, NaN","NaN, NaN, NaN, NaN, NaN, NaN","NaN, NaN, NaN, NaN, NaN, NaN"
-0.12244897959183673,0.24489795918367346,"NaN, NaN, NaN, NaN, NaN, NaN","NaN, NaN, NaN, NaN, NaN, NaN","NaN, NaN, NaN, NaN, NaN, NaN"
-0.12244897959183673,0.40816326530612246,"NaN, NaN, NaN, NaN, NaN, NaN","NaN, NaN, NaN, NaN, NaN, NaN","NaN, NaN, NaN, NaN, NaN, NaN"
-0.12244897959183673,0.5714285714285714,"NaN, NaN, NaN, NaN, NaN, NaN","NaN, NaN, NaN, NaN, NaN, NaN","NaN, NaN, NaN, NaN, NaN, NaN"
-0.12244897959183673,0.7346938775510204,"NaN, NaN, NaN, NaN, NaN, NaN","NaN, NaN, NaN, NaN, NaN, NaN","NaN, NaN, NaN, NaN, NaN, NaN"
-0.12244897959183673,0.8979591836734694,"NaN, NaN, NaN, NaN, NaN, NaN","NaN, NaN, NaN, NaN, NaN, NaN","NaN, NaN, NaN, NaN, NaN, NaN"
-0.12244897959183673,1.0612244897959184,"NaN, NaN, NaN, NaN, NaN, NaN","NaN, NaN, NaN, NaN, NaN, NaN","NaN, NaN, NaN, NaN, NaN, NaN"
-0.12244897959183673,1.2244897959183674,"NaN, NaN, NaN, NaN, NaN, NaN","NaN, NaN, NaN, NaN, NaN, NaN","NaN, NaN, NaN, NaN, NaN, NaN"
-0.12244897959183673,1.3877551020408163,"NaN, NaN, NaN, NaN, NaN, NaN","NaN, NaN, NaN, NaN, NaN, NaN","NaN, NaN, NaN, NaN, NaN, NaN"
-0.12244897959183673,1.5510204081632653,"NaN, NaN, NaN, NaN, NaN, NaN","NaN, NaN, NaN, NaN, NaN, NaN","NaN, NaN, NaN, NaN, NaN, NaN"
-0.12244897959183673,1.7142857142857142,"NaN, NaN, NaN, NaN, NaN, NaN","NaN, NaN, NaN, NaN, NaN, NaN","NaN, NaN, NaN, NaN, NaN, NaN"
-0.12244897959183673,1.8775510204081634,"NaN, NaN, NaN, NaN, NaN, NaN","NaN, NaN, NaN, NaN, NaN, NaN","NaN, NaN, NaN, NaN, NaN, NaN"
-0.12244897959183673,2.0408163265306123,"NaN, NaN, NaN, NaN, NaN, NaN","NaN, NaN, NaN, NaN, NaN, NaN","NaN, NaN, NaN, NaN, NaN, NaN"
-0.12244897959183673,2.204081632653061,"NaN, NaN, NaN, NaN, NaN, NaN","NaN, NaN, NaN, NaN, NaN, NaN","NaN, NaN, NaN, NaN, NaN, NaN"
-0.12244897959183673,2.36734693877551,"NaN, NaN, NaN, NaN, NaN, NaN","NaN, NaN, NaN, NaN, NaN, NaN","NaN, NaN, NaN, NaN, NaN, NaN"
-0.12244897959183673,2.5306122448979593,"NaN, NaN, NaN, NaN, NaN, NaN","NaN, NaN, NaN, NaN, NaN, NaN","NaN, NaN, NaN, NaN, NaN, NaN"
-0.12244897959183673,2.693877551020408,"NaN, NaN, NaN, NaN, NaN, NaN","NaN, NaN, NaN, NaN, NaN, NaN","NaN, NaN, NaN, NaN, NaN, NaN"
-0.12244897959183673,2.857142857142857,"NaN, NaN, NaN, NaN, NaN, NaN","NaN, NaN, NaN, NaN, NaN, NaN","NaN, NaN, NaN, NaN, NaN, NaN"
-0.12244897959183673,3.020408163265306,"NaN, NaN, NaN, NaN, NaN, NaN","NaN, NaN, NaN, NaN, NaN, NaN","NaN, NaN, NaN, NaN, NaN, NaN"
-0.12244897959183673,3.183673469387755,"NaN, NaN, NaN, NaN, NaN, NaN","NaN, NaN, NaN, NaN, NaN, NaN","NaN, NaN, NaN, NaN, NaN, NaN"
-0.12244897959183673,3.3469387755102042,"NaN, NaN, NaN, NaN, NaN, NaN","NaN, NaN, NaN, NaN, NaN, NaN","NaN, NaN, NaN, NaN, NaN, NaN"
-0.12244897959183673,3.510204081632653,"NaN, NaN, NaN, NaN, NaN, NaN","NaN, NaN, NaN, NaN, NaN, NaN","NaN, NaN, NaN, NaN, NaN, NaN"
-0.12244897959183673,3.673469387755102,"NaN, NaN, NaN, NaN, NaN, NaN","NaN, NaN, NaN, NaN, NaN, NaN","NaN, NaN, NaN, NaN, NaN, NaN"
-0.12244897959183673,3.836734693877551,"NaN, NaN, NaN, NaN, NaN, NaN","NaN, NaN, NaN, NaN, NaN, NaN","NaN, NaN, NaN, NaN, NaN, NaN"
-0.12244897959183673,4.0,"NaN, NaN, NaN, NaN, NaN, NaN","NaN, NaN, NaN, NaN, NaN, NaN","NaN, NaN, NaN, NaN, NaN, NaN"
0.12244897959183673,-4.0,"NaN, NaN, NaN, NaN, NaN, NaN","NaN, NaN, NaN, NaN, NaN, NaN","NaN, NaN, NaN, NaN, NaN, NaN"
0.12244897959183673,-3.836734693877551,"NaN, NaN, NaN, NaN, NaN, NaN","NaN, NaN, NaN, NaN, NaN, NaN","NaN, NaN, NaN, NaN, NaN, NaN"
0.12244897959183673,-3.673469387755102,"NaN, NaN, NaN, NaN, NaN, NaN","NaN, NaN, NaN, NaN, NaN, NaN","NaN, NaN, NaN, NaN, NaN, NaN"
0.12244897959183673,-3.510204081632653,"NaN, NaN, NaN, NaN, NaN, NaN","NaN, NaN, NaN, NaN, NaN, NaN","NaN, NaN, NaN, NaN, NaN, NaN"
0.12244897959183673,-3.3469387755102042,"NaN, NaN, NaN, NaN, NaN, NaN","NaN, NaN, NaN, NaN, NaN, NaN","NaN, NaN, NaN, NaN, NaN, NaN"
0.12244897959183673,-3.183673469387755,"NaN, NaN, NaN, NaN, NaN, NaN","NaN, NaN, NaN, NaN, NaN, NaN","NaN, NaN, NaN, NaN, NaN, NaN"
0.12244897959183673,-3.020408163265306,"NaN, NaN, NaN, NaN, NaN, NaN","NaN, NaN, NaN, NaN, NaN, NaN","NaN, NaN, NaN, NaN, NaN, NaN"
0.12244897959183673,-2.857142857142857,"NaN, NaN, NaN, NaN, NaN, NaN","NaN, NaN, NaN, NaN, NaN, NaN","NaN, NaN, NaN, NaN, NaN, NaN"
0.12244897959183673,-2.693877551020408,"NaN, NaN, NaN, NaN, NaN, NaN","NaN, NaN, NaN, NaN, NaN, NaN","NaN, NaN, NaN, NaN, NaN, NaN"
0.12244897959183673,-2.5306122448979593,"NaN, NaN, NaN, NaN, NaN, NaN","NaN, NaN, NaN, NaN, NaN, NaN","NaN, NaN, NaN, NaN, NaN, NaN"
0.12244897959183673,-2.36734693877551,"NaN, NaN, NaN, NaN, NaN, NaN","NaN, NaN, NaN, NaN, NaN, NaN","NaN, NaN, NaN, NaN, NaN, NaN"
0.12244897959183673,-2.204081632653061,"NaN, NaN, NaN, NaN, NaN, NaN","NaN, NaN, NaN, NaN, NaN, NaN","NaN, NaN, NaN, NaN, NaN, NaN"
0.12244897959183673,-2.0408163265306123,"NaN, NaN, NaN, NaN, NaN, NaN","NaN, NaN, NaN, NaN, NaN, NaN","NaN, NaN, NaN, NaN, NaN, NaN"
0.12244897959183673,-1.8775510204081634,"NaN, NaN, NaN, NaN, NaN, NaN","NaN, NaN, NaN, NaN, NaN, NaN","NaN, NaN, NaN, NaN, NaN, NaN"
0.12244897959183673,-1.7142857142857142,"NaN, NaN, NaN, NaN, NaN, NaN","NaN, NaN, NaN, NaN, NaN, NaN","NaN, NaN, NaN, NaN, NaN, NaN"
0.12244897959183673,-1.5510204081632653,"NaN, NaN, NaN, NaN, NaN, NaN","NaN, NaN, NaN, NaN, NaN, NaN","NaN, NaN, NaN, NaN, NaN, NaN"
0.12244897959183673,-1.3877551020408163,"NaN, NaN, NaN, NaN, NaN, NaN","NaN, NaN, NaN, NaN, NaN, NaN","NaN, NaN, NaN, NaN, NaN, NaN"
0.12244897959183673,-1.2244897959183674,"NaN, NaN, NaN, NaN, NaN, NaN","NaN, NaN, NaN, NaN, NaN, NaN","NaN, NaN, NaN, NaN, NaN, NaN"
0.12244897959183673,-1.0612244897959184,"NaN, NaN, NaN, NaN, NaN, NaN","NaN, NaN, NaN, NaN, NaN, NaN","NaN, NaN, NaN, NaN, NaN, NaN"
0.12244897959183673,-0.8979591836734694,"NaN, NaN, NaN, NaN, NaN, NaN","NaN, NaN, NaN, NaN, NaN, NaN","NaN, NaN, NaN, NaN, NaN, NaN"
0.12244897959183673,-0.7346938775510204,"NaN, NaN, NaN, NaN, NaN, NaN","NaN, NaN, NaN, NaN, NaN, NaN","NaN, NaN, NaN, NaN, NaN, NaN"
0.12244897959183673,-0.5714285714285714,"NaN, NaN, NaN, NaN, NaN, NaN","NaN, NaN, NaN, NaN, NaN, NaN","NaN, NaN, NaN, NaN, NaN, NaN"
0.12244897959183673,-0.40816326530612246,"NaN, NaN, NaN, NaN, NaN, NaN","NaN, NaN, NaN, NaN, NaN, NaN","NaN, NaN, NaN, NaN, NaN, NaN"
0.12244897959183673,-0.24489795918367346,"NaN, NaN, NaN, NaN, NaN, NaN","NaN, NaN, NaN, NaN, NaN, NaN","NaN, NaN, NaN, NaN, NaN, NaN"
0.12244897959183673,-0.08163265306122448,"NaN, NaN, NaN, NaN, NaN, NaN","NaN, NaN, NaN, NaN, NaN, NaN","NaN, NaN, NaN, NaN, NaN, NaN"
0.12244897959183673,0.08163265306122448,"NaN, NaN, NaN, NaN, NaN, NaN","NaN, NaN, NaN, NaN, NaN, NaN","NaN, NaN, NaN, NaN, NaN, NaN"
0.12244897959183673,0.24489795918367346,"NaN, NaN, NaN, NaN, NaN, NaN","NaN, NaN, NaN, NaN, NaN, NaN","NaN, NaN, NaN, NaN, NaN, NaN"
0.12244897959183673,0.40816326530612246,"NaN, NaN, NaN, NaN, NaN, NaN","NaN, NaN, NaN, NaN, NaN, NaN","NaN, NaN, NaN, NaN, NaN, NaN"
0.12244897959183673,0.5714285714285714,"NaN, NaN, NaN, NaN, NaN, NaN","NaN, NaN, NaN, NaN, NaN, NaN","NaN, NaN, NaN, NaN, NaN, NaN"
0.12244897959183673,0.7346938775510204,"NaN, NaN, NaN, NaN, NaN, NaN","NaN, NaN, NaN, NaN, NaN, NaN","NaN, NaN, NaN, NaN, NaN, NaN"
0.12244897959183673,0.8979591836734694,"NaN, NaN, NaN, NaN, NaN, NaN","NaN, NaN, NaN, NaN, NaN, NaN","NaN, NaN, NaN, NaN, NaN, NaN"
0.12244897959183673,1.0612244897959184,"NaN, NaN, NaN, NaN, NaN, NaN","NaN, NaN, NaN, NaN, NaN, NaN","NaN, NaN, NaN, NaN, NaN, NaN"
0.12244897959183673,1.2244897959183674,"NaN, NaN, NaN, NaN, NaN, NaN","NaN, NaN, NaN, NaN, NaN, NaN","NaN, NaN, NaN, NaN, NaN, NaN"
0.12244897959183673,1.3877551020408163,"NaN, NaN, NaN, NaN, NaN, NaN","NaN, NaN, NaN, NaN, NaN, NaN","NaN, NaN, NaN, NaN, NaN, NaN"
0.12244897959183673,1.5510204081632653,"NaN, NaN, NaN, NaN, NaN, NaN","NaN, NaN, NaN, NaN, NaN, NaN","NaN, NaN, NaN, NaN, NaN, NaN"
0.12244897959183673,1.7142857142857142,"NaN, NaN, NaN, NaN, NaN, NaN","NaN, NaN, NaN, NaN, NaN, NaN","NaN, NaN, NaN, NaN, NaN, NaN"
0.12244897959183673,1.8775510204081634,"NaN, NaN, NaN, NaN, NaN, NaN","NaN, NaN, NaN, NaN, NaN, NaN","NaN, NaN, NaN, NaN, NaN, NaN"
0.12244897959183673,2.0408163265306123,"NaN, NaN, NaN, NaN, NaN, NaN","NaN, NaN, NaN, NaN, NaN, NaN","NaN, NaN, NaN, NaN, NaN, NaN"
0.12244897959183673,2.204081632653061,"NaN, NaN, NaN, NaN, NaN, NaN","NaN, NaN, NaN, NaN, NaN, NaN","NaN, NaN, NaN, NaN, NaN, NaN"
0.12244897959183673,2.36734693877551,"NaN, NaN, NaN, NaN, NaN, NaN","NaN, NaN, NaN, NaN, NaN, NaN","NaN, NaN, NaN, NaN, NaN, NaN"
0.12244897959183673,2.5306122448979593,"NaN, NaN, NaN, NaN, NaN, NaN","NaN, NaN, NaN, NaN, NaN, NaN","NaN, NaN, NaN, NaN, NaN, NaN"
0.12244897959183673,2.693877551020408,"NaN, NaN, NaN, NaN, NaN, NaN","NaN, NaN, NaN, NaN, NaN, NaN","NaN, NaN, NaN, NaN, NaN, NaN"
0.12244897959183673,2.857142857142857,"NaN, NaN, NaN, NaN, NaN, NaN","NaN, NaN, NaN, NaN, NaN, NaN","NaN, NaN, NaN, NaN, NaN, NaN"
0.12244897959183673,3.020408163265306,"NaN, NaN, NaN, NaN, NaN, NaN","NaN, NaN, NaN, NaN, NaN, NaN","NaN, NaN, NaN, NaN, NaN, NaN"
0.12244897959183673,3.183673469387755,"NaN, NaN, NaN, NaN, NaN, NaN","NaN, NaN, NaN, NaN, NaN, NaN","NaN, NaN, NaN, NaN, NaN, NaN"
0.12244897959183673,3.3469387755102042,"NaN, NaN, NaN, NaN, NaN, NaN","NaN, NaN, NaN, NaN, NaN, NaN","NaN, NaN, NaN, NaN, NaN, NaN"
0.12244897959183673,3.510204081632653,"NaN, NaN, NaN, NaN, NaN, NaN","NaN, NaN, NaN, NaN, NaN, NaN","NaN, NaN, NaN, NaN, NaN, NaN"
0.12244897959183673,3.673469387755102,"NaN, NaN, NaN, NaN, NaN, NaN","NaN, NaN, NaN, NaN, NaN, NaN","NaN, NaN, NaN, NaN, NaN, NaN"
0.12244897959183673,3.836734693877551,"NaN, NaN, NaN, NaN, NaN, NaN","NaN, NaN, NaN, NaN, NaN, NaN","NaN, NaN, NaN, NaN, NaN, NaN"
0.12244897959183673,4.0,"NaN, NaN, NaN, NaN, NaN, NaN","NaN, NaN, NaN, NaN, NaN, NaN","NaN, NaN, NaN, NaN, NaN, NaN"
0.3673469387755102,-4.0,"NaN, NaN, NaN, NaN, NaN, NaN","NaN, NaN, NaN, NaN, NaN, NaN","NaN, NaN, NaN, NaN, NaN, NaN"
0.3673469387755102,-3.836734693877551,"NaN, NaN, NaN, NaN, NaN, NaN","NaN, NaN, NaN, NaN, NaN, NaN","NaN, NaN, NaN, NaN, NaN, NaN"
0.3673469387755102,-3.673469387755102,"NaN, NaN, NaN, NaN, NaN, NaN","NaN, NaN, NaN, NaN, NaN, NaN","NaN, NaN, NaN, NaN, NaN, NaN"
0.3673469387755102,-3.510204081632653,"NaN, NaN, NaN, NaN, NaN, NaN","NaN, NaN, NaN, NaN, NaN, NaN","NaN, NaN, NaN, NaN, NaN, NaN"
0.3673469387755102,-3.3469387755102042,"NaN, NaN, NaN, NaN, NaN, NaN","NaN, NaN, NaN, NaN, NaN, NaN","NaN, NaN, NaN, NaN, NaN, NaN"
0.3673469387755102,-3.183673469387755,"NaN, NaN, NaN, NaN, NaN, NaN","NaN, NaN, NaN, NaN, NaN, NaN","NaN, NaN, NaN, NaN, NaN, NaN"
0.3673469387755102,-3.020408163265306,"NaN, NaN, NaN, NaN, NaN, NaN","NaN, NaN, NaN, NaN, NaN, NaN","NaN, NaN, NaN, NaN, NaN, NaN"
0.3673469387755102,-2.857142857142857,"NaN, NaN, NaN, NaN, NaN, NaN","NaN, NaN, NaN, NaN, NaN, NaN","NaN, NaN, NaN, NaN, NaN, NaN"
0.3673469387755102,-2.693877551020408,"NaN, NaN, NaN, NaN, NaN, NaN","NaN, NaN, NaN, NaN, NaN, NaN","NaN, NaN, NaN, NaN, NaN, NaN"
0.3673469387755102,-2.5306122448979593,"NaN, NaN, NaN, NaN, NaN, NaN","NaN, NaN, NaN, NaN, NaN, NaN","NaN, NaN, NaN, NaN, NaN, NaN"
0.3673469387755102,-2.36734693877551,"NaN, NaN, NaN, NaN, NaN, NaN","NaN, NaN, NaN, NaN, NaN, NaN","NaN, NaN, NaN, NaN, NaN, NaN"
0.3673469387755102,-2.204081632653061,"NaN, NaN, NaN, NaN, NaN, NaN","NaN, NaN, NaN, NaN, NaN, NaN","NaN, NaN, NaN, NaN, NaN, NaN"
0.3673469387755102,-2.0408163265306123,"NaN, NaN, NaN, NaN, NaN, NaN","NaN, NaN, NaN, NaN, NaN, NaN","NaN, NaN, NaN, NaN, NaN, NaN"
0.3673469387755102,-1.8775510204081634,"NaN, NaN, NaN, NaN, NaN, NaN","NaN, NaN, NaN, NaN, NaN, NaN","NaN, NaN, NaN, NaN, NaN, NaN"
0.3673469387755102,-1.7142857142857142,"NaN, NaN, NaN, NaN, NaN, NaN","NaN, NaN, NaN, NaN, NaN, NaN","NaN, NaN, NaN, NaN, NaN, NaN"
0.3673469387755102,-1.5510204081632653,"NaN, NaN, NaN, NaN, NaN, NaN","NaN, NaN, NaN, NaN, NaN, NaN","NaN, NaN, NaN, NaN, NaN, NaN"
0.3673469387755102,-1.3877551020408163,"NaN, NaN, NaN, NaN, NaN, NaN","NaN, NaN, NaN, NaN, NaN, NaN","NaN, NaN, NaN, NaN, NaN, NaN"
0.3673469387755102,-1.2244897959183674,"NaN, NaN, NaN, NaN, NaN, NaN","NaN, NaN, NaN, NaN, NaN, NaN","NaN, NaN, NaN, NaN, NaN, NaN"
0.3673469387755102,-1.0612244897959184,"NaN, NaN, NaN, NaN, NaN, NaN","NaN, NaN, NaN, NaN, NaN, NaN","NaN, NaN, NaN, NaN, NaN, NaN"
0.3673469387755102,-0.8979591836734694,"NaN, NaN, NaN, NaN, NaN, NaN","NaN, NaN, NaN, NaN, NaN, NaN","NaN, NaN, NaN, NaN, NaN, NaN"
0.3673469387755102,-0.7346938775510204,"NaN, NaN, NaN, NaN, NaN, NaN","NaN, NaN, NaN, NaN, NaN, NaN","NaN, NaN, NaN, NaN, NaN, NaN"
0.3673469387755102,-0.5714285714285714,"NaN, NaN, NaN, NaN, NaN, NaN","NaN, NaN, NaN, NaN, NaN, NaN","NaN, NaN, NaN, NaN, NaN, NaN"
0.3673469387755102,-0.40816326530612246,"NaN, NaN, NaN, NaN, NaN, NaN","NaN, NaN, NaN, NaN, NaN, NaN","NaN, NaN, NaN, NaN, NaN, NaN"
0.3673469387755102,-0.24489795918367346,"NaN, NaN, NaN, NaN, NaN, NaN","NaN, NaN, NaN, NaN, NaN, NaN","NaN, NaN, NaN, NaN, NaN, NaN"
0.3673469387755102,-0.08163265306122448,"NaN, NaN, NaN, NaN, NaN, NaN","NaN, NaN, NaN, NaN, NaN, NaN","NaN, NaN, NaN, NaN, NaN, NaN"
0.3673469387755102,0.08163265306122448,"NaN, NaN, NaN, NaN, NaN, NaN","NaN, NaN, NaN, NaN, NaN, NaN","NaN, NaN, NaN, NaN, NaN, NaN"
0.3673469387755102,0.24489795918367346,"NaN, NaN, NaN, NaN, NaN, NaN","NaN, NaN, NaN, NaN, NaN, NaN","NaN, NaN, NaN, NaN, NaN, NaN"
0.3673469387755102,0.40816326530612246,"NaN, NaN, NaN, NaN, NaN, NaN","NaN, NaN, NaN, NaN, NaN, NaN","NaN, NaN, NaN, NaN, NaN, NaN"
0.3673469387755102,0.5714285714285714,"NaN, NaN, NaN, NaN, NaN, NaN","NaN, NaN, NaN, NaN, NaN, NaN","NaN, NaN, NaN, NaN, NaN, NaN"
0.3673469387755102,0.7346938775510204,"NaN, NaN, NaN, NaN, NaN, NaN","NaN, NaN, NaN, NaN, NaN, NaN","NaN, NaN, NaN, NaN, NaN, NaN"
0.3673469387755102,0.8979591836734694,"NaN, NaN, NaN, NaN, NaN, NaN","NaN, NaN, NaN, NaN, NaN, NaN","NaN, NaN, NaN, NaN, NaN, NaN"
0.3673469387755102,1.0612244897959184,"NaN, NaN, NaN, NaN, NaN, NaN","NaN, NaN, NaN, NaN, NaN, NaN","NaN, NaN, NaN, NaN, NaN, NaN"
0.3673469387755102,1.2244897959183674,"NaN, NaN, NaN, NaN, NaN, NaN","NaN, NaN, NaN, NaN, NaN, NaN","NaN, NaN, NaN, NaN, NaN, NaN"
0.3673469387755102,1.3877551020408163,"NaN, NaN, NaN, NaN, NaN, NaN","NaN, NaN, NaN, NaN, NaN, NaN","NaN, NaN, NaN, NaN, NaN, NaN"
0.3673469387755102,1.5510204081632653,"NaN, NaN, NaN, NaN, NaN, NaN","NaN, NaN, NaN, NaN, NaN, NaN","NaN, NaN, NaN, NaN, NaN, NaN"
0.3673469387755102,1.7142857142857142,"NaN, NaN, NaN, NaN, NaN, NaN","NaN, NaN, NaN, NaN, NaN, NaN","NaN, NaN, NaN, NaN, NaN, NaN"
0.3673469387755102,1.8775510204081634,"NaN, NaN, NaN, NaN, NaN, NaN","NaN, NaN, NaN, NaN, NaN, NaN","NaN, NaN, NaN, NaN, NaN, NaN"
0.3673469387755102,2.0408163265306123,"NaN, NaN, NaN, NaN, NaN, NaN","NaN, NaN, NaN, NaN, NaN, NaN","NaN, NaN, NaN, NaN, NaN, NaN"
0.3673469387755102,2.204081632653061,"NaN, NaN, NaN, NaN, NaN, NaN","NaN, NaN, NaN, NaN, NaN, NaN","NaN, NaN, NaN, NaN, NaN, NaN"
0.3673469387755102,2.36734693877551,"NaN, NaN, NaN, NaN, NaN, NaN","NaN, NaN, NaN, NaN, NaN, NaN","NaN, NaN, NaN, NaN, NaN, NaN"
0.3673469387755102,2.5306122448979593,"NaN, NaN, NaN, NaN, NaN, NaN","NaN, NaN, NaN, NaN, NaN, NaN","NaN, NaN, NaN, NaN, NaN, NaN"
0.3673469387755102,2.693877551020408,"NaN, NaN, NaN, NaN, NaN, NaN","NaN, NaN, NaN, NaN, NaN, NaN","NaN, NaN, NaN, NaN, NaN, NaN"
0.3673469387755102,2.857142857142857,"NaN, NaN, NaN, NaN, NaN, NaN","NaN, NaN, NaN, NaN, NaN, NaN","NaN, NaN, NaN, NaN, NaN, NaN"
0.3673469387755102,3.020408163265306,"NaN, NaN, NaN, NaN, NaN, NaN","NaN, NaN, NaN, NaN, NaN, NaN","NaN, NaN, NaN, NaN, NaN, NaN"
0.3673469387755102,3.183673469387755,"NaN, NaN, NaN, NaN, NaN, NaN","NaN, NaN, NaN, NaN, NaN, NaN","NaN, NaN, NaN, NaN, NaN, NaN"
0.3673469387755102,3.3469387755102042,"NaN, NaN, NaN, NaN, NaN, NaN","NaN, NaN, NaN, NaN, NaN, NaN","NaN, NaN, NaN, NaN, NaN, NaN"
0.3673469387755102,3.510204081632653,"NaN, NaN, NaN, NaN, NaN, NaN","NaN, NaN, NaN, NaN, NaN, NaN","NaN, NaN, NaN, NaN, NaN, NaN"
0.3673469387755102,3.673469387755102,"NaN, NaN, NaN, NaN, NaN, NaN","NaN, NaN, NaN, NaN, NaN, NaN","NaN, NaN, NaN, NaN, NaN, NaN"
0.3673469387755102,3.836734693877551,"NaN, NaN, NaN, NaN, NaN, NaN","NaN, NaN, NaN, NaN, NaN, NaN","NaN, NaN, NaN, NaN, NaN, NaN"
0.3673469387755102,4.0,"NaN, NaN, NaN, NaN, NaN, NaN","NaN, NaN, NaN, NaN, NaN, NaN","NaN, NaN, NaN, NaN, NaN, NaN"
0.6122448979591837,-4.0,"NaN, NaN, NaN, NaN, NaN, NaN","NaN, NaN, NaN, NaN, NaN, NaN","NaN, NaN, NaN, NaN, NaN, NaN"
0.6122448979591837,-3.836734693877551,"NaN, NaN, NaN, NaN, NaN, NaN","NaN, NaN, NaN, NaN, NaN, NaN","NaN, NaN, NaN, NaN, NaN, NaN"
0.6122448979591837,-3.673469387755102,"NaN, NaN, NaN, NaN, NaN, NaN","NaN, NaN, NaN, NaN, NaN, NaN","NaN, NaN, NaN, NaN, NaN, NaN"
0.6122448979591837,-3.510204081632653,"NaN, NaN, NaN, NaN, NaN, NaN","NaN, NaN, NaN, NaN, NaN, NaN","NaN, NaN, NaN, NaN, NaN, NaN"
0.6122448979591837,-3.3469387755102042,"NaN, NaN, NaN, NaN, NaN, NaN","NaN, NaN, NaN, NaN, NaN, NaN","NaN, NaN, NaN, NaN, NaN, NaN"
0.6122448979591837,-3.183673469387755,"NaN, NaN, NaN, NaN, NaN, NaN","NaN, NaN, NaN, NaN, NaN, NaN","NaN, NaN, NaN, NaN, NaN, NaN"
0.6122448979591837,-3.020408163265306,"NaN, NaN, NaN, NaN, NaN, NaN","NaN, NaN, NaN, NaN, NaN, NaN","NaN, NaN, NaN, NaN, NaN, NaN"
0.6122448979591837,-2.857142857142857,"NaN, NaN, NaN, NaN, NaN, NaN","NaN, NaN, NaN, NaN, NaN, NaN","NaN, NaN, NaN, NaN, NaN, NaN"
0.6122448979591837,-2.693877551020408,"NaN, NaN, NaN, NaN, NaN, NaN","NaN, NaN, NaN, NaN, NaN, NaN","NaN, NaN, NaN, NaN, NaN, NaN"
0.6122448979591837,-2.5306122448979593,"NaN, NaN, NaN, NaN, NaN, NaN","NaN, NaN, NaN, NaN, NaN, NaN","NaN, NaN, NaN, NaN, NaN, NaN"
0.6122448979591837,-2.36734693877551,"NaN, NaN, NaN, NaN, NaN, NaN","NaN, NaN, NaN, NaN, NaN, NaN","NaN, NaN, NaN, NaN, NaN, NaN"
0.6122448979591837,-2.204081632653061,"NaN, NaN, NaN, NaN, NaN, NaN","NaN, NaN, NaN, NaN, NaN, NaN","NaN, NaN, NaN, NaN, NaN, NaN"
0.6122448979591837,-2.0408163265306123,"NaN, NaN, NaN, NaN, NaN, NaN","NaN, NaN, NaN, NaN, NaN, NaN","NaN, NaN, NaN, NaN, NaN, NaN"
0.6122448979591837,-1.8775510204081634,"NaN, NaN, NaN, NaN, NaN, NaN","NaN, NaN, NaN, NaN, NaN, NaN","NaN, NaN, NaN, NaN, NaN, NaN"
0.6122448979591837,-1.7142857142857142,"NaN, NaN, NaN, NaN, NaN, NaN","NaN, NaN, NaN, NaN, NaN, NaN","NaN, NaN, NaN, NaN, NaN, NaN"
0.6122448979591837,-1.5510204081632653,"NaN, NaN, NaN, NaN, NaN, NaN","NaN, NaN, NaN, NaN, NaN, NaN","NaN, NaN, NaN, NaN, NaN, NaN"
0.6122448979591837,-1.3877551020408163,"NaN, NaN, NaN, NaN, NaN, NaN","NaN, NaN, NaN, NaN, NaN, NaN","NaN, NaN, NaN, NaN, NaN, NaN"
0.6122448979591837,-1.2244897959183674,"NaN, NaN, NaN, NaN, NaN, NaN","NaN, NaN, NaN, NaN, NaN, NaN","NaN, NaN, NaN, NaN, NaN, NaN"
0.6122448979591837,-1.0612244897959184,"NaN, NaN, NaN, NaN, NaN, NaN","NaN, NaN, NaN, NaN, NaN, NaN","NaN, NaN, NaN, NaN, NaN, NaN"
0.6122448979591837,-0.8979591836734694,"NaN, NaN, NaN, NaN, NaN, NaN","NaN, NaN, NaN, NaN, NaN, NaN","NaN, NaN, NaN, NaN, NaN, NaN"
0.6122448979591837,-0.7346938775510204,"NaN, NaN, NaN, NaN, NaN, NaN","NaN, NaN, NaN, NaN, NaN, NaN","NaN, NaN, NaN, NaN, NaN, NaN"
0.6122448979591837,-0.5714285714285714,"NaN, NaN, NaN, NaN, NaN, NaN","NaN, NaN, NaN, NaN, NaN, NaN","NaN, NaN, NaN, NaN, NaN, NaN"
0.6122448979591837,-0.40816326530612246,"NaN, NaN, NaN, NaN, NaN, NaN","NaN, NaN, NaN, NaN, NaN, NaN","NaN, NaN, NaN, NaN, NaN, NaN"
0.6122448979591837,-0.24489795918367346,"NaN, NaN, NaN, NaN, NaN, NaN","NaN, NaN, NaN, NaN, NaN, NaN","NaN, NaN, NaN, NaN, NaN, NaN"
0.6122448979591837,-0.08163265306122448,"NaN, NaN, NaN, NaN, NaN, NaN","NaN, NaN, NaN, NaN, NaN, NaN","NaN, NaN, NaN, NaN, NaN, NaN"
0.6122448979591837,0.08163265306122448,"NaN, NaN, NaN, NaN, NaN, NaN","NaN, NaN, NaN, NaN, NaN, NaN","NaN, NaN, NaN, NaN, NaN, NaN"
0.6122448979591837,0.24489795918367346,"NaN, NaN, NaN, NaN, NaN, NaN","NaN, NaN, NaN, NaN, NaN, NaN","NaN, NaN, NaN, NaN, NaN, NaN"
0.6122448979591837,0.40816326530612246,"NaN, NaN, NaN, NaN, NaN, NaN","NaN, NaN, NaN, NaN, NaN, NaN","NaN, NaN, NaN, NaN, NaN, NaN"
0.6122448979591837,0.5714285714285714,"NaN, NaN, NaN, NaN, NaN, NaN","NaN, NaN, NaN, NaN, NaN, NaN","NaN, NaN, NaN, NaN, NaN, NaN"
0.6122448979591837,0.7346938775510204,"NaN, NaN, NaN, NaN, NaN, NaN","NaN, NaN, NaN, NaN, NaN, NaN","NaN, NaN, NaN, NaN, NaN, NaN"
0.6122448979591837,0.8979591836734694,"NaN, NaN, NaN, NaN, NaN, NaN","NaN, NaN, NaN, NaN, NaN, NaN","NaN, NaN, NaN, NaN, NaN, NaN"
0.6122448979591837,1.0612244897959184,"NaN, NaN, NaN, NaN, NaN, NaN","NaN, NaN, NaN, NaN, NaN, NaN","NaN, NaN, NaN, NaN, NaN, NaN"
0.6122448979591837,1.2244897959183674,"NaN, NaN, NaN, NaN, NaN, NaN","NaN, NaN, NaN, NaN, NaN, NaN","NaN, NaN, NaN, NaN, NaN, NaN"
0.6122448979591837,1.3877551020408163,"NaN, NaN, NaN, NaN, NaN, NaN","NaN, NaN, NaN, NaN, NaN, NaN","NaN, NaN, NaN, NaN, NaN, NaN"
0.6122448979591837,1.5510204081632653,"NaN, NaN, NaN, NaN, NaN, NaN","NaN, NaN, NaN, NaN, NaN, NaN","NaN, NaN, NaN, NaN, NaN, NaN"
0.6122448979591837,1.7142857142857142,"NaN, NaN, NaN, NaN, NaN, NaN","NaN, NaN, NaN, NaN, NaN, NaN","NaN, NaN, NaN, NaN, NaN, NaN"
0.6122448979591837,1.8775510204081634,"NaN, NaN, NaN, NaN, NaN, NaN","NaN, NaN, NaN, NaN, NaN, NaN","NaN, NaN, NaN, NaN, NaN, NaN"
0.6122448979591837,2.0408163265306123,"NaN, NaN, NaN, NaN, NaN, NaN","NaN, NaN, NaN, NaN, NaN, NaN","NaN, NaN, NaN, NaN, NaN, NaN"
0.6122448979591837,2.204081632653061,"NaN, NaN, NaN, NaN, NaN, NaN","NaN, NaN, NaN, NaN, NaN, NaN","NaN, NaN, NaN, NaN, NaN, NaN"
0.6122448979591837,2.36734693877551,"NaN, NaN, NaN, NaN, NaN, NaN","NaN, NaN, NaN, NaN, NaN, NaN","NaN, NaN, NaN, NaN, NaN, NaN"
0.6122448979591837,2.5306122448979593,"NaN, NaN, NaN, NaN, NaN, NaN","NaN, NaN, NaN, NaN, NaN, NaN","NaN, NaN, NaN, NaN, NaN, NaN"
0.6122448979591837,2.693877551020408,"NaN, NaN, NaN, NaN, NaN, NaN","NaN, NaN, NaN, NaN, NaN, NaN","NaN, NaN, NaN, NaN, NaN, NaN"
0.6122448979591837,2.857142857142857,"NaN, NaN, NaN, NaN, NaN, NaN","NaN, NaN, NaN, NaN, NaN, NaN","NaN, NaN, NaN, NaN, NaN, NaN"
0.6122448979591837,3.020408163265306,"NaN, NaN, NaN, NaN, NaN, NaN","NaN, NaN, NaN, NaN, NaN, NaN","NaN, NaN, NaN, NaN, NaN, NaN"
0.6122448979591837,3.183673469387755,"NaN, NaN, NaN, NaN, NaN, NaN","NaN, NaN, NaN, NaN, NaN, NaN","NaN, NaN, NaN, NaN, NaN, NaN"
0.6122448979591837,3.3469387755102042,"NaN, NaN, NaN, NaN, NaN, NaN","NaN, NaN, NaN, NaN, NaN, NaN","NaN, NaN, NaN, NaN, NaN, NaN"
0.6122448979591837,3.510204081632653,"NaN, NaN, NaN, NaN, NaN, NaN","NaN, NaN, NaN, NaN, NaN, NaN","NaN, NaN, NaN, NaN, NaN, NaN"
0.6122448979591837,3.673469387755102,"NaN, NaN, NaN, NaN, NaN, NaN","NaN, NaN, NaN, NaN, NaN, NaN","NaN, NaN, NaN, NaN, NaN, NaN"
0.6122448979591837,3.836734693877551,"NaN, NaN, NaN, NaN, NaN, NaN","NaN, NaN, NaN, NaN, NaN, NaN","NaN, NaN, NaN, NaN, NaN, NaN"
0.6122448979591837,4.0,"NaN, NaN, NaN, NaN, NaN, NaN","NaN, NaN, NaN, NaN, NaN, NaN","NaN, NaN, NaN, NaN, NaN, NaN"
0.8571428571428571,-4.0,"NaN, NaN, NaN, NaN, NaN, NaN","NaN, NaN, NaN, NaN, NaN, NaN","NaN, NaN, NaN, NaN, NaN, NaN"
0.8571428571428571,-3.836734693877551,"NaN, NaN, NaN, NaN, NaN, NaN","NaN, NaN, NaN, NaN, NaN, NaN","NaN, NaN, NaN, NaN, NaN, NaN"
0.8571428571428571,-3.673469387755102,"NaN, NaN, NaN, NaN, NaN, NaN","NaN, NaN, NaN, NaN, NaN, NaN","NaN, NaN, NaN, NaN, NaN, NaN"
0.8571428571428571,-3.510204081632653,"NaN, NaN, NaN, NaN, NaN, NaN","NaN, NaN, NaN, NaN, NaN, NaN","NaN, NaN, NaN, NaN, NaN, NaN"
0.8571428571428571,-3.3469387755102042,"NaN, NaN, NaN, NaN, NaN, NaN","NaN, NaN, NaN, NaN, NaN, NaN","NaN, NaN, NaN, NaN, NaN, NaN"
0.8571428571428571,-3.183673469387755,"NaN, NaN, NaN, NaN, NaN, NaN","NaN, NaN, NaN, NaN, NaN, NaN","NaN, NaN, NaN, NaN, NaN, NaN"
0.8571428571428571,-3.020408163265306,"NaN, NaN, NaN, NaN, NaN, NaN","NaN, NaN, NaN, NaN, NaN, NaN","NaN, NaN, NaN, NaN, NaN, NaN"
0.8571428571428571,-2.857142857142857,"NaN, NaN, NaN, NaN, NaN, NaN","NaN, NaN, NaN, NaN, NaN, NaN","NaN, NaN, NaN, NaN, NaN, NaN"
0.8571428571428571,-2.693877551020408,"NaN, NaN, NaN, NaN, NaN, NaN","NaN, NaN, NaN, NaN, NaN, NaN","NaN, NaN, NaN, NaN, NaN, NaN"
0.8571428571428571,-2.5306122448979593,"NaN, NaN, NaN, NaN, NaN, NaN","NaN, NaN, NaN, NaN, NaN, NaN","NaN, NaN, NaN, NaN, NaN, NaN"
0.8571428571428571,-2.36734693877551,"NaN, NaN, NaN, NaN, NaN, NaN","NaN, NaN, NaN, NaN, NaN, NaN","NaN, NaN, NaN, NaN, NaN, NaN"
0.8571428571428571,-2.204081632653061,"NaN, NaN, NaN, NaN, NaN, NaN","NaN, NaN, NaN, NaN, NaN, NaN","NaN, NaN, NaN, NaN, NaN, NaN"
0.8571428571428571,-2.0408163265306123,"NaN, NaN, NaN, NaN, NaN, NaN","NaN, NaN, NaN, NaN, NaN, NaN","NaN, NaN, NaN, NaN, NaN, NaN"
0.8571428571428571,-1.8775510204081634,"NaN, NaN, NaN, NaN, NaN, NaN","NaN, NaN, NaN, NaN, NaN, NaN","NaN, NaN, NaN, NaN, NaN, NaN"
0.8571428571428571,-1.7142857142857142,"NaN, NaN, NaN, NaN, NaN, NaN","NaN, NaN, NaN, NaN, NaN, NaN","NaN, NaN, NaN, NaN, NaN, NaN"
0.8571428571428571,-1.5510204081632653,"NaN, NaN, NaN, NaN, NaN, NaN","NaN, NaN, NaN, NaN, NaN, NaN","NaN, NaN, NaN, NaN, NaN, NaN"
0.8571428571428571,-1.3877551020408163,"NaN, NaN, NaN, NaN, NaN, NaN","NaN, NaN, NaN, NaN, NaN, NaN","NaN, NaN, NaN, NaN, NaN, NaN"
0.8571428571428571,-1.2244897959183674,"NaN, NaN, NaN, NaN, NaN, NaN","NaN, NaN, NaN, NaN, NaN, NaN","NaN, NaN, NaN, NaN, NaN, NaN"
0.8571428571428571,-1.0612244897959184,"NaN, NaN, NaN, NaN, NaN, NaN","NaN, NaN, NaN, NaN, NaN, NaN","NaN, NaN, NaN, NaN, NaN, NaN"
0.8571428571428571,-0.8979591836734694,"NaN, NaN, NaN, NaN, NaN, NaN","NaN, NaN, NaN, NaN, NaN, NaN","NaN, NaN, NaN, NaN, NaN, NaN"
0.8571428571428571,-0.7346938775510204,"NaN, NaN, NaN, NaN, NaN, NaN","NaN, NaN, NaN, NaN, NaN, NaN","NaN, NaN, NaN, NaN, NaN, NaN"
0.8571428571428571,-0.5714285714285714,"NaN, NaN, NaN, NaN, NaN, NaN","NaN, NaN, NaN, NaN, NaN, NaN","NaN, NaN, NaN, NaN, NaN, NaN"
0.8571428571428571,-0.40816326530612246,"NaN, NaN, NaN, NaN, NaN, NaN","NaN, NaN, NaN, NaN, NaN, NaN","NaN, NaN, NaN, NaN, NaN, NaN"
0.8571428571428571,-0.24489795918367346,"NaN, NaN, NaN, NaN, NaN, NaN","NaN, NaN, NaN, NaN, NaN, NaN","NaN, NaN, NaN, NaN, NaN, NaN"
0.8571428571428571,-0.08163265306122448,"NaN, NaN, NaN, NaN, NaN, NaN","NaN, NaN, NaN, NaN, NaN, NaN","NaN, NaN, NaN, NaN, NaN, NaN"
0.8571428571428571,0.08163265306122448,"NaN, NaN, NaN, NaN, NaN, NaN","NaN, NaN, NaN, NaN, NaN, NaN","NaN, NaN, NaN, NaN, NaN, NaN"
0.8571428571428571,0.24489795918367346,"NaN, NaN, NaN, NaN, NaN, NaN","NaN, NaN, NaN, NaN, NaN, NaN","NaN, NaN, NaN, NaN, NaN, NaN"
0.8571428571428571,0.40816326530612246,"NaN, NaN, NaN, NaN, NaN, NaN","NaN, NaN, NaN, NaN, NaN, NaN","NaN, NaN, NaN, NaN, NaN, NaN"
0.8571428571428571,0.5714285714285714,"NaN, NaN, NaN, NaN, NaN, NaN","NaN, NaN, NaN, NaN, NaN, NaN","NaN, NaN, NaN, NaN, NaN, NaN"
0.8571428571428571,0.7346938775510204,"NaN, NaN, NaN, NaN, NaN, NaN","NaN, NaN, NaN, NaN, NaN, NaN","NaN, NaN, NaN, NaN, NaN, NaN"
0.8571428571428571,0.8979591836734694,"NaN, NaN, NaN, NaN, NaN, NaN","NaN, NaN, NaN, NaN, NaN, NaN","NaN, NaN, NaN, NaN, NaN, NaN"
0.8571428571428571,1.0612244897959184,"NaN, NaN, NaN, NaN, NaN, NaN","NaN, NaN, NaN, NaN, NaN, NaN","NaN, NaN, NaN, NaN, NaN, NaN"
0.8571428571428571,1.2244897959183674,"NaN, NaN, NaN, NaN, NaN, NaN","NaN, NaN, NaN, NaN, NaN, NaN","NaN, NaN, NaN, NaN, NaN, NaN"
0.8571428571428571,1.3877551020408163,"NaN, NaN, NaN, NaN, NaN, NaN","NaN, NaN, NaN, NaN, NaN, NaN","NaN, NaN, NaN, NaN, NaN, NaN"
0.8571428571428571,1.5510204081632653,"NaN, NaN, NaN, NaN, NaN, NaN","NaN, NaN, NaN, NaN, NaN, NaN","NaN, NaN, NaN, NaN, NaN, NaN"
0.8571428571428571,1.7142857142857142,"NaN, NaN, NaN, NaN, NaN, NaN","NaN, NaN, NaN, NaN, NaN, NaN","NaN, NaN, NaN, NaN, NaN, NaN"
0.8571428571428571,1.8775510204081634,"NaN, NaN, NaN, NaN, NaN, NaN","NaN, NaN, NaN, NaN, NaN, NaN","NaN, NaN, NaN, NaN, NaN, NaN"
0.8571428571428571,2.0408163265306123,"NaN, NaN, NaN, NaN, NaN, NaN","NaN, NaN, NaN, NaN, NaN, NaN","NaN, NaN, NaN, NaN, NaN, NaN"
0.8571428571428571,2.204081632653061,"NaN, NaN, NaN, NaN, NaN, NaN","NaN, NaN, NaN, NaN, NaN, NaN","NaN, NaN, NaN, NaN, NaN, NaN"
0.8571428571428571,2.36734693877551,"NaN, NaN, NaN, NaN, NaN, NaN","NaN, NaN, NaN, NaN, NaN, NaN","NaN, NaN, NaN, NaN, NaN, NaN"
0.8571428571428571,2.5306122448979593,"NaN, NaN, NaN, NaN, NaN, NaN","NaN, NaN, NaN, NaN, NaN, NaN","NaN, NaN, NaN, NaN, NaN, NaN"
0.8571428571428571,2.693877551020408,"NaN, NaN, NaN, NaN, NaN, NaN","NaN, NaN, NaN, NaN, NaN, NaN","NaN, NaN, NaN, NaN, NaN, NaN"
0.8571428571428571,2.857142857142857,"NaN, NaN, NaN, NaN, NaN, NaN","NaN, NaN, NaN, NaN, NaN, NaN","NaN, NaN, NaN, NaN, NaN, NaN"
0.8571428571428571,3.020408163265306,"NaN, NaN, NaN, NaN, NaN, NaN","NaN, NaN, NaN, NaN, NaN, NaN","NaN, NaN, NaN, NaN, NaN, NaN"
0.8571428571428571,3.183673469387755,"NaN, NaN, NaN, NaN, NaN, NaN","NaN, NaN, NaN, NaN, NaN, NaN","NaN, NaN, NaN, NaN, NaN, NaN"
0.8571428571428571,3.3469387755102042,"NaN, NaN, NaN, NaN, NaN, NaN","NaN, NaN, NaN, NaN, NaN, NaN","NaN, NaN, NaN, NaN, NaN, NaN"
0.8571428571428571,3.510204081632653,"NaN, NaN, NaN, NaN, NaN, NaN","NaN, NaN, NaN, NaN, NaN, NaN","NaN, NaN, NaN, NaN, NaN, NaN"
0.8571428571428571,3.673469387755102,"NaN, NaN, NaN, NaN, NaN, NaN","NaN, NaN, NaN, NaN, NaN, NaN","NaN, NaN, NaN, NaN, NaN, NaN"
0.8571428571428571,3.836734693877551,"NaN, NaN, NaN, NaN, NaN, NaN","NaN, NaN, NaN, NaN, NaN, NaN","NaN, NaN, NaN, NaN, NaN, NaN"
0.8571428571428571,4.0,"NaN, NaN, NaN, NaN, NaN, NaN","NaN, NaN, NaN, NaN, NaN, NaN","NaN, NaN, NaN, NaN, NaN, NaN"
1.1020408163265305,-4.0,"NaN, NaN, NaN, NaN, NaN, NaN","NaN, NaN, NaN, NaN, NaN, NaN","NaN, NaN, NaN, NaN, NaN, NaN"
1.1020408163265305,-3.836734693877551,"NaN, NaN, NaN, NaN, NaN, NaN","NaN, NaN, NaN, NaN, NaN, NaN","NaN, NaN, NaN, NaN, NaN, NaN"
1.1020408163265305,-3.673469387755102,"NaN, NaN, NaN, NaN, NaN, NaN","NaN, NaN, NaN, NaN, NaN, NaN","NaN, NaN, NaN, NaN, NaN, NaN"
1.1020408163265305,-3.510204081632653,"NaN, NaN, NaN, NaN, NaN, NaN","NaN, NaN, NaN, NaN, NaN, NaN","NaN, NaN, NaN, NaN, NaN, NaN"
1.1020408163265305,-3.3469387755102042,"NaN, NaN, NaN, NaN, NaN, NaN","NaN, NaN, NaN, NaN, NaN, NaN","NaN, NaN, NaN, NaN, NaN, NaN"
1.1020408163265305,-3.183673469387755,"NaN, NaN, NaN, NaN, NaN, NaN","NaN, NaN, NaN, NaN, NaN, NaN","NaN, NaN, NaN, NaN, NaN, NaN"
1.1020408163265305,-3.020408163265306,"NaN, NaN, NaN, NaN, NaN, NaN","NaN, NaN, NaN, NaN, NaN, NaN","NaN, NaN, NaN, NaN, NaN, NaN"
1.1020408163265305,-2.857142857142857,"NaN, NaN, NaN, NaN, NaN, NaN","NaN, NaN, NaN, NaN, NaN, NaN","NaN, NaN, NaN, NaN, NaN, NaN"
1.1020408163265305,-2.693877551020408,"NaN, NaN, NaN, NaN, NaN, NaN","NaN, NaN, NaN, NaN, NaN, NaN","NaN, NaN, NaN, NaN, NaN, NaN"
1.1020408163265305,-2.5306122448979593,"NaN, NaN, NaN, NaN, NaN, NaN","NaN, NaN, NaN, NaN, NaN, NaN","NaN, NaN, NaN, NaN, NaN, NaN"
1.1020408163265305,-2.36734693877551,"NaN, NaN, NaN, NaN, NaN, NaN","NaN, NaN, NaN, NaN, NaN, NaN","NaN, NaN, NaN, NaN, NaN, NaN"
1.1020408163265305,-2.204081632653061,"NaN, NaN, NaN, NaN, NaN, NaN","NaN, NaN, NaN, NaN, NaN, NaN","NaN, NaN, NaN, NaN, NaN, NaN"
1.1020408163265305,-2.0408163265306123,"NaN, NaN, NaN, NaN, NaN, NaN","NaN, NaN, NaN, NaN, NaN, NaN","NaN, NaN, NaN, NaN, NaN, NaN"
1.1020408163265305,-1.8775510204081634,"NaN, NaN, NaN, NaN, NaN, NaN","NaN, NaN, NaN, NaN, NaN, NaN","NaN, NaN, NaN, NaN, NaN, NaN"
1.1020408163265305,-1.7142857142857142,"NaN, NaN, NaN, NaN, NaN, NaN","NaN, NaN, NaN, NaN, NaN, NaN","NaN, NaN, NaN, NaN, NaN, NaN"
1.1020408163265305,-1.5510204081632653,"NaN, NaN, NaN, NaN, NaN, NaN","NaN, NaN, NaN, NaN, NaN, NaN","NaN, NaN, NaN, NaN, NaN, NaN"
1.1020408163265305,-1.3877551020408163,"NaN, NaN, NaN, NaN, NaN, NaN","NaN, NaN, NaN, NaN, NaN, NaN","NaN, NaN, NaN, NaN, NaN, NaN"
1.1020408163265305,-1.2244897959183674,"NaN, NaN, NaN, NaN, NaN, NaN","NaN, NaN, NaN, NaN, NaN, NaN","NaN, NaN, NaN, NaN, NaN, NaN"
1.1020408163265305,-1.0612244897959184,"NaN, NaN, NaN, NaN, NaN, NaN","NaN, NaN, NaN, NaN, NaN, NaN","NaN, NaN, NaN, NaN, NaN, NaN"
1.1020408163265305,-0.8979591836734694,"NaN, NaN, NaN, NaN, NaN, NaN","NaN, NaN, NaN, NaN, NaN, NaN","NaN, NaN, NaN, NaN, NaN, NaN"
1.1020408163265305,-0.7346938775510204,"NaN, NaN, NaN, NaN, NaN, NaN","NaN, NaN, NaN, NaN, NaN, NaN","NaN, NaN, NaN, NaN, NaN, NaN"
1.1020408163265305,-0.5714285714285714,"NaN, NaN, NaN, NaN, NaN, NaN","NaN, NaN, NaN, NaN, NaN, NaN","NaN, NaN, NaN, NaN, NaN, NaN"
1.1020408163265305,-0.40816326530612246,"NaN, NaN, NaN, NaN, NaN, NaN","NaN, NaN, NaN, NaN, NaN, NaN","NaN, NaN, NaN, NaN, NaN, NaN"
1.1020408163265305,-0.24489795918367346,"NaN, NaN, NaN, NaN, NaN, NaN","NaN, NaN, NaN, NaN, NaN, NaN","NaN, NaN, NaN, NaN, NaN, NaN"
1.1020408163265305,-0.08163265306122448,"NaN, NaN, NaN, NaN, NaN, NaN","NaN, NaN, NaN, NaN, NaN, NaN","NaN, NaN, NaN, NaN, NaN, NaN"
1.1020408163265305,0.08163265306122448,"NaN, NaN, NaN, NaN, NaN, NaN","NaN, NaN, NaN, NaN, NaN, NaN","NaN, NaN, NaN, NaN, NaN, NaN"
1.1020408163265305,0.24489795918367346,"NaN, NaN, NaN, NaN, NaN, NaN","NaN, NaN, NaN, NaN, NaN, NaN","NaN, NaN, NaN, NaN, NaN, NaN"
1.1020408163265305,0.40816326530612246,"NaN, NaN, NaN, NaN, NaN, NaN","NaN, NaN, NaN, NaN, NaN, NaN","NaN, NaN, NaN, NaN, NaN, NaN"
1.1020408163265305,0.5714285714285714,"NaN, NaN, NaN, NaN, NaN, NaN","NaN, NaN, NaN, NaN, NaN, NaN","NaN, NaN, NaN, NaN, NaN, NaN"
1.1020408163265305,0.7346938775510204,"NaN, NaN, NaN, NaN, NaN, NaN","NaN, NaN, NaN, NaN, NaN, NaN","NaN, NaN, NaN, NaN, NaN, NaN"
1.1020408163265305,0.8979591836734694,"NaN, NaN, NaN, NaN, NaN, NaN","NaN, NaN, NaN, NaN, NaN, NaN","NaN, NaN, NaN, NaN, NaN, NaN"
1.1020408163265305,1.0612244897959184,"NaN, NaN, NaN, NaN, NaN, NaN","NaN, NaN, NaN, NaN, NaN, NaN","NaN, NaN, NaN, NaN, NaN, NaN"
1.1020408163265305,1.2244897959183674,"NaN, NaN, NaN, NaN, NaN, NaN","NaN, NaN, NaN, NaN, NaN, NaN","NaN, NaN, NaN, NaN, NaN, NaN"
1.1020408163265305,1.3877551020408163,"NaN, NaN, NaN, NaN, NaN, NaN","NaN, NaN, NaN, NaN, NaN, NaN","NaN, NaN, NaN, NaN, NaN, NaN"
1.1020408163265305,1.5510204081632653,"NaN, NaN, NaN, NaN, NaN, NaN","NaN, NaN, NaN, NaN, NaN, NaN","NaN, NaN, NaN, NaN, NaN, NaN"
1.1020408163265305,1.7142857142857142,"NaN, NaN, NaN, NaN, NaN, NaN","NaN, NaN, NaN, NaN, NaN, NaN","NaN, NaN, NaN, NaN, NaN, NaN"
1.1020408163265305,1.8775510204081634,"NaN, NaN, NaN, NaN, NaN, NaN","NaN, NaN, NaN, NaN, NaN, NaN","NaN, NaN, NaN, NaN, NaN, NaN"
1.1020408163265305,2.0408163265306123,"NaN, NaN, NaN, NaN, NaN, NaN","NaN, NaN, NaN, NaN, NaN, NaN","NaN, NaN, NaN, NaN, NaN, NaN"
1.1020408163265305,2.204081632653061,"NaN, NaN, NaN, NaN, NaN, NaN","NaN, NaN, NaN, NaN, NaN, NaN","NaN, NaN, NaN, NaN, NaN, NaN"
1.1020408163265305,2.36734693877551,"NaN, NaN, NaN, NaN, NaN, NaN","NaN, NaN, NaN, NaN, NaN, NaN","NaN, NaN, NaN, NaN, NaN, NaN"
1.1020408163265305,2.5306122448979593,"NaN, NaN, NaN, NaN, NaN, NaN","NaN, NaN, NaN, NaN, NaN, NaN","NaN, NaN, NaN, NaN, NaN, NaN"
1.1020408163265305,2.693877551020408,"NaN, NaN, NaN, NaN, NaN, NaN","NaN, NaN, NaN, NaN, NaN, NaN","NaN, NaN, NaN, NaN, NaN, NaN"
1.1020408163265305,2.857142857142857,"NaN, NaN, NaN, NaN, NaN, NaN","NaN, NaN, NaN, NaN, NaN, NaN","NaN, NaN, NaN, NaN, NaN, NaN"
1.1020408163265305,3.020408163265306,"NaN, NaN, NaN, NaN, NaN, NaN","NaN, NaN, NaN, NaN, NaN, NaN","NaN, NaN, NaN, NaN, NaN, NaN"
1.1020408163265305,3.183673469387755,"NaN, NaN, NaN, NaN, NaN, NaN","NaN, NaN, NaN, NaN, NaN, NaN","NaN, NaN, NaN, NaN, NaN, NaN"
1.1020408163265305,3.3469387755102042,"NaN, NaN, NaN, NaN, NaN, NaN","NaN, NaN, NaN, NaN, NaN, NaN","NaN, NaN, NaN, NaN, NaN, NaN"
1.1020408163265305,3.510204081632653,"NaN, NaN, NaN, NaN, NaN, NaN","NaN, NaN, NaN, NaN, NaN, NaN","NaN, NaN, NaN, NaN, NaN, NaN"
1.1020408163265305,3.673469387755102,"NaN, NaN, NaN, NaN, NaN, NaN","NaN, NaN, NaN, NaN, NaN, NaN","NaN, NaN, NaN, NaN, NaN, NaN"
1.1020408163265305,3.836734693877551,"NaN, NaN, NaN, NaN, NaN, NaN","NaN, NaN, NaN, NaN, NaN, NaN","NaN, NaN, NaN, NaN, NaN, NaN"
1.1020408163265305,4.0,"NaN, NaN, NaN, NaN, NaN, NaN","NaN, NaN, NaN, NaN, NaN, NaN","NaN, NaN, NaN, NaN, NaN, NaN"
1.346938775510204,-4.0,"NaN, NaN, NaN, NaN, NaN, NaN","NaN, NaN, NaN, NaN, NaN, NaN","NaN, NaN, NaN, NaN, NaN, NaN"
1.346938775510204,-3.836734693877551,"NaN, NaN, NaN, NaN, NaN, NaN","NaN, NaN, NaN, NaN, NaN, NaN","NaN, NaN, NaN, NaN, NaN, NaN"
1.346938775510204,-3.673469387755102,"NaN, NaN, NaN, NaN, NaN, NaN","NaN, NaN, NaN, NaN, NaN, NaN","NaN, NaN, NaN, NaN, NaN, NaN"
1.346938775510204,-3.510204081632653,"NaN, NaN, NaN, NaN, NaN, NaN","NaN, NaN, NaN, NaN, NaN, NaN","NaN, NaN, NaN, NaN, NaN, NaN"
1.346938775510204,-3.3469387755102042,"NaN, NaN, NaN, NaN, NaN, NaN","NaN, NaN, NaN, NaN, NaN, NaN","NaN, NaN, NaN, NaN, NaN, NaN"
1.346938775510204,-3.183673469387755,"NaN, NaN, NaN, NaN, NaN, NaN","NaN, NaN, NaN, NaN, NaN, NaN","NaN, NaN, NaN, NaN, NaN, NaN"
1.346938775510204,-3.020408163265306,"NaN, NaN, NaN, NaN, NaN, NaN","NaN, NaN, NaN, NaN, NaN, NaN","NaN, NaN, NaN, NaN, NaN, NaN"
1.346938775510204,-2.857142857142857,"NaN, NaN, NaN, NaN, NaN, NaN","NaN, NaN, NaN, NaN, NaN, NaN","NaN, NaN, NaN, NaN, NaN, NaN"
1.346938775510204,-2.693877551020408,"NaN, NaN, NaN, NaN, NaN, NaN","NaN, NaN, NaN, NaN, NaN, NaN","NaN, NaN, NaN, NaN, NaN, NaN"
1.346938775510204,-2.5306122448979593,"NaN, NaN, NaN, NaN, NaN, NaN","NaN, NaN, NaN, NaN, NaN, NaN","NaN, NaN, NaN, NaN, NaN, NaN"
1.346938775510204,-2.36734693877551,"NaN, NaN, NaN, NaN, NaN, NaN","NaN, NaN, NaN, NaN, NaN, NaN","NaN, NaN, NaN, NaN, NaN, NaN"
1.346938775510204,-2.204081632653061,"NaN, NaN, NaN, NaN, NaN, NaN","NaN, NaN, NaN, NaN, NaN, NaN","NaN, NaN, NaN, NaN, NaN, NaN"
1.346938775510204,-2.0408163265306123,"NaN, NaN, NaN, NaN, NaN, NaN","NaN, NaN, NaN, NaN, NaN, NaN","NaN, NaN, NaN, NaN, NaN, NaN"
1.346938775510204,-1.8775510204081634,"NaN, NaN, NaN, NaN, NaN, NaN","NaN, NaN, NaN, NaN, NaN, NaN","NaN, NaN, NaN, NaN, NaN, NaN"
1.346938775510204,-1.7142857142857142,"NaN, NaN, NaN, NaN, NaN, NaN","NaN, NaN, NaN, NaN, NaN, NaN","NaN, NaN, NaN, NaN, NaN, NaN"
1.346938775510204,-1.5510204081632653,"NaN, NaN, NaN, NaN, NaN, NaN","NaN, NaN, NaN, NaN, NaN, NaN","NaN, NaN, NaN, NaN, NaN, NaN"
1.346938775510204,-1.3877551020408163,"NaN, NaN, NaN, NaN, NaN, NaN","NaN, NaN, NaN, NaN, NaN, NaN","NaN, NaN, NaN, NaN, NaN, NaN"
1.346938775510204,-1.2244897959183674,"NaN, NaN, NaN, NaN, NaN, NaN","NaN, NaN, NaN, NaN, NaN, NaN","NaN, NaN, NaN, NaN, NaN, NaN"
1.346938775510204,-1.0612244897959184,"NaN, NaN, NaN, NaN, NaN, NaN","NaN, NaN, NaN, NaN, NaN, NaN","NaN, NaN, NaN, NaN, NaN, NaN"
1.346938775510204,-0.8979591836734694,"NaN, NaN, NaN, NaN, NaN, NaN","NaN, NaN, NaN, NaN, NaN, NaN","NaN, NaN, NaN, NaN, NaN, NaN"
1.346938775510204,-0.7346938775510204,"NaN, NaN, NaN, NaN, NaN, NaN","NaN, NaN, NaN, NaN, NaN, NaN","NaN, NaN, NaN, NaN, NaN, NaN"
1.346938775510204,-0.5714285714285714,"NaN, NaN, NaN, NaN, NaN, NaN","NaN, NaN, NaN, NaN, NaN, NaN","NaN, NaN, NaN, NaN, NaN, NaN"
1.346938775510204,-0.40816326530612246,"NaN, NaN, NaN, NaN, NaN, NaN","NaN, NaN, NaN, NaN, NaN, NaN","NaN, NaN, NaN, NaN, NaN, NaN"
1.346938775510204,-0.24489795918367346,"NaN, NaN, NaN, NaN, NaN, NaN","NaN, NaN, NaN, NaN, NaN, NaN","NaN, NaN, NaN, NaN, NaN, NaN"
1.346938775510204,-0.08163265306122448,"NaN, NaN, NaN, NaN, NaN, NaN","NaN, NaN, NaN, NaN, NaN, NaN","NaN, NaN, NaN, NaN, NaN, NaN"
1.346938775510204,0.08163265306122448,"NaN, NaN, NaN, NaN, NaN, NaN","NaN, NaN, NaN, NaN, NaN, NaN","NaN, NaN, NaN, NaN, NaN, NaN"
1.346938775510204,0.24489795918367346,"NaN, NaN, NaN, NaN, NaN, NaN","NaN, NaN, NaN, NaN, NaN, NaN","NaN, NaN, NaN, NaN, NaN, NaN"
1.346938775510204,0.40816326530612246,"NaN, NaN, NaN, NaN, NaN, NaN","NaN, NaN, NaN, NaN, NaN, NaN","NaN, NaN, NaN, NaN, NaN, NaN"
1.346938775510204,0.5714285714285714,"NaN, NaN, NaN, NaN, NaN, NaN","NaN, NaN, NaN, NaN, NaN, NaN","NaN, NaN, NaN, NaN, NaN, NaN"
1.346938775510204,0.7346938775510204,"NaN, NaN, NaN, NaN, NaN, NaN","NaN, NaN, NaN, NaN, NaN, NaN","NaN, NaN, NaN, NaN, NaN, NaN"
1.346938775510204,0.8979591836734694,"NaN, NaN, NaN, NaN, NaN, NaN","NaN, NaN, NaN, NaN, NaN, NaN","NaN, NaN, NaN, NaN, NaN, NaN"
1.346938775510204,1.0612244897959184,"NaN, NaN, NaN, NaN, NaN, NaN","NaN, NaN, NaN, NaN, NaN, NaN","NaN, NaN, NaN, NaN, NaN, NaN"
1.346938775510204,1.2244897959183674,"NaN, NaN, NaN, NaN, NaN, NaN","NaN, NaN, NaN, NaN, NaN, NaN","NaN, NaN, NaN, NaN, NaN, NaN"
1.346938775510204,1.3877551020408163,"NaN, NaN, NaN, NaN, NaN, NaN","NaN, NaN, NaN, NaN, NaN, NaN","NaN, NaN, NaN, NaN, NaN, NaN"
1.346938775510204,1.5510204081632653,"NaN, NaN, NaN, NaN, NaN, NaN","NaN, NaN, NaN, NaN, NaN, NaN","NaN, NaN, NaN, NaN, NaN, NaN"
1.346938775510204,1.7142857142857142,"NaN, NaN, NaN, NaN, NaN, NaN","NaN, NaN, NaN, NaN, NaN, NaN","NaN, NaN, NaN, NaN, NaN, NaN"
1.346938775510204,1.8775510204081634,"NaN, NaN, NaN, NaN, NaN, NaN","NaN, NaN, NaN, NaN, NaN, NaN","NaN, NaN, NaN, NaN, NaN, NaN"
1.346938775510204,2.0408163265306123,"NaN, NaN, NaN, NaN, NaN, NaN","NaN, NaN, NaN, NaN, NaN, NaN","NaN, NaN, NaN, NaN, NaN, NaN"
1.346938775510204,2.204081632653061,"NaN, NaN, NaN, NaN, NaN, NaN","NaN, NaN, NaN, NaN, NaN, NaN","NaN, NaN, NaN, NaN, NaN, NaN"
1.346938775510204,2.36734693877551,"NaN, NaN, NaN, NaN, NaN, NaN","NaN, NaN, NaN, NaN, NaN, NaN","NaN, NaN, NaN, NaN, NaN, NaN"
1.346938775510204,2.5306122448979593,"NaN, NaN, NaN, NaN, NaN, NaN","NaN, NaN, NaN, NaN, NaN, NaN","NaN, NaN, NaN, NaN, NaN, NaN"
1.346938775510204,2.693877551020408,"NaN, NaN, NaN, NaN, NaN, NaN","NaN, NaN, NaN, NaN, NaN, NaN","NaN, NaN, NaN, NaN, NaN, NaN"
1.346938775510204,2.857142857142857,"NaN, NaN, NaN, NaN, NaN, NaN","NaN, NaN, NaN, NaN, NaN, NaN","NaN, NaN, NaN, NaN, NaN, NaN"
1.346938775510204,3.020408163265306,"NaN, NaN, NaN, NaN, NaN, NaN","NaN, NaN, NaN, NaN, NaN, NaN","NaN, NaN, NaN, NaN, NaN, NaN"
1.346938775510204,3.183673469387755,"NaN, NaN, NaN, NaN, NaN, NaN","NaN, NaN, NaN, NaN, NaN, NaN","NaN, NaN, NaN, NaN, NaN, NaN"
1.346938775510204,3.3469387755102042,"NaN, NaN, NaN, NaN, NaN, NaN","NaN, NaN, NaN, NaN, NaN, NaN","NaN, NaN, NaN, NaN, NaN, NaN"
1.346938775510204,3.510204081632653,"NaN, NaN, NaN, NaN, NaN, NaN","NaN, NaN, NaN, NaN, NaN, NaN","NaN, NaN, NaN, NaN, NaN, NaN"
1.346938775510204,3.673469387755102,"NaN, NaN, NaN, NaN, NaN, NaN","NaN, NaN, NaN, NaN, NaN, NaN","NaN, NaN, NaN, NaN, NaN, NaN"
1.346938775510204,3.836734693877551,"NaN, NaN, NaN, NaN, NaN, NaN","NaN, NaN, NaN, NaN, NaN, NaN","NaN, NaN, NaN, NaN, NaN, NaN"
1.346938775510204,4.0,"NaN, NaN, NaN, NaN, NaN, NaN","NaN, NaN, NaN, NaN, NaN, NaN","NaN, NaN, NaN, NaN, NaN, NaN"
1.5918367346938775,-4.0,"NaN, NaN, NaN, NaN, NaN, NaN","NaN, NaN, NaN, NaN, NaN, NaN","NaN, NaN, NaN, NaN, NaN, NaN"
1.5918367346938775,-3.836734693877551,"NaN, NaN, NaN, NaN, NaN, NaN","NaN, NaN, NaN, NaN, NaN, NaN","NaN, NaN, NaN, NaN, NaN, NaN"
1.5918367346938775,-3.673469387755102,"NaN, NaN, NaN, NaN, NaN, NaN","NaN, NaN, NaN, NaN, NaN, NaN","NaN, NaN, NaN, NaN, NaN, NaN"
1.5918367346938775,-3.510204081632653,"NaN, NaN, NaN, NaN, NaN, NaN","NaN, NaN, NaN, NaN, NaN, NaN","NaN, NaN, NaN, NaN, NaN, NaN"
1.5918367346938775,-3.3469387755102042,"NaN, NaN, NaN, NaN, NaN, NaN","NaN, NaN, NaN, NaN, NaN, NaN","NaN, NaN, NaN, NaN, NaN, NaN"
1.5918367346938775,-3.183673469387755,"NaN, NaN, NaN, NaN, NaN, NaN","NaN, NaN, NaN, NaN, NaN, NaN","NaN, NaN, NaN, NaN, NaN, NaN"
1.5918367346938775,-3.020408163265306,"NaN, NaN, NaN, NaN, NaN, NaN","NaN, NaN, NaN, NaN, NaN, NaN","NaN, NaN, NaN, NaN, NaN, NaN"
1.5918367346938775,-2.857142857142857,"NaN, NaN, NaN, NaN, NaN, NaN","NaN, NaN, NaN, NaN, NaN, NaN","NaN, NaN, NaN, NaN, NaN, NaN"
1.5918367346938775,-2.693877551020408,"NaN, NaN, NaN, NaN, NaN, NaN","NaN, NaN, NaN, NaN, NaN, NaN","NaN, NaN, NaN, NaN, NaN, NaN"
1.5918367346938775,-2.5306122448979593,"NaN, NaN, NaN, NaN, NaN, NaN","NaN, NaN, NaN, NaN, NaN, NaN","NaN, NaN, NaN, NaN, NaN, NaN"
1.5918367346938775,-2.36734693877551,"NaN, NaN, NaN, NaN, NaN, NaN","NaN, NaN, NaN, NaN, NaN, NaN","NaN, NaN, NaN, NaN, NaN, NaN"
1.5918367346938775,-2.204081632653061,"NaN, NaN, NaN, NaN, NaN, NaN","NaN, NaN, NaN, NaN, NaN, NaN","NaN, NaN, NaN, NaN, NaN, NaN"
1.5918367346938775,-2.0408163265306123,"NaN, NaN, NaN, NaN, NaN, NaN","NaN, NaN, NaN, NaN, NaN, NaN","NaN, NaN, NaN, NaN, NaN, NaN"
1.5918367346938775,-1.8775510204081634,"NaN, NaN, NaN, NaN, NaN, NaN","NaN, NaN, NaN, NaN, NaN, NaN","NaN, NaN, NaN, NaN, NaN, NaN"
1.5918367346938775,-1.7142857142857142,"NaN, NaN, NaN, NaN, NaN, NaN","NaN, NaN, NaN, NaN, NaN, NaN","NaN, NaN, NaN, NaN, NaN, NaN"
1.5918367346938775,-1.5510204081632653,"NaN, NaN, NaN, NaN, NaN, NaN","NaN, NaN, NaN, NaN, NaN, NaN","NaN, NaN, NaN, NaN, NaN, NaN"
1.5918367346938775,-1.3877551020408163,"NaN, NaN, NaN, NaN, NaN, NaN","NaN, NaN, NaN, NaN, NaN, NaN","NaN, NaN, NaN, NaN, NaN, NaN"
1.5918367346938775,-1.2244897959183674,"NaN, NaN, NaN, NaN, NaN, NaN","NaN, NaN, NaN, NaN, NaN, NaN","NaN, NaN, NaN, NaN, NaN, NaN"
1.5918367346938775,-1.0612244897959184,"NaN, NaN, NaN, NaN, NaN, NaN","NaN, NaN, NaN, NaN, NaN, NaN","NaN, NaN, NaN, NaN, NaN, NaN"
1.5918367346938775,-0.8979591836734694,"NaN, NaN, NaN, NaN, NaN, NaN","NaN, NaN, NaN, NaN, NaN, NaN","NaN, NaN, NaN, NaN, NaN, NaN"
1.5918367346938775,-0.7346938775510204,"NaN, NaN, NaN, NaN, NaN, NaN","NaN, NaN, NaN, NaN, NaN, NaN","NaN, NaN, NaN, NaN, NaN, NaN"
1.5918367346938775,-0.5714285714285714,"NaN, NaN, NaN, NaN, NaN, NaN","NaN, NaN, NaN, NaN, NaN, NaN","NaN, NaN, NaN, NaN, NaN, NaN"
1.5918367346938775,-0.40816326530612246,"NaN, NaN, NaN, NaN, NaN, NaN","NaN, NaN, NaN, NaN, NaN, NaN","NaN, NaN, NaN, NaN, NaN, NaN"
1.5918367346938775,-0.24489795918367346,"NaN, NaN, NaN, NaN, NaN, NaN","NaN, NaN, NaN, NaN, NaN, NaN","NaN, NaN, NaN, NaN, NaN, NaN"
1.5918367346938775,-0.08163265306122448,"NaN, NaN, NaN, NaN, NaN, NaN","NaN, NaN, NaN, NaN, NaN, NaN","NaN, NaN, NaN, NaN, NaN, NaN"
1.5918367346938775,0.08163265306122448,"NaN, NaN, NaN, NaN, NaN, NaN","NaN, NaN, NaN, NaN, NaN, NaN","NaN, NaN, NaN, NaN, NaN, NaN"
1.5918367346938775,0.24489795918367346,"NaN, NaN, NaN, NaN, NaN, NaN","NaN, NaN, NaN, NaN, NaN, NaN","NaN, NaN, NaN, NaN, NaN, NaN"
1.5918367346938775,0.40816326530612246,"NaN, NaN, NaN, NaN, NaN, NaN","NaN, NaN, NaN, NaN, NaN, NaN","NaN, NaN, NaN, NaN, NaN, NaN"
1.5918367346938775,0.5714285714285714,"NaN, NaN, NaN, NaN, NaN, NaN","NaN, NaN, NaN, NaN, NaN, NaN","NaN, NaN, NaN, NaN, NaN, NaN"
1.5918367346938775,0.7346938775510204,"NaN, NaN, NaN, NaN, NaN, NaN","NaN, NaN, NaN, NaN, NaN, NaN","NaN, NaN, NaN, NaN, NaN, NaN"
1.5918367346938775,0.8979591836734694,"NaN, NaN, NaN, NaN, NaN, NaN","NaN, NaN, NaN, NaN, NaN, NaN","NaN, NaN, NaN, NaN, NaN, NaN"
1.5918367346938775,1.0612244897959184,"NaN, NaN, NaN, NaN, NaN, NaN","NaN, NaN, NaN, NaN, NaN, NaN","NaN, NaN, NaN, NaN, NaN, NaN"
1.5918367346938775,1.2244897959183674,"NaN, NaN, NaN, NaN, NaN, NaN","NaN, NaN, NaN, NaN, NaN, NaN","NaN, NaN, NaN, NaN, NaN, NaN"
1.5918367346938775,1.3877551020408163,"NaN, NaN, NaN, NaN, NaN, NaN","NaN, NaN, NaN, NaN, NaN, NaN","NaN, NaN, NaN, NaN, NaN, NaN"
1.5918367346938775,1.5510204081632653,"NaN, NaN, NaN, NaN, NaN, NaN","NaN, NaN, NaN, NaN, NaN, NaN","NaN, NaN, NaN, NaN, NaN, NaN"
1.5918367346938775,1.7142857142857142,"NaN, NaN, NaN, NaN, NaN, NaN","NaN, NaN, NaN, NaN, NaN, NaN","NaN, NaN, NaN, NaN, NaN, NaN"
1.5918367346938775,1.8775510204081634,"NaN, NaN, NaN, NaN, NaN, NaN","NaN, NaN, NaN, NaN, NaN, NaN","NaN, NaN, NaN, NaN, NaN, NaN"
1.5918367346938775,2.0408163265306123,"NaN, NaN, NaN, NaN, NaN, NaN","NaN, NaN, NaN, NaN, NaN, NaN","NaN, NaN, NaN, NaN, NaN, NaN"
1.5918367346938775,2.204081632653061,"NaN, NaN, NaN, NaN, NaN, NaN","NaN, NaN, NaN, NaN, NaN, NaN","NaN, NaN, NaN, NaN, NaN, NaN"
1.5918367346938775,2.36734693877551,"NaN, NaN, NaN, NaN, NaN, NaN","NaN, NaN, NaN, NaN, NaN, NaN","NaN, NaN, NaN, NaN, NaN, NaN"
1.5918367346938775,2.5306122448979593,"NaN, NaN, NaN, NaN, NaN, NaN","NaN, NaN, NaN, NaN, NaN, NaN","NaN, NaN, NaN, NaN, NaN, NaN"
1.5918367346938775,2.693877551020408,"NaN, NaN, NaN, NaN, NaN, NaN","NaN, NaN, NaN, NaN, NaN, NaN","NaN, NaN, NaN, NaN, NaN, NaN"
1.5918367346938775,2.857142857142857,"NaN, NaN, NaN, NaN, NaN, NaN","NaN, NaN, NaN, NaN, NaN, NaN","NaN, NaN, NaN, NaN, NaN, NaN"
1.5918367346938775,3.020408163265306,"NaN, NaN, NaN, NaN, NaN, NaN","NaN, NaN, NaN, NaN, NaN, NaN","NaN, NaN, NaN, NaN, NaN, NaN"
1.5918367346938775,3.183673469387755,"NaN, NaN, NaN, NaN, NaN, NaN","NaN, NaN, NaN, NaN, NaN, NaN","NaN, NaN, NaN, NaN, NaN, NaN"
1.5918367346938775,3.3469387755102042,"NaN, NaN, NaN, NaN, NaN, NaN","NaN, NaN, NaN, NaN, NaN, NaN","NaN, NaN, NaN, NaN, NaN, NaN"
1.5918367346938775,3.510204081632653,"NaN, NaN, NaN, NaN, NaN, NaN","NaN, NaN, NaN, NaN, NaN, NaN","NaN, NaN, NaN, NaN, NaN, NaN"
1.5918367346938775,3.673469387755102,"NaN, NaN, NaN, NaN, NaN, NaN","NaN, NaN, NaN, NaN, NaN, NaN","NaN, NaN, NaN, NaN, NaN, NaN"
1.5918367346938775,3.836734693877551,"NaN, NaN, NaN, NaN, NaN, NaN","NaN, NaN, NaN, NaN, NaN, NaN","NaN, NaN, NaN, NaN, NaN, NaN"
1.5918367346938775,4.0,"NaN, NaN, NaN, NaN, NaN, NaN","NaN, NaN, NaN, NaN, NaN, NaN","NaN, NaN, NaN, NaN, NaN, NaN"
1.836734693877551,-4.0,"NaN, NaN, NaN, NaN, NaN, NaN","NaN, NaN, NaN, NaN, NaN, NaN","NaN, NaN, NaN, NaN, NaN, NaN"
1.836734693877551,-3.836734693877551,"NaN, NaN, NaN, NaN, NaN, NaN","NaN, NaN, NaN, NaN, NaN, NaN","NaN, NaN, NaN, NaN, NaN, NaN"
1.836734693877551,-3.673469387755102,"NaN, NaN, NaN, NaN, NaN, NaN","NaN, NaN, NaN, NaN, NaN, NaN","NaN, NaN, NaN, NaN, NaN, NaN"
1.836734693877551,-3.510204081632653,"NaN, NaN, NaN, NaN, NaN, NaN","NaN, NaN, NaN, NaN, NaN, NaN","NaN, NaN, NaN, NaN, NaN, NaN"
1.836734693877551,-3.3469387755102042,"NaN, NaN, NaN, NaN, NaN, NaN","NaN, NaN, NaN, NaN, NaN, NaN","NaN, NaN, NaN, NaN, NaN, NaN"
1.836734693877551,-3.183673469387755,"NaN, NaN, NaN, NaN, NaN, NaN","NaN, NaN, NaN, NaN, NaN, NaN","NaN, NaN, NaN, NaN, NaN, NaN"
1.836734693877551,-3.020408163265306,"NaN, NaN, NaN, NaN, NaN, NaN","NaN, NaN, NaN, NaN, NaN, NaN","NaN, NaN, NaN, NaN, NaN, NaN"
1.836734693877551,-2.857142857142857,"NaN, NaN, NaN, NaN, NaN, NaN","NaN, NaN, NaN, NaN, NaN, NaN","NaN, NaN, NaN, NaN, NaN, NaN"
1.836734693877551,-2.693877551020408,"NaN, NaN, NaN, NaN, NaN, NaN","NaN, NaN, NaN, NaN, NaN, NaN","NaN, NaN, NaN, NaN, NaN, NaN"
1.836734693877551,-2.5306122448979593,"NaN, NaN, NaN, NaN, NaN, NaN","NaN, NaN, NaN, NaN, NaN, NaN","NaN, NaN, NaN, NaN, NaN, NaN"
1.836734693877551,-2.36734693877551,"NaN, NaN, NaN, NaN, NaN, NaN","NaN, NaN, NaN, NaN, NaN, NaN","NaN, NaN, NaN, NaN, NaN, NaN"
1.836734693877551,-2.204081632653061,"NaN, NaN, NaN, NaN, NaN, NaN","NaN, NaN, NaN, NaN, NaN, NaN","NaN, NaN, NaN, NaN, NaN, NaN"
1.836734693877551,-2.0408163265306123,"NaN, NaN, NaN, NaN, NaN, NaN","NaN, NaN, NaN, NaN, NaN, NaN","NaN, NaN, NaN, NaN, NaN, NaN"
1.836734693877551,-1.8775510204081634,"NaN, NaN, NaN, NaN, NaN, NaN","NaN, NaN, NaN, NaN, NaN, NaN","NaN, NaN, NaN, NaN, NaN, NaN"
1.836734693877551,-1.7142857142857142,"NaN, NaN, NaN, NaN, NaN, NaN","NaN, NaN, NaN, NaN, NaN, NaN","NaN, NaN, NaN, NaN, NaN, NaN"
1.836734693877551,-1.5510204081632653,"NaN, NaN, NaN, NaN, NaN, NaN","NaN, NaN, NaN, NaN, NaN, NaN","NaN, NaN, NaN, NaN, NaN, NaN"
1.836734693877551,-1.3877551020408163,"NaN, NaN, NaN, NaN, NaN, NaN","NaN, NaN, NaN, NaN, NaN, NaN","NaN, NaN, NaN, NaN, NaN, NaN"
1.836734693877551,-1.2244897959183674,"NaN, NaN, NaN, NaN, NaN, NaN","NaN, NaN, NaN, NaN, NaN, NaN","NaN, NaN, NaN, NaN, NaN, NaN"
1.836734693877551,-1.0612244897959184,"NaN, NaN, NaN, NaN, NaN, NaN","NaN, NaN, NaN, NaN, NaN, NaN","NaN, NaN, NaN, NaN, NaN, NaN"
1.836734693877551,-0.8979591836734694,"NaN, NaN, NaN, NaN, NaN, NaN","NaN, NaN, NaN, NaN, NaN, NaN","NaN, NaN, NaN, NaN, NaN, NaN"
1.836734693877551,-0.7346938775510204,"NaN, NaN, NaN, NaN, NaN, NaN","NaN, NaN, NaN, NaN, NaN, NaN","NaN, NaN, NaN, NaN, NaN, NaN"
1.836734693877551,-0.5714285714285714,"NaN, NaN, NaN, NaN, NaN, NaN","NaN, NaN, NaN, NaN, NaN, NaN","NaN, NaN, NaN, NaN, NaN, NaN"
1.836734693877551,-0.40816326530612246,"NaN, NaN, NaN, NaN, NaN, NaN","NaN, NaN, NaN, NaN, NaN, NaN","NaN, NaN, NaN, NaN, NaN, NaN"
1.836734693877551,-0.24489795918367346,"NaN, NaN, NaN, NaN, NaN, NaN","NaN, NaN, NaN, NaN, NaN, NaN","NaN, NaN, NaN, NaN, NaN, NaN"
1.836734693877551,-0.08163265306122448,"NaN, NaN, NaN, NaN, NaN, NaN","NaN, NaN, NaN, NaN, NaN, NaN","NaN, NaN, NaN, NaN, NaN, NaN"
1.836734693877551,0.08163265306122448,"NaN, NaN, NaN, NaN, NaN, NaN","NaN, NaN, NaN, NaN, NaN, NaN","NaN, NaN, NaN, NaN, NaN, NaN"
1.836734693877551,0.24489795918367346,"NaN, NaN, NaN, NaN, NaN, NaN","NaN, NaN, NaN, NaN, NaN, NaN","NaN, NaN, NaN, NaN, NaN, NaN"
1.836734693877551,0.40816326530612246,"NaN, NaN, NaN, NaN, NaN, NaN","NaN, NaN, NaN, NaN, NaN, NaN","NaN, NaN, NaN, NaN, NaN, NaN"
1.836734693877551,0.5714285714285714,"NaN, NaN, NaN, NaN, NaN, NaN","NaN, NaN, NaN, NaN, NaN, NaN","NaN, NaN, NaN, NaN, NaN, NaN"
1.836734693877551,0.7346938775510204,"NaN, NaN, NaN, NaN, NaN, NaN","NaN, NaN, NaN, NaN, NaN, NaN","NaN, NaN, NaN, NaN, NaN, NaN"
1.836734693877551,0.8979591836734694,"NaN, NaN, NaN, NaN, NaN, NaN","NaN, NaN, NaN, NaN, NaN, NaN","NaN, NaN, NaN, NaN, NaN, NaN"
1.836734693877551,1.0612244897959184,"NaN, NaN, NaN, NaN, NaN, NaN","NaN, NaN, NaN, NaN, NaN, NaN","NaN, NaN, NaN, NaN, NaN, NaN"
1.836734693877551,1.2244897959183674,"NaN, NaN, NaN, NaN, NaN, NaN","NaN, NaN, NaN, NaN, NaN, NaN","NaN, NaN, NaN, NaN, NaN, NaN"
1.836734693877551,1.3877551020408163,"NaN, NaN, NaN, NaN, NaN, NaN","NaN, NaN, NaN, NaN, NaN, NaN","NaN, NaN, NaN, NaN, NaN, NaN"
1.836734693877551,1.5510204081632653,"NaN, NaN, NaN, NaN, NaN, NaN","NaN, NaN, NaN, NaN, NaN, NaN","NaN, NaN, NaN, NaN, NaN, NaN"
1.836734693877551,1.7142857142857142,"NaN, NaN, NaN, NaN, NaN, NaN","NaN, NaN, NaN, NaN, NaN, NaN","NaN, NaN, NaN, NaN, NaN, NaN"
1.836734693877551,1.8775510204081634,"NaN, NaN, NaN, NaN, NaN, NaN","NaN, NaN, NaN, NaN, NaN, NaN","NaN, NaN, NaN, NaN, NaN, NaN"
1.836734693877551,2.0408163265306123,"NaN, NaN, NaN, NaN, NaN, NaN","NaN, NaN, NaN, NaN, NaN, NaN","NaN, NaN, NaN, NaN, NaN, NaN"
1.836734693877551,2.204081632653061,"NaN, NaN, NaN, NaN, NaN, NaN","NaN, NaN, NaN, NaN, NaN, NaN","NaN, NaN, NaN, NaN, NaN, NaN"
1.836734693877551,2.36734693877551,"NaN, NaN, NaN, NaN, NaN, NaN","NaN, NaN, NaN, NaN, NaN, NaN","NaN, NaN, NaN, NaN, NaN, NaN"
1.836734693877551,2.5306122448979593,"NaN, NaN, NaN, NaN, NaN, NaN","NaN, NaN, NaN, NaN, NaN, NaN","NaN, NaN, NaN, NaN, NaN, NaN"
1.836734693877551,2.693877551020408,"NaN, NaN, NaN, NaN, NaN, NaN","NaN, NaN, NaN, NaN, NaN, NaN","NaN, NaN, NaN, NaN, NaN, NaN"
1.836734693877551,2.857142857142857,"NaN, NaN, NaN, NaN, NaN, NaN","NaN, NaN, NaN, NaN, NaN, NaN","NaN, NaN, NaN, NaN, NaN, NaN"
1.836734693877551,3.020408163265306,"NaN, NaN, NaN, NaN, NaN, NaN","NaN, NaN, NaN, NaN, NaN, NaN","NaN, NaN, NaN, NaN, NaN, NaN"
1.836734693877551,3.183673469387755,"NaN, NaN, NaN, NaN, NaN, NaN","NaN, NaN, NaN, NaN, NaN, NaN","NaN, NaN, NaN, NaN, NaN, NaN"
1.836734693877551,3.3469387755102042,"NaN, NaN, NaN, NaN, NaN, NaN","NaN, NaN, NaN, NaN, NaN, NaN","NaN, NaN, NaN, NaN, NaN, NaN"
1.836734693877551,3.510204081632653,"NaN, NaN, NaN, NaN, NaN, NaN","NaN, NaN, NaN, NaN, NaN, NaN","NaN, NaN, NaN, NaN, NaN, NaN"
1.836734693877551,3.673469387755102,"NaN, NaN, NaN, NaN, NaN, NaN","NaN, NaN, NaN, NaN, NaN, NaN","NaN, NaN, NaN, NaN, NaN, NaN"
1.836734693877551,3.836734693877551,"NaN, NaN, NaN, NaN, NaN, NaN","NaN, NaN, NaN, NaN, NaN, NaN","NaN, NaN, NaN, NaN, NaN, NaN"
1.836734693877551,4.0,"NaN, NaN, NaN, NaN, NaN, NaN","NaN, NaN, NaN, NaN, NaN, NaN","NaN, NaN, NaN, NaN, NaN, NaN"
2.0816326530612246,-4.0,"NaN, NaN, NaN, NaN, NaN, NaN","NaN, NaN, NaN, NaN, NaN, NaN","NaN, NaN, NaN, NaN, NaN, NaN"
2.0816326530612246,-3.836734693877551,"NaN, NaN, NaN, NaN, NaN, NaN","NaN, NaN, NaN, NaN, NaN, NaN","NaN, NaN, NaN, NaN, NaN, NaN"
2.0816326530612246,-3.673469387755102,"NaN, NaN, NaN, NaN, NaN, NaN","NaN, NaN, NaN, NaN, NaN, NaN","NaN, NaN, NaN, NaN, NaN, NaN"
2.0816326530612246,-3.510204081632653,"NaN, NaN, NaN, NaN, NaN, NaN","NaN, NaN, NaN, NaN, NaN, NaN","NaN, NaN, NaN, NaN, NaN, NaN"
2.0816326530612246,-3.3469387755102042,"NaN, NaN, NaN, NaN, NaN, NaN","NaN, NaN, NaN, NaN, NaN, NaN","NaN, NaN, NaN, NaN, NaN, NaN"
2.0816326530612246,-3.183673469387755,"NaN, NaN, NaN, NaN, NaN, NaN","NaN, NaN, NaN, NaN, NaN, NaN","NaN, NaN, NaN, NaN, NaN, NaN"
2.0816326530612246,-3.020408163265306,"NaN, NaN, NaN, NaN, NaN, NaN","NaN, NaN, NaN, NaN, NaN, NaN","NaN, NaN, NaN, NaN, NaN, NaN"
2.0816326530612246,-2.857142857142857,"NaN, NaN, NaN, NaN, NaN, NaN","NaN, NaN, NaN, NaN, NaN, NaN","NaN, NaN, NaN, NaN, NaN, NaN"
2.0816326530612246,-2.693877551020408,"NaN, NaN, NaN, NaN, NaN, NaN","NaN, NaN, NaN, NaN, NaN, NaN","NaN, NaN, NaN, NaN, NaN, NaN"
2.0816326530612246,-2.5306122448979593,"NaN, NaN, NaN, NaN, NaN, NaN","NaN, NaN, NaN, NaN, NaN, NaN","NaN, NaN, NaN, NaN, NaN, NaN"
2.0816326530612246,-2.36734693877551,"NaN, NaN, NaN, NaN, NaN, NaN","NaN, NaN, NaN, NaN, NaN, NaN","NaN, NaN, NaN, NaN, NaN, NaN"
2.0816326530612246,-2.204081632653061,"NaN, NaN, NaN, NaN, NaN, NaN","NaN, NaN, NaN, NaN, NaN, NaN","NaN, NaN, NaN, NaN, NaN, NaN"
2.0816326530612246,-2.0408163265306123,"NaN, NaN, NaN, NaN, NaN, NaN","NaN, NaN, NaN, NaN, NaN, NaN","NaN, NaN, NaN, NaN, NaN, NaN"
2.0816326530612246,-1.8775510204081634,"NaN, NaN, NaN, NaN, NaN, NaN","NaN, NaN, NaN, NaN, NaN, NaN","NaN, NaN, NaN, NaN, NaN, NaN"
2.0816326530612246,-1.7142857142857142,"NaN, NaN, NaN, NaN, NaN, NaN","NaN, NaN, NaN, NaN, NaN, NaN","NaN, NaN, NaN, NaN, NaN, NaN"
2.0816326530612246,-1.5510204081632653,"NaN, NaN, NaN, NaN, NaN, NaN","NaN, NaN, NaN, NaN, NaN, NaN","NaN, NaN, NaN, NaN, NaN, NaN"
2.0816326530612246,-1.3877551020408163,"NaN, NaN, NaN, NaN, NaN, NaN","NaN, NaN, NaN, NaN, NaN, NaN","NaN, NaN, NaN, NaN, NaN, NaN"
2.0816326530612246,-1.2244897959183674,"NaN, NaN, NaN, NaN, NaN, NaN","NaN, NaN, NaN, NaN, NaN, NaN","NaN, NaN, NaN, NaN, NaN, NaN"
2.0816326530612246,-1.0612244897959184,"NaN, NaN, NaN, NaN, NaN, NaN","NaN, NaN, NaN, NaN, NaN, NaN","NaN, NaN, NaN, NaN, NaN, NaN"
2.0816326530612246,-0.8979591836734694,"NaN, NaN, NaN, NaN, NaN, NaN","NaN, NaN, NaN, NaN, NaN, NaN","NaN, NaN, NaN, NaN, NaN, NaN"
2.0816326530612246,-0.7346938775510204,"NaN, NaN, NaN, NaN, NaN, NaN","NaN, NaN, NaN, NaN, NaN, NaN","NaN, NaN, NaN, NaN, NaN, NaN"
2.0816326530612246,-0.5714285714285714,"NaN, NaN, NaN, NaN, NaN, NaN","NaN, NaN, NaN, NaN, NaN, NaN","NaN, NaN, NaN, NaN, NaN, NaN"
2.0816326530612246,-0.40816326530612246,"NaN, NaN, NaN, NaN, NaN, NaN","NaN, NaN, NaN, NaN, NaN, NaN","NaN, NaN, NaN, NaN, NaN, NaN"
2.0816326530612246,-0.24489795918367346,"NaN, NaN, NaN, NaN, NaN, NaN","NaN, NaN, NaN, NaN, NaN, NaN","NaN, NaN, NaN, NaN, NaN, NaN"
2.0816326530612246,-0.08163265306122448,"NaN, NaN, NaN, NaN, NaN, NaN","NaN, NaN, NaN, NaN, NaN, NaN","NaN, NaN, NaN, NaN, NaN, NaN"
2.0816326530612246,0.08163265306122448,"NaN, NaN, NaN, NaN, NaN, NaN","NaN, NaN, NaN, NaN, NaN, NaN","NaN, NaN, NaN, NaN, NaN, NaN"
2.0816326530612246,0.24489795918367346,"NaN, NaN, NaN, NaN, NaN, NaN","NaN, NaN, NaN, NaN, NaN, NaN","NaN, NaN, NaN, NaN, NaN, NaN"
2.0816326530612246,0.40816326530612246,"NaN, NaN, NaN, NaN, NaN, NaN","NaN, NaN, NaN, NaN, NaN, NaN","NaN, NaN, NaN, NaN, NaN, NaN"
2.0816326530612246,0.5714285714285714,"NaN, NaN, NaN, NaN, NaN, NaN","NaN, NaN, NaN, NaN, NaN, NaN","NaN, NaN, NaN, NaN, NaN, NaN"
2.0816326530612246,0.7346938775510204,"NaN, NaN, NaN, NaN, NaN, NaN","NaN, NaN, NaN, NaN, NaN, NaN","NaN, NaN, NaN, NaN, NaN, NaN"
2.0816326530612246,0.8979591836734694,"NaN, NaN, NaN, NaN, NaN, NaN","NaN, NaN, NaN, NaN, NaN, NaN","NaN, NaN, NaN, NaN, NaN, NaN"
2.0816326530612246,1.0612244897959184,"NaN, NaN, NaN, NaN, NaN, NaN","NaN, NaN, NaN, NaN, NaN, NaN","NaN, NaN, NaN, NaN, NaN, NaN"
2.0816326530612246,1.2244897959183674,"NaN, NaN, NaN, NaN, NaN, NaN","NaN, NaN, NaN, NaN, NaN, NaN","NaN, NaN, NaN, NaN, NaN, NaN"
2.0816326530612246,1.3877551020408163,"NaN, NaN, NaN, NaN, NaN, NaN","NaN, NaN, NaN, NaN, NaN, NaN","NaN, NaN, NaN, NaN, NaN, NaN"
2.0816326530612246,1.5510204081632653,"NaN, NaN, NaN, NaN, NaN, NaN","NaN, NaN, NaN, NaN, NaN, NaN","NaN, NaN, NaN, NaN, NaN, NaN"
2.0816326530612246,1.7142857142857142,"NaN, NaN, NaN, NaN, NaN, NaN","NaN, NaN, NaN, NaN, NaN, NaN","NaN, NaN, NaN, NaN, NaN, NaN"
2.0816326530612246,1.8775510204081634,"NaN, NaN, NaN, NaN, NaN, NaN","NaN, NaN, NaN, NaN, NaN, NaN","NaN, NaN, NaN, NaN, NaN, NaN"
2.0816326530612246,2.0408163265306123,"NaN, NaN, NaN, NaN, NaN, NaN","NaN, NaN, NaN, NaN, NaN, NaN","NaN, NaN, NaN, NaN, NaN, NaN"
2.0816326530612246,2.204081632653061,"NaN, NaN, NaN, NaN, NaN, NaN","NaN, NaN, NaN, NaN, NaN, NaN","NaN, NaN, NaN, NaN, NaN, NaN"
2.0816326530612246,2.36734693877551,"NaN, NaN, NaN, NaN, NaN, NaN","NaN, NaN, NaN, NaN, NaN, NaN","NaN, NaN, NaN, NaN, NaN, NaN"
2.0816326530612246,2.5306122448979593,"NaN, NaN, NaN, NaN, NaN, NaN","NaN, NaN, NaN, NaN, NaN, NaN","NaN, NaN, NaN, NaN, NaN, NaN"
2.0816326530612246,2.693877551020408,"NaN, NaN, NaN, NaN, NaN, NaN","NaN, NaN, NaN, NaN, NaN, NaN","NaN, NaN, NaN, NaN, NaN, NaN"
2.0816326530612246,2.857142857142857,"NaN, NaN, NaN, NaN, NaN, NaN","NaN, NaN, NaN, NaN, NaN, NaN","NaN, NaN, NaN, NaN, NaN, NaN"
2.0816326530612246,3.020408163265306,"NaN, NaN, NaN, NaN, NaN, NaN","NaN, NaN, NaN, NaN, NaN, NaN","NaN, NaN, NaN, NaN, NaN, NaN"
2.0816326530612246,3.183673469387755,"NaN, NaN, NaN, NaN, NaN, NaN","NaN, NaN, NaN, NaN, NaN, NaN","NaN, NaN, NaN, NaN, NaN, NaN"
2.0816326530612246,3.3469387755102042,"NaN, NaN, NaN, NaN, NaN, NaN","NaN, NaN, NaN, NaN, NaN, NaN","NaN, NaN, NaN, NaN, NaN, NaN"
2.0816326530612246,3.510204081632653,"NaN, NaN, NaN, NaN, NaN, NaN","NaN, NaN, NaN, NaN, NaN, NaN","NaN, NaN, NaN, NaN, NaN, NaN"
2.0816326530612246,3.673469387755102,"NaN, NaN, NaN, NaN, NaN, NaN","NaN, NaN, NaN, NaN, NaN, NaN","NaN, NaN, NaN, NaN, NaN, NaN"
2.0816326530612246,3.836734693877551,"NaN, NaN, NaN, NaN, NaN, NaN","NaN, NaN, NaN, NaN, NaN, NaN","NaN, NaN, NaN, NaN, NaN, NaN"
2.0816326530612246,4.0,"NaN, NaN, NaN, NaN, NaN, NaN","NaN, NaN, NaN, NaN, NaN, NaN","NaN, NaN, NaN, NaN, NaN, NaN"
2.326530612244898,-4.0,"NaN, NaN, NaN, NaN, NaN, NaN","NaN, NaN, NaN, NaN, NaN, NaN","NaN, NaN, NaN, NaN, NaN, NaN"
2.326530612244898,-3.836734693877551,"NaN, NaN, NaN, NaN, NaN, NaN","NaN, NaN, NaN, NaN, NaN, NaN","NaN, NaN, NaN, NaN, NaN, NaN"
2.326530612244898,-3.673469387755102,"NaN, NaN, NaN, NaN, NaN, NaN","NaN, NaN, NaN, NaN, NaN, NaN","NaN, NaN, NaN, NaN, NaN, NaN"
2.326530612244898,-3.510204081632653,"NaN, NaN, NaN, NaN, NaN, NaN","NaN, NaN, NaN, NaN, NaN, NaN","NaN, NaN, NaN, NaN, NaN, NaN"
2.326530612244898,-3.3469387755102042,"NaN, NaN, NaN, NaN, NaN, NaN","NaN, NaN, NaN, NaN, NaN, NaN","NaN, NaN, NaN, NaN, NaN, NaN"
2.326530612244898,-3.183673469387755,"NaN, NaN, NaN, NaN, NaN, NaN","NaN, NaN, NaN, NaN, NaN, NaN","NaN, NaN, NaN, NaN, NaN, NaN"
2.326530612244898,-3.020408163265306,"NaN, NaN, NaN, NaN, NaN, NaN","NaN, NaN, NaN, NaN, NaN, NaN","NaN, NaN, NaN, NaN, NaN, NaN"
2.326530612244898,-2.857142857142857,"NaN, NaN, NaN, NaN, NaN, NaN","NaN, NaN, NaN, NaN, NaN, NaN","NaN, NaN, NaN, NaN, NaN, NaN"
2.326530612244898,-2.693877551020408,"NaN, NaN, NaN, NaN, NaN, NaN","NaN, NaN, NaN, NaN, NaN, NaN","NaN, NaN, NaN, NaN, NaN, NaN"
2.326530612244898,-2.5306122448979593,"NaN, NaN, NaN, NaN, NaN, NaN","NaN, NaN, NaN, NaN, NaN, NaN","NaN, NaN, NaN, NaN, NaN, NaN"
2.326530612244898,-2.36734693877551,"NaN, NaN, NaN, NaN, NaN, NaN","NaN, NaN, NaN, NaN, NaN, NaN","NaN, NaN, NaN, NaN, NaN, NaN"
2.326530612244898,-2.204081632653061,"NaN, NaN, NaN, NaN, NaN, NaN","NaN, NaN, NaN, NaN, NaN, NaN","NaN, NaN, NaN, NaN, NaN, NaN"
2.326530612244898,-2.0408163265306123,"NaN, NaN, NaN, NaN, NaN, NaN","NaN, NaN, NaN, NaN, NaN, NaN","NaN, NaN, NaN, NaN, NaN, NaN"
2.326530612244898,-1.8775510204081634,"NaN, NaN, NaN, NaN, NaN, NaN","NaN, NaN, NaN, NaN, NaN, NaN","NaN, NaN, NaN, NaN, NaN, NaN"
2.326530612244898,-1.7142857142857142,"NaN, NaN, NaN, NaN, NaN, NaN","NaN, NaN, NaN, NaN, NaN, NaN","NaN, NaN, NaN, NaN, NaN, NaN"
2.326530612244898,-1.5510204081632653,"NaN, NaN, NaN, NaN, NaN, NaN","NaN, NaN, NaN, NaN, NaN, NaN","NaN, NaN, NaN, NaN, NaN, NaN"
2.326530612244898,-1.3877551020408163,"NaN, NaN, NaN, NaN, NaN, NaN","NaN, NaN, NaN, NaN, NaN, NaN","NaN, NaN, NaN, NaN, NaN, NaN"
2.326530612244898,-1.2244897959183674,"NaN, NaN, NaN, NaN, NaN, NaN","NaN, NaN, NaN, NaN, NaN, NaN","NaN, NaN, NaN, NaN, NaN, NaN"
2.326530612244898,-1.0612244897959184,"NaN, NaN, NaN, NaN, NaN, NaN","NaN, NaN, NaN, NaN, NaN, NaN","NaN, NaN, NaN, NaN, NaN, NaN"
2.326530612244898,-0.8979591836734694,"NaN, NaN, NaN, NaN, NaN, NaN","NaN, NaN, NaN, NaN, NaN, NaN","NaN, NaN, NaN, NaN, NaN, NaN"
2.326530612244898,-0.7346938775510204,"NaN, NaN, NaN, NaN, NaN, NaN","NaN, NaN, NaN, NaN, NaN, NaN","NaN, NaN, NaN, NaN, NaN, NaN"
2.326530612244898,-0.5714285714285714,"NaN, NaN, NaN, NaN, NaN, NaN","NaN, NaN, NaN, NaN, NaN, NaN","NaN, NaN, NaN, NaN, NaN, NaN"
2.326530612244898,-0.40816326530612246,"NaN, NaN, NaN, NaN, NaN, NaN","NaN, NaN, NaN, NaN, NaN, NaN","NaN, NaN, NaN, NaN, NaN, NaN"
2.326530612244898,-0.24489795918367346,"NaN, NaN, NaN, NaN, NaN, NaN","NaN, NaN, NaN, NaN, NaN, NaN","NaN, NaN, NaN, NaN, NaN, NaN"
2.326530612244898,-0.08163265306122448,"NaN, NaN, NaN, NaN, NaN, NaN","NaN, NaN, NaN, NaN, NaN, NaN","NaN, NaN, NaN, NaN, NaN, NaN"
2.326530612244898,0.08163265306122448,"NaN, NaN, NaN, NaN, NaN, NaN","NaN, NaN, NaN, NaN, NaN, NaN","NaN, NaN, NaN, NaN, NaN, NaN"
2.326530612244898,0.24489795918367346,"NaN, NaN, NaN, NaN, NaN, NaN","NaN, NaN, NaN, NaN, NaN, NaN","NaN, NaN, NaN, NaN, NaN, NaN"
2.326530612244898,0.40816326530612246,"NaN, NaN, NaN, NaN, NaN, NaN","NaN, NaN, NaN, NaN, NaN, NaN","NaN, NaN, NaN, NaN, NaN, NaN"
2.326530612244898,0.5714285714285714,"NaN, NaN, NaN, NaN, NaN, NaN","NaN, NaN, NaN, NaN, NaN, NaN","NaN, NaN, NaN, NaN, NaN, NaN"
2.326530612244898,0.7346938775510204,"NaN, NaN, NaN, NaN, NaN, NaN","NaN, NaN, NaN, NaN, NaN, NaN","NaN, NaN, NaN, NaN, NaN, NaN"
2.326530612244898,0.8979591836734694,"NaN, NaN, NaN, NaN, NaN, NaN","NaN, NaN, NaN, NaN, NaN, NaN","NaN, NaN, NaN, NaN, NaN, NaN"
2.326530612244898,1.0612244897959184,"NaN, NaN, NaN, NaN, NaN, NaN","NaN, NaN, NaN, NaN, NaN, NaN","NaN, NaN, NaN, NaN, NaN, NaN"
2.326530612244898,1.2244897959183674,"NaN, NaN, NaN, NaN, NaN, NaN","NaN, NaN, NaN, NaN, NaN, NaN","NaN, NaN, NaN, NaN, NaN, NaN"
2.326530612244898,1.3877551020408163,"NaN, NaN, NaN, NaN, NaN, NaN","NaN, NaN, NaN, NaN, NaN, NaN","NaN, NaN, NaN, NaN, NaN, NaN"
2.326530612244898,1.5510204081632653,"NaN, NaN, NaN, NaN, NaN, NaN","NaN, NaN, NaN, NaN, NaN, NaN","NaN, NaN, NaN, NaN, NaN, NaN"
2.326530612244898,1.7142857142857142,"NaN, NaN, NaN, NaN, NaN, NaN","NaN, NaN, NaN, NaN, NaN, NaN","NaN, NaN, NaN, NaN, NaN, NaN"
2.326530612244898,1.8775510204081634,"NaN, NaN, NaN, NaN, NaN, NaN","NaN, NaN, NaN, NaN, NaN, NaN","NaN, NaN, NaN, NaN, NaN, NaN"
2.326530612244898,2.0408163265306123,"NaN, NaN, NaN, NaN, NaN, NaN","NaN, NaN, NaN, NaN, NaN, NaN","NaN, NaN, NaN, NaN, NaN, NaN"
2.326530612244898,2.204081632653061,"NaN, NaN, NaN, NaN, NaN, NaN","NaN, NaN, NaN, NaN, NaN, NaN","NaN, NaN, NaN, NaN, NaN, NaN"
2.326530612244898,2.36734693877551,"NaN, NaN, NaN, NaN, NaN, NaN","NaN, NaN, NaN, NaN, NaN, NaN","NaN, NaN, NaN, NaN, NaN, NaN"
2.326530612244898,2.5306122448979593,"NaN, NaN, NaN, NaN, NaN, NaN","NaN, NaN, NaN, NaN, NaN, NaN","NaN, NaN, NaN, NaN, NaN, NaN"
2.326530612244898,2.693877551020408,"NaN, NaN, NaN, NaN, NaN, NaN","NaN, NaN, NaN, NaN, NaN, NaN","NaN, NaN, NaN, NaN, NaN, NaN"
2.326530612244898,2.857142857142857,"NaN, NaN, NaN, NaN, NaN, NaN","NaN, NaN, NaN, NaN, NaN, NaN","NaN, NaN, NaN, NaN, NaN, NaN"
2.326530612244898,3.020408163265306,"NaN, NaN, NaN, NaN, NaN, NaN","NaN, NaN, NaN, NaN, NaN, NaN","NaN, NaN, NaN, NaN, NaN, NaN"
2.326530612244898,3.183673469387755,"NaN, NaN, NaN, NaN, NaN, NaN","NaN, NaN, NaN, NaN, NaN, NaN","NaN, NaN, NaN, NaN, NaN, NaN"
2.326530612244898,3.3469387755102042,"NaN, NaN, NaN, NaN, NaN, NaN","NaN, NaN, NaN, NaN, NaN, NaN","NaN, NaN, NaN, NaN, NaN, NaN"
2.326530612244898,3.510204081632653,"NaN, NaN, NaN, NaN, NaN, NaN","NaN, NaN, NaN, NaN, NaN, NaN","NaN, NaN, NaN, NaN, NaN, NaN"
2.326530612244898,3.673469387755102,"NaN, NaN, NaN, NaN, NaN, NaN","NaN, NaN, NaN, NaN, NaN, NaN","NaN, NaN, NaN, NaN, NaN, NaN"
2.326530612244898,3.836734693877551,"NaN, NaN, NaN, NaN, NaN, NaN","NaN, NaN, NaN, NaN, NaN, NaN","NaN, NaN, NaN, NaN, NaN, NaN"
2.326530612244898,4.0,"NaN, NaN, NaN, NaN, NaN, NaN","NaN, NaN, NaN, NaN, NaN, NaN","NaN, NaN, NaN, NaN, NaN, NaN"
2.5714285714285716,-4.0,"NaN, NaN, NaN, NaN, NaN, NaN","NaN, NaN, NaN, NaN, NaN, NaN","NaN, NaN, NaN, NaN, NaN, NaN"
2.5714285714285716,-3.836734693877551,"NaN, NaN, NaN, NaN, NaN, NaN","NaN, NaN, NaN, NaN, NaN, NaN","NaN, NaN, NaN, NaN, NaN, NaN"
2.5714285714285716,-3.673469387755102,"NaN, NaN, NaN, NaN, NaN, NaN","NaN, NaN, NaN, NaN, NaN, NaN","NaN, NaN, NaN, NaN, NaN, NaN"
2.5714285714285716,-3.510204081632653,"NaN, NaN, NaN, NaN, NaN, NaN","NaN, NaN, NaN, NaN, NaN, NaN","NaN, NaN, NaN, NaN, NaN, NaN"
2.5714285714285716,-3.3469387755102042,"NaN, NaN, NaN, NaN, NaN, NaN","NaN, NaN, NaN, NaN, NaN, NaN","NaN, NaN, NaN, NaN, NaN, NaN"
2.5714285714285716,-3.183673469387755,"NaN, NaN, NaN, NaN, NaN, NaN","NaN, NaN, NaN, NaN, NaN, NaN","NaN, NaN, NaN, NaN, NaN, NaN"
2.5714285714285716,-3.020408163265306,"NaN, NaN, NaN, NaN, NaN, NaN","NaN, NaN, NaN, NaN, NaN, NaN","NaN, NaN, NaN, NaN, NaN, NaN"
2.5714285714285716,-2.857142857142857,"NaN, NaN, NaN, NaN, NaN, NaN","NaN, NaN, NaN, NaN, NaN, NaN","NaN, NaN, NaN, NaN, NaN, NaN"
2.5714285714285716,-2.693877551020408,"NaN, NaN, NaN, NaN, NaN, NaN","NaN, NaN, NaN, NaN, NaN, NaN","NaN, NaN, NaN, NaN, NaN, NaN"
2.5714285714285716,-2.5306122448979593,"NaN, NaN, NaN, NaN, NaN, NaN","NaN, NaN, NaN, NaN, NaN, NaN","NaN, NaN, NaN, NaN, NaN, NaN"
2.5714285714285716,-2.36734693877551,"NaN, NaN, NaN, NaN, NaN, NaN","NaN, NaN, NaN, NaN, NaN, NaN","NaN, NaN, NaN, NaN, NaN, NaN"
2.5714285714285716,-2.204081632653061,"NaN, NaN, NaN, NaN, NaN, NaN","NaN, NaN, NaN, NaN, NaN, NaN","NaN, NaN, NaN, NaN, NaN, NaN"
2.5714285714285716,-2.0408163265306123,"NaN, NaN, NaN, NaN, NaN, NaN","NaN, NaN, NaN, NaN, NaN, NaN","NaN, NaN, NaN, NaN, NaN, NaN"
2.5714285714285716,-1.8775510204081634,"NaN, NaN, NaN, NaN, NaN, NaN","NaN, NaN, NaN, NaN, NaN, NaN","NaN, NaN, NaN, NaN, NaN, NaN"
2.5714285714285716,-1.7142857142857142,"NaN, NaN, NaN, NaN, NaN, NaN","NaN, NaN, NaN, NaN, NaN, NaN","NaN, NaN, NaN, NaN, NaN, NaN"
2.5714285714285716,-1.5510204081632653,"NaN, NaN, NaN, NaN, NaN, NaN","NaN, NaN, NaN, NaN, NaN, NaN","NaN, NaN, NaN, NaN, NaN, NaN"
2.5714285714285716,-1.3877551020408163,"NaN, NaN, NaN, NaN, NaN, NaN","NaN, NaN, NaN, NaN, NaN, NaN","NaN, NaN, NaN, NaN, NaN, NaN"
2.5714285714285716,-1.2244897959183674,"NaN, NaN, NaN, NaN, NaN, NaN","NaN, NaN, NaN, NaN, NaN, NaN","NaN, NaN, NaN, NaN, NaN, NaN"
2.5714285714285716,-1.0612244897959184,"NaN, NaN, NaN, NaN, NaN, NaN","NaN, NaN, NaN, NaN, NaN, NaN","NaN, NaN, NaN, NaN, NaN, NaN"
2.5714285714285716,-0.8979591836734694,"NaN, NaN, NaN, NaN, NaN, NaN","NaN, NaN, NaN, NaN, NaN, NaN","NaN, NaN, NaN, NaN, NaN, NaN"
2.5714285714285716,-0.7346938775510204,"NaN, NaN, NaN, NaN, NaN, NaN","NaN, NaN, NaN, NaN, NaN, NaN","NaN, NaN, NaN, NaN, NaN, NaN"
2.5714285714285716,-0.5714285714285714,"NaN, NaN, NaN, NaN, NaN, NaN","NaN, NaN, NaN, NaN, NaN, NaN","NaN, NaN, NaN, NaN, NaN, NaN"
2.5714285714285716,-0.40816326530612246,"NaN, NaN, NaN, NaN, NaN, NaN","NaN, NaN, NaN, NaN, NaN, NaN","NaN, NaN, NaN, NaN, NaN, NaN"
2.5714285714285716,-0.24489795918367346,"NaN, NaN, NaN, NaN, NaN, NaN","NaN, NaN, NaN, NaN, NaN, NaN","NaN, NaN, NaN, NaN, NaN, NaN"
2.5714285714285716,-0.08163265306122448,"NaN, NaN, NaN, NaN, NaN, NaN","NaN, NaN, NaN, NaN, NaN, NaN","NaN, NaN, NaN, NaN, NaN, NaN"
2.5714285714285716,0.08163265306122448,"NaN, NaN, NaN, NaN, NaN, NaN","NaN, NaN, NaN, NaN, NaN, NaN","NaN, NaN, NaN, NaN, NaN, NaN"
2.5714285714285716,0.24489795918367346,"NaN, NaN, NaN, NaN, NaN, NaN","NaN, NaN, NaN, NaN, NaN, NaN","NaN, NaN, NaN, NaN, NaN, NaN"
2.5714285714285716,0.40816326530612246,"NaN, NaN, NaN, NaN, NaN, NaN","NaN, NaN, NaN, NaN, NaN, NaN","NaN, NaN, NaN, NaN, NaN, NaN"
2.5714285714285716,0.5714285714285714,"NaN, NaN, NaN, NaN, NaN, NaN","NaN, NaN, NaN, NaN, NaN, NaN","NaN, NaN, NaN, NaN, NaN, NaN"
2.5714285714285716,0.7346938775510204,"NaN, NaN, NaN, NaN, NaN, NaN","NaN, NaN, NaN, NaN, NaN, NaN","NaN, NaN, NaN, NaN, NaN, NaN"
2.5714285714285716,0.8979591836734694,"NaN, NaN, NaN, NaN, NaN, NaN","NaN, NaN, NaN, NaN, NaN, NaN","NaN, NaN, NaN, NaN, NaN, NaN"
2.5714285714285716,1.0612244897959184,"NaN, NaN, NaN, NaN, NaN, NaN","NaN, NaN, NaN, NaN, NaN, NaN","NaN, NaN, NaN, NaN, NaN, NaN"
2.5714285714285716,1.2244897959183674,"NaN, NaN, NaN, NaN, NaN, NaN","NaN, NaN, NaN, NaN, NaN, NaN","NaN, NaN, NaN, NaN, NaN, NaN"
2.5714285714285716,1.3877551020408163,"NaN, NaN, NaN, NaN, NaN, NaN","NaN, NaN, NaN, NaN, NaN, NaN","NaN, NaN, NaN, NaN, NaN, NaN"
2.5714285714285716,1.5510204081632653,"NaN, NaN, NaN, NaN, NaN, NaN","NaN, NaN, NaN, NaN, NaN, NaN","NaN, NaN, NaN, NaN, NaN, NaN"
2.5714285714285716,1.7142857142857142,"NaN, NaN, NaN, NaN, NaN, NaN","NaN, NaN, NaN, NaN, NaN, NaN","NaN, NaN, NaN, NaN, NaN, NaN"
2.5714285714285716,1.8775510204081634,"NaN, NaN, NaN, NaN, NaN, NaN","NaN, NaN, NaN, NaN, NaN, NaN","NaN, NaN, NaN, NaN, NaN, NaN"
2.5714285714285716,2.0408163265306123,"NaN, NaN, NaN, NaN, NaN, NaN","NaN, NaN, NaN, NaN, NaN, NaN","NaN, NaN, NaN, NaN, NaN, NaN"
2.5714285714285716,2.204081632653061,"NaN, NaN, NaN, NaN, NaN, NaN","NaN, NaN, NaN, NaN, NaN, NaN","NaN, NaN, NaN, NaN, NaN, NaN"
2.5714285714285716,2.36734693877551,"NaN, NaN, NaN, NaN, NaN, NaN","NaN, NaN, NaN, NaN, NaN, NaN","NaN, NaN, NaN, NaN, NaN, NaN"
2.5714285714285716,2.5306122448979593,"NaN, NaN, NaN, NaN, NaN, NaN","NaN, NaN, NaN, NaN, NaN, NaN","NaN, NaN, NaN, NaN, NaN, NaN"
2.5714285714285716,2.693877551020408,"NaN, NaN, NaN, NaN, NaN, NaN","NaN, NaN, NaN, NaN, NaN, NaN","NaN, NaN, NaN, NaN, NaN, NaN"
2.5714285714285716,2.857142857142857,"NaN, NaN, NaN, NaN, NaN, NaN","NaN, NaN, NaN, NaN, NaN, NaN","NaN, NaN, NaN, NaN, NaN, NaN"
2.5714285714285716,3.020408163265306,"NaN, NaN, NaN, NaN, NaN, NaN","NaN, NaN, NaN, NaN, NaN, NaN","NaN, NaN, NaN, NaN, NaN, NaN"
2.5714285714285716,3.183673469387755,"NaN, NaN, NaN, NaN, NaN, NaN","NaN, NaN, NaN, NaN, NaN, NaN","NaN, NaN, NaN, NaN, NaN, NaN"
2.5714285714285716,3.3469387755102042,"NaN, NaN, NaN, NaN, NaN, NaN","NaN, NaN, NaN, NaN, NaN, NaN","NaN, NaN, NaN, NaN, NaN, NaN"
2.5714285714285716,3.510204081632653,"NaN, NaN, NaN, NaN, NaN, NaN","NaN, NaN, NaN, NaN, NaN, NaN","NaN, NaN, NaN, NaN, NaN, NaN"
2.5714285714285716,3.673469387755102,"NaN, NaN, NaN, NaN, NaN, NaN","NaN, NaN, NaN, NaN, NaN, NaN","NaN, NaN, NaN, NaN, NaN, NaN"
2.5714285714285716,3.836734693877551,"NaN, NaN, NaN, NaN, NaN, NaN","NaN, NaN, NaN, NaN, NaN, NaN","NaN, NaN, NaN, NaN, NaN, NaN"
2.5714285714285716,4.0,"NaN, NaN, NaN, NaN, NaN, NaN","NaN, NaN, NaN, NaN, NaN, NaN","NaN, NaN, NaN, NaN, NaN, NaN"
2.816326530612245,-4.0,"NaN, NaN, NaN, NaN, NaN, NaN","NaN, NaN, NaN, NaN, NaN, NaN","NaN, NaN, NaN, NaN, NaN, NaN"
2.816326530612245,-3.836734693877551,"NaN, NaN, NaN, NaN, NaN, NaN","NaN, NaN, NaN, NaN, NaN, NaN","NaN, NaN, NaN, NaN, NaN, NaN"
2.816326530612245,-3.673469387755102,"NaN, NaN, NaN, NaN, NaN, NaN","NaN, NaN, NaN, NaN, NaN, NaN","NaN, NaN, NaN, NaN, NaN, NaN"
2.816326530612245,-3.510204081632653,"NaN, NaN, NaN, NaN, NaN, NaN","NaN, NaN, NaN, NaN, NaN, NaN","NaN, NaN, NaN, NaN, NaN, NaN"
2.816326530612245,-3.3469387755102042,"NaN, NaN, NaN, NaN, NaN, NaN","NaN, NaN, NaN, NaN, NaN, NaN","NaN, NaN, NaN, NaN, NaN, NaN"
2.816326530612245,-3.183673469387755,"NaN, NaN, NaN, NaN, NaN, NaN","NaN, NaN, NaN, NaN, NaN, NaN","NaN, NaN, NaN, NaN, NaN, NaN"
2.816326530612245,-3.020408163265306,"NaN, NaN, NaN, NaN, NaN, NaN","NaN, NaN, NaN, NaN, NaN, NaN","NaN, NaN, NaN, NaN, NaN, NaN"
2.816326530612245,-2.857142857142857,"NaN, NaN, NaN, NaN, NaN, NaN","NaN, NaN, NaN, NaN, NaN, NaN","NaN, NaN, NaN, NaN, NaN, NaN"
2.816326530612245,-2.693877551020408,"NaN, NaN, NaN, NaN, NaN, NaN","NaN, NaN, NaN, NaN, NaN, NaN","NaN, NaN, NaN, NaN, NaN, NaN"
2.816326530612245,-2.5306122448979593,"NaN, NaN, NaN, NaN, NaN, NaN","NaN, NaN, NaN, NaN, NaN, NaN","NaN, NaN, NaN, NaN, NaN, NaN"
2.816326530612245,-2.36734693877551,"NaN, NaN, NaN, NaN, NaN, NaN","NaN, NaN, NaN, NaN, NaN, NaN","NaN, NaN, NaN, NaN, NaN, NaN"
2.816326530612245,-2.204081632653061,"NaN, NaN, NaN, NaN, NaN, NaN","NaN, NaN, NaN, NaN, NaN, NaN","NaN, NaN, NaN, NaN, NaN, NaN"
2.816326530612245,-2.0408163265306123,"NaN, NaN, NaN, NaN, NaN, NaN","NaN, NaN, NaN, NaN, NaN, NaN","NaN, NaN, NaN, NaN, NaN, NaN"
2.816326530612245,-1.8775510204081634,"NaN, NaN, NaN, NaN, NaN, NaN","NaN, NaN, NaN, NaN, NaN, NaN","NaN, NaN, NaN, NaN, NaN, NaN"
2.816326530612245,-1.7142857142857142,"NaN, NaN, NaN, NaN, NaN, NaN","NaN, NaN, NaN, NaN, NaN, NaN","NaN, NaN, NaN, NaN, NaN, NaN"
2.816326530612245,-1.5510204081632653,"NaN, NaN, NaN, NaN, NaN, NaN","NaN, NaN, NaN, NaN, NaN, NaN","NaN, NaN, NaN, NaN, NaN, NaN"
2.816326530612245,-1.3877551020408163,"NaN, NaN, NaN, NaN, NaN, NaN","NaN, NaN, NaN, NaN, NaN, NaN","NaN, NaN, NaN, NaN, NaN, NaN"
2.816326530612245,-1.2244897959183674,"NaN, NaN, NaN, NaN, NaN, NaN","NaN, NaN, NaN, NaN, NaN, NaN","NaN, NaN, NaN, NaN, NaN, NaN"
2.816326530612245,-1.0612244897959184,"NaN, NaN, NaN, NaN, NaN, NaN","NaN, NaN, NaN, NaN, NaN, NaN","NaN, NaN, NaN, NaN, NaN, NaN"
2.816326530612245,-0.8979591836734694,"NaN, NaN, NaN, NaN, NaN, NaN","NaN, NaN, NaN, NaN, NaN, NaN","NaN, NaN, NaN, NaN, NaN, NaN"
2.816326530612245,-0.7346938775510204,"NaN, NaN, NaN, NaN, NaN, NaN","NaN, NaN, NaN, NaN, NaN, NaN","NaN, NaN, NaN, NaN, NaN, NaN"
2.816326530612245,-0.5714285714285714,"NaN, NaN, NaN, NaN, NaN, NaN","NaN, NaN, NaN, NaN, NaN, NaN","NaN, NaN, NaN, NaN, NaN, NaN"
2.816326530612245,-0.40816326530612246,"NaN, NaN, NaN, NaN, NaN, NaN","NaN, NaN, NaN, NaN, NaN, NaN","NaN, NaN, NaN, NaN, NaN, NaN"
2.816326530612245,-0.24489795918367346,"NaN, NaN, NaN, NaN, NaN, NaN","NaN, NaN, NaN, NaN, NaN, NaN","NaN, NaN, NaN, NaN, NaN, NaN"
2.816326530612245,-0.08163265306122448,"NaN, NaN, NaN, NaN, NaN, NaN","NaN, NaN, NaN, NaN, NaN, NaN","NaN, NaN, NaN, NaN, NaN, NaN"
2.816326530612245,0.08163265306122448,"NaN, NaN, NaN, NaN, NaN, NaN","NaN, NaN, NaN, NaN, NaN, NaN","NaN, NaN, NaN, NaN, NaN, NaN"
2.816326530612245,0.24489795918367346,"NaN, NaN, NaN, NaN, NaN, NaN","NaN, NaN, NaN, NaN, NaN, NaN","NaN, NaN, NaN, NaN, NaN, NaN"
2.816326530612245,0.40816326530612246,"NaN, NaN, NaN, NaN, NaN, NaN","NaN, NaN, NaN, NaN, NaN, NaN","NaN, NaN, NaN, NaN, NaN, NaN"
2.816326530612245,0.5714285714285714,"NaN, NaN, NaN, NaN, NaN, NaN","NaN, NaN, NaN, NaN, NaN, NaN","NaN, NaN, NaN, NaN, NaN, NaN"
2.816326530612245,0.7346938775510204,"NaN, NaN, NaN, NaN, NaN, NaN","NaN, NaN, NaN, NaN, NaN, NaN","NaN, NaN, NaN, NaN, NaN, NaN"
2.816326530612245,0.8979591836734694,"NaN, NaN, NaN, NaN, NaN, NaN","NaN, NaN, NaN, NaN, NaN, NaN","NaN, NaN, NaN, NaN, NaN, NaN"
2.816326530612245,1.0612244897959184,"NaN, NaN, NaN, NaN, NaN, NaN","NaN, NaN, NaN, NaN, NaN, NaN","NaN, NaN, NaN, NaN, NaN, NaN"
2.816326530612245,1.2244897959183674,"NaN, NaN, NaN, NaN, NaN, NaN","NaN, NaN, NaN, NaN, NaN, NaN","NaN, NaN, NaN, NaN, NaN, NaN"
2.816326530612245,1.3877551020408163,"NaN, NaN, NaN, NaN, NaN, NaN","NaN, NaN, NaN, NaN, NaN, NaN","NaN, NaN, NaN, NaN, NaN, NaN"
2.816326530612245,1.5510204081632653,"NaN, NaN, NaN, NaN, NaN, NaN","NaN, NaN, NaN, NaN, NaN, NaN","NaN, NaN, NaN, NaN, NaN, NaN"
2.816326530612245,1.7142857142857142,"NaN, NaN, NaN, NaN, NaN, NaN","NaN, NaN, NaN, NaN, NaN, NaN","NaN, NaN, NaN, NaN, NaN, NaN"
2.816326530612245,1.8775510204081634,"NaN, NaN, NaN, NaN, NaN, NaN","NaN, NaN, NaN, NaN, NaN, NaN","NaN, NaN, NaN, NaN, NaN, NaN"
2.816326530612245,2.0408163265306123,"NaN, NaN, NaN, NaN, NaN, NaN","NaN, NaN, NaN, NaN, NaN, NaN","NaN, NaN, NaN, NaN, NaN, NaN"
2.816326530612245,2.204081632653061,"NaN, NaN, NaN, NaN, NaN, NaN","NaN, NaN, NaN, NaN, NaN, NaN","NaN, NaN, NaN, NaN, NaN, NaN"
2.816326530612245,2.36734693877551,"NaN, NaN, NaN, NaN, NaN, NaN","NaN, NaN, NaN, NaN, NaN, NaN","NaN, NaN, NaN, NaN, NaN, NaN"
2.816326530612245,2.5306122448979593,"NaN, NaN, NaN, NaN, NaN, NaN","NaN, NaN, NaN, NaN, NaN, NaN","NaN, NaN, NaN, NaN, NaN, NaN"
2.816326530612245,2.693877551020408,"NaN, NaN, NaN, NaN, NaN, NaN","NaN, NaN, NaN, NaN, NaN, NaN","NaN, NaN, NaN, NaN, NaN, NaN"
2.816326530612245,2.857142857142857,"NaN, NaN, NaN, NaN, NaN, NaN","NaN, NaN, NaN, NaN, NaN, NaN","NaN, NaN, NaN, NaN, NaN, NaN"
2.816326530612245,3.020408163265306,"NaN, NaN, NaN, NaN, NaN, NaN","NaN, NaN, NaN, NaN, NaN, NaN","NaN, NaN, NaN, NaN, NaN, NaN"
2.816326530612245,3.183673469387755,"NaN, NaN, NaN, NaN, NaN, NaN","NaN, NaN, NaN, NaN, NaN, NaN","NaN, NaN, NaN, NaN, NaN, NaN"
2.816326530612245,3.3469387755102042,"NaN, NaN, NaN, NaN, NaN, NaN","NaN, NaN, NaN, NaN, NaN, NaN","NaN, NaN, NaN, NaN, NaN, NaN"
2.816326530612245,3.510204081632653,"NaN, NaN, NaN, NaN, NaN, NaN","NaN, NaN, NaN, NaN, NaN, NaN","NaN, NaN, NaN, NaN, NaN, NaN"
2.816326530612245,3.673469387755102,"NaN, NaN, NaN, NaN, NaN, NaN","NaN, NaN, NaN, NaN, NaN, NaN","NaN, NaN, NaN, NaN, NaN, NaN"
2.816326530612245,3.836734693877551,"NaN, NaN, NaN, NaN, NaN, NaN","NaN, NaN, NaN, NaN, NaN, NaN","NaN, NaN, NaN, NaN, NaN, NaN"
2.816326530612245,4.0,"NaN, NaN, NaN, NaN, NaN, NaN","NaN, NaN, NaN, NaN, NaN, NaN","NaN, NaN, NaN, NaN, NaN, NaN"
3.061224489795918,-4.0,"NaN, NaN, NaN, NaN, NaN, NaN","NaN, NaN, NaN, NaN, NaN, NaN","NaN, NaN, NaN, NaN, NaN, NaN"
3.061224489795918,-3.836734693877551,"NaN, NaN, NaN, NaN, NaN, NaN","NaN, NaN, NaN, NaN, NaN, NaN","NaN, NaN, NaN, NaN, NaN, NaN"
3.061224489795918,-3.673469387755102,"NaN, NaN, NaN, NaN, NaN, NaN","NaN, NaN, NaN, NaN, NaN, NaN","NaN, NaN, NaN, NaN, NaN, NaN"
3.061224489795918,-3.510204081632653,"NaN, NaN, NaN, NaN, NaN, NaN","NaN, NaN, NaN, NaN, NaN, NaN","NaN, NaN, NaN, NaN, NaN, NaN"
3.061224489795918,-3.3469387755102042,"NaN, NaN, NaN, NaN, NaN, NaN","NaN, NaN, NaN, NaN, NaN, NaN","NaN, NaN, NaN, NaN, NaN, NaN"
3.061224489795918,-3.183673469387755,"NaN, NaN, NaN, NaN, NaN, NaN","NaN, NaN, NaN, NaN, NaN, NaN","NaN, NaN, NaN, NaN, NaN, NaN"
3.061224489795918,-3.020408163265306,"NaN, NaN, NaN, NaN, NaN, NaN","NaN, NaN, NaN, NaN, NaN, NaN","NaN, NaN, NaN, NaN, NaN, NaN"
3.061224489795918,-2.857142857142857,"NaN, NaN, NaN, NaN, NaN, NaN","NaN, NaN, NaN, NaN, NaN, NaN","NaN, NaN, NaN, NaN, NaN, NaN"
3.061224489795918,-2.693877551020408,"NaN, NaN, NaN, NaN, NaN, NaN","NaN, NaN, NaN, NaN, NaN, NaN","NaN, NaN, NaN, NaN, NaN, NaN"
3.061224489795918,-2.5306122448979593,"NaN, NaN, NaN, NaN, NaN, NaN","NaN, NaN, NaN, NaN, NaN, NaN","NaN, NaN, NaN, NaN, NaN, NaN"
3.061224489795918,-2.36734693877551,"NaN, NaN, NaN, NaN, NaN, NaN","NaN, NaN, NaN, NaN, NaN, NaN","NaN, NaN, NaN, NaN, NaN, NaN"
3.061224489795918,-2.204081632653061,"NaN, NaN, NaN, NaN, NaN, NaN","NaN, NaN, NaN, NaN, NaN, NaN","NaN, NaN, NaN, NaN, NaN, NaN"
3.061224489795918,-2.0408163265306123,"NaN, NaN, NaN, NaN, NaN, NaN","NaN, NaN, NaN, NaN, NaN, NaN","NaN, NaN, NaN, NaN, NaN, NaN"
3.061224489795918,-1.8775510204081634,"NaN, NaN, NaN, NaN, NaN, NaN","NaN, NaN, NaN, NaN, NaN, NaN","NaN, NaN, NaN, NaN, NaN, NaN"
3.061224489795918,-1.7142857142857142,"NaN, NaN, NaN, NaN, NaN, NaN","NaN, NaN, NaN, NaN, NaN, NaN","NaN, NaN, NaN, NaN, NaN, NaN"
3.061224489795918,-1.5510204081632653,"NaN, NaN, NaN, NaN, NaN, NaN","NaN, NaN, NaN, NaN, NaN, NaN","NaN, NaN, NaN, NaN, NaN, NaN"
3.061224489795918,-1.3877551020408163,"NaN, NaN, NaN, NaN, NaN, NaN","NaN, NaN, NaN, NaN, NaN, NaN","NaN, NaN, NaN, NaN, NaN, NaN"
3.061224489795918,-1.2244897959183674,"NaN, NaN, NaN, NaN, NaN, NaN","NaN, NaN, NaN, NaN, NaN, NaN","NaN, NaN, NaN, NaN, NaN, NaN"
3.061224489795918,-1.0612244897959184,"NaN, NaN, NaN, NaN, NaN, NaN","NaN, NaN, NaN, NaN, NaN, NaN","NaN, NaN, NaN, NaN, NaN, NaN"
3.061224489795918,-0.8979591836734694,"NaN, NaN, NaN, NaN, NaN, NaN","NaN, NaN, NaN, NaN, NaN, NaN","NaN, NaN, NaN, NaN, NaN, NaN"
3.061224489795918,-0.7346938775510204,"NaN, NaN, NaN, NaN, NaN, NaN","NaN, NaN, NaN, NaN, NaN, NaN","NaN, NaN, NaN, NaN, NaN, NaN"
3.061224489795918,-0.5714285714285714,"NaN, NaN, NaN, NaN, NaN, NaN","NaN, NaN, NaN, NaN, NaN, NaN","NaN, NaN, NaN, NaN, NaN, NaN"
3.061224489795918,-0.40816326530612246,"NaN, NaN, NaN, NaN, NaN, NaN","NaN, NaN, NaN, NaN, NaN, NaN","NaN, NaN, NaN, NaN, NaN, NaN"
3.061224489795918,-0.24489795918367346,"NaN, NaN, NaN, NaN, NaN, NaN","NaN, NaN, NaN, NaN, NaN, NaN","NaN, NaN, NaN, NaN, NaN, NaN"
3.061224489795918,-0.08163265306122448,"NaN, NaN, NaN, NaN, NaN, NaN","NaN, NaN, NaN, NaN, NaN, NaN","NaN, NaN, NaN, NaN, NaN, NaN"
3.061224489795918,0.08163265306122448,"NaN, NaN, NaN, NaN, NaN, NaN","NaN, NaN, NaN, NaN, NaN, NaN","NaN, NaN, NaN, NaN, NaN, NaN"
3.061224489795918,0.24489795918367346,"NaN, NaN, NaN, NaN, NaN, NaN","NaN, NaN, NaN, NaN, NaN, NaN","NaN, NaN, NaN, NaN, NaN, NaN"
3.061224489795918,0.40816326530612246,"NaN, NaN, NaN, NaN, NaN, NaN","NaN, NaN, NaN, NaN, NaN, NaN","NaN, NaN, NaN, NaN, NaN, NaN"
3.061224489795918,0.5714285714285714,"NaN, NaN, NaN, NaN, NaN, NaN","NaN, NaN, NaN, NaN, NaN, NaN","NaN, NaN, NaN, NaN, NaN, NaN"
3.061224489795918,0.7346938775510204,"NaN, NaN, NaN, NaN, NaN, NaN","NaN, NaN, NaN, NaN, NaN, NaN","NaN, NaN, NaN, NaN, NaN, NaN"
3.061224489795918,0.8979591836734694,"NaN, NaN, NaN, NaN, NaN, NaN","NaN, NaN, NaN, NaN, NaN, NaN","NaN, NaN, NaN, NaN, NaN, NaN"
3.061224489795918,1.0612244897959184,"NaN, NaN, NaN, NaN, NaN, NaN","NaN, NaN, NaN, NaN, NaN, NaN","NaN, NaN, NaN, NaN, NaN, NaN"
3.061224489795918,1.2244897959183674,"NaN, NaN, NaN, NaN, NaN, NaN","NaN, NaN, NaN, NaN, NaN, NaN","NaN, NaN, NaN, NaN, NaN, NaN"
3.061224489795918,1.3877551020408163,"NaN, NaN, NaN, NaN, NaN, NaN","NaN, NaN, NaN, NaN, NaN, NaN","NaN, NaN, NaN, NaN, NaN, NaN"
3.061224489795918,1.5510204081632653,"NaN, NaN, NaN, NaN, NaN, NaN","NaN, NaN, NaN, NaN, NaN, NaN","NaN, NaN, NaN, NaN, NaN, NaN"
3.061224489795918,1.7142857142857142,"NaN, NaN, NaN, NaN, NaN, NaN","NaN, NaN, NaN, NaN, NaN, NaN","NaN, NaN, NaN, NaN, NaN, NaN"
3.061224489795918,1.8775510204081634,"NaN, NaN, NaN, NaN, NaN, NaN","NaN, NaN, NaN, NaN, NaN, NaN","NaN, NaN, NaN, NaN, NaN, NaN"
3.061224489795918,2.0408163265306123,"NaN, NaN, NaN, NaN, NaN, NaN","NaN, NaN, NaN, NaN, NaN, NaN","NaN, NaN, NaN, NaN, NaN, NaN"
3.061224489795918,2.204081632653061,"NaN, NaN, NaN, NaN, NaN, NaN","NaN, NaN, NaN, NaN, NaN, NaN","NaN, NaN, NaN, NaN, NaN, NaN"
3.061224489795918,2.36734693877551,"NaN, NaN, NaN, NaN, NaN, NaN","NaN, NaN, NaN, NaN, NaN, NaN","NaN, NaN, NaN, NaN, NaN, NaN"
3.061224489795918,2.5306122448979593,"NaN, NaN, NaN, NaN, NaN, NaN","NaN, NaN, NaN, NaN, NaN, NaN","NaN, NaN, NaN, NaN, NaN, NaN"
3.061224489795918,2.693877551020408,"NaN, NaN, NaN, NaN, NaN, NaN","NaN, NaN, NaN, NaN, NaN, NaN","NaN, NaN, NaN, NaN, NaN, NaN"
3.061224489795918,2.857142857142857,"NaN, NaN, NaN, NaN, NaN, NaN","NaN, NaN, NaN, NaN, NaN, NaN","NaN, NaN, NaN, NaN, NaN, NaN"
3.061224489795918,3.020408163265306,"NaN, NaN, NaN, NaN, NaN, NaN","NaN, NaN, NaN, NaN, NaN, NaN","NaN, NaN, NaN, NaN, NaN, NaN"
3.061224489795918,3.183673469387755,"NaN, NaN, NaN, NaN, NaN, NaN","NaN, NaN, NaN, NaN, NaN, NaN","NaN, NaN, NaN, NaN, NaN, NaN"
3.061224489795918,3.3469387755102042,"NaN, NaN, NaN, NaN, NaN, NaN","NaN, NaN, NaN, NaN, NaN, NaN","NaN, NaN, NaN, NaN, NaN, NaN"
3.061224489795918,3.510204081632653,"NaN, NaN, NaN, NaN, NaN, NaN","NaN, NaN, NaN, NaN, NaN, NaN","NaN, NaN, NaN, NaN, NaN, NaN"
3.061224489795918,3.673469387755102,"NaN, NaN, NaN, NaN, NaN, NaN","NaN, NaN, NaN, NaN, NaN, NaN","NaN, NaN, NaN, NaN, NaN, NaN"
3.061224489795918,3.836734693877551,"NaN, NaN, NaN, NaN, NaN, NaN","NaN, NaN, NaN, NaN, NaN, NaN","NaN, NaN, NaN, NaN, NaN, NaN"
3.061224489795918,4.0,"NaN, NaN, NaN, NaN, NaN, NaN","NaN, NaN, NaN, NaN, NaN, NaN","NaN, NaN, NaN, NaN, NaN, NaN"
3.306122448979592,-4.0,"NaN, NaN, NaN, NaN, NaN, NaN","NaN, NaN, NaN, NaN, NaN, NaN","NaN, NaN, NaN, NaN, NaN, NaN"
3.306122448979592,-3.836734693877551,"NaN, NaN, NaN, NaN, NaN, NaN","NaN, NaN, NaN, NaN, NaN, NaN","NaN, NaN, NaN, NaN, NaN, NaN"
3.306122448979592,-3.673469387755102,"NaN, NaN, NaN, NaN, NaN, NaN","NaN, NaN, NaN, NaN, NaN, NaN","NaN, NaN, NaN, NaN, NaN, NaN"
3.306122448979592,-3.510204081632653,"NaN, NaN, NaN, NaN, NaN, NaN","NaN, NaN, NaN, NaN, NaN, NaN","NaN, NaN, NaN, NaN, NaN, NaN"
3.306122448979592,-3.3469387755102042,"NaN, NaN, NaN, NaN, NaN, NaN","NaN, NaN, NaN, NaN, NaN, NaN","NaN, NaN, NaN, NaN, NaN, NaN"
3.306122448979592,-3.183673469387755,"NaN, NaN, NaN, NaN, NaN, NaN","NaN, NaN, NaN, NaN, NaN, NaN","NaN, NaN, NaN, NaN, NaN, NaN"
3.306122448979592,-3.020408163265306,"NaN, NaN, NaN, NaN, NaN, NaN","NaN, NaN, NaN, NaN, NaN, NaN","NaN, NaN, NaN, NaN, NaN, NaN"
3.306122448979592,-2.857142857142857,"NaN, NaN, NaN, NaN, NaN, NaN","NaN, NaN, NaN, NaN, NaN, NaN","NaN, NaN, NaN, NaN, NaN, NaN"
3.306122448979592,-2.693877551020408,"NaN, NaN, NaN, NaN, NaN, NaN","NaN, NaN, NaN, NaN, NaN, NaN","NaN, NaN, NaN, NaN, NaN, NaN"
3.306122448979592,-2.5306122448979593,"NaN, NaN, NaN, NaN, NaN, NaN","NaN, NaN, NaN, NaN, NaN, NaN","NaN, NaN, NaN, NaN, NaN, NaN"
3.306122448979592,-2.36734693877551,"NaN, NaN, NaN, NaN, NaN, NaN","NaN, NaN, NaN, NaN, NaN, NaN","NaN, NaN, NaN, NaN, NaN, NaN"
3.306122448979592,-2.204081632653061,"NaN, NaN, NaN, NaN, NaN, NaN","NaN, NaN, NaN, NaN, NaN, NaN","NaN, NaN, NaN, NaN, NaN, NaN"
3.306122448979592,-2.0408163265306123,"NaN, NaN, NaN, NaN, NaN, NaN","NaN, NaN, NaN, NaN, NaN, NaN","NaN, NaN, NaN, NaN, NaN, NaN"
3.306122448979592,-1.8775510204081634,"NaN, NaN, NaN, NaN, NaN, NaN","NaN, NaN, NaN, NaN, NaN, NaN","NaN, NaN, NaN, NaN, NaN, NaN"
3.306122448979592,-1.7142857142857142,"NaN, NaN, NaN, NaN, NaN, NaN","NaN, NaN, NaN, NaN, NaN, NaN","NaN, NaN, NaN, NaN, NaN, NaN"
3.306122448979592,-1.5510204081632653,"NaN, NaN, NaN, NaN, NaN, NaN","NaN, NaN, NaN, NaN, NaN, NaN","NaN, NaN, NaN, NaN, NaN, NaN"
3.306122448979592,-1.3877551020408163,"NaN, NaN, NaN, NaN, NaN, NaN","NaN, NaN, NaN, NaN, NaN, NaN","NaN, NaN, NaN, NaN, NaN, NaN"
3.306122448979592,-1.2244897959183674,"NaN, NaN, NaN, NaN, NaN, NaN","NaN, NaN, NaN, NaN, NaN, NaN","NaN, NaN, NaN, NaN, NaN, NaN"
3.306122448979592,-1.0612244897959184,"NaN, NaN, NaN, NaN, NaN, NaN","NaN, NaN, NaN, NaN, NaN, NaN","NaN, NaN, NaN, NaN, NaN, NaN"
3.306122448979592,-0.8979591836734694,"NaN, NaN, NaN, NaN, NaN, NaN","NaN, NaN, NaN, NaN, NaN, NaN","NaN, NaN, NaN, NaN, NaN, NaN"
3.306122448979592,-0.7346938775510204,"NaN, NaN, NaN, NaN, NaN, NaN","NaN, NaN, NaN, NaN, NaN, NaN","NaN, NaN, NaN, NaN, NaN, NaN"
3.306122448979592,-0.5714285714285714,"NaN, NaN, NaN, NaN, NaN, NaN","NaN, NaN, NaN, NaN, NaN, NaN","NaN, NaN, NaN, NaN, NaN, NaN"
3.306122448979592,-0.40816326530612246,"NaN, NaN, NaN, NaN, NaN, NaN","NaN, NaN, NaN, NaN, NaN, NaN","NaN, NaN, NaN, NaN, NaN, NaN"
3.306122448979592,-0.24489795918367346,"NaN, NaN, NaN, NaN, NaN, NaN","NaN, NaN, NaN, NaN, NaN, NaN","NaN, NaN, NaN, NaN, NaN, NaN"
3.306122448979592,-0.08163265306122448,"NaN, NaN, NaN, NaN, NaN, NaN","NaN, NaN, NaN, NaN, NaN, NaN","NaN, NaN, NaN, NaN, NaN, NaN"
3.306122448979592,0.08163265306122448,"NaN, NaN, NaN, NaN, NaN, NaN","NaN, NaN, NaN, NaN, NaN, NaN","NaN, NaN, NaN, NaN, NaN, NaN"
3.306122448979592,0.24489795918367346,"NaN, NaN, NaN, NaN, NaN, NaN","NaN, NaN, NaN, NaN, NaN, NaN","NaN, NaN, NaN, NaN, NaN, NaN"
3.306122448979592,0.40816326530612246,"NaN, NaN, NaN, NaN, NaN, NaN","NaN, NaN, NaN, NaN, NaN, NaN","NaN, NaN, NaN, NaN, NaN, NaN"
3.306122448979592,0.5714285714285714,"NaN, NaN, NaN, NaN, NaN, NaN","NaN, NaN, NaN, NaN, NaN, NaN","NaN, NaN, NaN, NaN, NaN, NaN"
3.306122448979592,0.7346938775510204,"NaN, NaN, NaN, NaN, NaN, NaN","NaN, NaN, NaN, NaN, NaN, NaN","NaN, NaN, NaN, NaN, NaN, NaN"
3.306122448979592,0.8979591836734694,"NaN, NaN, NaN, NaN, NaN, NaN","NaN, NaN, NaN, NaN, NaN, NaN","NaN, NaN, NaN, NaN, NaN, NaN"
3.306122448979592,1.0612244897959184,"NaN, NaN, NaN, NaN, NaN, NaN","NaN, NaN, NaN, NaN, NaN, NaN","NaN, NaN, NaN, NaN, NaN, NaN"
3.306122448979592,1.2244897959183674,"NaN, NaN, NaN, NaN, NaN, NaN","NaN, NaN, NaN, NaN, NaN, NaN","NaN, NaN, NaN, NaN, NaN, NaN"
3.306122448979592,1.3877551020408163,"NaN, NaN, NaN, NaN, NaN, NaN","NaN, NaN, NaN, NaN, NaN, NaN","NaN, NaN, NaN, NaN, NaN, NaN"
3.306122448979592,1.5510204081632653,"NaN, NaN, NaN, NaN, NaN, NaN","NaN, NaN, NaN, NaN, NaN, NaN","NaN, NaN, NaN, NaN, NaN, NaN"
3.306122448979592,1.7142857142857142,"NaN, NaN, NaN, NaN, NaN, NaN","NaN, NaN, NaN, NaN, NaN, NaN","NaN, NaN, NaN, NaN, NaN, NaN"
3.306122448979592,1.8775510204081634,"NaN, NaN, NaN, NaN, NaN, NaN","NaN, NaN, NaN, NaN, NaN, NaN","NaN, NaN, NaN, NaN, NaN, NaN"
3.306122448979592,2.0408163265306123,"NaN, NaN, NaN, NaN, NaN, NaN","NaN, NaN, NaN, NaN, NaN, NaN","NaN, NaN, NaN, NaN, NaN, NaN"
3.306122448979592,2.204081632653061,"NaN, NaN, NaN, NaN, NaN, NaN","NaN, NaN, NaN, NaN, NaN, NaN","NaN, NaN, NaN, NaN, NaN, NaN"
3.306122448979592,2.36734693877551,"NaN, NaN, NaN, NaN, NaN, NaN","NaN, NaN, NaN, NaN, NaN, NaN","NaN, NaN, NaN, NaN, NaN, NaN"
3.306122448979592,2.5306122448979593,"NaN, NaN, NaN, NaN, NaN, NaN","NaN, NaN, NaN, NaN, NaN, NaN","NaN, NaN, NaN, NaN, NaN, NaN"
3.306122448979592,2.693877551020408,"NaN, NaN, NaN, NaN, NaN, NaN","NaN, NaN, NaN, NaN, NaN, NaN","NaN, NaN, NaN, NaN, NaN, NaN"
3.306122448979592,2.857142857142857,"NaN, NaN, NaN, NaN, NaN, NaN","NaN, NaN, NaN, NaN, NaN, NaN","NaN, NaN, NaN, NaN, NaN, NaN"
3.306122448979592,3.020408163265306,"NaN, NaN, NaN, NaN, NaN, NaN","NaN, NaN, NaN, NaN, NaN, NaN","NaN, NaN, NaN, NaN, NaN, NaN"
3.306122448979592,3.183673469387755,"NaN, NaN, NaN, NaN, NaN, NaN","NaN, NaN, NaN, NaN, NaN, NaN","NaN, NaN, NaN, NaN, NaN, NaN"
3.306122448979592,3.3469387755102042,"NaN, NaN, NaN, NaN, NaN, NaN","NaN, NaN, NaN, NaN, NaN, NaN","NaN, NaN, NaN, NaN, NaN, NaN"
3.306122448979592,3.510204081632653,"NaN, NaN, NaN, NaN, NaN, NaN","NaN, NaN, NaN, NaN, NaN, NaN","NaN, NaN, NaN, NaN, NaN, NaN"
3.306122448979592,3.673469387755102,"NaN, NaN, NaN, NaN, NaN, NaN","NaN, NaN, NaN, NaN, NaN, NaN","NaN, NaN, NaN, NaN, NaN, NaN"
3.306122448979592,3.836734693877551,"NaN, NaN, NaN, NaN, NaN, NaN","NaN, NaN, NaN, NaN, NaN, NaN","NaN, NaN, NaN, NaN, NaN, NaN"
3.306122448979592,4.0,"NaN, NaN, NaN, NaN, NaN, NaN","NaN, NaN, NaN, NaN, NaN, NaN","NaN, NaN, NaN, NaN, NaN, NaN"
3.5510204081632653,-4.0,"NaN, NaN, NaN, NaN, NaN, NaN","NaN, NaN, NaN, NaN, NaN, NaN","NaN, NaN, NaN, NaN, NaN, NaN"
3.5510204081632653,-3.836734693877551,"NaN, NaN, NaN, NaN, NaN, NaN","NaN, NaN, NaN, NaN, NaN, NaN","NaN, NaN, NaN, NaN, NaN, NaN"
3.5510204081632653,-3.673469387755102,"NaN, NaN, NaN, NaN, NaN, NaN","NaN, NaN, NaN, NaN, NaN, NaN","NaN, NaN, NaN, NaN, NaN, NaN"
3.5510204081632653,-3.510204081632653,"NaN, NaN, NaN, NaN, NaN, NaN","NaN, NaN, NaN, NaN, NaN, NaN","NaN, NaN, NaN, NaN, NaN, NaN"
3.5510204081632653,-3.3469387755102042,"NaN, NaN, NaN, NaN, NaN, NaN","NaN, NaN, NaN, NaN, NaN, NaN","NaN, NaN, NaN, NaN, NaN, NaN"
3.5510204081632653,-3.183673469387755,"NaN, NaN, NaN, NaN, NaN, NaN","NaN, NaN, NaN, NaN, NaN, NaN","NaN, NaN, NaN, NaN, NaN, NaN"
3.5510204081632653,-3.020408163265306,"NaN, NaN, NaN, NaN, NaN, NaN","NaN, NaN, NaN, NaN, NaN, NaN","NaN, NaN, NaN, NaN, NaN, NaN"
3.5510204081632653,-2.857142857142857,"NaN, NaN, NaN, NaN, NaN, NaN","NaN, NaN, NaN, NaN, NaN, NaN","NaN, NaN, NaN, NaN, NaN, NaN"
3.5510204081632653,-2.693877551020408,"NaN, NaN, NaN, NaN, NaN, NaN","NaN, NaN, NaN, NaN, NaN, NaN","NaN, NaN, NaN, NaN, NaN, NaN"
3.5510204081632653,-2.5306122448979593,"NaN, NaN, NaN, NaN, NaN, NaN","NaN, NaN, NaN, NaN, NaN, NaN","NaN, NaN, NaN, NaN, NaN, NaN"
3.5510204081632653,-2.36734693877551,"NaN, NaN, NaN, NaN, NaN, NaN","NaN, NaN, NaN, NaN, NaN, NaN","NaN, NaN, NaN, NaN, NaN, NaN"
3.5510204081632653,-2.204081632653061,"NaN, NaN, NaN, NaN, NaN, NaN","NaN, NaN, NaN, NaN, NaN, NaN","NaN, NaN, NaN, NaN, NaN, NaN"
3.5510204081632653,-2.0408163265306123,"NaN, NaN, NaN, NaN, NaN, NaN","NaN, NaN, NaN, NaN, NaN, NaN","NaN, NaN, NaN, NaN, NaN, NaN"
3.5510204081632653,-1.8775510204081634,"NaN, NaN, NaN, NaN, NaN, NaN","NaN, NaN, NaN, NaN, NaN, NaN","NaN, NaN, NaN, NaN, NaN, NaN"
3.5510204081632653,-1.7142857142857142,"NaN, NaN, NaN, NaN, NaN, NaN","NaN, NaN, NaN, NaN, NaN, NaN","NaN, NaN, NaN, NaN, NaN, NaN"
3.5510204081632653,-1.5510204081632653,"NaN, NaN, NaN, NaN, NaN, NaN","NaN, NaN, NaN, NaN, NaN, NaN","NaN, NaN, NaN, NaN, NaN, NaN"
3.5510204081632653,-1.3877551020408163,"NaN, NaN, NaN, NaN, NaN, NaN","NaN, NaN, NaN, NaN, NaN, NaN","NaN, NaN, NaN, NaN, NaN, NaN"
3.5510204081632653,-1.2244897959183674,"NaN, NaN, NaN, NaN, NaN, NaN","NaN, NaN, NaN, NaN, NaN, NaN","NaN, NaN, NaN, NaN, NaN, NaN"
3.5510204081632653,-1.0612244897959184,"NaN, NaN, NaN, NaN, NaN, NaN","NaN, NaN, NaN, NaN, NaN, NaN","NaN, NaN, NaN, NaN, NaN, NaN"
3.5510204081632653,-0.8979591836734694,"NaN, NaN, NaN, NaN, NaN, NaN","NaN, NaN, NaN, NaN, NaN, NaN","NaN, NaN, NaN, NaN, NaN, NaN"
3.5510204081632653,-0.7346938775510204,"NaN, NaN, NaN, NaN, NaN, NaN","NaN, NaN, NaN, NaN, NaN, NaN","NaN, NaN, NaN, NaN, NaN, NaN"
3.5510204081632653,-0.5714285714285714,"NaN, NaN, NaN, NaN, NaN, NaN","NaN, NaN, NaN, NaN, NaN, NaN","NaN, NaN, NaN, NaN, NaN, NaN"
3.5510204081632653,-0.40816326530612246,"NaN, NaN, NaN, NaN, NaN, NaN","NaN, NaN, NaN, NaN, NaN, NaN","NaN, NaN, NaN, NaN, NaN, NaN"
3.5510204081632653,-0.24489795918367346,"NaN, NaN, NaN, NaN, NaN, NaN","NaN, NaN, NaN, NaN, NaN, NaN","NaN, NaN, NaN, NaN, NaN, NaN"
3.5510204081632653,-0.08163265306122448,"NaN, NaN, NaN, NaN, NaN, NaN","NaN, NaN, NaN, NaN, NaN, NaN","NaN, NaN, NaN, NaN, NaN, NaN"
3.5510204081632653,0.08163265306122448,"NaN, NaN, NaN, NaN, NaN, NaN","NaN, NaN, NaN, NaN, NaN, NaN","NaN, NaN, NaN, NaN, NaN, NaN"
3.5510204081632653,0.24489795918367346,"NaN, NaN, NaN, NaN, NaN, NaN","NaN, NaN, NaN, NaN, NaN, NaN","NaN, NaN, NaN, NaN, NaN, NaN"
3.5510204081632653,0.40816326530612246,"NaN, NaN, NaN, NaN, NaN, NaN","NaN, NaN, NaN, NaN, NaN, NaN","NaN, NaN, NaN, NaN, NaN, NaN"
3.5510204081632653,0.5714285714285714,"NaN, NaN, NaN, NaN, NaN, NaN","NaN, NaN, NaN, NaN, NaN, NaN","NaN, NaN, NaN, NaN, NaN, NaN"
3.5510204081632653,0.7346938775510204,"NaN, NaN, NaN, NaN, NaN, NaN","NaN, NaN, NaN, NaN, NaN, NaN","NaN, NaN, NaN, NaN, NaN, NaN"
3.5510204081632653,0.8979591836734694,"NaN, NaN, NaN, NaN, NaN, NaN","NaN, NaN, NaN, NaN, NaN, NaN","NaN, NaN, NaN, NaN, NaN, NaN"
3.5510204081632653,1.0612244897959184,"NaN, NaN, NaN, NaN, NaN, NaN","NaN, NaN, NaN, NaN, NaN, NaN","NaN, NaN, NaN, NaN, NaN, NaN"
3.5510204081632653,1.2244897959183674,"NaN, NaN, NaN, NaN, NaN, NaN","NaN, NaN, NaN, NaN, NaN, NaN","NaN, NaN, NaN, NaN, NaN, NaN"
3.5510204081632653,1.3877551020408163,"NaN, NaN, NaN, NaN, NaN, NaN","NaN, NaN, NaN, NaN, NaN, NaN","NaN, NaN, NaN, NaN, NaN, NaN"
3.5510204081632653,1.5510204081632653,"NaN, NaN, NaN, NaN, NaN, NaN","NaN, NaN, NaN, NaN, NaN, NaN","NaN, NaN, NaN, NaN, NaN, NaN"
3.5510204081632653,1.7142857142857142,"NaN, NaN, NaN, NaN, NaN, NaN","NaN, NaN, NaN, NaN, NaN, NaN","NaN, NaN, NaN, NaN, NaN, NaN"
3.5510204081632653,1.8775510204081634,"NaN, NaN, NaN, NaN, NaN, NaN","NaN, NaN, NaN, NaN, NaN, NaN","NaN, NaN, NaN, NaN, NaN, NaN"
3.5510204081632653,2.0408163265306123,"NaN, NaN, NaN, NaN, NaN, NaN","NaN, NaN, NaN, NaN, NaN, NaN","NaN, NaN, NaN, NaN, NaN, NaN"
3.5510204081632653,2.204081632653061,"NaN, NaN, NaN, NaN, NaN, NaN","NaN, NaN, NaN, NaN, NaN, NaN","NaN, NaN, NaN, NaN, NaN, NaN"
3.5510204081632653,2.36734693877551,"NaN, NaN, NaN, NaN, NaN, NaN","NaN, NaN, NaN, NaN, NaN, NaN","NaN, NaN, NaN, NaN, NaN, NaN"
3.5510204081632653,2.5306122448979593,"NaN, NaN, NaN, NaN, NaN, NaN","NaN, NaN, NaN, NaN, NaN, NaN","NaN, NaN, NaN, NaN, NaN, NaN"
3.5510204081632653,2.693877551020408,"NaN, NaN, NaN, NaN, NaN, NaN","NaN, NaN, NaN, NaN, NaN, NaN","NaN, NaN, NaN, NaN, NaN, NaN"
3.5510204081632653,2.857142857142857,"NaN, NaN, NaN, NaN, NaN, NaN","NaN, NaN, NaN, NaN, NaN, NaN","NaN, NaN, NaN, NaN, NaN, NaN"
3.5510204081632653,3.020408163265306,"NaN, NaN, NaN, NaN, NaN, NaN","NaN, NaN, NaN, NaN, NaN, NaN","NaN, NaN, NaN, NaN, NaN, NaN"
3.5510204081632653,3.183673469387755,"NaN, NaN, NaN, NaN, NaN, NaN","NaN, NaN, NaN, NaN, NaN, NaN","NaN, NaN, NaN, NaN, NaN, NaN"
3.5510204081632653,3.3469387755102042,"NaN, NaN, NaN, NaN, NaN, NaN","NaN, NaN, NaN, NaN, NaN, NaN","NaN, NaN, NaN, NaN, NaN, NaN"
3.5510204081632653,3.510204081632653,"NaN, NaN, NaN, NaN, NaN, NaN","NaN, NaN, NaN, NaN, NaN, NaN","NaN, NaN, NaN, NaN, NaN, NaN"
3.5510204081632653,3.673469387755102,"NaN, NaN, NaN, NaN, NaN, NaN","NaN, NaN, NaN, NaN, NaN, NaN","NaN, NaN, NaN, NaN, NaN, NaN"
3.5510204081632653,3.836734693877551,"NaN, NaN, NaN, NaN, NaN, NaN","NaN, NaN, NaN, NaN, NaN, NaN","NaN, NaN, NaN, NaN, NaN, NaN"
3.5510204081632653,4.0,"NaN, NaN, NaN, NaN, NaN, NaN","NaN, NaN, NaN, NaN, NaN, NaN","NaN, NaN, NaN, NaN, NaN, NaN"
3.795918367346939,-4.0,"NaN, NaN, NaN, NaN, NaN, NaN","NaN, NaN, NaN, NaN, NaN, NaN","NaN, NaN, NaN, NaN, NaN, NaN"
3.795918367346939,-3.836734693877551,"NaN, NaN, NaN, NaN, NaN, NaN","NaN, NaN, NaN, NaN, NaN, NaN","NaN, NaN, NaN, NaN, NaN, NaN"
3.795918367346939,-3.673469387755102,"NaN, NaN, NaN, NaN, NaN, NaN","NaN, NaN, NaN, NaN, NaN, NaN","NaN, NaN, NaN, NaN, NaN, NaN"
3.795918367346939,-3.510204081632653,"NaN, NaN, NaN, NaN, NaN, NaN","NaN, NaN, NaN, NaN, NaN, NaN","NaN, NaN, NaN, NaN, NaN, NaN"
3.795918367346939,-3.3469387755102042,"NaN, NaN, NaN, NaN, NaN, NaN","NaN, NaN, NaN, NaN, NaN, NaN","NaN, NaN, NaN, NaN, NaN, NaN"
3.795918367346939,-3.183673469387755,"NaN, NaN, NaN, NaN, NaN, NaN","NaN, NaN, NaN, NaN, NaN, NaN","NaN, NaN, NaN, NaN, NaN, NaN"
3.795918367346939,-3.020408163265306,"NaN, NaN, NaN, NaN, NaN, NaN","NaN, NaN, NaN, NaN, NaN, NaN","NaN, NaN, NaN, NaN, NaN, NaN"
3.795918367346939,-2.857142857142857,"NaN, NaN, NaN, NaN, NaN, NaN","NaN, NaN, NaN, NaN, NaN, NaN","NaN, NaN, NaN, NaN, NaN, NaN"
3.795918367346939,-2.693877551020408,"NaN, NaN, NaN, NaN, NaN, NaN","NaN, NaN, NaN, NaN, NaN, NaN","NaN, NaN, NaN, NaN, NaN, NaN"
3.795918367346939,-2.5306122448979593,"NaN, NaN, NaN, NaN, NaN, NaN","NaN, NaN, NaN, NaN, NaN, NaN","NaN, NaN, NaN, NaN, NaN, NaN"
3.795918367346939,-2.36734693877551,"NaN, NaN, NaN, NaN, NaN, NaN","NaN, NaN, NaN, NaN, NaN, NaN","NaN, NaN, NaN, NaN, NaN, NaN"
3.795918367346939,-2.204081632653061,"NaN, NaN, NaN, NaN, NaN, NaN","NaN, NaN, NaN, NaN, NaN, NaN","NaN, NaN, NaN, NaN, NaN, NaN"
3.795918367346939,-2.0408163265306123,"NaN, NaN, NaN, NaN, NaN, NaN","NaN, NaN, NaN, NaN, NaN, NaN","NaN, NaN, NaN, NaN, NaN, NaN"
3.795918367346939,-1.8775510204081634,"NaN, NaN, NaN, NaN, NaN, NaN","NaN, NaN, NaN, NaN, NaN, NaN","NaN, NaN, NaN, NaN, NaN, NaN"
3.795918367346939,-1.7142857142857142,"NaN, NaN, NaN, NaN, NaN, NaN","NaN, NaN, NaN, NaN, NaN, NaN","NaN, NaN, NaN, NaN, NaN, NaN"
3.795918367346939,-1.5510204081632653,"NaN, NaN, NaN, NaN, NaN, NaN","NaN, NaN, NaN, NaN, NaN, NaN","NaN, NaN, NaN, NaN, NaN, NaN"
3.795918367346939,-1.3877551020408163,"NaN, NaN, NaN, NaN, NaN, NaN","NaN, NaN, NaN, NaN, NaN, NaN","NaN, NaN, NaN, NaN, NaN, NaN"
3.795918367346939,-1.2244897959183674,"NaN, NaN, NaN, NaN, NaN, NaN","NaN, NaN, NaN, NaN, NaN, NaN","NaN, NaN, NaN, NaN, NaN, NaN"
3.795918367346939,-1.0612244897959184,"NaN, NaN, NaN, NaN, NaN, NaN","NaN, NaN, NaN, NaN, NaN, NaN","NaN, NaN, NaN, NaN, NaN, NaN"
3.795918367346939,-0.8979591836734694,"NaN, NaN, NaN, NaN, NaN, NaN","NaN, NaN, NaN, NaN, NaN, NaN","NaN, NaN, NaN, NaN, NaN, NaN"
3.795918367346939,-0.7346938775510204,"NaN, NaN, NaN, NaN, NaN, NaN","NaN, NaN, NaN, NaN, NaN, NaN","NaN, NaN, NaN, NaN, NaN, NaN"
3.795918367346939,-0.5714285714285714,"NaN, NaN, NaN, NaN, NaN, NaN","NaN, NaN, NaN, NaN, NaN, NaN","NaN, NaN, NaN, NaN, NaN, NaN"
3.795918367346939,-0.40816326530612246,"NaN, NaN, NaN, NaN, NaN, NaN","NaN, NaN, NaN, NaN, NaN, NaN","NaN, NaN, NaN, NaN, NaN, NaN"
3.795918367346939,-0.24489795918367346,"NaN, NaN, NaN, NaN, NaN, NaN","NaN, NaN, NaN, NaN, NaN, NaN","NaN, NaN, NaN, NaN, NaN, NaN"
3.795918367346939,-0.08163265306122448,"NaN, NaN, NaN, NaN, NaN, NaN","NaN, NaN, NaN, NaN, NaN, NaN","NaN, NaN, NaN, NaN, NaN, NaN"
3.795918367346939,0.08163265306122448,"NaN, NaN, NaN, NaN, NaN, NaN","NaN, NaN, NaN, NaN, NaN, NaN","NaN, NaN, NaN, NaN, NaN, NaN"
3.795918367346939,0.24489795918367346,"NaN, NaN, NaN, NaN, NaN, NaN","NaN, NaN, NaN, NaN, NaN, NaN","NaN, NaN, NaN, NaN, NaN, NaN"
3.795918367346939,0.40816326530612246,"NaN, NaN, NaN, NaN, NaN, NaN","NaN, NaN, NaN, NaN, NaN, NaN","NaN, NaN, NaN, NaN, NaN, NaN"
3.795918367346939,0.5714285714285714,"NaN, NaN, NaN, NaN, NaN, NaN","NaN, NaN, NaN, NaN, NaN, NaN","NaN, NaN, NaN, NaN, NaN, NaN"
3.795918367346939,0.7346938775510204,"NaN, NaN, NaN, NaN, NaN, NaN","NaN, NaN, NaN, NaN, NaN, NaN","NaN, NaN, NaN, NaN, NaN, NaN"
3.795918367346939,0.8979591836734694,"NaN, NaN, NaN, NaN, NaN, NaN","NaN, NaN, NaN, NaN, NaN, NaN","NaN, NaN, NaN, NaN, NaN, NaN"
3.795918367346939,1.0612244897959184,"NaN, NaN, NaN, NaN, NaN, NaN","NaN, NaN, NaN, NaN, NaN, NaN","NaN, NaN, NaN, NaN, NaN, NaN"
3.795918367346939,1.2244897959183674,"NaN, NaN, NaN, NaN, NaN, NaN","NaN, NaN, NaN, NaN, NaN, NaN","NaN, NaN, NaN, NaN, NaN, NaN"
3.795918367346939,1.3877551020408163,"NaN, NaN, NaN, NaN, NaN, NaN","NaN, NaN, NaN, NaN, NaN, NaN","NaN, NaN, NaN, NaN, NaN, NaN"
3.795918367346939,1.5510204081632653,"NaN, NaN, NaN, NaN, NaN, NaN","NaN, NaN, NaN, NaN, NaN, NaN","NaN, NaN, NaN, NaN, NaN, NaN"
3.795918367346939,1.7142857142857142,"NaN, NaN, NaN, NaN, NaN, NaN","NaN, NaN, NaN, NaN, NaN, NaN","NaN, NaN, NaN, NaN, NaN, NaN"
3.795918367346939,1.8775510204081634,"NaN, NaN, NaN, NaN, NaN, NaN","NaN, NaN, NaN, NaN, NaN, NaN","NaN, NaN, NaN, NaN, NaN, NaN"
3.795918367346939,2.0408163265306123,"NaN, NaN, NaN, NaN, NaN, NaN","NaN, NaN, NaN, NaN, NaN, NaN","NaN, NaN, NaN, NaN, NaN, NaN"
3.795918367346939,2.204081632653061,"NaN, NaN, NaN, NaN, NaN, NaN","NaN, NaN, NaN, NaN, NaN, NaN","NaN, NaN, NaN, NaN, NaN, NaN"
3.795918367346939,2.36734693877551,"NaN, NaN, NaN, NaN, NaN, NaN","NaN, NaN, NaN, NaN, NaN, NaN","NaN, NaN, NaN, NaN, NaN, NaN"
3.795918367346939,2.5306122448979593,"NaN, NaN, NaN, NaN, NaN, NaN","NaN, NaN, NaN, NaN, NaN, NaN","NaN, NaN, NaN, NaN, NaN, NaN"
3.795918367346939,2.693877551020408,"NaN, NaN, NaN, NaN, NaN, NaN","NaN, NaN, NaN, NaN, NaN, NaN","NaN, NaN, NaN, NaN, NaN, NaN"
3.795918367346939,2.857142857142857,"NaN, NaN, NaN, NaN, NaN, NaN","NaN, NaN, NaN, NaN, NaN, NaN","NaN, NaN, NaN, NaN, NaN, NaN"
3.795918367346939,3.020408163265306,"NaN, NaN, NaN, NaN, NaN, NaN","NaN, NaN, NaN, NaN, NaN, NaN","NaN, NaN, NaN, NaN, NaN, NaN"
3.795918367346939,3.183673469387755,"NaN, NaN, NaN, NaN, NaN, NaN","NaN, NaN, NaN, NaN, NaN, NaN","NaN, NaN, NaN, NaN, NaN, NaN"
3.795918367346939,3.3469387755102042,"NaN, NaN, NaN, NaN, NaN, NaN","NaN, NaN, NaN, NaN, NaN, NaN","NaN, NaN, NaN, NaN, NaN, NaN"
3.795918367346939,3.510204081632653,"NaN, NaN, NaN, NaN, NaN, NaN","NaN, NaN, NaN, NaN, NaN, NaN","NaN, NaN, NaN, NaN, NaN, NaN"
3.795918367346939,3.673469387755102,"NaN, NaN, NaN, NaN, NaN, NaN","NaN, NaN, NaN, NaN, NaN, NaN","NaN, NaN, NaN, NaN, NaN, NaN"
3.795918367346939,3.836734693877551,"NaN, NaN, NaN, NaN, NaN, NaN","NaN, NaN, NaN, NaN, NaN, NaN","NaN, NaN, NaN, NaN, NaN, NaN"
3.795918367346939,4.0,"NaN, NaN, NaN, NaN, NaN, NaN","NaN, NaN, NaN, NaN, NaN, NaN","NaN, NaN, NaN, NaN, NaN, NaN"
4.040816326530612,-4.0,"NaN, NaN, NaN, NaN, NaN, NaN","NaN, NaN, NaN, NaN, NaN, NaN","NaN, NaN, NaN, NaN, NaN, NaN"
4.040816326530612,-3.836734693877551,"NaN, NaN, NaN, NaN, NaN, NaN","NaN, NaN, NaN, NaN, NaN, NaN","NaN, NaN, NaN, NaN, NaN, NaN"
4.040816326530612,-3.673469387755102,"NaN, NaN, NaN, NaN, NaN, NaN","NaN, NaN, NaN, NaN, NaN, NaN","NaN, NaN, NaN, NaN, NaN, NaN"
4.040816326530612,-3.510204081632653,"NaN, NaN, NaN, NaN, NaN, NaN","NaN, NaN, NaN, NaN, NaN, NaN","NaN, NaN, NaN, NaN, NaN, NaN"
4.040816326530612,-3.3469387755102042,"NaN, NaN, NaN, NaN, NaN, NaN","NaN, NaN, NaN, NaN, NaN, NaN","NaN, NaN, NaN, NaN, NaN, NaN"
4.040816326530612,-3.183673469387755,"NaN, NaN, NaN, NaN, NaN, NaN","NaN, NaN, NaN, NaN, NaN, NaN","NaN, NaN, NaN, NaN, NaN, NaN"
4.040816326530612,-3.020408163265306,"NaN, NaN, NaN, NaN, NaN, NaN","NaN, NaN, NaN, NaN, NaN, NaN","NaN, NaN, NaN, NaN, NaN, NaN"
4.040816326530612,-2.857142857142857,"NaN, NaN, NaN, NaN, NaN, NaN","NaN, NaN, NaN, NaN, NaN, NaN","NaN, NaN, NaN, NaN, NaN, NaN"
4.040816326530612,-2.693877551020408,"NaN, NaN, NaN, NaN, NaN, NaN","NaN, NaN, NaN, NaN, NaN, NaN","NaN, NaN, NaN, NaN, NaN, NaN"
4.040816326530612,-2.5306122448979593,"NaN, NaN, NaN, NaN, NaN, NaN","NaN, NaN, NaN, NaN, NaN, NaN","NaN, NaN, NaN, NaN, NaN, NaN"
4.040816326530612,-2.36734693877551,"NaN, NaN, NaN, NaN, NaN, NaN","NaN, NaN, NaN, NaN, NaN, NaN","NaN, NaN, NaN, NaN, NaN, NaN"
4.040816326530612,-2.204081632653061,"NaN, NaN, NaN, NaN, NaN, NaN","NaN, NaN, NaN, NaN, NaN, NaN","NaN, NaN, NaN, NaN, NaN, NaN"
4.040816326530612,-2.0408163265306123,"NaN, NaN, NaN, NaN, NaN, NaN","NaN, NaN, NaN, NaN, NaN, NaN","NaN, NaN, NaN, NaN, NaN, NaN"
4.040816326530612,-1.8775510204081634,"NaN, NaN, NaN, NaN, NaN, NaN","NaN, NaN, NaN, NaN, NaN, NaN","NaN, NaN, NaN, NaN, NaN, NaN"
4.040816326530612,-1.7142857142857142,"NaN, NaN, NaN, NaN, NaN, NaN","NaN, NaN, NaN, NaN, NaN, NaN","NaN, NaN, NaN, NaN, NaN, NaN"
4.040816326530612,-1.5510204081632653,"NaN, NaN, NaN, NaN, NaN, NaN","NaN, NaN, NaN, NaN, NaN, NaN","NaN, NaN, NaN, NaN, NaN, NaN"
4.040816326530612,-1.3877551020408163,"NaN, NaN, NaN, NaN, NaN, NaN","NaN, NaN, NaN, NaN, NaN, NaN","NaN, NaN, NaN, NaN, NaN, NaN"
4.040816326530612,-1.2244897959183674,"NaN, NaN, NaN, NaN, NaN, NaN","NaN, NaN, NaN, NaN, NaN, NaN","NaN, NaN, NaN, NaN, NaN, NaN"
4.040816326530612,-1.0612244897959184,"NaN, NaN, NaN, NaN, NaN, NaN","NaN, NaN, NaN, NaN, NaN, NaN","NaN, NaN, NaN, NaN, NaN, NaN"
4.040816326530612,-0.8979591836734694,"NaN, NaN, NaN, NaN, NaN, NaN","NaN, NaN, NaN, NaN, NaN, NaN","NaN, NaN, NaN, NaN, NaN, NaN"
4.040816326530612,-0.7346938775510204,"NaN, NaN, NaN, NaN, NaN, NaN","NaN, NaN, NaN, NaN, NaN, NaN","NaN, NaN, NaN, NaN, NaN, NaN"
4.040816326530612,-0.5714285714285714,"NaN, NaN, NaN, NaN, NaN, NaN","NaN, NaN, NaN, NaN, NaN, NaN","NaN, NaN, NaN, NaN, NaN, NaN"
4.040816326530612,-0.40816326530612246,"NaN, NaN, NaN, NaN, NaN, NaN","NaN, NaN, NaN, NaN, NaN, NaN","NaN, NaN, NaN, NaN, NaN, NaN"
4.040816326530612,-0.24489795918367346,"NaN, NaN, NaN, NaN, NaN, NaN","NaN, NaN, NaN, NaN, NaN, NaN","NaN, NaN, NaN, NaN, NaN, NaN"
4.040816326530612,-0.08163265306122448,"NaN, NaN, NaN, NaN, NaN, NaN","NaN, NaN, NaN, NaN, NaN, NaN","NaN, NaN, NaN, NaN, NaN, NaN"
4.040816326530612,0.08163265306122448,"NaN, NaN, NaN, NaN, NaN, NaN","NaN, NaN, NaN, NaN, NaN, NaN","NaN, NaN, NaN, NaN, NaN, NaN"
4.040816326530612,0.24489795918367346,"NaN, NaN, NaN, NaN, NaN, NaN","NaN, NaN, NaN, NaN, NaN, NaN","NaN, NaN, NaN, NaN, NaN, NaN"
4.040816326530612,0.40816326530612246,"NaN, NaN, NaN, NaN, NaN, NaN","NaN, NaN, NaN, NaN, NaN, NaN","NaN, NaN, NaN, NaN, NaN, NaN"
4.040816326530612,0.5714285714285714,"NaN, NaN, NaN, NaN, NaN, NaN","NaN, NaN, NaN, NaN, NaN, NaN","NaN, NaN, NaN, NaN, NaN, NaN"
4.040816326530612,0.7346938775510204,"NaN, NaN, NaN, NaN, NaN, NaN","NaN, NaN, NaN, NaN, NaN, NaN","NaN, NaN, NaN, NaN, NaN, NaN"
4.040816326530612,0.8979591836734694,"NaN, NaN, NaN, NaN, NaN, NaN","NaN, NaN, NaN, NaN, NaN, NaN","NaN, NaN, NaN, NaN, NaN, NaN"
4.040816326530612,1.0612244897959184,"NaN, NaN, NaN, NaN, NaN, NaN","NaN, NaN, NaN, NaN, NaN, NaN","NaN, NaN, NaN, NaN, NaN, NaN"
4.040816326530612,1.2244897959183674,"NaN, NaN, NaN, NaN, NaN, NaN","NaN, NaN, NaN, NaN, NaN, NaN","NaN, NaN, NaN, NaN, NaN, NaN"
4.040816326530612,1.3877551020408163,"NaN, NaN, NaN, NaN, NaN, NaN","NaN, NaN, NaN, NaN, NaN, NaN","NaN, NaN, NaN, NaN, NaN, NaN"
4.040816326530612,1.5510204081632653,"NaN, NaN, NaN, NaN, NaN, NaN","NaN, NaN, NaN, NaN, NaN, NaN","NaN, NaN, NaN, NaN, NaN, NaN"
4.040816326530612,1.7142857142857142,"NaN, NaN, NaN, NaN, NaN, NaN","NaN, NaN, NaN, NaN, NaN, NaN","NaN, NaN, NaN, NaN, NaN, NaN"
4.040816326530612,1.8775510204081634,"NaN, NaN, NaN, NaN, NaN, NaN","NaN, NaN, NaN, NaN, NaN, NaN","NaN, NaN, NaN, NaN, NaN, NaN"
4.040816326530612,2.0408163265306123,"NaN, NaN, NaN, NaN, NaN, NaN","NaN, NaN, NaN, NaN, NaN, NaN","NaN, NaN, NaN, NaN, NaN, NaN"
4.040816326530612,2.204081632653061,"NaN, NaN, NaN, NaN, NaN, NaN","NaN, NaN, NaN, NaN, NaN, NaN","NaN, NaN, NaN, NaN, NaN, NaN"
4.040816326530612,2.36734693877551,"NaN, NaN, NaN, NaN, NaN, NaN","NaN, NaN, NaN, NaN, NaN, NaN","NaN, NaN, NaN, NaN, NaN, NaN"
4.040816326530612,2.5306122448979593,"NaN, NaN, NaN, NaN, NaN, NaN","NaN, NaN, NaN, NaN, NaN, NaN","NaN, NaN, NaN, NaN, NaN, NaN"
4.040816326530612,2.693877551020408,"NaN, NaN, NaN, NaN, NaN, NaN","NaN, NaN, NaN, NaN, NaN, NaN","NaN, NaN, NaN, NaN, NaN, NaN"
4.040816326530612,2.857142857142857,"NaN, NaN, NaN, NaN, NaN, NaN","NaN, NaN, NaN, NaN, NaN, NaN","NaN, NaN, NaN, NaN, NaN, NaN"
4.040816326530612,3.020408163265306,"NaN, NaN, NaN, NaN, NaN, NaN","NaN, NaN, NaN, NaN, NaN, NaN","NaN, NaN, NaN, NaN, NaN, NaN"
4.040816326530612,3.183673469387755,"NaN, NaN, NaN, NaN, NaN, NaN","NaN, NaN, NaN, NaN, NaN, NaN","NaN, NaN, NaN, NaN, NaN, NaN"
4.040816326530612,3.3469387755102042,"NaN, NaN, NaN, NaN, NaN, NaN","NaN, NaN, NaN, NaN, NaN, NaN","NaN, NaN, NaN, NaN, NaN, NaN"
4.040816326530612,3.510204081632653,"NaN, NaN, NaN, NaN, NaN, NaN","NaN, NaN, NaN, NaN, NaN, NaN","NaN, NaN, NaN, NaN, NaN, NaN"
4.040816326530612,3.673469387755102,"NaN, NaN, NaN, NaN, NaN, NaN","NaN, NaN, NaN, NaN, NaN, NaN","NaN, NaN, NaN, NaN, NaN, NaN"
4.040816326530612,3.836734693877551,"NaN, NaN, NaN, NaN, NaN, NaN","NaN, NaN, NaN, NaN, NaN, NaN","NaN, NaN, NaN, NaN, NaN, NaN"
4.040816326530612,4.0,"NaN, NaN, NaN, NaN, NaN, NaN","NaN, NaN, NaN, NaN, NaN, NaN","NaN, NaN, NaN, NaN, NaN, NaN"
4.285714285714286,-4.0,"NaN, NaN, NaN, NaN, NaN, NaN","NaN, NaN, NaN, NaN, NaN, NaN","NaN, NaN, NaN, NaN, NaN, NaN"
4.285714285714286,-3.836734693877551,"NaN, NaN, NaN, NaN, NaN, NaN","NaN, NaN, NaN, NaN, NaN, NaN","NaN, NaN, NaN, NaN, NaN, NaN"
4.285714285714286,-3.673469387755102,"NaN, NaN, NaN, NaN, NaN, NaN","NaN, NaN, NaN, NaN, NaN, NaN","NaN, NaN, NaN, NaN, NaN, NaN"
4.285714285714286,-3.510204081632653,"NaN, NaN, NaN, NaN, NaN, NaN","NaN, NaN, NaN, NaN, NaN, NaN","NaN, NaN, NaN, NaN, NaN, NaN"
4.285714285714286,-3.3469387755102042,"NaN, NaN, NaN, NaN, NaN, NaN","NaN, NaN, NaN, NaN, NaN, NaN","NaN, NaN, NaN, NaN, NaN, NaN"
4.285714285714286,-3.183673469387755,"NaN, NaN, NaN, NaN, NaN, NaN","NaN, NaN, NaN, NaN, NaN, NaN","NaN, NaN, NaN, NaN, NaN, NaN"
4.285714285714286,-3.020408163265306,"NaN, NaN, NaN, NaN, NaN, NaN","NaN, NaN, NaN, NaN, NaN, NaN","NaN, NaN, NaN, NaN, NaN, NaN"
4.285714285714286,-2.857142857142857,"NaN, NaN, NaN, NaN, NaN, NaN","NaN, NaN, NaN, NaN, NaN, NaN","NaN, NaN, NaN, NaN, NaN, NaN"
4.285714285714286,-2.693877551020408,"NaN, NaN, NaN, NaN, NaN, NaN","NaN, NaN, NaN, NaN, NaN, NaN","NaN, NaN, NaN, NaN, NaN, NaN"
4.285714285714286,-2.5306122448979593,"NaN, NaN, NaN, NaN, NaN, NaN","NaN, NaN, NaN, NaN, NaN, NaN","NaN, NaN, NaN, NaN, NaN, NaN"
4.285714285714286,-2.36734693877551,"NaN, NaN, NaN, NaN, NaN, NaN","NaN, NaN, NaN, NaN, NaN, NaN","NaN, NaN, NaN, NaN, NaN, NaN"
4.285714285714286,-2.204081632653061,"NaN, NaN, NaN, NaN, NaN, NaN","NaN, NaN, NaN, NaN, NaN, NaN","NaN, NaN, NaN, NaN, NaN, NaN"
4.285714285714286,-2.0408163265306123,"NaN, NaN, NaN, NaN, NaN, NaN","NaN, NaN, NaN, NaN, NaN, NaN","NaN, NaN, NaN, NaN, NaN, NaN"
4.285714285714286,-1.8775510204081634,"NaN, NaN, NaN, NaN, NaN, NaN","NaN, NaN, NaN, NaN, NaN, NaN","NaN, NaN, NaN, NaN, NaN, NaN"
4.285714285714286,-1.7142857142857142,"NaN, NaN, NaN, NaN, NaN, NaN","NaN, NaN, NaN, NaN, NaN, NaN","NaN, NaN, NaN, NaN, NaN, NaN"
4.285714285714286,-1.5510204081632653,"NaN, NaN, NaN, NaN, NaN, NaN","NaN, NaN, NaN, NaN, NaN, NaN","NaN, NaN, NaN, NaN, NaN, NaN"
4.285714285714286,-1.3877551020408163,"NaN, NaN, NaN, NaN, NaN, NaN","NaN, NaN, NaN, NaN, NaN, NaN","NaN, NaN, NaN, NaN, NaN, NaN"
4.285714285714286,-1.2244897959183674,"NaN, NaN, NaN, NaN, NaN, NaN","NaN, NaN, NaN, NaN, NaN, NaN","NaN, NaN, NaN, NaN, NaN, NaN"
4.285714285714286,-1.0612244897959184,"NaN, NaN, NaN, NaN, NaN, NaN","NaN, NaN, NaN, NaN, NaN, NaN","NaN, NaN, NaN, NaN, NaN, NaN"
4.285714285714286,-0.8979591836734694,"NaN, NaN, NaN, NaN, NaN, NaN","NaN, NaN, NaN, NaN, NaN, NaN","NaN, NaN, NaN, NaN, NaN, NaN"
4.285714285714286,-0.7346938775510204,"NaN, NaN, NaN, NaN, NaN, NaN","NaN, NaN, NaN, NaN, NaN, NaN","NaN, NaN, NaN, NaN, NaN, NaN"
4.285714285714286,-0.5714285714285714,"NaN, NaN, NaN, NaN, NaN, NaN","NaN, NaN, NaN, NaN, NaN, NaN","NaN, NaN, NaN, NaN, NaN, NaN"
4.285714285714286,-0.40816326530612246,"NaN, NaN, NaN, NaN, NaN, NaN","NaN, NaN, NaN, NaN, NaN, NaN","NaN, NaN, NaN, NaN, NaN, NaN"
4.285714285714286,-0.24489795918367346,"NaN, NaN, NaN, NaN, NaN, NaN","NaN, NaN, NaN, NaN, NaN, NaN","NaN, NaN, NaN, NaN, NaN, NaN"
4.285714285714286,-0.08163265306122448,"NaN, NaN, NaN, NaN, NaN, NaN","NaN, NaN, NaN, NaN, NaN, NaN","NaN, NaN, NaN, NaN, NaN, NaN"
4.285714285714286,0.08163265306122448,"NaN, NaN, NaN, NaN, NaN, NaN","NaN, NaN, NaN, NaN, NaN, NaN","NaN, NaN, NaN, NaN, NaN, NaN"
4.285714285714286,0.24489795918367346,"NaN, NaN, NaN, NaN, NaN, NaN","NaN, NaN, NaN, NaN, NaN, NaN","NaN, NaN, NaN, NaN, NaN, NaN"
4.285714285714286,0.40816326530612246,"NaN, NaN, NaN, NaN, NaN, NaN","NaN, NaN, NaN, NaN, NaN, NaN","NaN, NaN, NaN, NaN, NaN, NaN"
4.285714285714286,0.5714285714285714,"NaN, NaN, NaN, NaN, NaN, NaN","NaN, NaN, NaN, NaN, NaN, NaN","NaN, NaN, NaN, NaN, NaN, NaN"
4.285714285714286,0.7346938775510204,"NaN, NaN, NaN, NaN, NaN, NaN","NaN, NaN, NaN, NaN, NaN, NaN","NaN, NaN, NaN, NaN, NaN, NaN"
4.285714285714286,0.8979591836734694,"NaN, NaN, NaN, NaN, NaN, NaN","NaN, NaN, NaN, NaN, NaN, NaN","NaN, NaN, NaN, NaN, NaN, NaN"
4.285714285714286,1.0612244897959184,"NaN, NaN, NaN, NaN, NaN, NaN","NaN, NaN, NaN, NaN, NaN, NaN","NaN, NaN, NaN, NaN, NaN, NaN"
4.285714285714286,1.2244897959183674,"NaN, NaN, NaN, NaN, NaN, NaN","NaN, NaN, NaN, NaN, NaN, NaN","NaN, NaN, NaN, NaN, NaN, NaN"
4.285714285714286,1.3877551020408163,"NaN, NaN, NaN, NaN, NaN, NaN","NaN, NaN, NaN, NaN, NaN, NaN","NaN, NaN, NaN, NaN, NaN, NaN"
4.285714285714286,1.5510204081632653,"NaN, NaN, NaN, NaN, NaN, NaN","NaN, NaN, NaN, NaN, NaN, NaN","NaN, NaN, NaN, NaN, NaN, NaN"
4.285714285714286,1.7142857142857142,"NaN, NaN, NaN, NaN, NaN, NaN","NaN, NaN, NaN, NaN, NaN, NaN","NaN, NaN, NaN, NaN, NaN, NaN"
4.285714285714286,1.8775510204081634,"NaN, NaN, NaN, NaN, NaN, NaN","NaN, NaN, NaN, NaN, NaN, NaN","NaN, NaN, NaN, NaN, NaN, NaN"
4.285714285714286,2.0408163265306123,"NaN, NaN, NaN, NaN, NaN, NaN","NaN, NaN, NaN, NaN, NaN, NaN","NaN, NaN, NaN, NaN, NaN, NaN"
4.285714285714286,2.204081632653061,"NaN, NaN, NaN, NaN, NaN, NaN","NaN, NaN, NaN, NaN, NaN, NaN","NaN, NaN, NaN, NaN, NaN, NaN"
4.285714285714286,2.36734693877551,"NaN, NaN, NaN, NaN, NaN, NaN","NaN, NaN, NaN, NaN, NaN, NaN","NaN, NaN, NaN, NaN, NaN, NaN"
4.285714285714286,2.5306122448979593,"NaN, NaN, NaN, NaN, NaN, NaN","NaN, NaN, NaN, NaN, NaN, NaN","NaN, NaN, NaN, NaN, NaN, NaN"
4.285714285714286,2.693877551020408,"NaN, NaN, NaN, NaN, NaN, NaN","NaN, NaN, NaN, NaN, NaN, NaN","NaN, NaN, NaN, NaN, NaN, NaN"
4.285714285714286,2.857142857142857,"NaN, NaN, NaN, NaN, NaN, NaN","NaN, NaN, NaN, NaN, NaN, NaN","NaN, NaN, NaN, NaN, NaN, NaN"
4.285714285714286,3.020408163265306,"NaN, NaN, NaN, NaN, NaN, NaN","NaN, NaN, NaN, NaN, NaN, NaN","NaN, NaN, NaN, NaN, NaN, NaN"
4.285714285714286,3.183673469387755,"NaN, NaN, NaN, NaN, NaN, NaN","NaN, NaN, NaN, NaN, NaN, NaN","NaN, NaN, NaN, NaN, NaN, NaN"
4.285714285714286,3.3469387755102042,"NaN, NaN, NaN, NaN, NaN, NaN","NaN, NaN, NaN, NaN, NaN, NaN","NaN, NaN, NaN, NaN, NaN, NaN"
4.285714285714286,3.510204081632653,"NaN, NaN, NaN, NaN, NaN, NaN","NaN, NaN, NaN, NaN, NaN, NaN","NaN, NaN, NaN, NaN, NaN, NaN"
4.285714285714286,3.673469387755102,"NaN, NaN, NaN, NaN, NaN, NaN","NaN, NaN, NaN, NaN, NaN, NaN","NaN, NaN, NaN, NaN, NaN, NaN"
4.285714285714286,3.836734693877551,"NaN, NaN, NaN, NaN, NaN, NaN","NaN, NaN, NaN, NaN, NaN, NaN","NaN, NaN, NaN, NaN, NaN, NaN"
4.285714285714286,4.0,"NaN, NaN, NaN, NaN, NaN, NaN","NaN, NaN, NaN, NaN, NaN, NaN","NaN, NaN, NaN, NaN, NaN, NaN"
4.530612244897959,-4.0,"NaN, NaN, NaN, NaN, NaN, NaN","NaN, NaN, NaN, NaN, NaN, NaN","NaN, NaN, NaN, NaN, NaN, NaN"
4.530612244897959,-3.836734693877551,"NaN, NaN, NaN, NaN, NaN, NaN","NaN, NaN, NaN, NaN, NaN, NaN","NaN, NaN, NaN, NaN, NaN, NaN"
4.530612244897959,-3.673469387755102,"NaN, NaN, NaN, NaN, NaN, NaN","NaN, NaN, NaN, NaN, NaN, NaN","NaN, NaN, NaN, NaN, NaN, NaN"
4.530612244897959,-3.510204081632653,"NaN, NaN, NaN, NaN, NaN, NaN","NaN, NaN, NaN, NaN, NaN, NaN","NaN, NaN, NaN, NaN, NaN, NaN"
4.530612244897959,-3.3469387755102042,"NaN, NaN, NaN, NaN, NaN, NaN","NaN, NaN, NaN, NaN, NaN, NaN","NaN, NaN, NaN, NaN, NaN, NaN"
4.530612244897959,-3.183673469387755,"NaN, NaN, NaN, NaN, NaN, NaN","NaN, NaN, NaN, NaN, NaN, NaN","NaN, NaN, NaN, NaN, NaN, NaN"
4.530612244897959,-3.020408163265306,"NaN, NaN, NaN, NaN, NaN, NaN","NaN, NaN, NaN, NaN, NaN, NaN","NaN, NaN, NaN, NaN, NaN, NaN"
4.530612244897959,-2.857142857142857,"NaN, NaN, NaN, NaN, NaN, NaN","NaN, NaN, NaN, NaN, NaN, NaN","NaN, NaN, NaN, NaN, NaN, NaN"
4.530612244897959,-2.693877551020408,"NaN, NaN, NaN, NaN, NaN, NaN","NaN, NaN, NaN, NaN, NaN, NaN","NaN, NaN, NaN, NaN, NaN, NaN"
4.530612244897959,-2.5306122448979593,"NaN, NaN, NaN, NaN, NaN, NaN","NaN, NaN, NaN, NaN, NaN, NaN","NaN, NaN, NaN, NaN, NaN, NaN"
4.530612244897959,-2.36734693877551,"NaN, NaN, NaN, NaN, NaN, NaN","NaN, NaN, NaN, NaN, NaN, NaN","NaN, NaN, NaN, NaN, NaN, NaN"
4.530612244897959,-2.204081632653061,"NaN, NaN, NaN, NaN, NaN, NaN","NaN, NaN, NaN, NaN, NaN, NaN","NaN, NaN, NaN, NaN, NaN, NaN"
4.530612244897959,-2.0408163265306123,"NaN, NaN, NaN, NaN, NaN, NaN","NaN, NaN, NaN, NaN, NaN, NaN","NaN, NaN, NaN, NaN, NaN, NaN"
4.530612244897959,-1.8775510204081634,"NaN, NaN, NaN, NaN, NaN, NaN","NaN, NaN, NaN, NaN, NaN, NaN","NaN, NaN, NaN, NaN, NaN, NaN"
4.530612244897959,-1.7142857142857142,"NaN, NaN, NaN, NaN, NaN, NaN","NaN, NaN, NaN, NaN, NaN, NaN","NaN, NaN, NaN, NaN, NaN, NaN"
4.530612244897959,-1.5510204081632653,"NaN, NaN, NaN, NaN, NaN, NaN","NaN, NaN, NaN, NaN, NaN, NaN","NaN, NaN, NaN, NaN, NaN, NaN"
4.530612244897959,-1.3877551020408163,"NaN, NaN, NaN, NaN, NaN, NaN","NaN, NaN, NaN, NaN, NaN, NaN","NaN, NaN, NaN, NaN, NaN, NaN"
4.530612244897959,-1.2244897959183674,"NaN, NaN, NaN, NaN, NaN, NaN","NaN, NaN, NaN, NaN, NaN, NaN","NaN, NaN, NaN, NaN, NaN, NaN"
4.530612244897959,-1.0612244897959184,"NaN, NaN, NaN, NaN, NaN, NaN","NaN, NaN, NaN, NaN, NaN, NaN","NaN, NaN, NaN, NaN, NaN, NaN"
4.530612244897959,-0.8979591836734694,"NaN, NaN, NaN, NaN, NaN, NaN","NaN, NaN, NaN, NaN, NaN, NaN","NaN, NaN, NaN, NaN, NaN, NaN"
4.530612244897959,-0.7346938775510204,"NaN, NaN, NaN, NaN, NaN, NaN","NaN, NaN, NaN, NaN, NaN, NaN","NaN, NaN, NaN, NaN, NaN, NaN"
4.530612244897959,-0.5714285714285714,"NaN, NaN, NaN, NaN, NaN, NaN","NaN, NaN, NaN, NaN, NaN, NaN","NaN, NaN, NaN, NaN, NaN, NaN"
4.530612244897959,-0.40816326530612246,"NaN, NaN, NaN, NaN, NaN, NaN","NaN, NaN, NaN, NaN, NaN, NaN","NaN, NaN, NaN, NaN, NaN, NaN"
4.530612244897959,-0.24489795918367346,"NaN, NaN, NaN, NaN, NaN, NaN","NaN, NaN, NaN, NaN, NaN, NaN","NaN, NaN, NaN, NaN, NaN, NaN"
4.530612244897959,-0.08163265306122448,"NaN, NaN, NaN, NaN, NaN, NaN","NaN, NaN, NaN, NaN, NaN, NaN","NaN, NaN, NaN, NaN, NaN, NaN"
4.530612244897959,0.08163265306122448,"NaN, NaN, NaN, NaN, NaN, NaN","NaN, NaN, NaN, NaN, NaN, NaN","NaN, NaN, NaN, NaN, NaN, NaN"
4.530612244897959,0.24489795918367346,"NaN, NaN, NaN, NaN, NaN, NaN","NaN, NaN, NaN, NaN, NaN, NaN","NaN, NaN, NaN, NaN, NaN, NaN"
4.530612244897959,0.40816326530612246,"NaN, NaN, NaN, NaN, NaN, NaN","NaN, NaN, NaN, NaN, NaN, NaN","NaN, NaN, NaN, NaN, NaN, NaN"
4.530612244897959,0.5714285714285714,"NaN, NaN, NaN, NaN, NaN, NaN","NaN, NaN, NaN, NaN, NaN, NaN","NaN, NaN, NaN, NaN, NaN, NaN"
4.530612244897959,0.7346938775510204,"NaN, NaN, NaN, NaN, NaN, NaN","NaN, NaN, NaN, NaN, NaN, NaN","NaN, NaN, NaN, NaN, NaN, NaN"
4.530612244897959,0.8979591836734694,"NaN, NaN, NaN, NaN, NaN, NaN","NaN, NaN, NaN, NaN, NaN, NaN","NaN, NaN, NaN, NaN, NaN, NaN"
4.530612244897959,1.0612244897959184,"NaN, NaN, NaN, NaN, NaN, NaN","NaN, NaN, NaN, NaN, NaN, NaN","NaN, NaN, NaN, NaN, NaN, NaN"
4.530612244897959,1.2244897959183674,"NaN, NaN, NaN, NaN, NaN, NaN","NaN, NaN, NaN, NaN, NaN, NaN","NaN, NaN, NaN, NaN, NaN, NaN"
4.530612244897959,1.3877551020408163,"NaN, NaN, NaN, NaN, NaN, NaN","NaN, NaN, NaN, NaN, NaN, NaN","NaN, NaN, NaN, NaN, NaN, NaN"
4.530612244897959,1.5510204081632653,"NaN, NaN, NaN, NaN, NaN, NaN","NaN, NaN, NaN, NaN, NaN, NaN","NaN, NaN, NaN, NaN, NaN, NaN"
4.530612244897959,1.7142857142857142,"NaN, NaN, NaN, NaN, NaN, NaN","NaN, NaN, NaN, NaN, NaN, NaN","NaN, NaN, NaN, NaN, NaN, NaN"
4.530612244897959,1.8775510204081634,"NaN, NaN, NaN, NaN, NaN, NaN","NaN, NaN, NaN, NaN, NaN, NaN","NaN, NaN, NaN, NaN, NaN, NaN"
4.530612244897959,2.0408163265306123,"NaN, NaN, NaN, NaN, NaN, NaN","NaN, NaN, NaN, NaN, NaN, NaN","NaN, NaN, NaN, NaN, NaN, NaN"
4.530612244897959,2.204081632653061,"NaN, NaN, NaN, NaN, NaN, NaN","NaN, NaN, NaN, NaN, NaN, NaN","NaN, NaN, NaN, NaN, NaN, NaN"
4.530612244897959,2.36734693877551,"NaN, NaN, NaN, NaN, NaN, NaN","NaN, NaN, NaN, NaN, NaN, NaN","NaN, NaN, NaN, NaN, NaN, NaN"
4.530612244897959,2.5306122448979593,"NaN, NaN, NaN, NaN, NaN, NaN","NaN, NaN, NaN, NaN, NaN, NaN","NaN, NaN, NaN, NaN, NaN, NaN"
4.530612244897959,2.693877551020408,"NaN, NaN, NaN, NaN, NaN, NaN","NaN, NaN, NaN, NaN, NaN, NaN","NaN, NaN, NaN, NaN, NaN, NaN"
4.530612244897959,2.857142857142857,"NaN, NaN, NaN, NaN, NaN, NaN","NaN, NaN, NaN, NaN, NaN, NaN","NaN, NaN, NaN, NaN, NaN, NaN"
4.530612244897959,3.020408163265306,"NaN, NaN, NaN, NaN, NaN, NaN","NaN, NaN, NaN, NaN, NaN, NaN","NaN, NaN, NaN, NaN, NaN, NaN"
4.530612244897959,3.183673469387755,"NaN, NaN, NaN, NaN, NaN, NaN","NaN, NaN, NaN, NaN, NaN, NaN","NaN, NaN, NaN, NaN, NaN, NaN"
4.530612244897959,3.3469387755102042,"NaN, NaN, NaN, NaN, NaN, NaN","NaN, NaN, NaN, NaN, NaN, NaN","NaN, NaN, NaN, NaN, NaN, NaN"
4.530612244897959,3.510204081632653,"NaN, NaN, NaN, NaN, NaN, NaN","NaN, NaN, NaN, NaN, NaN, NaN","NaN, NaN, NaN, NaN, NaN, NaN"
4.530612244897959,3.673469387755102,"NaN, NaN, NaN, NaN, NaN, NaN","NaN, NaN, NaN, NaN, NaN, NaN","NaN, NaN, NaN, NaN, NaN, NaN"
4.530612244897959,3.836734693877551,"NaN, NaN, NaN, NaN, NaN, NaN","NaN, NaN, NaN, NaN, NaN, NaN","NaN, NaN, NaN, NaN, NaN, NaN"
4.530612244897959,4.0,"NaN, NaN, NaN, NaN, NaN, NaN","NaN, NaN, NaN, NaN, NaN, NaN","NaN, NaN, NaN, NaN, NaN, NaN"
4.775510204081633,-4.0,"NaN, NaN, NaN, NaN, NaN, NaN","NaN, NaN, NaN, NaN, NaN, NaN","NaN, NaN, NaN, NaN, NaN, NaN"
4.775510204081633,-3.836734693877551,"NaN, NaN, NaN, NaN, NaN, NaN","NaN, NaN, NaN, NaN, NaN, NaN","NaN, NaN, NaN, NaN, NaN, NaN"
4.775510204081633,-3.673469387755102,"NaN, NaN, NaN, NaN, NaN, NaN","NaN, NaN, NaN, NaN, NaN, NaN","NaN, NaN, NaN, NaN, NaN, NaN"
4.775510204081633,-3.510204081632653,"NaN, NaN, NaN, NaN, NaN, NaN","NaN, NaN, NaN, NaN, NaN, NaN","NaN, NaN, NaN, NaN, NaN, NaN"
4.775510204081633,-3.3469387755102042,"NaN, NaN, NaN, NaN, NaN, NaN","NaN, NaN, NaN, NaN, NaN, NaN","NaN, NaN, NaN, NaN, NaN, NaN"
4.775510204081633,-3.183673469387755,"NaN, NaN, NaN, NaN, NaN, NaN","NaN, NaN, NaN, NaN, NaN, NaN","NaN, NaN, NaN, NaN, NaN, NaN"
4.775510204081633,-3.020408163265306,"NaN, NaN, NaN, NaN, NaN, NaN","NaN, NaN, NaN, NaN, NaN, NaN","NaN, NaN, NaN, NaN, NaN, NaN"
4.775510204081633,-2.857142857142857,"NaN, NaN, NaN, NaN, NaN, NaN","NaN, NaN, NaN, NaN, NaN, NaN","NaN, NaN, NaN, NaN, NaN, NaN"
4.775510204081633,-2.693877551020408,"NaN, NaN, NaN, NaN, NaN, NaN","NaN, NaN, NaN, NaN, NaN, NaN","NaN, NaN, NaN, NaN, NaN, NaN"
4.775510204081633,-2.5306122448979593,"NaN, NaN, NaN, NaN, NaN, NaN","NaN, NaN, NaN, NaN, NaN, NaN","NaN, NaN, NaN, NaN, NaN, NaN"
4.775510204081633,-2.36734693877551,"NaN, NaN, NaN, NaN, NaN, NaN","NaN, NaN, NaN, NaN, NaN, NaN","NaN, NaN, NaN, NaN, NaN, NaN"
4.775510204081633,-2.204081632653061,"NaN, NaN, NaN, NaN, NaN, NaN","NaN, NaN, NaN, NaN, NaN, NaN","NaN, NaN, NaN, NaN, NaN, NaN"
4.775510204081633,-2.0408163265306123,"NaN, NaN, NaN, NaN, NaN, NaN","NaN, NaN, NaN, NaN, NaN, NaN","NaN, NaN, NaN, NaN, NaN, NaN"
4.775510204081633,-1.8775510204081634,"NaN, NaN, NaN, NaN, NaN, NaN","NaN, NaN, NaN, NaN, NaN, NaN","NaN, NaN, NaN, NaN, NaN, NaN"
4.775510204081633,-1.7142857142857142,"NaN, NaN, NaN, NaN, NaN, NaN","NaN, NaN, NaN, NaN, NaN, NaN","NaN, NaN, NaN, NaN, NaN, NaN"
4.775510204081633,-1.5510204081632653,"NaN, NaN, NaN, NaN, NaN, NaN","NaN, NaN, NaN, NaN, NaN, NaN","NaN, NaN, NaN, NaN, NaN, NaN"
4.775510204081633,-1.3877551020408163,"NaN, NaN, NaN, NaN, NaN, NaN","NaN, NaN, NaN, NaN, NaN, NaN","NaN, NaN, NaN, NaN, NaN, NaN"
4.775510204081633,-1.2244897959183674,"NaN, NaN, NaN, NaN, NaN, NaN","NaN, NaN, NaN, NaN, NaN, NaN","NaN, NaN, NaN, NaN, NaN, NaN"
4.775510204081633,-1.0612244897959184,"NaN, NaN, NaN, NaN, NaN, NaN","NaN, NaN, NaN, NaN, NaN, NaN","NaN, NaN, NaN, NaN, NaN, NaN"
4.775510204081633,-0.8979591836734694,"NaN, NaN, NaN, NaN, NaN, NaN","NaN, NaN, NaN, NaN, NaN, NaN","NaN, NaN, NaN, NaN, NaN, NaN"
4.775510204081633,-0.7346938775510204,"NaN, NaN, NaN, NaN, NaN, NaN","NaN, NaN, NaN, NaN, NaN, NaN","NaN, NaN, NaN, NaN, NaN, NaN"
4.775510204081633,-0.5714285714285714,"NaN, NaN, NaN, NaN, NaN, NaN","NaN, NaN, NaN, NaN, NaN, NaN","NaN, NaN, NaN, NaN, NaN, NaN"
4.775510204081633,-0.40816326530612246,"NaN, NaN, NaN, NaN, NaN, NaN","NaN, NaN, NaN, NaN, NaN, NaN","NaN, NaN, NaN, NaN, NaN, NaN"
4.775510204081633,-0.24489795918367346,"NaN, NaN, NaN, NaN, NaN, NaN","NaN, NaN, NaN, NaN, NaN, NaN","NaN, NaN, NaN, NaN, NaN, NaN"
4.775510204081633,-0.08163265306122448,"NaN, NaN, NaN, NaN, NaN, NaN","NaN, NaN, NaN, NaN, NaN, NaN","NaN, NaN, NaN, NaN, NaN, NaN"
4.775510204081633,0.08163265306122448,"NaN, NaN, NaN, NaN, NaN, NaN","NaN, NaN, NaN, NaN, NaN, NaN","NaN, NaN, NaN, NaN, NaN, NaN"
4.775510204081633,0.24489795918367346,"NaN, NaN, NaN, NaN, NaN, NaN","NaN, NaN, NaN, NaN, NaN, NaN","NaN, NaN, NaN, NaN, NaN, NaN"
4.775510204081633,0.40816326530612246,"NaN, NaN, NaN, NaN, NaN, NaN","NaN, NaN, NaN, NaN, NaN, NaN","NaN, NaN, NaN, NaN, NaN, NaN"
4.775510204081633,0.5714285714285714,"NaN, NaN, NaN, NaN, NaN, NaN","NaN, NaN, NaN, NaN, NaN, NaN","NaN, NaN, NaN, NaN, NaN, NaN"
4.775510204081633,0.7346938775510204,"NaN, NaN, NaN, NaN, NaN, NaN","NaN, NaN, NaN, NaN, NaN, NaN","NaN, NaN, NaN, NaN, NaN, NaN"
4.775510204081633,0.8979591836734694,"NaN, NaN, NaN, NaN, NaN, NaN","NaN, NaN, NaN, NaN, NaN, NaN","NaN, NaN, NaN, NaN, NaN, NaN"
4.775510204081633,1.0612244897959184,"NaN, NaN, NaN, NaN, NaN, NaN","NaN, NaN, NaN, NaN, NaN, NaN","NaN, NaN, NaN, NaN, NaN, NaN"
4.775510204081633,1.2244897959183674,"NaN, NaN, NaN, NaN, NaN, NaN","NaN, NaN, NaN, NaN, NaN, NaN","NaN, NaN, NaN, NaN, NaN, NaN"
4.775510204081633,1.3877551020408163,"NaN, NaN, NaN, NaN, NaN, NaN","NaN, NaN, NaN, NaN, NaN, NaN","NaN, NaN, NaN, NaN, NaN, NaN"
4.775510204081633,1.5510204081632653,"NaN, NaN, NaN, NaN, NaN, NaN","NaN, NaN, NaN, NaN, NaN, NaN","NaN, NaN, NaN, NaN, NaN, NaN"
4.775510204081633,1.7142857142857142,"NaN, NaN, NaN, NaN, NaN, NaN","NaN, NaN, NaN, NaN, NaN, NaN","NaN, NaN, NaN, NaN, NaN, NaN"
4.775510204081633,1.8775510204081634,"NaN, NaN, NaN, NaN, NaN, NaN","NaN, NaN, NaN, NaN, NaN, NaN","NaN, NaN, NaN, NaN, NaN, NaN"
4.775510204081633,2.0408163265306123,"NaN, NaN, NaN, NaN, NaN, NaN","NaN, NaN, NaN, NaN, NaN, NaN","NaN, NaN, NaN, NaN, NaN, NaN"
4.775510204081633,2.204081632653061,"NaN, NaN, NaN, NaN, NaN, NaN","NaN, NaN, NaN, NaN, NaN, NaN","NaN, NaN, NaN, NaN, NaN, NaN"
4.775510204081633,2.36734693877551,"NaN, NaN, NaN, NaN, NaN, NaN","NaN, NaN, NaN, NaN, NaN, NaN","NaN, NaN, NaN, NaN, NaN, NaN"
4.775510204081633,2.5306122448979593,"NaN, NaN, NaN, NaN, NaN, NaN","NaN, NaN, NaN, NaN, NaN, NaN","NaN, NaN, NaN, NaN, NaN, NaN"
4.775510204081633,2.693877551020408,"NaN, NaN, NaN, NaN, NaN, NaN","NaN, NaN, NaN, NaN, NaN, NaN","NaN, NaN, NaN, NaN, NaN, NaN"
4.775510204081633,2.857142857142857,"NaN, NaN, NaN, NaN, NaN, NaN","NaN, NaN, NaN, NaN, NaN, NaN","NaN, NaN, NaN, NaN, NaN, NaN"
4.775510204081633,3.020408163265306,"NaN, NaN, NaN, NaN, NaN, NaN","NaN, NaN, NaN, NaN, NaN, NaN","NaN, NaN, NaN, NaN, NaN, NaN"
4.775510204081633,3.183673469387755,"NaN, NaN, NaN, NaN, NaN, NaN","NaN, NaN, NaN, NaN, NaN, NaN","NaN, NaN, NaN, NaN, NaN, NaN"
4.775510204081633,3.3469387755102042,"NaN, NaN, NaN, NaN, NaN, NaN","NaN, NaN, NaN, NaN, NaN, NaN","NaN, NaN, NaN, NaN, NaN, NaN"
4.775510204081633,3.510204081632653,"NaN, NaN, NaN, NaN, NaN, NaN","NaN, NaN, NaN, NaN, NaN, NaN","NaN, NaN, NaN, NaN, NaN, NaN"
4.775510204081633,3.673469387755102,"NaN, NaN, NaN, NaN, NaN, NaN","NaN, NaN, NaN, NaN, NaN, NaN","NaN, NaN, NaN, NaN, NaN, NaN"
4.775510204081633,3.836734693877551,"NaN, NaN, NaN, NaN, NaN, NaN","NaN, NaN, NaN, NaN, NaN, NaN","NaN, NaN, NaN, NaN, NaN, NaN"
4.775510204081633,4.0,"NaN, NaN, NaN, NaN, NaN, NaN","NaN, NaN, NaN, NaN, NaN, NaN","NaN, NaN, NaN, NaN, NaN, NaN"
5.020408163265306,-4.0,"NaN, NaN, NaN, NaN, NaN, NaN","NaN, NaN, NaN, NaN, NaN, NaN","NaN, NaN, NaN, NaN, NaN, NaN"
5.020408163265306,-3.836734693877551,"NaN, NaN, NaN, NaN, NaN, NaN","NaN, NaN, NaN, NaN, NaN, NaN","NaN, NaN, NaN, NaN, NaN, NaN"
5.020408163265306,-3.673469387755102,"NaN, NaN, NaN, NaN, NaN, NaN","NaN, NaN, NaN, NaN, NaN, NaN","NaN, NaN, NaN, NaN, NaN, NaN"
5.020408163265306,-3.510204081632653,"NaN, NaN, NaN, NaN, NaN, NaN","NaN, NaN, NaN, NaN, NaN, NaN","NaN, NaN, NaN, NaN, NaN, NaN"
5.020408163265306,-3.3469387755102042,"NaN, NaN, NaN, NaN, NaN, NaN","NaN, NaN, NaN, NaN, NaN, NaN","NaN, NaN, NaN, NaN, NaN, NaN"
5.020408163265306,-3.183673469387755,"NaN, NaN, NaN, NaN, NaN, NaN","NaN, NaN, NaN, NaN, NaN, NaN","NaN, NaN, NaN, NaN, NaN, NaN"
5.020408163265306,-3.020408163265306,"NaN, NaN, NaN, NaN, NaN, NaN","NaN, NaN, NaN, NaN, NaN, NaN","NaN, NaN, NaN, NaN, NaN, NaN"
5.020408163265306,-2.857142857142857,"NaN, NaN, NaN, NaN, NaN, NaN","NaN, NaN, NaN, NaN, NaN, NaN","NaN, NaN, NaN, NaN, NaN, NaN"
5.020408163265306,-2.693877551020408,"NaN, NaN, NaN, NaN, NaN, NaN","NaN, NaN, NaN, NaN, NaN, NaN","NaN, NaN, NaN, NaN, NaN, NaN"
5.020408163265306,-2.5306122448979593,"NaN, NaN, NaN, NaN, NaN, NaN","NaN, NaN, NaN, NaN, NaN, NaN","NaN, NaN, NaN, NaN, NaN, NaN"
5.020408163265306,-2.36734693877551,"NaN, NaN, NaN, NaN, NaN, NaN","NaN, NaN, NaN, NaN, NaN, NaN","NaN, NaN, NaN, NaN, NaN, NaN"
5.020408163265306,-2.204081632653061,"NaN, NaN, NaN, NaN, NaN, NaN","NaN, NaN, NaN, NaN, NaN, NaN","NaN, NaN, NaN, NaN, NaN, NaN"
5.020408163265306,-2.0408163265306123,"NaN, NaN, NaN, NaN, NaN, NaN","NaN, NaN, NaN, NaN, NaN, NaN","NaN, NaN, NaN, NaN, NaN, NaN"
5.020408163265306,-1.8775510204081634,"NaN, NaN, NaN, NaN, NaN, NaN","NaN, NaN, NaN, NaN, NaN, NaN","NaN, NaN, NaN, NaN, NaN, NaN"
5.020408163265306,-1.7142857142857142,"NaN, NaN, NaN, NaN, NaN, NaN","NaN, NaN, NaN, NaN, NaN, NaN","NaN, NaN, NaN, NaN, NaN, NaN"
5.020408163265306,-1.5510204081632653,"NaN, NaN, NaN, NaN, NaN, NaN","NaN, NaN, NaN, NaN, NaN, NaN","NaN, NaN, NaN, NaN, NaN, NaN"
5.020408163265306,-1.3877551020408163,"NaN, NaN, NaN, NaN, NaN, NaN","NaN, NaN, NaN, NaN, NaN, NaN","NaN, NaN, NaN, NaN, NaN, NaN"
5.020408163265306,-1.2244897959183674,"NaN, NaN, NaN, NaN, NaN, NaN","NaN, NaN, NaN, NaN, NaN, NaN","NaN, NaN, NaN, NaN, NaN, NaN"
5.020408163265306,-1.0612244897959184,"NaN, NaN, NaN, NaN, NaN, NaN","NaN, NaN, NaN, NaN, NaN, NaN","NaN, NaN, NaN, NaN, NaN, NaN"
5.020408163265306,-0.8979591836734694,"NaN, NaN, NaN, NaN, NaN, NaN","NaN, NaN, NaN, NaN, NaN, NaN","NaN, NaN, NaN, NaN, NaN, NaN"
5.020408163265306,-0.7346938775510204,"NaN, NaN, NaN, NaN, NaN, NaN","NaN, NaN, NaN, NaN, NaN, NaN","NaN, NaN, NaN, NaN, NaN, NaN"
5.020408163265306,-0.5714285714285714,"NaN, NaN, NaN, NaN, NaN, NaN","NaN, NaN, NaN, NaN, NaN, NaN","NaN, NaN, NaN, NaN, NaN, NaN"
5.020408163265306,-0.40816326530612246,"NaN, NaN, NaN, NaN, NaN, NaN","NaN, NaN, NaN, NaN, NaN, NaN","NaN, NaN, NaN, NaN, NaN, NaN"
5.020408163265306,-0.24489795918367346,"NaN, NaN, NaN, NaN, NaN, NaN","NaN, NaN, NaN, NaN, NaN, NaN","NaN, NaN, NaN, NaN, NaN, NaN"
5.020408163265306,-0.08163265306122448,"NaN, NaN, NaN, NaN, NaN, NaN","NaN, NaN, NaN, NaN, NaN, NaN","NaN, NaN, NaN, NaN, NaN, NaN"
5.020408163265306,0.08163265306122448,"NaN, NaN, NaN, NaN, NaN, NaN","NaN, NaN, NaN, NaN, NaN, NaN","NaN, NaN, NaN, NaN, NaN, NaN"
5.020408163265306,0.24489795918367346,"NaN, NaN, NaN, NaN, NaN, NaN","NaN, NaN, NaN, NaN, NaN, NaN","NaN, NaN, NaN, NaN, NaN, NaN"
5.020408163265306,0.40816326530612246,"NaN, NaN, NaN, NaN, NaN, NaN","NaN, NaN, NaN, NaN, NaN, NaN","NaN, NaN, NaN, NaN, NaN, NaN"
5.020408163265306,0.5714285714285714,"NaN, NaN, NaN, NaN, NaN, NaN","NaN, NaN, NaN, NaN, NaN, NaN","NaN, NaN, NaN, NaN, NaN, NaN"
5.020408163265306,0.7346938775510204,"NaN, NaN, NaN, NaN, NaN, NaN","NaN, NaN, NaN, NaN, NaN, NaN","NaN, NaN, NaN, NaN, NaN, NaN"
5.020408163265306,0.8979591836734694,"NaN, NaN, NaN, NaN, NaN, NaN","NaN, NaN, NaN, NaN, NaN, NaN","NaN, NaN, NaN, NaN, NaN, NaN"
5.020408163265306,1.0612244897959184,"NaN, NaN, NaN, NaN, NaN, NaN","NaN, NaN, NaN, NaN, NaN, NaN","NaN, NaN, NaN, NaN, NaN, NaN"
5.020408163265306,1.2244897959183674,"NaN, NaN, NaN, NaN, NaN, NaN","NaN, NaN, NaN, NaN, NaN, NaN","NaN, NaN, NaN, NaN, NaN, NaN"
5.020408163265306,1.3877551020408163,"NaN, NaN, NaN, NaN, NaN, NaN","NaN, NaN, NaN, NaN, NaN, NaN","NaN, NaN, NaN, NaN, NaN, NaN"
5.020408163265306,1.5510204081632653,"NaN, NaN, NaN, NaN, NaN, NaN","NaN, NaN, NaN, NaN, NaN, NaN","NaN, NaN, NaN, NaN, NaN, NaN"
5.020408163265306,1.7142857142857142,"NaN, NaN, NaN, NaN, NaN, NaN","NaN, NaN, NaN, NaN, NaN, NaN","NaN, NaN, NaN, NaN, NaN, NaN"
5.020408163265306,1.8775510204081634,"NaN, NaN, NaN, NaN, NaN, NaN","NaN, NaN, NaN, NaN, NaN, NaN","NaN, NaN, NaN, NaN, NaN, NaN"
5.020408163265306,2.0408163265306123,"NaN, NaN, NaN, NaN, NaN, NaN","NaN, NaN, NaN, NaN, NaN, NaN","NaN, NaN, NaN, NaN, NaN, NaN"
5.020408163265306,2.204081632653061,"NaN, NaN, NaN, NaN, NaN, NaN","NaN, NaN, NaN, NaN, NaN, NaN","NaN, NaN, NaN, NaN, NaN, NaN"
5.020408163265306,2.36734693877551,"NaN, NaN, NaN, NaN, NaN, NaN","NaN, NaN, NaN, NaN, NaN, NaN","NaN, NaN, NaN, NaN, NaN, NaN"
5.020408163265306,2.5306122448979593,"NaN, NaN, NaN, NaN, NaN, NaN","NaN, NaN, NaN, NaN, NaN, NaN","NaN, NaN, NaN, NaN, NaN, NaN"
5.020408163265306,2.693877551020408,"NaN, NaN, NaN, NaN, NaN, NaN","NaN, NaN, NaN, NaN, NaN, NaN","NaN, NaN, NaN, NaN, NaN, NaN"
5.020408163265306,2.857142857142857,"NaN, NaN, NaN, NaN, NaN, NaN","NaN, NaN, NaN, NaN, NaN, NaN","NaN, NaN, NaN, NaN, NaN, NaN"
5.020408163265306,3.020408163265306,"NaN, NaN, NaN, NaN, NaN, NaN","NaN, NaN, NaN, NaN, NaN, NaN","NaN, NaN, NaN, NaN, NaN, NaN"
5.020408163265306,3.183673469387755,"NaN, NaN, NaN, NaN, NaN, NaN","NaN, NaN, NaN, NaN, NaN, NaN","NaN, NaN, NaN, NaN, NaN, NaN"
5.020408163265306,3.3469387755102042,"NaN, NaN, NaN, NaN, NaN, NaN","NaN, NaN, NaN, NaN, NaN, NaN","NaN, NaN, NaN, NaN, NaN, NaN"
5.020408163265306,3.510204081632653,"NaN, NaN, NaN, NaN, NaN, NaN","NaN, NaN, NaN, NaN, NaN, NaN","NaN, NaN, NaN, NaN, NaN, NaN"
5.020408163265306,3.673469387755102,"NaN, NaN, NaN, NaN, NaN, NaN","NaN, NaN, NaN, NaN, NaN, NaN","NaN, NaN, NaN, NaN, NaN, NaN"
5.020408163265306,3.836734693877551,"NaN, NaN, NaN, NaN, NaN, NaN","NaN, NaN, NaN, NaN, NaN, NaN","NaN, NaN, NaN, NaN, NaN, NaN"
5.020408163265306,4.0,"NaN, NaN, NaN, NaN, NaN, NaN","NaN, NaN, NaN, NaN, NaN, NaN","NaN, NaN, NaN, NaN, NaN, NaN"
5.26530612244898,-4.0,"NaN, NaN, NaN, NaN, NaN, NaN","NaN, NaN, NaN, NaN, NaN, NaN","NaN, NaN, NaN, NaN, NaN, NaN"
5.26530612244898,-3.836734693877551,"NaN, NaN, NaN, NaN, NaN, NaN","NaN, NaN, NaN, NaN, NaN, NaN","NaN, NaN, NaN, NaN, NaN, NaN"
5.26530612244898,-3.673469387755102,"NaN, NaN, NaN, NaN, NaN, NaN","NaN, NaN, NaN, NaN, NaN, NaN","NaN, NaN, NaN, NaN, NaN, NaN"
5.26530612244898,-3.510204081632653,"NaN, NaN, NaN, NaN, NaN, NaN","NaN, NaN, NaN, NaN, NaN, NaN","NaN, NaN, NaN, NaN, NaN, NaN"
5.26530612244898,-3.3469387755102042,"NaN, NaN, NaN, NaN, NaN, NaN","NaN, NaN, NaN, NaN, NaN, NaN","NaN, NaN, NaN, NaN, NaN, NaN"
5.26530612244898,-3.183673469387755,"NaN, NaN, NaN, NaN, NaN, NaN","NaN, NaN, NaN, NaN, NaN, NaN","NaN, NaN, NaN, NaN, NaN, NaN"
5.26530612244898,-3.020408163265306,"NaN, NaN, NaN, NaN, NaN, NaN","NaN, NaN, NaN, NaN, NaN, NaN","NaN, NaN, NaN, NaN, NaN, NaN"
5.26530612244898,-2.857142857142857,"NaN, NaN, NaN, NaN, NaN, NaN","NaN, NaN, NaN, NaN, NaN, NaN","NaN, NaN, NaN, NaN, NaN, NaN"
5.26530612244898,-2.693877551020408,"NaN, NaN, NaN, NaN, NaN, NaN","NaN, NaN, NaN, NaN, NaN, NaN","NaN, NaN, NaN, NaN, NaN, NaN"
5.26530612244898,-2.5306122448979593,"NaN, NaN, NaN, NaN, NaN, NaN","NaN, NaN, NaN, NaN, NaN, NaN","NaN, NaN, NaN, NaN, NaN, NaN"
5.26530612244898,-2.36734693877551,"NaN, NaN, NaN, NaN, NaN, NaN","NaN, NaN, NaN, NaN, NaN, NaN","NaN, NaN, NaN, NaN, NaN, NaN"
5.26530612244898,-2.204081632653061,"NaN, NaN, NaN, NaN, NaN, NaN","NaN, NaN, NaN, NaN, NaN, NaN","NaN, NaN, NaN, NaN, NaN, NaN"
5.26530612244898,-2.0408163265306123,"NaN, NaN, NaN, NaN, NaN, NaN","NaN, NaN, NaN, NaN, NaN, NaN","NaN, NaN, NaN, NaN, NaN, NaN"
5.26530612244898,-1.8775510204081634,"NaN, NaN, NaN, NaN, NaN, NaN","NaN, NaN, NaN, NaN, NaN, NaN","NaN, NaN, NaN, NaN, NaN, NaN"
5.26530612244898,-1.7142857142857142,"NaN, NaN, NaN, NaN, NaN, NaN","NaN, NaN, NaN, NaN, NaN, NaN","NaN, NaN, NaN, NaN, NaN, NaN"
5.26530612244898,-1.5510204081632653,"NaN, NaN, NaN, NaN, NaN, NaN","NaN, NaN, NaN, NaN, NaN, NaN","NaN, NaN, NaN, NaN, NaN, NaN"
5.26530612244898,-1.3877551020408163,"NaN, NaN, NaN, NaN, NaN, NaN","NaN, NaN, NaN, NaN, NaN, NaN","NaN, NaN, NaN, NaN, NaN, NaN"
5.26530612244898,-1.2244897959183674,"NaN, NaN, NaN, NaN, NaN, NaN","NaN, NaN, NaN, NaN, NaN, NaN","NaN, NaN, NaN, NaN, NaN, NaN"
5.26530612244898,-1.0612244897959184,"NaN, NaN, NaN, NaN, NaN, NaN","NaN, NaN, NaN, NaN, NaN, NaN","NaN, NaN, NaN, NaN, NaN, NaN"
5.26530612244898,-0.8979591836734694,"NaN, NaN, NaN, NaN, NaN, NaN","NaN, NaN, NaN, NaN, NaN, NaN","NaN, NaN, NaN, NaN, NaN, NaN"
5.26530612244898,-0.7346938775510204,"NaN, NaN, NaN, NaN, NaN, NaN","NaN, NaN, NaN, NaN, NaN, NaN","NaN, NaN, NaN, NaN, NaN, NaN"
5.26530612244898,-0.5714285714285714,"NaN, NaN, NaN, NaN, NaN, NaN","NaN, NaN, NaN, NaN, NaN, NaN","NaN, NaN, NaN, NaN, NaN, NaN"
5.26530612244898,-0.40816326530612246,"NaN, NaN, NaN, NaN, NaN, NaN","NaN, NaN, NaN, NaN, NaN, NaN","NaN, NaN, NaN, NaN, NaN, NaN"
5.26530612244898,-0.24489795918367346,"NaN, NaN, NaN, NaN, NaN, NaN","NaN, NaN, NaN, NaN, NaN, NaN","NaN, NaN, NaN, NaN, NaN, NaN"
5.26530612244898,-0.08163265306122448,"NaN, NaN, NaN, NaN, NaN, NaN","NaN, NaN, NaN, NaN, NaN, NaN","NaN, NaN, NaN, NaN, NaN, NaN"
5.26530612244898,0.08163265306122448,"NaN, NaN, NaN, NaN, NaN, NaN","NaN, NaN, NaN, NaN, NaN, NaN","NaN, NaN, NaN, NaN, NaN, NaN"
5.26530612244898,0.24489795918367346,"NaN, NaN, NaN, NaN, NaN, NaN","NaN, NaN, NaN, NaN, NaN, NaN","NaN, NaN, NaN, NaN, NaN, NaN"
5.26530612244898,0.40816326530612246,"NaN, NaN, NaN, NaN, NaN, NaN","NaN, NaN, NaN, NaN, NaN, NaN","NaN, NaN, NaN, NaN, NaN, NaN"
5.26530612244898,0.5714285714285714,"NaN, NaN, NaN, NaN, NaN, NaN","NaN, NaN, NaN, NaN, NaN, NaN","NaN, NaN, NaN, NaN, NaN, NaN"
5.26530612244898,0.7346938775510204,"NaN, NaN, NaN, NaN, NaN, NaN","NaN, NaN, NaN, NaN, NaN, NaN","NaN, NaN, NaN, NaN, NaN, NaN"
5.26530612244898,0.8979591836734694,"NaN, NaN, NaN, NaN, NaN, NaN","NaN, NaN, NaN, NaN, NaN, NaN","NaN, NaN, NaN, NaN, NaN, NaN"
5.26530612244898,1.0612244897959184,"NaN, NaN, NaN, NaN, NaN, NaN","NaN, NaN, NaN, NaN, NaN, NaN","NaN, NaN, NaN, NaN, NaN, NaN"
5.26530612244898,1.2244897959183674,"NaN, NaN, NaN, NaN, NaN, NaN","NaN, NaN, NaN, NaN, NaN, NaN","NaN, NaN, NaN, NaN, NaN, NaN"
5.26530612244898,1.3877551020408163,"NaN, NaN, NaN, NaN, NaN, NaN","NaN, NaN, NaN, NaN, NaN, NaN","NaN, NaN, NaN, NaN, NaN, NaN"
5.26530612244898,1.5510204081632653,"NaN, NaN, NaN, NaN, NaN, NaN","NaN, NaN, NaN, NaN, NaN, NaN","NaN, NaN, NaN, NaN, NaN, NaN"
5.26530612244898,1.7142857142857142,"NaN, NaN, NaN, NaN, NaN, NaN","NaN, NaN, NaN, NaN, NaN, NaN","NaN, NaN, NaN, NaN, NaN, NaN"
5.26530612244898,1.8775510204081634,"NaN, NaN, NaN, NaN, NaN, NaN","NaN, NaN, NaN, NaN, NaN, NaN","NaN, NaN, NaN, NaN, NaN, NaN"
5.26530612244898,2.0408163265306123,"NaN, NaN, NaN, NaN, NaN, NaN","NaN, NaN, NaN, NaN, NaN, NaN","NaN, NaN, NaN, NaN, NaN, NaN"
5.26530612244898,2.204081632653061,"NaN, NaN, NaN, NaN, NaN, NaN","NaN, NaN, NaN, NaN, NaN, NaN","NaN, NaN, NaN, NaN, NaN, NaN"
5.26530612244898,2.36734693877551,"NaN, NaN, NaN, NaN, NaN, NaN","NaN, NaN, NaN, NaN, NaN, NaN","NaN, NaN, NaN, NaN, NaN, NaN"
5.26530612244898,2.5306122448979593,"NaN, NaN, NaN, NaN, NaN, NaN","NaN, NaN, NaN, NaN, NaN, NaN","NaN, NaN, NaN, NaN, NaN, NaN"
5.26530612244898,2.693877551020408,"NaN, NaN, NaN, NaN, NaN, NaN","NaN, NaN, NaN, NaN, NaN, NaN","NaN, NaN, NaN, NaN, NaN, NaN"
5.26530612244898,2.857142857142857,"NaN, NaN, NaN, NaN, NaN, NaN","NaN, NaN, NaN, NaN, NaN, NaN","NaN, NaN, NaN, NaN, NaN, NaN"
5.26530612244898,3.020408163265306,"NaN, NaN, NaN, NaN, NaN, NaN","NaN, NaN, NaN, NaN, NaN, NaN","NaN, NaN, NaN, NaN, NaN, NaN"
5.26530612244898,3.183673469387755,"NaN, NaN, NaN, NaN, NaN, NaN","NaN, NaN, NaN, NaN, NaN, NaN","NaN, NaN, NaN, NaN, NaN, NaN"
5.26530612244898,3.3469387755102042,"NaN, NaN, NaN, NaN, NaN, NaN","NaN, NaN, NaN, NaN, NaN, NaN","NaN, NaN, NaN, NaN, NaN, NaN"
5.26530612244898,3.510204081632653,"NaN, NaN, NaN, NaN, NaN, NaN","NaN, NaN, NaN, NaN, NaN, NaN","NaN, NaN, NaN, NaN, NaN, NaN"
5.26530612244898,3.673469387755102,"NaN, NaN, NaN, NaN, NaN, NaN","NaN, NaN, NaN, NaN, NaN, NaN","NaN, NaN, NaN, NaN, NaN, NaN"
5.26530612244898,3.836734693877551,"NaN, NaN, NaN, NaN, NaN, NaN","NaN, NaN, NaN, NaN, NaN, NaN","NaN, NaN, NaN, NaN, NaN, NaN"
5.26530612244898,4.0,"NaN, NaN, NaN, NaN, NaN, NaN","NaN, NaN, NaN, NaN, NaN, NaN","NaN, NaN, NaN, NaN, NaN, NaN"
5.510204081632653,-4.0,"NaN, NaN, NaN, NaN, NaN, NaN","NaN, NaN, NaN, NaN, NaN, NaN","NaN, NaN, NaN, NaN, NaN, NaN"
5.510204081632653,-3.836734693877551,"NaN, NaN, NaN, NaN, NaN, NaN","NaN, NaN, NaN, NaN, NaN, NaN","NaN, NaN, NaN, NaN, NaN, NaN"
5.510204081632653,-3.673469387755102,"NaN, NaN, NaN, NaN, NaN, NaN","NaN, NaN, NaN, NaN, NaN, NaN","NaN, NaN, NaN, NaN, NaN, NaN"
5.510204081632653,-3.510204081632653,"NaN, NaN, NaN, NaN, NaN, NaN","NaN, NaN, NaN, NaN, NaN, NaN","NaN, NaN, NaN, NaN, NaN, NaN"
5.510204081632653,-3.3469387755102042,"NaN, NaN, NaN, NaN, NaN, NaN","NaN, NaN, NaN, NaN, NaN, NaN","NaN, NaN, NaN, NaN, NaN, NaN"
5.510204081632653,-3.183673469387755,"NaN, NaN, NaN, NaN, NaN, NaN","NaN, NaN, NaN, NaN, NaN, NaN","NaN, NaN, NaN, NaN, NaN, NaN"
5.510204081632653,-3.020408163265306,"NaN, NaN, NaN, NaN, NaN, NaN","NaN, NaN, NaN, NaN, NaN, NaN","NaN, NaN, NaN, NaN, NaN, NaN"
5.510204081632653,-2.857142857142857,"NaN, NaN, NaN, NaN, NaN, NaN","NaN, NaN, NaN, NaN, NaN, NaN","NaN, NaN, NaN, NaN, NaN, NaN"
5.510204081632653,-2.693877551020408,"NaN, NaN, NaN, NaN, NaN, NaN","NaN, NaN, NaN, NaN, NaN, NaN","NaN, NaN, NaN, NaN, NaN, NaN"
5.510204081632653,-2.5306122448979593,"NaN, NaN, NaN, NaN, NaN, NaN","NaN, NaN, NaN, NaN, NaN, NaN","NaN, NaN, NaN, NaN, NaN, NaN"
5.510204081632653,-2.36734693877551,"NaN, NaN, NaN, NaN, NaN, NaN","NaN, NaN, NaN, NaN, NaN, NaN","NaN, NaN, NaN, NaN, NaN, NaN"
5.510204081632653,-2.204081632653061,"NaN, NaN, NaN, NaN, NaN, NaN","NaN, NaN, NaN, NaN, NaN, NaN","NaN, NaN, NaN, NaN, NaN, NaN"
5.510204081632653,-2.0408163265306123,"NaN, NaN, NaN, NaN, NaN, NaN","NaN, NaN, NaN, NaN, NaN, NaN","NaN, NaN, NaN, NaN, NaN, NaN"
5.510204081632653,-1.8775510204081634,"NaN, NaN, NaN, NaN, NaN, NaN","NaN, NaN, NaN, NaN, NaN, NaN","NaN, NaN, NaN, NaN, NaN, NaN"
5.510204081632653,-1.7142857142857142,"NaN, NaN, NaN, NaN, NaN, NaN","NaN, NaN, NaN, NaN, NaN, NaN","NaN, NaN, NaN, NaN, NaN, NaN"
5.510204081632653,-1.5510204081632653,"NaN, NaN, NaN, NaN, NaN, NaN","NaN, NaN, NaN, NaN, NaN, NaN","NaN, NaN, NaN, NaN, NaN, NaN"
5.510204081632653,-1.3877551020408163,"NaN, NaN, NaN, NaN, NaN, NaN","NaN, NaN, NaN, NaN, NaN, NaN","NaN, NaN, NaN, NaN, NaN, NaN"
5.510204081632653,-1.2244897959183674,"NaN, NaN, NaN, NaN, NaN, NaN","NaN, NaN, NaN, NaN, NaN, NaN","NaN, NaN, NaN, NaN, NaN, NaN"
5.510204081632653,-1.0612244897959184,"NaN, NaN, NaN, NaN, NaN, NaN","NaN, NaN, NaN, NaN, NaN, NaN","NaN, NaN, NaN, NaN, NaN, NaN"
5.510204081632653,-0.8979591836734694,"NaN, NaN, NaN, NaN, NaN, NaN","NaN, NaN, NaN, NaN, NaN, NaN","NaN, NaN, NaN, NaN, NaN, NaN"
5.510204081632653,-0.7346938775510204,"NaN, NaN, NaN, NaN, NaN, NaN","NaN, NaN, NaN, NaN, NaN, NaN","NaN, NaN, NaN, NaN, NaN, NaN"
5.510204081632653,-0.5714285714285714,"NaN, NaN, NaN, NaN, NaN, NaN","NaN, NaN, NaN, NaN, NaN, NaN","NaN, NaN, NaN, NaN, NaN, NaN"
5.510204081632653,-0.40816326530612246,"NaN, NaN, NaN, NaN, NaN, NaN","NaN, NaN, NaN, NaN, NaN, NaN","NaN, NaN, NaN, NaN, NaN, NaN"
5.510204081632653,-0.24489795918367346,"NaN, NaN, NaN, NaN, NaN, NaN","NaN, NaN, NaN, NaN, NaN, NaN","NaN, NaN, NaN, NaN, NaN, NaN"
5.510204081632653,-0.08163265306122448,"NaN, NaN, NaN, NaN, NaN, NaN","NaN, NaN, NaN, NaN, NaN, NaN","NaN, NaN, NaN, NaN, NaN, NaN"
5.510204081632653,0.08163265306122448,"NaN, NaN, NaN, NaN, NaN, NaN","NaN, NaN, NaN, NaN, NaN, NaN","NaN, NaN, NaN, NaN, NaN, NaN"
5.510204081632653,0.24489795918367346,"NaN, NaN, NaN, NaN, NaN, NaN","NaN, NaN, NaN, NaN, NaN, NaN","NaN, NaN, NaN, NaN, NaN, NaN"
5.510204081632653,0.40816326530612246,"NaN, NaN, NaN, NaN, NaN, NaN","NaN, NaN, NaN, NaN, NaN, NaN","NaN, NaN, NaN, NaN, NaN, NaN"
5.510204081632653,0.5714285714285714,"NaN, NaN, NaN, NaN, NaN, NaN","NaN, NaN, NaN, NaN, NaN, NaN","NaN, NaN, NaN, NaN, NaN, NaN"
5.510204081632653,0.7346938775510204,"NaN, NaN, NaN, NaN, NaN, NaN","NaN, NaN, NaN, NaN, NaN, NaN","NaN, NaN, NaN, NaN, NaN, NaN"
5.510204081632653,0.8979591836734694,"NaN, NaN, NaN, NaN, NaN, NaN","NaN, NaN, NaN, NaN, NaN, NaN","NaN, NaN, NaN, NaN, NaN, NaN"
5.510204081632653,1.0612244897959184,"NaN, NaN, NaN, NaN, NaN, NaN","NaN, NaN, NaN, NaN, NaN, NaN","NaN, NaN, NaN, NaN, NaN, NaN"
5.510204081632653,1.2244897959183674,"NaN, NaN, NaN, NaN, NaN, NaN","NaN, NaN, NaN, NaN, NaN, NaN","NaN, NaN, NaN, NaN, NaN, NaN"
5.510204081632653,1.3877551020408163,"NaN, NaN, NaN, NaN, NaN, NaN","NaN, NaN, NaN, NaN, NaN, NaN","NaN, NaN, NaN, NaN, NaN, NaN"
5.510204081632653,1.5510204081632653,"NaN, NaN, NaN, NaN, NaN, NaN","NaN, NaN, NaN, NaN, NaN, NaN","NaN, NaN, NaN, NaN, NaN, NaN"
5.510204081632653,1.7142857142857142,"NaN, NaN, NaN, NaN, NaN, NaN","NaN, NaN, NaN, NaN, NaN, NaN","NaN, NaN, NaN, NaN, NaN, NaN"
5.510204081632653,1.8775510204081634,"NaN, NaN, NaN, NaN, NaN, NaN","NaN, NaN, NaN, NaN, NaN, NaN","NaN, NaN, NaN, NaN, NaN, NaN"
5.510204081632653,2.0408163265306123,"NaN, NaN, NaN, NaN, NaN, NaN","NaN, NaN, NaN, NaN, NaN, NaN","NaN, NaN, NaN, NaN, NaN, NaN"
5.510204081632653,2.204081632653061,"NaN, NaN, NaN, NaN, NaN, NaN","NaN, NaN, NaN, NaN, NaN, NaN","NaN, NaN, NaN, NaN, NaN, NaN"
5.510204081632653,2.36734693877551,"NaN, NaN, NaN, NaN, NaN, NaN","NaN, NaN, NaN, NaN, NaN, NaN","NaN, NaN, NaN, NaN, NaN, NaN"
5.510204081632653,2.5306122448979593,"NaN, NaN, NaN, NaN, NaN, NaN","NaN, NaN, NaN, NaN, NaN, NaN","NaN, NaN, NaN, NaN, NaN, NaN"
5.510204081632653,2.693877551020408,"NaN, NaN, NaN, NaN, NaN, NaN","NaN, NaN, NaN, NaN, NaN, NaN","NaN, NaN, NaN, NaN, NaN, NaN"
5.510204081632653,2.857142857142857,"NaN, NaN, NaN, NaN, NaN, NaN","NaN, NaN, NaN, NaN, NaN, NaN","NaN, NaN, NaN, NaN, NaN, NaN"
5.510204081632653,3.020408163265306,"NaN, NaN, NaN, NaN, NaN, NaN","NaN, NaN, NaN, NaN, NaN, NaN","NaN, NaN, NaN, NaN, NaN, NaN"
5.510204081632653,3.183673469387755,"NaN, NaN, NaN, NaN, NaN, NaN","NaN, NaN, NaN, NaN, NaN, NaN","NaN, NaN, NaN, NaN, NaN, NaN"
5.510204081632653,3.3469387755102042,"NaN, NaN, NaN, NaN, NaN, NaN","NaN, NaN, NaN, NaN, NaN, NaN","NaN, NaN, NaN, NaN, NaN, NaN"
5.510204081632653,3.510204081632653,"NaN, NaN, NaN, NaN, NaN, NaN","NaN, NaN, NaN, NaN, NaN, NaN","NaN, NaN, NaN, NaN, NaN, NaN"
5.510204081632653,3.673469387755102,"NaN, NaN, NaN, NaN, NaN, NaN","NaN, NaN, NaN, NaN, NaN, NaN","NaN, NaN, NaN, NaN, NaN, NaN"
5.510204081632653,3.836734693877551,"NaN, NaN, NaN, NaN, NaN, NaN","NaN, NaN, NaN, NaN, NaN, NaN","NaN, NaN, NaN, NaN, NaN, NaN"
5.510204081632653,4.0,"NaN, NaN, NaN, NaN, NaN, NaN","NaN, NaN, NaN, NaN, NaN, NaN","NaN, NaN, NaN, NaN, NaN, NaN"
5.755102040816326,-4.0,"NaN, NaN, NaN, NaN, NaN, NaN","NaN, NaN, NaN, NaN, NaN, NaN","NaN, NaN, NaN, NaN, NaN, NaN"
5.755102040816326,-3.836734693877551,"NaN, NaN, NaN, NaN, NaN, NaN","NaN, NaN, NaN, NaN, NaN, NaN","NaN, NaN, NaN, NaN, NaN, NaN"
5.755102040816326,-3.673469387755102,"NaN, NaN, NaN, NaN, NaN, NaN","NaN, NaN, NaN, NaN, NaN, NaN","NaN, NaN, NaN, NaN, NaN, NaN"
5.755102040816326,-3.510204081632653,"NaN, NaN, NaN, NaN, NaN, NaN","NaN, NaN, NaN, NaN, NaN, NaN","NaN, NaN, NaN, NaN, NaN, NaN"
5.755102040816326,-3.3469387755102042,"NaN, NaN, NaN, NaN, NaN, NaN","NaN, NaN, NaN, NaN, NaN, NaN","NaN, NaN, NaN, NaN, NaN, NaN"
5.755102040816326,-3.183673469387755,"NaN, NaN, NaN, NaN, NaN, NaN","NaN, NaN, NaN, NaN, NaN, NaN","NaN, NaN, NaN, NaN, NaN, NaN"
5.755102040816326,-3.020408163265306,"NaN, NaN, NaN, NaN, NaN, NaN","NaN, NaN, NaN, NaN, NaN, NaN","NaN, NaN, NaN, NaN, NaN, NaN"
5.755102040816326,-2.857142857142857,"NaN, NaN, NaN, NaN, NaN, NaN","NaN, NaN, NaN, NaN, NaN, NaN","NaN, NaN, NaN, NaN, NaN, NaN"
5.755102040816326,-2.693877551020408,"NaN, NaN, NaN, NaN, NaN, NaN","NaN, NaN, NaN, NaN, NaN, NaN","NaN, NaN, NaN, NaN, NaN, NaN"
5.755102040816326,-2.5306122448979593,"NaN, NaN, NaN, NaN, NaN, NaN","NaN, NaN, NaN, NaN, NaN, NaN","NaN, NaN, NaN, NaN, NaN, NaN"
5.755102040816326,-2.36734693877551,"NaN, NaN, NaN, NaN, NaN, NaN","NaN, NaN, NaN, NaN, NaN, NaN","NaN, NaN, NaN, NaN, NaN, NaN"
5.755102040816326,-2.204081632653061,"NaN, NaN, NaN, NaN, NaN, NaN","NaN, NaN, NaN, NaN, NaN, NaN","NaN, NaN, NaN, NaN, NaN, NaN"
5.755102040816326,-2.0408163265306123,"NaN, NaN, NaN, NaN, NaN, NaN","NaN, NaN, NaN, NaN, NaN, NaN","NaN, NaN, NaN, NaN, NaN, NaN"
5.755102040816326,-1.8775510204081634,"NaN, NaN, NaN, NaN, NaN, NaN","NaN, NaN, NaN, NaN, NaN, NaN","NaN, NaN, NaN, NaN, NaN, NaN"
5.755102040816326,-1.7142857142857142,"NaN, NaN, NaN, NaN, NaN, NaN","NaN, NaN, NaN, NaN, NaN, NaN","NaN, NaN, NaN, NaN, NaN, NaN"
5.755102040816326,-1.5510204081632653,"NaN, NaN, NaN, NaN, NaN, NaN","NaN, NaN, NaN, NaN, NaN, NaN","NaN, NaN, NaN, NaN, NaN, NaN"
5.755102040816326,-1.3877551020408163,"NaN, NaN, NaN, NaN, NaN, NaN","NaN, NaN, NaN, NaN, NaN, NaN","NaN, NaN, NaN, NaN, NaN, NaN"
5.755102040816326,-1.2244897959183674,"NaN, NaN, NaN, NaN, NaN, NaN","NaN, NaN, NaN, NaN, NaN, NaN","NaN, NaN, NaN, NaN, NaN, NaN"
5.755102040816326,-1.0612244897959184,"NaN, NaN, NaN, NaN, NaN, NaN","NaN, NaN, NaN, NaN, NaN, NaN","NaN, NaN, NaN, NaN, NaN, NaN"
5.755102040816326,-0.8979591836734694,"NaN, NaN, NaN, NaN, NaN, NaN","NaN, NaN, NaN, NaN, NaN, NaN","NaN, NaN, NaN, NaN, NaN, NaN"
5.755102040816326,-0.7346938775510204,"NaN, NaN, NaN, NaN, NaN, NaN","NaN, NaN, NaN, NaN, NaN, NaN","NaN, NaN, NaN, NaN, NaN, NaN"
5.755102040816326,-0.5714285714285714,"NaN, NaN, NaN, NaN, NaN, NaN","NaN, NaN, NaN, NaN, NaN, NaN","NaN, NaN, NaN, NaN, NaN, NaN"
5.755102040816326,-0.40816326530612246,"NaN, NaN, NaN, NaN, NaN, NaN","NaN, NaN, NaN, NaN, NaN, NaN","NaN, NaN, NaN, NaN, NaN, NaN"
5.755102040816326,-0.24489795918367346,"NaN, NaN, NaN, NaN, NaN, NaN","NaN, NaN, NaN, NaN, NaN, NaN","NaN, NaN, NaN, NaN, NaN, NaN"
5.755102040816326,-0.08163265306122448,"NaN, NaN, NaN, NaN, NaN, NaN","NaN, NaN, NaN, NaN, NaN, NaN","NaN, NaN, NaN, NaN, NaN, NaN"
5.755102040816326,0.08163265306122448,"NaN, NaN, NaN, NaN, NaN, NaN","NaN, NaN, NaN, NaN, NaN, NaN","NaN, NaN, NaN, NaN, NaN, NaN"
5.755102040816326,0.24489795918367346,"NaN, NaN, NaN, NaN, NaN, NaN","NaN, NaN, NaN, NaN, NaN, NaN","NaN, NaN, NaN, NaN, NaN, NaN"
5.755102040816326,0.40816326530612246,"NaN, NaN, NaN, NaN, NaN, NaN","NaN, NaN, NaN, NaN, NaN, NaN","NaN, NaN, NaN, NaN, NaN, NaN"
5.755102040816326,0.5714285714285714,"NaN, NaN, NaN, NaN, NaN, NaN","NaN, NaN, NaN, NaN, NaN, NaN","NaN, NaN, NaN, NaN, NaN, NaN"
5.755102040816326,0.7346938775510204,"NaN, NaN, NaN, NaN, NaN, NaN","NaN, NaN, NaN, NaN, NaN, NaN","NaN, NaN, NaN, NaN, NaN, NaN"
5.755102040816326,0.8979591836734694,"NaN, NaN, NaN, NaN, NaN, NaN","NaN, NaN, NaN, NaN, NaN, NaN","NaN, NaN, NaN, NaN, NaN, NaN"
5.755102040816326,1.0612244897959184,"NaN, NaN, NaN, NaN, NaN, NaN","NaN, NaN, NaN, NaN, NaN, NaN","NaN, NaN, NaN, NaN, NaN, NaN"
5.755102040816326,1.2244897959183674,"NaN, NaN, NaN, NaN, NaN, NaN","NaN, NaN, NaN, NaN, NaN, NaN","NaN, NaN, NaN, NaN, NaN, NaN"
5.755102040816326,1.3877551020408163,"NaN, NaN, NaN, NaN, NaN, NaN","NaN, NaN, NaN, NaN, NaN, NaN","NaN, NaN, NaN, NaN, NaN, NaN"
5.755102040816326,1.5510204081632653,"NaN, NaN, NaN, NaN, NaN, NaN","NaN, NaN, NaN, NaN, NaN, NaN","NaN, NaN, NaN, NaN, NaN, NaN"
5.755102040816326,1.7142857142857142,"NaN, NaN, NaN, NaN, NaN, NaN","NaN, NaN, NaN, NaN, NaN, NaN","NaN, NaN, NaN, NaN, NaN, NaN"
5.755102040816326,1.8775510204081634,"NaN, NaN, NaN, NaN, NaN, NaN","NaN, NaN, NaN, NaN, NaN, NaN","NaN, NaN, NaN, NaN, NaN, NaN"
5.755102040816326,2.0408163265306123,"NaN, NaN, NaN, NaN, NaN, NaN","NaN, NaN, NaN, NaN, NaN, NaN","NaN, NaN, NaN, NaN, NaN, NaN"
5.755102040816326,2.204081632653061,"NaN, NaN, NaN, NaN, NaN, NaN","NaN, NaN, NaN, NaN, NaN, NaN","NaN, NaN, NaN, NaN, NaN, NaN"
5.755102040816326,2.36734693877551,"NaN, NaN, NaN, NaN, NaN, NaN","NaN, NaN, NaN, NaN, NaN, NaN","NaN, NaN, NaN, NaN, NaN, NaN"
5.755102040816326,2.5306122448979593,"NaN, NaN, NaN, NaN, NaN, NaN","NaN, NaN, NaN, NaN, NaN, NaN","NaN, NaN, NaN, NaN, NaN, NaN"
5.755102040816326,2.693877551020408,"NaN, NaN, NaN, NaN, NaN, NaN","NaN, NaN, NaN, NaN, NaN, NaN","NaN, NaN, NaN, NaN, NaN, NaN"
5.755102040816326,2.857142857142857,"NaN, NaN, NaN, NaN, NaN, NaN","NaN, NaN, NaN, NaN, NaN, NaN","NaN, NaN, NaN, NaN, NaN, NaN"
5.755102040816326,3.020408163265306,"NaN, NaN, NaN, NaN, NaN, NaN","NaN, NaN, NaN, NaN, NaN, NaN","NaN, NaN, NaN, NaN, NaN, NaN"
5.755102040816326,3.183673469387755,"NaN, NaN, NaN, NaN, NaN, NaN","NaN, NaN, NaN, NaN, NaN, NaN","NaN, NaN, NaN, NaN, NaN, NaN"
5.755102040816326,3.3469387755102042,"NaN, NaN, NaN, NaN, NaN, NaN","NaN, NaN, NaN, NaN, NaN, NaN","NaN, NaN, NaN, NaN, NaN, NaN"
5.755102040816326,3.510204081632653,"NaN, NaN, NaN, NaN, NaN, NaN","NaN, NaN, NaN, NaN, NaN, NaN","NaN, NaN, NaN, NaN, NaN, NaN"
5.755102040816326,3.673469387755102,"NaN, NaN, NaN, NaN, NaN, NaN","NaN, NaN, NaN, NaN, NaN, NaN","NaN, NaN, NaN, NaN, NaN, NaN"
5.755102040816326,3.836734693877551,"NaN, NaN, NaN, NaN, NaN, NaN","NaN, NaN, NaN, NaN, NaN, NaN","NaN, NaN, NaN, NaN, NaN, NaN"
5.755102040816326,4.0,"NaN, NaN, NaN, NaN, NaN, NaN","NaN, NaN, NaN, NaN, NaN, NaN","NaN, NaN, NaN, NaN, NaN, NaN"
6.0,-4.0,"NaN, NaN, NaN, NaN, NaN, NaN","NaN, NaN, NaN, NaN, NaN, NaN","NaN, NaN, NaN, NaN, NaN, NaN"
6.0,-3.836734693877551,"NaN, NaN, NaN, NaN, NaN, NaN","NaN, NaN, NaN, NaN, NaN, NaN","NaN, NaN, NaN, NaN, NaN, NaN"
6.0,-3.673469387755102,"NaN, NaN, NaN, NaN, NaN, NaN","NaN, NaN, NaN, NaN, NaN, NaN","NaN, NaN, NaN, NaN, NaN, NaN"
6.0,-3.510204081632653,"NaN, NaN, NaN, NaN, NaN, NaN","NaN, NaN, NaN, NaN, NaN, NaN","NaN, NaN, NaN, NaN, NaN, NaN"
6.0,-3.3469387755102042,"NaN, NaN, NaN, NaN, NaN, NaN","NaN, NaN, NaN, NaN, NaN, NaN","NaN, NaN, NaN, NaN, NaN, NaN"
6.0,-3.183673469387755,"NaN, NaN, NaN, NaN, NaN, NaN","NaN, NaN, NaN, NaN, NaN, NaN","NaN, NaN, NaN, NaN, NaN, NaN"
6.0,-3.020408163265306,"NaN, NaN, NaN, NaN, NaN, NaN","NaN, NaN, NaN, NaN, NaN, NaN","NaN, NaN, NaN, NaN, NaN, NaN"
6.0,-2.857142857142857,"NaN, NaN, NaN, NaN, NaN, NaN","NaN, NaN, NaN, NaN, NaN, NaN","NaN, NaN, NaN, NaN, NaN, NaN"
6.0,-2.693877551020408,"NaN, NaN, NaN, NaN, NaN, NaN","NaN, NaN, NaN, NaN, NaN, NaN","NaN, NaN, NaN, NaN, NaN, NaN"
6.0,-2.5306122448979593,"NaN, NaN, NaN, NaN, NaN, NaN","NaN, NaN, NaN, NaN, NaN, NaN","NaN, NaN, NaN, NaN, NaN, NaN"
6.0,-2.36734693877551,"NaN, NaN, NaN, NaN, NaN, NaN","NaN, NaN, NaN, NaN, NaN, NaN","NaN, NaN, NaN, NaN, NaN, NaN"
6.0,-2.204081632653061,"NaN, NaN, NaN, NaN, NaN, NaN","NaN, NaN, NaN, NaN, NaN, NaN","NaN, NaN, NaN, NaN, NaN, NaN"
6.0,-2.0408163265306123,"NaN, NaN, NaN, NaN, NaN, NaN","NaN, NaN, NaN, NaN, NaN, NaN","NaN, NaN, NaN, NaN, NaN, NaN"
6.0,-1.8775510204081634,"NaN, NaN, NaN, NaN, NaN, NaN","NaN, NaN, NaN, NaN, NaN, NaN","NaN, NaN, NaN, NaN, NaN, NaN"
6.0,-1.7142857142857142,"NaN, NaN, NaN, NaN, NaN, NaN","NaN, NaN, NaN, NaN, NaN, NaN","NaN, NaN, NaN, NaN, NaN, NaN"
6.0,-1.5510204081632653,"NaN, NaN, NaN, NaN, NaN, NaN","NaN, NaN, NaN, NaN, NaN, NaN","NaN, NaN, NaN, NaN, NaN, NaN"
6.0,-1.3877551020408163,"NaN, NaN, NaN, NaN, NaN, NaN","NaN, NaN, NaN, NaN, NaN, NaN","NaN, NaN, NaN, NaN, NaN, NaN"
6.0,-1.2244897959183674,"NaN, NaN, NaN, NaN, NaN, NaN","NaN, NaN, NaN, NaN, NaN, NaN","NaN, NaN, NaN, NaN, NaN, NaN"
6.0,-1.0612244897959184,"NaN, NaN, NaN, NaN, NaN, NaN","NaN, NaN, NaN, NaN, NaN, NaN","NaN, NaN, NaN, NaN, NaN, NaN"
6.0,-0.8979591836734694,"NaN, NaN, NaN, NaN, NaN, NaN","NaN, NaN, NaN, NaN, NaN, NaN","NaN, NaN, NaN, NaN, NaN, NaN"
6.0,-0.7346938775510204,"NaN, NaN, NaN, NaN, NaN, NaN","NaN, NaN, NaN, NaN, NaN, NaN","NaN, NaN, NaN, NaN, NaN, NaN"
6.0,-0.5714285714285714,"NaN, NaN, NaN, NaN, NaN, NaN","NaN, NaN, NaN, NaN, NaN, NaN","NaN, NaN, NaN, NaN, NaN, NaN"
6.0,-0.40816326530612246,"NaN, NaN, NaN, NaN, NaN, NaN","NaN, NaN, NaN, NaN, NaN, NaN","NaN, NaN, NaN, NaN, NaN, NaN"
6.0,-0.24489795918367346,"NaN, NaN, NaN, NaN, NaN, NaN","NaN, NaN, NaN, NaN, NaN, NaN","NaN, NaN, NaN, NaN, NaN, NaN"
6.0,-0.08163265306122448,"NaN, NaN, NaN, NaN, NaN, NaN","NaN, NaN, NaN, NaN, NaN, NaN","NaN, NaN, NaN, NaN, NaN, NaN"
6.0,0.08163265306122448,"NaN, NaN, NaN, NaN, NaN, NaN","NaN, NaN, NaN, NaN, NaN, NaN","NaN, NaN, NaN, NaN, NaN, NaN"
6.0,0.24489795918367346,"NaN, NaN, NaN, NaN, NaN, NaN","NaN, NaN, NaN, NaN, NaN, NaN","NaN, NaN, NaN, NaN, NaN, NaN"
6.0,0.40816326530612246,"NaN, NaN, NaN, NaN, NaN, NaN","NaN, NaN, NaN, NaN, NaN, NaN","NaN, NaN, NaN, NaN, NaN, NaN"
6.0,0.5714285714285714,"NaN, NaN, NaN, NaN, NaN, NaN","NaN, NaN, NaN, NaN, NaN, NaN","NaN, NaN, NaN, NaN, NaN, NaN"
6.0,0.7346938775510204,"NaN, NaN, NaN, NaN, NaN, NaN","NaN, NaN, NaN, NaN, NaN, NaN","NaN, NaN, NaN, NaN, NaN, NaN"
6.0,0.8979591836734694,"NaN, NaN, NaN, NaN, NaN, NaN","NaN, NaN, NaN, NaN, NaN, NaN","NaN, NaN, NaN, NaN, NaN, NaN"
6.0,1.0612244897959184,"NaN, NaN, NaN, NaN, NaN, NaN","NaN, NaN, NaN, NaN, NaN, NaN","NaN, NaN, NaN, NaN, NaN, NaN"
6.0,1.2244897959183674,"NaN, NaN, NaN, NaN, NaN, NaN","NaN, NaN, NaN, NaN, NaN, NaN","NaN, NaN, NaN, NaN, NaN, NaN"
6.0,1.3877551020408163,"NaN, NaN, NaN, NaN, NaN, NaN","NaN, NaN, NaN, NaN, NaN, NaN","NaN, NaN, NaN, NaN, NaN, NaN"
6.0,1.5510204081632653,"NaN, NaN, NaN, NaN, NaN, NaN","NaN, NaN, NaN, NaN, NaN, NaN","NaN, NaN, NaN, NaN, NaN, NaN"
6.0,1.7142857142857142,"NaN, NaN, NaN, NaN, NaN, NaN","NaN, NaN, NaN, NaN, NaN, NaN","NaN, NaN, NaN, NaN, NaN, NaN"
6.0,1.8775510204081634,"NaN, NaN, NaN, NaN, NaN, NaN","NaN, NaN, NaN, NaN, NaN, NaN","NaN, NaN, NaN, NaN, NaN, NaN"
6.0,2.0408163265306123,"NaN, NaN, NaN, NaN, NaN, NaN","NaN, NaN, NaN, NaN, NaN, NaN","NaN, NaN, NaN, NaN, NaN, NaN"
6.0,2.204081632653061,"NaN, NaN, NaN, NaN, NaN, NaN","NaN, NaN, NaN, NaN, NaN, NaN","NaN, NaN, NaN, NaN, NaN, NaN"
6.0,2.36734693877551,"NaN, NaN, NaN, NaN, NaN, NaN","NaN, NaN, NaN, NaN, NaN, NaN","NaN, NaN, NaN, NaN, NaN, NaN"
6.0,2.5306122448979593,"NaN, NaN, NaN, NaN, NaN, NaN","NaN, NaN, NaN, NaN, NaN, NaN","NaN, NaN, NaN, NaN, NaN, NaN"
6.0,2.693877551020408,"NaN, NaN, NaN, NaN, NaN, NaN","NaN, NaN, NaN, NaN, NaN, NaN","NaN, NaN, NaN, NaN, NaN, NaN"
6.0,2.857142857142857,"NaN, NaN, NaN, NaN, NaN, NaN","NaN, NaN, NaN, NaN, NaN, NaN","NaN, NaN, NaN, NaN, NaN, NaN"
6.0,3.020408163265306,"NaN, NaN, NaN, NaN, NaN, NaN","NaN, NaN, NaN, NaN, NaN, NaN","NaN, NaN, NaN, NaN, NaN, NaN"
6.0,3.183673469387755,"NaN, NaN, NaN, NaN, NaN, NaN","NaN, NaN, NaN, NaN, NaN, NaN","NaN, NaN, NaN, NaN, NaN, NaN"
6.0,3.3469387755102042,"NaN, NaN, NaN, NaN, NaN, NaN","NaN, NaN, NaN, NaN, NaN, NaN","NaN, NaN, NaN, NaN, NaN, NaN"
6.0,3.510204081632653,"NaN, NaN, NaN, NaN, NaN, NaN","NaN, NaN, NaN, NaN, NaN, NaN","NaN, NaN, NaN, NaN, NaN, NaN"
6.0,3.673469387755102,"NaN, NaN, NaN, NaN, NaN, NaN","NaN, NaN, NaN, NaN, NaN, NaN","NaN, NaN, NaN, NaN, NaN, NaN"
6.0,3.836734693877551,"NaN, NaN, NaN, NaN, NaN, NaN","NaN, NaN, NaN, NaN, NaN, NaN","NaN, NaN, NaN, NaN, NaN, NaN"
6.0,4.0,"NaN, NaN, NaN, NaN, NaN, NaN","NaN, NaN, NaN, NaN, NaN, NaN","NaN, NaN, NaN, NaN, NaN, NaN"
