U,V,magnetization,charge_density,doublons
-6.0,-4.0,"1.8973538018496328e-19, 3.469446951953614e-17, -5.551115123125783e-17, -5.551115123125783e-17, -4.718447854656915e-15, -2.694511280765255e-13, 1.808102279010626e-14, -8.733860700903696e-13, -2.8826019045705142e-11, 2.635188595112581e-10, 5.669296698762594e-10, -1.3113684027565853e-9, 2.1762271984471226e-9, 3.375311141695647e-10, -2.0154710149086763e-9, 1.2588148154879433e-11","0.00010539001994126582, 0.020294032033641808, 1.9797077096528968, 1.9998929411929307, 1.999892904778953, 1.9797043455141314, 0.02029558567973153, 0.00010709222803019885, 0.0001066161033423164, 0.020204436561343617, 1.9708498165203143, 1.9998016789219069, 1.9998929623991386, 1.97979901048038, 0.02915018785504117, 0.0001952900582779528","1.9361754477464567e-8, 0.00016069262632943256, 0.9798683257619261, 0.9998929612528994, 0.9998929248752589, 0.9798650720599905, 0.00016069235484094592, 2.010022281989514e-8, 1.9993132704995397e-8, 0.00015996895192656912, 0.9754377713584667, 0.9998024247853523, 0.9998929797538871, 0.9799588992260895, 0.004589672784780285, 7.1934408112048e-7"
-5.878787878787879,-3.919191919191919,"-4.607655945156053e-16, -3.6561031979687186e-14, -8.881784197001252e-16, -2.2648549702353193e-14, -1.7686407893791056e-12, -1.963240681135403e-11, 1.8399080869979656e-11, -1.5143046508441426e-11, -1.1994795966614432e-10, -4.3374218838126977e-8, 4.852894081031067e-8, -3.359991229689996e-9, 1.8873557161569465e-9, 1.4625527949840844e-7, -1.5827020789088708e-7, 8.470995473759853e-9","0.0001145121013304171, 0.02115258749881561, 1.9788493061703132, 1.9998835953652392, 1.9998835549127563, 1.9788458776587776, 0.021182124730164714, 0.0001166800317992512, 0.00010531484138303516, 0.019119325120514872, 1.7893274818167115, 1.997819287543805, 1.999883226948376, 1.9808856327596152, 0.21071131864443293, 0.0021201738559716863","2.2827219344636987e-8, 0.00017452796969508487, 0.979023785304592, 0.9998836190883258, 0.9998835786571303, 0.9790204431184799, 0.00018841847857911095, 2.620264649123418e-8, 2.1440904431320756e-8, 0.00015770462235326768, 0.8842604847591341, 0.997850014938954, 0.9998832671840185, 0.9810432075236982, 0.09497372557712572, 1.6287225962315484e-5"
-5.757575757575758,-3.8383838383838382,"-7.431127287409363e-11, 1.9572742818857458e-10, -9.564754543944787e-11, -2.8101632132404575e-10, 3.1452181969982007e-9, -2.171746005252828e-9, -6.996875110548695e-10, 8.739261430680285e-10, -6.519801822989918e-10, -5.995107049683313e-10, 3.522056535310014e-10, 9.014289314990265e-12, 9.156952973654597e-12, 3.2319702469862932e-12, -1.4542147867835364e-11, -3.903351437645891e-14","0.0001251893620601237, 0.02211616000935799, 1.977934013506839, 1.9998684385339394, 1.9991388199271805, 1.9168323284781328, 0.021524746072772077, 0.00013916683908112303, 0.0017787495025584823, 0.08441663058128622, 1.9785107065980396, 1.9998756578106898, 1.999848403467276, 1.9757240878620788, 0.022042393779606997, 0.0001245076691069557","3.151036120484954e-8, 0.00021418689254646927, 0.9781244274126438, 0.9998684783606289, 0.9991689859827112, 0.9475722896491096, 0.000254475910780809, 1.314070421939605e-7, 0.0004823677105300389, 0.03136958077825411, 0.9787543522238255, 0.999875697979829, 0.9998486475939073, 0.9770193903703549, 0.00018971770868150557, 2.698459632807364e-8"
-5.636363636363637,-3.757575757575758,"-7.967403660110763e-21, -9.215718466126788e-19, -4.683753385137379e-17, 5.551115123125783e-17, 0.0, 0.0, 0.0, 0.0, 0.0, 0.0, 0.0, 2.862293735361732e-17, 8.334804200982315e-19, 7.040961374051372e-21, 6.28657265540301e-23, 4.951774565380918e-25","8.011856127900913e-7, 0.00013755922492985424, 0.023044930621863798, 1.9769550928903636, 1.999862431596675, 1.9999991892865103, 1.9999999951937295, 1.999999995195193, 1.999999189280754, 1.9998624310983089, 1.9769550558843956, 0.02304494411684823, 0.00013756890011217638, 8.107187034638156e-7, 4.778174482748892e-9, 2.782707085087142e-11","4.911015638306066e-12, 3.331889320277554e-8, 0.0002071312539662679, 0.9771622235629167, 0.9998624649226833, 0.9999991892916077, 0.9999999951937296, 0.9999999951951932, 0.9999991892858497, 0.9998624644248417, 0.9771621874432488, 0.0002071315600380196, 3.3326263872792196e-8, 5.097293095914571e-12, 0.0, 0.0"
-5.515151515151516,-3.676767676767677,"1.0906741724180102e-8, -1.6060252849836587e-8, -1.0191116728286431e-8, -7.762201326144691e-9, 2.2708451440436872e-8, 3.2480661190444505e-10, 1.2221845479160618e-10, -6.680223370997274e-10, 5.963675109299515e-10, 2.2783774866752537e-11, 2.223221606811876e-13, 1.4432899320127035e-15, 0.0, 6.852157730108388e-17, 7.521652571618187e-19, 6.326277324805556e-21","0.023672422140058033, 1.9750703674291277, 1.9996773718200587, 1.9759132894122888, 0.02549769146335197, 0.00016875175885402356, 0.00015152615157094934, 0.024087559925158528, 1.9759123592012586, 1.999849587579747, 1.9999981462773193, 1.9998495910864085, 1.9759126185574838, 0.02408741031686898, 0.0001503917042277508, 9.15176219839315e-7","0.00021706626914860734, 0.9759772779564181, 0.9996778269146196, 0.9761399453495193, 0.0009217796395825567, 2.0765653629704456e-7, 4.010350079791109e-8, 0.00022628228938425363, 0.9761386479416687, 0.9998496273903311, 0.9999981462915951, 0.9998496308938715, 0.9761388947191648, 0.00022627691200312897, 3.979651820067533e-8, 6.402157245105773e-12"
-5.393939393939394,-3.595959595959596,"1.3663544421925186e-10, 4.838236473785062e-13, -3.775265454419863e-9, 2.9298579673486813e-9, 7.253867506662459e-10, 5.615036213768576e-11, 3.906300538591978e-8, -3.838766436756874e-8, -6.317294192371026e-10, 2.2387683165647765e-9, -2.156459066871008e-9, -1.9411133811431114e-10, -4.186928581617622e-12, 3.774924817179226e-12, -4.587150971568921e-12, -5.906616883967486e-14","5.783974133698318e-6, 0.0008984986520576779, 0.08234249452147217, 1.9755308195948733, 1.9998339440140074, 1.9990970894550117, 1.9175473702811727, 0.0245294484212912, 0.00033875935765653644, 0.02531038322588254, 1.9747322154987854, 1.9998331998656154, 1.9998341401035695, 1.9748032295962585, 0.025199986402800537, 0.0001626370354174935","1.3536883846166705e-9, 7.303919148608202e-6, 0.028817512461065144, 0.9757712795147039, 0.999834008243955, 0.999105223216013, 0.946409702510453, 0.0002626156070488946, 2.422793124086236e-7, 0.00029311660746978086, 0.9750024556084285, 0.9998332537588821, 0.9998341880655754, 0.9750507569661326, 0.000247625741790477, 4.5805568734025234e-8"
-5.2727272727272725,-3.515151515151515,"2.7387368083429215e-10, -2.6964791224534657e-9, 4.459880409424244e-9, -1.649805181358488e-9, 4.042031992446127e-8, -4.0095580296911626e-8, -7.00289308895488e-10, 1.147141440134081e-11, 1.7455558699863705e-11, -4.282840748714989e-11, 2.5624502519860926e-12, 2.194355808171622e-13, 7.654987754790454e-14, -1.1853296122410484e-12, -5.340354894411981e-13, 8.423387109894077e-13","0.0001795225651041971, 0.02647293492870758, 1.9735314808029472, 1.9996221922632704, 1.973529049652047, 0.026481529071104428, 0.00018341477139218124, 0.00018227283407598697, 0.026398161625965304, 1.9736016052490988, 1.999819058622979, 1.9999975564281658, 1.9998191652521968, 1.9736090745027792, 0.02639452423594537, 0.00017845719420462772","6.245327491841064e-8, 0.0002989251974869573, 0.9738321191893498, 0.9996224750874892, 0.9738274170671832, 0.0003013818400410813, 6.632383916250035e-8, 5.7897921652972105e-8, 0.0002717254155881528, 0.9738733995497921, 0.999819116156808, 0.9999975564529605, 0.9998192226836906, 0.9738805883608218, 0.0002716281424953849, 5.506392095266609e-8"
-5.151515151515151,-3.4343434343434343,"-6.68308995383643e-16, -3.934526315862996e-14, -7.09432512735475e-13, -2.1027068974888152e-12, -4.4669823395793173e-13, -3.480549182199866e-14, 2.0532455943800265e-12, -3.7427823833908677e-13, 3.7216235539009376e-11, 1.529668867267242e-9, -1.478155875478393e-9, -8.235279125301531e-11, 2.3031798690453797e-11, -3.727435027300885e-11, 6.487561356183225e-12, 3.033199844179775e-12","0.00019626792219177636, 0.02767727431199002, 1.972326996563386, 1.9997994595229294, 1.9997993335444022, 1.9723185031415067, 0.027681485061829054, 0.00020066796646688544, 0.00020066043754046845, 0.027680422964919234, 1.972241779140036, 1.9997982416837032, 1.9997994553458114, 1.9723280778192072, 0.02775404362192823, 0.0001973309521401876","6.649244877108514e-8, 0.00029864102488876644, 0.9726254951921512, 0.9997995294625984, 0.9997994035984119, 0.9726172678737414, 0.0002987588650199681, 7.008212734504393e-8, 7.006392817156197e-8, 0.00029875698824454377, 0.9725789017029624, 0.9997983246117166, 0.9997995260984093, 0.9726265694134497, 0.00033704580364075573, 7.770409335302508e-8"
-5.03030303030303,-3.3535353535353534,"-1.5292072469271207e-12, -2.283864070085073e-12, -2.1091401194994752e-12, 6.006306563222097e-13, 2.078948124761837e-12, 2.1606605393742484e-12, 1.083633183185384e-12, 2.057187753479184e-12, 1.6461831897629509e-12, 2.8119173656193652e-12, 3.0268565431867955e-12, -2.2915480277219125e-12, -3.847733323094054e-12, -2.318451752943339e-12, -1.0560693152322434e-12, -3.003412954008579e-14","1.6093973797319344e-6, 0.00021963906000401555, 0.02906050052495153, 1.9709395590213992, 1.999780337839422, 1.9999983663965537, 1.9999999877592134, 1.9999999877619592, 1.9999983663739949, 1.999780336234389, 1.9709394650752916, 0.029060534927657033, 0.00021966376295766768, 1.6336248661343709e-6, 1.2150896777956187e-8, 8.905825852914172e-11","1.9711415221651978e-11, 8.458454197669782e-8, 0.00032922616131934683, 0.9712687833208075, 0.9997804224529669, 0.9999983664172071, 0.9999999877592138, 0.9999999877619593, 0.9999983663946436, 0.9997804208497805, 0.9712686922143614, 0.0003292271414139765, 8.461485449351478e-8, 2.0653174344447107e-11, 0.0, 0.0"
-4.909090909090909,-3.272727272727273,"-2.418877408484968e-14, 1.8780810240315304e-13, -1.4327428132787645e-13, -4.333200465111986e-13, 4.802269693016115e-13, 2.388977904388412e-12, -2.0477134744789627e-11, 1.215871254047797e-11, 8.483359086280777e-11, -5.735950950325197e-11, -3.58020280089022e-11, 1.8381252075982957e-10, 2.471721161079188e-10, 4.531910402505446e-10, -8.293486253654891e-10, -4.063698260948741e-11","0.00023911690322449015, 0.030541884576972697, 1.9694638702943568, 1.9997551203059247, 1.9997547879922761, 1.9694431395228162, 0.030548812655137127, 0.0002460545325238789, 0.0003476330684670745, 0.036523062786328934, 1.9695453686196454, 1.9997548453551388, 1.99966163374999, 1.9634876589657921, 0.03044862305771806, 0.00023838761371279446","9.832703249271806e-8, 0.000363577434599138, 0.9698272372081183, 0.9997552243361951, 0.9997548939466872, 0.9698114595835545, 0.0003643656481196129, 1.0895439446168576e-7, 5.761267051253708e-6, 0.003351463281135309, 0.9699081792244302, 0.9997549611453389, 0.9996628704622091, 0.9668390847806436, 0.0003625203619449046, 9.804664314814265e-8"
-4.787878787878788,-3.191919191919192,"-1.0769766426322464e-13, 2.634680668078815e-13, -1.4971357487070236e-13, 2.565170298396424e-13, -1.0598188993071744e-12, -4.622358051875608e-12, 1.410409983249039e-12, -5.191747368387539e-12, 8.208193795337416e-12, 2.6816066728274635e-12, -3.248257218757544e-11, 3.164879469608195e-11, 3.758160449507386e-12, 8.674394536001273e-12, -1.992994311250662e-11, 6.642251134422565e-12","0.0002649588224125756, 0.03214538895296071, 1.9678613344957236, 1.9997283105460304, 1.9997280783464542, 1.967847894509433, 0.032152209305090294, 0.0002719272698850609, 0.0002719205018233069, 0.03215149568931387, 1.967809287087836, 1.9997274332944897, 1.9997283037901021, 1.9678619526705685, 0.03218392566437005, 0.00026557905349086023","1.204724724544274e-7, 0.00040269986583012316, 0.9682637747116736, 0.9997284384017865, 0.9997282064748513, 0.9682508250714394, 0.0004029813806450936, 1.2829960138569009e-7, 1.281442843191409e-7, 0.0004029338535788942, 0.9682315167841672, 0.9997275707023127, 0.9997284327827672, 0.9682643950687579, 0.0004219822331596861, 1.2805006773067142e-7"
-4.666666666666667,-3.111111111111111,"-1.4281790263610868e-24, -1.348304398461435e-22, -1.2281977735187355e-20, -6.640738306473715e-19, -7.806255641895632e-17, 5.551115123125783e-17, 0.0, 0.0, 0.0, 0.0, 0.0, 0.0, 0.0, 0.0, -5.421010862427522e-20, 5.293955920339377e-22","1.9258307019907792e-10, 2.256885601352764e-8, 2.600325570132835e-6, 0.00029967145893674315, 0.033886402601555815, 1.9661135973979742, 1.9997003285419628, 1.9999973996740235, 1.9999999772359929, 1.9999999772392294, 1.9999973997292992, 1.9997003320291908, 1.9661137716578645, 0.03388633858085971, 0.0002996254165933459, 2.5553494973653594e-6","0.0, 0.0, 5.221924204746804e-11, 1.569349607273638e-7, 0.0004474697528446041, 0.966561067152869, 0.999700485477008, 0.9999973997262429, 0.9999999772359931, 0.9999999772392297, 0.9999973997815181, 0.9997004889602832, 0.9665612352640732, 0.000447467635926666, 1.568573724423728e-7, 4.947046549150592e-11"
-4.545454545454546,-3.0303030303030303,"-3.4423418976414766e-18, -1.6479873021779667e-16, -6.106226635438361e-16, -8.826273045769994e-15, -6.346589920269707e-13, -3.9974579202350924e-11, -1.645115044190959e-9, 2.725737274777984e-10, 7.187660361373301e-10, 1.0544714801059745e-8, 2.148904938126489e-7, -6.99801978795711e-8, -1.4511716706078204e-7, 3.491245398334897e-8, -4.843735301740537e-8, 3.8814493962674446e-9","0.0003280847730776915, 0.035758850723257254, 1.9642501133857446, 1.9996660105886526, 1.9999938757188445, 1.999665663277502, 1.9642322962484389, 0.035767586203733485, 0.00033435106626288725, 8.054920068878864e-6, 0.0005360767190981802, 0.04670141051927254, 1.9643654990214223, 1.9991095650715018, 1.9545702032593195, 0.03471235850378164","1.8381839538032535e-7, 0.0004981352973957473, 0.9647478617875762, 0.9996662051298033, 0.9999938758741896, 0.9996658583589234, 0.9647308051253297, 0.0004984495617794476, 1.9502944594884233e-7, 1.5450989133230418e-9, 3.1161663349388483e-6, 0.005929928686902906, 0.9648643817962604, 0.999114631119016, 0.9604444419388917, 0.0004677359529136333"
-4.424242424242424,-2.9494949494949494,"2.0521805691546488e-17, 1.4149841191623268e-15, 7.24641213767157e-14, 2.276112742835741e-12, 1.2870607357662323e-13, 5.956346527113965e-14, -9.88875648033627e-13, -1.5361600880225978e-12, -1.3433698597964394e-14, 1.6653345369377348e-16, 0.0, 0.0, 5.551115123125783e-17, -5.204170427930421e-17, -3.1170812458958252e-19, -9.211483301390516e-21","3.3384231369501457e-10, 3.5115447232001134e-8, 3.624379538198199e-6, 0.000374133910690117, 0.037811592509815174, 1.962188407519069, 1.9996258660811013, 1.9999963756127612, 1.9999999645378026, 1.999999964539251, 1.9999963757201378, 1.9996258721503422, 1.9621886783785536, 0.03781149273195132, 0.0003740620588041488, 3.554420886337298e-6","0.0, 0.0, 1.0128985551122536e-10, 2.439110967066598e-7, 0.0005569461640447933, 0.9627453536802058, 0.9996261099923421, 0.99999637571405, 0.9999999645378026, 0.9999999645392508, 0.999996375821425, 0.99962611605306, 0.9627456138749926, 0.0005569424994801406, 2.43760275896788e-7, 9.535275593079232e-11"
-4.303030303030303,-2.8686868686868685,"-1.7135626754835603e-12, -2.86249417723837e-12, -1.8655840761105935e-12, 1.0644263248593688e-12, 3.1754598950328727e-12, 2.182309888354439e-12, 1.8707257964933888e-14, -6.200595592531499e-14, -2.2065682614424986e-12, -1.0824674490095276e-14, -2.4222290839759353e-12, 2.2510240199613563e-12, 2.4225946227383888e-12, 2.888395860312673e-14, -1.6684496494937728e-16, -1.4141581366174934e-17","4.222923787971403e-6, 0.0004200526190997733, 0.040037929268006686, 1.959962285991851, 1.9995798648054104, 1.9999956890907926, 1.99999995530107, 1.9999999552983723, 1.9999956889418413, 1.999579856706489, 1.9599619449408614, 0.04003805510238993, 0.00042014329019380035, 4.3110369848803055e-6, 4.42377784940928e-8, 4.4506030178834035e-10","1.3429420119621125e-10, 3.0686565374561113e-7, 0.0006243360367245347, 0.9605866126886166, 0.9995801718723639, 0.9999956892339555, 0.9999999553010704, 0.9999999552983729, 0.9999956890850145, 0.9995801637857483, 0.960586285865329, 0.0006243409240581642, 3.0707949639601045e-7, 1.431714663201174e-10, 0.0, 0.0"
-4.181818181818182,-2.787878787878788,"1.257314531080602e-21, 8.385626177817573e-20, 4.675621868843738e-18, 1.8214596497756474e-16, -2.220446049250313e-16, 0.0, 0.0, 0.0, -1.6653345369377348e-16, -1.3933298959045715e-14, -2.969291479359981e-13, -1.871447441459395e-12, 7.476051028243447e-13, -8.312349831889054e-13, 2.1999201848660864e-12, 6.609869858307147e-14","5.4865911721481625e-8, 5.148531299146665e-6, 0.00047298556754359967, 0.04242089125734967, 1.9553079657528638, 1.9994777336894167, 1.9999943007771688, 1.9999999373257822, 1.9999999432427535, 1.9999948502397644, 1.9995270133302405, 1.9575791128986801, 0.04469203892328984, 0.0005222650244266827, 5.69785622760344e-6, 6.07172795512197e-8","0.0, 2.0416319070806422e-10, 3.889072531715908e-7, 0.0007015055067563358, 0.9571214911843449, 0.9994789376358193, 0.9999943014333265, 0.9999999373260267, 0.9999999432428662, 0.9999948504442291, 0.9995274022413296, 0.9582806182270515, 0.0018135261037193866, 1.203935648761961e-6, 6.553893637448039e-10, 0.0"
-4.0606060606060606,-2.707070707070707,"1.8211208365967457e-20, 1.951563910473908e-18, 1.2836953722228372e-16, -1.1102230246251565e-16, 0.0, 0.0, 0.0, 0.0, 0.0, 0.0, -5.551115123125783e-17, 3.8163916471489756e-17, 2.222614453595284e-18, 6.310395457044538e-20, 1.3102540902839958e-21, 1.9593840759849843e-23","6.058589236491791e-6, 0.0005356318828276314, 0.045132466625273475, 1.9548678815095788, 1.9994642352448062, 1.9999937987652143, 1.999999927383089, 1.9999999273769917, 1.999993798457387, 1.9994642203578623, 1.9548673287915301, 0.04513267128810823, 0.0005357796259668839, 6.201517255900086e-6, 7.177252178570327e-8, 8.123649364021844e-10","2.7498491174616495e-10, 4.970020904386576e-7, 0.0007929500158562571, 0.9556608144327513, 0.9994647326601896, 0.9999937990607771, 0.9999999273830886, 0.999999927376991, 0.9999937987529788, 0.9994647178022487, 0.9556602877216598, 0.0007929589301800331, 4.974446806583475e-7, 2.955878648539795e-10, 0.0, 0.0"
-3.9393939393939394,-2.6262626262626263,"-1.7026460085143604e-11, 2.0420576725887693e-10, 8.581572161214801e-9, -8.442507526407184e-9, -4.0854514216093207e-10, 7.360739795458926e-11, 8.175959909095809e-12, 1.4460654895742664e-12, 3.036110252097046e-11, -5.3039239666929916e-11, 8.12611089529014e-12, 7.557629869148208e-12, 6.174165047495919e-12, -1.0554427273021076e-13, -3.317644430225275e-15, 9.038141354163514e-16","9.712515811829809e-6, 0.0008020402209000645, 0.05582523538948567, 1.9521362674017184, 1.9993937328193896, 1.9999925247182362, 1.9999999063061646, 1.9999998759442106, 1.9999900414371932, 1.99919768230032, 1.9441747200250448, 0.0478644037477063, 0.0006062882737133176, 7.475637385453477e-6, 9.21533211528082e-8, 1.109394254230466e-9","2.812004116099724e-9, 4.300189927676984e-6, 0.004782629770621424, 0.9530313978666575, 0.999394370803145, 0.9999925251437904, 0.9999999063065187, 0.9999998759508921, 0.9999900444658801, 0.9992019875043452, 0.9489571971891783, 0.0008951627964067172, 6.38083374243549e-7, 4.3063317943110544e-10, 0.0, 0.0"
-3.8181818181818183,-2.5454545454545454,"-2.202285662861181e-20, -5.963111948670274e-19, -6.418476861114186e-17, 5.551115123125783e-17, 0.0, 5.551115123125783e-17, 1.3322676295501878e-15, 5.551115123125783e-14, 1.0014211682118912e-12, -2.500777362968165e-13, 1.3774537066524317e-12, -8.409540425136086e-13, -1.433486359128655e-12, 9.772015782213875e-14, -8.714099817438062e-15, -2.9112176284082495e-16","8.905653902182729e-6, 0.0006944896847721567, 0.0512814126697701, 1.9487191688373793, 1.9993052897078907, 1.9999908553929084, 1.9999998780533372, 1.999999878038326, 1.9999908547221288, 1.999305261223494, 1.9487182433349164, 0.05128175683864583, 0.0006947387435569172, 9.14521983777775e-6, 1.2033522616395829e-7, 1.5439079375723653e-9","5.902557607684732e-10, 8.314245103225911e-7, 0.0010231131768424766, 0.9497422494319853, 0.9993061220216968, 0.9999908560336779, 0.9999998780533373, 0.9999998780383265, 0.9999908553629923, 0.9993060936100667, 0.9497413734318585, 0.0010231301024529022, 8.323862400241913e-7, 6.408493202604466e-10, 0.0, 0.0"
-3.696969696969697,-2.4646464646464645,"2.168404344971009e-19, 3.642919299551295e-17, -5.551115123125783e-17, 0.0, 0.0, 0.0, 0.0, 0.0, 0.0, 0.0, -2.6020852139652106e-17, 1.7889335846010823e-18, 7.072725109573408e-20, 1.3234889800848443e-21, 2.895132143935597e-23, 5.589931483268507e-25","0.0007736853048231187, 0.05481445890609782, 1.9452179352830616, 1.9992052578144603, 1.9999888220528836, 1.999999840621696, 1.9999998397321173, 1.9999887771734755, 1.9992032841596163, 1.9451532256179536, 0.05484677438850982, 0.000796715828752144, 1.122280193760247e-5, 1.5805790081419976e-7, 2.2262179466146806e-9, 3.0494092667588644e-11","9.95772773809876e-7, 0.001168149852896412, 0.9463839324939683, 0.999206342601571, 0.9999888230087648, 0.9999998406225221, 0.9999998397329517, 0.999988778137908, 0.99920437571669, 0.9463231228523934, 0.0011698972395831257, 1.0915578693685646e-6, 9.643895912705023e-10, 8.353326519655266e-13, 0.0, 0.0"
-3.5757575757575757,-2.3838383838383836,"-8.633697643522226e-23, -4.579271871093561e-21, -2.1006417091906648e-19, -8.40256683676266e-18, -2.8622937353617317e-16, 2.7755575615628914e-16, 0.0, 0.0, 0.0, 0.0, 0.0, 0.0, -1.1102230246251565e-16, 1.0581813203458523e-16, 5.041540102057596e-18, 9.783230540787169e-20","3.0730001329360718e-9, 2.0957494886135015e-7, 1.3879303616199585e-5, 0.0009184354025692137, 0.05880393118245056, 1.9411960692225194, 1.9990815645204372, 1.9999861205558562, 1.99999978716546, 1.9999997871997444, 1.999986122108497, 1.9990816217160947, 1.9411976787144745, 0.05880332952220249, 0.0009179985565993733, 1.3462181531800311e-5","0.0, 1.4651091716886134e-12, 1.471985275305815e-9, 1.4458789977643872e-6, 0.0013442354621274436, 0.942540304662151, 0.9990830104010329, 0.9999861220277849, 0.9999997871669294, 0.9999997872012103, 0.9999861235802375, 0.999083067403948, 0.9425418153957198, 0.0013442018021636484, 1.443663781292459e-6, 1.3374782454797194e-9"
-3.4545454545454546,-2.303030303030303,"4.916837878683744e-14, 1.4772686112579647e-12, 3.0959575181288557e-12, -6.11899420022155e-13, -7.803757640090225e-13, -1.6789902801406242e-12, -1.2223555501122974e-12, -1.208699806909408e-12, -1.2589373987736963e-12, -2.365996287778671e-12, -7.998046669399628e-13, 4.0208149310050345e-12, 3.5541377783540606e-13, 8.935292598121034e-13, 3.418339673245897e-14, 8.406595880497992e-16","1.675016646019206e-5, 0.0010641687455170143, 0.0632133945202733, 1.9367879543556854, 1.9989353253534714, 1.9999826926046098, 1.9999997142533679, 1.9999997141905552, 1.9999826902013331, 1.9989352426183025, 1.9367857973016847, 0.06321420332770042, 0.0010647572662800045, 1.7309579291030374e-5, 2.810911489090489e-7, 4.424339861948553e-9","2.059853676435945e-9, 1.932700693474613e-6, 0.00155262774753053, 0.9383404881710834, 0.9989372611843524, 0.9999826948879605, 0.9999997142560076, 0.99999971419319, 0.9999826924852827, 0.9989371787671492, 0.9383384734202482, 0.0015526761534128155, 1.936150735000543e-6, 2.2838351067105907e-9, 2.6362990244195775e-12, 0.0"
-3.3333333333333335,-2.2222222222222223,"-1.2693004148965495e-12, -7.316119281577937e-13, -6.82655321160297e-13, 1.3532508447156033e-12, 1.7257306694773433e-12, -3.8719027983802334e-13, -7.882583474838611e-15, 1.1823875212257917e-14, 1.496580637194711e-13, -6.853961842523404e-13, 1.3274936705442997e-12, 5.560621407774136e-13, -7.324876382525103e-13, -6.125945469276817e-13, -1.499624775139563e-14, -6.240632202234673e-17","2.102688632035643e-5, 0.001241223424018897, 0.06815010525316383, 1.9318517208425892, 1.9987580948651025, 1.9999782171477163, 1.9999996115807968, 1.9999996114744856, 1.9999782133442825, 1.998757973309842, 1.9318487948920786, 0.06815120611803652, 0.0012420265020646715, 2.178630195480715e-5, 3.8159487814881356e-7, 6.462659093336745e-9","3.226665754792971e-9, 2.6179857290238283e-6, 0.001803583540829296, 0.9336551668534934, 0.9987607177673534, 0.9999782207542958, 0.9999996115856592, 0.9999996114793397, 0.9999782169521804, 0.9987605967569407, 0.9336524490182048, 0.001803654191354429, 2.623449060511955e-6, 3.6075097048214228e-9, 4.852277142655473e-12, 0.0"
-3.212121212121212,-2.1414141414141414,"-2.1271558758598967e-12, -5.011789052343507e-13, -5.592210722271673e-13, -1.416922135177856e-12, 4.408196030425415e-12, 2.671751708760439e-13, 1.4619416788264061e-12, -2.18103313187612e-13, 2.64133159788571e-12, -9.39892608187165e-12, -8.966549724931383e-12, -3.4178215813085444e-13, 1.5489668141882573e-11, 5.972970463499414e-13, -1.3632015713630288e-12, 2.7618250690222886e-14","2.1662358094322516e-5, 0.0011846309532571766, 0.05991512840957522, 1.5727301868849821, 1.9847533384092837, 1.9996992134906648, 1.9999942808674036, 1.9999994646789876, 1.9999774861072928, 1.9988144652121547, 1.9400836304860603, 0.4272730918254042, 0.015246821234666804, 0.0003007877913681551, 5.707041772785392e-6, 1.0424901999777646e-7","4.167102192027133e-9, 2.907523951943445e-6, 0.0017064334760770164, 0.7516223723879307, 0.9851585976189565, 0.9996999054019392, 0.9999942819910284, 0.999999464695274, 0.9999774908176308, 0.998817379886614, 0.941790149039478, 0.17889244815890018, 0.00040526094573704185, 6.918795711689561e-7, 1.1137534838496773e-9, 1.5658193598953855e-12"
-3.090909090909091,-2.0606060606060606,"-1.6929242338726818e-13, -2.15793146830432e-12, 5.2546502034549886e-15, -9.140247695001158e-13, -1.9723944699734375e-12, 4.0389913635863195e-13, 2.5049406993105094e-12, 1.9914070392701433e-12, 2.892130979148533e-13, 1.815214645262131e-14, 7.216449660063518e-16, 0.0, 5.551115123125783e-17, -4.85722573273506e-17, -7.101524229780054e-18, -2.219226321806267e-19","1.4500052631368576e-8, 7.326630100782532e-7, 3.560302992452135e-5, 0.0017257972546239424, 0.07998444770473317, 1.9200155549481621, 1.9982742022695312, 1.9999643960398603, 1.9999992515996985, 1.9999992519172354, 1.999964406145677, 1.998274478735445, 1.9200211631365738, 0.07998232059929725, 0.0017242348195294949, 3.414463665071579e-5","0.0, 1.77711615639057e-11, 9.560397791291306e-9, 5.012324167346302e-6, 0.002480790005667177, 0.9224963447457869, 0.9982792145992208, 0.9999644056007406, 0.9999992516175227, 0.9999992519350517, 0.99996441570206, 0.9982794893510545, 0.9225014849820522, 0.002480631908721324, 4.997771710746744e-6, 8.38038202708141e-9"
-2.9696969696969697,-1.97979797979798,"4.764560328305439e-22, 1.6940658945086007e-20, 4.336808689942018e-18, 4.85722573273506e-17, -5.551115123125783e-17, 0.0, 0.0, 0.0, 0.0, 0.0, 0.0, -2.7755575615628914e-16, 3.191891195797325e-16, 5.312590645178972e-18, -2.0328790734103208e-20, -1.6940658945086007e-21","9.941061238240964e-7, 4.6289674212167585e-5, 0.002059044616108722, 0.08713377497734166, 1.9128728638305015, 1.9979412131879937, 1.999953670222333, 1.9999989364042452, 1.999998936252624, 1.9999536632562604, 1.9979409176528538, 1.9128663794827983, 0.08712729056310613, 0.00205874911054322, 4.628270366774259e-5, 9.939593045400978e-7","3.114353291567636e-11, 1.6077347007248376e-8, 7.095849619330687e-6, 0.0029440270325229744, 0.9158137690724567, 0.9979482994894279, 0.9999536863276569, 0.99999893644024, 0.9999989362886468, 0.9999536793858216, 0.9979480139416641, 0.9158103925182192, 0.0029409192022106685, 7.085872287497037e-6, 1.605343639600662e-8, 3.109665736635833e-11"
-2.8484848484848486,-1.898989898989899,"3.887034194949984e-18, 4.0803271135134156e-17, 5.155381330168574e-16, 7.646661082105766e-15, -7.549516567451064e-15, -6.106226635438361e-16, 8.881784197001252e-16, 2.225997164373439e-14, 3.624878175401136e-13, 2.9852786909145834e-12, -2.7076119124558318e-12, 4.027611577583912e-12, -5.826068794068107e-13, -4.468350060619908e-12, 2.9961346480254867e-13, 6.021904955525449e-14","1.568035349815668e-6, 6.695116708774768e-5, 0.0027058551216398163, 0.09973399846107871, 1.904921450723695, 1.9975271625047748, 1.9999390288295866, 1.9999984606326509, 1.9999983148378442, 1.999932966436732, 1.9972940751424202, 1.9002662725088157, 0.09507879382362686, 0.0024727791883575314, 6.089670607809765e-5, 1.4258802470470902e-6","1.2171720028640372e-10, 5.250854571727296e-8, 1.876772467966252e-5, 0.0057290187934010625, 0.9084278400058114, 0.99753733001104, 0.9999390566158181, 0.999998460714552, 0.9999983149875894, 0.9999330191663832, 0.997312844657016, 0.9059952416750405, 0.0035064134334623796, 1.0166705594194391e-5, 2.7671019014754906e-8, 6.357143035548479e-11"
-2.727272727272727,-1.8181818181818181,"2.149346103657787e-20, 6.877907531704919e-19, 1.485356976305141e-17, 3.157196726277789e-16, -3.3306690738754696e-16, 0.0, 0.0, 0.0, 0.0, 0.0, 0.0, -1.6653345369377348e-16, 1.457167719820518e-16, 1.0408340855860843e-17, 6.776263578034403e-21, -2.4352197233561135e-21","2.098728786849955e-6, 8.187044817346335e-5, 0.0030194659404172283, 0.10481096564917453, 1.8952660424881667, 1.9969846783694871, 1.999918130427392, 1.9999977260608897, 1.9999977228374164, 1.9999180084087957, 1.9969804408366203, 1.8951894271423653, 0.1047343496649579, 0.003015228759291449, 8.174864277670056e-5, 2.0955952823170143e-6","1.3715688172271098e-10, 4.993616018501497e-8, 1.511331207244488e-5, 0.004275596242181206, 0.8995051756830917, 0.996999621623072, 0.9999181799985234, 0.9999977262244938, 0.9999977230030243, 0.9999180585858011, 0.996995555768495, 0.8994649796812637, 0.004239176276563472, 1.4941691021699527e-5, 4.933438049256521e-8, 1.3547391993679465e-10"
-2.606060606060606,-1.7373737373737375,"1.9658256400750113e-9, 3.0116081850550813e-10, -5.0526134942607825e-9, -2.4100740680932375e-8, 8.525653771851438e-8, -5.480807691027323e-8, -3.6887236598559525e-9, -1.0348827350625811e-10, 2.5407043136027596e-10, 2.2972331259474288e-9, -6.031579796728082e-8, 6.784476125863692e-8, -8.534090455635749e-9, -1.2042040251260554e-9, -1.0747615458215805e-10, -4.377311051840127e-12","0.0019919259998598233, 0.06627943084718772, 1.1071203292317344, 1.947087040170072, 1.998308246894062, 1.9999490807035167, 1.9999965579396082, 1.9999359397164844, 1.9978709706185804, 1.9335291623656077, 0.89323389565426, 0.05295078879039855, 0.001694144984336926, 5.092308445697627e-5, 1.5201078144414897e-6, 4.289202024615964e-8","1.0297390044989933e-5, 0.002884262516621747, 0.5010093106950422, 0.9493687076574608, 0.9983181083627557, 0.9999491215068284, 0.9999965587815663, 0.9999359914031175, 0.9978835557280643, 0.9364333203008793, 0.39392739540790433, 0.002283219908258435, 9.894500805297925e-6, 4.0298312273370885e-8, 1.5896144565585474e-10, 0.0"
-2.484848484848485,-1.6565656565656566,"3.837532117792697e-13, 2.0649659418373392e-12, 1.934707385617407e-12, -1.1027344662406513e-10, -3.7669625752023705e-9, 4.309077372699477e-9, -4.716496082579624e-10, 3.8901382115597016e-11, 9.70079572226723e-12, 1.8524209943748815e-10, -7.2457830291305925e-9, -8.904742387905173e-9, 1.5454544269322135e-8, 7.312918933605195e-10, -2.341107569847449e-10, 3.803524539053825e-13","4.291241791555753e-6, 0.00013766379707732447, 0.004115687780047577, 0.11432114149111142, 1.670825740678341, 1.981102312752741, 1.9993295988226458, 1.9999774021703893, 1.9999946567173625, 1.9998620053537737, 1.9958840951030559, 1.8856802621670243, 0.329179749031834, 0.018895707254022936, 0.0006687340110726276, 2.095162771713617e-5","6.165181885321834e-10, 1.5302466852131841e-7, 3.0430817287344004e-5, 0.005636615652207754, 0.7774846064434546, 0.9818653300366738, 0.9993337100007214, 0.999977423523175, 0.9999946581320406, 0.9998621602910189, 0.9959145342359192, 0.8913167684742532, 0.10666300162808424, 0.0007628140907128199, 4.0779905162451056e-6, 1.6741888737411283e-8"
-2.3636363636363638,-1.5757575757575757,"-8.320109541581573e-13, -1.3246058808578217e-11, -1.4106273461165174e-10, -6.635561924147465e-10, -9.025278666779935e-10, 5.91457345600066e-9, -7.850342653714648e-9, 1.40103889600951e-9, -5.249126133755055e-10, 2.3082844524680013e-9, -1.5442713774405092e-10, 6.592383750003705e-9, 4.379930801379217e-8, 1.929049925908366e-7, -2.0902787793708466e-7, -3.364179597159685e-8","5.478489534015061e-8, 1.578862476398992e-6, 4.2417182571283975e-5, 0.0011277901080228904, 0.028013261615964537, 0.41854075875783636, 1.878258734269176, 1.995035895594881, 1.9998129696608342, 1.999991455256679, 1.9999577010484166, 1.9988791010657365, 1.9720943057536222, 1.5825071531344883, 0.12118262119197644, 0.004554201712409289","1.7495977146557048e-12, 3.5608306799021566e-10, 5.7516613739942423e-8, 9.005202069882006e-6, 0.001320727377393146, 0.1452766568088992, 0.8849400574056062, 0.9950815359378437, 0.999813267594594, 0.9999914592753095, 0.9999577600553601, 0.9988880682653478, 0.9734112485647254, 0.727634487071979, 0.006610293970564826, 3.542330303487097e-5"
-2.242424242424242,-1.494949494949495,"4.3439454507424036e-14, 5.850257344536258e-13, 4.9428933168726985e-12, -1.678102101720924e-13, -1.962707774083583e-12, -9.543477119677846e-13, -2.6970647937218928e-12, 1.9931278849583123e-12, 1.0624834345662748e-13, 1.9028112419050558e-12, 8.835154829966996e-13, -3.4724861874835256e-12, -3.499817623209278e-13, -1.8629601984329613e-13, -6.69592029223134e-13, 3.2065950524869493e-15","0.00029622575161095555, 0.007548242404434179, 0.16222846017924608, 1.8378330428862837, 1.992430115344292, 1.9996770248173588, 1.9999858213535748, 1.999985773033233, 1.9996762211642705, 1.9924189832063453, 1.8377304385028332, 0.16227073588489369, 0.007581073294005956, 0.0003237095059478181, 1.3604587107755359e-5, 5.280845519556511e-7","5.499222808403399e-7, 8.742052910263315e-5, 0.010067146777545319, 0.847889101501112, 0.9925184157453177, 0.9996777484804852, 0.9999858272089238, 0.9999857789200589, 0.9996769479175085, 0.9925075557287137, 0.8478031950963207, 0.010073240885782547, 8.857657397721646e-5, 7.264314775699302e-7, 5.754559699979695e-9, 3.5168725163371745e-11"
-2.121212121212121,-1.4141414141414141,"-1.0385791822365396e-13, -5.737176684249279e-13, -1.3125637729483053e-12, -1.0770967451279034e-12, -2.2996049509060867e-12, 1.5643597528480768e-12, 7.218114994600455e-13, 7.491229858658244e-13, 5.964673199798654e-13, 5.204170427930421e-13, 6.666889262874065e-13, 3.6165515027164474e-13, 1.6461831897629509e-13, 1.9631431896760532e-14, 1.7765330222532794e-15, 1.2387009820646888e-16","2.1382114232534862e-5, 0.00048812182360322576, 0.010012293845955185, 0.18473975655871275, 1.8152674036834553, 1.9899862059575657, 1.999509539376887, 1.999975251985271, 1.9999752519918372, 1.9995095395951612, 1.9899862100436922, 1.8152674438750402, 0.18473979702773216, 0.010012297941809249, 0.0004881220520602447, 2.1382126997583317e-5","1.2355827262124061e-8, 1.5891237142144478e-6, 0.00015012113376469859, 0.012993176949917262, 0.8282591692825899, 0.9901364091239087, 0.9995111539124751, 0.9999752691319459, 0.9999752691403256, 0.9995111541257885, 0.9901364129249638, 0.8282591910367342, 0.01299319552225379, 0.0001501214236701803, 1.5891261511517363e-6, 1.235585180878621e-8"
-2.0,-1.3333333333333333,"-2.2274495707516563e-11, 1.7497453681271369e-12, -1.9987478425825822e-10, 1.3260351983124252e-9, -9.441544213117936e-10, -9.256057031947762e-10, 8.95153451363484e-10, 1.061736476515307e-9, -2.3150137362648593e-10, -3.4226469436404727e-9, -9.391071198461276e-9, 4.941207387698654e-9, 3.0519026757158674e-8, -2.504117171476042e-8, 1.9254027129166768e-9, -4.920110700082944e-10","8.223241510765166e-5, 0.0016298567930267465, 0.027044690214099623, 0.3191101961139019, 1.8007286390060866, 1.9872603154541906, 1.9992737604300093, 1.9999542678524755, 1.999904950355272, 1.9983575541514202, 1.9729434634756915, 1.6809275954155658, 0.19928859748416583, 0.012736678299654951, 0.0007212044436450048, 3.599809568605841e-5","2.1404235338028064e-7, 2.113360120299162e-5, 0.0014033952352211756, 0.07030890982793457, 0.8167040712836688, 0.987509545944383, 0.9992773846110116, 0.9999543502090754, 0.9999052901969375, 0.9983792142389204, 0.9743486109372997, 0.7512153039343593, 0.01597891219847779, 0.0002489907349992827, 3.520661911952601e-6, 3.504102094463342e-8"
-1.878787878787879,-1.2525252525252526,"-3.074252962929295e-12, -5.174028116757337e-11, -5.965220496381707e-10, -2.5548627519134115e-9, -6.782629069501667e-9, 5.717004258887215e-9, 3.605966303332764e-9, 1.0346736800670442e-9, 1.840006980113884e-9, 5.5367880724688234e-8, 2.1555882634416434e-9, -1.3522063119220107e-7, 6.477214586214641e-8, 9.915884607337999e-9, 6.897796175388271e-10, 1.1052959201989323e-10","8.32163191468045e-5, 0.0014416814775964947, 0.021212648380561097, 0.2619393937187783, 1.7535788887666235, 1.9809870868419024, 1.998714872203986, 1.9999094926136398, 1.9998987090319762, 1.9985442394344275, 1.9787780924047942, 1.7381018309046872, 0.24645684023259007, 0.019006513317674945, 0.001273223817989417, 7.3270533635247e-5","1.830092082187785e-7, 1.4023616935911294e-5, 0.000704242199544709, 0.029856260891233968, 0.7765053343652181, 0.9814857655166389, 0.9987248734520761, 0.9999097291352174, 0.9998990346267651, 0.9985587443802139, 0.9794834334723201, 0.7679440030972291, 0.022935647260228013, 0.0004980501181672511, 9.676185275353296e-6, 1.254188673362696e-7"
-1.7575757575757576,-1.1717171717171717,"-5.91229383159475e-11, -1.0205777889460421e-10, 7.222383802130139e-11, -1.7555923381706862e-10, 1.2164332874320394e-9, -1.1029204216583821e-9, -1.153329542979975e-9, -7.376295130256949e-10, -1.5100309891380448e-10, 4.963831012894104e-10, 6.665929808136184e-9, 7.67883434615868e-9, -1.6976810185073687e-8, 3.7098848602520884e-9, 4.839927328814837e-10, 1.347504253870009e-10","0.0017986495827306173, 0.025809477736406492, 0.27392217442041233, 1.593152974510985, 1.9505637788309889, 1.9956174726762954, 1.999632134081935, 1.9997990219440915, 1.9978280262101136, 1.9736730235131268, 1.725564456609873, 0.4081271616473027, 0.04972577341437613, 0.0044114465823975445, 0.000350883357354493, 2.3544881604150373e-5","1.584734726330159e-5, 0.0008990180390292267, 0.02971429532199942, 0.681298215422966, 0.9540613761440464, 0.9957258496913642, 0.9996356904704111, 0.9998003250918666, 0.9978557417173644, 0.974618273344777, 0.7553866607775817, 0.08850114233161119, 0.003519547121510961, 0.00010846154247113727, 2.977879203858357e-6, 5.118053286896812e-8"
-1.6363636363636365,-1.0909090909090908,"2.317585142894152e-12, -5.013144933896374e-11, -5.145942422180028e-10, 4.794754593362427e-10, -3.8816261316299006e-10, 3.521127278638403e-10, -7.84873277481779e-11, -5.098312716445008e-9, -8.677141949409162e-9, 1.6546070569223303e-8, 8.178109023315727e-9, -1.1887227341356166e-8, 2.4598638525413774e-9, -2.0526071354762254e-9, 4.6430491753863407e-10, 2.644105304629461e-10","0.0036637289450976826, 0.043483017531172036, 0.35847321066429894, 1.6367537524038158, 1.95446888647592, 1.9952640922426004, 1.9994990549550302, 1.9994983122194134, 1.9952941476393558, 1.954993690725206, 1.6402036522514956, 0.36651545644844297, 0.046499849999572254, 0.004881304420886112, 0.00047047622864670373, 3.736684904769212e-5","5.1208883150789826e-5, 0.002129425499373591, 0.04662873066559297, 0.6855603163288735, 0.9568735501094953, 0.9953688777133682, 0.9995031623856772, 0.9995023060150621, 0.9953951013554596, 0.9572963112512404, 0.6871465062584003, 0.049822430574299255, 0.002499656197452211, 0.00011036229300357126, 4.411765346482472e-6, 1.0245265551451624e-7"
-1.5151515151515151,-1.0101010101010102,"-1.7057193098289972e-10, -1.2455728982951886e-10, 7.368269883123446e-10, -2.2528356430351337e-8, 6.893774390226426e-8, -3.389115099672324e-9, -4.269795900180284e-8, 1.3165312617857694e-8, -5.671011937824488e-9, 5.6998961106558e-11, -4.098943445773884e-8, 4.521382057642853e-8, -2.117463701600819e-8, -3.264877958264467e-8, 3.8934304096710504e-8, 2.3494154891955804e-9","0.0008903902245044292, 0.00894879045254724, 0.06566756023385105, 0.37923367092203625, 1.3170772058315698, 1.8410332677943286, 1.9740009636311266, 1.9961069770418696, 1.9981640266185154, 1.9904957056448542, 1.9343132556178473, 1.622668802839628, 0.6863562963793592, 0.15816906127501648, 0.024358929392748474, 0.0025150961001868164","1.0496271159248827e-5, 0.00031956551890984126, 0.004857277302845334, 0.059100276961151214, 0.5027135588618705, 0.8610730634783145, 0.975655903018418, 0.9962543680597481, 0.998224088185426, 0.9908783322741812, 0.9391989851319844, 0.6812673704409289, 0.18757567642358877, 0.019816422764722064, 0.0014270346859694054, 4.7979697725259014e-5"
-1.393939393939394,-0.9292929292929293,"-1.6373262812490602e-7, -9.038759552632003e-8, -1.47423089458254e-7, 3.348771291655783e-7, 2.5017963753426464e-6, -2.8255019476897125e-6, 1.3701819795430836e-6, -1.0351443757716794e-8, -1.2147260974870733e-7, -2.607129951925913e-7, -3.6500743427758664e-8, 6.476930325405306e-9, -3.3688153903976836e-7, -1.8384457005013455e-7, -2.962237346387786e-8, -6.900878926890258e-9","0.012145169570415369, 0.08892113424448307, 0.37418467421446255, 0.988685898965201, 1.5992474287324017, 1.8884511546073477, 1.9720780429443023, 1.9875363318551376, 1.9731360498238948, 1.8943247615177805, 1.6227550087965494, 1.0391998253602328, 0.4195482117705702, 0.11386461887585009, 0.022950289959844248, 0.002971398761509669","0.0004359814165529998, 0.008786951388474577, 0.06699517830242796, 0.31185370303516113, 0.6729451742391924, 0.901138637283395, 0.9743699075315935, 0.9885079049482036, 0.9753442071620054, 0.906266764947958, 0.6908253900315487, 0.3357116251388813, 0.07859371018225758, 0.012829912863541477, 0.0015045015426435916, 7.239530689662948e-5"
-1.2727272727272727,-0.8484848484848485,"5.121624617465681e-10, 1.591736423223189e-9, 1.8332382278885007e-9, 1.4462832043093954e-9, -1.0695370145086258e-9, 7.582639627301546e-9, 9.751929874735055e-9, -7.395023482459351e-9, -5.562030780392746e-9, -2.510453844806193e-9, 9.060911465574861e-10, -1.172706542984514e-9, -2.5834328565288445e-9, -2.7489343856768045e-9, -4.54099272073627e-10, -1.2786289041444299e-10","0.06184914974990585, 0.30585663822457254, 0.6873696121913995, 1.0086638967293973, 1.258437900335161, 1.450050324566551, 1.5810130261933288, 1.6452733630750094, 1.6453789875367737, 1.5813272959133664, 1.450549328557471, 1.259029288646682, 1.0092282961629868, 0.6879011937975184, 0.3061565948461995, 0.061915103473673905","0.0041617791416170965, 0.05056479147896487, 0.16207896424398388, 0.29462577943439894, 0.43616013418759647, 0.5639295519485767, 0.6598624911420926, 0.7092612665396716, 0.7093424082974544, 0.6600981434654956, 0.5642835217993032, 0.4365328996989312, 0.29490394199215153, 0.16226252239882352, 0.0506312082140969, 0.004167554973608561"
-1.1515151515151516,-0.7676767676767676,"2.5547619575405633e-13, 4.73981964788095e-13, 2.856048730848215e-13, 3.959610417325621e-13, 3.0542235407438056e-13, 3.483879851273741e-13, 4.2560399649005376e-13, 2.356448369766895e-13, 4.189981694935341e-13, 1.6830981053317373e-13, 5.052624985069087e-13, -2.586264535864302e-13, -1.0096923297453486e-12, 2.7111646261346323e-12, -1.022529283467577e-11, 4.9635434651307264e-12","0.20689853445660045, 0.7401427455069589, 1.0227691342307481, 1.1410610606228566, 1.1901410539809494, 1.2283391475289107, 1.2297153872722197, 1.2409329326893115, 1.2409329327834906, 1.229715387886335, 1.2283391484532435, 1.1901410549695477, 1.141061062026841, 1.0227691354159656, 0.7401427470432362, 0.20689853513276454","0.02138092040378896, 0.17226527794775898, 0.2859595986421158, 0.3546002177532453, 0.38173080261660075, 0.40625194376235757, 0.4063305709685455, 0.41369995442801794, 0.4136999544786058, 0.4063305713566636, 0.40625194434103545, 0.3817308032069317, 0.35460021857242713, 0.2859595992205627, 0.1722652785135143, 0.02138092051525773"
-1.0303030303030303,-0.6868686868686869,"2.1065094113481564e-13, -7.144285163462882e-14, -2.183808689437683e-13, 1.1834977442504169e-13, -4.1772141301521515e-13, -3.833044992518353e-13, -7.577272143066693e-14, -6.400435736964027e-14, -1.5309975509580909e-13, -1.1013412404281553e-13, 8.245626403891038e-13, -1.1433076707589862e-12, -2.5307533846330443e-13, -1.371680546924381e-12, 4.583305956984418e-12, -1.4747925103364423e-12","0.3243680963244978, 0.9351060555018491, 1.0431139220332333, 1.1372613215181109, 1.1218718631943068, 1.153441081875135, 1.1377118342921477, 1.147125825257719, 1.147125825251461, 1.1377118342973151, 1.1534410818945229, 1.121871863208524, 1.1372613215119576, 1.043113922022014, 0.9351060554417037, 0.32436809637549396","0.041158200860934475, 0.24398589965527112, 0.29112710050830015, 0.34603592548366896, 0.3358208226297407, 0.35464989766898625, 0.34513719919210273, 0.35072702091591906, 0.3507270209143066, 0.34513719919395947, 0.3546498976769477, 0.3358208226352227, 0.34603592547429596, 0.2911271004850488, 0.24398589963550585, 0.041158200856915975"
-0.9090909090909091,-0.6060606060606061,"1.0824674490095276e-15, 1.887379141862766e-15, 7.216449660063518e-16, 9.992007221626409e-16, -1.942890293094024e-15, -4.996003610813204e-16, -1.9984014443252818e-15, 5.551115123125783e-17, -1.887379141862766e-15, -1.0547118733938987e-15, -1.2212453270876722e-15, 7.216449660063518e-16, 8.881784197001252e-16, -2.220446049250313e-16, 9.992007221626409e-16, 1.7763568394002505e-15","0.42977498184115864, 1.0354531504813511, 1.029816981236817, 1.1192584436428703, 1.079317445442265, 1.1119440117648427, 1.0923974526851987, 1.1020375329121084, 1.1020375329126686, 1.0923974526813653, 1.1119440117810202, 1.0793174454348535, 1.119258443630915, 1.029816981208422, 1.0354531505326683, 0.42977498181147955","0.06292258752151829, 0.28457610173826414, 0.2812641754828416, 0.330456756736315, 0.3079465015431233, 0.32605659904833334, 0.3151228911710523, 0.3204583374361319, 0.32045833743746155, 0.31512289116974385, 0.32605659905255524, 0.3079465015383668, 0.3304567567338234, 0.28126417541788123, 0.28457610177868636, 0.06292258750377162"
-0.7878787878787878,-0.5252525252525253,"8.210931934371501e-13, 1.2867484855405564e-13, -6.833422716567839e-14, -2.5979218776228663e-14, 5.435096817052454e-13, -1.1218803663837207e-13, 3.5504932327512506e-13, -2.1926904736346842e-14, -1.9068080447937064e-13, 2.348121697082206e-14, -2.896016759734721e-13, -1.6669998714746725e-13, -3.29625216011209e-13, -1.1302070390684094e-13, -3.632649736573512e-13, -1.909306046599113e-13","0.5259736556284837, 1.0832923337976201, 1.0151141623139681, 1.0996630123710267, 1.0521722427078113, 1.0846830320544036, 1.0648287625428372, 1.0742727985951492, 1.0742727985819278, 1.0648287625447055, 1.0846830320695604, 1.0521722426980227, 1.0996630123716349, 1.015114162260288, 1.083292333874175, 0.525973655588392","0.08606118206045497, 0.30410953116356065, 0.27108012454863856, 0.3153460355210776, 0.289959046803347, 0.3071583273718334, 0.2965439134788571, 0.30154441960733586, 0.30154441959794814, 0.29654391348054304, 0.3071583273754814, 0.2899590467987182, 0.3153460355225608, 0.2710801245125538, 0.30410953125105655, 0.08606118203846375"
-0.6666666666666666,-0.4444444444444444,"-7.316369732279782e-14, -2.731148640577885e-14, -7.05546732149287e-14, -2.9531932455029164e-14, -5.2735593669694936e-14, -3.9246383920499284e-14, -5.051514762044462e-14, -4.0967229608668276e-14, -2.4424906541753444e-14, -9.936496070395151e-15, -1.63202784619898e-14, 1.3888890038060708e-13, -9.120482147295661e-14, 7.6261219561502e-13, -1.2673195826096162e-13, -2.4913404672588513e-13","0.6145698320774102, 1.1000603445259074, 1.0038793483522928, 1.0813834977974244, 1.0341547935335622, 1.0648434993594198, 1.046151434618466, 1.0549572497336999, 1.0549572497364894, 1.046151434617622, 1.0648434993642968, 1.034154793532101, 1.0813834978002372, 1.0038793483142818, 1.1000603446034583, 0.6145698320333373","0.1101909468489484, 0.3098024549117933, 0.26287272595311384, 0.30209270630766233, 0.277621495726691, 0.29335834258653976, 0.2836519074779774, 0.2881815390288486, 0.28818153902807714, 0.2836519074732563, 0.2933583425824963, 0.27762149572034234, 0.3020927063138122, 0.2628727259569938, 0.30980245496737613, 0.11019094679416254"
-0.5454545454545454,-0.36363636363636365,"8.581746424596304e-13, 2.881028748902281e-13, 3.850531005156199e-13, 2.237654506132003e-13, 2.910449659054848e-13, -1.3844481117075702e-13, -6.206146707654625e-14, 8.548717289613705e-13, -1.0552669849062113e-13, -8.643086246706844e-14, -2.0883295093199195e-13, -3.6071146070071336e-13, -3.668176873361517e-13, 1.6896484211770257e-12, -5.813238779239782e-12, 2.551348021739841e-12","0.6966805655915249, 1.0981165911977526, 0.9964585221295152, 1.064705902220347, 1.0217993188375374, 1.0492382632728716, 1.0325903123509315, 1.0404105243946495, 1.0404105243978274, 1.0325903123502944, 1.0492382632696786, 1.0217993188454952, 1.0647059022196228, 0.9964585221068841, 1.0981165912455355, 0.696680565569522","0.13504787015179137, 0.3066419251000905, 0.25676969505910624, 0.29055257003099827, 0.26875696689734907, 0.2825429699941898, 0.27406230681334887, 0.2780076876308003, 0.27800768763355294, 0.2740623068096153, 0.28254296998783734, 0.26875696689802797, 0.29055257004157226, 0.25676969504338465, 0.30664192514628563, 0.13504787011382252"
-0.42424242424242425,-0.2828282828282828,"1.7200130209005238e-13, 3.091971123581061e-14, 1.6484036358122012e-13, 8.215650382226158e-15, 1.3750112159982564e-13, 5.695444116327053e-14, 7.749356711883593e-14, 5.617728504603292e-14, 8.343326030058051e-14, 1.2589929099249275e-13, 1.3389289676979388e-13, -2.4291679778798425e-13, -6.550315845288424e-14, 1.5933920849420247e-12, -7.0013439490423934e-12, 4.66857108527563e-12","0.7730064863882415, 1.0848246872330853, 0.9924738795639585, 1.0492850181337514, 1.0131687732171875, 1.036187596898782, 1.0222553246442907, 1.0287982339260735, 1.028798233925687, 1.022255324644084, 1.0361875968985184, 1.0131687732191472, 1.0492850181283577, 0.9924738795600151, 1.0848246872530587, 0.7730064863657673","0.16039822223167088, 0.29796334811476066, 0.2525608110803613, 0.28030336698971803, 0.26219227203472495, 0.2736025782601305, 0.2665962239267439, 0.2698538804399473, 0.26985388043990205, 0.2665962239262426, 0.27360257825965234, 0.2621922720307634, 0.28030336699922753, 0.25256081106659317, 0.29796334817800185, 0.16039822214964408"
-0.30303030303030304,-0.20202020202020202,"1.0547118733938987e-15, 1.1102230246251565e-16, 3.0531133177191805e-16, 8.881784197001252e-16, 8.326672684688674e-16, 0.0, 2.7200464103316335e-15, -3.3306690738754696e-16, 8.326672684688674e-16, -1.4432899320127035e-15, -1.2212453270876722e-15, -6.106226635438361e-16, 8.326672684688674e-16, -1.1934897514720433e-15, 5.551115123125783e-17, -2.6367796834847468e-15","0.8439796526444151, 1.064667491205716, 0.991503083334978, 1.0347147409053714, 1.0071590009923108, 1.0247476070513433, 1.014114526087932, 1.0191138977764496, 1.0191138977766898, 1.0141145260878193, 1.0247476070540098, 1.0071590009926648, 1.0347147409024813, 0.9915030833478706, 1.064667491171623, 0.8439796526683225","0.18601830512981674, 0.28597987820528886, 0.2500314625004062, 0.27096813593412006, 0.25726916358376356, 0.2659102723815277, 0.2606104028968581, 0.26307704290541245, 0.2630770429056615, 0.2606104028966175, 0.26591027238253157, 0.25726916358443275, 0.2709681359378995, 0.25003146251171837, 0.28597987827815663, 0.186018305102574"
-0.18181818181818182,-0.12121212121212122,"7.510658761589184e-14, 1.4105383527862614e-13, -4.493627692170321e-14, -1.425526363618701e-13, -9.792167077193881e-14, -9.697798120100742e-14, -7.294165271787278e-14, 1.1324274851176597e-13, 1.1440848268762238e-13, 5.67323965583455e-14, -5.190292640122607e-14, 1.071365218763276e-13, -1.6758816556716738e-13, 4.686251386942786e-13, -1.151023720780131e-12, 7.502332088904495e-13","0.9099120868427513, 1.0404217627090748, 0.9931801288421864, 1.0206599328755122, 1.0031277147813542, 1.0143581672241266, 1.0075713677371962, 1.0107688389913898, 1.0107688389921141, 1.0075713677367495, 1.0143581672226865, 1.003127714781282, 1.020659932874266, 0.9931801288490985, 1.0404217626781458, 0.9099120868620741","0.21170460304411567, 0.2721584842401507, 0.2490075971330281, 0.2622683253660234, 0.2536058222863398, 0.2590909743750413, 0.25572974717956787, 0.2572974827360521, 0.25729748273611863, 0.2557297471793303, 0.2590909743729226, 0.2536058222861873, 0.2622683253665269, 0.249007597131558, 0.27215848426535444, 0.21170460302004604"
-0.06060606060606061,-0.04040404040404041,"2.567945855957987e-13, 1.0313971898767704e-13, 1.1482481632185682e-13, 2.1782575743145571e-13, -3.552713678800501e-15, 1.4660495040175192e-13, 1.1612932837579137e-13, 4.0967229608668276e-14, -4.091171845743702e-14, -1.624256285026604e-13, -8.676392937445598e-14, 9.853229343548264e-14, -1.290079154614432e-13, -9.614531393253856e-14, -1.6499024368954451e-12, 1.0730305533002138e-12","0.9710938899925421, 1.0138238370497257, 0.9971968618824556, 1.0068641595543562, 1.000693796139268, 1.0046646359129694, 1.0022645710372515, 1.0033982484345538, 1.0033982484343222, 1.0022645710369162, 1.0046646359120124, 1.0006937961375098, 1.00686415955156, 0.9971968618883789, 1.0138238370375219, 0.9710938899986625","0.23728808412213753, 0.2574662833901675, 0.24935101357459935, 0.25400888086336487, 0.25097444682339126, 0.2529065717683116, 0.2517236405856186, 0.25227708929498416, 0.2522770892947231, 0.2517236405854993, 0.25290657176696674, 0.25097444682168024, 0.2540088808624989, 0.24935101357681647, 0.2574662833944806, 0.23728808411242366"
0.06060606060606061,0.04040404040404041,"7.227551890309769e-14, 2.007283228522283e-13, -1.1063372440389685e-13, -3.266831249959523e-14, -4.4797499043625066e-14, -1.4119261315670428e-13, -1.9800827644189667e-13, -1.2215228828438285e-13, -1.8082757513582237e-13, -2.9504176879413535e-14, -2.7755575615628914e-16, 5.948019854429276e-14, 3.949340854347838e-13, 3.858025010572419e-13, 6.361577931102147e-14, -3.161360062620133e-13","1.027838761204811, 0.9859581451758552, 1.0032945067581869, 0.9931300536280674, 0.999627407411256, 0.9954236085277306, 0.9979659791204306, 0.9967615381741946, 0.9967615381742598, 0.9979659791201465, 0.9954236085276098, 0.9996274074110432, 0.9931300536274583, 1.0032945067649053, 0.985958145174226, 1.0278387611998294","0.2626421471485711, 0.24253161662072378, 0.25095120361052214, 0.24605349378428984, 0.249236270518639, 0.24719554190878337, 0.24844376023479492, 0.24785749770084003, 0.24785749770060234, 0.2484437602342456, 0.24719554190988335, 0.24923627051777505, 0.24605349378359356, 0.2509512036128841, 0.24253161661074038, 0.26264214716098827"
0.18181818181818182,0.12121212121212122,"-2.4136248555350903e-13, 1.9789725413943415e-14, -1.5337731085196538e-13, 5.218048215738236e-14, -1.0777490011548707e-13, -7.846501226538294e-14, -4.757305660518796e-14, 1.9539925233402755e-14, 2.556288514199423e-14, 6.850076061937216e-14, 5.895284260759581e-14, 1.1587952819525071e-13, 1.2934098236883074e-14, 1.4827028493868966e-13, 6.68076705068188e-14, 4.04121180963557e-14","1.0804929980212754, 0.957492972069923, 1.011257407616276, 0.9792997451202107, 0.9997890985924143, 0.9864525028742348, 0.9945262013465994, 0.9906890743565986, 0.9906890743576597, 0.9945262013466973, 0.9864525028757999, 0.999789098593213, 0.979299745119018, 1.0112574076224417, 0.9574929720676286, 1.080492998020003","0.28768268584363116, 0.2277521872966084, 0.25372000233454756, 0.2383045461322645, 0.24830621270600406, 0.24184045424017067, 0.24579122580758872, 0.2439271660321703, 0.2439271660324702, 0.24579122580710228, 0.24184045424204823, 0.24830621270515946, 0.23830454613133134, 0.2537200023396508, 0.22775218726335245, 0.28768268587496104"
0.30303030303030304,0.20202020202020202,"3.7109204598095857e-13, 1.7574830479816228e-13, 2.5079938126282286e-13, 4.1022740759899534e-14, 1.3344880755994382e-13, -4.7933879088191134e-14, 2.2148949341271873e-13, -6.666889262874065e-14, 6.081246617384295e-14, -1.4152568006409183e-13, 1.9984014443252818e-14, -4.153899446635023e-13, 1.322830733840874e-13, 6.265543639472071e-13, -3.0120350658080497e-13, -1.060374010819487e-12","1.1294253172863011, 0.9288290628003459, 1.02090813503619, 0.965241209601774, 1.0010954663533898, 0.9776027673193521, 0.991844852158934, 0.9850531894403483, 0.9850531894406895, 0.9918448521591119, 0.9776027673194438, 1.0010954663549856, 0.9652412096014047, 1.0209081350299414, 0.9288290628414768, 1.1294253172562962","0.31236245556525566, 0.2133695439923459, 0.25758816250748057, 0.23068960988504394, 0.24813318152494993, 0.23675035749389256, 0.2436986258577748, 0.24040337377253562, 0.24040337377241938, 0.24369862585754262, 0.23675035749483864, 0.24813318152410185, 0.23068960988196388, 0.2575881625102615, 0.21336954397927843, 0.3123624555581198"
0.42424242424242425,0.2828282828282828,"-2.8976820942716586e-13, 2.470801341303286e-13, -6.467049118441537e-14, 2.9254376698872875e-14, -2.450817326860033e-13, 9.039990978010337e-14, -2.6645352591003757e-15, 1.0083600621157984e-13, -1.9290125052862095e-14, 9.361955655151633e-14, -4.2771342023684156e-14, 6.306066779870889e-14, -7.507883204027621e-14, 1.0785816684233396e-13, 1.7486012637846216e-15, 5.384581669432009e-15","1.1750100522329299, 0.900196051815601, 1.0321025402634296, 0.9508402010262837, 1.00349919258724, 0.9687459444098276, 0.9898537544620407, 0.9797522632020621, 0.9797522632021316, 0.9898537544618424, 0.9687459444096962, 1.0034991925883738, 0.9508402010251111, 1.0321025402553672, 0.9001960518438168, 1.1750100522142493","0.33666262405072667, 0.199521054243319, 0.26250261069899133, 0.22315317381828184, 0.24868872421211388, 0.23185125693806824, 0.2421198254652675, 0.23722218455305724, 0.23722218455263278, 0.2421198254650077, 0.23185125693814254, 0.2486887242098751, 0.22315317381220126, 0.2625026106944665, 0.19952105422142968, 0.3366626240335281"
0.5454545454545454,0.36363636363636365,"5.380695888845821e-13, -2.2792878695554464e-13, 3.481659405224491e-13, -8.162914788556463e-14, 4.1505687775611477e-13, 5.750955267558311e-14, 1.6106560529749459e-13, -2.373101715136272e-14, 6.75848266240564e-14, -9.800493749878569e-14, 8.545941732052142e-14, -3.180233854038761e-13, -1.435240815084171e-13, -1.1299849944634843e-12, 3.6548264414904e-12, -3.3048563885529347e-12","1.217610863044151, 0.8717161482258691, 1.0447242978778832, 0.9359961735663391, 1.0069768325754653, 0.9597667393933749, 0.9885070288318347, 0.9747019164856556, 0.9747019164869153, 0.9885070288310012, 0.9597667393936531, 1.00697683257585, 0.935996173566944, 1.0447242978572855, 0.8717161482765832, 1.2176108630111901","0.36058377201860237, 0.18627617407443064, 0.2684237437695479, 0.21565191148451815, 0.2499601290255993, 0.22708102054912374, 0.2410239000796746, 0.23433273026750404, 0.23433273026723825, 0.24102390007872126, 0.22708102054949883, 0.24996012902172504, 0.2156519114763486, 0.26842374376128114, 0.1862761739815059, 0.36058377194312613"
0.6666666666666666,0.4444444444444444,"5.551115123125783e-17, 1.1102230246251565e-16, 2.7755575615628914e-16, 5.273559366969494e-16, 9.43689570931383e-16, -3.0531133177191805e-16, 1.2490009027033011e-15, -9.71445146547012e-16, 1.0269562977782698e-15, -1.582067810090848e-15, 7.771561172376096e-16, -1.2212453270876722e-15, -3.3306690738754696e-16, -7.216449660063518e-16, -7.494005416219807e-16, 5.551115123125783e-16","1.2575680438440355, 0.8434465335775179, 1.0586790519180131, 0.9206207661130683, 1.0115207368072756, 0.9505599291080247, 0.9877748329450144, 0.9698301056879186, 0.9698301056890468, 0.9877748329446459, 0.9505599291084753, 1.0115207368074535, 0.9206207661133029, 1.0586790519124092, 0.8434465335786026, 1.2575680438451722","0.3841376960059837, 0.17366153010402224, 0.2753225598232329, 0.2081521647719279, 0.25194587514346856, 0.22238672900456782, 0.24039126596149882, 0.23169386763536243, 0.23169386763391722, 0.24039126595960408, 0.22238672900252776, 0.25194587513829764, 0.20815216476033924, 0.2753225598245005, 0.17366152997355008, 0.38413769594019576"
0.7878787878787878,0.5252525252525253,"-2.8208546609675977e-12, -1.6586731987899839e-13, -1.8159918013793686e-12, 3.0175861809311755e-13, -7.756018050031344e-13, 9.165168624036824e-13, -2.554623179662485e-13, 9.342526752220692e-13, 9.46465128492946e-15, 9.137968159933507e-13, 3.3112401709445294e-14, 9.429124148141454e-13, 1.326716514427062e-14, 9.323652960802065e-13, 9.131584377541913e-15, 8.267275752871228e-13","1.2951900954888513, 0.8154076272854216, 1.073888443196001, 0.9046378670435256, 1.0171331319045465, 0.9410294299119497, 0.9876390168444785, 0.965074388324727, 0.9650743883255453, 0.9876390168442808, 0.9410294299124105, 1.0171331319063615, 0.904637867039824, 1.0738884431968876, 0.8154076272904744, 1.2951900954847222","0.40734061148885503, 0.1616780114294063, 0.28317761501343025, 0.20062874733885777, 0.25465228211008145, 0.21772339711638888, 0.24021097374496836, 0.22927215745459414, 0.2292721574531071, 0.240210973743526, 0.2177233971150573, 0.2546522821052052, 0.20062874732059544, 0.2831776149796956, 0.1616780112253691, 0.40734061145753875"
0.9090909090909091,0.6060606060606061,"-3.9745984281580604e-14, -6.042388811522414e-14, 5.440092820663267e-15, 1.5543122344752192e-15, 5.21249710061511e-14, -1.3600232051658168e-15, -2.353672812205332e-14, 1.496580637194711e-13, 2.781108676686017e-14, -4.468647674116255e-15, -3.4416913763379853e-15, 5.473399511402022e-14, 2.9956592761948286e-13, -4.015676680069191e-13, -4.326261571208079e-13, 3.7586600498684675e-13","1.3307490782117988, 0.7876018753645011, 1.0902842661362866, 0.8879846507561087, 1.0238212835061526, 0.9310886489116277, 0.9880897620255669, 0.9603804350869293, 0.960380435089249, 0.9880897620252747, 0.9310886489114814, 1.0238212835078264, 0.8879846507537235, 1.0902842661415093, 0.7876018753469496, 1.3307490782250229","0.4302078761889386, 0.15031219658707634, 0.2919718597389103, 0.19306450111582363, 0.2580907239259139, 0.21305348696639861, 0.24047860353829398, 0.22704059826955098, 0.22704059826922032, 0.2404786035375856, 0.2130534869644905, 0.2580907239224657, 0.19306450110180468, 0.29197185970540335, 0.15031219636730694, 0.43020787615380535"
1.0303030303030303,0.6868686868686869,"2.015665412358203e-12, 1.3114509478384662e-13, 1.403155369672504e-12, -2.6892377213982854e-13, 6.546430064702236e-13, -7.638334409421077e-13, 2.949029909160572e-13, -8.048284261263916e-13, 2.10997885830011e-13, -7.96723798046628e-13, 1.7946755193065655e-13, -7.489009412608993e-13, -1.304512053934559e-14, -1.2784218128558678e-12, 2.4756030558847897e-12, -2.691125100540148e-12","1.3644788771768526, 0.7600261544075364, 1.1078029299487966, 0.870613215017136, 1.0315931634221531, 0.920661660854342, 0.9891227049864815, 0.9557012941862286, 0.9557012941859815, 0.9891227049862086, 0.9206616608517867, 1.0315931634242608, 0.870613215021596, 1.1078029299365997, 0.7600261544196774, 1.3644788771743723","0.45275011350844185, 0.13954380844164577, 0.30168941708974034, 0.1854502520579926, 0.26227505442979326, 0.20834689035704979, 0.2411944506306224, 0.22497780118901356, 0.22497780118737284, 0.24119445063006134, 0.2083468903521827, 0.262275054428995, 0.18545025204696702, 0.30168941704836666, 0.1395438081855726, 0.45275011343143884"
1.1515151515151516,0.7676767676767676,"2.0850543513972752e-12, 6.88338275267597e-14, 1.722011422344849e-12, -1.7513768213461844e-13, 1.0754730439543891e-12, -5.632716515435732e-13, 8.622824676507435e-13, -6.703804178442851e-13, 6.903366767119223e-13, -7.965850201685498e-13, 5.423994586806202e-13, -1.1106671138350066e-12, 1.3009038291045272e-13, -2.5479618415147343e-12, 3.1578906156681796e-12, -4.47020198635073e-12","1.3965755288591497, 0.7326798481800034, 1.126380347753555, 0.8524925672108579, 1.0404533364325326, 0.9096849490977034, 0.9907362857110311, 0.9509971367564556, 0.9509971367538467, 0.9907362857144694, 0.9096849490959107, 1.040453336431964, 0.8524925672133616, 1.1263803477438343, 0.7326798481796009, 1.3965755288657014","0.47497053571534886, 0.1293504117097268, 0.31231237019253916, 0.17778493445201848, 0.2672190544669144, 0.20358118404863193, 0.24236182772818296, 0.22306742468361224, 0.223067424680009, 0.24236182773029757, 0.20358118404548806, 0.26721905446404987, 0.17778493443801893, 0.31231237015456403, 0.12935041147978135, 0.4749705356335635"
1.2727272727272727,0.8484848484848485,"0.0, 2.7755575615628914e-17, 0.0, -2.7755575615628914e-17, 2.220446049250313e-16, -8.326672684688674e-17, 5.551115123125783e-17, -3.0531133177191805e-16, -3.885780586188048e-16, 1.942890293094024e-16, -1.6653345369377348e-16, 2.7755575615628914e-16, -2.220446049250313e-16, 4.996003610813204e-16, 1.3877787807814457e-16, 1.6653345369377348e-16","1.4271989311227924, 0.7055699484111879, 1.1459473649259517, 0.8336107429167263, 1.050398972454026, 0.8981095170326785, 0.9929292037725665, 0.9462353193637145, 0.9462353193607399, 0.9929292037751869, 0.8981095170311375, 1.0503989724553708, 0.8336107429147812, 1.1459473649189493, 0.7055699484215852, 1.4271989311226196","0.4968632744760258, 0.11971020986370738, 0.3238176405839041, 0.1700757175754049, 0.27293381955415863, 0.1987420145283074, 0.24398539053734272, 0.22129775404875962, 0.22129775404498372, 0.24398539053904436, 0.1987420145258318, 0.2729338195532178, 0.17007571756156314, 0.32381764054345646, 0.11971020962089644, 0.4968632743905022"
1.393939393939394,0.9292929292929293,"5.551115123125783e-17, 0.0, 1.6653345369377348e-16, 2.7755575615628914e-17, 1.6653345369377348e-16, -8.326672684688674e-17, 1.3877787807814457e-16, 1.6653345369377348e-16, 6.106226635438361e-16, -3.608224830031759e-16, 8.326672684688674e-17, -2.7755575615628914e-16, 2.7755575615628914e-16, -4.996003610813204e-16, -2.7755575615628914e-17, -3.3306690738754696e-16","1.456475465874509, 0.678714044391762, 1.166425858015384, 0.8139768247349066, 1.0614160309089233, 0.8859031720212402, 0.9956979600829241, 0.9413906439714469, 0.941390643970586, 0.9956979600823701, 0.8859031720217065, 1.0614160309083656, 0.8139768247320718, 1.1664258580170186, 0.6787140443858508, 1.4564754658809476","0.5184125720353095, 0.11060353458502387, 0.3361740703702056, 0.16233799949890337, 0.2794250918983877, 0.1938234845231266, 0.24606944942214404, 0.2196613420036888, 0.21966134200030754, 0.24606944942193607, 0.19382348452132908, 0.2794250918958207, 0.162337999485536, 0.33617407035774355, 0.1106035343822574, 0.518412571942459"
1.5151515151515151,1.0101010101010102,"-2.1316282072803006e-14, -6.63358257213531e-15, -3.6637359812630166e-14, -3.6637359812630166e-15, -8.487655023259322e-14, 1.7236212457305555e-14, -8.154588115871775e-14, 2.811639809863209e-14, -6.386557949156213e-14, -3.6387559632089506e-14, 1.3322676295501878e-15, -3.26405569239796e-14, -4.5324854980322016e-14, 8.635314685534468e-13, 1.3281042932078435e-13, -6.306066779870889e-13","1.4845012414468013, 0.6521417345412244, 1.1877256711696518, 0.7936225912791777, 1.073475778239017, 0.8730527424903824, 0.9990345347388678, 0.9364457060968363, 0.9364457060929157, 0.9990345347398699, 0.8730527424904283, 1.073475778237825, 0.7936225912790187, 1.187725671169003, 0.6521417345449225, 1.4845012414440717","0.5395927377085642, 0.10201343498406994, 0.3493398607559401, 0.1545951502362182, 0.28669061720598493, 0.18882841289398541, 0.24861627634466918, 0.2181546427554492, 0.21815464274974702, 0.24861627634532685, 0.1888284128916238, 0.28669061720371086, 0.1545951502279991, 0.34933986074041395, 0.10201343488238998, 0.5395927376767552"
1.6363636363636365,1.0909090909090908,"1.8568480086855743e-13, 6.464273560879974e-14, -1.0380585280245214e-14, -3.0531133177191805e-15, -1.3639089857520048e-13, -8.307243781757734e-14, -1.907363156306019e-13, -1.0172418463127997e-13, -2.6981195055952867e-13, -1.7219559111936178e-13, -1.589561815507068e-13, 1.1401990462900358e-13, -4.682365606356598e-14, 3.402278458963792e-13, -7.11680714360341e-13, 1.1806111643863915e-12","1.5113457880794905, 0.6258947772439609, 1.209742587688571, 0.772603492126737, 1.0865318893762321, 0.8595659385368277, 1.0029243092295916, 0.9313912177198422, 0.931391217717118, 1.0029243092308866, 0.8595659385373962, 1.086531889378225, 0.772603492127776, 1.2097425876819337, 0.6258947772454768, 1.511345788079923","0.5603688118524496, 0.0939256469481694, 0.3632605571031876, 0.1468779044690186, 0.2947176768979506, 0.18376833849756136, 0.2516244591015807, 0.2167775829750298, 0.21677758297182423, 0.25162445910231546, 0.18376833849392613, 0.2947176768967629, 0.1468779044627541, 0.3632605570834547, 0.09392564685065483, 0.5603688118229737"
1.7575757575757576,1.1717171717171717,"-6.274980535181385e-13, 1.4957479699262421e-13, -4.57522908448027e-13, 1.7866264023780332e-13, -4.1427972163887716e-13, 3.522182545623309e-14, -3.6060043839825084e-13, -2.7611246622427643e-13, -2.0938806244430452e-13, 8.071321389024888e-14, -3.1125102495366264e-13, 9.357514763053132e-13, 8.293365993949919e-14, 1.1521894549559875e-12, -1.6762702337302926e-12, 1.7179591083049672e-12","1.5370561099390296, 0.6000261739155066, 1.232357537989861, 0.7509986389592544, 1.1005184388745053, 0.8454725323548615, 1.0073443823403678, 0.9262261856330557, 0.9262261856339193, 1.0073443823387327, 0.8454725323590622, 1.100518438870759, 0.7509986389653328, 1.232357537979691, 0.6000261739093681, 1.5370561099366993","0.5806978926781451, 0.08632814264339073, 0.37786779118301816, 0.13922333336125822, 0.30348100326523475, 0.17866314892877028, 0.25508739326483915, 0.21553302631158472, 0.2155330263089942, 0.2550873932634241, 0.17866314892744403, 0.3034810032612449, 0.1392233333582142, 0.37786779116779906, 0.08632814257549713, 0.5806978926631956"
1.878787878787879,1.2525252525252526,"-1.340039190722564e-13, -1.3877787807814457e-15, -2.0738966099997924e-13, -1.1934897514720433e-14, -1.811328864675943e-13, -9.145462165349727e-14, -1.759703494030873e-13, 2.5479618415147343e-14, -8.085199176832703e-14, 1.0563772079308364e-13, 3.3029134982598407e-15, 1.6864287744056128e-13, 1.590672038531693e-13, 1.9251267247000214e-13, 3.5166314305001833e-14, 1.9462209621678994e-13","1.5616610147938668, 0.574598325996856, 1.2554372039549475, 0.7289095471034949, 1.115349091226053, 0.830824541215226, 1.012262446393163, 0.9209578293168466, 0.9209578293135807, 1.0122624463958987, 0.8308245412169672, 1.115349091227099, 0.7289095471051021, 1.2554372039514434, 0.57459832599666, 1.561661014792801","0.6005310658182909, 0.07921041274639144, 0.3930789793766764, 0.13167337073816768, 0.3129413161728567, 0.1735402452329946, 0.25899203085767397, 0.2144261071171314, 0.21442610711322788, 0.2589920308590859, 0.17354024523449657, 0.3129413161720026, 0.13167337073358867, 0.393078979365551, 0.0792104126961008, 0.6005310658139288"
2.0,1.3333333333333333,"-1.1840528557627295e-13, 4.055089597443384e-14, -9.348077867343818e-14, -9.031664305325648e-14, -1.1685097334179773e-13, -7.999156892424253e-14, 3.6637359812630166e-14, -2.657041253684156e-13, 2.1727064591914313e-13, 1.8895995879120164e-13, 1.1185496973098452e-14, -4.823919041996305e-14, -4.6379566853715914e-14, 9.138800827201976e-13, -2.4275026433429048e-12, 1.8792190026317712e-12","1.5851756191557143, 0.5496804143741134, 1.2788360833460155, 0.7064574675719889, 1.1309177375003396, 0.8156951603303646, 1.0176363747579902, 0.915601142964618, 0.9156011429628735, 1.0176363747582564, 0.8156951603306015, 1.1309177375012616, 0.7064574675731794, 1.278836083346675, 0.5496804143682668, 1.5851756191577269","0.6198158355678445, 0.07256260875638071, 0.4087981200610492, 0.12427293059177194, 0.3230447109746954, 0.16843320693550468, 0.263318015703424, 0.2134634349564937, 0.21346343495299105, 0.2633180157039137, 0.1684332069362184, 0.3230447109735961, 0.12427293058748588, 0.4087981200531141, 0.07256260865902589, 0.6198158355265635"
2.121212121212121,1.4141414141414141,"5.551115123125783e-17, -2.7755575615628914e-17, -5.551115123125783e-17, 0.0, -4.440892098500626e-16, 2.220446049250313e-16, -1.1102230246251565e-16, 8.326672684688674e-17, 0.0, 1.1102230246251565e-16, 8.326672684688674e-17, -5.551115123125783e-17, 1.942890293094024e-16, -3.885780586188048e-16, 2.7755575615628914e-17, 0.0","1.6076058797627568, 0.5253451945004033, 1.3023999321129924, 0.6837793136713973, 1.1471006934667505, 0.8001763211766008, 1.0234146187077828, 0.9101780466025926, 0.9101780466013412, 1.0234146187093471, 0.8001763211740849, 1.1471006934686105, 0.6837793136711912, 1.3023999321048843, 0.5253451945067007, 1.6076058797625574","0.6384989003258881, 0.06637465893850197, 0.42491773219571966, 0.11706772251032309, 0.333723068949618, 0.1633799938782892, 0.2680373214860111, 0.21265220123480832, 0.2126522012310049, 0.2680373214864702, 0.16337999387809599, 0.33372306894946785, 0.11706772250651361, 0.4249177321875546, 0.0663746588635397, 0.6384989002917825"
2.242424242424242,1.494949494949495,"2.328692794151266e-13, -1.9023671526952057e-13, 2.429723089392155e-13, 1.9462209621678994e-13, 3.389510894180603e-13, -1.8005041901858476e-13, 5.867528685143952e-14, -1.0086376178719547e-13, -9.992007221626409e-16, -2.945976795842853e-13, 1.404432126150823e-14, -2.311484337269576e-13, 3.448352714485736e-13, -1.0956235918513357e-12, 1.200983756888263e-12, -5.351274978693255e-13","1.628952952783203, 0.5016654600874483, 1.3259703295939653, 0.6610223853659819, 1.1637603876872018, 0.784374929719035, 1.029537425793194, 0.9047161289673961, 0.9047161289649078, 1.0295374257975798, 0.7843749297144366, 1.1637603876922222, 0.6610223853606984, 1.3259703295944316, 0.5016654600928384, 1.628952952785447","0.6565290592511104, 0.06063545986033396, 0.4413218421805204, 0.11010193529353317, 0.34489555544802836, 0.15842080055114935, 0.27311446729017047, 0.21199924780639512, 0.21199924780336768, 0.27311446729254607, 0.1584208005487373, 0.34489555544899936, 0.11010193529143372, 0.44132184217867465, 0.06063545982788965, 0.6565290592452158"
2.3636363636363638,1.5757575757575757,"4.39648317751562e-14, 1.057001708382188e-12, 1.1879386363489175e-14, 2.1910251390977464e-13, -3.2718272535703363e-13, -1.4935275238769918e-13, -5.663247648612924e-13, -4.5266568271529195e-13, -5.138667269477537e-13, -5.637157407534232e-13, -1.216249323476859e-13, -1.3322676295501878e-13, 1.0630385460785874e-13, 1.3383738561856262e-13, 2.785369157543016e-12, -1.5296097721773094e-12","1.6492171516474063, 0.47871047654475984, 1.3493899486347274, 0.6383382890751358, 1.180750260368208, 0.7684080365179615, 1.0359387870806815, 0.8992470501305492, 0.8992470501314694, 1.0359387870827286, 0.7684080365155542, 1.1807502603723643, 0.6383382890720009, 1.349389948629772, 0.47871047655056964, 1.6492171516461211","0.6738600008204648, 0.05533222921089995, 0.45788978207667214, 0.10341600050681263, 0.3564711325083485, 0.15359574719414415, 0.2785073210100617, 0.2115101777012941, 0.21151017770089758, 0.2785073210112493, 0.1535957471924356, 0.35647113250951007, 0.10341600050644671, 0.45788978206342135, 0.0553322291777729, 0.6738600008080319"
2.484848484848485,1.6565656565656566,"7.771561172376096e-16, 1.2254086634300165e-14, -2.6423307986078726e-14, -6.938893903907228e-15, -4.068967385251199e-14, -7.743805596760467e-15, -4.246603069191224e-14, 1.174060848541103e-14, 4.7378767575878555e-14, -3.5083047578154947e-14, -3.7636560534792807e-14, 4.113376306236205e-14, 1.2212453270876722e-14, 3.83026943495679e-14, 1.1976530878143876e-14, 2.2093438190040615e-14","1.6684012804824262, 0.4565426997121885, 1.3725080018876086, 0.6158765932392987, 1.1979204124942568, 0.7523973623845386, 1.0425489194870492, 0.8938047303123515, 0.8938047303110697, 1.0425489194895468, 0.7523973623819489, 1.1979204124950456, 0.6158765932376418, 1.3725080018818525, 0.45654269972309425, 1.668401280480073","0.6904527230736787, 0.05045008123122991, 0.4745004426550952, 0.09704465352885998, 0.36835187039267286, 0.1489426317157338, 0.28416842533311043, 0.21118859359828457, 0.21118859359742842, 0.28416842533358416, 0.14894263171242203, 0.3683518703906279, 0.0970446535286496, 0.4745004426353488, 0.05045008119266426, 0.6904527230444921"
2.606060606060606,1.7373737373737375,"6.762923554504141e-13, -2.4148738564377936e-13, 9.769962616701378e-14, -9.889311591848582e-14, -1.4460654895742664e-13, 2.1710411246544936e-13, 1.2995160503237457e-13, 3.300137940698278e-14, 8.695821840376539e-14, 6.994405055138486e-14, -1.987021658322874e-13, 3.858025010572419e-14, -3.746725152353747e-13, -4.1522341120980855e-14, -7.698008896994679e-14, -1.7275070263167436e-13","1.6865131671905638, 0.4352150630453484, 1.3951853090518402, 0.5937788125944059, 1.215123435649895, 0.7364637061037753, 1.0492970172389229, 0.8884234891217959, 0.8884234891124314, 1.049297017248345, 0.7364637060962846, 1.2151234356523664, 0.5937788125940178, 1.3951853090509216, 0.4352150630521231, 1.6865131671969427","0.7062773753655761, 0.04597185441563356, 0.49103655992361556, 0.09101547518783998, 0.3804367297629579, 0.1444949652820059, 0.29004671146450955, 0.21103553825928587, 0.21103553825359495, 0.2900467114680229, 0.1444949652784847, 0.3804367297634253, 0.09101547518727802, 0.49103655991063605, 0.04597185435275586, 0.7062773753333539"
2.727272727272727,1.8181818181818181,"2.3447910280083306e-13, 7.924216838262055e-14, 3.120836922221315e-13, 2.1405099914773018e-13, 3.188005415211137e-13, 4.984901380566953e-14, 1.13464793116691e-13, -4.762579219885765e-13, 3.108624468950438e-14, -3.2823743723042753e-13, 5.44286837822483e-14, -3.163025397157071e-13, -9.320322291728189e-14, -1.0652589921278377e-13, -6.314393452555578e-15, -8.021361352916756e-14","1.7035673021729554, 0.4147690391335786, 1.4172984980806733, 0.5721732614989714, 1.2322198435407614, 0.7207217687983588, 1.0561139800093273, 0.8831363067653655, 0.8831363067586314, 1.0561139800147288, 0.7207217687937797, 1.2322198435429983, 0.5721732615013374, 1.4172984980748784, 0.4147690391317169, 1.7035673021819178","0.7213143874912109, 0.041878186748938576, 0.50738862102418, 0.08534802900589027, 0.3926254300384847, 0.14028047141135508, 0.29608941809221195, 0.21104918437614234, 0.2110491843708276, 0.29608941809271333, 0.14028047140797412, 0.39262543003709965, 0.08534802900815959, 0.507388621005987, 0.04187818668502359, 0.7213143874607648"
2.8484848484848486,1.898989898989899,"1.4855339180996907e-12, 4.1003311856968594e-13, 1.0758061108617767e-12, -1.8049450822843482e-13, 6.418754416870343e-13, -7.712441796314806e-13, 4.0401015866109447e-13, -8.805178808302117e-13, 2.6018076582090544e-13, -7.010503288995551e-13, 8.43769498715119e-14, -4.927169783286445e-13, 2.3342439092743916e-13, -7.723821582317214e-13, 7.965850201685498e-15, -8.049116928532385e-13","1.719585586885247, 0.3952335749966218, 1.4387430001475212, 0.5511711729466622, 1.2490826170344071, 0.7052758429422006, 1.062934850296727, 0.8779733547543842, 0.8779733547484316, 1.06293485029878, 0.705275842942654, 1.2490826170290612, 0.5511711729486756, 1.4387430001437818, 0.39523357498711487, 1.7195855868977208","0.735554847441681, 0.03814780297690487, 0.5234580519571277, 0.08005362356678454, 0.4048220316166924, 0.13632015445655646, 0.30224401821400787, 0.21122478606193829, 0.21122478605863304, 0.30224401821492297, 0.13632015445588305, 0.4048220316088062, 0.08005362356594196, 0.5234580519470571, 0.03814780292335172, 0.7355548474202117"
2.9696969696969697,1.97979797979798,"1.6153745008296028e-14, 1.6728285423539546e-13, -7.494005416219807e-15, 7.674416657721395e-14, -5.662137425588298e-15, -2.42861286636753e-14, -1.9484414082171497e-14, -2.4591439995447217e-14, 8.415490526658687e-14, -1.3988810110276972e-13, 1.283417816466681e-13, -1.713629238508929e-13, 9.001133172148457e-14, -1.4421797089880783e-13, 2.6548208076349056e-14, -5.162537064506978e-14","1.7345972886784353, 0.37662488763090274, 1.4594346871645034, 0.5308642823872531, 1.2656005390920173, 0.6902166587864837, 1.0697007602444564, 0.8729608960226074, 0.8729608960186149, 1.069700760245021, 0.6902166587844352, 1.2656005390887635, 0.5308642823884633, 1.459434687158196, 0.3766248876255799, 1.7345972886842689","0.7490001825808215, 0.034757956505725635, 0.5391594746769149, 0.07513564658466029, 0.4169379331084384, 0.13262795739324967, 0.3084599755775495, 0.2115548689184685, 0.21155486891613956, 0.30845997557732796, 0.13262795739217229, 0.41693793310585475, 0.07513564658094539, 0.5391594746627342, 0.034757956457073746, 0.7490001825595806"
3.090909090909091,2.0606060606060606,"-1.6653345369377348e-16, 6.938893903907228e-17, -1.1102230246251565e-16, -5.551115123125783e-17, -8.326672684688674e-16, 5.828670879282072e-16, -3.3306690738754696e-16, 4.718447854656915e-16, 4.440892098500626e-16, -3.885780586188048e-16, -5.551115123125783e-16, 3.3306690738754696e-16, -1.3877787807814457e-16, 2.7755575615628914e-16, -4.0245584642661925e-16, 5.551115123125783e-16","1.7486383664853733, 0.35894701068085877, 1.479310187544452, 0.5113238724664448, 1.2816801901538706, 0.675619498390071, 1.0763602781286778, 0.8681205961535841, 0.8681205961499141, 1.076360278127487, 0.6756194983920253, 1.2816801901522064, 0.5113238724661711, 1.4793101875348809, 0.35894701068648227, 1.748638366487519","0.7616612722353588, 0.03168495900422983, 0.5544219627809382, 0.07059035432946087, 0.4288940964439833, 0.12921095103354113, 0.3146901972842844, 0.21202960826764133, 0.2120296082652766, 0.3146901972826086, 0.12921095103588887, 0.42889409644449294, 0.07059035432830219, 0.5544219627621766, 0.03168495896558164, 0.7616612722132658"
3.212121212121212,2.1414141414141414,"-9.720002580593246e-14, -2.5646151868841116e-14, -1.0047518372857667e-13, -6.442069100387471e-14, -6.694644838489694e-14, -7.271960811294775e-15, -4.2799097599299785e-14, -2.2898349882893854e-14, 1.970645868709653e-15, 9.453549054683208e-14, 7.580047700628256e-14, 1.8396395518038844e-13, 2.6585678103430155e-13, 1.0635936575909e-13, -5.5289106626332796e-14, -2.454703107446221e-13","1.761750365533803, 0.3421929199396206, 1.4983260643285925, 0.49260110753743247, 1.297246655124299, 0.6615435191235973, 1.0828701362359507, 0.8634692321779984, 0.8634692321771662, 1.0828701362341602, 0.66154351912122, 1.2972466551282573, 0.4926011075354043, 1.4983260643316307, 0.3421929199272937, 1.7617503655435882","0.773557161102463, 0.02890473297979162, 0.5691893529330387, 0.06640796658865973, 0.4406224345679098, 0.12606994194943574, 0.3208921070599335, 0.21263733006059204, 0.2126373300618659, 0.3208921070597584, 0.12606994195386612, 0.4406224345731778, 0.06640796658620692, 0.5691893529183307, 0.028904732909075963, 0.7735571610611925"
3.3333333333333335,2.2222222222222223,"-1.0269562977782698e-14, 8.548717289613705e-15, 4.141131881851834e-14, 4.3423598050651435e-14, -1.0025313912365164e-13, 1.9234613901630837e-14, -1.0547118733938987e-13, -8.12128142513302e-14, -6.106226635438361e-15, 4.3298697960381105e-14, -4.038436252074007e-14, 2.8782531913407183e-13, -1.16157083951407e-14, -2.2709611968707577e-13, 2.4077961846558082e-14, 1.1418643808269735e-13","1.7739790788754495, 0.32634603967252457, 1.5164571297565228, 0.4747283796401254, 1.3122431280787488, 0.6480321039825614, 1.0891953964367647, 0.8590187435588953, 0.8590187435558325, 1.0891953964355552, 0.6480321039825159, 1.3122431280799112, 0.4747283796397197, 1.5164571297498526, 0.3263460396736191, 1.7739790788814043","0.7847135514575688, 0.02639333380564929, 0.5834197619229734, 0.06257391358989155, 0.4520664029288881, 0.12320036058866604, 0.3270283208597877, 0.21336506706086175, 0.2133650670570876, 0.3270283208569237, 0.12320036058919855, 0.45206640293280936, 0.06257391358668267, 0.5834197619008824, 0.026393333742869483, 0.7847135514193004"
3.4545454545454546,2.303030303030303,"2.1260770921571748e-13, -1.8346435481930712e-14, 2.220446049250313e-16, -7.16093850883226e-14, -6.872280522429719e-14, -6.936118346345665e-14, 3.1308289294429414e-14, -1.1735057370287905e-13, 8.745781876484671e-14, -5.6066262743570405e-14, -4.690692279041286e-15, 2.657318809440312e-13, 9.145462165349727e-14, -2.8305136012818366e-13, 1.9950707752514063e-13, -1.9922952176898434e-13","1.7853731472254855, 0.3113819390904377, 1.5336941997168543, 0.45772134562418487, 1.3266296766798382, 0.6351139876241341, 1.0953091582760366, 0.854776545764282, 0.8547765457640633, 1.0953091582746977, 0.6351139876214307, 1.326629676682738, 0.4577213456254474, 1.5336941997012703, 0.31138193910665674, 1.78537314722247","0.7951612341681429, 0.02412740359077839, 0.5970845087258848, 0.059070100817089584, 0.463180911457597, 0.1205932920397446, 0.3330669527749021, 0.21419911123296043, 0.2141991112303186, 0.33306695277301435, 0.12059329204032662, 0.46318091146099444, 0.05907010081263862, 0.5970845087021961, 0.024127403546796367, 0.7951612341392205"
3.5757575757575757,2.3838383838383836,"8.68749516769185e-14, 1.4147016891286057e-13, 1.7380541450506826e-13, 1.1267375921164557e-13, 9.053868765818152e-14, -3.3306690738754696e-15, 8.326672684688674e-14, -7.588374373312945e-14, 1.4335754805472334e-13, -3.3073543903583413e-13, 2.8640978477767476e-13, -6.207812042191563e-13, 2.0808355039036996e-13, -8.254508188088039e-14, -6.775136007775018e-14, -1.4488410471358293e-13","1.7959827272536883, 0.29727005826901837, 1.5500415721969238, 0.4415813471971749, 1.3403814482840746, 0.6228048913082446, 1.101191935278443, 0.8507460202114207, 0.8507460202070616, 1.1011919352826178, 0.6228048913009989, 1.3403814482905139, 0.4415813472022777, 1.5500415721876806, 0.29727005827372094, 1.7959827272561437","0.8049345840540473, 0.022084536013528028, 0.6101666506733099, 0.05587609040464953, 0.47393171375152016, 0.11823653219672167, 0.3389816096706394, 0.21512551800090002, 0.21512551799599156, 0.3389816096729779, 0.1182365321955737, 0.47393171375428106, 0.05587609039930299, 0.610166650653664, 0.02208453596892938, 0.8049345840336788"
3.696969696969697,2.4646464646464645,"5.608846720406291e-13, 2.25583440816024e-13, 3.868572129306358e-13, -5.860589791240045e-14, 2.645661467681748e-13, -3.132494263979879e-13, -2.1399548799649892e-13, -3.451128272047299e-13, 6.250555628639631e-14, -2.6123547769429933e-13, -1.1013412404281553e-13, -1.124100812432971e-13, 1.1465828286816304e-13, -1.9761969838327786e-13, 1.9713397581000436e-13, -1.999511667349907e-13","1.805858313823403, 0.283975343760429, 1.5655144637826348, 0.4262979535549306, 1.3534865775159155, 0.6111094233047468, 1.1068308238013231, 0.846927100458377, 0.846927100460145, 1.1068308237955846, 0.6111094233067101, 1.353486577513638, 0.4262979535604074, 1.5655144637680114, 0.2839753437780461, 1.805858313815711","0.8140702051482478, 0.020243545627915374, 0.6226593232432577, 0.05297013429263788, 0.48429443872256994, 0.11611558209158872, 0.3447511473209474, 0.21613053435223906, 0.21613053435182858, 0.3447511473176093, 0.11611558209535566, 0.48429443872221556, 0.05297013428551538, 0.6226593232218707, 0.020243545601528273, 0.8140702051259527"
3.8181818181818183,2.5454545454545454,"5.551115123125783e-17, 0.0, -3.885780586188048e-16, 2.498001805406602e-16, -5.551115123125783e-17, 3.608224830031759e-16, 7.216449660063518e-16, -8.881784197001252e-16, -1.6653345369377348e-16, -1.1102230246251565e-16, -1.1379786002407855e-15, 8.881784197001252e-16, -1.096345236817342e-15, 1.1102230246251565e-15, 2.220446049250313e-16, -1.1102230246251565e-16","1.815049760934576, 0.2714597162758193, 1.580136575537324, 0.41185143051691, 1.3659440080439076, 0.6000230473663426, 1.1122185723636653, 0.8433168889602914, 0.8433168889552313, 1.1122185723703986, 0.6000230473586889, 1.3659440080499399, 0.4118514305194588, 1.5801365755313612, 0.2714597162886687, 1.8150497609274214","0.8226057734256983, 0.018584645932488392, 0.6345640368101675, 0.050330027405472495, 0.4942534159646793, 0.11421452495426779, 0.3503592620255779, 0.21720093799232945, 0.2172009379875351, 0.35035926202814865, 0.11421452495218759, 0.4942534159697709, 0.05033002739818194, 0.6345640367925801, 0.018584645903535677, 0.8226057734055261"
3.9393939393939394,2.6262626262626263,"2.594591208548991e-13, -4.696659727798647e-13, 6.022404797079162e-13, 1.8589296768567465e-13, 3.305133944309091e-13, -4.451994328746878e-14, -3.913536161803677e-14, -4.872491299323656e-13, 4.399258735077183e-14, -2.4724666758402236e-13, -1.3600232051658168e-15, -8.892886427247504e-14, -8.604228440844963e-15, -2.609024107869118e-14, -3.2751579226442118e-15, -5.384581669432009e-15","1.8236055141357599, 0.25968333008994904, 1.5939378973803313, 0.39821500589044023, 1.3777613849701813, 0.5895339758846492, 1.1173526358486616, 0.8399102557997511, 0.8399102557901414, 1.1173526358608599, 0.5895339758687896, 1.3777613849818957, 0.3982150058890945, 1.593937897379781, 0.25968333010045797, 1.8236055141292664","0.8305790936473298, 0.017089547298319827, 0.6458890417287368, 0.04793377514290623, 0.5038004193303537, 0.11251675859519795, 0.3557939841893781, 0.21832428650619193, 0.21832428650105068, 0.35579398419377267, 0.11251675859308266, 0.5038004193366276, 0.04793377513850101, 0.6458890417154385, 0.01708954726862611, 0.830579093628761"
4.0606060606060606,2.707070707070707,"3.24462678946702e-13, 7.201184093474922e-14, 1.949551631241775e-13, -2.1968538099770285e-14, 1.6431300764452317e-14, -1.247890679678676e-13, -1.4194201369832626e-13, -2.4272250875867485e-13, -1.7219559111936178e-13, -6.903366767119223e-13, 6.259437412836633e-13, -5.394018565141323e-13, 3.407829574086918e-13, 5.3290705182007514e-14, -5.985489881510375e-14, 3.655409308578328e-13","1.83157204516927, 0.24860561207256937, 1.6069528076903772, 0.3853568578539758, 1.3889531199994853, 0.5796248955827419, 1.122234273954958, 0.83670038767598, 0.8367003876730864, 1.1222342739592368, 0.5796248955766039, 1.3889531200021432, 0.3853568578611938, 1.606952807679516, 0.2486056120849689, 1.831572045163906","0.8380273649046515, 0.015741489052989076, 0.6566478336887765, 0.045760087029674136, 0.5129334219591947, 0.11100557715788459, 0.3610471280294334, 0.21948908371091586, 0.219489083708782, 0.3610471280295987, 0.11100557715882989, 0.51293342195937, 0.04576008702830985, 0.6566478336670439, 0.01574148903036646, 0.8380273648899171"
4.181818181818182,2.787878787878788,"-6.050715484207103e-15, -2.022687572988957e-14, -1.0752509993494641e-13, 6.57529586334249e-14, -1.0369483049998962e-13, 6.677991493120317e-14, -1.2762013668066174e-13, -2.5451862839531714e-14, -1.1352030426792226e-13, -2.8438362775773385e-13, 6.72933930800923e-13, -4.899969319183128e-13, 9.420936253334844e-13, -9.384160115644136e-13, 4.856809399100825e-13, -1.687538997430238e-14","1.8389934657200846, 0.23818608854817985, 1.619218484186134, 0.37324179821888526, 1.3995386856067253, 0.5702744768475866, 1.1268677310882924, 0.8336792697877629, 0.8336792697846253, 1.1268677310892947, 0.570274476845994, 1.3995386856023475, 0.37324179822264314, 1.6192184841814692, 0.23818608855222406, 1.83899346571777","0.8449866350443146, 0.014525220763608161, 0.6668578378587064, 0.0437887187068858, 0.5216554260636644, 0.1096646110460973, 0.3661137383199827, 0.22068487506256965, 0.22068487506070752, 0.36611373831661687, 0.10966461104550014, 0.5216554260576668, 0.04378871870637542, 0.6668578378425302, 0.014525220742857746, 0.8449866350336726"
4.303030303030303,2.8686868686868685,"-3.1530333899354446e-14, -1.3350431871117507e-14, -1.6697754290362354e-13, -4.3520742565306136e-14, -2.7883251263460807e-13, -1.069422328470182e-13, -2.4646951146678475e-14, -1.3805623311213822e-13, 1.0144662887512368e-13, -1.1585177261963508e-13, -1.2295719997723609e-13, 4.574673972967958e-13, 4.126837760409785e-13, -4.524158825347513e-14, 1.5076828674409626e-13, -3.47499806707674e-14","1.8459112926911363, 0.22838501936322333, 1.630773616270226, 0.36183265240451795, 1.409541160288414, 0.5614586487141491, 1.131259516989071, 0.8308380932766517, 0.8308380932706785, 1.131259516995784, 0.5614586487093742, 1.4095411602894643, 0.3618326524049219, 1.630773616273201, 0.22838501936332783, 1.8459112926958612","0.8514914182949792, 0.01342694660532587, 0.6765392861959252, 0.042000688139604114, 0.5299734055460241, 0.1084781413658081, 0.3709915621691424, 0.22190228516386398, 0.22190228515765859, 0.37099156216727125, 0.10847814136056108, 0.5299734055423002, 0.04200068813577513, 0.6765392861867618, 0.013426946588717632, 0.85149141829028"
4.424242424242424,2.9494949494949494,"-5.551115123125783e-17, -2.0816681711721685e-17, -5.551115123125783e-16, 5.134781488891349e-16, -5.551115123125783e-17, -1.6653345369377348e-16, -2.220446049250313e-16, 2.498001805406602e-16, -1.1657341758564144e-15, 1.27675647831893e-15, 1.1102230246251565e-16, 0.0, -8.049116928532385e-16, 6.661338147750939e-16, 3.885780586188048e-16, -3.3306690738754696e-16","1.8523643336474667, 0.2191638656477991, 1.6416573902788463, 0.3510913596404315, 1.4189860214461323, 0.5531516457566898, 1.1354177937969954, 0.8281675897838421, 0.8281675897873103, 1.1354177937970373, 0.5531516457538853, 1.4189860214439225, 0.3510913596405597, 1.6416573902856415, 0.21916386564244236, 1.852364333651","0.8575744464785746, 0.012434245006657435, 0.685714283769386, 0.04037839296945566, 0.537897379323863, 0.10743131016718742, 0.37568056353597085, 0.22313301154302656, 0.22313301153791656, 0.3756805635280769, 0.10743131016357173, 0.5378973793181621, 0.04037839296792903, 0.6857142837645716, 0.012434245007035476, 0.8575744464803664"
4.545454545454546,3.0303030303030303,"2.886579864025407e-15, 3.8441472227646045e-15, 1.765254609153999e-14, 1.9262369477246466e-14, 6.850076061937216e-14, 5.520583989948591e-14, 2.3026025530725747e-13, 8.995582057025331e-14, 7.733258478026528e-13, 1.9106938253798944e-13, 5.305755834683623e-13, -3.7247982476174e-13, 2.4791280139879746e-13, -8.628098235874404e-13, 1.628364110217717e-12, -2.623512518340476e-12","1.8583886655002981, 0.21048561816884687, 1.6519087133660755, 0.3409798251358793, 1.4279001688758377, 0.5453268442480088, 1.1393518667750309, 0.8256582979296327, 0.82565829793466, 1.1393518667706688, 0.5453268442500077, 1.4279001688707775, 0.34097982514040914, 1.6519087133620216, 0.21048561817718597, 1.8583886654946804","0.8632665269857971, 0.011535973277634419, 0.6944060507021529, 0.03890565275919663, 0.5454396195864056, 0.10651024674493473, 0.38018248951883754, 0.22436978628884177, 0.22436978628467194, 0.38018248950764866, 0.10651024674160246, 0.5454396195777702, 0.03890565275709564, 0.6944060506880523, 0.011535973275869553, 0.8632665269761733"
4.666666666666667,3.111111111111111,"-4.1522341120980855e-14, -3.337607967779377e-14, -1.212363542890671e-13, -2.1431467711607866e-13, -1.7968959653558159e-13, -5.94246873930615e-14, -5.867528685143952e-14, -2.131073095767988e-13, 1.9778623183697164e-13, 6.361577931102147e-14, 1.8299251003384143e-13, 7.838174553853605e-14, -3.151645611154663e-14, 3.544942117628125e-13, 1.3551659794330817e-14, 6.206146707654625e-14","1.8640176815374334, 0.20231501283275563, 1.6615656380644899, 0.3314605612229641, 1.4363111529455086, 0.5379574131849387, 1.143071770446063, 0.8233007697659268, 0.8233007697686583, 1.143071770446853, 0.5379574131794327, 1.436311152946315, 0.33146056122212686, 1.6615656380644188, 0.20231501283240194, 1.8640176815397185","0.8685964825641572, 0.010722164817390592, 0.7026383199105664, 0.03756769702723923, 0.5526139896894202, 0.10570212951069058, 0.3845004918205448, 0.22560631615743498, 0.22560631615215052, 0.3845004918148864, 0.10570212950563554, 0.5526139896861177, 0.03756769702272712, 0.70263831989831, 0.01072216481273731, 0.8685964825659481"
4.787878787878788,3.191919191919192,"4.384270724244743e-13, -4.4901582452183675e-13, -5.106470801763408e-13, -1.8070267504555204e-13, -3.1941116418465754e-13, -2.2093438190040615e-14, 2.298161660974074e-14, 4.936051567483446e-13, 6.641909244819999e-14, -5.651035195342047e-14, 1.3410661470203422e-12, -7.955858194463872e-13, 5.44286837822483e-14, -8.859579736508749e-14, 4.2674197509029455e-15, 1.27675647831893e-15","1.8692821865092044, 0.19461865700259828, 1.6706649513899876, 0.3224971536280683, 1.4442465786606518, 0.5310168077101632, 1.1465879390400213, 0.8210857260576225, 0.8210857260658775, 1.146587939038612, 0.5310168077026431, 1.4442465786637584, 0.3224971536265723, 1.6706649513986414, 0.19461865699417813, 1.8692821865114229","0.8735911519833127, 0.009983924520523383, 0.7104348689827651, 0.03635111590928683, 0.5594354008040132, 0.10499520008500739, 0.3886388023877312, 0.2268372094181305, 0.2268372094159969, 0.3886388023797018, 0.10499520007707783, 0.5594354007990389, 0.03635111590478973, 0.7104348689791282, 0.009983924517052302, 0.8735911519828952"
4.909090909090909,3.272727272727273,"-1.6486811915683575e-14, -1.2025103135471227e-14, -1.0658141036401503e-13, 2.1940782524154656e-14, -2.275957200481571e-14, 1.3516965324811281e-14, -4.440892098500626e-15, 7.988054662178001e-14, -5.026534743990396e-14, 8.298917109073045e-14, -1.1515788322924436e-13, 1.724176357242868e-13, -4.2137127120867035e-13, 2.929878561985788e-13, -1.0519363158323358e-14, 9.597878047884478e-14","1.8742105234347282, 0.18736508703486815, 1.6792418958667223, 0.31405458625411187, 1.4517336571436272, 0.5244791318131894, 1.1499109494517026, 0.8190041689978207, 0.8190041689903096, 1.1499109494632491, 0.5244791317952411, 1.4517336571578483, 0.31405458624767535, 1.6792418958828363, 0.1873650870239959, 1.8742105234420587","0.878275434293384, 0.009313326262525998, 0.7178191648057407, 0.035243786684613615, 0.5659193739610354, 0.1043787433815381, 0.392602459961379, 0.22805789589960293, 0.22805789589220196, 0.392602459962145, 0.10437874336805114, 0.5659193739622783, 0.03524378667958215, 0.7178191648091798, 0.009313326256796756, 0.8782754342955263"
5.03030303030303,3.3535353535353534,"-5.551115123125783e-17, -5.551115123125783e-17, 1.1102230246251565e-16, 2.7755575615628914e-17, -2.7755575615628914e-16, 8.326672684688674e-17, -9.992007221626409e-16, 7.771561172376096e-16, -2.525757381022231e-15, 2.55351295663786e-15, 1.6653345369377348e-16, 1.1102230246251565e-16, -8.465450562766819e-16, 8.326672684688674e-16, -2.0122792321330962e-16, 2.7755575615628914e-16","1.8788287194719278, 0.18052477426260718, 1.6873299939612332, 0.30609945399317035, 1.458798877755894, 0.5183193951516372, 1.15305132494143, 0.8170474604609408, 0.8170474604684617, 1.1530513249371657, 0.5183193951452417, 1.4587988777584031, 0.30609945399111227, 1.6873299939679445, 0.18052477425774244, 1.8788287194751114","0.8826723629565743, 0.008703315128503317, 0.7248141009300904, 0.03423478625308485, 0.5720816929739021, 0.10384304466088501, 0.39639708269427, 0.22926454499454366, 0.22926454499381757, 0.3963970826885936, 0.10384304465416366, 0.5720816929680965, 0.03423478624627392, 0.7248141009283687, 0.008703315125493778, 0.8826723629594383"
5.151515151515151,3.4343434343434343,"-5.551115123125783e-17, 5.551115123125783e-17, -4.440892098500626e-16, 3.7470027081099033e-16, -1.2212453270876722e-15, 1.1379786002407855e-15, 6.661338147750939e-16, -6.661338147750939e-16, 6.938893903907228e-16, -7.216449660063518e-16, -1.1102230246251565e-16, 2.220446049250313e-16, -2.0816681711721685e-16, 5.551115123125783e-17, -3.8163916471489756e-16, 3.885780586188048e-16","1.883160641422383, 0.1740700930800124, 1.694960952124929, 0.29860008847513086, 1.4654677773789164, 0.5125136856657448, 1.1560193888530326, 0.815207372999415, 0.8152073730048242, 1.1560193888516554, 0.512513685659296, 1.465467777382057, 0.2986000884723997, 1.6949609521210567, 0.17407009308267996, 1.883160641426465","0.8868031992593599, 0.008147615895428376, 0.7314418100087763, 0.03331429686811566, 0.5779381343900133, 0.10337933205746482, 0.40002868150716153, 0.2304539850791518, 0.230453985077873, 0.4000286815053341, 0.10337933205113316, 0.57793813438674, 0.033314296860455346, 0.7314418100004453, 0.008147615892534557, 0.8868031992606843"
5.2727272727272725,3.515151515151515,"2.3542279237176444e-13, -1.4611922782847842e-13, -2.657318809440312e-13, 7.997630335765393e-13, 3.5205172110863714e-13, -6.698530619075882e-13, 6.189493362285248e-14, -2.0530799282880707e-13, 2.3897550605056495e-13, -4.0523140398818214e-14, 7.879252805764736e-13, 1.1102230246251565e-15, 7.587819261800632e-13, -6.594169654761117e-13, -1.3461801118275218e-12, 9.747758156208874e-14","1.8872281539793199, 0.16797526237532848, 1.7021646249882134, 0.29152661745827324, 1.4717647866251404, 0.5070392763307471, 1.1588251588912963, 0.8134761193519231, 0.8134761193640841, 1.1588251588804956, 0.5070392763320906, 1.4717647866186265, 0.29152661746046865, 1.7021646249788676, 0.16797526238297816, 1.8872281539821447","0.8906875370126814, 0.0076406486964657044, 0.7377235361402876, 0.03247351036660183, 0.5835042615216939, 0.10297971081129169, 0.40350350873752033, 0.23162362641877632, 0.23162362642062706, 0.4035035087295198, 0.10297971080592842, 0.5835042615115441, 0.0324735103614642, 0.7377235361270417, 0.007640648694273874, 0.8906875370122573"
5.393939393939394,3.595959595959596,"-2.153277556260491e-13, -7.151432224183907e-13, -9.91706716746421e-13, 8.310296895075453e-13, 3.226308109560705e-13, -6.389333506717776e-13, 4.4103609653234344e-13, 2.677302823883565e-13, -6.410427744185654e-13, 5.040967643310523e-13, 8.038014698286133e-14, 1.0354495039166522e-12, -4.413136522884997e-13, 1.3040124535734776e-12, -1.2497086698814996e-12, 1.0719203302755886e-13","1.8910512754578561, 0.16221626903554198, 1.7089690233983892, 0.2848509750763182, 1.477713135557013, 0.5018746819274355, 1.1614782735141955, 0.811846366042474, 0.8118463660854787, 1.1614782734578837, 0.5018746819604345, 1.4777131355204998, 0.28485097508312535, 1.708969023381961, 0.16221626906227865, 1.891051275439128","0.8943434122749796, 0.007177452134201467, 0.7436795539109514, 0.031704534543266744, 0.5887952708854096, 0.10263709412944556, 0.40682793690744534, 0.23277138939311995, 0.23277138941229933, 0.406827936876773, 0.10263709413497842, 0.5887952708570121, 0.031704534542180494, 0.7436795538961428, 0.007177452132465356, 0.8943434122523067"
5.515151515151516,3.676767676767677,"2.1654900095313678e-13, -2.35679531446209e-13, -4.3137715621810457e-13, 4.2703340863425865e-13, -6.128431095930864e-14, -3.126665593100597e-13, 1.6786572132332367e-13, -3.0520030946945553e-13, -2.6451063561694355e-14, 3.6243230638888235e-13, 1.0629275237761249e-12, 3.191891195797325e-14, 5.395545121800183e-13, -7.220890552162018e-13, -9.675940604303435e-13, 2.5424107263916085e-13","1.894648328687674, 0.15677077967451092, 1.7154003549841113, 0.27854687535491374, 1.4833348057796143, 0.49699967715559135, 1.1639879438919813, 0.8103112344769697, 0.8103112344985646, 1.1639879438633725, 0.4969996771667803, 1.4833348057651548, 0.27854687535547673, 1.715400354971251, 0.15677077971045406, 1.8946483286635958","0.8977874145822373, 0.0067536137475950764, 0.7493291242417417, 0.031000303626456324, 0.5938258814217505, 0.10234513329210171, 0.41000836278708563, 0.23389563818059858, 0.23389563818973233, 0.41000836277132335, 0.10234513329290347, 0.5938258814097185, 0.031000303625964388, 0.7493291242282494, 0.006753613748484918, 0.897787414555149"
5.636363636363637,3.757575757575758,"2.7911006839076435e-13, -2.515834762739644e-13, -1.6364687382974807e-13, 4.2758852014657123e-13, 1.9229062786507711e-13, -3.474165399808271e-13, 1.6930901125533637e-14, -9.101053244364721e-14, 9.87820936160233e-14, 5.6066262743570405e-15, 4.031636136048178e-13, -5.051514762044462e-15, 5.39124300757976e-13, -5.601075159233915e-13, -4.736905312441309e-13, -7.016609515630989e-14","1.898036083699971, 0.15161804629595366, 1.7214830862143726, 0.27258976075317787, 1.4886505167696247, 0.4923952873067507, 1.166362925603531, 0.8088642933628367, 0.8088642934346426, 1.1663629255285026, 0.4923952873428469, 1.488650516725862, 0.2725897607777735, 1.7214830861827675, 0.15161804631916537, 1.8980360836822112","0.9010347957508669, 0.006365207636193025, 0.7546904776092755, 0.0303544946697599, 0.5986102577163288, 0.10209814994092699, 0.4130511327626319, 0.2349951208338531, 0.23499512086632282, 0.4130511327207509, 0.1020981499529924, 0.5986102576851157, 0.030354494672161114, 0.7546904775800689, 0.006365207634982842, 0.9010347957297521"
5.757575757575758,3.8383838383838382,"-1.13464793116691e-13, 5.523359547510154e-14, 7.333023077649159e-14, -2.2594426329902717e-13, -4.94326801714351e-13, -7.399636459126668e-14, -3.1186164761720647e-13, 2.3361867995674857e-13, -1.4366285938649526e-13, 4.1505687775611477e-13, 4.577171974773364e-13, -7.002176616310862e-13, -5.481864961964789e-13, 1.4737100428874328e-12, 2.3716445474164516e-13, -3.341771304121721e-13","1.9012298918205337, 0.1467388092337988, 1.7272400191240789, 0.2669567333010985, 1.4936797374904822, 0.48804375893583307, 1.1686115049854933, 0.8074995451147158, 0.8074995451243349, 1.168611504967549, 0.48804375893824437, 1.4936797374824258, 0.26695673331091163, 1.7272400191173747, 0.14673880924168387, 1.9012298918114536","0.9040995748429886, 0.006008738743425538, 0.7597808180223704, 0.02976145029717267, 0.6031619600043227, 0.10189107158660429, 0.41596248539894926, 0.23606891553635181, 0.2360689155400893, 0.4159624853886605, 0.10189107158702386, 0.6031619599984388, 0.02976145029740752, 0.7597808180117119, 0.0060087387419202, 0.9040995748307248"
5.878787878787879,3.919191919191919,"-3.0031532816110484e-14, -1.5765166949677223e-14, -1.7735812818386876e-13, -8.987255384340642e-14, -9.420242363944453e-14, 5.691280779984709e-14, -4.163336342344337e-14, 1.324773624133968e-13, -2.5979218776228663e-14, 1.691424778016426e-13, -3.528566328014904e-13, 2.4463764347615324e-13, 3.2049363163366706e-13, -1.2129186544029835e-13, 2.9254376698872875e-14, -4.052314039881821e-15","1.904243810326701, 0.1421152000792726, 1.732692377145248, 0.2616264744517438, 1.49844071684163, 0.4839285162388418, 1.1707414974528962, 0.8062114074731543, 0.8062114076008479, 1.1707414973206318, 0.48392851632246725, 1.4984407167479925, 0.26162647449429455, 1.7326923771054021, 0.14211520009769094, 1.9042438103011765","0.9069946378876567, 0.0056810932918866675, 0.7646163423917739, 0.029216108083363033, 0.6074939156048491, 0.10171937115098892, 0.41874850867144725, 0.2371163825675385, 0.2371163826224848, 0.4187485085989668, 0.1017193711787551, 0.6074939155410726, 0.0292161080909593, 0.7646163423488328, 0.005681093283533439, 0.9069946378585131"
6.0,4.0,"-2.0095036745715333e-14, -5.3013149425851225e-15, -1.340039190722564e-13, 7.244205235679146e-15, -3.877453913503359e-13, -9.461875727367897e-14, -3.5033087542046815e-13, -1.9040324872321435e-14, -1.9700907571973403e-13, 3.206324095117452e-13, -3.4861002973229915e-13, 7.562839243746566e-13, 6.515482597890809e-13, 1.0325074129013956e-13, -3.286586280903947e-12, 3.004818616147986e-12","1.907090717713069, 0.13773064657995573, 1.737859895569368, 0.25657915860905267, 1.5029505265260057, 0.48003410847453615, 1.1727602534633168, 0.8049946930773364, 0.804994693449244, 1.172760253085552, 0.48003410873268404, 1.5029505262621665, 0.25657915872989967, 1.737859895442863, 0.1377306466150593, 1.9070907176698841","0.9097318316758386, 0.005379494823869043, 0.7692122706766495, 0.028713936490695903, 0.611618406344455, 0.1015790110503193, 0.4214151083464635, 0.23813712204142548, 0.2381371222042655, 0.42141510813693495, 0.101579011134775, 0.611618406169939, 0.028713936515869863, 0.7692122705733289, 0.005379494822793978, 0.9097318316309879"
