U,V,magnetization,charge_density,doublons
0.0,0.0,"0.1666666666666661, -5.551115123125783e-17, 0.16666666666666677, 2.220446049250313e-16, 0.16666666666666705","1.0, 0.9999999999999999, 1.0000000000000004, 0.9999999999999998, 1.0","0.22222222222222232, 0.2499999999999999, 0.22222222222222238, 0.24999999999999994, 0.22222222222222207"
0.0,0.08163265306122448,"0.16547552151702105, 0.00016876797890516548, 0.16871142100814573, 0.00016876797890535977, 0.1654755215170228","1.032282939870008, 0.974855474677869, 0.9857231709042464, 0.9748554746778698, 1.0322829398700086","0.24123060189529447, 0.2412114052250624, 0.21615280002071063, 0.24121140522506257, 0.24123060189529424"
0.0,0.16326530612244897,"0.16385997506732006, 0.0006177803033761697, 0.1710444892586069, 0.0006177803033764195, 0.16385997506732042","1.0647592451784658, 0.9480234528481687, 0.9744346039467291, 0.9480234528481695, 1.0647592451784667","0.261072076110505, 0.23200846553121204, 0.21157893800344194, 0.23200846553121302, 0.26107207611050587"
0.0,0.24489795918367346,"0.16188449443925718, 0.001263800292160111, 0.17370341053716648, 0.001263800292160222, 0.16188449443925634","1.0974294007215368, 0.9194206264531506, 0.9662999456506255, 0.9194206264531507, 1.0974294007215386","0.2816730193772707, 0.2223641840134858, 0.2084905733101652, 0.22236418401348568, 0.28167301937727174"
0.0,0.32653061224489793,"0.15961588625153914, 0.0020289031288204806, 0.17671042123927938, 0.0020289031288204806, 0.1596158862515407","1.13027371154089, 0.8890006053868972, 0.9614513661444264, 0.8890006053868985, 1.1302737115408878","0.30294451912004233, 0.21226623487744462, 0.20687657278985547, 0.21226623487744525, 0.30294451912004067"
0.0,0.40816326530612246,"0.15712150436737699, 0.002842529342525907, 0.18007193258019283, 0.002842529342526129, 0.15712150436737854","1.1632488802425716, 0.856764580037042, 0.9599730794407759, 0.8567645800370418, 1.1632488802425716","0.32478203348202433, 0.2017210379262685, 0.20671975110215954, 0.20172103792626858, 0.32478203348202356"
0.0,0.4897959183673469,"0.1544674620360418, 0.0036433518721011027, 0.1837783721837133, 0.0036433518721009917, 0.1544674620360426","1.1962845384719953, 0.8227717443463378, 0.961887434363333, 0.822771744346338, 1.1962845384719953","0.3470649964021776, 0.19075734329573682, 0.20799157565605308, 0.1907573432957369, 0.3470649964021773"
0.0,0.5714285714285714,"0.15171692130481196, 0.00438083260575306, 0.18780449217886844, 0.004380832605753476, 0.15171692130481307","1.229280271206088, 0.7871483144267141, 0.967142828734397, 0.7871483144267144, 1.2292802712060862","0.3696566018924012, 0.17942881534654537, 0.2106469551835243, 0.1794288153465455, 0.3696566018923998"
0.0,0.6530612244897959,"0.14892852675305757, 0.005016328887302246, 0.1921102887192811, 0.00501632888730244, 0.14892852675305704","1.2621039753474115, 0.7500935732890904, 0.9756049027269963, 0.7500935732890908, 1.2621039753474148","0.392404196230463, 0.16781502313941044, 0.21461961687508574, 0.16781502313941024, 0.39240419623046496"
0.0,0.7346938775510204,"0.14615504234378046, 0.005523614006552102, 0.19664268729933476, 0.005523614006552158, 0.1461550423437808","1.2945925586517482, 0.7118811464142407, 0.9870525898680218, 0.7118811464142409, 1.2945925586517495","0.4151408374729768, 0.15602026137514546, 0.2198186905461951, 0.15602026137514557, 0.41514083747297736"
0.0,0.8163265306122449,"0.14344224522672872, 0.005888703999290507, 0.20133810154795986, 0.005888703999290423, 0.14344224522673044","1.32655589345288, 0.6728538615220803, 1.0011804900500827, 0.6728538615220822, 1.3265558934528754","0.4376885635299954, 0.1441697976039778, 0.22612717133282975, 0.1441697976039784, 0.4376885635299919"
0.0,0.8979591836734694,"0.14082812930188782, 0.006108941776467008, 0.2061258578432908, 0.006108941776467175, 0.14082812930188743","1.3577845167929463, 0.6334112215786676, 1.0176085232567744, 0.633411221578666, 1.3577845167929468","0.45986368553500667, 0.132403495167214, 0.23340284825409216, 0.13240349516721356, 0.45986368553500695"
0.0,0.9795918367346939,"0.138342468985249, 0.006191377908757845, 0.2109323062119878, 0.006191377908757345, 0.13834246898524805","1.3880608424749488, 0.593989723566075, 1.0358988679179537, 0.5939897235660746, 1.388060842474949","0.48148400040042255, 0.12086725709893514, 0.24148201300295136, 0.12086725709893467, 0.4814840004004229"
0.0,1.0612244897959184,"0.1360067814545376, 0.006150592168224889, 0.21568525275447248, 0.006150592168224778, 0.13600678145454048","1.4171727877715368, 0.5550377555160046, 1.055578913424923, 0.5550377555160066, 1.4171727877715314","0.5023772931707277, 0.10970325402652406, 0.2501858159133055, 0.1097032540265245, 0.5023772931707225"
0.0,1.1428571428571428,"0.13383469754958816, 0.006006195087542632, 0.22031821472573757, 0.006006195087542604, 0.13383469754958915","1.4449279929706953, 0.5169881603016311, 1.0761676934553481, 0.5169881603016311, 1.4449279929706949","0.5223900468038122, 0.09904026690281097, 0.25932861454646766, 0.09904026690281095, 0.5223900468038113"
0.0,1.2244897959183674,"0.13183270884885329, 0.005780303485397098, 0.22477397533149718, 0.005780303485396918, 0.1318327088488555","1.471166503028821, 0.480232276303024, 1.097202441336313, 0.48023227630302534, 1.4711665030288166","0.5413950719775185, 0.08898554085022396, 0.26872722616558836, 0.08898554085022428, 0.5413950719775144"
0.0,1.3061224489795917,"0.1300012114141193, 0.005495276761184956, 0.229007023649389, 0.005495276761184803, 0.13000121141412202","1.4957700310820647, 0.4450990460240738, 1.1182618457877285, 0.4450990460240757, 1.495770031082058","0.5592969100144181, 0.07961925746043028, 0.2782098027262492, 0.0796192574604308, 0.5592969100144121"
0.0,1.3877551020408163,"0.12833573002888798, 0.00517193179721552, 0.2329846763477925, 0.00517193179721509, 0.12833573002888887","1.5186666606308579, 0.4118416713148162, 1.1389833361086545, 0.4118416713148166, 1.5186666606308565","0.5760343102151664, 0.07099217484671894, 0.2876231666731473, 0.07099217484671912, 0.5760343102151649"
0.0,1.469387755102041,"0.12682819240838938, 0.004828346083711271, 0.23668692301579783, 0.004828346083710716, 0.12682819240839083","1.5398308080210539, 0.3806326756146929, 1.1590730327285093, 0.38063267561469405, 1.53983080802105","0.5915796812556948, 0.0631263439035396, 0.2968378292661018, 0.06312634390354001, 0.5915796812556915"
0.0,1.5510204081632653,"0.1254681342395092, 0.004479245532746132, 0.2401052404554876, 0.004479245532746409, 0.12546813423951098","1.5592791422063144, 0.3515666449669538, 1.178308425653468, 0.3515666449669542, 1.55927914220631","0.6059359661134361, 0.05601828401633502, 0.3057504203240583, 0.05601828401633507, 0.6059359661134323"
0.0,1.6326530612244898,"0.1242437471236188, 0.00413588582082805, 0.2432407341111059, 0.004135885820827759, 0.12424374712361985","1.5770637118183255, 0.3246687978224359, 1.1965349807184806, 0.32466879782243663, 1.5770637118183244","0.6191317418304803, 0.049643717089408686, 0.31428372843799407, 0.04964371708940895, 0.6191317418304785"
0.0,1.7142857142857142,"0.12314272130216841, 0.003806289500008442, 0.24610197839564568, 0.0038062895000083585, 0.12314272130216891","1.5932636873755561, 0.2999070644719705, 1.2136584963049484, 0.29990706447197096, 1.5932636873755537","0.6312154491915426, 0.04396293263865595, 0.3223848702781109, 0.04396293263865614, 0.6312154491915408"
0.0,1.7959183673469388,"0.1221528723465875, 0.0034956944131752793, 0.24870286648047674, 0.0034956944131752793, 0.12215287234658556","1.607976960350089, 0.27720547228451264, 1.229635134730795, 0.277205472284512, 1.6079769603500933","0.642249554760729, 0.03892602114735248, 0.3300222400880235, 0.038926021147352316, 0.6422495547607329"
0.0,1.8775510204081634,"0.12126256866951945, 0.0032070901385035516, 0.2510606823839514, 0.003207090138503274, 0.12126256866952273","1.621312494376057, 0.2564571167826215, 1.2444607776826502, 0.2564571167826224, 1.6213124943760526","0.6523052279204737, 0.034477466696761216, 0.33718186473957873, 0.034477466696761314, 0.6523052279204684"
0.0,1.9591836734693877,"0.12046099255494769, 0.0029417533214815134, 0.2531945082471412, 0.0029417533214812427, 0.12046099255494858","1.6333839383872426, 0.23753561293188494, 1.2581608973617475, 0.23753561293188596, 1.6333839383872413","0.6614578681865393, 0.030559844424129325, 0.3438636669821532, 0.030559844424129443, 0.6614578681865377"
0.0,2.0408163265306123,"0.11973827288094463, 0.00269972771141639, 0.25512399881527337, 0.002699727711416078, 0.11973827288095001","1.6443046824215426, 0.22030448881666015, 1.2707816575236057, 0.22030448881666193, 1.6443046824215326","0.6697836048123558, 0.02711657020564265, 0.3500779814495153, 0.027116570205643002, 0.6697836048123458"
0.0,2.122448979591837,"0.11908552600973393, 0.0024802234519239047, 0.256868501076681, 0.0024802234519236827, 0.11908552600973754","1.654184305746194, 0.20462441420054997, 1.2823825601065189, 0.2046244142005516, 1.654184305746187","0.6773567392208807, 0.024093781199075768, 0.3558425187938946, 0.02409378119907602, 0.6773567392208738"
0.0,2.204081632653061,"0.1184948357461803, 0.002281930238084727, 0.25844646803146354, 0.002281930238084595, 0.11849483574618686","1.6631262347325886, 0.1903584297516247, 1.293030671031586, 0.19035842975162692, 1.6631262347325753","0.6842480127006402, 0.021441492634233235, 0.36117985578069256, 0.021441492634233554, 0.6842480127006273"
0.0,2.2857142857142856,"0.11795919637468483, 0.002103250883811199, 0.25987510548300197, 0.002103250883811199, 0.11795919637469127","1.6712263740395223, 0.17737548147549553, 1.3027962889699778, 0.17737548147549753, 1.6712263740395095","0.690523544585766, 0.019114195507533422, 0.3661154491135996, 0.019114195507533793, 0.6905235445857536"
0.0,2.36734693877551,"0.1174724361679792, 0.0019424675276657616, 0.2611701926087043, 0.0019424675276656783, 0.1174724361679853","1.6785724727828166, 0.1655526075021874, 1.3117498394300053, 0.16555260750218911, 1.6785724727828044","0.6962442831673251, 0.017071049978783025, 0.37067612399338123, 0.01707104997878331, 0.696244283167313"
0.0,2.4489795918367347,"0.11702913319621921, 0.001797854257566893, 0.262346025092422, 0.0017978542575666154, 0.1170291331962256","1.6852440141635294, 0.15477610836417455, 1.3199597549446052, 0.154776108364176, 1.6852440141635152","0.7014658278822586, 0.01527580515557642, 0.37488896673768346, 0.01527580515557667, 0.7014658278822455"
0.0,2.5306122448979593,"0.11662453097448017, 0.001667749128387963, 0.26341543979425486, 0.0016677491283880394, 0.11662453097448888","1.6913124555939203, 0.1449419865486538, 1.3274911157148683, 0.14494198654865598, 1.6913124555939016","0.7062385058830953, 0.013696547621645936, 0.378780545728338, 0.013696547621646264, 0.7062385058830776"
0.0,2.6122448979591835,"0.11625445838985982, 0.0015505966423775691, 0.26438988993551943, 0.0015505966423776663, 0.11625445838986581","1.6968416862119504, 0.13595588594979496, 1.3344048556765205, 0.13595588594979707, 1.6968416862119389","0.7106076119593242, 0.012305354259632648, 0.38237638954409875, 0.012305354259633026, 0.7106076119593125"
0.0,2.693877551020408,"0.11591525623374288, 0.0014449695468249264, 0.26527954843885515, 0.0014449695468246593, 0.11591525623375226","1.7018886043223609, 0.12773270820653998, 1.3407573749422164, 0.12773270820654178, 1.7018886043223405","0.7146137442369124, 0.011077902273851878, 0.38570066040553097, 0.011077902273852183, 0.7146137442368931"
0.0,2.7755102040816326,"0.11560371129285857, 0.0013495767041716428, 0.26609342400596775, 0.0013495767041726905, 0.11560371129282909","1.706503746579365, 0.1201960362592417, 1.3466004343227294, 0.12019603625923773, 1.706503746579424","0.718293187578864, 0.009993071549728796, 0.3887759718254991, 0.009993071549728406, 0.7182931875789217"
0.0,2.857142857142857,"0.11531699811110546, 0.0012632619978185794, 0.2668394797821616, 0.0012632619978187772, 0.1153169981110953","1.7107319233977991, 0.11327745760882033, 1.3519812379867406, 0.11327745760881816, 1.7107319233978202","0.721678311888607, 0.009032561286197043, 0.39162330980826, 0.009032561286196748, 0.7216783118886274"
0.0,2.938775510204082,"0.11505262805439515, 0.0011849978037927374, 0.2675247482836105, 0.001184997803792616, 0.11505262805440891","1.7146128318600087, 0.10691585052002958, 1.3569426352399485, 0.10691585052003173, 1.714612831859982","0.7247979639707918, 0.008180533463597862, 0.3942620261840564, 0.008180533463598151, 0.7247979639707651"
0.0,3.020408163265306,"0.11480840506480405, 0.0011138754637334304, 0.26815543894289906, 0.0011138754637328961, 0.11480840506483064","1.718181629347179, 0.10105667465126333, 1.361523392003165, 0.10105667465126808, 1.7181816293471242","0.7276778398865633, 0.0074232893233633305, 0.39670988038702204, 0.007423289323364118, 0.7276778398865104"
0.0,3.1020408163265305,"0.11458238739283949, 0.0010490943871117285, 0.2687370364401113, 0.0010490943871121448, 0.11458238739282534","1.7214694593500912, 0.09565129190156066, 1.3657584974966697, 0.09565129190155938, 1.7214694593501199","0.7303408305334613, 0.006748980867745271, 0.3989831121832408, 0.006748980867745224, 0.7303408305334894"
0.0,3.183673469387755,"0.11437285458468527, 0.0009899508318408044, 0.26927438916682894, 0.00098995083183789, 0.11437285458480728","1.724503926372717, 0.0906563322655563, 1.3696794827236851, 0.09065633226557526, 1.7245039263724675","0.7328073371073677, 0.006147356802773377, 0.40109653269148277, 0.00614735680277616, 0.7328073371071242"
0.0,3.2653061224489797,"0.11417827903861655, 0.0009358270080169172, 0.26977178790538214, 0.0009358270080249594, 0.11417827903995936","1.7273095203078037, 0.08603311199206298, 1.3733147354028368, 0.08603311199225336, 1.7273095203050421","0.735095555668932, 0.005609540854072291, 0.40306362472686696, 0.005609540854101972, 0.7350955556662435"
0.0,3.3469387755102042,"0.1139973015076085, 0.0008861808739675098, 0.27023303523569586, 0.0008861808739509813, 0.1139973015087769","1.7299079927363938, 0.08174710639368975, 1.3766898017420544, 0.08174710639381988, 1.729907992734041","0.7372217316349946, 0.005127839619811713, 0.40489664625842475, 0.005127839619821591, 0.737221731632685"
0.0,3.4285714285714284,"0.11382870998510186, 0.0008405368102657497, 0.27066150640944686, 0.0008405368102693822, 0.11382870998491645","1.7323186887571178, 0.07776747651080732, 1.3798276694637845, 0.07776747651078535, 1.732318688757508","0.7392003859721187, 0.00469557682793163, 0.4066067328063886, 0.004695576827928663, 0.7392003859724994"
0.0,3.510204081632653,"0.11367142157907262, 0.0007984772391062094, 0.27106020252605567, 0.0007984772416810004, 0.11367142141408454","1.7345588382579622, 0.07406664696485452, 1.3827490292369917, 0.07406664694142662, 1.7345588385987631","0.7410445151591287, 0.00430695085994169, 0.40820399607931124, 0.004306950856906575, 0.74104451549155"
0.0,3.5918367346938775,"0.11352446637507535, 0.0007596351906557011, 0.2714317968644263, 0.0007596351906076527, 0.11352446637923508","1.736643812056243, 0.07061993118578672, 1.385472513523895, 0.07061993118618995, 1.7366438120478853","0.7427657685397925, 0.003956912545815721, 0.4096976172081818, 0.003956912545846061, 0.7427657685315648"
0.0,3.673469387755102,"0.11338697457479835, 0.0007236877468536004, 0.27177867517691434, 0.0007236877454762577, 0.11338697475595738","1.7385873435633497, 0.06740520010335851, 1.3880149130167387, 0.06740520012058013, 1.738587343195971","0.7443746021836851, 0.0036410605380188255, 0.4110959336826066, 0.003641060540218455, 0.7443746018232553"
0.0,3.7551020408163267,"0.11325816478937306, 0.000690350317562937, 0.27210297071133127, 0.0006903503356433284, 0.11325816384608939","1.7404017236236613, 0.06440258966840506, 1.390391371575609, 0.06440258957173395, 1.740401725560591","0.7458804153037745, 0.0033555517609069685, 0.41240651957582675, 0.0033555517524892294, 0.7458804172041422"
0.0,3.836734693877551,"0.11313733100141671, 0.000659371699788483, 0.27240659463146794, 0.0006593717004118108, 0.11313733096691558","1.7420979765018045, 0.06159424290737983, 1.3926155611142694, 0.06159424290384352, 1.742097976572705","0.7472916758713333, 0.0030970247806234473, 0.41363625905607565, 0.0030970247803626715, 0.7472916759409551"
0.0,3.9183673469387754,"0.11302383899739415, 0.0006305296683989919, 0.27269126250616715, 0.0006305296668170889, 0.11302383916122194","1.7436859975113834, 0.058964083708025375, 1.3946998378772995, 0.05896408372123713, 1.7436859971820509","0.7486160151676826, 0.002862534326103875, 0.4147914133517033, 0.0028625343269530357, 0.7486160148427572"
0.0,4.0,"0.1129171140271773, 0.000603627313838109, 0.27295851725847464, 0.0006036273132747419, 0.11291711408723526","1.7451746923356501, 0.056497616822332994, 1.3966553818003693, 0.05649761682720463, 1.7451746922144444","0.7498603296251796, 0.002649495134037698, 0.4158776814398639, 0.0026494951343816954, 0.7498603295057081"
0.12244897959183673,0.0,"0.1697073633108911, -0.004054994775077259, 0.1686952629283723, -0.004054994775077231, 0.16970736331089104","1.0000000000000009, 0.9999999999999994, 1.0, 0.9999999999999991, 1.0000000000000009","0.21595664522668684, 0.24564158504479872, 0.21836089393605482, 0.24564158504479822, 0.21595664522668642"
0.12244897959183673,0.08163265306122448,"0.16848344403513396, -0.003797714341452596, 0.1706285406126373, -0.003797714341452846, 0.16848344403513468","1.03090399335758, 0.9759449806730218, 0.9863020519387982, 0.975944980673022, 1.0309039933575797","0.23430595808237403, 0.23736276860082373, 0.21263441323128804, 0.2373627686008239, 0.23430595808237345"
0.12244897959183673,0.16326530612244897,"0.16683899399871252, -0.003256000168421258, 0.17283401233941886, -0.0032560001684216744, 0.1668389939987115","1.0620949109972178, 0.9502340046590548, 0.9753421686874566, 0.9502340046590552, 1.0620949109972158","0.25352726364909983, 0.2286792252499606, 0.2082868651479973, 0.22867922524996068, 0.25352726364909905"
0.12244897959183673,0.24489795918367346,"0.16483225333678592, -0.0025076710684611148, 0.17535083546335029, -0.0025076710684611703, 0.1648322533367858","1.0935796994126838, 0.9227747033559418, 0.9672911944627502, 0.9227747033559409, 1.093579699412683","0.27355883538076653, 0.21956073177176783, 0.2053161913612525, 0.2195607317717676, 0.27355883538076653"
0.12244897959183673,0.32653061224489793,"0.1625245982643338, -0.0016266097059402795, 0.17820402288321188, -0.0016266097059403628, 0.16252459826433502","1.1253439509829124, 0.8935082773237994, 0.962295543386579, 0.8935082773237994, 1.1253439509829097","0.2943223923053646, 0.20999045476779324, 0.20372155038416062, 0.20999045476779338, 0.2943223923053629"
0.12244897959183673,0.40816326530612246,"0.15997907790215843, -0.000680930419951209, 0.18140370503558634, -0.0006809304199509036, 0.15997907790215732","1.1573489065324671, 0.8624198009647002, 0.9604625850056625, 0.862419800964701, 1.1573489065324694","0.3157225414347835, 0.1999688532142946, 0.20349826272476199, 0.19996885321429508, 0.31572254143478534"
0.12244897959183673,0.4897959183673469,"0.1572588368006056, 0.0002688098025933061, 0.1849447067936016, 0.00026880980259347265, 0.1572588368006062","1.1895284166787754, 0.8295485387660396, 0.9618460891103665, 0.8295485387660401, 1.18952841667878","0.33764630046634736, 0.1895172378504585, 0.20463237180110067, 0.18951723785045863, 0.33764630046634986"
0.12244897959183673,0.5714285714285714,"0.1544254914713286, 0.0011712302658329066, 0.18880655652567657, 0.0011712302658331009, 0.15442549147132886","1.221786285419776, 0.7949972449725735, 0.9664329392152997, 0.7949972449725743, 1.221786285419779","0.3599628782055148, 0.1786805260479733, 0.2070951758635341, 0.17868052604797385, 0.35996287820551626"
0.12244897959183673,0.6530612244897959,"0.15153753499220607, 0.001985424287367754, 0.19295408144085358, 0.001985424287367643, 0.1515375349922049","1.2539946997991445, 0.7589390267499084, 0.9741325469018942, 0.7589390267499082, 1.253994699799146","0.3825240581750642, 0.16752864103011317, 0.21083819224006461, 0.16752864103011314, 0.3825240581750654"
0.12244897959183673,0.7346938775510204,"0.14864884404605871, 0.0026817797123035725, 0.19733875248327593, 0.002681779712303489, 0.1486488440460585","1.2859946382583982, 0.721620084322296, 0.9847705548386145, 0.7216200843222953, 1.2859946382583982","0.40516566200640325, 0.15615599231465083, 0.21578913281552492, 0.1561559923146506, 0.40516566200640325"
0.12244897959183673,0.8163265306122449,"0.14580736264332317, 0.0032421860278180614, 0.20190090265771699, 0.003242186027817895, 0.14580736264332406","1.317599138035063, 0.6833566756766251, 0.9980883725766287, 0.6833566756766246, 1.3175991380350598","0.42771058834215353, 0.14467859423350468, 0.2218495448072193, 0.14467859423350468, 0.4277105883421515"
0.12244897959183673,0.8979591836734694,"0.14305403796899735, 0.0036595416555273985, 0.20657284075094773, 0.003659541655527676, 0.14305403796899985","1.3486000014331383, 0.6445251483400857, 1.0137497004535547, 0.6445251483400884, 1.3486000014331336","0.449973766459031, 0.13322866554869234, 0.22889473377599587, 0.1332286655486931, 0.4499737664590267"
0.12244897959183673,0.9795918367346939,"0.14042208286482616, 0.003936555325525504, 0.21128272361929554, 0.003936555325525448, 0.1404220828648275","1.3787779228395105, 0.6055448862050624, 1.0313543819108573, 0.6055448862050632, 1.3787779228395072","0.47176901692363943, 0.12194698779462404, 0.2367763785833812, 0.12194698779462436, 0.4717690169236367"
0.12244897959183673,1.0612244897959184,"0.13793662911534682, 0.004083936690402745, 0.21595886838849923, 0.004083936690402606, 0.1379366291153487","1.4079152358350124, 0.5668553869218278, 1.0504587544863238, 0.5668553869218296, 1.407915235835008","0.4929173386341729, 0.11097379284000095, 0.2453278629311699, 0.11097379284000143, 0.4929173386341693"
0.12244897959183673,1.1428571428571428,"0.13561480920076935, 0.004118171618035016, 0.2205340383623915, 0.0041181716180347105, 0.1356148092007694","1.4358097413300261, 0.5288900551648482, 1.0706004070102528, 0.5288900551648483, 1.4358097413300266","0.5132556840579404, 0.10043935194687174, 0.25437185482482, 0.10043935194687187, 0.5132556840579404"
0.12244897959183673,1.2244897959183674,"0.133466260732439, 0.004059147938042795, 0.22494918265903824, 0.004059147938043059, 0.13346626073243711","1.4622876507737228, 0.4920502070594398, 1.091324284333672, 0.4920502070594386, 1.4622876507737268","0.5326450130669494, 0.09045559599882497, 0.26372920244272957, 0.09045559599882458, 0.5326450130669529"
0.12244897959183673,1.3061224489795917,"0.1314939954090124, 0.003927913665935923, 0.2291561818501045, 0.003927913665935923, 0.13149399540901135","1.4872137464457467, 0.45668287123731666, 1.1122067646338714, 0.4566828712373165, 1.4872137464457502","0.5509764516761458, 0.08110992753082791, 0.27322793803176454, 0.08110992753082777, 0.5509764516761486"
0.12244897959183673,1.3877551020408163,"0.1296955274598256, 0.003744804902229837, 0.23311933527588874, 0.0037448049022295454, 0.12969552745982604","1.510497423485683, 0.4230651728813807, 1.1328748072658739, 0.42306517288138135, 1.5104974234856812","0.568174731281863, 0.07246192906333904, 0.2827111900506226, 0.07246192906333919, 0.5681747312818616"
0.12244897959183673,1.469387755102041,"0.12806412938960882, 0.0035280894465945234, 0.23681556232759363, 0.0035280894465945373, 0.12806412938960887","1.5320941439772744, 0.3913966677137615, 1.1530183766179305, 0.39139666771376214, 1.5320941439772746","0.584198629541768, 0.0645430780012079, 0.2920430911980483, 0.06454307800120797, 0.5841986295417678"
0.12244897959183673,1.5510204081632653,"0.12659008257434967, 0.0032931644431500595, 0.24023350596500218, 0.003293164443150365, 0.12659008257434773","1.5520027120510993, 0.3617994300932141, 1.1723957157113698, 0.3617994300932129, 1.5520027120511042","0.5990386927958299, 0.05735903467075455, 0.3011122288699621, 0.05735903467075443, 0.5990386927958342"
0.12244897959183673,1.6326530612244898,"0.1252618142422935, 0.003052253092095003, 0.2433718653312214, 0.0030522530920948227, 0.1252618142422956","1.5702594172352904, 0.33432445311919584, 1.1908322592910325, 0.3343244531191969, 1.5702594172352882","0.6127129289836227, 0.05089372093271416, 0.3098326627248934, 0.05089372093271442, 0.6127129289836196"
0.12244897959183673,1.7142857142857142,"0.12406685060505646, 0.0028144865925286977, 0.2462373256048329, 0.0028144865925290308, 0.12406685060505307","1.5869303700243376, 0.3089622507187736, 1.208214758513773, 0.3089622507187715, 1.5869303700243464","0.6252613391167756, 0.04511430210209602, 0.31814290279850727, 0.045114302102095556, 0.6252613391167833"
0.12244897959183673,1.7959183673469388,"0.1229925563565249, 0.0025862373380950154, 0.24884241261075873, 0.0025862373380947518, 0.12299255635652662","1.6021032933255195, 0.28565547582519013, 1.2244824616985839, 0.2856554758251906, 1.6021032933255173","0.6367401174799375, 0.03997628497242762, 0.3260034386219349, 0.039976284972427695, 0.6367401174799351"
0.12244897959183673,1.8775510204081634,"0.12202666415677921, 0.0023715799193857467, 0.2512035118476764, 0.002371579919385969, 0.1220266641567731","1.6158797532812643, 0.2643117206569531, 1.2396170521235557, 0.2643117206569505, 1.615879753281278","0.6472161694972511, 0.035428161854305765, 0.333393441275808, 0.035428161854305265, 0.6472161694972636"
0.12244897959183673,1.9591836734693877,"0.12115761966511784, 0.002172784299864408, 0.2533391920700324, 0.0021727842998642347, 0.12115761966512117","1.6283684508483756, 0.24481521974222614, 1.2536326588188027, 0.24481521974222764, 1.6283684508483687","0.6567623600290666, 0.031415275336303485, 0.3403071753555318, 0.03141527533630378, 0.65676236002906"
0.12244897959183673,2.0408163265306123,"0.12037477818367687, 0.0019907781387365903, 0.25526888735516806, 0.001990778138736382, 0.1203747781836822","1.6396798581875736, 0.22703674238874186, 1.266566798847379, 0.2270367423887437, 1.6396798581875625","0.6654536831875191, 0.027882788880424145, 0.34675051665779727, 0.027882788880424524, 0.6654536831875084"
0.12244897959183673,2.122448979591837,"0.11966849062491886, 0.00182554430008669, 0.2570119301499837, 0.0018255443000866067, 0.11966849062492435","1.6499222283062407, 0.210841423435803, 1.2784726965159234, 0.21084142343580484, 1.6499222283062274","0.673364375324099, 0.02477779644893751, 0.352737823166889, 0.024777796448937912, 0.6733643753240872"
0.12244897959183673,2.204081632653061,"0.1190301127001182, 0.0016764413143261006, 0.2585868919711159, 0.0016764413143262186, 0.11903011270011354","1.659198846026109, 0.1960945978027513, 1.2894131123422703, 0.19609459780274968, 1.659198846026119","0.6805658852859335, 0.022050688736564995, 0.3582892811975207, 0.022050688736564756, 0.6805658852859431"
0.12244897959183673,2.2857142857142856,"0.11845196489562843, 0.001542448487323607, 0.2600111732340905, 0.0015424484873234473, 0.1184519648956337","1.6676063101749734, 0.18266588387396832, 1.2994556119021272, 0.18266588387396995, 1.6676063101749605","0.6871255624956418, 0.0196559272260181, 0.3634287569231002, 0.019655927226018357, 0.6871255624956302"
0.12244897959183673,2.36734693877551,"0.11792726401291581, 0.0014223448161870475, 0.2613007823417859, 0.001422344816186881, 0.11792726401292453","1.6752336174177924, 0.1704318349661526, 1.3086690952321265, 0.17043183496615505, 1.6752336174177735","0.6931059088795583, 0.017552377326338246, 0.36818212551287866, 0.01755237732633865, 0.6931059088795404"
0.12244897959183673,2.4489795918367347,"0.11745004094992728, 0.001314833771096438, 0.262470250557947, 0.0013148337710961883, 0.11745004094993317","1.682161833982557, 0.15927748334310426, 1.3171213653486893, 0.15927748334310585, 1.6821618339825444","0.698564249971936, 0.015703333558467907, 0.37257601929029543, 0.015703333558468157, 0.698564249971924"
0.12244897959183673,2.5306122448979593,"0.1170150544744673, 0.0012186261060183681, 0.26353263883903555, 0.0012186261060184722, 0.11701505447446015","1.6884641744048632, 0.1490970682688758, 1.3248775146525076, 0.14909706826887367, 1.688464174404877","0.7035527016150955, 0.014076344193471965, 0.3766369246917693, 0.014076344193471655, 0.7035527016151094"
0.12244897959183673,2.6122448979591835,"0.11661770704417229, 0.0011324915110724199, 0.2644996028895198, 0.0011324915110725933, 0.11661770704416319","1.694206344151334, 0.13979419038446825, 1.3319989309283795, 0.13979419038446594, 1.6942063441513544","0.7081183334448665, 0.01264291674726659, 0.38039055813682615, 0.012642916747266263, 0.7081183334448856"
0.12244897959183673,2.693877551020408,"0.11625396611384448, 0.0010552880050779742, 0.26538149176216086, 0.001055288005078002, 0.11625396611383865","1.6994470386487226, 0.13128158287991265, 1.3385427569427195, 0.1312815828799111, 1.6994470386487335","0.7123034540864371, 0.011378162796463679, 0.3838614577200766, 0.011378162796463503, 0.7123034540864484"
0.12244897959183673,2.7755102040816326,"0.1159202926152515, 0.0009859760066709064, 0.2661874627561477, 0.000985976006670667, 0.11592029261525927","1.7042385216289466, 0.12348064277042196, 1.3445616712012787, 0.12348064277042356, 1.704238521628933","0.7161459634376289, 0.010260422012812017, 0.38707273718129986, 0.010260422012812274, 0.7161459634376145"
0.12244897959183673,2.857142857142857,"0.11561357717470938, 0.0009236222747201692, 0.26692560110113345, 0.0009236222747199818, 0.11561357717471715","1.7086272298892022, 0.11632082610642232, 1.3501038880087668, 0.11632082610642373, 1.708627229889185","0.7196797338777051, 0.009270891171398763, 0.3900459586340082, 0.009270891171398987, 0.719679733877689"
0.12244897959183673,2.938775510204082,"0.11533108396000952, 0.0008673974702900454, 0.26760303713940364, 0.0008673974702900662, 0.11533108396000696","1.7126543698944299, 0.10973897970498842, 1.35521330080116, 0.10973897970498783, 1.7126543698944348","0.7229349948557862, 0.00839327361943146, 0.3928010898127977, 0.008393273619431405, 0.7229349948557913"
0.12244897959183673,3.020408163265306,"0.11507040167493077, 0.0008165699700857718, 0.2682260567100034, 0.0008165699700869479, 0.11507040167489319","1.7163564849927897, 0.10367865827130032, 1.3599297134717498, 0.10367865827129483, 1.7163564849928683","0.7259387046139911, 0.007613457542417873, 0.3953565195934008, 0.007613457542417286, 0.7259387046140666"
0.12244897959183673,3.1020408163265305,"0.11482940103921851, 0.0007704977195661794, 0.268800202482419, 0.000770497719566051, 0.11482940103923023","1.7197659813948065, 0.0980894583601927, 1.364289120490025, 0.09808945836019428, 1.7197659813947832","0.7287148994352165, 0.006919226585369952, 0.3977291121071546, 0.006919226585370149, 0.7287148994351934"
0.12244897959183673,3.183673469387755,"0.1146061980317507, 0.0007286193020311325, 0.2693303653328274, 0.0007286193020397506, 0.11460619803135097","1.7229116074355897, 0.09292638820016824, 1.3683240087277357, 0.09292638820011109, 1.7229116074363946","0.7312850153906013, 0.006300003333891772, 0.39993428498971506, 0.006300003333884721, 0.7312850153913892"
0.12244897959183673,3.2653061224489797,"0.1143991221807617, 0.0006904449670617277, 0.26982086570398794, 0.0006904449670504659, 0.11439912218113812","1.7258188848109297, 0.08814928377410894, 1.3720636628306355, 0.08814928377415153, 1.7258188848101736","0.7336681806358021, 0.005746624320108884, 0.40198610134664564, 0.005746624320114386, 0.7336681806350617"
0.12244897959183673,3.3469387755102042,"0.11420668923966248, 0.0006555480626302124, 0.270275525394446, 0.0006555480626005555, 0.1142066892406608","1.7285104930609423, 0.0837222757318195, 1.3755344624164225, 0.08372227573195015, 1.7285104930588662","0.7358814782650945, 0.005251144203454577, 0.40389736808722093, 0.005251144203466715, 0.7358814782630684"
0.12244897959183673,3.4285714285714284,"0.11402757763743693, 0.0006235571141790762, 0.27069773049711954, 0.0006235571141908515, 0.11402757763707388","1.7310066101168817, 0.07961330790998572, 1.378760163945562, 0.07961330790994622, 1.7310066101176265","0.7379401809670861, 0.004806666303334513, 0.4056797355693032, 0.004806666303330333, 0.7379401809678149"
0.12244897959183673,3.510204081632653,"0.11386060817113364, 0.0005941486621319353, 0.271090486330716, 0.0005941486620445191, 0.11386060817397348","1.7333252124961425, 0.07579370586571726, 1.3817621632817756, 0.07579370586608183, 1.7333252124902803","0.7398579593926613, 0.0044071965317228085, 0.40734379518126934, 0.004407196531755957, 0.7398579593869268"
0.12244897959183673,3.5918367346938775,"0.11370472648977126, 0.0005670408853141774, 0.2714564652380081, 0.0005670408850135637, 0.11370472650189306","1.7354823390074574, 0.0722377924445845, 1.3845597371193712, 0.0722377924459722, 1.7354823389826155","0.7416470664467114, 0.004047517851393989, 0.4088991727092136, 0.004047517851511407, 0.7416470664223513"
0.12244897959183673,3.673469387755102,"0.11355898796229624, 0.0005419879880938193, 0.2717980480982872, 0.000541987988081874, 0.11355898796324054","1.7374923218819704, 0.0689225466778855, 1.3871702628821008, 0.06892254667798021, 1.7374923218800618","0.7433184998625948, 0.0037230825783468287, 0.41035461620724717, 0.0037230825783544992, 0.7433184998607186"
0.12244897959183673,3.7551020408163267,"0.11342254452575817, 0.0005187753016739835, 0.2721173603419522, 0.0005187753016378735, 0.11342254452897754","1.7393679891815497, 0.06582730201626528, 1.3896094176105425, 0.0658273020165725, 1.7393679891750686","0.7448821454855262, 0.003429920096546722, 0.41171807770021873, 0.0034299200965685218, 0.7448821454791439"
0.12244897959183673,3.836734693877551,"0.11329463333447515, 0.0004972150317709267, 0.2724163031866661, 0.0004972150305766216, 0.11329463341651114","1.7411208417082054, 0.06293347991319868, 1.391891356916002, 0.06293347992300151, 1.7411208415395933","0.7463469032168394, 0.0031645578225461147, 0.4129967884735058, 0.0031645578236441647, 0.7463469030516933"
0.12244897959183673,3.9183673469387754,"0.11317456654736718, 0.0004771425913983104, 0.27269658073108777, 0.0004771425813221049, 0.11317456754882455","1.7427612084059247, 0.06022435487504897, 1.394028875381303, 0.06022435498131708, 1.742761206356406","0.7477207984729837, 0.00292395351858892, 0.4141973279814109, 0.0029239535285607915, 0.7477207964580368"
0.12244897959183673,4.0,"0.11306172476368825, 0.00045841340523274446, 0.27295972347379094, 0.00045841340110066783, 0.11306172495618744","1.7442983774546394, 0.0576848477866913, 1.3960335498849803, 0.057684847809305655, 1.7442983770643852","0.7490110754524016, 0.0027054373416649643, 0.4153256865745065, 0.002705437343954833, 0.7490110750684548"
0.24489795918367346,0.0,"0.17274040069564423, -0.008165831118308597, 0.17085086084533005, -0.008165831118308653, 0.17274040069564298","1.0000000000000002, 1.0000000000000024, 0.9999999999999991, 1.0000000000000004, 0.9999999999999973","0.20967206533761978, 0.24118817478469284, 0.21441523881744123, 0.24118817478469187, 0.20967206533761862"
0.24489795918367346,0.08163265306122448,"0.17148809310572322, -0.007822323215846111, 0.17266846022024762, -0.007822323215846305, 0.1714880931057215","1.029548492965334, 0.9770134606887686, 0.9868760926917937, 0.9770134606887682, 1.0295484929653353","0.22736739339918416, 0.23340751158930303, 0.2090286155346438, 0.23340751158930284, 0.22736739339918538"
0.24489795918367346,0.16326530612244897,"0.16981995066863015, -0.007191579496160394, 0.17474325765505946, -0.007191579496160172, 0.169819950668631","1.05946640996192, 0.9524068772924758, 0.9762534254912079, 0.952406877292476, 1.0594664099619209","0.24596639414751334, 0.2252336763774494, 0.20491027278050297, 0.22523367637744926, 0.24596639414751334"
0.24489795918367346,0.24489795918367346,"0.16778814868363948, -0.006345925767129779, 0.17711555416697902, -0.006345925767130056, 0.16778814868364153","1.089767799121311, 0.9260797201781197, 0.9683049614011396, 0.9260797201781199, 1.0897677991213108","0.265419302605267, 0.2166334917549772, 0.2020645087799261, 0.2166334917549771, 0.26541930260526597"
0.24489795918367346,0.32653061224489793,"0.16544861313920436, -0.005354945869432026, 0.17981266546045294, -0.005354945869431776, 0.16544861313920667","1.120444672268553, 0.8979616230112305, 0.9631874094404349, 0.8979616230112313, 1.1204446722685526","0.28565902175057106, 0.20758588352032292, 0.20049891353503438, 0.20758588352032328, 0.28565902175056984"
0.24489795918367346,0.40816326530612246,"0.16285988732629353, -0.004283898438617234, 0.18284802222464724, -0.004283898438617817, 0.16285988732629444","1.1514642356234124, 0.8680223130311975, 0.9610269026907827, 0.8680223130311984, 1.151464235623411","0.30660025959486, 0.19808561232095742, 0.2002193976502402, 0.1980856123209576, 0.30660025959485876"
0.24489795918367346,0.4897959183673469,"0.16008179521623453, -0.0031920574537321056, 0.1862205244749936, -0.0031920574537314117, 0.16008179521623567","1.1827660939499096, 0.8362817855159779, 0.9619042410682264, 0.8362817855159793, 1.1827660939499087","0.3281388461936159, 0.1881467938402517, 0.2012247543735022, 0.1881467938402522, 0.3281388461936146"
0.24489795918367346,0.5714285714285714,"0.15717395635244005, -0.0021310955554083577, 0.18991427840593839, -0.0021310955554086353, 0.15717395635243864","1.2142597689374066, 0.8028198185351462, 0.9658408250548941, 0.8028198185351452, 1.214259768937409","0.3501513803229699, 0.17780579315674847, 0.20350106409223248, 0.177805793156748, 0.350151380322972"
0.24489795918367346,0.6530612244897959,"0.15419422256709814, -0.0011436619155152095, 0.1938988786968327, -0.0011436619155145156, 0.15419422256709853","1.2458231226296197, 0.7677835484638438, 0.9727866578130729, 0.767783548463843, 1.2458231226296195","0.37249549379088687, 0.16712298374658607, 0.20701635724801118, 0.16712298374658588, 0.3724954937908867"
0.24489795918367346,0.7346938775510204,"0.1511971162409585, -0.000262321155731271, 0.1981304098295453, -0.0002623211557312155, 0.15119711624095883","1.2773024719128387, 0.7313915333317343, 0.9826119895108547, 0.7313915333317348, 1.2773024719128387","0.39501114343490185, 0.15618282710771964, 0.21171607392030037, 0.1561828271077198, 0.39501114343490173"
0.24489795918367346,0.8163265306122449,"0.14823235670268603, 0.0004909892244624459, 0.20255330814570136, 0.0004909892244624181, 0.1482323567026878","1.3085152235227557, 0.6939326734667802, 0.9951042060209296, 0.6939326734667814, 1.308515223522754","0.4175233821229904, 0.14509180494398935, 0.21751995248836087, 0.14509180494398977, 0.4175233821229884"
0.24489795918367346,0.8979591836734694,"0.1453435674369139, 0.0011048638929385957, 0.20710313734029476, 0.001104863892938096, 0.14534356743691462","1.3392556595421123, 0.6557586959908495, 1.0099712889340782, 0.6557586959908506, 1.3392556595421108","0.43984695641746213, 0.13397396092368907, 0.22432098376931217, 0.13397396092368952, 0.43984695641746063"
0.24489795918367346,0.9795918367346939,"0.14256725968579353, 0.0015776480826061867, 0.2117101844632004, 0.0015776480826059924, 0.14256725968579403","1.3693040246024297, 0.6172697261306754, 1.0268524985337901, 0.6172697261306761, 1.36930402460243","0.4617927993854367, 0.12296418252263483, 0.23198692085012987, 0.12296418252263505, 0.46179279938543655"
0.24489795918367346,1.0612244897959184,"0.139932181469559, 0.001916015129148102, 0.21630360680258634, 0.0019160151291479355, 0.13993218146955871","1.3984383740359314, 0.5788936862138707, 1.045335879500397, 0.57889368621387, 1.3984383740359312","0.4831760677611311, 0.11219981180713615, 0.2403645139410493, 0.11219981180713601, 0.4831760677611314"
0.24489795918367346,1.1428571428571428,"0.13745909796506356, 0.002133050993325142, 0.22081570208322338, 0.0021330509933249198, 0.13745909796506262","1.4264479178633072, 0.5410616031283626, 1.0649809580166596, 0.5410616031283613, 1.4264479178633074","0.5038249246930003, 0.10181159223565522, 0.24928618577161904, 0.10181159223565506, 0.5038249246930013"
0.24489795918367346,1.2244897959183674,"0.13516102694162063, 0.002246076320982171, 0.2251857934747943, 0.002246076320982393, 0.1351610269416207","1.4531460844036777, 0.504181949695466, 1.0853439318017126, 0.5041819496954655, 1.4531460844036788","0.5235889493169309, 0.09191518960136452, 0.25857838944260564, 0.09191518960136436, 0.5235889493169317"
0.24489795918367346,1.3061224489795917,"0.13304389726120702, 0.00227447426304718, 0.22936325695148924, 0.002274474263047041, 0.13304389726120958","1.4783814357299965, 0.46861750742875985, 1.1060021136824907, 0.4686175074287616, 1.4783814357299918","0.5423459972779082, 0.08260446632679347, 0.26807054604991465, 0.082604466326794, 0.5423459972779037"
0.24489795918367346,1.3877551020408163,"0.1311075427809389, 0.002237771982895556, 0.2333093704723336, 0.002237771982896, 0.13110754278093611","1.5020449563034144, 0.434667751234628, 1.1265745849239113, 0.4346677512346261, 1.502044956303421","0.5600065855733164, 0.07394733821231078, 0.2776033631929082, 0.07394733821231052, 0.5600065855733223"
0.24489795918367346,1.469387755102041,"0.12934690411021044, 0.002154152483293037, 0.2369978868129956, 0.0021541524832935643, 0.1293469041102075","1.5240729824836499, 0.4025585713936166, 1.1467368922454626, 0.4025585713936147, 1.524072982483657","0.5765153550573188, 0.06598451078372158, 0.2870355192540635, 0.06598451078372126, 0.5765153550573251"
0.24489795918367346,1.5510204081632653,"0.1277532973114966, 0.0020394751407436795, 0.2404144550955173, 0.00203947514074361, 0.12775329731149926","1.544445893440427, 0.3724396640084074, 1.166228885102337, 0.3724396640084081, 1.5444458934404226","0.5918497147771431, 0.058730849273064926, 0.29624809128653923, 0.05873084927306517, 0.5918497147771385"
0.24489795918367346,1.6326530612244898,"0.1263156229269714, 0.001906788090239031, 0.24355517796557682, 0.001906788090239031, 0.12631562292697363","1.563183383907783, 0.34438859547434086, 1.184856041235755, 0.3443885954743421, 1.5631833839077793","0.6060162261142618, 0.05217873620687312, 0.3051465710536275, 0.05217873620687335, 0.606016226114258"
0.24489795918367346,1.7142857142857142,"0.12502142281597645, 0.0017662466256132686, 0.24642466111682257, 0.0017662466256131298, 0.12502142281597473","1.5803375252402043, 0.3184197014716582, 1.2024855465762727, 0.31841970147165766, 1.5803375252402083","0.6190455355678401, 0.046302591748223675, 0.3136607182043172, 0.04630259174822349, 0.6190455355678437"
0.24489795918367346,1.7959183673469388,"0.12385773403551215, 0.0016253185939287401, 0.24903389474111542, 0.0016253185939283654, 0.12385773403551564","1.5959848706113373, 0.2944957107918905, 1.2190388371935525, 0.29449571079189163, 1.5959848706113307","0.6309866963243542, 0.041063763901422815, 0.321742756656486, 0.04106376390142309, 0.6309866963243477"
0.24489795918367346,1.8775510204081634,"0.12281172728900125, 0.0014891567714962334, 0.25139823187900917, 0.0014891567714964, 0.12281172728899686","1.6102186577796305, 0.27254018580695594, 1.2344823128268203, 0.27254018580695394, 1.610218657779639","0.6419015844721792, 0.03641516835087443, 0.32936451207135825, 0.03641516835087409, 0.6419015844721876"
0.24489795918367346,1.9591836734693877,"0.12187114559499046, 0.0013610383308846619, 0.25353563214824937, 0.0013610383308844676, 0.12187114559499068","1.6231418364820478, 0.25244934422421744, 1.2488176385874705, 0.25244934422421783, 1.623141836482047","0.651859898896382, 0.03230528506486233, 0.33651404817149727, 0.0323052850648624, 0.6518598988963812"
0.24489795918367346,2.0408163265306123,"0.12102457495926688, 0.0012428004877305457, 0.2554652491060036, 0.001242800487730171, 0.12102457495926866","1.634861310997353, 0.2341023734461476, 1.2620726311130022, 0.23410237344614776, 1.634861310997349","0.660935009300064, 0.02868133242282774, 0.34319224279511784, 0.02868133242282775, 0.6609350093000602"
0.24489795918367346,2.122448979591837,"0.12026158462015218, 0.0011352299245981148, 0.2572063709104956, 0.001135229924597983, 0.12026158462015624","1.6454835128942786, 0.2173698325735577, 1.274293309064335, 0.21736983257355919, 1.6454835128942706","0.6692007317892154, 0.02549160202916243, 0.3494096029664147, 0.02549160202916261, 0.6692007317892072"
0.24489795918367346,2.204081632653061,"0.11957277307789638, 0.0010383865056738037, 0.25877768083285524, 0.001038386505673665, 0.11957277307790132","1.6551112314109835, 0.20212009359295996, 1.2855373499921234, 0.20212009359296174, 1.655111231410975","0.6767289844583149, 0.022687039000144005, 0.35518348766257796, 0.02268703900014428, 0.676728984458306"
0.24489795918367346,2.2857142857142856,"0.11894975085698256, 0.0009518575657525008, 0.26019678315453443, 0.0009518575657526673, 0.11894975085697779","1.6638415252125678, 0.18822399434403328, 1.2958689608867893, 0.18822399434403175, 1.6638415252125769","0.6835882042602045, 0.02022220134434914, 0.36053580506974603, 0.020222201344348927, 0.6835882042602137"
0.24489795918367346,2.36734693877551,"0.11838508428803562, 0.0008749483266242489, 0.26147993477067644, 0.000874948326624013, 0.11838508428803984","1.6717645001286996, 0.17555798447218807, 1.305355030798234, 0.17555798447218907, 1.6717645001286914","0.6898423786742104, 0.018055743215527244, 0.3654911818630802, 0.0180557432155274, 0.6898423786742022"
0.24489795918367346,2.4489795918367347,"0.11787221810777271, 0.0008068183498661924, 0.26264192708471523, 0.0008068183498658177, 0.11787221810778009","1.6789627403140672, 0.1640060752426906, 1.3140623688864972, 0.1640060752426927, 1.6789627403140535","0.6955505464514742, 0.016150555489545457, 0.37007556142417314, 0.01615055548954578, 0.6955505464514601"
0.24489795918367346,2.5306122448979593,"0.1174053891471516, 0.000746575070590623, 0.2636960715645218, 0.0007465750705908034, 0.11740538914714538","1.6855112058180168, 0.15346088629343485, 1.3220558157770865, 0.15346088629343302, 1.6855112058180293","0.7007666381773592, 0.014473675211695052, 0.3743151688232133, 0.01447367521169477, 0.7007666381773714"
0.24489795918367346,2.6122448979591835,"0.11697953906057384, 0.0006933347662910067, 0.26465425234628104, 0.0006933347662913675, 0.11697953906056269","1.6914774440462579, 0.14382404121969877, 1.3293970294680661, 0.14382404121969614, 1.6914774440462803","0.7055395502885459, 0.012996050851583913, 0.37823577563833577, 0.012996050851583498, 0.7055395502885679"
0.24489795918367346,2.693877551020408,"0.11659023088838683, 0.0006462597811516257, 0.2655270186609172, 0.000646259781151709, 0.11659023088839293","1.6969219976047978, 0.13500611525767636, 1.3361437742750635, 0.13500611525767842, 1.6969219976047851","0.7099133697560556, 0.011692227412054522, 0.3818622013516705, 0.0116922274120549, 0.7099133697560432"
0.24489795918367346,2.7755102040816326,"0.11623357205210982, 0.0006045790589874825, 0.2663236977778022, 0.000604579058987316, 0.11623357205211343","1.7018989221527618, 0.12692629145486628, 1.3423495727847523, 0.1269262914548669, 1.7018989221527545","0.7139276878428827, 0.010539996242258307, 0.38521799590502814, 0.010539996242258425, 0.7139276878428756"
0.24489795918367346,2.857142857142857,"0.11590614493438445, 0.000567597368525876, 0.2670525153941695, 0.0005675973685255881, 0.11590614493439472","1.706456353459701, 0.1195118410070565, 1.3480636110665043, 0.11951184100705853, 1.7064563534596804","0.717617958927847, 0.00952003938070813, 0.3883252572761267, 0.009520039380708433, 0.7176179589278266"
0.24489795918367346,2.938775510204082,"0.11560494528912713, 0.0005346971806841384, 0.2677207150603701, 0.0005346971806839754, 0.11560494528913451","1.7106370827226167, 0.112697510349303, 1.3533308138561753, 0.11269751034930423, 1.7106370827226014","0.7210158741844822, 0.008615587090383507, 0.3912045470549757, 0.008615587090383674, 0.7210158741844673"
0.24489795918367346,3.020408163265306,"0.11532732819425384, 0.0005053360183602217, 0.268334671574777, 0.0005053360183602737, 0.11532732819424901","1.7144791139774027, 0.10642487191628483, 1.3581920282126165, 0.10642487191628398, 1.7144791139774154","0.7241497302865305, 0.00781209930438039, 0.3938748751555899, 0.007812099304380292, 0.7241497302865416"
0.24489795918367346,3.1020408163265305,"0.1150709609754395, 0.0004790412284708112, 0.26889999559219646, 0.00047904122847128305, 0.11507096097542224","1.7180161880457083, 0.10064167627782045, 1.3626842713529113, 0.1006416762778169, 1.7180161880457443","0.7270447808567833, 0.0070969762705406225, 0.3963537316813048, 0.007096976270540209, 0.7270447808568182"
0.24489795918367346,3.183673469387755,"0.11483378240308112, 0.00045540348313553164, 0.2694216282275488, 0.00045540348313535817, 0.1148337824030995","1.721278264821478, 0.09530122940679793, 1.3668410115434835, 0.0953012294068004, 1.7212782648214393","0.7297235636934369, 0.006459300123426879, 0.39865714954474696, 0.006459300123427176, 0.7297235636933997"
0.24489795918367346,3.2653061224489797,"0.11461396743510799, 0.0004340698557938061, 0.26990392541818864, 0.0004340698557935181, 0.1146139674351162","1.7242919606390763, 0.0903618089801757, 1.3706924607615116, 0.09036180898017732, 1.7242919606390592","0.7322062004407844, 0.0058896068911414474, 0.40079978584272674, 0.005889606891141622, 0.7322062004407679"
0.24489795918367346,3.3469387755102042,"0.1144098968033882, 0.00041473699565059904, 0.2703507324020426, 0.0004147369956532948, 0.11440989680326552","1.7270809406480054, 0.08578612683371445, 1.3742658650363295, 0.08578612683369677, 1.7270809406482546","0.7345106677715381, 0.005379687151288377, 0.4027950133757293, 0.005379687151286158, 0.7345106677717818"
0.24489795918367346,3.4285714285714284,"0.11422013079589838, 0.00039714470392150647, 0.2707654489999115, 0.0003971447039134435, 0.11422013079635512","1.7296662680646775, 0.081540840163421, 1.3775857835446692, 0.08154084016347353, 1.7296662680637604","0.7366530406675873, 0.004922412879537751, 0.4046550162658401, 0.004922412879543143, 0.736653040666687"
0.24489795918367346,3.510204081632653,"0.1140433866563823, 0.00038107006913291885, 0.2711510865489518, 0.0003810700691326552, 0.11404338665640013","1.732066713263038, 0.07759611115101366, 1.38067435117193, 0.07759611115101632, 1.7320667132630017","0.7386477092871839, 0.004511587766812937, 0.40639088553642505, 0.004511587766813208, 0.7386477092871482"
0.24489795918367346,3.5918367346938775,"0.11387851908082941, 0.00036632222464947836, 0.27151031738381043, 0.00036632222457627997, 0.11387851908613494","1.7342990262197349, 0.0739252129026565, 1.3835515217653453, 0.07392521290319873, 1.7342990262090678","0.7405075714196308, 0.004141818264178632, 0.4080127119186037, 0.004141818264210203, 0.7405075714091388"
0.24489795918367346,3.673469387755102,"0.11372450339503393, 0.00035273773254755267, 0.27184551774487176, 0.0003527377325486976, 0.1137245033949984","1.7363781759164125, 0.07050417858259281, 1.3862352910019229, 0.07050417858259123, 1.736378175916482","0.7422442026669196, 0.0038084027449749513, 0.40952967416415215, 0.0038084027449749895, 0.7422442026669884"
0.24489795918367346,3.7551020408163267,"0.11358042095776605, 0.00034017656503914154, 0.27215880493901934, 0.0003401765648866975, 0.11358042097328858","1.7383175604400325, 0.06731149012214938, 1.3887418989059712, 0.06731149012453122, 1.7383175604073156","0.7438680067275272, 0.003507236381640756, 0.41095012186689867, 0.0035072363819713764, 0.7438680066957473"
0.24489795918367346,3.836734693877551,"0.11344544660593953, 0.00032851863370764525, 0.27245206950604733, 0.00032851863340132084, 0.11344544662090411","1.7401291908800416, 0.06432780275774175, 1.3910860127531115, 0.06432780275907171, 1.740129190850034","0.7453883476503369, 0.003234729579774199, 0.4122816523022806, 0.0032347295799031706, 0.7453883476207542"
0.24489795918367346,3.9183673469387754,"0.11331883811268029, 0.0003176608063452206, 0.27272700305678715, 0.0003176608165955403, 0.113318837207592","1.741823851675443, 0.0615357016949548, 1.3932808915160506, 0.06153570161363986, 1.741823853499914","0.7468136656054334, 0.0029877380570582416, 0.41353118114860754, 0.0029877380517494704, 0.746813667403265"
0.24489795918367346,4.0,"0.11319992440407323, 0.00030751439196038954, 0.2729851224077934, 0.0003075143919588873, 0.11319992440421422","1.7434112462213198, 0.058919487183069844, 1.395338533191494, 0.058919487183082604, 1.743411246221035","0.7481515839473823, 0.0027635028935750093, 0.4147050071440018, 0.0027635028935759677, 0.7481515839471017"
0.3673469387755102,0.0,"0.17575801224234033, -0.012322182731126757, 0.17312834097757246, -0.012322182731125786, 0.17575801224233978","1.0, 0.9999999999999996, 1.0000000000000009, 1.0000000000000004, 0.9999999999999993","0.20338197328141444, 0.23664263038354297, 0.21038785705631727, 0.23664263038354372, 0.20338197328141458"
0.3673469387755102,0.08163265306122448,"0.17448182331672052, -0.011895260713170486, 0.17482687479289952, -0.011895260713170042, 0.17448182331672063","1.0282180724012275, 0.9780594918153933, 0.9874448715667581, 0.9780594918153944, 1.028218072401227","0.22042914854602913, 0.22934799779172593, 0.2053377502253659, 0.2293479977917264, 0.22042914854602888"
0.3673469387755102,0.16326530612244897,"0.1727953274849385, -0.011179695517777866, 0.176768736065678, -0.011179695517777782, 0.17279532748493912","1.056877579237342, 0.9545386920489662, 0.9771674574273839, 0.9545386920489665, 1.0568775792373424","0.23840474583560187, 0.2216733798165097, 0.20145120765937266, 0.22167337981650978, 0.23840474583560192"
0.3673469387755102,0.24489795918367346,"0.17074482572059513, -0.010242283383932627, 0.17899491532667394, -0.010242283383932044, 0.17074482572059577","1.0860000016844908, 0.9293299065661103, 0.9693401834987997, 0.9293299065661107, 1.0860000016844904","0.2572708275106585, 0.2135829779426207, 0.19873743179080572, 0.21358297794262068, 0.25727082751065766"
0.3673469387755102,0.32653061224489793,"0.16838081529685708, -0.009148097078885586, 0.18153456356405687, -0.009148097078885975, 0.16838081529685778","1.1155845764976395, 0.9023521808941133, 0.964126485216495, 0.9023521808941141, 1.1155845764976404","0.2769718040852192, 0.20505181505764747, 0.19721074871201988, 0.20505181505764775, 0.2769718040852192"
0.3673469387755102,0.40816326530612246,"0.16575717732518017, -0.007959167459142408, 0.18440398026792484, -0.007959167459142158, 0.1657571773251796","1.1456056116523061, 0.8735608262790784, 0.961667124137231, 0.8735608262790779, 1.145605611652307","0.2974332160908338, 0.19606929098358766, 0.19688584905804357, 0.19606929098358739, 0.2974332160908346"
0.3673469387755102,0.4897959183673469,"0.16293010025733823, -0.0067329944622392945, 0.18760578840979955, -0.006732994462239517, 0.16293010025734114","1.1760097843950754, 0.8429574045409839, 0.9620656221278847, 0.8429574045409843, 1.1760097843950725","0.31856075713988585, 0.18664264509880268, 0.19777248126772576, 0.1866426450988034, 0.31856075713988313"
0.3673469387755102,0.5714285714285714,"0.15995677480040985, -0.005520990489993549, 0.19112843137916788, -0.005520990489993605, 0.1599567748004094","1.2067137067599545, 0.8105993826113982, 0.9653738212572966, 0.8105993826113975, 1.2067137067599538","0.3402396798997652, 0.17679995650165856, 0.1998698555396597, 0.1767999565016583, 0.34023967989976495"
0.3673469387755102,0.6530612244897959,"0.15689391833463065, -0.004366999010716438, 0.19494616135217083, -0.004366999010716438, 0.15689391833463154","1.2376022609853359, 0.7766083098966949, 0.9715788582359417, 0.7766083098966956, 1.2376022609853339","0.36233483794186705, 0.16659221375163408, 0.20316112503351463, 0.16659221375163438, 0.36233483794186544"
0.3673469387755102,0.7346938775510204,"0.1537962045999076, -0.003306055776516048, 0.19901970235321684, -0.003306055776515743, 0.15379620459990723","1.2685283968716157, 0.7411750619260936, 0.980593082404581, 0.7411750619260937, 1.268528396871616","0.3846917246837701, 0.15609393405986477, 0.20760843788329764, 0.1560939340598649, 0.3846917246837703"
0.3673469387755102,0.8163265306122449,"0.15071468912180438, -0.0023635629398176816, 0.20329774763602718, -0.002363562939817876, 0.15071468912180386","1.2993151626476445, 0.7045605638419568, 0.9922485470207996, 0.7045605638419562, 1.299315162647643","0.40713892269044366, 0.145401850735012, 0.2131491642265774, 0.14540185073501194, 0.4071389226904432"
0.3673469387755102,0.8979591836734694,"0.14769533363865256, -0.0015550210915550866, 0.20771937490580478, -0.0015550210915550866, 0.14769533363865273","1.3297606216744557, 0.667090608652885, 1.0062975393453182, 0.6670906086528855, 1.3297606216744537","0.4294923121194723, 0.13463135816166485, 0.21969394254017574, 0.13463135816166516, 0.42949231211947114"
0.3673469387755102,0.9795918367346939,"0.14477774165933666, -0.0008864071379967031, 0.21221733095732104, -0.0008864071379972582, 0.1447777416593366","1.3596459351407664, 0.629144024983216, 1.0224200797520373, 0.629144024983215, 1.3596459351407675","0.45156116591187956, 0.12391071761099658, 0.22712709982455462, 0.12391071761099634, 0.45156116591188017"
0.3673469387755102,1.0612244897959184,"0.14199421651949362, -0.00035520036067629435, 0.21672196768236318, -0.0003552003606765164, 0.141994216519496","1.3887462932736274, 0.5911345073657588, 1.0402383987212311, 0.5911345073657597, 1.3887462932736225","0.47315589349451426, 0.11337344412545997, 0.23530974402028207, 0.11337344412546022, 0.4731558934945104"
0.3673469387755102,1.1428571428571428,"0.1393692356473813, 4.804117301737687e-5, 0.22116544635920127, 4.8041173017099315e-5, 0.13936923564738302","1.4168436889466336, 0.5534876956960282, 1.0593372307146804, 0.5534876956960286, 1.4168436889466303","0.4940967668165523, 0.10314971410782744, 0.2440854220419351, 0.10314971410782763, 0.49409676681654946"
0.3673469387755102,1.2244897959183674,"0.13691939595813746, 0.00033774298139604975, 0.22548572212093085, 0.00033774298139560566, 0.13691939595814023","1.4437399634592767, 0.5166162182113384, 1.079287636658776, 0.5166162182113391, 1.4437399634592718","0.5142226101708415, 0.09335791981586736, 0.25328776950682663, 0.09335791981586733, 0.5142226101708365"
0.3673469387755102,1.3061224489795917,"0.13465382867193537, 0.0005312608235947675, 0.22962982100894228, 0.0005312608235949479, 0.13465382867193276","1.4692683288172907, 0.48089600316388603, 1.0996713360376427, 0.48089600316388476, 1.4692683288172979","0.5333982980288274, 0.08409753594233738, 0.262749184039028, 0.0840975359423369, 0.5333982980288329"
0.3673469387755102,1.3877551020408163,"0.13257501932250165, 0.0006469609186101899, 0.2335560395177734, 0.0006469609186100789, 0.1325750193225046","1.493301793337599, 0.4466469776441417, 1.1201024580365244, 0.44664697764414335, 1.493301793337592","0.5515200563222266, 0.07544421962129769, 0.2723093632942418, 0.07544421962129819, 0.5515200563222208"
0.3673469387755102,1.469387755102041,"0.13067991681131796, 0.00070263372743809, 0.23723489892249103, 0.000702633727438215, 0.13067991681131513","1.5157575298731445, 0.4141203465242119, 1.140244247205283, 0.41412034652421115, 1.5157575298731523","0.5685179668711691, 0.06744760823537961, 0.2818226258226546, 0.06744760823537943, 0.5685179668711754"
0.3673469387755102,1.5510204081632653,"0.12896118797037148, 0.0007143564262219737, 0.24064891120680984, 0.0007143564262219598, 0.12896118797037504","1.5365970257972865, 0.3834932883402976, 1.1598193717248386, 0.3834932883403004, 1.5365970257972787","0.5843556011257708, 0.06013175539527006, 0.291163244748934, 0.06013175539527079, 0.5843556011257638"
0.3673469387755102,1.6326530612244898,"0.12740847644417191, 0.0006958260324260168, 0.2437913950468066, 0.0006958260324259474, 0.1274084764441693","1.5558225897989044, 0.3548705490621271, 1.1786137222779343, 0.35487054906212456, 1.5558225897989095","0.5990271937077093, 0.0534977101511476, 0.30022845970871975, 0.053497710151146974, 0.5990271937077143"
0.3673469387755102,1.7142857142857142,"0.12600955195899183, 0.0006581088614371206, 0.24666467835914202, 0.0006581088614375369, 0.126009551958992","1.5734712720823945, 0.3282914220102574, 1.1964746118146992, 0.32829142201025663, 1.573471272082396","0.6125530826890895, 0.04752749879578104, 0.3089392563651299, 0.04752749879578079, 0.61255308268909"
0.3673469387755102,1.7959183673469388,"0.1247512768229232, 0.0006097067691673841, 0.24927803281581645, 0.0006097067691671343, 0.12475127682292575","1.589607413949418, 0.3037401418666068, 1.2133048883679565, 0.30374014186660675, 1.589607413949412","0.6249742465380872, 0.042188730979352544, 0.3172393121530616, 0.04218873097935253, 0.6249742465380819"
0.3673469387755102,1.8775510204081634,"0.12362035840287022, 0.0005568276381206355, 0.25164562791801415, 0.0005568276381205661, 0.12362035840287472","1.6043149278774682, 0.28115775727756553, 1.2290546296899407, 0.28115775727756753, 1.6043149278774589","0.6363466881189641, 0.03743917324809835, 0.3250926596512165, 0.03743917324809887, 0.6363466881189555"
0.3673469387755102,1.9591836734693877,"0.12260389036244723, 0.0005037587377634961, 0.2537847017995747, 0.0005037587377632879, 0.12260389036245134","1.6176901312109155, 0.26045391577789845, 1.2437119060223796, 0.2604539157779003, 1.6176901312109062","0.6467362273765215, 0.03323083511768993, 0.3324806296074303, 0.03323083511769027, 0.646736227376513"
0.3673469387755102,2.0408163265306123,"0.12168970765455889, 0.00045326559044114173, 0.2557140535099964, 0.0004532655904409058, 0.121689707654563","1.6298356312359532, 0.24151750245869363, 1.2572937326107145, 0.2415175024586953, 1.629835631235944","0.6562140434296119, 0.029513323497115017, 0.3393985505999002, 0.029513323497115294, 0.6562140434296034"
0.3673469387755102,2.122448979591837,"0.12086659094477414, 0.00040696587889538227, 0.25745288635265706, 0.00040696587889495206, 0.12086659094477842","1.64085547002378, 0.224225566297663, 1.2698379273571212, 0.22422556629766474, 1.6408554700237707","0.6648531096469655, 0.02623639461279126, 0.3458525537488823, 0.026236394612791557, 0.6648531096469569"
0.3673469387755102,2.204081632653061,"0.12012435800659066, 0.00036565141160066483, 0.2590199811636137, 0.00036565141160074116, 0.12012435800659416","1.6508515246846898, 0.2084503586888684, 1.2813962332528892, 0.2084503586888694, 1.6508515246846815","0.6727255195439165, 0.023351750452695448, 0.35185669963496075, 0.02335175045269577, 0.672725519543909"
0.3673469387755102,2.2857142857142856,"0.11945387603941598, 0.0003295485034815124, 0.2604331509142067, 0.00032954850348174136, 0.11945387603941432","1.6599210287998614, 0.1940645707573772, 1.292028800885521, 0.19406457075737615, 1.6599210287998658","0.6799006115999795, 0.020814191264435906, 0.357430534475774, 0.020814191264435768, 0.6799006115999835"
0.3673469387755102,2.36734693877551,"0.11884702272085901, 0.00029851816892511457, 0.2617089182204374, 0.0002985181689253297, 0.11884702272085357","1.6681550200950845, 0.18094500130988278, 1.3017999571900563, 0.18094500130988148, 1.6681550200950985","0.6864437584329126, 0.018582259044061935, 0.3625971025667481, 0.018582259044061737, 0.6864437584329247"
0.3673469387755102,2.4489795918367347,"0.11829661713614353, 0.0002722034156698028, 0.2628623588963672, 0.00027220341566960155, 0.11829661713615008","1.6756375071392111, 0.1689749445738043, 1.3107750965739822, 0.16897494457380619, 1.6756375071391991","0.6924156763298835, 0.016618503785330176, 0.36738139111524337, 0.016618503785330484, 0.6924156763298714"
0.3673469387755102,2.5306122448979593,"0.11779633567732495, 0.00025013321321855353, 0.2639070622189188, 0.000250133213218727, 0.11779633567731901","1.6824451642559881, 0.15804558725394593, 1.3190184969801226, 0.15804558725394424, 1.6824451642560003","0.6978721216219931, 0.014889486985903647, 0.37180915624516514, 0.014889486985903392, 0.697872121622005"
0.3673469387755102,2.6122448979591835,"0.11734062306517917, 0.0002317927903057876, 0.26485516828902333, 0.00023179279030557942, 0.11734062306518622","1.6886473937822117, 0.14805667362455444, 1.3265918651864799, 0.14805667362455616, 1.6886473937821969","0.7028638604828609, 0.013365614376435908, 0.3759060682538728, 0.013365614376436196, 0.7028638604828467"
0.3673469387755102,2.693877551020408,"0.11692460490016654, 0.00021666885114789147, 0.26571745249736267, 0.00021666885114757922, 0.11692460490017492","1.6943066283132888, 0.13891665355535934, 1.3335534362627188, 0.13891665355536104, 1.69430662831327","0.7074368215738728, 0.012020867418154207, 0.37969711400698686, 0.012020867418154469, 0.7074368215738553"
0.3673469387755102,2.7755102040816326,"0.11654400546547333, 0.00020427678883463973, 0.26650343549137895, 0.000204276788834723, 0.11654400546547833","1.6994787770020814, 0.13054248277360803, 1.3399574804486303, 0.1305424827736096, 1.6994787770020712","0.7116323626081376, 0.010832483513418029, 0.38320619994429794, 0.010832483513418326, 0.7116323626081276"
0.3673469387755102,2.857142857142857,"0.1161950726786713, 0.00019417542408678087, 0.26722150379447446, 0.00019417542408651026, 0.11619507267868073","1.7042137467137688, 0.12285920326652636, 1.345854100039428, 0.12285920326652813, 1.7042137467137488","0.7154876004954129, 0.009780619061794447, 0.38645590731602547, 0.009780619061794707, 0.7154876004953937"
0.3673469387755102,2.938775510204082,"0.11587451090367529, 0.00018597341303341897, 0.26787903136658203, 0.00018597341303333917, 0.11587451090367618","1.7085559901787075, 0.11579939702382151, 1.351289225594945, 0.11579939702382172, 1.7085559901787066","0.7190357697045172, 0.008848017453120659, 0.38946735997866483, 0.0088480174531207, 0.7190357697045159"
0.3673469387755102,3.020408163265306,"0.11557942160763607, 0.00017933032592542392, 0.26848249613286856, 0.00017933032592522616, 0.11557942160764445","1.712545049529684, 0.1093025787517364, 1.356304743437174, 0.10930257875173788, 1.7125450495296666","0.7223065849905513, 0.008019695330941781, 0.3922601732507166, 0.008019695330941976, 0.7223065849905346"
0.3673469387755102,3.1020408163265305,"0.11530725143286152, 0.0001739545063251316, 0.2690375881216365, 0.0001739545063251316, 0.11530725143285181","1.7162160755136902, 0.10331457214909473, 1.360938704674412, 0.10331457214909343, 1.7162160755137115","0.7253265931616311, 0.007282654341815664, 0.39485245944915437, 0.007282654341815481, 0.725326593161651"
0.3673469387755102,3.183673469387755,"0.11505574704328292, 0.00016959914995937422, 0.26954930761350676, 0.00016959914995922504, 0.11505574704329152","1.7196003111055427, 0.09778689878275088, 1.3652255802234294, 0.09778689878275224, 1.7196003111055247","0.7281195046814446, 0.006625621478655851, 0.39726087164167956, 0.006625621478656027, 0.7281195046814273"
0.3673469387755102,3.2653061224489797,"0.11482291602406508, 0.0001660575544432663, 0.27002205284279496, 0.00016605755443994258, 0.11482291602425643","1.7227255340370071, 0.09267619741826945, 1.3691965370898078, 0.09267619741829458, 1.72272553403662","0.730706500167099, 0.006038818487802543, 0.3995006718984287, 0.00603881848780496, 0.7307065001667208"
0.3673469387755102,3.3469387755102042,"0.11460699310864281, 0.00016315814535398585, 0.2704596974920159, 0.00016315814535415585, 0.11460699310863287","1.7256164565879306, 0.08794368383001891, 1.3728797191640816, 0.08794368383001731, 1.7256164565879502","0.7331065097218362, 0.0055137592075004006, 0.40158581404390264, 0.005513759207500246, 0.7331065097218559"
0.3673469387755102,3.4285714285714284,"0.11440641104442273, 0.00016075964525781583, 0.27086565862075396, 0.00016075964525989403, 0.11440641104430593","1.7282950834208806, 0.08355465577614879, 1.3763005216057211, 0.08355465577613508, 1.728295083421117","0.735336464922312, 0.005043072812042072, 0.40352903376141935, 0.00504307281204096, 0.7353364649225435"
0.3673469387755102,3.510204081632653,"0.11421977547037798, 0.0001587465912340283, 0.2712429558714562, 0.000158746591114544, 0.11421977547581752","1.7307810296898218, 0.07947804429624152, 1.3794818520381926, 0.07947804429686905, 1.7307810296788764","0.7374115244432478, 0.004620350511398453, 0.4053419410539646, 0.0046203505114744935, 0.7374115244325076"
0.3673469387755102,3.5918367346938775,"0.11404584326534911, 0.00015702530056491137, 0.27159426286857535, 0.0001570253005711078, 0.11404584326493955","1.7330918024041626, 0.0756860102526251, 1.3824443746856605, 0.07568601025257474, 1.7330918024049788","0.7393452749435255, 0.004240013131463884, 0.407035111663709, 0.004240013131459124, 0.7393452749443277"
0.3673469387755102,3.673469387755102,"0.11388350381894313, 0.00015552031868335328, 0.2719219517247268, 0.00015552031868308266, 0.1138835038189634","1.735243048525139, 0.07215358368231786, 1.3852067355851254, 0.07215358368232055, 1.7352430485250974","0.7411499093306922, 0.0038971970553850124, 0.4086181752272758, 0.0038971970553852687, 0.7411499093306515"
0.3673469387755102,3.7551020408163267,"0.1137317628768511, 0.00015417134035088445, 0.27222813151640635, 0.0001541713396699257, 0.11373176292672182","1.7372487730606578, 0.06885834282019151, 1.3877857683336117, 0.06885834282513552, 1.7372487729604045","0.7428363843804582, 0.0035876561699282744, 0.41009989878587444, 0.0035876561702555196, 0.7428363842817363"
0.3673469387755102,3.836734693877551,"0.11358972867146977, 0.00015293057263800203, 0.2725146815187259, 0.00015293057282605646, 0.1135897286643402","1.7391215303165797, 0.06578012931679945, 1.3901966807197375, 0.06578012931606311, 1.7391215303308196","0.7444145596776468, 0.0033076776690476838, 0.4114882648858681, 0.003307677668977373, 0.7444145596916721"
0.3673469387755102,3.9183673469387754,"0.1134565994833539, 0.0001517605060020917, 0.27278327991810225, 0.00015176050315272166, 0.11345659958938925","1.7408725924714559, 0.06290079608339685, 1.3924532230917719, 0.06290079609177852, 1.7408725922615977","0.745893320957588, 0.0030540097986063, 0.41279054389969794, 0.0030540097988120654, 0.7458933207499707"
0.3673469387755102,4.0,"0.1133316536027944, 0.0001506320260014262, 0.2730354286140251, 0.00015063202413338923, 0.11333165373304588","1.7425120958585465, 0.06020398443625481, 1.3945678396606536, 0.06020398444556706, 1.7425120955989788","0.7472806873045618, 0.0028237998599521023, 0.41401336052777626, 0.002823799860324737, 0.747280687047967"
0.4897959183673469,0.0,"0.17875239018915978, -0.016512910753975873, 0.17552104112963168, -0.01651291075397604, 0.17875239018916084","1.000000000000001, 0.9999999999999996, 1.0000000000000004, 1.0000000000000009, 1.0000000000000009","0.19710023034881136, 0.23200867700994876, 0.2062820413978374, 0.23200867700994945, 0.19710023034881086"
0.4897959183673469,0.08163265306122448,"0.17745690945796505, -0.016005918294550836, 0.177098017673171, -0.016005918294550975, 0.17745690945796572","1.0269144143419622, 0.9790816762678803, 0.9880078187803136, 0.9790816762678802, 1.0269144143419626","0.21350589664816053, 0.22518741913462476, 0.20156473614271875, 0.22518741913462464, 0.2135058966481605"
0.4897959183673469,0.16326530612244897,"0.17575747501827893, -0.015210257553079476, 0.17890556506959945, -0.015210257553079254, 0.17575747501828023","1.0543323553869617, 0.9566261347544475, 0.9780830197171824, 0.9566261347544489, 1.0543323553869623","0.23085811897924266, 0.21800070185976317, 0.1979121646103961, 0.21800070185976375, 0.23085811897924235"
0.4897959183673469,0.24489795918367346,"0.17369473174991562, -0.014187199597239297, 0.1809849356946488, -0.014187199597240713, 0.17369473174991548","1.0822827987318338, 0.9325195813613815, 0.9703952398135716, 0.9325195813613796, 1.0822827987318322","0.24913047653146936, 0.21041048600127316, 0.19533716933045683, 0.21041048600127213, 0.24913047653146853"
0.4897959183673469,0.32653061224489793,"0.1713138119119927, -0.01299714282106823, 0.1833666618181489, -0.012997142821067786, 0.17131381191199468","1.1107727097546312, 0.906671560862221, 0.9651114587662963, 0.9066715608622234, 1.1107727097546303","0.26827899408133066, 0.20238828826984778, 0.19385928520217033, 0.20238828826984895, 0.26827899408132944"
0.4897959183673469,0.40816326530612246,"0.16866382646819403, -0.011698564243568799, 0.18606947555075082, -0.011698564243568632, 0.1686638264681925","1.1397843486952202, 0.8790240406231142, 0.9623832213633312, 0.8790240406231131, 1.1397843486952208","0.288240553570169, 0.19391855120589693, 0.19350029288169787, 0.19391855120589682, 0.28824055357017014"
0.4897959183673469,0.4897959183673469,"0.16579705723839122, -0.010346730796634729, 0.18909934711648815, -0.010346730796635478, 0.16579705723839083","1.1692725520914677, 0.8495611483768601, 0.9623325990633433, 0.8495611483768604, 1.1692725520914689","0.3089315690635408, 0.18500202637334923, 0.19427915509731553, 0.18500202637334875, 0.3089315690635412"
0.4897959183673469,0.5714285714285714,"0.16276786324165643, -0.008992252230002662, 0.19244877797669285, -0.008992252230002717, 0.1627678632416558","1.1991622402429454, 0.8183188828716209, 0.9650377537708698, 0.8183188828716209, 1.1991622402429414","0.33024707134716075, 0.1756588444281656, 0.19620653940502614, 0.1756588444281657, 0.3302470713471587"
0.4897959183673469,0.6530612244897959,"0.15963134112821845, -0.007679601755528648, 0.19609652125462243, -0.007679601755528925, 0.1596313411282166","1.22934658686285, 0.7853937771209969, 0.9705192720323064, 0.785393777120996, 1.2293465868628508","0.3520604379235219, 0.16593084570476882, 0.19927923979620765, 0.16593084570476818, 0.35206043792352315"
0.4897959183673469,0.7346938775510204,"0.15644180364166713, -0.006445763722268405, 0.2000079201612013, -0.006445763722267905, 0.1564418036416679","1.259686464295704, 0.7509491759389225, 0.9787287195307457, 0.7509491759389225, 1.2596864642957049","0.3742240977188826, 0.15588267905437148, 0.20347494036960032, 0.1558826790543717, 0.374224097718883"
0.4897959183673469,0.8163265306122449,"0.15325116219585477, -0.005319182403873135, 0.20413604041603622, -0.005319182403873218, 0.15325116219585602","1.2900118782420797, 0.7152176035323518, 0.98954103645114, 0.7152176035323534, 1.2900118782420795","0.39657159522901936, 0.1456011846458508, 0.20874788881908, 0.14560118464585153, 0.39657159522901864"
0.4897959183673469,0.8979591836734694,"0.15010732000146526, -0.004319174929953901, 0.20842370985697883, -0.004319174929954733, 0.15010732000146482","1.3201260481105388, 0.67849778311701, 1.0027523375449032, 0.6784977831170103, 1.3201260481105392","0.4189213622036859, 0.135192698580207, 0.21502611907925168, 0.1351926985802068, 0.4189213622036862"
0.4897959183673469,0.9795918367346939,"0.1470526985391345, -0.003455929036083799, 0.21280646099389702, -0.0034559290360834938, 0.1470526985391361","1.3498125090384674, 0.6411453484470997, 1.0180842850288694, 0.6411453484471005, 1.3498125090384647","0.44108237180887805, 0.12477817449093978, 0.22221082448930732, 0.1247781744909404, 0.4410823718088754"
0.4897959183673469,1.0612244897959184,"0.14412302704752955, -0.0027311329856234967, 0.21721621187619042, -0.00273113298562333, 0.14412302704752683","1.3788451068254188, 0.60355718215678, 1.0351954220356012, 0.6035571821567793, 1.3788451068254215","0.46286153492773846, 0.11448638830022473, 0.23017829075117024, 0.11448638830022435, 0.4628615349277412"
0.4897959183673469,1.1428571428571428,"0.14134651452854807, -0.0021391905553347634, 0.22158535205357557, -0.002139190555334347, 0.1413465145285454","1.4070001195590425, 0.566150493973089, 1.0536987729357339, 0.5661504939730876, 1.4070001195590465","0.484072297326609, 0.10444589996659484, 0.23878444906825752, 0.10444589996659448, 0.48407229732661283"
0.4897959183673469,1.2244897959183674,"0.138743490838941, -0.0016688783188398282, 0.22585077495979777, -0.0016688783188394118, 0.13874349083894066","1.4340691501404959, 0.529338914713692, 1.0731838702916232, 0.5293389147136924, 1.434069150140497","0.504543525722407, 0.09477677079213104, 0.24787166452833587, 0.09477677079213102, 0.5045435257224078"
0.4897959183673469,1.3061224489795917,"0.13632654858450088, -0.0013052308766292875, 0.22995736458425697, -0.001305230876629121, 0.13632654858450055","1.459871101356784, 0.49350865488263634, 1.093240487521159, 0.4935086548826362, 1.4598711013567858","0.5241275669173198, 0.08558315767975269, 0.257276950053531, 0.0855831576797526, 0.5241275669173209"
0.4897959183673469,1.3877551020408163,"0.13410115060702477, -0.0010314132367836293, 0.23386052525951634, -0.0010314132367843926, 0.134101150607027","1.484261613107715, 0.458997868259498, 1.1134810372655788, 0.45899786825949884, 1.4842616131077104","0.5427064220224083, 0.07694776479254473, 0.26684052482242243, 0.07694776479254482, 0.5427064220224038"
0.4897959183673469,1.469387755102041,"0.13206660531044873, -0.0008303654918064146, 0.2375275203627158, -0.0008303654918058734, 0.13206660531044806","1.5071388112341828, 0.4260817098734254, 1.1335589577847833, 0.42608170987342575, 1.507138811234185","0.5601952990860554, 0.06892876041325682, 0.2764136078196917, 0.06892876041325678, 0.5601952990860571"
0.4897959183673469,1.5510204081632653,"0.1302172703666717, -0.000686072912084848, 0.24093760509082615, -0.0006860729120852921, 0.13021727036667258","1.5284449401104032, 0.394964393344596, 1.1531813330900063, 0.39496439334459665, 1.5284449401103983","0.5765432941332136, 0.06155927917284433, 0.2858645563247213, 0.06155927917284434, 0.5765432941332101"
0.4897959183673469,1.6326530612244898,"0.1285438338505525, -0.0005844014198121694, 0.24408113513851656, -0.0005844014198125025, 0.12854383385055568","1.548164196340394, 0.36577821751359935, 1.1721151722920207, 0.36577821751360134, 1.5481641963403863","0.591731449921435, 0.05484917618009332, 0.29508284418835096, 0.05484917618009376, 0.5917314499214283"
0.4897959183673469,1.7142857142857142,"0.12703453951157995, -0.0005135185967275468, 0.24695795817029179, -0.0005135185967276024, 0.12703453951158356","1.566317640436326, 0.3385884286962179, 1.1901878617349184, 0.33858842869621925, 1.5663176404363184","0.6057688149816502, 0.048788396935784545, 0.3039807997332255, 0.04878839693578496, 0.6057688149816434"
0.4897959183673469,1.7959183673469388,"0.1256762600689123, -0.0004639759458139603, 0.24957543175380048, -0.0004639759458145848, 0.1256762600689159","1.5829563290903201, 0.31340214665141014, 1.2072830485165453, 0.3134021466514124, 1.582956329090314","0.618687300369434, 0.0433512206934244, 0.31249337345144357, 0.04335122069342471, 0.6186873003694275"
0.4897959183673469,1.8775510204081634,"0.12445536616327357, -0.0004285531185005964, 0.2519463739104514, -0.00042855311850083233, 0.1244553661632763","1.5981537908380161, 0.2901794446581721, 1.2233335290076273, 0.29017944465817347, 1.5981537908380106","0.6305361135035201, 0.03850069958835592, 0.3205764169623685, 0.03850069958835636, 0.6305361135035149"
0.4897959183673469,1.9591836734693877,"0.1233583778650999, -0.0004019636346456884, 0.2540871715390883, -0.00040196363464578555, 0.12335837786510373","1.6119987506032274, 0.26884491934205235, 1.2383126601094476, 0.2688449193420547, 1.6119987506032212","0.6413763967759823, 0.03419278466999468, 0.32820402031986334, 0.03419278466999508, 0.6413763967759756"
0.4897959183673469,2.0408163265306123,"0.12237241412304156, -0.0003805039689744466, 0.2560161796918628, -0.00038050396897484906, 0.122372414123045","1.6245887058863246, 0.24929853361308504, 1.2522255210011872, 0.24929853361308607, 1.6245887058863158","0.6512764890312643, 0.030379830919239736, 0.335365408726865, 0.030379830919239965, 0.6512764890312568"
0.4897959183673469,2.122448979591837,"0.12148547179849872, -0.00036170376127614423, 0.2577524639255505, -0.0003617037612765328, 0.12148547179850322","1.6360246616674248, 0.2314250019854125, 1.2651006726943335, 0.23142500198541424, 1.6360246616674132","0.6603080233061914, 0.027013353310889054, 0.34206179119731206, 0.027013353310889353, 0.6603080233061813"
0.4897959183673469,2.204081632653061,"0.12068657182721121, -0.0003440116528984974, 0.2593148796513782, -0.0003440116528982684, 0.12068657182720749","1.6464070964630584, 0.21510140417722445, 1.2769829987194286, 0.21510140417722315, 1.6464070964630668","0.6685429113245126, 0.024046038371975192, 0.348303426912007, 0.024046038371974946, 0.6685429113245203"
0.4897959183673469,2.2857142857142856,"0.11996580882655633, -0.0003265327391946335, 0.2607214478252708, -0.00032653273919485554, 0.11996580882656233","1.6558330760336757, 0.20020301375768096, 1.287927820417297, 0.20020301375768285, 1.6558330760336624","0.6760511563999319, 0.021433095945553482, 0.35410705957633626, 0.02143309594555386, 0.6760511563999194"
0.4897959183673469,2.36734693877551,"0.11931433534380825, -0.0003088209380688045, 0.2619889711885173, -0.0003088209380689641, 0.11931433534381253","1.6643943473770788, 0.18660751196829722, 1.2979962813092574, 0.18660751196829883, 1.664394347377071","0.6828993773060567, 0.019133072480725814, 0.35949378030502155, 0.019133072480726147, 0.6828993773060487"
0.4897959183673469,2.4489795918367347,"0.11872430538116513, -0.0002907221082879413, 0.2631328334542397, -0.00029072210828837153, 0.1187243053811714","1.6721762161015037, 0.17419784474918387, 1.3072518782986364, 0.17419784474918573, 1.6721762161014906","0.6891499042876552, 0.017108253361046336, 0.3644873183167224, 0.017108253361046682, 0.6891499042876427"
0.4897959183673469,2.5306122448979593,"0.11818879539416399, -0.0002722602121931622, 0.26416692963606603, -0.0002722602121928083, 0.118188795394156","1.6792570155661553, 0.16286400268913834, 1.3157579634893977, 0.1628640026891363, 1.6792570155661717","0.6948603113858526, 0.015324770204173915, 0.3691127224182716, 0.015324770204173587, 0.6948603113858685"
0.4897959183673469,2.6122448979591835,"0.11770171542854807, -0.00025355785150586035, 0.26510368484590874, -0.00025355785150604077, 0.11770171542855545","1.6857080000532703, 0.15250398579987545, 1.3235760282937228, 0.15250398579987762, 1.6857080000532547","0.7000832654303231, 0.013752509400760175, 0.3733953787765889, 0.01375250940076051, 0.7000832654303082"
0.4897959183673469,2.693877551020408,"0.1172577187024127, -0.00023478300391428092, 0.2659541286029964, -0.00023478300391443357, 0.11725771870241936","1.6915935252293526, 0.1430241779015144, 1.330764593738278, 0.14302417790151617, 1.6915935252293384","0.7048665934486821, 0.012364896720639083, 0.37736030563344836, 0.0123648967206393, 0.7048665934486684"
0.4897959183673469,2.7755102040816326,"0.1168521147177069, -0.00021611497149348624, 0.26672800050756573, -0.00021611497149380543, 0.11685211471771423","1.696971410265351, 0.13433931232000157, 1.3373785548293073, 0.13433931232000343, 1.696971410265335","0.7092534919452492, 0.011138613097476987, 0.3810316683232582, 0.011138613097477226, 0.7092534919452341"
0.4897959183673469,2.857142857142857,"0.11648078872527101, -0.0001977239337048603, 0.2674338704168593, -0.0001977239337052003, 0.11648078872527967","1.701893403591591, 0.1263721692169907, 1.3434688543828535, 0.12637216921699257, 1.7018934035915745","0.7132828209206774, 0.010053280239917941, 0.3844324645139067, 0.010053280239918232, 0.7132828209206608"
0.4897959183673469,2.938775510204082,"0.1161401288559244, -0.00017975981168898147, 0.26807926191151865, -0.00017975981168933536, 0.11614012885593578","1.7064056969744414, 0.11905310890250376, 1.349082388246133, 0.11905310890250598, 1.706405696974418","0.7169894416113568, 0.009091141841442538, 0.3875843375868935, 0.009091141841442862, 0.716989441611334"
0.4897959183673469,3.020408163265306,"0.11582696126909209, -0.00016234727651893294, 0.2686707720148447, -0.0001623472765191654, 0.11582696126910147","1.710549450314856, 0.11231951613795943, 1.3542620670943886, 0.11231951613796112, 1.7105494503148355","0.7204045695978233, 0.008236756579923194, 0.39050748407097446, 0.008236756579923428, 0.7204045695978039"
0.4897959183673469,3.1020408163265305,"0.11553849309432634, -0.0001455846378326936, 0.26921418308700085, -0.00014558463783282197, 0.11553849309433839","1.7143613028293827, 0.10611520755858482, 1.359046979224087, 0.10611520755858803, 1.7143613028293587","0.7235561245067171, 0.0074767122600076655, 0.39322062829415616, 0.007476712260008136, 0.7235561245066935"
0.4897959183673469,3.183673469387755,"0.11527226262457546, -0.0001295450420211279, 0.26971456483487866, -0.00012954504202131872, 0.1152722626245885","1.717873855862858, 0.10038983711779653, 1.3634726140387163, 0.10038983711779842, 1.7178738558628304","0.7264690645298307, 0.006799365757561106, 0.39574104361197987, 0.006799365757561328, 0.7264690645298044"
0.4897959183673469,3.2653061224489797,"0.11502609607093722, -0.00011427892168572318, 0.27017636570147285, -0.00011427892168594869, 0.11502609607096137","1.7211161192996203, 0.09509832185658185, 1.3675711176876393, 0.09509832185658507, 1.7211161192995728","0.7291656989507616, 0.006194610331248179, 0.39808460464888096, 0.006194610331248496, 0.7291656989507147"
0.4897959183673469,3.3469387755102042,"0.11479807014393623, -9.981700639092456e-5, 0.27060349372492254, -9.981700639079619e-5, 0.11479807014392318","1.724113918095377, 0.09020030132307282, 1.3713715611630763, 0.09020030132307105, 1.724113918095402","0.7316659752918335, 0.005653669922603135, 0.4002658590350131, 0.005653669922602953, 0.7316659752918586"
0.4897959183673469,3.4285714285714284,"0.1145864797468279, -8.617346272775384e-5, 0.2709993874408039, -8.617346255215819e-5, 0.11458647973764824","1.726890258421375, 0.08565963773265871, 1.3749002076747137, 0.08565963773152992, 1.7268902584397225","0.7339877399700084, 0.0051689189232213845, 0.4022981102707523, 0.005168918923120319, 0.7339877399880324"
0.4897959183673469,3.510204081632653,"0.11438981007893878, -7.334890710729292e-5, 0.27136707765620727, -7.334890710961744e-5, 0.11438981007907062","1.7294656548408238, 0.08144395974341062, 1.37818077083178, 0.08144395974342655, 1.7294656548405567","0.7361469728877348, 0.004733725285369251, 0.40419350575820295, 0.004733725285370638, 0.7361469728874734"
0.4897959183673469,3.5918367346938775,"0.11420671264199028, -6.133315463148492e-5, 0.27170924102526045, -6.133315463194289e-5, 0.11420671264201221","1.7318584207612382, 0.07752424998227792, 1.3812346585130086, 0.07752424998228079, 1.7318584207611922","0.7381579970247912, 0.004342314604013087, 0.40596312585681654, 0.0043423146040134294, 0.7381579970247467"
0.4897959183673469,3.673469387755102,"0.11403598444932095, -5.0107637787843995e-5, 0.27202824637668943, -5.0107637790348936e-5, 0.11403598444956797","1.7340849254720017, 0.07387447471282564, 1.3840811996308189, 0.07387447471285599, 1.7340849254714947","0.7400336651004136, 0.003989652768790015, 0.4076170711562656, 0.003989652768792327, 0.740033665099917"
0.4897959183673469,3.7551020408163267,"0.1138765576559394, -3.9647621130369654e-5, 0.2723261945845582, -3.964730620053744e-5, 0.11387654268683345","1.736159805482503, 0.07047125409909819, 1.386737852260714, 0.0704712524832419, 1.7361598356744452","0.7417855100908695, 0.003671345020271317, 0.4091645460514138, 0.0036713448430454785, 0.741785539746554"
0.4897959183673469,3.836734693877551,"0.1137274463992165, -2.992325244923974e-5, 0.27260495357422176, -2.9923253519494736e-5, 0.11372744653253014","1.7380962397585622, 0.06729356268725761, 1.3892203953631612, 0.06729356270180178, 1.738096239489217","0.7434239661256224, 0.0033835483758672055, 0.4106139382594164, 0.0033835483776234127, 0.7434239658608289"
0.4897959183673469,3.9183673469387754,"0.1135878088823517, -2.0902387453499566e-5, 0.272866186942533, -2.0902388337858124e-5, 0.11358780895090642","1.7399059727076063, 0.06432247860260573, 1.3915430975108007, 0.06432247860911741, 1.739905972569869","0.7449583483808074, 0.0031228982531430376, 0.4119728914326868, 0.003122898253601829, 0.7449583482450531"
0.4897959183673469,4.0,"0.11345686005018157, -1.255037458657536e-5, 0.2731113806457644, -1.2550374628038721e-5, 0.11345686005326866","1.7415996205031155, 0.06154094174567577, 1.3937188755083363, 0.06154094174595559, 1.7415996204969169","0.7463971169284798, 0.0028864430099647762, 0.41324837440358037, 0.00288644300998317, 0.7463971169223631"
0.6122448979591837,0.0,"0.18171577443508913, -0.020726174837210842, 0.17802080080424643, -0.02072617483721162, 0.18171577443508696","1.0000000000000004, 1.000000000000001, 0.9999999999999987, 1.0, 0.9999999999999997","0.19084094964799375, 0.22729099201859954, 0.2021018557222237, 0.22729099201859831, 0.19084094964799367"
0.6122448979591837,0.08163265306122448,"0.18040563373829782, -0.02014297755534128, 0.17947468763408658, -0.020142977555341113, 0.180405633738298","1.025639232718242, 0.9800786564715106, 0.9885642216204966, 0.9800786564715094, 1.0256392327182406","0.20661261539512574, 0.22092988372876393, 0.19771314321485067, 0.22092988372876335, 0.2066126153951251"
0.6122448979591837,0.16326530612244897,"0.17869869733339738, -0.019272436469321308, 0.18114747827184646, -0.019272436469321363, 0.1786986973333993","1.0518347370394288, 0.9586659893527629, 0.9789985472156194, 0.9586659893527641, 1.0518347370394276","0.22334269818370336, 0.21421890470680577, 0.19429615809519757, 0.21421890470680627, 0.22334269818370228"
0.6122448979591837,0.24489795918367346,"0.17663019867653768, -0.01817034436355708, 0.18308029137403864, -0.01817034436355669, 0.1766301986765376","1.0786228133362115, 0.9356432092417004, 0.9714679548441724, 0.9356432092417024, 1.0786228133362146","0.24101582900189206, 0.2071181893870626, 0.19186629786442114, 0.20711818938706367, 0.24101582900189417"
0.6122448979591837,0.32653061224489793,"0.1742400108010864, -0.016892314359760074, 0.18530460711734578, -0.016892314359760935, 0.17424001080108864","1.1060183854957808, 0.9109115280040968, 0.9661401730002446, 0.9109115280040967, 1.10601838549578","0.2595995517436561, 0.1995961909705593, 0.19044694790984218, 0.1995961909705591, 0.2595995517436549"
0.6122448979591837,0.40816326530612246,"0.17157241746695462, -0.015492996125506336, 0.1878411573171023, -0.015492996125506087, 0.17157241746695556","1.1340122407558324, 0.88440075836863, 0.9631740017510757, 0.8844007583686315, 1.134012240755831","0.27904237845335766, 0.1916328539804607, 0.19006542102842355, 0.19163285398046107, 0.2790423784533563"
0.6122448979591837,0.4897959183673469,"0.16867557253851817, -0.014025006377631544, 0.19069886767822342, -0.0140250063776311, 0.16867557253852103","1.1625682208177919, 0.8560787411385343, 0.9627060760873469, 0.8560787411385358, 1.1625682208177903","0.299272093786963, 0.18322289390459906, 0.19074822823744372, 0.18322289390459978, 0.2992720937869612"
0.6122448979591837,0.5714285714285714,"0.16560063861848962, -0.012537631280017586, 0.1938739853230557, -0.012537631280017447, 0.16560063861848962","1.1916205921683236, 0.8259610217673932, 0.9648367721285667, 0.8259610217673928, 1.1916205921683236","0.32019446556321274, 0.17437889945589888, 0.19251582767548042, 0.1743788994558988, 0.32019446556321285"
0.6122448979591837,0.6530612244897959,"0.16240062318492518, -0.011075404576229547, 0.1973495627826079, -0.01107540457622977, 0.16240062318492626","1.2210719834252897, 0.7941198780701892, 0.9696162770090452, 0.7941198780701884, 1.221071983425288","0.34169259236023364, 0.1651338729137426, 0.19537710582553236, 0.16513387291374215, 0.34169259236023247"
0.6122448979591837,0.7346938775510204,"0.15912895832135546, -0.009676704866843355, 0.20109549309097827, -0.009676704866843883, 0.15912895832135382","1.2507924397854204, 0.7606914805360998, 0.9770321593569602, 0.7606914805360996, 1.2507924397854224","0.36362719992444714, 0.15554274763139697, 0.19932397786727274, 0.15554274763139636, 0.3636271999244485"
0.6122448979591837,0.8163265306122449,"0.15583789828242733, -0.008372540975999238, 0.2050692853871451, -0.008372540975999293, 0.1558378982824261","1.280620255776425, 0.7258797383412321, 0.9870000117646847, 0.7258797383412317, 1.2806202557764255","0.3858382531605585, 0.14568240406351046, 0.20432662936743257, 0.14568240406351018, 0.3858382531605596"
0.6122448979591837,0.8979591836734694,"0.15257683684252837, -0.007185697538263314, 0.2092177213914675, -0.0071856975382633415, 0.1525768368425307","1.3103652352700177, 0.6899553738931571, 0.9993587816736523, 0.6899553738931572, 1.310365235270015","0.4081482332662471, 0.1356497853786215, 0.21033002000128925, 0.13564978537862174, 0.4081482332662451"
0.6122448979591837,0.9795918367346939,"0.14939067099309633, -0.0061303865863336915, 0.21347943118647458, -0.0061303865863340246, 0.14939067099309683","1.3398148249832857, 0.6532491006686829, 1.0138721486960647, 0.6532491006686827, 1.339814824983283","0.43036729531238854, 0.12555791784677084, 0.21725227886418147, 0.12555791784677076, 0.43036729531238693"
0.6122448979591837,1.0612244897959184,"0.14631835346847655, -0.005212492406268587, 0.217788277875584, -0.005212492406268865, 0.1463183534684765","1.3687431504069287, 0.6161385122177859, 1.0302366747505725, 0.6161385122177853, 1.3687431504069263","0.4523002523916847, 0.11552996367100293, 0.2249854910756103, 0.11552996367100286, 0.4523002523916835"
0.6122448979591837,1.1428571428571428,"0.14339177582170753, -0.0044304119867701885, 0.22207727233012528, -0.0044304119867700775, 0.1433917758217077","1.396922406580384, 0.5790293510877889, 1.048096484663655, 0.579029351087789, 1.3969224065803851","0.4737549625330426, 0.10569181934754314, 0.233399087824776, 0.10569181934754317, 0.47375496253304306"
0.6122448979591837,1.2244897959183674,"0.14063509916421263, -0.0037763979381991164, 0.22628259754797198, -0.0037763979381994217, 0.14063509916421374","1.424135464263351, 0.5423329813205314, 1.0670631088322378, 0.5423329813205322, 1.424135464263348","0.49455131721227746, 0.09616411937714811, 0.24234564256332303, 0.09616411937714824, 0.4945513172122748"
0.6122448979591837,1.3061224489795917,"0.13806459955003259, -0.003238228162853754, 0.23034725722564398, -0.0032382281628538095, 0.13806459955003103","1.45018813883751, 0.5064427949087682, 1.0867381325074421, 0.5064427949087671, 1.4501881388375137","0.5145297730371423, 0.08705469663641462, 0.2516684399850427, 0.08705469663641428, 0.5145297730371454"
0.6122448979591837,1.3877551020408163,"0.13568902661917204, -0.002800979873905013, 0.23422390650946526, -0.002800979873905207, 0.13568902661917298","1.474919498831244, 0.47171262203760456, 1.1067357582623074, 0.47171262203760544, 1.4749194988312406","0.5335583395418433, 0.07845250606431142, 0.26120984912441664, 0.07845250606431164, 0.5335583395418404"
0.6122448979591837,1.469387755102041,"0.1335104030474794, -0.0024486878378608273, 0.2378765695807616, -0.002448687837860772, 0.13351040304748063","1.4982089152246516, 0.4384398419525294, 1.1267024856456391, 0.4384398419525297, 1.498208915224651","0.55153716996631, 0.07042373568016694, 0.2708194047950498, 0.07042373568016698, 0.5515371699663089"
0.6122448979591837,1.5510204081632653,"0.13152513680173522, -0.0021657148784215846, 0.24128115615337525, -0.0021657148784217373, 0.13152513680173294","1.5199791780707281, 0.40685491469092416, 1.1463318144766936, 0.40685491469092283, 1.5199791780707328","0.5684003349473553, 0.06301039299272466, 0.2803606207383778, 0.06301039299272436, 0.5684003349473596"
0.6122448979591837,1.6326530612244898,"0.12972529150485457, -0.0019377389578424803, 0.24442489490597216, -0.0019377389578426052, 0.1297252915048583","1.540195734708394, 0.3771177903495476, 1.1653729498841223, 0.37711779034955, 1.5401957347083872","0.5841148570086643, 0.05623120039609786, 0.2897158750838851, 0.056231200396098316, 0.5841148570086575"
0.6122448979591837,1.7142857142857142,"0.12809986564271192, -0.0017523413321649806, 0.24730495137890476, -0.001752341332165147, 0.12809986564271336","1.5588627206085257, 0.34932048086026446, 1.183633597062422, 0.34932048086026596, 1.5588627206085226","0.5986775025683575, 0.050084285884489724, 0.2987891152223606, 0.050084285884490105, 0.5986775025683544"
0.6122448979591837,1.7959183673469388,"0.1266359620322947, -0.0015992437791486208, 0.24992656349370523, -0.0015992437791488984, 0.12663596203229754","1.5760168181585343, 0.32349428358363896, 1.2009777965156572, 0.32349428358363996, 1.5760168181585292","0.6121100724676075, 0.04455098435462285, 0.3075065061514885, 0.044550984354623006, 0.6121100724676027"
0.6122448979591837,1.8775510204081634,"0.12531977231304647, -0.0014702792574681212, 0.25230101388884185, -0.0014702792574682044, 0.12531977231304825","1.5917200584711766, 0.2996198312708198, 1.2173202205160107, 0.2996198312708211, 1.5917200584711733","0.6244539806992034, 0.03960006901941777, 0.31581541041432976, 0.03960006901941799, 0.6244539806992001"
0.6122448979591837,1.9591836734693877,"0.12413734455404224, -0.0013591898637491662, 0.2544436906194174, -0.0013591898637489164, 0.12413734455403841","1.6060525361172684, 0.27763824656240693, 1.2326184346406435, 0.27763824656240527, 1.606052536117276","0.6357648052968876, 0.03519186073649441, 0.3236822103388016, 0.03519186073649408, 0.6357648052968949"
0.6122448979591837,2.0408163265306123,"0.12307513669282871, -0.001261335947954051, 0.2563723985102471, -0.00126133594795437, 0.12307513669283254","1.619105738775168, 0.25746204535506184, 1.2468644317395476, 0.25746204535506334, 1.6191057387751606","0.6461073056220672, 0.031281846915269806, 0.3310894826266011, 0.03128184691527009, 0.64610730562206"
0.6122448979591837,2.122448979591837,"0.12212038089888078, -0.0011733802085200778, 0.2581059986192834, -0.0011733802085199113, 0.12212038089887589","1.6309769008339894, 0.23898489498111253, 1.2600764083697877, 0.23898489498111097, 1.6309769008339996","0.6555511938398728, 0.027823623117911214, 0.3380329541639548, 0.027823623117910933, 0.6555511938398823"
0.6122448979591837,2.204081632653061,"0.12126129468547792, -0.0010929885127654443, 0.2596633876545794, -0.0010929885127652292, 0.12126129468547314","1.6417645381681178, 0.2220897650815651, 1.2722913935006264, 0.2220897650815632, 1.6417645381681258","0.664167770918218, 0.024771114840519713, 0.3445185515567186, 0.02477111484051938, 0.6641677709182267"
0.6122448979591837,2.2857142857142856,"0.12048717651640944, -0.0010185700540275427, 0.2610627870752401, -0.0010185700540273554, 0.12048717651640589","1.6515651403642901, 0.2066553445920706, 1.2835590300872741, 0.20665534459206963, 1.6515651403643012","0.6720274096487514, 0.022080132490046894, 0.3505597399029751, 0.022080132490046703, 0.6720274096487602"
0.6122448979591837,2.36734693877551,"0.11978842014220104, -0.0009490653419261391, 0.2623212903994454, -0.0009490653419263959, 0.11978842014220636","1.6604708885146793, 0.19256082003290878, 1.293936582904835, 0.1925608200329103, 1.6604708885146686","0.679197790362137, 0.01970936310625905, 0.35617524855787497, 0.019709363106259332, 0.6791977903621267"
0.6122448979591837,2.4489795918367347,"0.11915647583364175, -0.0008837815003113966, 0.26345461133333314, -0.0008837815003116048, 0.1191564758336478","1.6685682178271912, 0.17968923135640114, 1.303485101632826, 0.1796892313564029, 1.6685682178271768","0.6857427598989737, 0.01762091908121006, 0.3613872103649842, 0.017620919081210298, 0.6857427598989607"
0.6122448979591837,2.5306122448979593,"0.11858378005129655, -0.0008222694739939487, 0.2644769788453879, -0.0008222694739941985, 0.11858378005130393","1.6759370363861485, 0.16792966777195162, 1.3122665916838143, 0.16792966777195356, 1.6759370363861348","0.6917216782422466, 0.01578055936882341, 0.3662196951018896, 0.01578055936882375, 0.6917216782422326"
0.6122448979591837,2.6122448979591835,"0.11806366903907761, -0.0007642357841222205, 0.2654011334900941, -0.000764235784122054, 0.11806366903907267","1.6826504274866967, 0.15717856400093672, 1.3203420170247249, 0.15717856400093566, 1.6826504274867093","0.6971891281846744, 0.014157682765199998, 0.3706975928275075, 0.014157682765199821, 0.6971891281846854"
0.6122448979591837,2.693877551020408,"0.11759028685520861, -0.0007094813022353527, 0.2662383888940604, -0.0007094813022351862, 0.11759028685520151","1.6887746902338487, 0.14734032919297746, 1.3277699611463347, 0.14734032919297596, 1.6887746902338634","0.7021948824778116, 0.012725172986308474, 0.3748457925148313, 0.012725172986308262, 0.7021948824778257"
0.6122448979591837,2.7755102040816326,"0.11715849455098803, -0.0006578602871692499, 0.2669987314723708, -0.0006578602871690625, 0.11715849455097982","1.6943696031396198, 0.13832750164312402, 1.3346057904344977, 0.1383275016431222, 1.6943696031396374","0.7067840441397697, 0.011459155800589094, 0.37868860048190234, 0.01145915580058886, 0.7067840441397865"
0.6122448979591837,2.857142857142857,"0.11676378445981911, -0.0006092540844395353, 0.267690939249248, -0.0006092540844394104, 0.11676378445981217","1.6994888235204066, 0.13006058198844817, 1.3409011889822797, 0.1300605819884465, 1.6994888235204209","0.7109972955863301, 0.010338711546876966, 0.3822493475808176, 0.010338711546876747, 0.710997295586344"
0.6122448979591837,2.938775510204082,"0.11640220166901355, -0.0005635550931748882, 0.2683227068483134, -0.0005635550931752421, 0.11640220166902265","1.7041803594032596, 0.1224676608073863, 1.346703959578723, 0.1224676608073881, 1.70418035940324","0.7148712093966174, 0.009345572731003659, 0.3855501410195424, 0.009345572731003931, 0.7148712093965989"
0.6122448979591837,3.020408163265306,"0.1160702735064354, -0.000520657692408874, 0.26890076837194876, -0.000520657692408881, 0.11607027350643345","1.7084870697994348, 0.11548392563208555, 1.3520580091369558, 0.11548392563208501, 1.7084870697994377","0.7184385873618031, 0.008463825998035633, 0.38861172427724217, 0.008463825998035596, 0.7184385873618064"
0.6122448979591837,3.1020408163265305,"0.11576494710156465, -0.0004804537201897052, 0.2694310132372422, -0.00048045372018992727, 0.11576494710157303","1.712447163861016, 0.10905110770830466, 1.357003456861377, 0.10905110770830609, 1.7124471638609986","0.7217288051427995, 0.007679630194614595, 0.391453415813129, 0.007679630194614787, 0.7217288051427827"
0.6122448979591837,3.183673469387755,"0.11548353463119315, -0.00044283080681099124, 0.26991859235124704, -0.00044283080681068593, 0.11548353463118144","1.716094680251767, 0.10311690989087023, 1.3615768197147047, 0.10311690989086773, 1.7160946802517896","0.7247681478141358, 0.006980956918073562, 0.3940931036628023, 0.006980956918073295, 0.7247681478141587"
0.6122448979591837,3.2653061224489797,"0.11522366562400616, -0.00040767239698358965, 0.2703680135459595, -0.0004076723969835133, 0.11522366562400138","1.7194599357937772, 0.0976344429601244, 1.3658112424921893, 0.09763444296012368, 1.7194599357937874","0.7275801273163773, 0.006357356360382479, 0.3965472783920514, 0.006357356360382418, 0.727580127316387"
0.6122448979591837,3.3469387755102042,"0.11498324560028822, -0.00037485868514724324, 0.27078322616970446, -0.0003748586851474757, 0.11498324560030238","1.7225699378059582, 0.092561687425749, 1.3697367495366128, 0.0925616874257511, 1.7225699378059312","0.730185776870696, 0.005799748934579508, 0.398831091242875, 0.005799748934579725, 0.7301857768706689"
0.6122448979591837,3.4285714285714284,"0.11476042030655986, -0.0003442679645129787, 0.2711676953151444, -0.00034426796455509084, 0.11476042030736394","1.7254487581438718, 0.08786099066202802, 1.3733805023897285, 0.08786099066209642, 1.7254487581422757","0.7326039201604421, 0.005300241750185718, 0.4009584277606466, 0.00530024175019155, 0.7326039201588725"
0.6122448979591837,3.510204081632653,"0.11455354484255648, -0.0003157780819635046, 0.2715244664821448, -0.0003157780818897511, 0.11455354483915231","1.728117869254874, 0.08349860424440361, 1.3767670529950105, 0.0834986042439422, 1.7281178692617716","0.7348514148862388, 0.0048519682013900235, 0.4029419898693047, 0.004851968201339706, 0.7348514148929917"
0.6122448979591837,3.5918367346938775,"0.11436115701045074, -0.00028926781931797735, 0.27185622161776507, -0.00028926781931737366, 0.11436115701041966","1.7305964440269355, 0.07944426302473472, 1.379918585896601, 0.07944426302473166, 1.7305964440269999","0.7369433714934317, 0.0044489485406713734, 0.40479338140393795, 0.004448948540671172, 0.7369433714934938"
0.6122448979591837,3.673469387755102,"0.11418195435365686, -0.0002646181083827137, 0.27216532750965344, -0.00026461810837888, 0.11418195435345152","1.7329016218638358, 0.07567080534317412, 1.38285514558559, 0.07567080534315121, 1.732901621864249","0.7388933484104779, 0.004085969186006021, 0.40652319364515027, 0.004085969186004201, 0.7388933484108839"
0.6122448979591837,3.7551020408163267,"0.1140147742981647, -0.00024171303783923279, 0.27245387747933225, -0.00024171303783962483, 0.11401477429818185","1.7350487440466575, 0.07215383244104182, 1.3855948470246344, 0.07215383244104466, 1.7350487440466227","0.7407135257400886, 0.0037584785453472465, 0.40814108853681474, 0.003758478545347475, 0.7407135257400542"
0.6122448979591837,3.836734693877551,"0.11385857701922386, -0.00022044064663775606, 0.2727237272531713, -0.0002204406466649357, 0.11385857702090785","1.7370515612606814, 0.06887140441340012, 1.3881540686550646, 0.06887140441358414, 1.7370515612572712","0.7424148592104135, 0.0034624972755335874, 0.40965587810329657, 0.0034624972755491696, 0.7424148592070642"
0.6122448979591837,3.9183673469387754,"0.11371243061821923, -0.00020069351495587834, 0.2729765258058224, -0.00020069351477630323, 0.11371243060569025","1.738922416303371, 0.06580376966980278, 1.3905476280296458, 0.06580376966850007, 1.738922416328679","0.744007216400224, 0.003194541070772718, 0.4110755991820726, 0.003194541070666485, 0.7440072164251257"
0.6122448979591837,4.0,"0.11357549822319501, -0.00018236917357517327, 0.27321374188128944, -0.0001823691738457242, 0.11357549824293683","1.7406724048780924, 0.06293312476874302, 1.392788940744158, 0.06293312477063856, 1.7406724048383686","0.7454994972313171, 0.0029515542746153135, 0.41240758301503205, 0.002951554274746118, 0.7454994971921614"
0.7346938775510204,0.0,"0.18464054571614888, -0.02494957053949526, 0.18061804964669154, -0.02494957053949398, 0.18464054571614916","0.9999999999999993, 1.0000000000000004, 1.0000000000000018, 1.0000000000000007, 1.000000000000001","0.18461836266998263, 0.22249527310682993, 0.19785220003994927, 0.22249527310682998, 0.1846183626699833"
0.7346938775510204,0.08163265306122448,"0.1833203776666582, -0.024294536014995288, 0.18194831669667214, -0.024294536014995316, 0.1833203776666606","1.0243942505858872, 0.9810491316540304, 0.9891132355201664, 0.9810491316540306, 1.0243942505858876","0.19976444296196746, 0.21658048758232912, 0.19378725995065144, 0.21658048758232912, 0.19976444296196666"
0.7346938775510204,0.16326530612244897,"0.18161134281021743, -0.02335477925088883, 0.18348687288134197, -0.023354779250889496, 0.1816113428102191","1.049388739433214, 0.9606551738617009, 0.9799121734101736, 0.9606551738616995, 1.049388739433212","0.21587489633623802, 0.21033222417341968, 0.19060679098355515, 0.21033222417341937, 0.21587489633623683"
0.7346938775510204,0.24489795918367346,"0.1795435323383053, -0.02218070465257732, 0.18527434462854345, -0.02218070465257721, 0.17954353233830592","1.0750267297769949, 0.9386954604703948, 0.9725556195052192, 0.9386954604703964, 1.0750267297769953","0.23294480860965966, 0.203709225718106, 0.18832782858153213, 0.20370922571810648, 0.23294480860965955"
0.7346938775510204,0.32653061224489793,"0.17715170681545667, -0.02082308374784761, 0.1873427538647801, -0.02082308374784736, 0.17715170681545822","1.1013310905198868, 0.915064090787719, 0.9672096373847882, 0.9150640907877199, 1.1013310905198874","0.2509529635571053, 0.19667735725241248, 0.18697641760134887, 0.19667735725241284, 0.25095296355710517"
0.7346938775510204,0.40816326530612246,"0.1744753179202037, -0.019332523109003297, 0.18971441037760198, -0.019332523109003463, 0.17447531792020116","1.1283014497375325, 0.8896800037159619, 0.9640370930930096, 0.8896800037159612, 1.1283014497375343","0.2698595787479814, 0.18921256885131926, 0.1865839866504361, 0.18921256885131862, 0.269859578747983"
0.7346938775510204,0.4897959183673469,"0.1715582247738491, -0.017758622554502945, 0.19240079556130696, -0.017758622554502862, 0.17155822477384985","1.1559112554661046, 0.8624960286935077, 0.9631854316807753, 0.8624960286935079, 1.1559112554661048","0.2896042453753062, 0.18130404670719025, 0.1871830233833234, 0.18130404670719025, 0.2896042453753061"
0.7346938775510204,0.5714285714285714,"0.16844807532066727, -0.01614885682734646, 0.19540156301335784, -0.016148856827346153, 0.16844807532066813","1.1841049575178426, 0.8335084341070025, 0.9647732167503107, 0.8335084341070043, 1.1841049575178455","0.3101042402148319, 0.17295730881412713, 0.18880214138508522, 0.17295730881412802, 0.3101042402148328"
0.7346938775510204,0.6530612244897959,"0.16519534826065704, -0.014547259028379611, 0.19870382153544505, -0.014547259028379889, 0.16519534826065763","1.2127956627540686, 0.8027661935868604, 0.9688762873181433, 0.8027661935868605, 1.2127956627540688","0.3312534427622701, 0.16419690286332989, 0.19146073231605443, 0.16419690286332977, 0.3312534427622699"
0.7346938775510204,0.7346938775510204,"0.16185207983680283, -0.012993027268650315, 0.20228189486369572, -0.012993027268650814, 0.1618520798368026","1.2418637640182713, 0.7703788729920761, 0.9755147259793084, 0.7703788729920754, 1.2418637640182708","0.3529221623665263, 0.15506827996869815, 0.19516352843131618, 0.15506827996869793, 0.3529221623665263"
0.7346938775510204,0.8163265306122449,"0.15847033174746367, -0.011519210169320476, 0.20609775684371587, -0.011519210169320282, 0.1584703317474614","1.2711571582305181, 0.736521781435973, 0.9846421206670177, 0.7365217814359724, 1.271157158230521","0.37495823393917443, 0.14563837900266222, 0.19989554317444513, 0.14563837900266194, 0.3749582339391769"
0.7346938775510204,0.8979591836734694,"0.15510049032543263, -0.010151643223048373, 0.21010230579523112, -0.010151643223048346, 0.15510049032543288","1.3004936901121757, 0.7014369397970719, 0.9961387401815038, 0.7014369397970718, 1.3004936901121766","0.3971897376157323, 0.13599449908709407, 0.20561797797448003, 0.13599449908709413, 0.39718973761573284"
0.7346938775510204,0.9795918367346939,"0.15178951985297362, -0.00890829801563836, 0.21423755632532823, -0.00890829801563836, 0.15178951985297495","1.3296663189444626, 0.6654286223793169, 1.0098101173524425, 0.6654286223793177, 1.32966631894446","0.4194295949078558, 0.12624119265851574, 0.21226573369660837, 0.12624119265851608, 0.4194295949078539"
0.7346938775510204,1.0612244897959184,"0.1485793185913017, -0.007799164502347217, 0.21843969182208942, -0.007799164502347217, 0.14857931859130336","1.3584511683561764, 0.6288528040428518, 1.0253920552019453, 0.6288528040428536, 1.358451168356173","0.441482065843738, 0.1164951845109245, 0.2197470944909356, 0.11649518451092516, 0.44148206584373517"
0.7346938775510204,1.1428571428571428,"0.14550533629875123, -0.006826714617047924, 0.222642756636593, -0.006826714617048063, 0.1455053362987519","1.3866181085295288, 0.5921007735764198, 1.0425622357881061, 0.5921007735764203, 1.3866181085295266","0.4631508344280203, 0.10687867709092613, 0.2279459286621276, 0.10687867709092597, 0.4631508344280179"
0.7346938775510204,1.2244897959183674,"0.14259559807564104, -0.005986904940162269, 0.22678261372904404, -0.005986904940161852, 0.1425955980756392","1.413942944567597, 0.5555782837246843, 1.060957543415434, 0.5555782837246833, 1.413942944567601","0.48424799495505705, 0.09751175644099531, 0.2367263893449359, 0.09751175644099506, 0.48424799495506043"
0.7346938775510204,1.3061224489795917,"0.1398702370387273, -0.005270587372852659, 0.23080070066824984, -0.005270587372852548, 0.13987023703872842","1.440219815848614, 0.5196826009676094, 1.0801951663675544, 0.5196826009676112, 1.4402198158486135","0.504602953594812, 0.0885048576535033, 0.24593966899457778, 0.08850485765350374, 0.5046029535948106"
0.7346938775510204,1.3877551020408163,"0.13734157190458623, -0.00466513329871876, 0.23464712278826652, -0.004665133298718635, 0.13734157190458485","1.465272221285285, 0.484780368216676, 1.0998948209960766, 0.48478036821667503, 1.4652722212852891","0.5240701529347493, 0.07995229095839528, 0.2554319814565546, 0.07995229095839505, 0.5240701529347528"
0.7346938775510204,1.469387755102041,"0.1350146887954113, -0.0041560561590101575, 0.23828273472719688, -0.004156056159010282, 0.13501468879541206","1.4889612665711405, 0.451189091094958, 1.1196992846678036, 0.45118909109495864, 1.4889612665711383","0.5425346721388895, 0.07192763895738985, 0.2650527303097128, 0.07192763895739, 0.5425346721388877"
0.7346938775510204,1.5510204081632653,"0.13288841850798727, -0.0037284436604393123, 0.24168005030490328, -0.0037284436604397148, 0.132888418507989","1.5111902419309668, 0.4191643163555496, 1.1392908834269717, 0.4191643163555505, 1.5111902419309655","0.559915122912179, 0.06448146394948877, 0.27466183893590324, 0.06448146394948893, 0.559915122912177"
0.7346938775510204,1.6326530612244898,"0.13095655792647692, -0.0033680725586744953, 0.24482302926439353, -0.003368072558674662, 0.13095655792647842","1.5319053236367264, 0.3888934268071032, 1.158402499112344, 0.38889342680710387, 1.531905323636721","0.5761637415481188, 0.05764132632436547, 0.2841354527522958, 0.05764132632436566, 0.5761637415481149"
0.7346938775510204,1.7142857142857142,"0.12920917513231878, -0.0030621548555316153, 0.2477059594464231, -0.0030621548555315875, 0.1292091751323216","1.551092843290538, 0.3604957844421125, 1.1768227445347037, 0.36049578444211383, 1.5510928432905327","0.5912640282864955, 0.0514137374458312, 0.29336959229481147, 0.05141373744583154, 0.5912640282864906"
0.7346938775510204,1.7959183673469388,"0.12763385892753698, -0.002799732566907534, 0.25033174727873775, -0.0027997325669076867, 0.12763385892754037","1.5687740196737465, 0.3340280290828057, 1.1943959024869018, 0.33402802908280743, 1.568774019673738","0.6052265936518525, 0.045787441077775826, 0.3022817223431098, 0.0457874410777761, 0.6052265936518451"
0.7346938775510204,1.8775510204081634,"0.12621681372583493, -0.00257178461245397, 0.2527099417732369, -0.0025717846124544558, 0.12621681372583698","1.5849982283598791, 0.3094928527586878, 1.2110178377628704, 0.3094928527586892, 1.5849982283598747","0.6180839900706347, 0.04073735976797205, 0.31081050981069064, 0.04073735976797226, 0.6180839900706305"
0.7346938775510204,1.9591836734693877,"0.1249437464690108, -0.0023711298114283824, 0.2548547666848313, -0.002371129811428341, 0.12494374646901452","1.599835821089305, 0.28684951852624063, 1.2266293207689152, 0.28684951852624235, 1.5998358210892978","0.629885255690184, 0.03622862391464404, 0.318914221789592, 0.036228623914644556, 0.6298852556901772"
0.7346938775510204,2.0408163265306123,"0.12380053242993316, -0.0021922087374839083, 0.2567833526150994, -0.0021922087374841026, 0.12380053242993522","1.6133712863418483, 0.266024655912465, 1.2412081154913763, 0.2660246559124659, 1.6133712863418435","0.6406907366929486, 0.03222026045713579, 0.32656826478160006, 0.032220260457135934, 0.6406907366929442"
0.7346938775510204,2.122448979591837,"0.12277367556093544, -0.0020308125595989435, 0.25851427399732974, -0.0020308125595989643, 0.12277367556093266","1.6256972627423896, 0.24692228284992013, 1.2547609088153764, 0.24692228284991868, 1.6256972627423945","0.6505675532734203, 0.028668295069995235, 0.33376231949000734, 0.028668295069994926, 0.6505675532734255"
0.7346938775510204,2.204081632653061,"0.12185059536258874, -0.0018838072053621105, 0.26006642368554556, -0.001883807205362159, 0.12185059536259002","1.6369096541749948, 0.22943243783588674, 1.2673158159782396, 0.2294324378358872, 1.6369096541749928","0.6595858862186559, 0.025528174667749343, 0.3404974262324292, 0.025528174667749454, 0.6595858862186537"
0.7346938775510204,2.2857142857142856,"0.12101977814773873, -0.001748882142349445, 0.26145820798921715, -0.0017488821423495976, 0.1210197781477435","1.6471038917930345, 0.2134381698151906, 1.2789158767835598, 0.21343816981519226, 1.6471038917930252","0.6678161151205195, 0.02275652670149942, 0.3467832622003143, 0.022756526701499705, 0.6678161151205104"
0.7346938775510204,2.36734693877551,"0.12027082937565392, -0.001624337884772599, 0.2627070170182322, -0.0016243378847727863, 0.12027082937565986","1.65637225513256, 0.1988208923188547, 1.2896137050971828, 0.19882089231885663, 1.6563722551325482","0.6753267437685804, 0.02031233654811804, 0.3526357486297237, 0.020312336548118287, 0.6753267437685688"
0.7346938775510204,2.4489795918367347,"0.11959445864174006, -0.0015089158535769864, 0.26382891442366857, -0.0015089158535772293, 0.11959445864174545","1.6648020944957236, 0.1854642645000573, 1.299467282008448, 0.18546426450005893, 1.664802094495712","0.6821829977154468, 0.01815765255084941, 0.3580750455180996, 0.018157652550849657, 0.6821829977154361"
0.7346938775510204,2.5306122448979593,"0.11898242237107626, -0.0014016679680249264, 0.2648384911938913, -0.001401667968025072, 0.11898242237108209","1.6724747734656518, 0.173256835404833, 1.3085367822590408, 0.17325683540483489, 1.6724747734656389","0.6884459619027028, 0.01625793148827373, 0.36312393620554856, 0.016257931488274056, 0.6884459619026908"
0.7346938775510204,2.6122448979591835,"0.11842744281946305, -0.001301860291524834, 0.2657488349441305, -0.0013018602915245564, 0.11842744281945561","1.6794651568118357, 0.16209370473497844, 1.3168822769063584, 0.16209370473497658, 1.6794651568118515","0.694172130503263, 0.014582126069814762, 0.36780657082597923, 0.014582126069814476, 0.694172130503278"
0.7346938775510204,2.693877551020408,"0.11792311642111425, -0.0012089041103335793, 0.2665715753784327, -0.0012089041103339956, 0.11792311642112063","1.6858414911628063, 0.1518774365031928, 1.3245621446680131, 0.15187743650319435, 1.6858414911627961","0.699413256819575, 0.01310259849462721, 0.37214752105637067, 0.013102598494627405, 0.6994132568195638"
0.7346938775510204,2.7755102040816326,"0.1174638201101556, -0.0011223080992857626, 0.26731697597825443, -0.0011223080992859985, 0.1174638201101621","1.6916655538637864, 0.14251842864488404, 1.3316320349826722, 0.14251842864488543, 1.691665553863774","0.7042164111662006, 0.01179492533698559, 0.37617109339826577, 0.011794925336985793, 0.7042164111661879"
0.7346938775510204,2.857142857142857,"0.11704462095718049, -0.0010416460912666958, 0.26799405026816375, -0.001041646091267029, 0.11704462095718932","1.6969929734280533, 0.13393490323557336, 1.3381442466727624, 0.1339349032355751, 1.6969929734280358","0.7086241748551868, 0.010637641877713537, 0.37990084996196083, 0.010637641877713742, 0.7086241748551695"
0.7346938775510204,2.938775510204082,"0.11666119213872123, -0.0009665360184164216, 0.26861068775938257, -0.0009665360184166784, 0.11666119213872989","1.701873649833788, 0.1260526450631665, 1.3441474102061073, 0.12605264506316868, 1.7018736498337743","0.7126749164323422, 0.009611959714842145, 0.3833592911213186, 0.009611959714842423, 0.7126749164323268"
0.7346938775510204,3.020408163265306,"0.1163097366885344, -0.0008966266114185661, 0.2691737798457555, -0.0008966266114189617, 0.1163097366885475","1.7063522234207849, 0.11880458412924964, 1.3496863848999552, 0.11880458412925199, 1.7063522234207569","0.7164031112872874, 0.008701480305027518, 0.38656766128745956, 0.008701480305027827, 0.7164031112872608"
0.7346938775510204,3.1020408163265305,"0.11598691947067152, -0.000831589325233098, 0.2696893397091127, -0.0008315893252334103, 0.11598691947068229","1.7104685572119593, 0.11213029128241411, 1.3548023030112726, 0.11213029128241596, 1.710468557211937","0.7198396775788779, 0.007891918746161691, 0.3895458460920124, 0.00789191874616192, 0.7198396775788563"
0.7346938775510204,3.183673469387755,"0.115689807200622, -0.0007711136726087642, 0.2701626129439759, -0.0007711136726087538, 0.11568980720061955","1.7142582095925225, 0.10597543550500504, 1.3595327098049408, 0.10597543550500463, 1.7142582095925287","0.7230123103918028, 0.0071708461365111095, 0.3923123357607606, 0.007170846136511065, 0.7230123103918082"
0.7346938775510204,3.2653061224489797,"0.11541581599630013, -0.000714904695974572, 0.2705981773993398, -0.0007149046959747628, 0.11541581599630951","1.7177528831027338, 0.10029123569779344, 1.3639117623989638, 0.10029123569779494, 1.717752883102715","0.7259458026388699, 0.006527454724008535, 0.39488423507684617, 0.006527454724008716, 0.7259458026388512"
0.7346938775510204,3.3469387755102042,"0.11516266577222012, -0.0006626817161870559, 0.27100003188792166, -0.0006626817161872398, 0.11516266577223266","1.720980841337347, 0.0950339282541581, 1.367970460817013, 0.09503392825416085, 1.7209808413373204","0.7286623459387618, 0.005952347325657276, 0.39727730499710817, 0.005952347325657628, 0.7286623459387362"
0.7346938775510204,3.4285714285714284,"0.11492834073200792, -0.0006141777905039995, 0.27137167411698393, -0.0006141777905041383, 0.11492834073201641","1.7239672902223364, 0.09016426341321873, 1.371736892728907, 0.09016426341321995, 1.7239672902223184","0.7311818079763645, 0.005437350766122295, 0.3995060247418768, 0.005437350766122427, 0.7311818079763471"
0.7346938775510204,3.510204081632653,"0.11471105522306507, -0.0005691395184021092, 0.2717161685906905, -0.0005691395184016408, 0.11471105522304842","1.7267347227728758, 0.08564703755950487, 1.3752364793352085, 0.08564703755950218, 1.7267347227729095","0.7335219850612157, 0.004975352055762029, 0.4015836661361229, 0.004975352055761787, 0.7335219850612489"
0.7346938775510204,3.5918367346938775,"0.11450922426148985, -0.000527326974973711, 0.27203620542629964, -0.0005273269749951626, 0.11450922426217919","1.7293032282373555, 0.08145066465893139, 1.37849221420869, 0.08145066465901782, 1.7293032282360037","0.7356988300374351, 0.004560155476413389, 0.4035223742653406, 0.004560155476422412, 0.735698830036103"
0.7346938775510204,3.673469387755102,"0.11432143810113882, -0.0004885136458325882, 0.27233415108880854, -0.0004885136458564927, 0.11432143810174156","1.7316907676010662, 0.07754678738579301, 1.381524890027432, 0.07754678738586254, 1.7316907675998436","0.7377266565821442, 0.004186358505102079, 0.40533325024844324, 0.004186358505109625, 0.7377266565809444"
0.7346938775510204,3.7551020408163267,"0.11414644028321397, -0.00045248629834130846, 0.27261209203199077, -0.000452486298281686, 0.11414644028141835","1.7339134180149696, 0.07390992681618697, 1.3843533103343093, 0.07390992681606302, 1.7339134180184725","0.7396183214523505, 0.0038492444660427096, 0.4070264332362823, 0.003849244466043422, 0.7396183214558237"
0.7346938775510204,3.836734693877551,"0.11398310867619538, -0.0004190447620978574, 0.2728718721719243, -0.0004190447620953594, 0.11398310867607386","1.7359855889541826, 0.07051716855950274, 1.3869944849723983, 0.07051716855948878, 1.7359855889544287","0.7413853864846712, 0.003544689881486478, 0.40861117970976424, 0.003544689881485264, 0.7413853864849124"
0.7346938775510204,3.9183673469387754,"0.113830439097376, -0.0003880016151875873, 0.2731151250357939, -0.0003880016151844405, 0.11383043909720242","1.7379202129129228, 0.06734788265089629, 1.3894638088720308, 0.06734788265087663, 1.7379202129132758","0.7430382622033127, 0.0032690846374525875, 0.41009593886192014, 0.003269084637451035, 0.7430382622036593"
0.7346938775510204,4.0,"0.11368753110528101, -0.00035918178339942874, 0.2733433013355911, -0.0003591817836788788, 0.11368753112620639","1.7397289134642442, 0.06438347429171953, 1.3917752245281858, 0.06438347429385492, 1.7397289134219962","0.7445863349853327, 0.003019263258276798, 0.4114884233549196, 0.0030192632584430295, 0.7445863349437355"
0.8571428571428571,0.0,"0.18751932102238644, -0.029170290817383815, 0.18330193958999405, -0.029170290817384065, 0.1875193210223872","1.0000000000000013, 1.0000000000000004, 0.9999999999999993, 0.9999999999999998, 0.9999999999999984","0.17844667271842418, 0.21762827991381078, 0.19353885594711784, 0.2176282799138106, 0.17844667271842254"
0.8571428571428571,0.08163265306122448,"0.1861937165889651, -0.028448256135912953, 0.18450907909389833, -0.028448256135913452, 0.1861937165889631","1.0231811739811982, 0.9819918755999679, 0.9896539008376692, 0.9819918755999671, 1.023181173981198","0.19297651945270414, 0.21214536392556127, 0.18979214735977334, 0.21214536392556063, 0.19297651945270441"
0.8571428571428571,0.16326530612244897,"0.18448789852850705, -0.02744534668299997, 0.18591489630898653, -0.027445346682999888, 0.1844878985285065","1.0469983415022477, 0.9625907780214121, 0.9808217609526808, 0.9625907780214129, 1.0469983415022486","0.20847118205427254, 0.2063459285846004, 0.18684831552026074, 0.20634592858460063, 0.20847118205427315"
0.8571428571428571,0.24489795918367346,"0.18242710681037905, -0.02620671082559936, 0.18755920803044163, -0.02620671082559961, 0.18242710681037838","1.0715012122367376, 0.9416712727155006, 0.9736550300955263, 0.9416712727155007, 1.0715012122367376","0.22493549528363302, 0.200187767603561, 0.1847252726009384, 0.20018776760356088, 0.22493549528363327"
0.8571428571428571,0.32653061224489793,"0.18004117510950038, -0.024778277508216373, 0.18947420479743146, -0.02477827750821604, 0.18004117510950057","1.0967203753479557, 0.9191215921992166, 0.9683160649056546, 0.9191215921992167, 1.0967203753479564","0.24235903965877778, 0.19363465261090568, 0.18345069509343026, 0.1936346526109061, 0.24235903965877845"
0.8571428571428571,0.40816326530612246,"0.17736477022612823, -0.02320645589524417, 0.19168337133823152, -0.02320645589524417, 0.1773647702261286","1.1226643719330909, 0.894851147340318, 0.9649689614531822, 0.8948511473403183, 1.1226643719330902","0.260713611719898, 0.1866590749092714, 0.18305885913479905, 0.18665907490927128, 0.2607136117198974"
0.8571428571428571,0.4897959183673469,"0.17443734757916857, -0.021537520194875093, 0.19420034523141144, -0.021537520194875065, 0.1744373475791703","1.1493166148940395, 0.8687991377942285, 0.963768494623466, 0.8687991377942295, 1.14931661489404","0.27995082895161927, 0.17924524348607007, 0.18358676879854888, 0.1792452434860706, 0.2799508289516188"
0.8571428571428571,0.5714285714285714,"0.17130277592677048, -0.019816689999313325, 0.19702782814508304, -0.01981668999931363, 0.1713027759267734","1.1766323583448433, 0.8409438773659466, 0.9648475285784206, 0.8409438773659473, 1.1766323583448424","0.30000004530679764, 0.1713921353317974, 0.1850696148234968, 0.17139213533179784, 0.3000000453067965"
0.8571428571428571,0.6530612244897959,"0.16800860504067502, -0.018086957804899523, 0.2001567055284485, -0.01808695780489991, 0.16800860504067627","1.2045360415367163, 0.8113121704894275, 0.9683035759477162, 0.8113121704894277, 1.2045360415367135","0.3207668143609055, 0.16311629808208636, 0.1875356967696561, 0.1631162980820862, 0.3207668143609032"
0.8571428571428571,0.7346938775510204,"0.16460497706967644, -0.016387759192083406, 0.2035655642448134, -0.016387759192084128, 0.1646049770696779","1.2329194678382898, 0.7799877654569635, 0.9741855334094958, 0.7799877654569634, 1.2329194678382864","0.3421322041798092, 0.15445401603484488, 0.19100106841581438, 0.1544540160348449, 0.34213220417980705"
0.8571428571428571,0.8163265306122449,"0.16114321548524313, -0.014753621141695705, 0.20722081131290673, -0.014753621141695483, 0.16114321548524158","1.26164139565093, 0.7471176292524626, 0.9824819501932132, 0.7471176292524623, 1.2616413956509331","0.36395332176908696, 0.14546239478386727, 0.19546431170876136, 0.14546239478386705, 0.36395332176908923"
0.8571428571428571,0.8979591836734694,"0.15767416354105007, -0.013212951524832345, 0.2110775759675621, -0.0132129515248319, 0.1576741635410524","1.2905291634397806, 0.7129146343883419, 0.9931124043437577, 0.7129146343883432, 1.2905291634397797","0.3860654130728329, 0.13621893063966928, 0.20090198150581187, 0.13621893063967, 0.3860654130728311"
0.8571428571428571,0.9795918367346939,"0.15424638393400936, -0.011787138396127605, 0.21508150892423625, -0.011787138396127605, 0.15424638393400997","1.3193828839366621, 0.6776553368266908, 1.0059235584732962, 0.6776553368266913, 1.3193828839366621","0.40828582771082894, 0.12681924083433133, 0.207265349094927, 0.1268192408343315, 0.4082858277108285"
0.8571428571428571,1.0612244897959184,"0.1509043667786824, -0.010490103608883944, 0.2191714736604035, -0.010490103608883944, 0.1509043667786823","1.3479824765135136, 0.6416719527591281, 1.0206911414547184, 0.6416719527591286, 1.3479824765135136","0.4304199461864746, 0.11737285429944733, 0.21447905654918575, 0.11737285429944741, 0.43041994618647433"
0.8571428571428571,1.1428571428571428,"0.14768691509730286, -0.009328399270704724, 0.2232829683468041, -0.009328399270704557, 0.1476869150973022","1.3760973633325464, 0.6053384289380971, 1.0371284154587115, 0.6053384289380963, 1.3760973633325482","0.4522688632505766, 0.10799728088253763, 0.22244213618410136, 0.10799728088253736, 0.4522688632505781"
0.8571428571428571,1.2244897959183674,"0.1446258757667519, -0.008301854444189849, 0.22735195735487743, -0.008301854444189266, 0.1446258757667499","1.4034981095134538, 0.5690515345775062, 1.0549007118180789, 0.5690515345775058, 1.4034981095134578","0.4736382560353132, 0.09881092548160084, 0.23103154437934967, 0.09881092548160074, 0.47363825603531656"
0.8571428571428571,1.3061224489795917,"0.14174535235906843, -0.007404689779159118, 0.23131867484018134, -0.007404689779159146, 0.14174535235906838","1.4299687855130196, 0.5332089356937604, 1.073644557586441, 0.5332089356937607, 1.4299687855130192","0.4943475380439456, 0.0899256954023531, 0.240107954807924, 0.08992569540235322, 0.49434753804394543"
0.8571428571428571,1.3877551020408163,"0.13906147551844983, -0.006626941940852407, 0.23513093284480668, -0.006626941940852171, 0.13906147551844794","1.4553185410355147, 0.49818693138558234, 1.0929890551578034, 0.4981869313855811, 1.4553185410355183","0.5142382246548979, 0.08144026684426628, 0.2495231511394165, 0.08144026684426596, 0.5142382246549012"
0.8571428571428571,1.469387755102041,"0.13658272755050732, -0.005955998400520468, 0.23874654170002768, -0.0059559984005201905, 0.13658272755050582","1.4793909250799926, 0.464320681644537, 1.1125767865509393, 0.4643206816445359, 1.4793909250799966","0.5331804927369279, 0.07343487626470557, 0.25912807118927356, 0.07343487626470535, 0.533180492736931"
0.8571428571428571,1.5510204081632653,"0.1343107395312373, -0.005378046625634236, 0.24213461418879342, -0.005378046625634042, 0.1343107395312378","1.5020698756017654, 0.4318892647532354, 1.1320817192899988, 0.4318892647532369, 1.5020698756017645","0.5510772093674586, 0.06596820483066052, 0.26878047171757896, 0.06596820483066071, 0.5510772093674576"
0.8571428571428571,1.6326530612244898,"0.13224142101914155, -0.004879285434808145, 0.24527572883133153, -0.00487928543480852, 0.1322414210191435","1.523281920653416, 0.4011069201624679, 1.151222318368236, 0.40110692016246874, 1.5232819206534116","0.5678651507026838, 0.05907651907117352, 0.27835132538596263, 0.05907651907117371, 0.5678651507026801"
0.8571428571428571,1.7142857142857142,"0.13036625697137177, -0.0044468134737170595, 0.24816111300469226, -0.004446813473716796, 0.13036625697137","1.5429947927621717, 0.3721206684847839, 1.1697690775060872, 0.3721206684847831, 1.542994792762176","0.583513599824186, 0.05277483875466431, 0.28772937268184434, 0.05277483875466415, 0.5835135998241898"
0.8571428571428571,1.7959183673469388,"0.12867361510189945, -0.004069179145521351, 0.25079112808724535, -0.004069179145521254, 0.12867361510189795","1.5612131796756388, 0.34501348331713316, 1.1875466740144551, 0.34501348331713155, 1.5612131796756423","0.5980208767946332, 0.047059624592615756, 0.29682362868531564, 0.04705962459261533, 0.5980208767946362"
0.8571428571428571,1.8775510204081634,"0.12714994098251808, -0.0037366306476010747, 0.2531733793301625, -0.0037366306476012273, 0.12714994098252208","1.5779726126741456, 0.3198115431872985, 1.2044316882771193, 0.31981154318730054, 1.5779726126741374","0.611409543491892, 0.041912359874676716, 0.3055639827954924, 0.04191235987467708, 0.6114095434918841"
0.8571428571428571,1.9591836734693877,"0.12578076401645488, -0.003441135753485952, 0.2553207434740616, -0.0034411357534865905, 0.12578076401645627","1.5933325200176875, 0.29649387737744065, 1.2203472052097473, 0.29649387737744193, 1.593332520017685","0.6237210360698245, 0.03730342941073947, 0.3139002600869946, 0.03730342941073959, 0.6237210360698221"
0.8571428571428571,2.0408163265306123,"0.1245514821351576, -0.0031762493450958468, 0.2572495344198727, -0.0031762493450960827, 0.12455148213516143","1.607369312173835, 0.27500286074527247, 1.235255654161791, 0.27500286074527447, 1.6073693121738266","0.6350103559516375, 0.033195826287308536, 0.321800215778015, 0.03319582628730883, 0.6350103559516299"
0.8571428571428571,2.122448979591837,"0.12344792826527262, -0.002936898789947455, 0.2589779410493448, -0.002936898789947656, 0.12344792826527784","1.6201701104047401, 0.25525436552702846, 1.2491510481364734, 0.25525436552703035, 1.62017011040473","0.645341262697211, 0.029548382701748564, 0.32924692870221844, 0.02954838270174887, 0.6453412626972012"
0.8571428571428571,2.204081632653061,"0.12245674413494084, -0.0027191409801224295, 0.26052479369035964, -0.0027191409801226515, 0.12245674413494456","1.631827464450725, 0.23714679792988774, 1.2620514752387817, 0.23714679792988919, 1.6318274644507167","0.6547822182020687, 0.026318378286765746, 0.3362359844624227, 0.026318378286766, 0.6547822182020612"
0.8571428571428571,2.2857142857142856,"0.12156559771713799, -0.0025199267872456008, 0.26190865814021325, -0.0025199267872458367, 0.1215655977171406","1.6424351822235974, 0.22056863031384177, 1.2739923749251272, 0.22056863031384277, 1.6424351822235934","0.6634031696175049, 0.02346350127045947, 0.3427727338405598, 0.023463501270459666, 0.6634031696175005"
0.8571428571428571,2.36734693877551,"0.12076328251196183, -0.002336892926337132, 0.26314722082875575, -0.0023368929263368407, 0.12076328251195667","1.652085236979449, 0.20540433307952383, 1.2850208598820463, 0.20540433307952205, 1.65208523697946","0.6712731438845188, 0.020943216822097196, 0.3488698069403321, 0.020943216822096926, 0.6712731438845293"
0.8571428571428571,2.4489795918367347,"0.1200397333543281, -0.002168189484903965, 0.26425691226114534, -0.0021681894849043468, 0.12003973335433482","1.660865624717347, 0.19153880244817081, 1.2951911456689769, 0.19153880244817284, 1.6608656247173332","0.6784585592199871, 0.018719637598290158, 0.3545449755296098, 0.018719637598290515, 0.678458559219974"
0.8571428571428571,2.5306122448979593,"0.11938598736476813, -0.0020123437601582417, 0.2652527127907864, -0.0020123437601580127, 0.11938598736476219","1.6688590036939832, 0.17886048428619433, 1.3045610240396353, 0.17886048428619267, 1.6688590036939988","0.6850221289742188, 0.01675800384835322, 0.3598193913955254, 0.01675800384835296, 0.6850221289742321"
0.8571428571428571,2.6122448979591835,"0.11879411201582302, -0.0018681568217241915, 0.2661480896118087, -0.001868156821723893, 0.11879411201581619","1.6761419425768858, 0.1672634330597138, 1.3131892487267882, 0.16726343305971178, 1.6761419425769","0.6910222291764266, 0.015026875050628628, 0.3647161864812334, 0.015026875050628295, 0.6910222291764402"
0.8571428571428571,2.693877551020408,"0.11825711619960755, -0.0017346273963222067, 0.26695502239343505, -0.0017346273963219291, 0.1182571161996015","1.6827846190864255, 0.15664854224187347, 1.3211336773433917, 0.1566485422418718, 1.682784619086437","0.6965126121126497, 0.013498120592329724, 0.36925939695908794, 0.013498120592329488, 0.6965126121126614"
0.8571428571428571,2.7755102040816326,"0.11776885515296187, -0.001610897352445323, 0.26768408439896124, -0.001610897352445552, 0.11776885515296798","1.6888508358843675, 0.14692415697089015, 1.3284500142894977, 0.1469241569708919, 1.6888508358843553","0.701542366389273, 0.012146779467833404, 0.3734731630978262, 0.012146779467833643, 0.7015423663892609"
0.8571428571428571,2.857142857142857,"0.1173239362301205, -0.0014962135573336824, 0.26834455465441936, -0.0014962135573339114, 0.11732393623012788","1.6943982476855968, 0.138006244765975, 1.3351910150968709, 0.13800624476597667, 1.694398247685582","0.7061560438350001, 0.01095084192827288, 0.3773811551429071, 0.010950841928273088, 0.7061560438349856"
0.8571428571428571,2.938775510204082,"0.11691762970006242, -0.0013899017217165327, 0.2689445440432999, -0.0013899017217166576, 0.1169176297000703","1.6994787189860112, 0.1298182638939221, 1.3414060342401484, 0.1298182638939237, 1.699478718985994","0.7103938922703259, 0.009890991238609412, 0.38100617880265925, 0.009890991238609663, 0.7103938922703096"
0.8571428571428571,3.020408163265306,"0.11654578679600214, -0.0012913487620558259, 0.26949112393209973, -0.0012913487620557391, 0.11654578679600919","1.704138753505296, 0.12229083597889669, 1.3471408210316262, 0.12229083597889864, 1.7041387535052803","0.7142921492068302, 0.008950331789559535, 0.3843699197509806, 0.008950331789559856, 0.7142921492068154"
0.8571428571428571,3.1020408163265305,"0.11620476595307894, -0.0011999910500210126, 0.2699904501938931, -0.0011999910500208391, 0.11620476595306972","1.7084199539100342, 0.11536130156191968, 1.3524374890560757, 0.11536130156191766, 1.708419953910053","0.7178833645154414, 0.008114120712908972, 0.387492793169987, 0.008114120712908757, 0.7178833645154599"
0.8571428571428571,3.183673469387755,"0.11589136735722055, -0.0011153066238746637, 0.2704478785332986, -0.0011153066238749725, 0.11589136735723071","1.712359483831139, 0.10897321492930888, 1.3573346024791242, 0.10897321492931075, 1.7123594838311196","0.7211967301594949, 0.007369513489319576, 0.39039387080060806, 0.007369513489319818, 0.7211967301594753"
0.8571428571428571,3.2653061224489797,"0.11560277544775172, -0.0010368099940850327, 0.2708680690926528, -0.0010368099940853276, 0.11560277544776576","1.7159905141843113, 0.10307581722734369, 1.3618673371767167, 0.10307581722734588, 1.7159905141842822","0.7242584026187666, 0.006705329345739221, 0.39309086375253244, 0.006705329345739472, 0.7242584026187384"
0.8571428571428571,3.3469387755102042,"0.1153365087583062, -0.0009640485980296314, 0.27125507967945384, -0.0009640485980294718, 0.11533650875829882","1.7193426430055667, 0.09762351390825422, 1.3660676861723438, 0.09762351390825294, 1.7193426430055818","0.7270918091066377, 0.0061118390549694274, 0.3956001442524729, 0.006111839054969295, 0.7270918091066525"
0.8571428571428571,3.4285714285714284,"0.11509037636790775, -0.0008966002682113776, 0.2716124478018911, -0.0008966002681800381, 0.11509037636659225","1.7224422830517931, 0.09257537307682734, 1.3699646877403053, 0.09257537307665442, 1.7224422830544168","0.7297179325534224, 0.005580575675881973, 0.3979367935591266, 0.005580575675865503, 0.7297179325559975"
0.8571428571428571,3.510204081632653,"0.11486244020367303, -0.0008340712986458915, 0.2719432621899317, -0.0008340712986464084, 0.11486244020368752","1.7253130148470928, 0.08789465454866974, 1.3735846612085016, 0.08789465454867249, 1.725313014847063","0.7321555730037039, 0.005104167490191059, 0.4001146665139153, 0.005104167490191361, 0.7321555730036748"
0.8571428571428571,3.5918367346938775,"0.11465098248171879, -0.0007760948473681632, 0.27225022473128513, -0.0007760948473683957, 0.11465098248173289","1.7279759050579422, 0.08354837473014151, 1.3769514404238608, 0.08354837473014376, 1.7279759050579138","0.7344215848155536, 0.004676191656928456, 0.40214646573679647, 0.004676191656928709, 0.7344215848155257"
0.8571428571428571,3.673469387755102,"0.11445447759096261, -0.0007223295155554706, 0.27253570384954506, -0.0007223295155419883, 0.11445447759058996","1.7304497915492694, 0.07950690923874351, 1.3800865984232547, 0.07950690923870132, 1.7304497915500323","0.7365310902573937, 0.004291046737924145, 0.4040438204343792, 0.004291046737920512, 0.736531090258143"
0.8571428571428571,3.7551020408163267,"0.1142715678348481, -0.0006724580128695118, 0.27280178035357505, -0.0006724580130103922, 0.11427156783745673","1.7327515371993174, 0.07574363309915066, 1.3830096594079915, 0.07574363309951634, 1.732751537194025","0.7384976707018616, 0.003943842119032834, 0.4058173662752978, 0.003943842119072165, 0.7384976706966689"
0.8571428571428571,3.836734693877551,"0.11410104249442249, -0.000626185861785776, 0.27305028673470894, -0.000626185861786057, 0.11410104249444064","1.7348962550054332, 0.07223459703900288, 1.3857382959111635, 0.07223459703900503, 1.7348962550053966","0.7403335370349858, 0.0036303023711141895, 0.40747682390275497, 0.00363030237111437, 0.7403335370349495"
0.8571428571428571,3.9183673469387754,"0.11394181984081608, -0.0005832401231132336, 0.2732828408076948, -0.0005832401152956225, 0.11394181958989802","1.7368975069698702, 0.06895823764569775, 1.388288510284683, 0.06895823762292466, 1.7368975074768225","0.742049680878476, 0.00334668470052783, 0.40903107448438175, 0.0033466846988927782, 0.7420496813776781"
0.8571428571428571,4.0,"0.11379293089010584, -0.0005433681124743447, 0.2735008744758004, -0.0005433681120028885, 0.11379293085857117","1.7387674810608735, 0.06589511869989838, 1.3906748004181289, 0.06589511869671422, 1.7387674811243854","0.7436560100548963, 0.0030897077865903815, 0.4104882312773624, 0.003089707786349624, 0.7436560101174471"
0.9795918367346939,0.0,"0.19034504874919386, -0.03337530780078912, 0.18606051810318916, -0.033375307800788595, 0.19034504874919483","1.0000000000000013, 1.0000000000000009, 1.0, 0.9999999999999991, 0.9999999999999994","0.17233989781819692, 0.21269784349394244, 0.18916850714052877, 0.21269784349394186, 0.1723398978181956"
0.9795918367346939,0.08163265306122448,"0.18901851449141804, -0.03259153433132925, 0.1871460396798241, -0.03259153433132922, 0.18901851449141618","1.0220016624814192, 0.9829057550692468, 0.9901851648986677, 0.9829057550692466, 1.0220016624814199","0.1862638166915296, 0.2076317045449854, 0.1857336739581174, 0.2076317045449853, 0.18626381669153047"
0.9795918367346939,0.16326530612244897,"0.18732108591194152, -0.031531871436266956, 0.1884215710486513, -0.03153187143626632, 0.18732108591194047","1.044667426750174, 0.9644701016985461, 0.9817249431025603, 0.9644701016985469, 1.0446674267501743","0.2011478936411815, 0.2022663531944888, 0.18302568131189517, 0.20226635319448943, 0.20114789364118202"
0.9795918367346939,0.24489795918367346,"0.18527346146623583, -0.030236384482553225, 0.18992584603263352, -0.030236384482553502, 0.1852734614662373","1.068052814064856, 0.9445659135474999, 0.974762544775289, 0.9445659135475, 1.0680528140648544","0.2170059206414291, 0.19655907219910002, 0.1810626993460634, 0.19655907219910015, 0.2170059206414281"
0.9795918367346939,0.32653061224489793,"0.18290076920311332, -0.02874621342186756, 0.1916908884375105, -0.028746213421867617, 0.18290076920311144","1.0921957308670645, 0.9230768019310053, 0.9694549344038594, 0.9230768019310054, 1.0921957308670662","0.23383769005102079, 0.1904720410304609, 0.17987316511517887, 0.19047204103046092, 0.23383769005102245"
0.9795918367346939,0.40816326530612246,"0.1802329888301029, -0.02710347902983573, 0.193740980399469, -0.027103479029835925, 0.18023298883009964","1.1171134848138409, 0.8999040335834716, 0.9659649632053735, 0.899904033583472, 1.117113484813841","0.25162626423074375, 0.18397484738028494, 0.179493085468785, 0.18397484738028488, 0.251626264230745"
0.9795918367346939,0.4897959183673469,"0.1773051225900906, -0.025350884918236227, 0.19609152465629195, -0.02535088491823756, 0.17730512259009132","1.1427995774245274, 0.8749746412333568, 0.9644515626842325, 0.8749746412333567, 1.1427995774245268","0.27033529414157476, 0.17704730943815994, 0.17996264626497596, 0.17704730943816016, 0.27033529414157464"
0.9795918367346939,0.5714285714285714,"0.17415705497898037, -0.023531005768932828, 0.1987479015799033, -0.023531005768932828, 0.17415705497898212","1.1692204626974094, 0.8482504335982297, 0.9650582074087237, 0.8482504335982304, 1.169220462697409","0.289906564537266, 0.1696824432382952, 0.18132211746959284, 0.16968244323829534, 0.289906564537265"
0.9795918367346939,0.6530612244897959,"0.1708330558897735, -0.02168528778082285, 0.20170446378210008, -0.021685287780822904, 0.17083305588977238","1.1963125726885555, 0.819737353792558, 0.9679001470377757, 0.8197373537925581, 1.196312572688556","0.3102580045327331, 0.1618893175035218, 0.18360712877714816, 0.16188931750352184, 0.3102580045327335"
0.9795918367346939,0.7346938775510204,"0.16738090462552674, -0.019852828930476157, 0.2049438486098992, -0.01985282893047624, 0.16738090462552666","1.2239800373481424, 0.7894943357000803, 0.9730512539035538, 0.7894943357000809, 1.2239800373481444","0.33128246870809697, 0.15369544698347587, 0.18684350897484012, 0.15369544698347576, 0.33128246870809785"
0.9795918367346939,0.8163265306122449,"0.16385064385325707, -0.01806904933084294, 0.20843681095517214, -0.01806904933084305, 0.163850643853257","1.2520936424181424, 0.7576405144113665, 0.9805316863409833, 0.7576405144113676, 1.2520936424181421","0.35284765010065744, 0.14514830634647694, 0.19104202602823858, 0.14514830634647707, 0.3528476501006566"
0.9795918367346939,0.8979591836734694,"0.1602930122311731, -0.01636439789764013, 0.21214277133293497, -0.016364397897640243, 0.1602930122311726","1.2804916330057337, 0.724359441493958, 0.9902978510006172, 0.7243594414939578, 1.2804916330057337","0.3747975052822462, 0.1363155306135596, 0.1961935123830427, 0.1363155306135595, 0.3747975052822466"
0.9795918367346939,0.9795918367346939,"0.15675764929908836, -0.014763260946256074, 0.2160112232943356, -0.014763260946256462, 0.1567576492990887","1.3089829259405317, 0.6898989467988706, 1.0022362545211954, 0.6898989467988719, 1.3089829259405321","0.3969555177941819, 0.12728343727658742, 0.20226497439907476, 0.12728343727658759, 0.3969555177941819"
0.9795918367346939,1.0612244897959184,"0.15329121036075166, -0.013283231803309231, 0.2199840428851168, -0.013283231803309148, 0.15329121036075","1.337353091023296, 0.6545655799832624, 1.0161626579868828, 0.6545655799832617, 1.337353091023298","0.41912996786458406, 0.11815368117933783, 0.20919731798134214, 0.11815368117933758, 0.4191299678645859"
0.9795918367346939,1.1428571428571428,"0.149935563198967, -0.011934862413085834, 0.22399859842823594, -0.011934862413085806, 0.14993556319896933","1.3653730839529512, 0.6187132065120118, 1.0318274190700771, 0.6187132065120129, 1.3653730839529499","0.4411211052253462, 0.10903813011005148, 0.21690522867796713, 0.10903813011005171, 0.44112110522534415"
0.9795918367346939,1.2244897959183674,"0.14672625129554073, -0.010721950295334959, 0.22799139799958928, -0.010721950295334931, 0.14672625129554007","1.3928102087654985, 0.5827262652358554, 1.0489270519972922, 0.5827262652358549, 1.3928102087655003","0.46272977209455224, 0.1000523811011477, 0.2252795027834083, 0.10005238110114761, 0.46272977209455374"
0.9795918367346939,1.3061224489795917,"0.14369139030853073, -0.009642328930352856, 0.23190187724364325, -0.009642328930352967, 0.14369139030853179","1.4194402721666834, 0.5469992254144576, 1.0671210048377189, 0.5469992254144593, 1.4194402721666823","0.48376667675671786, 0.09130864152725121, 0.2341917615404657, 0.09130864152725159, 0.4837666767567163"
0.9795918367346939,1.3877551020408163,"0.14085111320580512, -0.008689046703761708, 0.235675866995911, -0.00868904670376193, 0.14085111320580768","1.445059525239008, 0.5119146233638556, 1.0860517027942775, 0.5119146233638566, 1.4450595252390035","0.5040612840108045, 0.08290887884600129, 0.2435010712911225, 0.08290887884600139, 0.5040612840108004"
0.9795918367346939,1.469387755102041,"0.13821760235277908, -0.00785176087797157, 0.23926831705038382, -0.007851760877971778, 0.1382176023527807","1.4694949085457134, 0.47782243454012513, 1.1053653138283268, 0.47782243454012596, 1.4694949085457105","0.5234692608060042, 0.07493912819991178, 0.2530616495130038, 0.07493912819991182, 0.523469260806001"
0.9795918367346939,1.5510204081632653,"0.13579566134341492, -0.00711815407489412, 0.24264498546296046, -0.0071181540748937455, 0.13579566134341275","1.4926113764064157, 0.44502330073440066, 1.1247306457183652, 0.4450233007343998, 1.4926113764064204","0.5418776255032898, 0.06746562980269877, 0.2627306624979129, 0.06746562980269855, 0.541877625503294"
0.9795918367346939,1.6326530612244898,"0.13358370668779923, -0.006475203912068128, 0.24578299444853866, -0.006475203912067906, 0.133583706687798","1.5143156079005085, 0.4137573470587391, 1.143854090081504, 0.41375734705873746, 1.5143156079005107","0.559207145980991, 0.060533110489137405, 0.2723751645260696, 0.06053311048913707, 0.5592071459809932"
0.9795918367346939,1.7142857142857142,"0.1315750165781776, -0.0059101906490273415, 0.24867034814169833, -0.0059101906490275635, 0.13157501657817894","1.5345560558246991, 0.38419923676394285, 1.1624894148227196, 0.384199236763944, 1.534556055824697","0.5754119997481797, 0.05416513369042095, 0.2818774664017862, 0.054165133690421065, 0.5754119997481772"
0.9795918367346939,1.7959183673469388,"0.12975906731776105, -0.005411393885870447, 0.25130465313622097, -0.005411393885870128, 0.12975906731775827","1.5533198573165135, 0.35645904484639274, 1.180442195674182, 0.35645904484639135, 1.5533198573165197","0.5904771185094441, 0.04836612635451297, 0.2911385690131802, 0.048366126354512706, 0.5904771185094495"
0.9795918367346939,1.8775510204081634,"0.12812281256954483, -0.004968488696460702, 0.25369135225382966, -0.004968488696461187, 0.1281228125695476","1.5706274983684811, 0.33058774730996154, 1.19756950864312, 0.33058774730996326, 1.5706274983684743","0.6044138975485064, 0.04312451575733073, 0.30007965066620984, 0.043124515757330936, 0.6044138975485002"
0.9795918367346939,1.9591836734693877,"0.1266518037521952, -0.004572692019527272, 0.25584177653466245, -0.0045726920195273135, 0.12665180375219715","1.5865262449948292, 0.30658574436686103, 1.2137760212766242, 0.30658574436686215, 1.5865262449948268","0.617255027908367, 0.03841638314407542, 0.3086418715926878, 0.03841638314407561, 0.6172550279083638"
0.9795918367346939,2.0408163265306123,"0.12533109750701266, -0.0042167284686084605, 0.2577712619231871, -0.004216728468608932, 0.12533109750701749","1.6010832639359658, 0.2844128388732525, 1.2290077943815707, 0.2844128388732546, 1.6010832639359567","0.6290491356145907, 0.03420912927397241, 0.3167849151870567, 0.03420912927397285, 0.629049135614582"
0.9795918367346939,2.122448979591837,"0.12414593730373807, -0.0038946846830285875, 0.25949749475858264, -0.0038946846830283655, 0.12414593730373613","1.614379137843465, 0.2639983581172429, 1.2432450080785822, 0.26399835811724215, 1.6143791378434695","0.6398557474580265, 0.030464794381309727, 0.32448472632940256, 0.03046479438130954, 0.6398557474580304"
0.9795918367346939,2.204081632653061,"0.12308222538393909, -0.0036018098734638543, 0.26103916897904555, -0.0036018098734639514, 0.12308222538394342","1.6265022204191955, 0.24525049458264866, 1.2564945699963204, 0.24525049458265052, 1.6265022204191872","0.6497409098244031, 0.02714283120674056, 0.3317308631056647, 0.02714283120674093, 0.6497409098243949"
0.9795918367346939,2.2857142857142856,"0.12212681761206978, -0.0033343041767682005, 0.2624149731293927, -0.003334304176768471, 0.12212681761207439","1.6375440401923067, 0.22806433179858498, 1.2687832560182257, 0.22806433179858684, 1.637544040192299","0.6587736119624497, 0.024202261206982115, 0.33852378817832696, 0.024202261206982385, 0.6587736119624414"
0.9795918367346939,2.36734693877551,"0.12126767967688146, -0.003089120766298102, 0.26364288217882836, -0.003089120766298352, 0.12126767967688679","1.6475957811459314, 0.21232834382311783, 1.2801517500619104, 0.21232834382311955, 1.6475957811459212","0.6670230319609928, 0.021603236556123125, 0.3448723234162834, 0.021603236556123433, 0.6670230319609827"
0.9795918367346939,2.4489795918367347,"0.120493941854177, -0.0028637949949437067, 0.2647397062815292, -0.00286379499494388, 0.12049394185418194","1.6567457520350697, 0.19792938453100217, 1.290649726867867, 0.19792938453100364, 1.6567457520350608","0.6745565379172829, 0.0193080841853235, 0.35079139816814775, 0.019308084185323777, 0.6745565379172735"
0.9795918367346939,2.5306122448979593,"0.11979588442567302, -0.0026563049610645872, 0.26572084107077765, -0.0026563049610647538, 0.11979588442567846","1.665077695790663, 0.18475631929737846, 1.300331969823927, 0.18475631929738037, 1.6650776957906508","0.681438332181428, 0.017281930655962174, 0.3563001483619543, 0.01728193065596251, 0.6814383321814168"
0.9795918367346939,2.6122448979591835,"0.11916487928033642, -0.002464962452333616, 0.26660016634398986, -0.0024649624523337826, 0.11916487928034131","1.6726697710792502, 0.1727025156935825, 1.309255426454344, 0.17270251569358416, 1.6726697710792413","0.6877286122576081, 0.015493008177713556, 0.36142037265468857, 0.01549300817771375, 0.6877286122575991"
0.9795918367346939,2.693877551020408,"0.11859330673517526, -0.00228833043353905, 0.26739004739672334, -0.0022883304335391957, 0.11859330673517993","1.6795940447742916, 0.16166742408720297, 1.3174770622770189, 0.16166742408720416, 1.6795940447742823","0.6934831268439634, 0.013912731634704648, 0.3661753205497554, 0.01391273163470485, 0.6934831268439545"
0.9795918367346939,2.7755102040816326,"0.11807446098981877, -0.002125162234211858, 0.26810140248879105, -0.002125162234211664, 0.11807446098981378","1.6859163545155658, 0.15155746367347875, 1.3250523636219023, 0.1515574636734777, 1.6859163545155766","0.6987530205847401, 0.012515620822319409, 0.3705887712214071, 0.012515620822319263, 0.6987530205847502"
0.9795918367346939,2.857142857142857,"0.11760245315019574, -0.0019743576347836522, 0.2687438089691697, -0.0019743576347839437, 0.11760245315020257","1.6916964261109495, 0.1422863995552026, 1.3320343486677104, 0.14228639955520436, 1.6916964261109362","0.703584880080185, 0.011279125555226945, 0.3746843560540908, 0.01127912555522718, 0.7035848800801716"
0.9795918367346939,2.938775510204082,"0.11717211740332939, -0.0018349316226215842, 0.2693256284385772, -0.001834931622621841, 0.11717211740333672","1.696988156028675, 0.13377536200977597, 1.3384729639231114, 0.13377536200977752, 1.696988156028659","0.708020912678194, 0.010183396255964448, 0.37848507867751635, 0.010183396255964615, 0.708020912678179"
0.9795918367346939,3.020408163265306,"0.1167789235377914, -0.0017059923562691114, 0.2698541376369486, -0.0017059923562693508, 0.11677892353779801","1.701839991909005, 0.1259526258487515, 1.344414764484498, 0.12595262584875289, 1.701839991908991","0.7120992065252583, 0.009211030091083535, 0.3820129906105211, 0.009211030091083709, 0.7120992065252449"
0.9795918367346939,3.1020408163265305,"0.11641889738140743, -0.0015867256463230756, 0.27033565652982117, -0.0015867256463234919, 0.11641889738141764","1.7062953628192752, 0.11875323865568121, 1.3499027970501056, 0.11875323865568317, 1.7062953628192525","0.7158540344681869, 0.008346812886107877, 0.3852889865211561, 0.008346812886108147, 0.7158540344681656"
0.9795918367346939,3.183673469387755,"0.11608854967384036, -0.001476383941171059, 0.27077566853465196, -0.0014763839411713608, 0.1160885496738499","1.7103931257926983, 0.11211856268324827, 1.3549766230481257, 0.11211856268324993, 1.7103931257926765","0.7193161755840627, 0.007577469689248965, 0.3883326893261341, 0.007577469689249182, 0.7193161755840425"
0.9795918367346939,3.2653061224489797,"0.1157848132438703, -0.0013742783618732012, 0.2711789302360117, -0.001374278361873097, 0.11578481324386425","1.714168006427597, 0.10599577624336917, 1.3596724346580569, 0.10599577624336798, 1.7141680064276095","0.7225132366516244, 0.006891431557586354, 0.39116240119428813, 0.006891431557586248, 0.7225132366516365"
0.9795918367346939,3.3469387755102042,"0.11550498799135839, -0.0012797727622022928, 0.27154956954165776, -0.0012797727622031116, 0.11550498799138909","1.7176510195755323, 0.10033736595997468, 1.364023228929041, 0.10033736595998212, 1.717651019575471","0.7254699621918981, 0.0062786224661886, 0.39379510165354775, 0.006278622466189559, 0.725469962191838"
0.9795918367346939,3.4285714285714284,"0.11524669298809204, -0.001192279112176474, 0.2718911722481861, -0.001192279112175957, 0.11524669298807394","1.7208698620318819, 0.09510063051264134, 1.368059014910918, 0.09510063051263792, 1.7208698620319178","0.7282085262491309, 0.00573026778812945, 0.39624647832028703, 0.005730267788129117, 0.7282085262491668"
0.9795918367346939,3.510204081632653,"0.11500782494150025, -0.0011112537365044889, 0.2722068575900185, -0.0011112537365042183, 0.11500782494148976","1.723849273222564, 0.09024720871414298, 1.3718070361265655, 0.09024720871414112, 1.7238492732225863","0.730748802267827, 0.005238724227134054, 0.39853097929046, 0.00523872422713388, 0.7307488022678484"
0.9795918367346939,3.5918367346938775,"0.11478652225102864, -0.001036194103143949, 0.2724993436702608, -0.0010361941037777336, 0.11478652228563224","1.7266113626515582, 0.08574263925076556, 1.375291996261815, 0.08574263925575626, 1.7266113625801045","0.7331086096208778, 0.004797330142254485, 0.4006618790350995, 0.004797330142672535, 0.733108609550994"
0.9795918367346939,3.673469387755102,"0.11458113406180648, -0.0009666359716002416, 0.27277100381888675, -0.0009666359716156182, 0.11458113406252235","1.7291759043584305, 0.0815559556284132, 1.3785362800276573, 0.08155595562850451, 1.7291759043569914","0.7353039364939359, 0.004400274690591515, 0.4026513518289583, 0.00440027469059957, 0.7353039364925229"
0.9795918367346939,3.7551020408163267,"0.11439019331151412, -0.0009021507787979506, 0.27302391493458206, -0.0009021507787976592, 0.11439019331149941","1.731560600715157, 0.07765931723254887, 1.38156016410456, 0.07765931723254677, 1.7315606007151851","0.7373491407010356, 0.004042483974606207, 0.4045105484364017, 0.004042483974606026, 0.7373491407010642"
0.9795918367346939,3.836734693877551,"0.11421239377502429, -0.0008423432031161478, 0.273259898857813, -0.0008423432030608725, 0.1142123937733398","1.7337813165048486, 0.07402767590845807, 1.3843820151701434, 0.07402767590826462, 1.7337813165082865","0.7392571285923105, 0.0037195223430452873, 0.4062496730341934, 0.0037195223430312283, 0.7392571285956878"
0.9795918367346939,3.9183673469387754,"0.1140465700059709, -0.0007868488605425154, 0.27348055770356483, -0.0007868488606421233, 0.11404657001164914","1.7358522870074409, 0.07063847625430003, 1.387018473487292, 0.07063847625489397, 1.7358522869960744","0.7410395149204656, 0.0034275070354499683, 0.4078780583360256, 0.0034275070354897654, 0.7410395149092638"
0.9795918367346939,4.0,"0.11389168011060508, -0.0007353321200655738, 0.2736873040187206, -0.0007353321200727868, 0.11389168011081208","1.737786301837922, 0.06747138739996911, 1.3894846215246108, 0.06747138739998515, 1.73778630183751","0.7427067646356995, 0.0031630344953441523, 0.40940423757124916, 0.0031630344953452578, 0.7427067646352944"
1.1020408163265305,0.0,"0.1931111007500262, -0.03755156954261446, 0.18888093758517918, -0.037551569542615015, 0.1931111007500243","1.0, 0.9999999999999997, 1.0000000000000002, 1.0000000000000009, 1.0000000000000004","0.166311706789408, 0.2077128396216842, 0.1847487306700402, 0.20771283962168427, 0.16631170678940846"
1.1020408163265305,0.08163265306122448,"0.19178801637536672, -0.03671168533026034, 0.18984733790978747, -0.036711685330260285, 0.1917880163753662","1.0208572974970502, 0.9837897482445861, 0.9907059085167254, 0.9837897482445852, 1.02085729749705","0.17964096028569787, 0.2030477486964119, 0.18161852716928065, 0.20304774869641165, 0.17964096028569837"
1.1020408163265305,0.16326530612244897,"0.19010395501410188, -0.03560193251188773, 0.1909959549955704, -0.03560193251188851, 0.1901039550141041","1.0423997197325257, 0.9662906928653865, 0.9826191748041766, 0.9662906928653869, 1.042399719732526","0.19392104371205068, 0.19810090532761193, 0.1791445654172609, 0.1981009053276118, 0.1939210437120503"
1.1020408163265305,0.24489795918367346,"0.1880753982287994, -0.03425750430126981, 0.19236421214493954, -0.03425750430126939, 0.18807539822880032","1.0646878800620982, 0.9473750418922589, 0.975874156091285, 0.9473750418922584, 1.064687880062098","0.20917385138932143, 0.19282950430984136, 0.17734478311909296, 0.1928295043098415, 0.20917385138932157"
1.1020408163265305,0.32653061224489793,"0.18572302134582802, -0.032714857556528476, 0.1939836724214013, -0.03271485755652845, 0.18572302134582738","1.0877664541702594, 0.9269230072878558, 0.970621077083769, 0.9269230072878554, 1.0877664541702585","0.22540868439824663, 0.18719462848220397, 0.17624765508531132, 0.18719462848220383, 0.22540868439824652"
1.1020408163265305,0.40816326530612246,"0.18307226248036912, -0.03101179704377577, 0.19587906912681252, -0.031011797043775963, 0.18307226248036962","1.1116611772564227, 0.9048291072493507, 0.967019430988453, 0.9048291072493497, 1.1116611772564209","0.24261939019386808, 0.18116352391942886, 0.17588995380876385, 0.18116352391942844, 0.24261939019386727"
1.1020408163265305,0.4897959183673469,"0.18015368063180395, -0.029187278291522928, 0.19806719531943837, -0.029187278291523067, 0.1801536806318037","1.1363755418444, 0.881009725365911, 0.9652294655793778, 0.8810097253659107, 1.1363755418444004","0.2607814570298792, 0.17471222682400986, 0.17631384864071162, 0.1747122268240096, 0.2607814570298794"
1.1020408163265305,0.5714285714285714,"0.17700303436089077, -0.02728090351087431, 0.2005557382999663, -0.027280903510874005, 0.17700303436089135","1.1618873694260854, 0.8554117188637228, 0.9654018234203863, 0.8554117188637231, 1.1618873694260838","0.2798492350350744, 0.1678284127487874, 0.17756329216845296, 0.1678284127487871, 0.2798492350350728"
1.1020408163265305,0.6530612244897959,"0.17366102031782163, -0.02533211347430686, 0.20334218631296874, -0.02533211347430636, 0.17366102031782293","1.1881455328713548, 0.8280216340154714, 0.967665666226349, 0.8280216340154706, 1.1881455328713544","0.29975351928722116, 0.16051425250791151, 0.17967971474853583, 0.16051425250791165, 0.29975351928722094"
1.1020408163265305,0.7346938775510204,"0.17017262783584186, -0.023379115246977666, 0.20641297482227158, -0.02337911524697797, 0.1701726278358423","1.215067226357004, 0.7988748024078368, 0.9721159424703198, 0.7988748024078367, 1.2150672263570028","0.3203997990202785, 0.15278896767214417, 0.18269715514240883, 0.152788967672144, 0.3203997990202776"
1.1020408163265305,0.8163265306122449,"0.16658609341987224, -0.02145762789328312, 0.20974306894682243, -0.021457627893283565, 0.16658609341987213","1.2425362965928524, 0.7680632935447969, 0.9788008197247039, 0.768063293544796, 1.2425362965928528","0.3416675382919617, 0.14469070014624355, 0.18663709254047192, 0.14469070014624355, 0.3416675382919628"
1.1020408163265305,0.8979591836734694,"0.1629514774607051, -0.0195995692628885, 0.2132961836043671, -0.01959956926288839, 0.1629514774607046","1.2704032279603736, 0.7357414556184689, 0.9877106328423153, 0.7357414556184685, 1.2704032279603747","0.3634108838219459, 0.13627727192311662, 0.19150339715530848, 0.1362772719231165, 0.3634108838219468"
1.1020408163265305,0.9795918367346939,"0.15931893289049678, -0.017831837480190543, 0.21702580917938766, -0.017831837480190765, 0.15931893289049673","1.2984873653552504, 0.7021276848229168, 0.9987698996436656, 0.7021276848229163, 1.2984873653552496","0.3854611633061512, 0.12762544412861387, 0.19727795228854306, 0.1276254441286137, 0.38546116330615066"
1.1020408163265305,1.0612244897959184,"0.15573678644823713, -0.01617535049865773, 0.22087712810084098, -0.01617535049865776, 0.15573678644823752","1.3265818112873617, 0.6675012302545322, 1.011833916916213, 0.6675012302545323, 1.3265818112873644","0.40763141019622123, 0.11882841476000403, 0.20391757600873406, 0.11882841476000397, 0.40763141019622234"
1.1020408163265305,1.1428571428571428,"0.1522495985332858, -0.014644487691358093, 0.2247897783161451, -0.014644487691358288, 0.1522495985332858","1.3544611200892733, 0.6321933384463772, 1.0266910829287006, 0.6321933384463774, 1.3544611200892736","0.4297229127609159, 0.1099915274275722, 0.21135283719504905, 0.10999152742757232, 0.4297229127609159"
1.1020408163265305,1.2244897959183674,"0.14889639513749003, -0.013247026524345479, 0.22870126277370967, -0.013247026524344951, 0.1488963951374911","1.3818914545505883, 0.5965728545346982, 1.0430713818294297, 0.5965728545346987, 1.3818914545505872","0.451533455476414, 0.10122646968988028, 0.21948918569691828, 0.10122646968988062, 0.45153345547641294"
1.1020408163265305,1.3061224489795917,"0.14570926321925987, -0.011984591658752847, 0.23255065687898652, -0.011984591658753263, 0.14570926321926003","1.4086423582140868, 0.561027388122354, 1.0606605073271216, 0.561027388122353, 1.408642358214089","0.4728665643988638, 0.0926445517726634, 0.22821050421535924, 0.09264455177266309, 0.4728665643988652"
1.1020408163265305,1.3877551020408163,"0.14271246265341087, -0.010853549532410522, 0.2362821737579991, -0.010853549532410828, 0.14271246265341164","1.4344988721748693, 0.5259420721963911, 1.0791181112574826, 0.5259420721963903, 1.43449887217487","0.4935407855222013, 0.08434988413858949, 0.23738479569647714, 0.08434988413858924, 0.49354078552220104"
1.1020408163265305,1.469387755102041,"0.13992213711918317, -0.009846210019760368, 0.23984814580115474, -0.00984621001976091, 0.13992213711918372","1.4592725351399864, 0.4916785100220199, 1.09809790967599, 0.4916785100220203, 1.459272535139986","0.5133979173715847, 0.07643333537221206, 0.24687134278287043, 0.07643333537221211, 0.513397917371584"
1.1020408163265305,1.5510204081632653,"0.13734661767194056, -0.00895215717370726, 0.24321107900353264, -0.008952157173707453, 0.13734661767194156","1.4828099354675894, 0.4585565176939163, 1.1172670936769906, 0.458556517693917, 1.4828099354675888","0.532309242331354, 0.06896801739899726, 0.25652842330578823, 0.0689680173989975, 0.5323092423313529"
1.1020408163265305,1.6326530612244898,"0.1349872279436216, -0.008159532253806834, 0.24634460862036878, -0.008159532253806931, 0.13498722794362317","1.504997912652587, 0.4268407079565563, 1.1363227587817164, 0.42684070795655704, 1.5049979126525834","0.5501791348911658, 0.06200674736270967, 0.26622061167265665, 0.062006747362709835, 0.5501791348911628"
1.1020408163265305,1.7142857142857142,"0.13283943953652444, -0.0074561297047941455, 0.24923338033653702, -0.0074561297047946035, 0.13283943953652733","1.5257651083136339, 0.3967329982557362, 1.1550037868612648, 0.3967329982557377, 1.5257651083136279","0.5669458756294807, 0.05558156382853261, 0.27582484804373825, 0.055581563828532916, 0.5669458756294753"
1.1020408163265305,1.7959183673469388,"0.1308942020226731, -0.0068302252340794595, 0.2518720464228128, -0.006830225234079307, 0.130894202022673","1.5450801680084134, 0.3683710555147327, 1.1730975529537075, 0.3683710555147331, 1.545080168008415","0.5825799400827093, 0.04970503571991476, 0.2852347563112624, 0.04970503571991482, 0.5825799400827101"
1.1020408163265305,1.8775510204081634,"0.1291392836740951, -0.006271115859885629, 0.25426366437158066, -0.00627111585988617, 0.12913928367409577","1.5629473425755747, 0.34183179840960265, 1.1904417180296463, 0.34183179840960287, 1.5629473425755722","0.597080352828897, 0.04437287637519122, 0.2943630415579755, 0.04437287637519129, 0.5970803528288953"
1.1020408163265305,1.9591836734693877,"0.12756049630075206, -0.005769399776013401, 0.2564178069505204, -0.005769399776013623, 0.1275604963007545","1.5794004533683743, 0.31713854230982264, 1.2069220086436103, 0.3171385423098239, 1.5794004533683692","0.6104698455036269, 0.039567292848394525, 0.3031421049697806, 0.03956729284839476, 0.6104698455036222"
1.1020408163265305,2.0408163265306123,"0.12614272578276714, -0.005317051958077856, 0.2583486523506172, -0.005317051958078217, 0.12614272578277153","1.5944961766827657, 0.2942702251603245, 1.2224671963138263, 0.2942702251603265, 1.5944961766827568","0.6227895408611586, 0.035260543796372695, 0.3115232206144941, 0.035260543796372966, 0.6227895408611499"
1.1020408163265305,2.122448979591837,"0.12487073598928644, -0.004907360142990119, 0.26007324830740525, -0.004907360142990216, 0.12487073598928866","1.608307434591345, 0.2731713130149756, 1.2370425047873628, 0.27317131301497766, 1.608307434591341","0.6340937531320392, 0.03141830111485086, 0.3194747091234671, 0.03141830111485125, 0.634093753132035"
1.1020408163265305,2.204081632653061,"0.1237297495954045, -0.004534780435293706, 0.26161006167977546, -0.004534780435293928, 0.12372974959540761","1.6209174372195594, 0.25376131907868615, 1.2506424874035131, 0.2537613190786887, 1.6209174372195527","0.6444453106784933, 0.028002559584063207, 0.32697953702891885, 0.028002559584063672, 0.644445310678487"
1.1020408163265305,2.2857142857142856,"0.12270583202376278, -0.004194758957597619, 0.26297785386766526, -0.0041947589575980285, 0.12270583202376767","1.632414677608474, 0.23594325361270066, 1.263284137557659, 0.23594325361270269, 1.6324146776084656","0.6539116233420298, 0.024973976106324715, 0.3340327023014303, 0.0249739761063251, 0.653911623342021"
1.1020408163265305,2.36734693877551,"0.12178611547895207, -0.0038835512258218255, 0.26419487149374343, -0.0038835512258216243, 0.12178611547894791","1.642888979563724, 0.21961066594943024, 1.2750007089736852, 0.21961066594942835, 1.642888979563732","0.6625615665052602, 0.02229362473315593, 0.3406386717272512, 0.02229362473315566, 0.6625615665052683"
1.1020408163265305,2.4489795918367347,"0.12095890190942188, -0.003598057801358606, 0.2652783117838782, -0.003598057801358294, 0.1209589019094166","1.6524285586726535, 0.20465320092892378, 1.2858364807968359, 0.20465320092892209, 1.6524285586726646","0.670463149130167, 0.01992422044282938, 0.3468090405707, 0.019924220442829085, 0.6704631491301775"
1.1020408163265305,2.5306122448979593,"0.12021368017185063, -0.003335684801573223, 0.2662440092594506, -0.0033356848015729176, 0.1202136801718453","1.6611179748646896, 0.19096076227621483, 1.2958425257181818, 0.1909607622762135, 1.6611179748647025","0.6776818720081379, 0.017830898314207595, 0.35256050467425143, 0.017830898314207387, 0.6776818720081494"
1.1020408163265305,2.6122448979591835,"0.11954108655603718, -0.0030942312204343125, 0.2671062893287895, -0.0030942312204343264, 0.11954108655604201","1.6690368193707843, 0.17842646740313392, 1.3050734264521728, 0.17842646740313545, 1.6690368193707745","0.6842796560093076, 0.015981644288995685, 0.35791317549244017, 0.015981644288995903, 0.6842796560092981"
1.1020408163265305,2.693877551020408,"0.11893283112765224, -0.002871801184995193, 0.2678779401146801, -0.002871801184995443, 0.11893283112765851","1.6762589749327415, 0.16694861250686557, 1.3135848251207976, 0.16694861250686735, 1.676258974932729","0.6903142172116025, 0.014347468274373262, 0.36288922909640664, 0.014347468274373502, 0.6903142172115901"
1.1020408163265305,2.7755102040816326,"0.11838160619257287, -0.0026667374770858385, 0.2685702625690195, -0.00266673747708622, 0.11838160619257926","1.6828523024668243, 0.15643186425899874, 1.3214316665483652, 0.1564318642590003, 1.6828523024668107","0.6958387766205917, 0.012902397299470254, 0.36751185739114495, 0.012902397299470415, 0.6958387766205787"
1.1020408163265305,2.857142857142857,"0.11788098808551822, -0.002477572152245082, 0.2691931681334615, -0.0024775721522447974, 0.1178809880855104","1.6888786302462928, 0.14678787150220535, 1.3286669965029911, 0.14678787150220368, 1.6888786302463108","0.7009020094176894, 0.011623350886522926, 0.37180447921538073, 0.01162335088652272, 0.7009020094177061"
1.1020408163265305,2.938775510204082,"0.1174253395453222, -0.0023029903192465576, 0.2697553015478429, -0.0023029903192466894, 0.11742533954532813","1.694393946593551, 0.13793545892931225, 1.3353411889542848, 0.13793545892931386, 1.694393946593538","0.7055481574881687, 0.01048994575445341, 0.3757901665243312, 0.01048994575445361, 0.7055481574881565"
1.1020408163265305,3.020408163265306,"0.11700971705847191, -0.002141803712229516, 0.2702641733075086, -0.0021418037122296896, 0.1170097170584789","1.6994487203924522, 0.1298005320316728, 1.3415014951517645, 0.12980053203167424, 1.6994487203924389","0.7098172466292876, 0.009484263934636248, 0.37949124320897915, 0.00948426393463643, 0.7098172466292741"
1.1020408163265305,3.1020408163265305,"0.11662978554241332, -0.0019929313532813173, 0.2707262916217263, -0.0019929313532815185, 0.11662978554242326","1.7040882937287762, 0.12231579265665855, 1.3471918272291497, 0.12231579265666079, 1.704088293728756","0.7137453650259953, 0.008590607852752556, 0.38292901893153547, 0.008590607852752785, 0.7137453650259754"
1.1020408163265305,3.183673469387755,"0.1162817414001458, -0.0018553852362192987, 0.27114728767213797, -0.0018553852362196768, 0.11628174140015557","1.7083533071418362, 0.11542033905690124, 1.352452707602545, 0.11542033905690316, 1.7083533071418158","0.7173649719171512, 0.007795257863451479, 0.38612362611161316, 0.007795257863451731, 0.7173649719171314"
1.1020408163265305,3.2653061224489797,"0.11596224412550504, -0.0017282595036389077, 0.27153203075625765, -0.0017282595036392408, 0.11596224412551559","1.712280130504391, 0.10905920374367062, 1.3573213315038977, 0.10905920374367248, 1.7122801305043691","0.7207052149824318, 0.007086241795641962, 0.3890939339544525, 0.007086241795642173, 0.7207052149824105"
1.1020408163265305,3.3469387755102042,"0.1156683561295222, -0.001610722022626708, 0.27188473178621103, -0.0016107220226267115, 0.11566835612952059","1.715901281929416, 0.10318286644829744, 1.3618317032445715, 0.10318286644829722, 1.7159012819294204","0.7237922422134085, 0.0064531218675732, 0.3918575186749277, 0.006453121867573191, 0.7237922422134123"
1.1020408163265305,3.4285714285714284,"0.11539749017996631, -0.001502007595459539, 0.27220903483095876, -0.0015020075954609198, 0.11539749017999529","1.7192458239191581, 0.09774676740318869, 1.366014817355357, 0.09774676740319538, 1.7192458239191017","0.7266494993261753, 0.00588680146340256, 0.39443067362091233, 0.005886801463403496, 0.7266494993261191"
1.1020408163265305,3.510204081632653,"0.11514736371749129, -0.00140141228522914, 0.27250809713258817, -0.0014014122853051418, 0.11514736372045498","1.7223397307892965, 0.09271083724878684, 1.3698988639292453, 0.09271083724907553, 1.7223397307835973","0.7292980075472426, 0.005379352380919306, 0.3968284467877385, 0.005379352380934194, 0.7292980075416045"
1.1020408163265305,3.5918367346938775,"0.11491595928947107, -0.0013082885107520217, 0.27278465844230676, -0.0013082885107582286, 0.11491595928973236","1.7252062246851003, 0.08803905346553761, 1.3735094436992097, 0.08803905346557084, 1.7252062246845816","0.7317566192013046, 0.004923861984241297, 0.39906469628260055, 0.004923861984244107, 0.7317566192007946"
1.1020408163265305,3.673469387755102,"0.11470149032421573, -0.0012220406848091822, 0.2730411007211734, -0.0012220406848093938, 0.1147014903242295","1.7278660797737186, 0.08369902872378386, 1.3768697830050225, 0.0836990287237857, 1.7278660797736902","0.7340422503659403, 0.004514299011481879, 0.4011521567274556, 0.004514299011482052, 0.7340422503659126"
1.1020408163265305,3.7551020408163267,"0.11450237160075188, -0.0011421212544047085, 0.27327949930715356, -0.0011421212544085735, 0.11450237160090793","1.7303378954459898, 0.0796616334575453, 1.3800009421932216, 0.07966163345756144, 1.7303378954456814","0.7361700908561456, 0.004145396435008814, 0.40310251148598564, 0.004145396435010048, 0.7361700908558418"
1.1020408163265305,3.836734693877551,"0.114317193733591, -0.0010680270525193387, 0.27350166662893616, -0.0010680270527011794, 0.11431719374269306","1.7326383403821497, 0.0759006529101088, 1.3829220134326243, 0.07590065291110684, 1.732638340364009","0.7381537926940129, 0.0038125496383822908, 0.404926467050585, 0.0038125496384565365, 0.7381537926761468"
1.1020408163265305,3.9183673469387754,"0.11414470117347625, -0.0009992959088881426, 0.2737091894707805, -0.0009992959088889024, 0.11414470117352044","1.7347823695782556, 0.07239247758984249, 1.3856503056638887, 0.07239247758984768, 1.734782369578169","0.7400056384140602, 0.00351172817609436, 0.4066338270326388, 0.0035117281760948006, 0.7400056384139738"
1.1020408163265305,4.0,"0.1139837731332477, -0.0009355034848403596, 0.27390346070323657, -0.0009355034848391383, 0.11398377313319497","1.7367834169292073, 0.06911582527159045, 1.3882015155983054, 0.06911582527158289, 1.736783416929311","0.7417366910549876, 0.003239399465779049, 0.4082335640171598, 0.003239399465778503, 0.7417366910550909"
1.2244897959183674,0.0,"0.1958113582716975, -0.04168620514086002, 0.1917496937383264, -0.04168620514085941, 0.1958113582716957","1.000000000000001, 0.9999999999999994, 1.0, 1.0000000000000007, 1.000000000000001","0.16037525313517956, 0.2026831238840328, 0.18028795615879578, 0.2026831238840331, 0.16037525313517953"
1.2244897959183674,0.08163265306122448,"0.1944959353244709, -0.040796136038117436, 0.1926004014272933, -0.04079613603811788, 0.19449593532447115","1.01974954957933, 0.9846429624675027, 0.9912149759063349, 0.9846429624675038, 1.0197495495793303","0.17312204887905736, 0.19840273681480713, 0.17745419755225206, 0.1984027368148073, 0.1731220488790573"
1.2244897959183674,0.16326530612244897,"0.19282997462216273, -0.03964314079535236, 0.19362633234637738, -0.039643140795351584, 0.19282997462216367","1.0401987204655296, 0.968050383782638, 0.9835017915036655, 0.9680503837826375, 1.040198720465529","0.1868061197207333, 0.19385803676790392, 0.17521138033107378, 0.19385803676790436, 0.18680611972073324"
1.2244897959183674,0.24489795918367346,"0.19082607618999586, -0.03825778516037587, 0.19486341794075993, -0.03825778516037617, 0.1908260761899959","1.0614124449873543, 0.9500947664476816, 0.9769855771299292, 0.9500947664476809, 1.0614124449873523","0.20145656626038813, 0.18900652889254715, 0.1735768332035985, 0.1890065288925473, 0.2014565662603873"
1.2244897959183674,0.32653061224489793,"0.18850074235808062, -0.03667199738432997, 0.19634251005249861, -0.03667199738433019, 0.18850074235808098","1.083441507549809, 0.9306541001253422, 0.9718087846496994, 0.930654100125342, 1.0834415075498083","0.21709140133487398, 0.18380867801046452, 0.17257848392106287, 0.18380867801046447, 0.21709140133487353"
1.2244897959183674,0.40816326530612246,"0.18587505872779392, -0.03491930010385605, 0.19808848275212404, -0.034919300103856604, 0.18587505872779447","1.1063195676990176, 0.9096175365191512, 0.9681257915636615, 0.909617536519151, 1.106319567699015","0.23371463125355527, 0.1782299451273741, 0.17225305453441175, 0.17822994512737417, 0.23371463125355407"
1.2244897959183674,0.4897959183673469,"0.1829752085623375, -0.033034792379761174, 0.2001191676348483, -0.03303479237976131, 0.1829752085623369","1.130059808482489, 0.8868923556781392, 0.9660956716787443, 0.8868923556781391, 1.1300598084824904","0.25131319649499434, 0.1722432032451535, 0.1726436429979302, 0.17224320324515344, 0.2513131964949951"
1.2244897959183674,0.5714285714285714,"0.1798327481751959, -0.031054844759691724, 0.2024441931689914, -0.031054844759691197, 0.17983274817519568","1.1546513628080277, 0.8624120951584547, 0.9658730840670338, 0.8624120951584551, 1.154651362808028","0.2698539303953403, 0.16583143697836458, 0.1737966068404403, 0.16583143697836475, 0.2698539303953406"
1.2244897959183674,0.6530612244897959,"0.17648457179202165, -0.029016490918567894, 0.2050638382530921, -0.029016490918566534, 0.17648457179202062","1.1800557682296455, 0.8361455042677014, 0.9675974550053069, 0.8361455042677011, 1.180055768229646","0.28928076084851495, 0.15899055112000915, 0.17575772280635812, 0.15899055112000932, 0.2892807608485157"
1.2244897959183674,0.7346938775510204,"0.17297250435005793, -0.026956530056933325, 0.20796805141375235, -0.026956530056933797, 0.17297250435005712","1.206203815917034, 0.808105720065311, 0.9713809280353113, 0.8081057200653101, 1.206203815917036","0.3095124529905503, 0.15173202414308706, 0.17856768905344397, 0.15173202414308676, 0.3095124529905518"
1.2244897959183674,0.8163265306122449,"0.16934248230102827, -0.024910393191109353, 0.21113582178016146, -0.02491039319110941, 0.16934248230102905","1.2329932777828074, 0.7783587661755929, 0.9772959120832005, 0.7783587661755931, 1.232993277782807","0.33044125907967486, 0.14408505830640958, 0.1822571630871794, 0.14408505830640966, 0.330441259079674"
1.2244897959183674,0.8979591836734694,"0.16564331713623853, -0.022910869045307758, 0.21453510381813648, -0.022910869045307564, 0.16564331713624073","1.260288087603581, 0.747030205245899, 0.9853634143010426, 0.7470302052459004, 1.2602880876035811","0.351932885004088, 0.13609782188260183, 0.1868416787076841, 0.13609782188260233, 0.3519328850040869"
1.2244897959183674,0.9795918367346939,"0.16192508332337696, -0.020986823489335144, 0.2181234803319164, -0.020986823489335366, 0.16192508332337757","1.2879195738957077, 0.7143086169831832, 0.9955436182422204, 0.714308616983184, 1.2879195738957079","0.3738281719301802, 0.1278373806367804, 0.19231693447768963, 0.1278373806367806, 0.3738281719301798"
1.2244897959183674,1.0612244897959184,"0.1582372274506528, -0.01916207007307144, 0.221849685244836, -0.01916207007307183, 0.1582372274506548","1.3156902448717918, 0.6804446292408997, 1.0077302517746203, 0.6804446292409003, 1.3156902448717898","0.39594679459901255, 0.11938800331391783, 0.19865505541404424, 0.11938800331391829, 0.3959467945990106"
1.2244897959183674,1.1428571428571428,"0.15462655006464138, -0.01745454804067645, 0.22565599595207017, -0.017454548040676116, 0.154626550064641","1.3433803728520743, 0.6457445867163596, 1.0217500808631315, 0.6457445867163607, 1.343380372852076","0.41809307317020006, 0.11084771359403339, 0.20580245090199198, 0.11084771359403384, 0.41809307317020095"
1.2244897959183674,1.2244897959183674,"0.15113525345331474, -0.015875932020074757, 0.22948135713351975, -0.015875932020074868, 0.15113525345331508","1.3707572201501939, 0.6105586230042179, 1.0373683136911778, 0.610558623004217, 1.370757220150193","0.44006369006437074, 0.10232323415406552, 0.21367978389359948, 0.10232323415406523, 0.44006369006437"
1.2244897959183674,1.3061224489795917,"0.14779926366598473, -0.014431735951728253, 0.23326494457148814, -0.014431735951728114, 0.14779926366598345","1.3975862538201629, 0.5752638209087211, 1.0542998505422314, 0.5752638209087195, 1.397586253820164","0.4616567458279221, 0.09392377584443208, 0.22218431590283563, 0.09392377584443164, 0.46165674582792376"
1.2244897959183674,1.3877551020408163,"0.14464701320823542, -0.013121894098095638, 0.23694976177971805, -0.01312189409809611, 0.14464701320823858","1.4236432343203669, 0.5402440994966804, 1.07222533236591, 0.5402440994966824, 1.423643234320361","0.4826812673819373, 0.0857543858777054, 0.2311945318305019, 0.08575438587770581, 0.48268126738193207"
1.2244897959183674,1.469387755102041,"0.1416988110106785, -0.011941723311624894, 0.24048582460189136, -0.011941723311624644, 0.1416988110106795","1.4487257786918066, 0.5058691835872605, 1.090810075441867, 0.5058691835872621, 1.4487257786918042","0.5029661012679142, 0.07790969910679302, 0.24057655867911565, 0.07790969910679343, 0.5029661012679119"
1.2244897959183674,1.5510204081632653,"0.1389668393219523, -0.010883113888350046, 0.2438325491327975, -0.010883113888349852, 0.13896683932195025","1.472663002853869, 0.47247525574182436, 1.1097234828086104, 0.4724752557418238, 1.4726630028538743","0.5223671588888072, 0.0704688838360103, 0.2501915785216247, 0.07046888383601013, 0.5223671588888116"
1.2244897959183674,1.6326530612244898,"0.13645572373455495, -0.009935775661216922, 0.24696010385332226, -0.00993577566121695, 0.1364557237345566","1.4953221612264398, 0.4403495666187019, 1.1286565443097194, 0.4403495666187026, 1.495322161226437","0.5407722393950705, 0.06349234509122562, 0.2599032894892386, 0.06349234509122598, 0.5407722393950679"
1.2244897959183674,1.7142857142857142,"0.13416354578077533, -0.009088383795255672, 0.24984967602896205, -0.0090883837952552, 0.13416354578077344","1.5166117400738415, 0.4097204818195444, 1.147335556213225, 0.40972048181954296, 1.516611740073845","0.5581030714917283, 0.05702041073215169, 0.26958452671779437, 0.05702041073215153, 0.5581030714917319"
1.2244897959183674,1.7959183673469388,"0.13208312442237113, -0.008329515087536557, 0.2524927813303304, -0.008329515087536724, 0.1320831244223719","1.5364810666778572, 0.38075341835748977, 1.165531029929308, 0.38075341835749044, 1.5364810666778563","0.5743146705740486, 0.05107387831269135, 0.27912238807995987, 0.05107387831269146, 0.5743146705740475"
1.2244897959183674,1.8775510204081634,"0.13020338843382462, -0.00764832344904931, 0.25488987003044666, -0.0076483234490497265, 0.13020338843382767","1.5549170068455564, 0.35355216214826696, 1.1830616620123577, 0.35355216214826907, 1.55491700684555","0.5893924832838774, 0.0456560335346138, 0.28842153610836596, 0.04565603353461418, 0.5893924832838712"
1.2244897959183674,1.9591836734693877,"0.12851068940696808, -0.007034955975411428, 0.25704853313688336, -0.007034955975411886, 0.1285106894069714","1.571938630832691, 0.32816438105616996, 1.199793976222283, 0.32816438105617174, 1.5719386308326828","0.6033480113675859, 0.040755614263673835, 0.29740567261621614, 0.04075561426367431, 0.603348011367579"
1.2244897959183674,2.0408163265306123,"0.12698995103609312, -0.006480747854285901, 0.25898159363638273, -0.006480747854286345, 0.1269899510360969","1.5875908068531435, 0.30458984592530475, 1.215638694443111, 0.30458984592530614, 1.5875908068531368","0.6162136549109813, 0.03635018795460319, 0.30601743254751596, 0.036350187954603444, 0.6162136549109746"
1.2244897959183674,2.122448979591837,"0.12562559979870747, -0.005978252241492496, 0.26070530488556826, -0.00597825224149269, 0.12562559979870974","1.6019375755397416, 0.2827899080362577, 1.2305450328480076, 0.2827899080362588, 1.6019375755397398","0.628037426427347, 0.03240949944687784, 0.31421708489920425, 0.03240949944687802, 0.628037426427344"
1.2244897959183674,2.204081632653061,"0.12440226429086848, -0.005521163101489188, 0.2622377976212461, -0.005521163101488952, 0.12440226429086321","1.615055945980934, 0.2626970432356476, 1.2444940215668285, 0.2626970432356457, 1.6150559459809444","0.6388780210562726, 0.02889848147110537, 0.32198046554619975, 0.02889848147110502, 0.6388780210562827"
1.2244897959183674,2.2857142857142856,"0.12330526002810893, -0.005104180632311044, 0.26359784120840235, -0.0051041806323114045, 0.12330526002811137","1.6270305115826529, 0.24422363243362383, 1.2574917119674516, 0.24422363243362427, 1.6270305115826484","0.6488005420606221, 0.02577975880708021, 0.3292965273670813, 0.02577975880708035, 0.6488005420606179"
1.2244897959183674,2.36734693877551,"0.12232089301235166, -0.004722856095872939, 0.26480392616704146, -0.0047228560958731125, 0.12232089301235288","1.6379490672969177, 0.22726950309372984, 1.2695628592187074, 0.22726950309373023, 1.6379490672969133","0.6578730157774859, 0.023015591552723424, 0.3361648119608091, 0.023015591552723483, 0.6578730157774827"
1.2244897959183674,2.4489795918367347,"0.12143662123243587, -0.004373439925794843, 0.26587363738671266, -0.004373439925795065, 0.1214366212324417","1.6478992465019435, 0.21172804665361755, 1.2807454136888896, 0.21172804665361933, 1.6478992465019344","0.6661637064225876, 0.02056928249035734, 0.34259305425393705, 0.020569282490357627, 0.6661637064225777"
1.2244897959183674,2.5306122448979593,"0.12064111198852778, -0.004052746245417314, 0.2668232685137737, -0.004052746245417446, 0.12064111198853339","1.6569660913407143, 0.19749093093114695, 1.2910859554562872, 0.1974909309311494, 1.656966091340705","0.6737391622022574, 0.018406119051112467, 0.3485950461494311, 0.018406119051112786, 0.6737391622022472"
1.2244897959183674,2.6122448979591835,"0.11992422775534262, -0.003758039196058209, 0.26766762288142615, -0.0037580391960583825, 0.11992422775534833","1.6652304164344425, 0.1844515488560553, 1.3006360694190158, 0.18445154885605694, 1.6652304164344316","0.6806628836109572, 0.016493939041878333, 0.3541888177622543, 0.016493939041878552, 0.6806628836109463"
1.2244897959183674,2.693877551020408,"0.11927696666271254, -0.003486941580222336, 0.2684199498350248, -0.0034869415802221, 0.11927696666270698","1.672767808984907, 0.1725074024484476, 1.3094495771332815, 0.17250740244844587, 1.6727678089849172","0.6869944922092763, 0.014803409931904325, 0.359395146995939, 0.01480340993190407, 0.6869944922092868"
1.2244897959183674,2.7755102040816326,"0.11869137710632405, -0.0032373636590811924, 0.26909197310552013, -0.003237363659080776, 0.11869137710631766","1.6796481147508167, 0.16156163403727364, 1.3175805024238092, 0.16156163403727197, 1.6796481147508282","0.6927892832749932, 0.013308101928216189, 0.3642363781806067, 0.013308101928216002, 0.692789283275005"
1.2244897959183674,2.857142857142857,"0.11816046029758454, -0.0030074488154893803, 0.26969397703580245, -0.003007448815489762, 0.11816046029759208","1.6859352782259451, 0.1515239031230625, 1.325081637301999, 0.1515239031230643, 1.6859352782259294","0.6980980601841734, 0.011984421094027656, 0.368735514331522, 0.011984421094027871, 0.6980980601841583"
1.2244897959183674,2.938775510204082,"0.11767807000142738, -0.0027955326058052427, 0.2702349252087505, -0.0027955326058055133, 0.11767807000143277","1.691687428876503, 0.14231078046137216, 1.33200358132426, 0.14231078046137363, 1.6916874288764934","0.7029671664054452, 0.010811454090038725, 0.37291554118216097, 0.01081145409003889, 0.7029671664054352"
1.2244897959183674,3.020408163265306,"0.11723881528172958, -0.0026001120348109405, 0.2707225935061694, -0.0026001120348106976, 0.11723881528172275","1.6969571287941587, 0.13384579979671363, 1.338394142818244, 0.13384579979671218, 1.6969571287941743","0.7074386490091029, 0.009770762776510851, 0.37679894095851846, 0.009770762776510691, 0.7074386490091172"
1.2244897959183674,3.1020408163265305,"0.11683796962050941, -0.0024198224082036673, 0.27116370557538105, -0.0024198224082039345, 0.11683796962051729","1.7017917181090774, 0.1260592774615891, 1.344298008858682, 0.12605927746159076, 1.70179171810906","0.7115505037206162, 0.00884615577831507, 0.38040735720238456, 0.008846155778315299, 0.7115505037206"
1.2244897959183674,3.183673469387755,"0.11647138809851254, -0.00225341967584778, 0.2715640631546616, -0.0022534196758479813, 0.11647138809852153","1.7062337119900528, 0.11888798340878685, 1.3497566092023376, 0.11888798340878895, 1.7062337119900337","0.7153369650236855, 0.008023455356440041, 0.3837613769585659, 0.00802345535644027, 0.7153369650236672"
1.2244897959183674,3.2653061224489797,"0.11613543322717135, -0.002099766688563886, 0.27192866692277484, -0.0020997666885642433, 0.11613543322718178","1.7103212169228845, 0.11227472513205422, 1.3548081158901417, 0.1122747251320561, 1.7103212169228623","0.7188288155458712, 0.007290271348137145, 0.38688040212818225, 0.007290271348137362, 0.7188288155458499"
1.2244897959183674,3.3469387755102042,"0.1158269093414021, -0.001957822216009878, 0.2722618257492061, -0.001957822216010173, 0.11582690934141177","1.7140883445431174, 0.10616788835432248, 1.3594875342051378, 0.10616788835432402, 1.7140883445430966","0.7220536971890317, 0.0066357891797382135, 0.38978258706964064, 0.0066357891797383965, 0.7220536971890118"
1.2244897959183674,3.4285714285714284,"0.1155430050687325, -0.0018266319068791712, 0.27256725367630025, -0.00182663190687897, 0.11554300506872534","1.7175656091332465, 0.10052096484662784, 1.363826852040238, 0.10052096484662652, 1.7175656091332612","0.7250364125925918, 0.006050575636885694, 0.39248482425105186, 0.006050575636885573, 0.7250364125926061"
1.2244897959183674,3.510204081632653,"0.11528124318783223, -0.0017053206236433242, 0.272848154871614, -0.0017053206236435463, 0.11528124318784083","1.720780300530072, 0.09529208762464253, 1.3678552236905883, 0.09529208762464389, 1.7207803005300566","0.7277992099552464, 0.005526403844979948, 0.3950027637867078, 0.005526403844980083, 0.7277992099552303"
1.2244897959183674,3.5918367346938775,"0.11503943710969616, -0.001593085766435881, 0.2731072973134693, -0.001593085766436124, 0.11503943710970715","1.723756828132113, 0.09044358637568632, 1.371599170984423, 0.0904435863756878, 1.723756828132092","0.7303620473735519, 0.005056097474426777, 0.3973508560163336, 0.005056097474426912, 0.7303620473735308"
1.2244897959183674,3.673469387755102,"0.11481565320920789, -0.001489191329330397, 0.27334707624022925, -0.0014891913293306608, 0.11481565320922421","1.726517034378349, 0.08594157068471846, 1.3750827898738953, 0.08594157068472122, 1.7265170343783187","0.732742835009706, 0.00463339330923417, 0.39954240896392124, 0.004633393309234477, 0.7327428350096751"
1.2244897959183674,3.7551020408163267,"0.11460817827339942, -0.0013929625206541424, 0.27356956849447045, -0.0013929625206555787, 0.11460817827343978","1.7290804778263698, 0.0817555449377676, 1.3783279544718026, 0.08175554493777416, 1.7290804778262863","0.7349576548329793, 0.004252820828513441, 0.4015896546283253, 0.004252820828514102, 0.7349576548328978"
1.2244897959183674,3.836734693877551,"0.11441549139279672, -0.001303780838129591, 0.2737765788906256, -0.0013037808381301912, 0.11441549139283713","1.7314646870580643, 0.0778580562707047, 1.3813545133425373, 0.07785805627071221, 1.731464687057978","0.7370209585957456, 0.003909597220039192, 0.40350381970237326, 0.0039095972200398205, 0.7370209585956624"
1.2244897959183674,3.9183673469387754,"0.11423623969251417, -0.0012210795281899153, 0.2739696796723485, -0.0012210795281535798, 0.1142362396914805","1.7336853872789122, 0.074224375277916, 1.3841804748843654, 0.07422437527778969, 1.7336853872810156","0.7389457452549828, 0.0035995361815657047, 0.4052951975783304, 0.0035995361815523382, 0.738945745257049"
1.2244897959183674,4.0,"0.11406921735883807, -0.0011443393829900332, 0.2741502440324114, -0.0011443393834862058, 0.11406921737522724","1.7357567018259927, 0.07083220815258351, 1.3868221800741998, 0.07083220815411392, 1.735756701793113","0.7407437193733983, 0.0033189689049818298, 0.40697321945287757, 0.003318968905061198, 0.7407437193409773"
1.346938775510204,0.0,"0.19844028875241312, -0.04576673070704121, 0.19465288390925656, -0.045766730707041375, 0.19844028875241296","1.0000000000000007, 0.9999999999999996, 0.9999999999999997, 1.0, 0.9999999999999993","0.15454301211993599, 0.19761942883580647, 0.1757953921378977, 0.19761942883580672, 0.15454301211993537"
1.346938775510204,0.08163265306122448,"0.1971365313618455, -0.04483262209939984, 0.1953921814751084, -0.044832622099399894, 0.1971365313618459","1.0186797462024715, 0.9854646504674069, 0.9917112066602478, 0.9854646504674067, 1.0186797462024684","0.16672047628342332, 0.19370682825244406, 0.17324893380523512, 0.193706828252444, 0.16672047628342168"
1.346938775510204,0.16326530612244897,"0.19549311529199143, -0.04364332949463795, 0.19630042840529469, -0.04364332949463842, 0.1954931152919903","1.0380676394485244, 0.9697473239069178, 0.9843700732891163, 0.9697473239069172, 1.0380676394485246","0.17981788647098781, 0.18954718165744106, 0.17123325677825768, 0.18954718165744053, 0.17981788647098818"
1.346938775510204,0.24489795918367346,"0.19351910065429984, -0.042225064792954015, 0.19741192827730838, -0.042225064792953765, 0.19351910065429923","1.0582321320787949, 0.9527216989112951, 0.9780923380198194, 0.952721698911295, 1.0582321320787942","0.19387063306658062, 0.18509867027676102, 0.16976480354402693, 0.18509867027676113, 0.19387063306658062"
1.346938775510204,0.32653061224489793,"0.19122711791325664, -0.04060542568731529, 0.19875661554811597, -0.040605425687314844, 0.19122711791325764","1.079229375467147, 0.9342646569043189, 0.9730119352570692, 0.9342646569043194, 1.0792293754671456","0.20890457441511226, 0.18032159277623688, 0.16887049628003792, 0.18032159277623708, 0.20890457441511154"
1.346938775510204,0.40816326530612246,"0.18863412757246012, -0.038813744404592204, 0.20035923366426542, -0.03881374440459204, 0.1886341275724588","1.1011003159404757, 0.9142613281593632, 0.9692767118003225, 0.9142613281593635, 1.1011003159404766","0.22493312830581946, 0.17518016469111458, 0.16858633388762945, 0.17518016469111453, 0.22493312830582007"
1.346938775510204,0.4897959183673469,"0.18576205873535534, -0.036881223616835906, 0.20223832976296213, -0.0368812236168361, 0.18576205873535478","1.123867346613433, 0.8926114355536963, 0.9670424356657433, 0.8926114355536963, 1.1238673466134343","0.2419541327107228, 0.16964471209218285, 0.16895543465488505, 0.16964471209218276, 0.24195413271072355"
1.346938775510204,0.5714285714285714,"0.18263825437601128, -0.03484081517558521, 0.20440512159914892, -0.03484081517558563, 0.18263825437601064","1.1475306430810437, 0.8692368790195997, 0.9664649557987146, 0.8692368790195991, 1.1475306430810428","0.25994661431731186, 0.1636941948483021, 0.17002541592862416, 0.16369419484830183, 0.25994661431731175"
1.346938775510204,0.6530612244897959,"0.1792956457520401, -0.03272681035075481, 0.20686232919742764, -0.03272681035075417, 0.1792956457520414","1.1720644032750132, 0.8440903206123523, 0.9676905522252699, 0.8440903206123544, 1.1720644032750127","0.27886767217275105, 0.15731892350855745, 0.17184504568310194, 0.15731892350855836, 0.2788676721727502"
1.346938775510204,0.7346938775510204,"0.1757725811081085, -0.03057413347390589, 0.20960310473159452, -0.030574133473904863, 0.17577258110810814","1.1974133235443967, 0.8171642868546554, 0.9708447792018977, 0.8171642868546551, 1.197413323544398","0.2986497611789038, 0.15052324913105986, 0.1744601774245887, 0.15052324913105986, 0.2986497611789045"
1.346938775510204,0.8163265306122449,"0.1721122480722652, -0.02841736431810926, 0.2126102324916878, -0.02841736431810904, 0.17211224807226536","1.2234897627521186, 0.7885000188498122, 0.9760204367961379, 0.7885000188498127, 1.2234897627521202","0.3191987364621715, 0.1433279185446138, 0.17790909210249725, 0.14332791854461366, 0.3191987364621719"
1.346938775510204,0.8979591836734694,"0.16836165764964772, -0.026289555449299312, 0.21585579559930199, -0.026289555449299062, 0.16836165764964892","1.2501721496973668, 0.7581950149101713, 0.9832656707849254, 0.7581950149101712, 1.2501721496973648","0.34039307673295544, 0.13577171816213285, 0.18221751322626442, 0.13577171816213304, 0.340393076732954"
1.346938775510204,0.9795918367346939,"0.16457020128945607, -0.024220952994596034, 0.21930150341028037, -0.024220952994596368, 0.16457020128945601","1.277305238284118, 0.7264079987135088, 0.9925735260047474, 0.7264079987135096, 1.2773052382841186","0.36208471585039936, 0.12791200460029423, 0.18739371626630727, 0.1279120046002943, 0.36208471585039953"
1.346938775510204,1.0612244897959184,"0.1607878485839036, -0.022237763439068303, 0.22289982971032948, -0.02223776343906847, 0.16078784858390385","1.3047027625353693, 0.6933600050970875, 1.0038744647350883, 0.6933600050970876, 1.3047027625353698","0.3841018453904832, 0.11982376905192521, 0.19342428761159342, 0.11982376905192507, 0.38410184539048303"
1.346938775510204,1.1428571428571428,"0.15706311450638227, -0.02036112430459605, 0.22659601959642872, -0.020361124304596134, 0.15706311450638116","1.3321528486162642, 0.6593305008066781, 1.0170333011541142, 0.6593305008066782, 1.332152848616265","0.4062538813614287, 0.11159702503368146, 0.20027115666395146, 0.11159702503368123, 0.4062538813614294"
1.346938775510204,1.2244897959183674,"0.153440979565018, -0.018606423738859207, 0.23033088834768164, -0.018606423738859207, 0.15344097956501856","1.3594261911626349, 0.6246480002264538, 1.0318516172218242, 0.6246480002264536, 1.3594261911626335","0.42833851155172764, 0.10333254373988154, 0.2078704810169797, 0.10333254373988153, 0.4283385115517265"
1.346938775510204,1.3061224489795917,"0.14996097874345027, -0.016983069897356623, 0.23404418230781462, -0.016983069897356456, 0.14996097874344833","1.3862865358568228, 0.5896754570975085, 1.0480760140913368, 0.5896754570975071, 1.3862865358568284","0.4501503900471459, 0.09513625233227635, 0.2161337813700954, 0.09513625233227585, 0.4501503900471498"
1.346938775510204,1.3877551020408163,"0.14665567210178437, -0.01549474146033089, 0.23767813871709112, -0.01549474146033114, 0.14665567210178632","1.4125025282598553, 0.5547916580365737, 1.0654116274071435, 0.5547916580365747, 1.4125025282598516","0.47149069759497025, 0.08711288992528024, 0.22495141085303333, 0.08711288992528066, 0.4714906975949672"
1.346938775510204,1.469387755102041,"0.14354966540750808, -0.014140070967135071, 0.24118081111925263, -0.014140070967135501, 0.14354966540750985","1.437859627751831, 0.5203706675983502, 1.0835394092996418, 0.52037066759835, 1.4378596277518274","0.4921765411863559, 0.07935970093373337, 0.23419806217406686, 0.07935970093373339, 0.49217654118635296"
1.346938775510204,1.5510204081632653,"0.14065926917246352, -0.012913643321282559, 0.24450874829763528, -0.012913643321283225, 0.1406592691724669","1.4621706713477272, 0.48676182361035697, 1.1021350100838367, 0.4867618236103584, 1.462170671347721","0.5120491124123413, 0.07196097006861309, 0.2437396616229017, 0.07196097006861334, 0.5120491124123355"
1.346938775510204,1.6326530612244898,"0.13799278697816103, -0.01180715102210661, 0.24762872808788935, -0.01180715102210686, 0.1379927869781633","1.4852838631196992, 0.45427269848233914, 1.1208868767959272, 0.45427269848233987, 1.4852838631196954","0.5309796981414553, 0.06498404982481426, 0.2534407712599214, 0.0649840498248145, 0.530979698141452"
1.346938775510204,1.7142857142857142,"0.13555133324236823, -0.01081054421275092, 0.2505184219407638, -0.010810544212750836, 0.13555133324236973","1.5070874179169036, 0.42315684238869944, 1.1395114793887957, 0.4231568423887011, 1.5070874179169014","0.5488730004138418, 0.0584772418712599, 0.26317158271019536, 0.05847724187126021, 0.5488730004138391"
1.346938775510204,1.7959183673469388,"0.13333001814598827, -0.009913043855427961, 0.2531660514188794, -0.009913043855428141, 0.13333001814598883","1.5275106728195498, 0.393607192968351, 1.157764268424201, 0.3936071929683511, 1.5275106728195489","0.5656676741552302, 0.05246955413505697, 0.27281373839857104, 0.05246955413505698, 0.5656676741552294"
1.346938775510204,1.8775510204081634,"0.13131931439883432, -0.009103936798506393, 0.2555692447993422, -0.009103936798506643, 0.13131931439883687","1.546522033470135, 0.3657550481688291, 1.1754458367220775, 0.36575504816883053, 1.5465220334701297","0.5813344092554308, 0.04697205921116218, 0.28226449980962964, 0.04697205921116241, 0.5813344092554257"
1.346938775510204,1.9591836734693877,"0.1295064349789723, -0.008373125393262154, 0.2577333808285777, -0.008373125393262237, 0.12950643497897457","1.564124514107024, 0.33967370547216075, 1.192403560841636, 0.3396737054721623, 1.5641245141070192","0.5958721719866252, 0.04198039274440782, 0.29143910763292413, 0.04198039274440809, 0.5958721719866207"
1.346938775510204,2.0408163265306123,"0.12787659116523326, -0.007711448080151867, 0.2596697138298354, -0.007711448080152061, 0.1278765911652353","1.5803498014651702, 0.31538541574472806, 1.2085295655802069, 0.3153854157447292, 1.580349801465166","0.6093033394456262, 0.037477872538544066, 0.3002714617901529, 0.03747787253854421, 0.6093033394456224"
1.346938775510204,2.122448979591837,"0.12641405068248024, -0.007110814243599939, 0.2613935271222375, -0.007110814243600466, 0.12641405068248213","1.5952517405829534, 0.29287019742035914, 1.2237561239933779, 0.2928701974203597, 1.595251740582949","0.6216684255808589, 0.03343876914957442, 0.30871343901751397, 0.03343876914957444, 0.6216684255808549"
1.346938775510204,2.204081632653061,"0.125102963319064, -0.006564206614577864, 0.26292248659103135, -0.006564206614577683, 0.12510296331906012","1.6088999701979028, 0.27207522439628695, 1.2380496108116146, 0.272075224396285, 1.6088999701979099","0.6330209595468447, 0.02983137331655969, 0.316733249676054, 0.0298313733165593, 0.6330209595468518"
1.346938775510204,2.2857142857142856,"0.12392795793203165, -0.0060656018372991505, 0.2642752878105363, -0.006065601837298713, 0.12392795793203021","1.6213742048981223, 0.252923817208911, 1.2514039557859329, 0.2529238172089105, 1.6213742048981263","0.6434228962557152, 0.026620639983956192, 0.3243132313531593, 0.026620639983956106, 0.6434228962557185"
1.346938775510204,2.36734693877551,"0.12287453777260843, -0.005609850098937129, 0.26547062465266147, -0.0056098500989368374, 0.12287453777260426","1.632759434586403, 0.23532341974796278, 1.2638342913312617, 0.23532341974796095, 1.6327594345864131","0.6529407633458312, 0.023770309976712128, 0.3314474161064995, 0.02377030997671185, 0.6529407633458404"
1.346938775510204,2.4489795918367347,"0.12192931188563222, -0.0051925427675129435, 0.26652646176375766, -0.005192542767513152, 0.12192931188563633","1.6431421276043485, 0.2191722566810736, 1.275371231429164, 0.21917225668107543, 1.64314212760434","0.6616426069728791, 0.02124450165807379, 0.33813912249117956, 0.02124450165807408, 0.661642606972871"
1.346938775510204,2.5306122448979593,"0.12108010218643978, -0.004809885938800343, 0.26745956750472544, -0.004809885938800176, 0.12108010218643533","1.6526073960900454, 0.20436460331203063, 1.2860560011958408, 0.20436460331202905, 1.6526073960900538","0.6695957009259329, 0.01900882258439296, 0.34439873661860587, 0.01900882258439276, 0.6695957009259415"
1.346938775510204,2.6122448979591835,"0.12031596220153479, -0.004458589149617755, 0.2682852538961717, -0.004458589149617512, 0.12031596220152896","1.6612370079070105, 0.19079475382004957, 1.2959364765458719, 0.19079475382004776, 1.6612370079070249","0.6768649269491462, 0.01703107992917332, 0.35024177234228693, 0.01703107992917306, 0.676864926949159"
1.346938775510204,2.693877551020408,"0.11962713726697588, -0.00413577257362073, 0.2690172706132863, -0.004135772573621015, 0.11962713726697949","1.6691080973838246, 0.17835985751184075, 1.3050640902086765, 0.1783598575118407, 1.6691080973838182","0.6835117098741252, 0.015281676252540136, 0.3556872447653341, 0.01528167625254009, 0.6835117098741188"
1.346938775510204,2.7755102040816326,"0.11900498919024938, -0.003838892421519177, 0.2696678064625445, -0.0038388924215189343, 0.11900498919024399","1.6762924236554855, 0.16696182446649802, 1.313491503756024, 0.16696182446649677, 1.6762924236554961","0.6895933888332432, 0.01373377203887621, 0.3607563535572847, 0.01373377203887604, 0.6895933888332535"
1.346938775510204,2.857142857142857,"0.11844190213594896, -0.0035656824224123557, 0.2702475605729212, -0.0035656824224125985, 0.11844190213595479","1.6828560386785731, 0.15650850019805282, 1.3212709222467587, 0.1565085001980545, 1.682856038678561","0.6951629162846593, 0.012363284721127731, 0.36547145011786636, 0.012363284721128017, 0.6951629162846477"
1.346938775510204,2.938775510204082,"0.11793118130314661, -0.0033141085726949293, 0.27076585453910346, -0.003314108572694721, 0.11793118130313979","1.6888592480889677, 0.1469142886246169, 1.3284529265728189, 0.14691428862461545, 1.6888592480889817","0.7002687930130719, 0.011148780053958031, 0.3698552515627569, 0.011148780053957886, 0.7002687930130856"
1.346938775510204,3.020408163265306,"0.11746695193649676, -0.00308233432523828, 0.2712307647774881, -0.003082334325238037, 0.11746695193649181","1.6943567711332719, 0.13810037427283084, 1.335085709187786, 0.13810037427282978, 1.6943567711332828","0.7049551652018616, 0.010071298308001492, 0.37393026115402817, 0.010071298308001379, 0.7049551652018717"
1.346938775510204,3.1020408163265305,"0.11704406325763206, -0.002868693716939843, 0.2716492609186067, -0.0028686937169400233, 0.11704406325764133","1.6993980275709737, 0.12999466490641667, 1.3412146150452373, 0.12999466490641912, 1.6993980275709557","0.7092620265274769, 0.009114146134124418, 0.37771835616914246, 0.009114146134124729, 0.7092620265274588"
1.346938775510204,3.183673469387755,"0.11665799983042491, -0.0026716703838093395, 0.2720273411067753, -0.002671670383809069, 0.11665799983041836","1.7040274981197148, 0.12253154831865741, 1.3468819071232445, 0.12253154831865629, 1.7040274981197283","0.7132254827827468, 0.00826267553524411, 0.3812405081135692, 0.008262675535243994, 0.7132254827827599"
1.346938775510204,3.2653061224489797,"0.1163048014833033, -0.0024898808690002744, 0.2723701587713842, -0.0024898808690005346, 0.11630480148331312","1.7082851202104257, 0.11565153352859049, 1.3521266925219853, 0.11565153352859261, 1.7082851202104063","0.7168780484111623, 0.007504064142237865, 0.38451660516605357, 0.007504064142238072, 0.716878048411143"
1.346938775510204,3.3469387755102042,"0.11598099202208595, -0.002322061032053315, 0.2726821380199249, -0.002322061032053655, 0.11598099202209633","1.712206692668305, 0.10930082749631212, 1.3569849596707853, 0.1093008274963139, 1.712206692668284","0.7202489536285923, 0.0068271056438219384, 0.3875653518959212, 0.006827105643822139, 0.7202489536285716"
1.346938775510204,3.4285714285714284,"0.11568351642883767, -0.002167054696118255, 0.2729670765345683, -0.00216705469611813, 0.11568351642883068","1.7158242718709706, 0.10343088347996028, 1.3614896892981265, 0.10343088347995895, 1.7158242718709857","0.7233644478497341, 0.006222015412981627, 0.3904042261015554, 0.006222015412981511, 0.7233644478497484"
1.346938775510204,3.510204081632653,"0.11540968594522316, -0.0020238039236951423, 0.2732282359569329, -0.0020238039236954095, 0.11540968594523426","1.719166548476801, 0.097997945745366, 1.365671011555686, 0.09799794574536766, 1.7191665484767764","0.7262480903195918, 0.0056802537553095655, 0.3930494768472877, 0.005680253755309741, 0.7262480903195686"
1.346938775510204,3.5918367346938775,"0.11515713029790081, -0.0018913404995551941, 0.27346842040332, -0.0018913404995548298, 0.11515713029788927","1.7222591984814564, 0.092962606866858, 1.3695563893033502, 0.09296260686685603, 1.72225919848148","0.7289210225721235, 0.0051943674728591295, 0.3955161513443075, 0.005194367472858947, 0.7289210225721466"
1.346938775510204,3.673469387755102,"0.11492375628945539, -0.001768778334655486, 0.2736900441057467, -0.0017687783341316793, 0.11492375627358481","1.7251252055810373, 0.088289387708686, 1.3731708133914442, 0.08828938770694102, 1.7251252056118895","0.7314022199272157, 0.004757849343820366, 0.3978181412461972, 0.004757849343652599, 0.7314022199576198"
1.346938775510204,3.7551020408163267,"0.11470771193283336, -0.0016553065968083133, 0.2738951893279649, -0.0016553065968079005, 0.11470771193281809","1.7277851541163964, 0.08394634580113534, 1.3765370001649084, 0.08394634580113292, 1.727785154116427","0.7337087211268526, 0.004365014471034009, 0.39996824127813363, 0.0043650144710338035, 0.733708721126883"
1.346938775510204,3.836734693877551,"0.11450735557926361, -0.0015501834447068374, 0.27408565572988, -0.0015501834447298676, 0.11450735558029312","1.7302574928575682, 0.07990471482685325, 1.3796755846330875, 0.07990471482697976, 1.7302574928555112","0.7358558359569142, 0.004010892114126045, 0.40197821495321545, 0.00401089211413336, 0.7358558359548829"
1.346938775510204,3.9183673469387754,"0.11432122911441078, -0.0014527302698385224, 0.27426300231083256, -0.0014527302698390358, 0.11432122911443393","1.7325587715938686, 0.07613857582934783, 1.3826053051536096, 0.07613857582935163, 1.7325587715938218","0.737857332264369, 0.0036911314720921634, 0.4038588635874511, 0.003691131472092511, 0.737857332264323"
1.346938775510204,4.0,"0.1141480349118219, -0.0013623263954128245, 0.2744285829667874, -0.001362326395421276, 0.1141480349122248","1.7347038519435234, 0.07262455949894123, 1.3853431771158295, 0.0726245594989833, 1.7347038519427231","0.739725603182512, 0.003401919879075158, 0.40562009589188797, 0.003401919879078303, 0.7397256031817231"
1.469387755102041,0.0,"0.20099301067286057, -0.0497812482182029, 0.1975764750906841, -0.04978124821820312, 0.20099301067286157","1.0000000000000004, 1.0000000000000004, 1.0000000000000004, 0.9999999999999999, 0.9999999999999998","0.14882662680195052, 0.1925332259268535, 0.1712809207560736, 0.1925332259268531, 0.1488266268019499"
1.469387755102041,0.08163265306122448,"0.19970467935966277, -0.04880937985014605, 0.19820940098096762, -0.0488093798501458, 0.19970467935966163","1.017649041551757, 0.9862542242934164, 0.9921934683096525, 0.9862542242934187, 1.0176490415517583","0.16044876260582092, 0.18897098448735566, 0.1690116682947168, 0.18897098448735627, 0.16044876260582147"
1.469387755102041,0.16326530612244897,"0.19808792253925578, -0.047590742620438636, 0.1990056401623637, -0.047590742620439136, 0.19808792253925867","1.0360093361745228, 0.9713800080429507, 0.9852213115650528, 0.9713800080429515, 1.0360093361745242","0.17297019721097182, 0.18517866017371776, 0.1672179997077215, 0.18517866017371826, 0.1729701972109719"
1.469387755102041,0.24489795918367346,"0.1961486037024695, -0.0461474914756341, 0.1999977755463294, -0.04614749147563299, 0.19614860370246828","1.0551520557383007, 0.9552529998467016, 0.9791898888299935, 0.9552529998467028, 1.0551520557383007","0.18643169309801605, 0.18111543723154028, 0.1659152791626111, 0.18111543723154103, 0.18643169309801647"
1.469387755102041,0.32653061224489793,"0.19389579816864178, -0.044503129051175955, 0.2012146617650667, -0.04450312905117634, 0.193895798168644","1.0751379249238961, 0.9377500088864767, 0.974224132379257, 0.9377500088864779, 1.0751379249238942","0.20086604271388211, 0.1767418650182567, 0.16512907833760712, 0.17674186501825778, 0.2008660427138807"
1.469387755102041,0.40816326530612246,"0.1913426009729961, -0.04268294144443946, 0.2026806809428855, -0.042682941444439654, 0.1913426009729976","1.0960144352475516, 0.9187534310523856, 0.9704642674001263, 0.9187534310523853, 1.0960144352475512","0.2162952326897261, 0.17202142589041247, 0.1648941355246152, 0.17202142589041244, 0.21629523268972548"
1.469387755102041,0.4897959183673469,"0.1885068576905771, -0.04071426065465458, 0.20441480592815228, -0.040714260654653944, 0.18850685769057943","1.1178125558670011, 0.8981569530756279, 0.9680609821147439, 0.898156953075628, 1.1178125558670005","0.2327272972778976, 0.16692250065276754, 0.1652528271229249, 0.16692250065276806, 0.23272729727789665"
1.469387755102041,0.5714285714285714,"0.1854117498565912, -0.03862650620096039, 0.20642951268873905, -0.03862650620096139, 0.1854117498565922","1.1405430410116741, 0.8758725403778791, 0.9671688372208972, 0.8758725403778798, 1.1405430410116737","0.25015297440014195, 0.16142069427551511, 0.16625302697119018, 0.16142069427551525, 0.25015297440014117"
1.469387755102041,0.6530612244897959,"0.18208615593693678, -0.03645096443956147, 0.20872961700524778, -0.03645096443956161, 0.18208615593693853","1.164192520508809, 0.8518385581939177, 0.9679378425945467, 0.8518385581939183, 1.1641925205088097","0.2685423471016618, 0.15550142208684692, 0.16794525819907205, 0.15550142208684697, 0.26854234710166136"
1.469387755102041,0.7346938775510204,"0.17856470459552437, -0.034220279612028004, 0.21131115003300494, -0.03422027961202814, 0.17856470459552667","1.188719667890763, 0.8260286574903439, 0.9705033492377866, 0.8260286574903446, 1.188719667890762","0.2878417340990893, 0.1491625782978388, 0.17037910188953329, 0.1491625782978391, 0.28784173409908803"
1.469387755102041,0.8163265306122449,"0.17488744331583594, -0.031967657054156884, 0.21416042747664074, -0.03196765705415727, 0.17488744331583705","1.2140518613748859, 0.7984607867154893, 0.9749747038192498, 0.7984607867154897, 1.2140518613748839","0.30797117714955774, 0.1424170225324799, 0.17359892208741684, 0.1424170225324802, 0.3079711771495563"
1.469387755102041,0.8979591836734694,"0.17109906609910702, -0.02972581545198394, 0.21725349870575034, -0.02972581545198305, 0.1710990660991097","1.2400828667435708, 0.7692053995343009, 0.9814234674442576, 0.7692053995343027, 1.240082866743569","0.3288229441064082, 0.13529454189279919, 0.17763909667431113, 0.13529454189280024, 0.32882294410640606"
1.469387755102041,0.9795918367346939,"0.16724768143109964, -0.02752576751055169, 0.2205561721589039, -0.027525767510551857, 0.16724768143110028","1.2666721445316136, 0.7383916784010074, 0.9898723541347607, 0.7383916784010073, 1.266672144531613","0.35026150000608397, 0.12784289987421182, 0.18251909664972316, 0.12784289987421135, 0.3502615000060827"
1.469387755102041,1.0612244897959184,"0.16338315539800063, -0.025395549228926617, 0.22402478766185185, -0.0253955492289267, 0.1633831553980009","1.2936463729189482, 0.7062104719789841, 1.000286310204138, 0.706210471978985, 1.2936463729189458","0.3721253633761658, 0.12012759761675675, 0.1882389061790423, 0.12012759761675722, 0.3721253633761639"
1.469387755102041,1.1428571428571428,"0.15955512941509736, -0.02335904664221569, 0.2276078344542374, -0.023359046642215248, 0.15955512941509642","1.320803638371208, 0.6729127487140392, 1.0125672258295082, 0.6729127487140381, 1.3208036383712092","0.39423113220155115, 0.11223007217134355, 0.1947753818477241, 0.1122300721713432, 0.3942311322015517"
1.469387755102041,1.2244897959183674,"0.15581087655724135, -0.021435074530215065, 0.23124839594594832, -0.021435074530215287, 0.15581087655724096","1.3479204541148047, 0.638802771698133, 1.0265535483741268, 0.6388027716981326, 1.3479204541148033","0.41637972089185055, 0.10424424890684955, 0.20208016455115407, 0.1042442489068495, 0.4163797208918501"
1.469387755102041,1.3061224489795917,"0.1521932094529278, -0.019636836918819373, 0.23488725493178206, -0.019636836918819317, 0.1521932094529293","1.3747613405334802, 0.6042259027637278, 1.0420255134055878, 0.6042259027637287, 1.3747613405334786","0.43836451574677027, 0.09627163030265184, 0.21007964318959377, 0.09627163030265205, 0.4383645157467685"
1.469387755102041,1.3877551020408163,"0.14873866992920637, -0.01797184462311363, 0.2384663493878147, -0.017971844623114075, 0.14873866992920626","1.4010902171439839, 0.5695518417448178, 1.0587158822223963, 0.5695518417448183, 1.401090217143982","0.4599807927170574, 0.08841538721052264, 0.21867721747218538, 0.08841538721052287, 0.4599807927170565"
1.469387755102041,1.469387755102041,"0.1454762052321258, -0.01644229079775339, 0.2419321711312553, -0.016442290797753445, 0.14547620523212546","1.426682436550881, 0.5351549919849955, 1.0763251429282485, 0.5351549919849957, 1.42668243655088","0.48103544150030747, 0.08077414440458786, 0.22775775454362626, 0.08077414440458773, 0.4810354415003066"
1.469387755102041,1.5510204081632653,"0.14242646806015236, -0.015045809581892389, 0.24523868304347848, -0.015045809581892486, 0.1424264680601543","1.451336070022006, 0.5013942616245624, 1.094539336706868, 0.5013942616245631, 1.4513360700220037","0.5013559014259051, 0.07343624629408999, 0.2371937614202093, 0.07343624629409029, 0.5013559014259028"
1.469387755102041,1.6326530612244898,"0.13960178163094544, -0.013776485480811645, 0.24834940769973493, -0.013776485480811534, 0.13960178163094317","1.4748811198928422, 0.4685947598054356, 1.1130482406034437, 0.4685947598054335, 1.4748811198928466","0.5207972970420047, 0.06647521246880067, 0.24685250280679522, 0.06647521246880027, 0.520797297042009"
1.469387755102041,1.7142857142857142,"0.13700671015390015, -0.012625956382479445, 0.2512384924571607, -0.012625956382479223, 0.1370067101538982","1.497185684257314, 0.4370334680978406, 1.1315616952896892, 0.43703346809783983, 1.497185684257319","0.5392470562475249, 0.05994686297374756, 0.25660316380762643, 0.059946862973747406, 0.5392470562475291"
1.469387755102041,1.7959183673469388,"0.13463909432793741, -0.011584464155758728, 0.2538907396556451, -0.011584464155758409, 0.13463909432793442","1.5181586377734215, 0.40693017475414334, 1.149822374944866, 0.4069301747541415, 1.5181586377734277","0.5566267224860575, 0.0538882774664811, 0.26632321943110676, 0.053888277466480713, 0.5566267224860632"
1.469387755102041,1.8775510204081634,"0.13249136789522675, -0.010641745259670113, 0.2563007547288878, -0.010641745259669641, 0.13249136789522542","1.5377489663989725, 0.3784439928310981, 1.1676140815398577, 0.3784439928310973, 1.5377489663989765","0.5728911170698819, 0.048318441170686635, 0.2759033954015968, 0.0483184411706864, 0.5728911170698849"
1.469387755102041,1.9591836734693877,"0.1305519688537115, -0.009787704594512378, 0.25847147148159877, -0.009787704594512739, 0.13055196885371506","1.555942357081892, 0.35167490663173673, 1.1847654725727494, 0.3516749066317374, 1.5559423570818853","0.5880253581692918, 0.04324020091191523, 0.2852509108165479, 0.043240200911915286, 0.5880253581692853"
1.469387755102041,2.0408163265306123,"0.12880668945457546, -0.009012863753263461, 0.26041234859737994, -0.009012863753263003, 0.1288066894545712","1.5727559071035606, 0.32666919406317985, 1.2011497976665124, 0.32666919406317796, 1.5727559071035686","0.6020404352152364, 0.03864304488717808, 0.2942909953440124, 0.038643044887177715, 0.6020404352152442"
1.469387755102041,2.122448979591837,"0.12723985762765888, -0.008308609746226436, 0.26213750423713267, -0.008308609746226742, 0.12723985762766216","1.5882318688167525, 0.30342732291393687, 1.2166816165386283, 0.3034273229139385, 1.5882318688167474","0.6149680651636777, 0.03450622550243486, 0.30296690572720275, 0.03450622550243511, 0.6149680651636721"
1.469387755102041,2.204081632653061,"0.12583529380434855, -0.007667288793344218, 0.2636639899779902, -0.007667288793344482, 0.12583529380435066","1.6024312307356539, 0.28191297338569976, 1.231311591757298, 0.28191297338570087, 1.6024312307356523","0.6268554587751336, 0.030801831333269667, 0.311238798625099, 0.030801831333269858, 0.6268554587751308"
1.469387755102041,2.2857142857142856,"0.12457703037457019, -0.007082193952067495, 0.2650103271549911, -0.007082193952067398, 0.12457703037457374","1.6154277291781542, 0.26206209150513066, 1.2450203586334379, 0.2620620915051315, 1.6154277291781471","0.6377604586428189, 0.027497538215598513, 0.3190818535860399, 0.02749753821559866, 0.6377604586428121"
1.469387755102041,2.36734693877551,"0.12344981113552667, -0.006547489940383566, 0.26619535760971064, -0.00654748994038383, 0.12344981113552966","1.627302656102096, 0.24379121243932855, 1.2578122629171564, 0.24379121243932975, 1.6273026561020878","0.647747330129761, 0.024558893497971912, 0.32648400640822345, 0.024558893497972075, 0.647747330129754"
1.469387755102041,2.4489795918367347,"0.12243940481156423, -0.0060581085405194, 0.2672374074579076, -0.0060581085405197535, 0.12243940481156762","1.6381406272533225, 0.22700461884627451, 1.2697095078008116, 0.22700461884627593, 1.6381406272533163","0.6568833286767951, 0.02195108869080642, 0.33344358057960416, 0.021951088690806607, 0.6568833286767888"
1.469387755102041,2.5306122448979593,"0.12153277264789786, -0.005609637252231452, 0.26815372920867114, -0.0056096372522312365, 0.12153277264789375","1.6480263239983768, 0.2116001648946148, 1.2807470222140105, 0.2116001648946133, 1.648026323998386","0.6652360497258902, 0.019640245463402834, 0.33996701989077016, 0.019640245463402588, 0.6652360497258987"
1.469387755102041,2.6122448979591835,"0.12071812877256316, -0.005198214629285471, 0.2689601717134501, -0.0051982146292853665, 0.12071812877255733","1.6570421260505146, 0.19747378324904125, 1.2909681814008775, 0.19747378324903886, 1.6570421260505253","0.6728714931351805, 0.017594279566968206, 0.3460668467909875, 0.01759427956696785, 0.6728714931351913"
1.469387755102041,2.693877551020408,"0.11998492677297085, -0.004820438846678682, 0.26967102414741156, -0.004820438846678987, 0.11998492677297556","1.665266502713358, 0.18452280461462955, 1.300421385344034, 0.18452280461463105, 1.6652665027133506","0.6798527358994662, 0.01578342331949684, 0.35175990779477895, 0.015783423319496986, 0.6798527358994578"
1.469387755102041,2.7755102040816326,"0.1193237992024152, -0.0044732915018707575, 0.27029898459890567, -0.0044732915018709934, 0.11932379920242081","1.6727730146696786, 0.17264827292935328, 1.309157424801947, 0.17264827292935486, 1.6727730146696667","0.6862390953071448, 0.014180487571327612, 0.3570659217186062, 0.014180487571327807, 0.6862390953071333"
1.469387755102041,2.857142857142857,"0.11872647006290621, -0.0041540760172730715, 0.2708552119087266, -0.004154076017273481, 0.1187264700629137","1.6796297842664698, 0.16175645217407048, 1.3172275271189329, 0.16175645217407233, 1.6796297842664552","0.6920856696369845, 0.012760935435824742, 0.36200631720186244, 0.01276093543582494, 0.6920856696369702"
1.469387755102041,2.938775510204082,"0.11818565450297741, -0.003860368734866823, 0.271349428463774, -0.0038603687348672255, 0.11818565450298324","1.6858993096410684, 0.1517597091117726, 1.324681962494331, 0.15175970911177394, 1.6858993096410584","0.6974431573237264, 0.011502827578458708, 0.36660332952923036, 0.01150282757845886, 0.6974431573237159"
1.469387755102041,3.020408163265306,"0.1176949553117998, -0.0035899803815848813, 0.27179005013957724, -0.003589980381584576, 0.1176949553117923","1.6916385198569692, 0.14257693221874157, 1.3315690958485642, 0.1425769322187397, 1.6916385198569843","0.7023578727486561, 0.010386685751514555, 0.3708793195811291, 0.010386685751514359, 0.7023578727486708"
1.469387755102041,3.1020408163265305,"0.11724876227579784, -0.00334092565772013, 0.27218432676383775, -0.00334092565772047, 0.11724876227580472","1.6968989901224703, 0.13413361876561086, 1.3379347822238497, 0.1341336187656126, 1.696898990122456","0.7068718940750134, 0.009395309324529456, 0.3748562765884451, 0.009395309324529635, 0.7068718940749996"
1.469387755102041,3.183673469387755,"0.11684215793817626, -0.0031113990036645348, 0.2725384821309832, -0.0031113990036643335, 0.11684215793816971","1.701727255835125, 0.12636173429395658, 1.343822019741826, 0.12636173429395514, 1.7017272558351384","0.7110232940575939, 0.008513569567233748, 0.37855546876904306, 0.008513569567233602, 0.7110232940576068"
1.469387755102041,3.2653061224489797,"0.11647083156472676, -0.0028997549761558966, 0.2728578468228515, -0.0028997549761560805, 0.11647083156473376","1.7061651806769387, 0.11919942410019552, 1.3492707904457448, 0.1191994241001968, 1.7061651806769254","0.7148464177731947, 0.0077281985510917715, 0.3819972101152664, 0.007728198551091893, 0.714846417773181"
1.469387755102041,3.3469387755102042,"0.1161310019777042, -0.002704492028974638, 0.27314698010253086, -0.0027044920289750404, 0.11613100197771409","1.7102503471362436, 0.11259063574210036, 1.35431803424333, 0.11259063574210196, 1.7102503471362211","0.7183721816313143, 0.007027583579320733, 0.3852007164338005, 0.007027583579320922, 0.7183721816312936"
1.469387755102041,3.4285714285714284,"0.11581934920469411, -0.002524238805817914, 0.27340977920221843, -0.002524238805818573, 0.11581934920472398","1.7140164479454212, 0.10648469509016084, 1.3589977139288885, 0.10648469509016856, 1.7140164479453617","0.7216283760598101, 0.0064015737262109185, 0.3881840285219875, 0.006401573726211918, 0.7216283760597516"
1.469387755102041,3.510204081632653,"0.11553295447289197, -0.00235774230335023, 0.2736495756609217, -0.002357742303350119, 0.11553295447288636","1.7174936644608283, 0.10083586566681083, 1.3633409397447118, 0.1008358656668098, 1.7174936644608372","0.7246399602742274, 0.005841302028033363, 0.39096398472806687, 0.00584130202803328, 0.7246399602742374"
1.469387755102041,3.5918367346938775,"0.11526924785990794, -0.0022038574526632264, 0.27386921918547913, -0.0022038574526639897, 0.11526924785994053","1.7207090234818896, 0.09560291137582952, 1.367376130284623, 0.09560291137583446, 1.7207090234818267","0.7274293419286623, 0.00533902480956392, 0.3935562289243762, 0.00533902480956447, 0.7274293419285996"
1.469387755102041,3.673469387755102,"0.11502596282302202, -0.0020615378064548044, 0.27407114996685583, -0.002061537806455082, 0.11502596282303262","1.7236867278686523, 0.0907486756187085, 1.3711291930253005, 0.09074867561871011, 1.7236867278686319","0.7300166375652658, 0.0048879782915961355, 0.39597524308670035, 0.004887978291596292, 0.7300166375652452"
1.469387755102041,3.7551020408163267,"0.11480109681609135, -0.001929827117561303, 0.2742574606029189, -0.0019298271175616673, 0.11480109681611278","1.7264484589759759, 0.08623968466965591, 1.3746237127087781, 0.0862396846696587, 1.726448458975932","0.7324199119463345, 0.004482251798902154, 0.3982343962506146, 0.004482251798902374, 0.7324199119462917"
1.469387755102041,3.836734693877551,"0.1145928772406774, -0.0018078516621278413, 0.274429948843878, -0.001807851662085063, 0.11459287723965739","1.7290136506844869, 0.08204577956516904, 1.3778811394987924, 0.0820457795651112, 1.729013650686439","0.7346553958043553, 0.004116676417655773, 0.40034600367529294, 0.004116676417647749, 0.7346553958062888"
1.469387755102041,3.9183673469387754,"0.11439973203175474, -0.0016948132057503784, 0.27459016234834405, -0.0016948132057441959, 0.11439973203139536","1.7313997359455287, 0.07813977827329796, 1.3809209715616686, 0.07813977827325694, 1.7313997359462467","0.7367376824995946, 0.0037867277201081356, 0.40232139166291897, 0.0037867277201025186, 0.7367376825002969"
1.469387755102041,4.0,"0.11422026426304449, -0.0015899825408412262, 0.2747394365568253, -0.0015899825408047727, 0.11422026426177662","1.7336223674036892, 0.07449716824339322, 1.3837609287034724, 0.07449716824328988, 1.7336223674061593","0.7386799046262968, 0.003488441099454883, 0.4041709647352916, 0.0034884410994483195, 0.7386799046287366"
1.5918367346938775,0.0,"0.20346534407582598, -0.05371862941603536, 0.20050657068041833, -0.053718629416035474, 0.20346534407582656","1.0000000000000002, 1.0000000000000009, 0.9999999999999998, 1.0000000000000004, 1.0000000000000013","0.1432367687556258, 0.1874365572271422, 0.16675496423599326, 0.18743655722714156, 0.14323676875562596"
1.5918367346938775,0.08163265306122448,"0.20219592362385996, -0.05271532632160608, 0.2010388053954933, -0.052715326321606276, 0.20219592362385908","1.016658389801607, 0.9870112662291256, 0.9926606879385368, 0.9870112662291244, 1.0166583898016057","0.1543184005028321, 0.18420682144988135, 0.16475191477542486, 0.18420682144988065, 0.1543184005028316"
1.5918367346938775,0.16326530612244897,"0.20060957770683455, -0.05147421448605463, 0.20172927355844072, -0.05147421448605485, 0.2006095777068339","1.0340262639775581, 0.9729472983779479, 0.9860528752889886, 0.9729472983779484, 1.034026263977558","0.1662758200013028, 0.18076355035839908, 0.1631740175655777, 0.1807635503583991, 0.16627582000130248"
1.5918367346938775,0.24489795918367346,"0.19870931359341454, -0.05001370591010337, 0.20260878463337825, -0.050013705910103096, 0.1987093135934137","1.0521767325944906, 0.9576864151618878, 0.9802737044872429, 0.9576864151618878, 1.0521767325944908","0.17915426032238943, 0.17706721500452796, 0.16203543789199185, 0.17706721500452802, 0.17915426032238982"
1.5918367346938775,0.32653061224489793,"0.19650097777909575, -0.048353474203958996, 0.2037049928497267, -0.04835347420395891, 0.19650097777909567","1.0711742749074622, 0.9411062996444246, 0.975438850896227, 0.9411062996444252, 1.0711742749074633","0.19299251451543367, 0.17307899077031805, 0.16136015227759656, 0.17307899077031833, 0.19299251451543423"
1.5918367346938775,0.40816326530612246,"0.19399408492802017, -0.04651494954935251, 0.20504172924266525, -0.04651494954935209, 0.19399408492801928","1.0910721119940734, 0.9230878241855114, 0.97168012764083, 0.9230878241855118, 1.0910721119940727","0.20782022663225383, 0.16876210292603666, 0.1611812259537616, 0.16876210292603708, 0.20782022663225413"
1.5918367346938775,0.4897959183673469,"0.19120261049514647, -0.044521679791279745, 0.2066381385922664, -0.044521679791279634, 0.19120261049514642","1.1119090303571633, 0.9035201106809861, 0.9691417179237016, 0.9035201106809856, 1.1119090303571626","0.22365480568818527, 0.16408356284887038, 0.1615396731114455, 0.16408356284887032, 0.22365480568818535"
1.5918367346938775,0.5714285714285714,"0.18814568528569398, -0.04239951053109303, 0.2085076504907977, -0.04239951053109292, 0.18814568528569448","1.1337057263095252, 0.8823068849482276, 0.9679747774844953, 0.8823068849482283, 1.1337057263095245","0.24049804754331158, 0.1590162810818447, 0.16248276722505148, 0.1590162810818448, 0.24049804754331075"
1.5918367346938775,0.6530612244897959,"0.1848481154807255, -0.04017653713138952, 0.21065684330132728, -0.040176537131389245, 0.18484811548072622","1.1564608208388738, 0.8593740549133734, 0.9683302484955059, 0.8593740549133736, 1.1564608208388747","0.25833261751054964, 0.1535414902107359, 0.1640616848685736, 0.1535414902107364, 0.2583326175105501"
1.5918367346938775,0.7346938775510204,"0.18134064141070882, -0.037882789701598335, 0.21308429658177852, -0.037882789701598335, 0.1813406414107095","1.1801467978581432, 0.8346782516387754, 0.9703499010061629, 0.8346782516387754, 1.1801467978581437","0.27711862886523053, 0.14765134004405883, 0.16632840931283177, 0.14765134004405886, 0.27711862886523064"
1.5918367346938775,0.8163265306122449,"0.17765984685468778, -0.03554963077025916, 0.21577956783114335, -0.03554963077025908, 0.177659846854687","1.2047062393044676, 0.8082158228335476, 0.9741558757239681, 0.8082158228335476, 1.2047062393044667","0.29679064267055777, 0.14135144490568163, 0.16933189697498346, 0.14135144490568188, 0.29679064267055777"
1.5918367346938775,0.8979591836734694,"0.17384764253528057, -0.033208875307827124, 0.2187224655450911, -0.03320887530782671, 0.1738476425352823","1.2300488525216164, 0.7800314820592584, 0.9798393308382505, 0.78003148205926, 1.230048852521615","0.31725549850079554, 0.13466308018745993, 0.17311362336597347, 0.13466308018746084, 0.3172554985007944"
1.5918367346938775,0.9795918367346939,"0.16995027670851018, -0.030891682186509867, 0.22188281095599918, -0.030891682186508757, 0.1699502767085094","1.2560498800732272, 0.7502255417907815, 0.9874491562719832, 0.7502255417907808, 1.2560498800732287","0.3383914410527128, 0.1276246629821367, 0.17770276963832557, 0.12762466298213665, 0.33839144105271407"
1.5918367346938775,1.0612244897959184,"0.16601687382979202, -0.028627309565445097, 0.22522087147130532, -0.02862730956544432, 0.1660168738297927","1.2825505089584701, 0.7189584718072284, 0.9969820384686063, 0.7189584718072295, 1.2825505089584701","0.3600490041260681, 0.12029213630558369, 0.18311146701295805, 0.12029213630558418, 0.3600490041260673"
1.5918367346938775,1.1428571428571428,"0.16209756628556443, -0.026441864915778684, 0.22868859726042842, -0.026441864915778435, 0.1620975662855645","1.30936081011327, 0.6864515212909774, 1.0083753371915063, 0.6864515212909786, 1.3093608101132699","0.3820540196172468, 0.11273793497356771, 0.18933064991859483, 0.11273793497356804, 0.3820540196172465"
1.5918367346938775,1.2244897959183674,"0.1582413551784434, -0.02435720214619011, 0.23223169393549312, -0.024357202146190027, 0.15824135517844373","1.336265506817758, 0.6529824095185535, 1.0215041673273775, 0.6529824095185541, 1.3362655068177591","0.4042129145823824, 0.10504835979419334, 0.1963271340549605, 0.10504835979419348, 0.40421291458238257"
1.5918367346938775,1.3061224489795917,"0.1544938993014261, -0.02239011340523986, 0.23579242820763005, -0.022390113405239775, 0.1544938993014237","1.3630324926938655, 0.6188756610863244, 1.036183692439619, 0.6188756610863236, 1.3630324926938675","0.4263201505371952, 0.09731941811871633, 0.20404248827548618, 0.09731941811871586, 0.42632015053719724"
1.5918367346938775,1.3877551020408163,"0.15089546886807287, -0.02055192699059541, 0.23931291624504333, -0.02055192699059538, 0.15089546886807514","1.3894235490352003, 0.5844879799804428, 1.0521769419687172, 0.5844879799804442, 1.3894235490351978","0.4481672916816492, 0.08965146394196516, 0.21239408484787933, 0.08965146394196548, 0.4481672916816464"
1.5918367346938775,1.469387755102041,"0.14747929712063768, -0.018848559834707568, 0.2427385254281393, -0.0188485598347074, 0.14747929712063784","1.415206253058882, 0.5501899581211739, 1.0692075776398904, 0.5501899581211738, 1.4152062530588805","0.4695528464157053, 0.08214322257836451, 0.2212784059519707, 0.08214322257836468, 0.4695528464157043"
1.5918367346938775,1.5510204081632653,"0.14427051292973853, -0.017280997247108035, 0.24602096863474035, -0.01728099724710802, 0.14427051292973725","1.440165755792827, 0.5163461605200625, 1.0869761673742193, 0.5163461605200623, 1.44016575579283","0.4902918095449881, 0.07488593776644142, 0.2305763159354764, 0.0748859377664414, 0.4902918095449905"
1.5918367346938775,1.6326530612244898,"0.14128574912264902, -0.01584610358106925, 0.2491207089168431, -0.015846103581068804, 0.14128574912264608","1.4641150505124545, 0.483295991506804, 1.1051779159614796, 0.48329599150680247, 1.46411505051246","0.5102238198537592, 0.0679583783702288, 0.24015967208039446, 0.06795837837022844, 0.5102238198537643"
1.5918367346938775,1.7142857142857142,"0.13853341550582038, -0.014537623323570004, 0.2520084156354966, -0.014537623323570462, 0.13853341550582338","1.4869025867879837, 0.45133760008054374, 1.1235196262629497, 0.4513376000805446, 1.4869025867879802","0.5292190600095166, 0.061423280136151996, 0.2498984345556007, 0.06142328013615227, 0.5292190600095127"
1.5918367346938775,1.7959183673469388,"0.1360145290511922, -0.013347222314106844, 0.25466538652583226, -0.013347222314106469, 0.13601452905118872","1.5084165528999778, 0.42071646677355073, 1.1417339606529378, 0.4207164667735491, 1.5084165528999849","0.5471814111561847, 0.05532552113449089, 0.25966740481446116, 0.05532552113449057, 0.5471814111561911"
1.5918367346938775,1.8775510204081634,"0.13372392896252183, -0.012265441240452327, 0.25708302455585813, -0.012265441240452715, 0.13372392896252538","1.5285857181167235, 0.3916194184481079, 1.1595897268703435, 0.39161941844811055, 1.5285857181167164","0.5640488269685321, 0.04969201865184343, 0.2693518679253591, 0.04969201865184386, 0.5640488269685253"
1.5918367346938775,1.9591836734693877,"0.13165168191066318, -0.011282476626730042, 0.2592615894321354, -0.011282476626729765, 0.13165168191066107","1.5473772437312068, 0.36417389845949705, 1.1768977156185896, 0.3641738984594959, 1.5473772437312099","0.5797912936528883, 0.04453307335525308, 0.2788516812093985, 0.04453307335525284, 0.5797912936528915"
1.5918367346938775,2.0408163265306123,"0.1297844994428849, -0.010388752993226724, 0.26120850710068644, -0.010388752993226308, 0.12978449944288162","1.5647922231576268, 0.3384516012812278, 1.1935123511222854, 0.3384516012812269, 1.5647922231576334","0.5944070075831497, 0.039844728032539994, 0.2880836555877785, 0.03984472803253974, 0.5944070075831559"
1.5918367346938775,2.122448979591837,"0.1281070323993309, -0.009575290950960505, 0.2629365171032626, -0.009575290950960103, 0.12810703239932708","1.580859852239203, 0.3144751827459872, 1.2093299300296145, 0.31447518274598535, 1.58085985223921","0.6079175004432911, 0.035611666122959705, 0.2969823406575815, 0.03561166612295943, 0.607917500443298"
1.5918367346938775,2.204081632653061,"0.12660295989965548, -0.008833902843284364, 0.26446188588725644, -0.008833902843284905, 0.12660295989965775","1.595631084387246, 0.2922266820920879, 1.224284467041337, 0.29222668209208913, 1.595631084387244","0.6203623943147726, 0.031810227427156015, 0.30549950313712093, 0.03181022742715614, 0.6203623943147695"
1.5918367346938775,2.2857142857142856,"0.125255839545112, -0.008157259394496907, 0.265802839698767, -0.008157259394497018, 0.1252558395451147","1.609172455297443, 0.27165645938847127, 1.2383421706281745, 0.27165645938847194, 1.609172455297438","0.6317943278781392, 0.028411225088042582, 0.31360266981716955, 0.02841122508804262, 0.6317943278781343"
1.5918367346938775,2.36734693877551,"0.12404972294906513, -0.007538870945403869, 0.2669782959926755, -0.007538870945404008, 0.12404972294906708","1.6215605413792167, 0.2526917495079138, 1.2514954182257432, 0.2526917495079143, 1.621560541379211","0.6422744168976624, 0.025382369654749746, 0.3212731062288355, 0.025382369654749843, 0.6422744168976577"
1.5918367346938775,2.4489795918367347,"0.12296956418849925, -0.006973019986179919, 0.26800691159535717, -0.0069730199861801345, 0.12296956418850369","1.6328773026430177, 0.23524426077404414, 1.2637568731658833, 0.2352442607740464, 1.632877302643009","0.6518684422647871, 0.022690214479500256, 0.32850354925689645, 0.022690214479500596, 0.6518684422647786"
1.5918367346938775,2.5306122448979593,"0.12200145977775351, -0.006454672118675529, 0.2689064246818472, -0.006454672118675182, 0.12200145977774984","1.6432063886469375, 0.21921653496480087, 1.2751541527765184, 0.21921653496479948, 1.6432063886469441","0.6606438229449173, 0.02030161768779288, 0.33529593456662476, 0.020301617687792664, 0.6606438229449242"
1.5918367346938775,2.6122448979591835,"0.12113276064852346, -0.005979383223981241, 0.26969324515091053, -0.005979383223981477, 0.12113276064852879","1.6526303670547682, 0.20450700343286174, 1.285725259024749, 0.20450700343286368, 1.6526303670547575","0.6686673377724225, 0.01818476692059516, 0.34165927986860334, 0.01818476692059543, 0.6686673377724122"
1.5918367346938775,2.693877551020408,"0.12035209295372135, -0.005543212984859026, 0.27038224006227063, -0.005543212984859283, 0.12035209295372645","1.6612287651444317, 0.19101381682640028, 1.295514836058347, 0.19101381682640192, 1.6612287651444202","0.6760035061225336, 0.016309838356864698, 0.3476078158216694, 0.016309838356864843, 0.6760035061225228"
1.5918367346938775,2.7755102040816326,"0.11964931822722535, -0.005142649454777451, 0.2709866624551004, -0.005142649454777867, 0.11964931822722924","1.6690767845016314, 0.17863760408365179, 1.3045712228294408, 0.17863760408365284, 1.6690767845016228","0.6827135143648791, 0.014649368313389569, 0.35315940328100215, 0.014649368313389623, 0.682713514364871"
1.5918367346938775,2.857142857142857,"0.11901545653171225, -0.004774545889860857, 0.27151817871629125, -0.004774545889861204, 0.11901545653171808","1.676244545656262, 0.16728334687859361, 1.3129442149302966, 0.16728334687859522, 1.67624454565625","0.6888545727530909, 0.013178411054168566, 0.3583342390050968, 0.013178411054168808, 0.6888545727530795"
1.5918367346938775,2.938775510204082,"0.11844258986412953, -0.004436069119153674, 0.2719869585100413, -0.004436069119154076, 0.11844258986413692","1.682796731582842, 0.15686155520458758, 1.3206834264251555, 0.1568615552045894, 1.6827967315828283","0.6944795973695139, 0.01187454596780443, 0.36315382946076075, 0.011874545967804602, 0.6944795973695"
1.5918367346938775,3.020408163265306,"0.11792375778452846, -0.004124657840034539, 0.2724018001110058, -0.004124657840034837, 0.11792375778453534","1.6887925185561117, 0.14728891187217413, 1.3278371391434418, 0.14728891187217613, 1.6887925185560966","0.6996371274604268, 0.010717784867966589, 0.36764020063920894, 0.010717784867966774, 0.6996371274604125"
1.5918367346938775,3.1020408163265305,"0.11745285310913217, -0.003837988983207613, 0.2727702717481577, -0.003837988983207259, 0.11745285310912484","1.6942857043962842, 0.13848852803853012, 1.334451535130358, 0.13848852803852868, 1.6942857043962989","0.704371405713348, 0.009690418157534603, 0.37181530751256775, 0.00969041815753447, 0.7043714057133624"
1.5918367346938775,3.183673469387755,"0.11702452246823752, -0.0035739503988603573, 0.2730988558612382, -0.003573950398860614, 0.11702452246824491","1.6993249645042576, 0.130389924632999, 1.3405702217254998, 0.13038992463300064, 1.699324964504242","0.7087225652821973, 0.008776828132722275, 0.37570060717035475, 0.008776828132722465, 0.7087225652821824"
1.5918367346938775,3.2653061224489797,"0.11663407438905937, -0.003330618377991732, 0.27339308797785605, -0.0033306183779920687, 0.11663407438906875","1.703954183747546, 0.12292882915249032, 1.3462339741999467, 0.12292882915249233, 1.7039541837475287","0.7127268814665513, 0.007963289196640294, 0.379316762724849, 0.007963289196640464, 0.7127268814665334"
1.5918367346938775,3.3469387755102042,"0.11627739611976001, -0.0031062388257584693, 0.2736576854119881, -0.003106238825758896, 0.1162773961197695","1.7082128267195373, 0.11604685538372728, 1.3514806357934892, 0.11604685538372927, 1.7082128267195185","0.7164170575153241, 0.007237768176690015, 0.3826834493499871, 0.007237768176690189, 0.7164170575153055"
1.5918367346938775,3.4285714285714284,"0.11595087948177124, -0.002899211187075073, 0.27389666341060176, -0.0028992111870753505, 0.11595087948177751","1.7121363202468438, 0.1096911156349667, 1.3563451282363923, 0.10969111563496789, 1.7121363202468307","0.7198225231240504, 0.006589733060244896, 0.38581923842196353, 0.006589733060245023, 0.7198225231240377"
1.5918367346938775,3.510204081632653,"0.11565135547134231, -0.0027080744630356215, 0.2741134379833946, -0.0027080744630354273, 0.11565135547133398","1.715756430640877, 0.10381380086050841, 1.3608595369972134, 0.10381380086050675, 1.7157564306408921","0.7229697311276901, 0.006009974967764696, 0.388741540138952, 0.0060099749677645494, 0.7229697311277058"
1.5918367346938775,3.5918367346938775,"0.11537603701406979, -0.002531494844091646, 0.27431091566002774, -0.0025314948440921005, 0.11537603701408655","1.719101624552093, 0.09837175316939795, 1.3650532445570516, 0.09837175316940056, 1.719101624552061","0.7258824430281329, 0.00549044576330892, 0.3914665889454907, 0.005490445763309173, 0.7258824430281006"
1.5918367346938775,3.673469387755102,"0.11512246912269253, -0.0023682546261621674, 0.274491571006927, -0.0023682546261624346, 0.11512246912270502","1.7221974068602415, 0.09332604705752806, 1.3689530921644846, 0.09332604705752981, 1.7221974068602157","0.7285819977090415, 0.0050241120883971115, 0.39400945946930976, 0.005024112088397278, 0.7285819977090164"
1.5918367346938775,3.7551020408163267,"0.11488848565837595, -0.0022172421768389614, 0.2746575130369139, -0.0022172421768392563, 0.11488848565838833","1.7250666322397992, 0.08864158973332752, 1.3725835560537707, 0.08864158973332928, 1.725066632239773","0.7310875603104132, 0.004604825574973397, 0.39638410348725484, 0.00460482557497355, 0.7310875603103881"
1.5918367346938775,3.836734693877551,"0.11467217190923529, -0.0020774427892514893, 0.27481054175962816, -0.0020774427892629524, 0.11467217190965107","1.7277297892203551, 0.0842867466284764, 1.3759669283031135, 0.08428674662852836, 1.7277297892195285","0.7334163500325075, 0.004227208374668662, 0.39860340071460604, 0.004227208374672788, 0.7334163500316944"
1.5918367346938775,3.9183673469387754,"0.11447183224931656, -0.0019479303088431217, 0.2749521961191691, -0.0019479303088397494, 0.11447183224919688","1.730205256993675, 0.08023299518505328, 1.3791234956423195, 0.08023299518503893, 1.7302052569939126","0.73558384683276, 0.003886552805305629, 0.40067921802572803, 0.0038865528053045285, 0.735583846832994"
1.5918367346938775,4.0,"0.11428596220118248, -0.0018278594495135456, 0.27508379449641807, -0.0018278594495241586, 0.11428596220143722","1.7325095361293874, 0.07645460795896275, 1.3820717118237766, 0.07645460795899012, 1.7325095361288834","0.7376039777532177, 0.003578733767288053, 0.4026224731360406, 0.0035787337672899496, 0.7376039777527202"
1.7142857142857142,0.0,"0.20585384498652817, -0.05756867761866119, 0.20342966526426415, -0.05756867761866116, 0.20585384498653014","1.0000000000000002, 1.0000000000000004, 1.0000000000000004, 1.0, 1.0","0.13778301874907037, 0.1823418439468649, 0.16222832834745246, 0.18234184394686492, 0.13778301874906987"
1.7142857142857142,0.08163265306122448,"0.20460651731698687, -0.056540220450815803, 0.20386740626765745, -0.05654022045081561, 0.20460651731698698","1.0157085232015022, 0.9877355361036185, 0.9931118813897599, 0.9877355361036178, 1.015708523201502","0.14833972225380632, 0.17942643660397978, 0.1604796418161711, 0.17942643660397944, 0.14833972225380623"
1.7142857142857142,0.16326530612244897,"0.20305394450139258, -0.055283333505432214, 0.20445877800807669, -0.05528333350543102, 0.2030539445013941","1.0321204238164683, 0.9744484392700785, 0.9868622738269064, 0.974448439270079, 1.0321204238164672","0.15974628566482396, 0.17631353247564477, 0.15911022668139968, 0.17631353247564546, 0.15974628566482324"
1.7142857142857142,0.24489795918367346,"0.20119661072452183, -0.05381301055817242, 0.20523279966729932, -0.05381301055817245, 0.20119661072452372","1.0493100049083992, 0.9600203014854649, 0.9813393872122713, 0.9600203014854647, 1.0493100049083992","0.17205154255440405, 0.17296512747454995, 0.15813298759985714, 0.17296512747454976, 0.1720515425544037"
1.7142857142857142,0.32653061224489793,"0.19903746364255936, -0.05214538534125818, 0.20621584339739849, -0.05214538534125873, 0.199037463642559","1.067344680427728, 0.9443305274285093, 0.9766495842875234, 0.9443305274285104, 1.0673446804277278","0.18529935241329662, 0.16934335217884716, 0.15757014803460964, 0.1693433521788477, 0.185299352413297"
1.7142857142857142,0.40816326530612246,"0.1965827410333602, -0.050298260630243896, 0.20743103919376585, -0.050298260630243896, 0.19658274103336182","1.0862825401291092, 0.927259585618075, 0.9729157485056323, 0.9272595856180754, 1.086282540129109","0.1995260627046382, 0.16541160748322556, 0.1574528008475091, 0.1654116074832258, 0.199526062704638"
1.7142857142857142,0.4897959183673469,"0.19384279718159164, -0.04829154088581192, 0.20889748740844125, -0.04829154088581225, 0.19384279718159123","1.1061693347380355, 0.9086934328042904, 0.970274464915349, 0.9086934328042897, 1.1061693347380355","0.2147575434582147, 0.1611360754113219, 0.15782011227899562, 0.16113607541132174, 0.21475754345821513"
1.7142857142857142,0.5714285714285714,"0.19083287577707075, -0.04614752446198045, 0.21062929736982103, -0.04614752446198134, 0.1908328757770701","1.127034920842442, 0.8885292135677864, 0.9688717311795463, 0.8885292135677861, 1.127034920842441","0.23100584970848476, 0.15648761067201503, 0.15871804522758232, 0.15648761067201494, 0.23100584970848453"
1.7142857142857142,0.6530612244897959,"0.18757375874550242, -0.04389100674821925, 0.2126344960054334, -0.04389100674821947, 0.18757375874550292","1.1488892768526744, 0.8666822341620837, 0.9688569779704841, 0.8666822341620839, 1.1488892768526742","0.24826563099037866, 0.1514439747166814, 0.16019747250016966, 0.15144397471668145, 0.24826563099037866"
1.7142857142857142,0.7346938775510204,"0.1840922053969803, -0.04154914728724357, 0.2149138837805252, -0.041549147287243376, 0.18409220539698146","1.171718298129075, 0.8430940477062079, 0.970375308329436, 0.8430940477062088, 1.1717182981290721","0.2665104883568855, 0.14599231248305894, 0.16231157792902623, 0.1459923124830593, 0.26651048835688346"
1.7142857142857142,0.8163265306122449,"0.18042108771160442, -0.03915106480980668, 0.2174599541964044, -0.03915106480980718, 0.18042108771160503","1.1954796975881337, 0.8177412638996707, 0.9735580770243919, 0.8177412638996712, 1.1954796975881334","0.2856895732445674, 0.14013169525180402, 0.16511250127255558, 0.14013169525180383, 0.285689573244567"
1.7142857142857142,0.8979591836734694,"0.17659913055392076, -0.03672714636732452, 0.22025603162680957, -0.036727146367325186, 0.17659913055391957","1.220099465575816, 0.7906444230051457, 0.9785122228380762, 0.7906444230051461, 1.2200994655758164","0.30572481742880087, 0.13387546979305492, 0.16864727743554872, 0.1338754697930547, 0.30572481742880164"
1.7142857142857142,0.9795918367346939,"0.17267018521885458, -0.034308090459160695, 0.22327581048061484, -0.034308090459160806, 0.17267018521885202","1.2454694553968482, 0.761875987169629, 0.985309114867047, 0.7618759871696272, 1.2454694553968484","0.326509258981298, 0.12725308075254188, 0.17295325092939698, 0.12725308075254108, 0.326509258981299"
1.7142857142857142,1.0612244897959184,"0.16868200446882597, -0.03192374615725094, 0.22648348337684845, -0.031923746157250854, 0.16868200446882717","1.2714467218063348, 0.7315662670224679, 0.993974022342397, 0.7315662670224675, 1.2714467218063332","0.3479069567208024, 0.12031099396796982, 0.1780533004095274, 0.12031099396797, 0.3479069567208011"
1.7142857142857142,1.1428571428571428,"0.16468454683856618, -0.029601853674233264, 0.22983461367133556, -0.029601853674233458, 0.16468454683856482","1.2978552043401324, 0.699906006652768, 1.0044775780141992, 0.699906006652767, 1.2978552043401337","0.36975493216021954, 0.1131123703777766, 0.18395135844102414, 0.11311237037777633, 0.36975493216022104"
1.7142857142857142,1.2244897959183674,"0.16072791123298036, -0.027366826097029562, 0.23327782972809719, -0.027366826097029284, 0.16072791123298152","1.3244901758466965, 0.667144488373923, 1.0167306715587632, 0.6671444883739239, 1.324490175846695","0.39186741653317925, 0.10573524514257689, 0.19062881718980726, 0.10573524514257747, 0.39186741653317775"
1.7142857142857142,1.3061224489795917,"0.1568600766370613, -0.025238725506157855, 0.23675729773819507, -0.025238725506157217, 0.15686007663705875","1.3511255541917833, 0.6335824509304006, 1.0305839897556293, 0.6335824509304002, 1.3511255541917868","0.4140424054566525, 0.09826915864589424, 0.1980424246452794, 0.0982691586458942, 0.41404240545665566"
1.7142857142857142,1.3877551020408163,"0.15312467782364397, -0.023232570748396936, 0.24021578584950704, -0.02323257074839727, 0.1531246778236438","1.377523732587898, 0.5995598269108506, 1.0458328810025042, 0.5995598269108509, 1.3775237325879004","0.4360701652904177, 0.09081044091083242, 0.20612416204200168, 0.09081044091083244, 0.43607016529041903"
1.7142857142857142,1.469387755102041,"0.14955906776716238, -0.021358067404923825, 0.24359799927552214, -0.02135806740492391, 0.14955906776716343","1.4034471065549199, 0.5654391800258436, 1.0622274268384748, 0.5654391800258443, 1.4034471065549212","0.4577429641136296, 0.08345661401652758, 0.21478334571405946, 0.0834566140165277, 0.45774296411362986"
1.7142857142857142,1.5510204081632653,"0.1461928894207155, -0.019619781542340273, 0.24685378424324977, -0.019619781542339898, 0.1461928894207153","1.4286700878855971, 0.531586551986547, 1.079486720255712, 0.5315865519865471, 1.4286700878855976","0.4788650144508856, 0.07630057571926382, 0.2239108541909991, 0.07630057571926377, 0.47886501445088586"
1.7142857142857142,1.6326530612244898,"0.14304730512813557, -0.01801770460198915, 0.249940798947708, -0.018017704601989037, 0.14304730512813452","1.4529902216483728, 0.49835197352392857, 1.097315609655395, 0.4983519735239281, 1.4529902216483745","0.4992615070925781, 0.06942529677745328, 0.2333850231411831, 0.06942529677745303, 0.49926150709258"
1.7142857142857142,1.7142857142857142,"0.14013492759142337, -0.016548096961540887, 0.2528263387402364, -0.016548096961540637, 0.14013492759142177","1.476237131682025, 0.46605197906241885, 1.115421778511111, 0.4660519790624174, 1.4762371316820284","0.5187857335541289, 0.06289967550980019, 0.24307847247375763, 0.06289967550979997, 0.5187857335541322"
1.7142857142857142,1.7959183673469388,"0.13746038832949764, -0.015204467184343012, 0.25548815770968997, -0.015204467184343429, 0.13746038832949914","1.4982783950286311, 0.43495605537744353, 1.1335310991878562, 0.43495605537744453, 1.498278395028629","0.5373236168855254, 0.05677596831039486, 0.2528650074089387, 0.05677596831039491, 0.537323616885523"
1.7142857142857142,1.8775510204081634,"0.1350213945954611, -0.013978547310041403, 0.25791430542916094, -0.013978547310041473, 0.13502139459546114","1.5190219822148263, 0.40527817672323085, 1.151399682123887, 0.4052781767232302, 1.5190219822148279","0.5547954095200202, 0.05108892041857382, 0.26262579453267676, 0.0510889204185738, 0.5547954095200212"
1.7142857142857142,1.9591836734693877,"0.13281008109384107, -0.012861155252076983, 0.2601021483164737, -0.012861155252077053, 0.1328100810938399","1.5384154501038187, 0.37717366399450514, 1.1688217718033522, 0.37717366399450425, 1.5384154501038227","0.5711547546906783, 0.04585643984210226, 0.2722542228575384, 0.045856439842102005, 0.5711547546906816"
1.7142857142857142,2.0408163265306123,"0.13081446169428618, -0.01184288003069038, 0.26205683667280666, -0.011842880030690603, 0.13081446169428834","1.556442503343018, 0.3507407954028946, 1.1856334025081792, 0.35074079540289593, 1.5564425033430143","0.5863856413847369, 0.04108145586174721, 0.2816591465768733, 0.041081455861747426, 0.5863856413847331"
1.7142857142857142,2.122448979591837,"0.12901981922041822, -0.010914569989235706, 0.2637895015376318, -0.010914569989235831, 0.1290198192204216","1.5731177739064384, 0.3260260571939707, 1.2017123377991887, 0.3260260571939718, 1.5731177739064293","0.6004979565039695, 0.03675451253161385, 0.2907664897371789, 0.03675451253161398, 0.600497956503962"
1.7142857142857142,2.204081632653061,"0.12740992232696952, -0.010067638287622818, 0.26531543192130613, -0.010067638287622846, 0.12740992232697013","1.588480701201605, 0.3030317077680921, 1.216975182060608, 0.30303170776809285, 1.5884807012016042","0.6135223521462337, 0.0328566595047622, 0.2995194124520922, 0.03285665950476235, 0.6135223521462327"
1.7142857142857142,2.2857142857142856,"0.1259680117348993, -0.00929421985193482, 0.26665241623406766, -0.009294219851934737, 0.1259680117349028","1.602589276051154, 0.2817243910432135, 1.231372665811273, 0.28172439104321434, 1.6025892760511458","0.6255050416228103, 0.02936228494490284, 0.30787736590068854, 0.02936228494490299, 0.6255050416228031"
1.7142857142857142,2.36734693877551,"0.12467754266724157, -0.008587220687113546, 0.2678193560397464, -0.008587220687113165, 0.1246775426672388","1.615514210952044, 0.26204377536963736, 1.2448840273566328, 0.2620437753696364, 1.6155142109520506","0.6365029717415277, 0.026241648815815963, 0.3158144025372126, 0.026241648815815796, 0.6365029717415336"
1.7142857142857142,2.4489795918367347,"0.12352270121904985, -0.007940297898866112, 0.26883519335963485, -0.007940297898865856, 0.12352270121904757","1.6273338812279954, 0.24391050681948534, 1.2575112239050368, 0.2439105068194844, 1.627333881228","0.6465796422679962, 0.023462986839066623, 0.3233170811635602, 0.023462986839066426, 0.6465796422680006"
1.7142857142857142,2.5306122448979593,"0.1224887295068795, -0.007347801312345421, 0.2697181436109281, -0.007347801312345852, 0.12248872950688378","1.6381301912839992, 0.22723306861819065, 1.2692734801956274, 0.22723306861819237, 1.6381301912839925","0.6558016906990485, 0.020994146162841846, 0.3303822421335113, 0.02099414616284205, 0.6558016906990412"
1.7142857142857142,2.6122448979591835,"0.1215621005150746, -0.006804698740378035, 0.27048519645061064, -0.006804698740377577, 0.12156210051507049","1.6479853781904827, 0.21191338500078793, 1.2802024736174533, 0.2119133850007863, 1.6479853781904916","0.6642362474317223, 0.018803776091865072, 0.3370148507676064, 0.018803776091864868, 0.6642362474317306"
1.7142857142857142,2.693877551020408,"0.12073058225391364, -0.00630649892284748, 0.27115183333786874, -0.006306498922847369, 0.12073058225391292","1.6569796741792275, 0.19785118168148313, 1.2903382882785799, 0.19785118168148275, 1.6569796741792304","0.6719489947587196, 0.016862132614443713, 0.3432260340492047, 0.016862132614443637, 0.6719489947587217"
1.7142857142857142,2.7755102040816326,"0.11998322552298529, -0.005849179905280902, 0.27173190876458486, -0.005849179905281117, 0.11998322552299184","1.6651897026253604, 0.1849472206028261, 1.2997261535436382, 0.18494722060282803, 1.6651897026253462","0.679002826350361, 0.01514156982738655, 0.3490313757979492, 0.015141569827386847, 0.6790028263503478"
1.7142857142857142,2.857142857142857,"0.11931030272835103, -0.0054291263023842, 0.2722376471480725, -0.005429126302383708, 0.1193103027283442","1.6726874669496103, 0.17310557781996494, 1.308413910460837, 0.17310557781996314, 1.6726874669496246","0.6854569924371597, 0.013616791649385146, 0.3544494915584378, 0.013616791649384936, 0.6854569924371734"
1.7142857142857142,2.938775510204082,"0.11870321840494386, -0.005043076223272859, 0.2726797156366544, -0.005043076223273095, 0.1187032184049478","1.679539797009753, 0.16223514681196066, 1.3164501123565793, 0.16223514681196183, 1.6795397970097443","0.6913666204956598, 0.012264929517446357, 0.35950087538687336, 0.012264929517446515, 0.6913666204956518"
1.7142857142857142,3.020408163265306,"0.11815440616134976, -0.004688077192769799, 0.2730673420628456, -0.004688077192769584, 0.11815440616134415","1.68580813360586, 0.15225053988309842, 1.3238826530220749, 0.15225053988309695, 1.685808133605871","0.696782514417207, 0.01106550057621733, 0.364206993770368, 0.01106550057621715, 0.696782514417218"
1.7142857142857142,3.1020408163265305,"0.11765722199132067, -0.004361449774500585, 0.2734084555663535, -0.004361449774500946, 0.11765722199132711","1.6915485521181475, 0.14307253879681436, 1.3307578181700876, 0.14307253879681553, 1.6915485521181337","0.7017511516873101, 0.010000289088879543, 0.368589593840733, 0.010000289088879673, 0.7017511516872971"
1.7142857142857142,3.183673469387755,"0.11720584028313297, -0.0040607574575627775, 0.2737098343488527, -0.00406075745756302, 0.11720584028313996","1.6968119469247964, 0.13462821993236757, 1.3371196662856843, 0.13462821993236912, 1.6968119469247802","0.7063148147786686, 0.009053183024318602, 0.3726701909178665, 0.009053183024318807, 0.7063148147786539"
1.7142857142857142,3.2653061224489797,"0.11679515625079295, -0.0037837814775327876, 0.2739772504534721, -0.0037837814775330686, 0.11679515625080061","1.7016443168998863, 0.12685085363620643, 1.3430096589278286, 0.126850853636208, 1.7016443168998694","0.7105118080235955, 0.008209988716381188, 0.376469701909746, 0.008209988716381367, 0.7105118080235796"
1.7142857142857142,3.3469387755102042,"0.11642069671190025, -0.0035284994574633285, 0.27421560549111773, -0.003528499457463634, 0.11642069671190919","1.7060871080206697, 0.11967965445365435, 1.3484664750513695, 0.11967965445365646, 1.7060871080206512","0.7143767239376768, 0.0074582393045870415, 0.38000819452110185, 0.007458239304587226, 0.7143767239376588"
1.7142857142857142,3.4285714285714284,"0.11607853994686257, -0.0032930669908264112, 0.27442905408791857, -0.0032930669908267374, 0.11607853994687212","1.7101775817505862, 0.11305943954681819, 1.3535259574052096, 0.11305943954681974, 1.710177581750566","0.7179407331893536, 0.006787007213220549, 0.38330472645198077, 0.006787007213220702, 0.7179407331893344"
1.7142857142857142,3.510204081632653,"0.11576524462561871, -0.00307580150377754, 0.27462111375632403, -0.003075801503777457, 0.11576524462561238","1.7139491876464201, 0.10694023696348112, 1.358221150780187, 0.10694023696347985, 1.7139491876464326","0.721231880340853, 0.006186726940420226, 0.3863772531010762, 0.006186726940420126, 0.7212318803408654"
1.7142857142857142,3.5918367346938775,"0.11547778734649489, -0.0028751679118060973, 0.27479476113061696, -0.0028751679118063193, 0.1154777873465011","1.7174319259849091, 0.10127687320770468, 1.3625824016147863, 0.10127687320770573, 1.7174319259848976","0.7242753734608223, 0.00564903161363836, 0.38924258633391157, 0.005649031613638469, 0.7242753734608104"
1.7142857142857142,3.673469387755102,"0.11521350809731695, -0.002689765723199025, 0.27495251525174924, -0.002689765723199386, 0.11521350809733233","1.7206526915762734, 0.09602856027552648, 1.3666374962964283, 0.09602856027553029, 1.7206526915762426","0.7270938600953423, 0.0051666048464198075, 0.3919163904432706, 0.005166604846420239, 0.7270938600953117"
1.7142857142857142,3.7551020408163267,"0.11497006284793121, -0.002518317342897161, 0.2750965089899178, -0.0025183173428977683, 0.11497006284794581","1.723635593763461, 0.09115849541687916, 1.370411821639345, 0.09115849541688242, 1.7236355937634293","0.7297076852284445, 0.004733048169920413, 0.3944132044562541, 0.004733048169920664, 0.7297076852284144"
1.7142857142857142,3.836734693877551,"0.11474538246658283, -0.0023596574020181144, 0.2752285498708592, -0.0023596574020183954, 0.11474538246659466","1.7264022502652463, 0.0866334818621866, 1.3739285357451572, 0.08663348186218833, 1.7264022502652239","0.7321351290600427, 0.0043427635242416236, 0.3967464824401545, 0.004342763524241777, 0.7321351290600199"
1.7142857142857142,3.9183673469387754,"0.1145376371843565, -0.002212722987427751, 0.2753501716061286, -0.0022127229874280598, 0.1145376371843706","1.728972054314338, 0.08242357517281737, 1.3772087410257157, 0.08242357517281937, 1.7289720543143092","0.7343926239234488, 0.003990849836502557, 0.39892864547689577, 0.003990849836502719, 0.7343926239234206"
1.7142857142857142,4.0,"0.11434520589025682, -0.0020765446784321885, 0.275462677576125, -0.002076544678440949, 0.11434520589049135","1.7313624157044303, 0.07850175738095727, 1.3802716538296669, 0.07850175738098375, 1.7313624157039624","0.7364949506454631, 0.0036730124785252552, 0.40097114057791056, 0.003673012478527512, 0.7364949506450016"
1.836734693877551,0.0,"0.20815582272669914, -0.06132226153468548, 0.20633287761597424, -0.06132226153468681, 0.20815582272669877","0.9999999999999999, 0.9999999999999996, 0.9999999999999997, 1.0000000000000004, 1.0000000000000002","0.13247377175798422, 0.1772616801811199, 0.15771202966409298, 0.17726168018112015, 0.13247377175798453"
1.836734693877551,0.08163265306122448,"0.2069334455652527, -0.0602747996379813, 0.20668270814545528, -0.06027479963798196, 0.20693344556525486","1.0147999360162168, 0.9884269745967809, 0.9935461787740028, 0.9884269745967809, 1.0147999360162172","0.14252179247094884, 0.17464221799880147, 0.15620512704662312, 0.17464221799880164, 0.1425217924709489"
1.836734693877551,0.16326530612244897,"0.20541759981275473, -0.05900858433966988, 0.2071819690538291, -0.0590085843396691, 0.2054175998127551","1.0302933291390528, 0.9758830639981105, 0.9876472137256727, 0.9758830639981101, 1.030293329139051","0.1533917627773122, 0.17184071199236728, 0.15503593424760512, 0.1718407119923674, 0.15339176277731123"
1.836734693877551,0.24489795918367346,"0.20360656843318065, -0.05753552025812475, 0.20785790364988602, -0.05753552025812539, 0.2036065684331836","1.0465549797253608, 0.962253639191016, 0.9823827621672467, 0.9622536391910166, 1.0465549797253597","0.1651352909688203, 0.1688208743986133, 0.15421608070882267, 0.16882087439861349, 0.16513529096881907"
1.836734693877551,0.32653061224489793,"0.20150072822043183, -0.055868505925128265, 0.20873555540939326, -0.0558685059251291, 0.20150072822043225","1.0636544360877773, 0.9474205705088143, 0.9778499868068193, 0.9474205705088129, 1.0636544360877767","0.17780038745772309, 0.16554607121504447, 0.15376595234704282, 0.16554607121504364, 0.17780038745772253"
1.836734693877551,0.40816326530612246,"0.1991033548145562, -0.05402197524484287, 0.20983724086057423, -0.05402197524484295, 0.1991033548145555","1.0816537773154828, 0.9312649396062047, 0.9741625661566247, 0.9312649396062054, 1.081653777315482","0.19142913157538008, 0.1619802629742978, 0.15371447051381268, 0.16198026297429843, 0.19142913157538008"
1.836734693877551,0.4897959183673469,"0.19642145797430938, -0.052012376426156, 0.2111818369036938, -0.05201237642615514, 0.19642145797430802","1.100604801251467, 0.9136708473232478, 0.9714487028505706, 0.913670847323247, 1.1006048012514675","0.2060548771884238, 0.15808929835027502, 0.15409859234578566, 0.1580892983502753, 0.20605487718842472"
1.836734693877551,0.5714285714285714,"0.1934666035040091, -0.049858549536796526, 0.21278389206557324, -0.049858549536796415, 0.1934666035040108","1.1205456280412296, 0.8945304524573946, 0.9698478390027534, 0.8945304524573938, 1.1205456280412294","0.22169902334625208, 0.1538425814962852, 0.15496240258161287, 0.15384258149628505, 0.22169902334625186"
1.836734693877551,0.6530612244897959,"0.19025565959797136, -0.04758195586919528, 0.21465259254244634, -0.047581955869194836, 0.1902556595979725","1.1414967923125827, 0.8737502983835773, 0.9695058186076798, 0.8737502983835779, 1.1414967923125823","0.23836743405094585, 0.14921509927715754, 0.15635566239865456, 0.14921509927715798, 0.23836743405094524"
1.836734693877551,0.7346938775510204,"0.18681138699154567, -0.045206708709600585, 0.2167906434361114, -0.04520670870960075, 0.1868113869915444","1.1634569854928036, 0.8512588514786591, 0.9705683260570763, 0.8512588514786593, 1.1634569854928034","0.2560466686058556, 0.14418974248367422, 0.1583316941985452, 0.144189742483674, 0.25604666860585573"
1.836734693877551,0.8163265306122449,"0.18316277790426289, -0.04275935891554686, 0.21919316202256764, -0.04275935891554716, 0.18316277790426366","1.186398723035464, 0.8270149799611046, 0.973172594006863, 0.8270149799611056, 1.186398723035465","0.27470027825890914, 0.138759786137718, 0.16094452131170905, 0.13875978613771803, 0.27470027825890925"
1.836734693877551,0.8979591836734694,"0.17934504339118088, -0.040268402851384166, 0.2218467189204082, -0.040268402851384555, 0.17934504339117974","1.2102643408892966, 0.8010168485782544, 0.9774376210648996, 0.8010168485782536, 1.2102643408892975","0.2942655271558257, 0.13293131361666718, 0.16424525609760235, 0.13293131361666685, 0.2942655271558266"
1.836734693877551,0.9795918367346939,"0.17539915819051038, -0.03776350645283588, 0.22472869652465133, -0.03776350645283827, 0.17539915819051216","1.234962851835963, 0.7733104183757327, 0.9834534595766093, 0.7733104183757327, 1.2349628518359603","0.3146509885250881, 0.12672529019240392, 0.16827784220399003, 0.1267252901924036, 0.3146509885250864"
1.836734693877551,1.0612244897959184,"0.17137090162839824, -0.035274476715812436, 0.22780715017482592, -0.03527447671581285, 0.17137090162840135","1.2603682828681873, 0.7439964734745801, 0.9912704873144682, 0.7439964734745818, 1.260368282868185","0.3357355237216577, 0.12017893420365172, 0.1730744009599725, 0.12017893420365221, 0.33573552372165505"
1.836734693877551,1.1428571428571428,"0.16730938493454778, -0.032830056207600516, 0.23104134254610573, -0.032830056207600655, 0.16730938493454778","1.2863201266022228, 0.7132349274978025, 1.0008898917999494, 0.7132349274978033, 1.2863201266022224","0.35736913880494553, 0.11334602456203832, 0.17865058850611534, 0.11334602456203847, 0.35736913880494514"
1.836734693877551,1.2244897959183674,"0.16326512635992102, -0.03045665860276142, 0.23438306448568308, -0.0304566586027612, 0.1632651263599188","1.3126264289349439, 0.6812451846272831, 1.0122567728755465, 0.6812451846272833, 1.3126264289349456","0.379376098796824, 0.10629584667272093, 0.18500150451507616, 0.10629584667272055, 0.3793760987968254"
1.836734693877551,1.3061224489795917,"0.15928781543364712, -0.028177192145524887, 0.23777875342375568, -0.02817719214552536, 0.15928781543364745","1.3390697744156987, 0.6483016230634344, 1.025257205041734, 0.6483016230634349, 1.3390697744156994","0.401560447061897, 0.09911062828531474, 0.19209875966210277, 0.09911062828531478, 0.40156044706189714"
1.836734693877551,1.3877551020408163,"0.15542397927628326, -0.026010122026494276, 0.24117228550042327, -0.02601012202649408, 0.155423979276282","1.3654160304841225, 0.6147238548675464, 1.0397202292966607, 0.6147238548675455, 1.3654160304841247","0.4237137409151612, 0.09188154177329497, 0.19988926375436544, 0.09188154177329469, 0.42371374091516323"
1.836734693877551,1.469387755102041,"0.15171480659525677, -0.023968895494531545, 0.24450817779855055, -0.023968895494531628, 0.15171480659525594","1.391425234746234, 0.5808622263145162, 1.0554250778785006, 0.5808622263145151, 1.3914252347462346","0.44562443011144165, 0.08470360926245442, 0.20829611694296754, 0.08470360926245418, 0.44562443011144237"
1.836734693877551,1.5510204081632653,"0.1481943819499985, -0.02206179756001414, 0.24773483122002957, -0.022061797560014362, 0.14819438195000073","1.4168635669299556, 0.5470798873433157, 1.0721130914534611, 0.5470798873433161, 1.416863566929953","0.46708796315670764, 0.07767007684058144, 0.21722168868882719, 0.07767007684058162, 0.4670879631567049"
1.836734693877551,1.6326530612244898,"0.144888528444787, -0.020292232756698475, 0.2508074086238222, -0.020292232756698517, 0.14488852844478772","1.4415150678799469, 0.513733447114542, 1.0895029700110237, 0.5137334471145425, 1.441515067879947","0.4879165079454949, 0.07086695424878128, 0.22655261327082402, 0.0708669542487814, 0.48791650794549457"
1.836734693877551,1.7142857142857142,"0.14181436117772683, -0.01865935847954156, 0.25368999460363, -0.018659358479541546, 0.14181436117772644","1.4651917494216886, 0.4811545352270365, 1.10730743070255, 0.48115453522703566, 1.4651917494216908","0.5079471896498087, 0.06436840077530862, 0.23616610653381895, 0.06436840077530852, 0.5079471896498101"
1.836734693877551,1.7959183673469388,"0.13898054017985906, -0.01715894633864605, 0.25635681231757684, -0.017158946338645648, 0.13898054017985606","1.4877410026586055, 0.4496344035720804, 1.1252491875386252, 0.449634403572079, 1.4877410026586126","0.5270479892277244, 0.05823347554535069, 0.2459368043743578, 0.0582334755453504, 0.5270479892277304"
1.836734693877551,1.8775510204081634,"0.13638810918279232, -0.015784330670512242, 0.2587924429754419, -0.01578433067051202, 0.13638810918278998","1.5090496891791003, 0.4194130867568957, 1.1430744481280044, 0.41941308675689504, 1.5090496891791043","0.545120848437468, 0.05250450808699518, 0.2557432909276872, 0.05250450808699499, 0.5451208484374718"
1.836734693877551,1.9591836734693877,"0.13403173890046172, -0.014527317628662384, 0.2609911574564006, -0.014527317628662453, 0.13403173890046272","1.5290448562262848, 0.3906737777757694, 1.1605627319958938, 0.39067377777577017, 1.5290448562262842","0.5621019818865021, 0.04720705903595514, 0.26547361970523914, 0.047207059035955214, 0.5621019818865007"
1.836734693877551,2.0408163265306123,"0.13190117095983628, -0.013378964404756319, 0.2629555868898382, -0.013378964404756319, 0.13190117095983828","1.5476915087318321, 0.363542212142256, 1.177532558251828, 0.3635422121422571, 1.5476915087318295","0.5779597887147078, 0.04235120545330005, 0.27502938028393403, 0.04235120545330019, 0.5779597887147045"
1.836734693877551,2.122448979591837,"0.12998267698752763, -0.012330182133647338, 0.2646950102922405, -0.012330182133647213, 0.12998267698752652","1.5649881952356361, 0.3380901906903342, 1.1938432281480582, 0.3380901906903341, 1.5649881952356388","0.5926910071184425, 0.03793374693084782, 0.28432814873532636, 0.03793374693084776, 0.5926910071184447"
1.836734693877551,2.204081632653061,"0.12826039251198634, -0.011372155489448421, 0.26622352595492094, -0.01137215548944856, 0.12826039251198978","1.5809612859391362, 0.3143420118693081, 1.2093934043831165, 0.3143420118693096, 1.58096128593913","0.6063158402166816, 0.03394089615868584, 0.29330441060994306, 0.03394089615868615, 0.6063158402166754"
1.836734693877551,2.2857142857142856,"0.12671744027291892, -0.010496599587578662, 0.26755831862932233, -0.01049659958757837, 0.12671744027291576","1.5956587664866646, 0.29228252462018267, 1.2241174177863012, 0.2922825246201812, 1.595658766486671","0.6188727268210357, 0.030351068986268492, 0.30190921727005865, 0.030351068986268298, 0.6188727268210418"
1.836734693877551,2.36734693877551,"0.1253368083144789, -0.009695888911859352, 0.2687181611947643, -0.009695888911859088, 0.12533680831447552","1.6091442032222512, 0.2718656751193417, 1.237980243316809, 0.27186567511934034, 1.6091442032222592","0.6304132876004447, 0.02713748778805842, 0.3101089184630856, 0.027137487788058176, 0.6304132876004518"
1.836734693877551,2.4489795918367347,"0.12410198684708262, -0.008963095917942233, 0.26972221814171715, -0.008963095917942296, 0.12410198684708451","1.6214913231047725, 0.2530227007536969, 1.2509719522830627, 0.2530227007536978, 1.6214913231047698","0.6409978012480478, 0.024270422838557994, 0.31788331976972656, 0.024270422838558105, 0.6409978012480448"
1.836734693877551,2.5306122448979593,"0.12299739201102078, -0.008291972743769388, 0.27058916146550105, -0.008291972743768923, 0.12299739201101689","1.632779447810366, 0.23566943033928806, 1.2631022437006867, 0.23566943033928706, 1.6327794478103745","0.6506913990982024, 0.02171899451706917, 0.32522356845946776, 0.021718994517069073, 0.6506913990982102"
1.836734693877551,2.6122448979591835,"0.12200861601352997, -0.007676901967464955, 0.27133657190786564, -0.007676901967465358, 0.12200861601353497","1.6430898578258175, 0.21971241917363327, 1.2743954460011084, 0.21971241917363513, 1.6430898578258084","0.6595610342874201, 0.01945253224793786, 0.33213000162816536, 0.019452532247938106, 0.6595610342874109"
1.836734693877551,2.693877551020408,"0.12112254510155507, -0.007112834408429969, 0.2719805786137547, -0.007112834408429636, 0.1211225451015498","1.6525030490399322, 0.20505385188619119, 1.284886198147744, 0.20505385188618988, 1.6525030490399426","0.667673190674937, 0.01744153208363861, 0.3386101167503272, 0.0174415320836384, 0.6676731906749472"
1.836734693877551,2.7755102040816326,"0.12032738313866681, -0.006595225144083408, 0.27253568401082684, -0.006595225144083922, 0.12032738313867386","1.6610967781394224, 0.19159528075852453, 1.29461588220412, 0.19159528075852697, 1.6610967781394097","0.6750922441157949, 0.015658277783594222, 0.34467675956843263, 0.01565827778359457, 0.6750922441157818"
1.836734693877551,2.857142857142857,"0.1196126121691814, -0.006119973799966726, 0.27301472326157583, -0.006119973799966559, 0.11961261216917618","1.6689447638814916, 0.1792403420303061, 1.3036297881763963, 0.1792403420303043, 1.6689447638815025","0.6818793658543038, 0.014077196528633127, 0.35034657323262636, 0.014077196528632872, 0.6818793658543141"
1.836734693877551,2.938775510204082,"0.11896891431776979, -0.00568337173803031, 0.2734289148405157, -0.005683371738030803, 0.11896891431777634","1.676115907355466, 0.1678966230347098, 1.3119749392196616, 0.1678966230347117, 1.6761159073554546","0.6880918552355193, 0.012675016357079648, 0.3556387166304518, 0.012675016357079866, 0.6880918552355075"
1.836734693877551,3.020408163265306,"0.11838807287004571, -0.005282056701625577, 0.27378796766315266, -0.00528205670162573, 0.11838807287005321","1.6826739053542492, 0.15747685411470164, 1.3196984810621122, 0.15747685411470347, 1.6826739053542359","0.6937827982865326, 0.011430783063920378, 0.3605738370531167, 0.011430783063920624, 0.6937827982865189"
1.836734693877551,3.1020408163265305,"0.11786286494232545, -0.004912974387696931, 0.2741002188907495, -0.004912974387696674, 0.11786286494231835","1.6886771492086903, 0.14789958369012526, 1.3268465342023554, 0.14789958369012374, 1.688677149208704","0.699000963777176, 0.010325783153202251, 0.36517326980808185, 0.010325783153202081, 0.6990009637771898"
1.836734693877551,3.183673469387755,"0.11738695390873222, -0.004573345959505766, 0.2743727841015507, -0.004573345959505606, 0.11738695390872844","1.694178821736549, 0.13908947158755414, 1.333463413351787, 0.1390894715875535, 1.6941788217365583","0.7037908650049692, 0.00934340857280046, 0.36945843212208346, 0.009343408572800332, 0.7037908650049775"
1.836734693877551,3.2653061224489797,"0.1169547866177385, -0.0042606404217577325, 0.2746117076080314, -0.0042606404217580135, 0.11695478661774616","1.699227124304541, 0.13097731061489626, 1.3395911301611396, 0.1309773106148982, 1.6992271243045265","0.7081929313579174, 0.008468989453326145, 0.3734503781322434, 0.008468989453326319, 0.7081929313579026"
1.836734693877551,3.3469387755102042,"0.11656149821390294, -0.003972550873704128, 0.2748221053196085, -0.00397255087370384, 0.11656149821389661","1.703865582898105, 0.12349986268164023, 1.345269108840499, 0.12349986268163901, 1.7038655828981184","0.7122437475030724, 0.007689613305219162, 0.3771694839822784, 0.007689613305219023, 0.7122437475030852"
1.836734693877551,3.4285714285714284,"0.11620282587964559, -0.0037069738228608234, 0.27500829588642295, -0.0037069738228610906, 0.1162028258796538","1.7081333960225458, 0.11659957513418139, 1.350534057686563, 0.11659957513418304, 1.7081333960225316","0.7159763294248023, 0.006993943092979256, 0.38063523564967644, 0.0069939430929794, 0.7159763294247872"
1.836734693877551,3.510204081632653,"0.1158750318403245, -0.003461990920179552, 0.2751739181597054, -0.003461990920179573, 0.11587503184032943","1.7120657982690535, 0.1102242259134954, 1.3554199516349124, 0.11022422591349668, 1.7120657982690433","0.7194204155402875, 0.006372042101322783, 0.38386609622857243, 0.0063720421013229635, 0.7194204155402777"
1.836734693877551,3.5918367346938775,"0.11557483537965191, -0.003235852636581448, 0.27532203451382975, -0.0032358526365823988, 0.1155748353796825","1.7156944217997903, 0.10432653255613777, 1.3599580912881986, 0.10432653255614455, 1.7156944217997305","0.7226027580208004, 0.005815210262080546, 0.38687943343907105, 0.005815210262081283, 0.7226027580207411"
1.836734693877551,3.673469387755102,"0.11529935327556146, -0.0030269635297409843, 0.27545522050837246, -0.003026963529740599, 0.11529935327554763","1.719047644265809, 0.09886374955549618, 1.3641772123573646, 0.09886374955549371, 1.7190476442658376","0.7255474045919589, 0.005315834348283515, 0.3896914918333924, 0.005315834348283317, 0.7255474045919867"
1.836734693877551,3.7551020408163267,"0.11504604789893658, -0.0028338688479267946, 0.2755756418979711, -0.0028338688479271033, 0.11504604789894624","1.7221509162127762, 0.09379727067455636, 1.3681036262253528, 0.09379727067455784, 1.7221509162127568","0.7282759648333461, 0.004867252919716233, 0.3923173973907647, 0.00486725291971637, 0.7282759648333271"
1.836734693877551,3.836734693877551,"0.11481268216119067, -0.0026552422886220624, 0.2756851202548546, -0.0026552422886223052, 0.1148126821611995","1.7250270642367174, 0.08909224694932888, 1.371761377627926, 0.08909224694933024, 1.7250270642367003","0.7308078576569811, 0.004463635922080912, 0.39477118490484603, 0.004463635922081032, 0.7308078576569638"
1.836734693877551,3.9183673469387754,"0.11459728049631446, -0.0024898747782926, 0.2757851885504476, -0.0024898747792226478, 0.11459728051075346","1.7276965683804477, 0.08471722688689913, 1.3751724094938456, 0.08471722688876676, 1.7276965683500434","0.7331605385068979, 0.004099878242921623, 0.3970658407914337, 0.004099878242948785, 0.7331605384770487"
1.836734693877551,4.0,"0.11439809517119037, -0.0023366641772268985, 0.27587713801203917, -0.002336664177227315, 0.11439809517122468","1.7301778136017856, 0.0806438223702666, 1.3783567280559594, 0.0806438223702721, 1.730177813601717","0.7353497059321324, 0.003771506193181379, 0.39921335575081235, 0.0037715061931817453, 0.7353497059320645"
1.9591836734693877,0.0,"0.21036933995382406, -0.06497141680081603, 0.20920415369398304, -0.06497141680081653, 0.21036933995382523","1.0, 0.9999999999999997, 1.0000000000000002, 0.9999999999999993, 0.9999999999999998","0.12731616947597302, 0.17220862107211812, 0.15321711432214008, 0.17220862107211796, 0.12731616947597263"
1.9591836734693877,0.08163265306122448,"0.20917443186572762, -0.06391088717849047, 0.20947291062552423, -0.06391088717849033, 0.20917443186572904","1.0139328750155694, 0.9890857023559445, 0.9939628452569724, 0.9890857023559456, 1.0139328750155692","0.13687233002660631, 0.16986664352719605, 0.1519387985365076, 0.1698666435271967, 0.13687233002660606"
1.9591836734693877,0.16326530612244897,"0.20769784815098644, -0.06264146362296802, 0.20988723094396092, -0.06264146362296844, 0.2076978481509884","1.0285459833485202, 0.9772511930860065, 0.9884056471309439, 0.9772511930860064, 1.0285459833485193","0.14722096390381126, 0.1673574285337068, 0.150960704751869, 0.16735742853370722, 0.14722096390381062"
1.9591836734693877,0.24489795918367346,"0.20593597760522647, -0.06117228893925669, 0.21047262266806027, -0.061172288939256386, 0.20593597760522653","1.0439139863516096, 0.964386032398639, 0.9833999624995037, 0.9643860323986391, 1.0439139863516096","0.15841568306956566, 0.16464655022472313, 0.15029320931305057, 0.164646550224723, 0.15841568306956552"
1.9591836734693877,0.32653061224489793,"0.20388694691686837, -0.05951333923373059, 0.2112527846337249, -0.05951333923373012, 0.20388694691686773","1.0601078031785467, 0.9503751943556649, 0.97903400493158, 0.9503751943556644, 1.0601078031785465","0.17050776875429718, 0.16169884028783305, 0.14995483671407284, 0.16169884028783255, 0.17050776875429646"
1.9591836734693877,0.40816326530612246,"0.2015513887106699, -0.057675959588935816, 0.21224914175653173, -0.057675959588936954, 0.20155138871067124","1.0771926286103986, 0.9351012799636802, 0.9754121828518436, 0.9351012799636808, 1.0771926286103972","0.1835440662247047, 0.15847915082084046, 0.1499722242683501, 0.15847915082084055, 0.1835440662247037"
1.9591836734693877,0.4897959183673469,"0.1989332644613513, -0.055673366668446855, 0.2134802044141891, -0.05567336666844691, 0.1989332644613534","1.0952253560256224, 0.9184477376308499, 0.9726538126870561, 0.9184477376308504, 1.095225356025621","0.19756440095085093, 0.1549534426598757, 0.15037987140507653, 0.15495344265987587, 0.1975644009508495"
1.9591836734693877,0.5714285714285714,"0.19604070865070847, -0.05352108577164105, 0.21496075424186437, -0.0535210857716415, 0.19604070865070966","1.114251389512273, 0.9003032494003762, 0.9708907221747021, 0.9003032494003758, 1.1142513895122725","0.21259851545940986, 0.15109023147297818, 0.151219552051499, 0.1510902314729784, 0.21259851545940986"
1.9591836734693877,0.6530612244897959,"0.19288684184038837, -0.05123727989801338, 0.21670087611525088, -0.051237279898012855, 0.192886841840387","1.1343008816490068, 0.8805673860661649, 0.9702634645696568, 0.8805673860661644, 1.1343008816490068","0.22866257633898224, 0.1468623976495169, 0.15253925697406048, 0.14686239764951667, 0.22866257633898246"
1.9591836734693877,0.7346938775510204,"0.1894904800924312, -0.04884292088819442, 0.21870488159152554, -0.04884292088819453, 0.18949048009243216","1.155384511888604, 0.8591575294741005, 0.9709159172745907, 0.8591575294741018, 1.1553845118886037","0.245755371778481, 0.14224932353352274, 0.15439153473667355, 0.14224932353352315, 0.24575537177848047"
1.9591836734693877,0.8163265306122449,"0.18587664944140753, -0.04636175054716257, 0.22097020221151, -0.04636175054716285, 0.18587664944140775","1.1774890260560342, 0.8360168953222252, 0.9729881572434822, 0.8360168953222253, 1.1774890260560333","0.26385441124077275, 0.13723926160747552, 0.1568311236620135, 0.13723926160747574, 0.2638544112407723"
1.9591836734693877,0.8979591836734694,"0.18207680157800782, -0.04381998608064769, 0.22348636900528038, -0.04381998608064763, 0.18207680157800743","1.2005728852463582, 0.8111232625211865, 0.9766077044649117, 0.8111232625211869, 1.2005728852463577","0.28291224446852825, 0.13183176256149276, 0.159911821741615, 0.1318317625614925, 0.28291224446852764"
1.9591836734693877,0.9795918367346939,"0.1781286265560568, -0.04124574204393294, 0.22623423097575332, -0.04124574204393289, 0.17812862655605566","1.2245625074806814, 0.7844977401306668, 0.9818795047773039, 0.7844977401306669, 1.2245625074806818","0.3028534229098146, 0.12603991171098927, 0.1636826332250056, 0.12603991171098924, 0.3028534229098152"
1.9591836734693877,1.0612244897959184,"0.17407537648730728, -0.03866817151472282, 0.2291855900548295, -0.03866817151472385, 0.17407537648730997","1.2493497002194198, 0.756212619018938, 0.9888753615232868, 0.7562126190189395, 1.2493497002194167","0.32357260891946227, 0.1198920525973084, 0.16818335925579636, 0.11989205259730891, 0.32357260891945927"
1.9591836734693877,1.1428571428571428,"0.1699646554528716, -0.03611637043659538, 0.23230342996744957, -0.036116370436595685, 0.16996465545287004","1.2747909362749636, 0.7263971299523168, 0.9976238675454376, 0.7263971299523171, 1.2747909362749659","0.34493436409630723, 0.1134326414844229, 0.1734399533744551, 0.11343264148442288, 0.3449343640963092"
1.9591836734693877,1.2244897959183674,"0.16584669543381414, -0.03361813488375742, 0.23554287889988745, -0.03361813488375742, 0.16584669543381364","1.3007090740464216, 0.6952398519299962, 1.0081021480471637, 0.6952398519299965, 1.3007090740464244","0.3667750825391063, 0.10672190202550766, 0.179460113797769, 0.10672190202550774, 0.3667750825391082"
1.9591836734693877,1.3061224489795917,"0.16177221910978412, -0.03119870109516862, 0.23885296397077033, -0.031198701095168507, 0.16177221910978273","1.3268979282279623, 0.6629866734393255, 1.0202307966654245, 0.6629866734393253, 1.3268979282279627","0.3889073516891122, 0.09983405532229872, 0.1862296919287873, 0.09983405532229855, 0.38890735168911317"
1.9591836734693877,1.3877551020408163,"0.15779007298749376, -0.028879620192663824, 0.24217909441034102, -0.028879620192663547, 0.1577900729874928","1.3531297512762217, 0.6299336575216397, 1.0338731824042768, 0.6299336575216387, 1.3531297512762235","0.41112672220970675, 0.09285408848066326, 0.19371051402161, 0.0928540884806631, 0.4111267222097083"
1.9591836734693877,1.469387755102041,"0.1539448776670469, -0.026677913223429106, 0.2454660711127622, -0.02667791322342941, 0.15394487766704967","1.379165228917432, 0.5964148745998928, 1.0488397929653535, 0.5964148745998947, 1.3791652289174299","0.433220487464413, 0.08587326851241728, 0.20184010490027623, 0.08587326851241751, 0.4332204874644098"
1.9591836734693877,1.5510204081632653,"0.1502749652900628, -0.024605614050603936, 0.24866129752108138, -0.024605614050604074, 0.15027496529006434","1.4047651175070266, 0.562786120471253, 1.0648975240434444, 0.5627861204712539, 1.4047651175070237","0.4549776916935235, 0.0789838540234552, 0.21053356416269473, 0.07898385402345542, 0.4549776916935209"
1.9591836734693877,1.6326530612244898,"0.1468108446738573, -0.02266974411975009, 0.2517177988917857, -0.0226697441197502, 0.14681084467385697","1.4297022831248316, 0.52940622360263, 1.0817829865450765, 0.5294062236026296, 1.4297022831248323","0.4761993060858023, 0.07227363599775302, 0.21968751446121051, 0.07227363599775295, 0.4761993060858031"
1.9591836734693877,1.7142857142857142,"0.14357435461488088, -0.02087268989696281, 0.25459667056416657, -0.020872689896962462, 0.14357435461487777","1.453772758548409, 0.4966181399674368, 1.0992182029683055, 0.4966181399674354, 1.4537727585484133","0.4967074236677878, 0.0658209928536318, 0.22918569505635528, 0.06582099285363159, 0.4967074236677922"
1.9591836734693877,1.7959183673469388,"0.14057855387847362, -0.019212890398439, 0.2572686730399294, -0.01921289039843946, 0.14057855387847562","1.4768045729008417, 0.46473207879623857, 1.1169266966058435, 0.46473207879623996, 1.4768045729008379","0.516352466959403, 0.0596910512666194, 0.23890550354946208, 0.05969105126661961, 0.5163524669593995"
1.9591836734693877,1.8775510204081634,"0.13782828133402603, -0.017685704742358546, 0.25971484681666257, -0.017685704742359087, 0.1378282813340293","1.49866350005585, 0.43401248094085143, 1.1346480380066035, 0.43401248094085315, 1.4986635000558448","0.5350177448413949, 0.05393332824799699, 0.24872466651326652, 0.05393332824799713, 0.5350177448413894"
1.9591836734693877,1.9591836734693877,"0.13532122998542645, -0.016284324566308198, 0.2619261891617603, -0.016284324566308406, 0.13532122998542978","1.5192554066705206, 0.4046699135886599, 1.1521493594816445, 0.4046699135886611, 1.519255406670514","0.5526211434824992, 0.04858095531903953, 0.25852727009113985, 0.04858095531903991, 0.552621143482493"
1.9591836734693877,2.0408163265306123,"0.13304933216021342, -0.015000619086409275, 0.26390257385239535, -0.015000619086408595, 0.13304933216020892","1.5385254142165739, 0.3768580736523065, 1.169233024262232, 0.3768580736523044, 1.5385254142165823","0.5691141720015921, 0.04365132825319735, 0.26820857470898485, 0.04365132825319708, 0.5691141720016004"
1.9591836734693877,2.122448979591837,"0.13100025247602892, -0.013825839681294569, 0.2656511744105341, -0.013825839681294028, 0.13100025247602604","1.5564544965263023, 0.350675332084473, 1.185740342778445, 0.35067533208447227, 1.556454496526308","0.5844789077972149, 0.03914784505882689, 0.2776783065343763, 0.039147845058826854, 0.5844789077972201"
1.9591836734693877,2.204081632653061,"0.12915881993898076, -0.012751152639182556, 0.26718466540040064, -0.012751152639182459, 0.12915881993898348","1.5730543489142184, 0.3261697523127828, 1.2015517975460024, 0.3261697523127839, 1.5730543489142126","0.5987235496132775, 0.035062315982072684, 0.286862386734928, 0.03506231598207296, 0.5987235496132719"
1.9591836734693877,2.2857142857142856,"0.12750828371552153, -0.011768002850440523, 0.2685194382698355, -0.011768002850440828, 0.12750828371552447","1.5883613875655045, 0.30334632135248984, 1.2165845821640173, 0.3033463213524913, 1.5883613875654976","0.6118772930106793, 0.03137764356100968, 0.29570327042766553, 0.03137764356100983, 0.6118772930106732"
1.9591836734693877,2.36734693877551,"0.1260313324065473, -0.010868332960851615, 0.26967400110860945, -0.010868332960851518, 0.1260313324065468","1.6024306175739913, 0.2821751954707965, 1.2307883739104244, 0.28217519547079606, 1.6024306175739946","0.6239851354114581, 0.028070447859534317, 0.3041591935610535, 0.02807044785953423, 0.6239851354114602"
1.9591836734693877,2.4489795918367347,"0.12471086276450138, -0.010044691945564684, 0.2706676583621235, -0.010044691945564795, 0.12471086276450499","1.6153299124371663, 0.2625999897933191, 1.244140195539037, 0.26259998979332133, 1.615329912437161","0.6351030522970109, 0.025113416196590087, 0.312202669578959, 0.025113416196590296, 0.6351030522970048"
1.9591836734693877,2.5306122448979593,"0.12353051570375245, -0.009290267268533887, 0.27151950312956086, -0.009290267268534262, 0.1235305157037545","1.6271350380887388, 0.24454543481784513, 1.2566390541868349, 0.24454543481784574, 1.6271350380887326","0.6452938119846575, 0.022477258782970737, 0.3198185583828686, 0.022477258782970858, 0.6452938119846526"
1.9591836734693877,2.6122448979591835,"0.12247501515168374, -0.008598869638885377, 0.2722477089743991, -0.008598869638885627, 0.1224750151516884","1.6379255718673105, 0.22792400726902012, 1.2683008417273471, 0.2279240072690215, 1.6379255718673016","0.6546235464177355, 0.02013223423220487, 0.3270019736489035, 0.020132234232205073, 0.6546235464177267"
1.9591836734693877,2.693877551020408,"0.12153035162969134, -0.007964892184806949, 0.2728690811102373, -0.007964892184806498, 0.1215303516296844","1.6477817305416966, 0.21264137492426674, 1.2791537890680615, 0.21264137492426505, 1.6477817305417082","0.6631590844763868, 0.01804926564910328, 0.3337562240532131, 0.018049265649103134, 0.663159084476399"
1.9591836734693877,2.7755102040816326,"0.1206838512116718, -0.0073832588346982655, 0.2733988152460485, -0.00738325883469855, 0.12068385121167641","1.656782034130466, 0.1986006599022262, 1.289234611934622, 0.19860065990222767, 1.656782034130456","0.670965983795025, 0.01620070037676488, 0.3400909156409239, 0.01620070037676508, 0.6709659837950156"
1.9591836734693877,2.857142857142857,"0.11992416512259674, -0.006849370929044307, 0.27385041161289986, -0.00684937092904403, 0.11992416512259202","1.6650016864256638, 0.1857056260513397, 1.2985853750459864, 0.18570562605133756, 1.6650016864256747","0.6781071605502298, 0.014560779821959862, 0.3460202853699063, 0.01456077982195962, 0.67810716055024"
1.9591836734693877,2.938775510204082,"0.11924120826683082, -0.006359056899266934, 0.27423569726486674, -0.006359056899267336, 0.11924120826683648","1.6725115377581385, 0.173862946353446, 1.3072510317768389, 0.1738629463534474, 1.6725115377581259","0.6846420049020486, 0.013105886322195805, 0.3515617929390458, 0.013105886322195986, 0.6846420049020371"
1.9591836734693877,3.020408163265306,"0.11862606802760878, -0.005908527106914821, 0.27456491815860606, -0.005908527106915112, 0.11862606802761522","1.6793774996832056, 0.1629837208400988, 1.3152775589534034, 0.16298372084009996, 1.6793774996831918","0.6906258737431406, 0.011814627244305455, 0.35673496888085043, 0.011814627244305624, 0.6906258737431277"
1.9591836734693877,3.1020408163265305,"0.11807089859371339, -0.005494334317997403, 0.2748468714485728, -0.00549433431799707, 0.1180708985937084","1.6856602960649658, 0.15298440799973584, 1.3227105918705886, 0.15298440799973467, 1.685660296064977","0.696109864919155, 0.010667806476618021, 0.36156049924341666, 0.0106678064766179, 0.6961098649191655"
1.9591836734693877,3.183673469387755,"0.11756881116253987, -0.005113339449810114, 0.2750890565745334, -0.0051133394498104195, 0.11756881116254725","1.6914154542145265, 0.14378731347101503, 1.3295944646289313, 0.1437873134710167, 1.6914154542145117","0.7011407930405921, 0.009648322824672935, 0.36605951814138116, 0.009648322824673128, 0.7011407930405776"
1.9591836734693877,3.2653061224489797,"0.1171137666411059, -0.004762681881574304, 0.27529783048093076, -0.004762681881574679, 0.11711376664111262","1.6966934593470473, 0.13532075611248953, 1.3359715690809395, 0.13532075611249111, 1.696693459347035","0.7057613032313369, 0.008741025017582785, 0.3702530763274384, 0.008741025017582945, 0.7057613032313242"
1.9591836734693877,3.3469387755102042,"0.11670047476906531, -0.004439753552893631, 0.2754785575676507, -0.004439753552893992, 0.11670047476907186","1.701540013496763, 0.12751900769343616, 1.3418819576196148, 0.12751900769343733, 1.7015400134967495","0.7100100739129287, 0.007932544743403004, 0.3741617545302908, 0.00793254474340313, 0.7100100739129156"
1.9591836734693877,3.4285714285714284,"0.11632430171861163, -0.004142176144355227, 0.2756357488514777, -0.0041421761443556256, 0.11632430171862101","1.705996355212014, 0.12032208082097877, 1.3473631279340301, 0.12032208082098061, 1.7059963552119934","0.7139220722468977, 0.00721112252025693, 0.3778053929916414, 0.007211122520257126, 0.7139220722468784"
1.9591836734693877,3.510204081632653,"0.11598118698435816, -0.0038677807573364413, 0.27577318754594854, -0.00386778075733675, 0.11598118698436655","1.710099608635268, 0.11367542131541805, 1.3524499400986438, 0.11367542131541955, 1.7100996086352502","0.7175288359927886, 0.006566436165441719, 0.38120291229471037, 0.006566436165441866, 0.7175288359927715"
1.9591836734693877,3.5918367346938775,"0.11566756959070568, -0.0036145896389288834, 0.27589404009644014, -0.0036145896389290187, 0.11566756959071178","1.713883140147152, 0.10752954626846883, 1.3571746271687692, 0.10752954626847003, 1.7138831401471377","0.7208587634491369, 0.005989437915508877, 0.38437220449424775, 0.005989437915509021, 0.7208587634491238"
1.9591836734693877,3.673469387755102,"0.11538032317727054, -0.003380799611116949, 0.2760009528676975, -0.003380799611116852, 0.11538032317726549","1.7173769079960044, 0.10183965722964652, 1.3615668695486889, 0.10183965722964558, 1.7173769079960146","0.7239373991401084, 0.005472203612711888, 0.38733007731414537, 0.005472203612711823, 0.7239373991401183"
1.9591836734693877,3.7551020408163267,"0.11511669927129053, -0.0031647669535450063, 0.27609613536461136, -0.0031647669535410823, 0.11511669927118429","1.720607795671689, 0.09656524892990571, 1.365653910796615, 0.0965652489298944, 1.7206077956718964","0.7267877073411833, 0.005007795559167104, 0.39009223755570266, 0.005007795559166605, 0.7267877073413879"
1.9591836734693877,3.836734693877551,"0.11487427794445992, -0.0029649935563959944, 0.2761814312238631, -0.002964993556396296, 0.11487427794446942","1.7235999236207833, 0.0916697271809872, 1.3694606983964772, 0.09166972718098876, 1.7235999236207635","0.7294303287355957, 0.004590139437732106, 0.3926733027695806, 0.004590139437732244, 0.7294303287355766"
1.9591836734693877,3.9183673469387754,"0.11465092502968771, -0.0027801142075188252, 0.27625837835567046, -0.002780114207518586, 0.11465092502967927","1.7263749365891536, 0.08712004461920533, 1.3730100375832661, 0.08712004461920397, 1.7263749365891696","0.7318838177442494, 0.004213914937636969, 0.39508683267703215, 0.004213914937636871, 0.7318838177442655"
1.9591836734693877,4.0,"0.11444475509939162, -0.0026088849100715447, 0.2763282596213458, -0.0026088849100719333, 0.11444475509940616","1.7289522657185388, 0.08288635938667135, 1.376322749789606, 0.08288635938667414, 1.7289522657185104","0.7341648596237192, 0.0038744592720143254, 0.39734537381421603, 0.003874459272014617, 0.7341648596236909"
2.0816326530612246,0.0,"0.21249319609721584, -0.0685094128448265, 0.21203243349522136, -0.06850941284482698, 0.21249319609721629","1.0000000000000002, 1.0000000000000002, 1.0000000000000002, 1.0, 1.0","0.12231606204167562, 0.16719497462549363, 0.14875447633041852, 0.1671949746254935, 0.12231606204167562"
2.0816326530612246,0.08163265306122448,"0.21132792819995488, -0.06744146775833781, 0.2122270791167667, -0.06744146775833745, 0.21132792819995347","1.0131073368133867, 0.9897120149730421, 0.994361296427141, 0.9897120149730418, 1.0131073368133863","0.13139766129016184, 0.165112079009248, 0.1476910703056108, 0.1651120790092479, 0.13139766129016203"
2.0816326530612246,0.16326530612244897,"0.20989271979890878, -0.06617456598120613, 0.21256369236459435, -0.06617456598120633, 0.2098927197989095","1.02687887066578, 0.9785532242566372, 0.9891358101551666, 0.978553224256637, 1.0268788706657794","0.14124108573405877, 0.1628760588644415, 0.14689421570777247, 0.1628760588644415, 0.14124108573405852"
2.0816326530612246,0.24489795918367346,"0.20818235480555886, -0.06471540857706112, 0.21306610754300653, -0.06471540857706093, 0.20818235480555636","1.0413885537199952, 0.9664176959253679, 0.9843875007092727, 0.9664176959253676, 1.041388553719996","0.1519012426040822, 0.16045445194727384, 0.14637308542038555, 0.16045445194727376, 0.15190124260408316"
2.0816326530612246,0.32653061224489793,"0.2061930187409547, -0.06307136310791825, 0.2137566887339251, -0.06307136310791842, 0.2061930187409569","1.056707963036144, 0.9531940403743879, 0.9801959931789359, 0.9531940403743884, 1.0567079630361444","0.1634318532320115, 0.15781373657787823, 0.1461443672490433, 0.1578137365778782, 0.16343185323201093"
2.0816326530612246,0.40816326530612246,"0.2039230183021166, -0.06125097902668858, 0.21465592144914336, -0.061250979026688496, 0.2039230183021171","1.072904562150351, 0.938767168808932, 0.9766565380814356, 0.9387671688089321, 1.0729045621503506","0.1758835890897317, 0.15491993475880483, 0.14623237491907937, 0.15491993475880514, 0.17588358908973134"
2.0816326530612246,0.4897959183673469,"0.20137357452264432, -0.05926449450433188, 0.21578183996337685, -0.059264494504331466, 0.20137357452264198","1.090039381462475, 0.9230209634364037, 0.9738793102022412, 0.923020963436403, 1.0900393814624763","0.1893017268305352, 0.15173951011141945, 0.14666900066645758, 0.15173951011141926, 0.1893017268305365"
2.0816326530612246,0.5714285714285714,"0.19854966561429588, -0.05712430913294153, 0.21714928703729094, -0.05712430913294081, 0.19854966561429532","1.1081640786926623, 0.9058420322492373, 0.9719877781162001, 0.9058420322492385, 1.108164078692662","0.20372329804039604, 0.14824060070189932, 0.1474933991841049, 0.1482406007018999, 0.20372329804039607"
2.0816326530612246,0.6530612244897959,"0.19546087779825683, -0.05484538614150261, 0.21876901668648963, -0.054845386141503055, 0.19546087779825932","1.1273173826428928, 0.8871246861641635, 0.9711158623858875, 0.8871246861641653, 1.1273173826428922","0.21917375081494408, 0.1443946081784132, 0.14875127619681128, 0.14439460817841362, 0.21917375081494272"
2.0816326530612246,0.7346938775510204,"0.1921222016955279, -0.05244553776202798, 0.22064667213299843, -0.052445537762029454, 0.19212220169553126","1.147520990534375, 0.8667771979703169, 0.9714036229906166, 0.8667771979703174, 1.1475209905343755","0.23566320266608717, 0.14017813140522475, 0.1504936476105988, 0.140178131405225, 0.23566320266608684"
2.0816326530612246,0.8163265306122449,"0.18855469040980943, -0.049945540626369356, 0.22278170043311918, -0.049945540626369134, 0.18855469040980977","1.1687750845562248, 0.8447292682872453, 0.9729912943130608, 0.8447292682872447, 1.1687750845562228","0.2531824492116887, 0.13557518251851816, 0.15277494489572815, 0.1355751825185182, 0.2531824492116877"
2.0816326530612246,0.8979591836734694,"0.1847858772877669, -0.04736902774630192, 0.22516630091706866, -0.047369027746301945, 0.18478587728776813","1.19105375529722, 0.820940426340812, 0.9760116367239373, 0.8209404263408122, 1.1910537552972191","0.2716989976380133, 0.1305795564905193, 0.15565037827410175, 0.13057955649051922, 0.2716989976380123"
2.0816326530612246,0.9795918367346939,"0.1808498422191483, -0.04474211316645427, 0.227784541894612, -0.04474211316645357, 0.18084984221914777","1.2143007581963188, 0.7954088383438072, 0.9805808069197476, 0.795408838343808, 1.2143007581963194","0.2911535076779699, 0.12519714741466748, 0.15917253976270512, 0.12519714741466798, 0.2911535076779705"
2.0816326530612246,1.0612244897959184,"0.17678682209986296, -0.04209272744895037, 0.23061181069817485, -0.042092727448950124, 0.17678682209986263","1.2384261617221926, 0.7681797102106459, 0.9867882561343213, 0.7681797102106465, 1.2384261617221932","0.31145712561327504, 0.11944792845337401, 0.16338733714782627, 0.11944792845337435, 0.31145712561327554"
2.0816326530612246,1.1428571428571428,"0.1726422900871981, -0.03944967718500228, 0.23361477419560717, -0.03944967718500242, 0.17264229008719947","1.263304536975075, 0.7393522082581636, 0.9946865095335233, 0.7393522082581645, 1.2633045369750744","0.3324902581611281, 0.1133672580111505, 0.16832949227996144, 0.11336725801115077, 0.3324902581611272"
2.0816326530612246,1.2244897959183674,"0.16846548277432336, -0.03684148640256449, 0.23675200725648324, -0.03684148640256418, 0.1684654827743225","1.2887753424065103, 0.7090836618549963, 1.0042819914769883, 0.7090836618549956, 1.288775342406512","0.35410331626624464, 0.10700616762675541, 0.1740179936202753, 0.10700616762675513, 0.35410331626624586"
2.0816326530612246,1.3061224489795917,"0.16430743144857596, -0.03429512411841337, 0.2399753853396762, -0.034295124118413206, 0.16430743144857446","1.31464603052662, 0.6775898480943157, 1.0155282427581283, 0.6775898480943148, 1.31464603052662","0.37611983050535364, 0.10043035102022366, 0.1804520292236641, 0.10043035102022344, 0.3761198305053544"
2.0816326530612246,1.3877551020408163,"0.1602186417913466, -0.03183475863184326, 0.24323223368099264, -0.031834758631843624, 0.16021864179134793","1.3406981221522727, 0.6451404645299927, 1.0283228266354716, 0.6451404645299945, 1.340698122152271","0.3983420855307752, 0.09371772000599218, 0.18760799699518882, 0.09371772000599257, 0.3983420855307731"
2.0816326530612246,1.469387755102041,"0.15624664632291446, -0.02948069295342412, 0.24646809326101882, -0.02948069295342451, 0.15624664632291552","1.3666960752947026, 0.6120494871020867, 1.0425088752064222, 0.6120494871020865, 1.3666960752947026","0.42055906110224345, 0.08695460950571408, 0.19543815078482848, 0.086954609505714, 0.42055906110224317"
2.0816326530612246,1.5510204081632653,"0.1524337025559191, -0.02724861845305457, 0.24962983179426973, -0.027248618453054985, 0.1524337025559208","1.3923982908226789, 0.5786609097701825, 1.0578815988142791, 0.5786609097701828, 1.3923982908226753","0.4425560651051284, 0.08023095997362648, 0.20387127112343517, 0.08023095997362664, 0.4425560651051256"
2.0816326530612246,1.6326530612244898,"0.14881490843008993, -0.025149275425181278, 0.25266873399018486, -0.02514927542518129, 0.1488149084300881","1.4175691611731691, 0.5453311983443798, 1.0741992809649006, 0.5453311983443784, 1.4175691611731733","0.4641250967413274, 0.07363501861721197, 0.21281546344911298, 0.07363501861721183, 0.4641250967413312"
2.0816326530612246,1.7142857142857142,"0.14541694913900288, -0.02318854024304634, 0.2555431822080888, -0.02318854024304637, 0.14541694913900116","1.4419908085902864, 0.5124104398171306, 1.0911975031851653, 0.5124104398171296, 1.4419908085902904","0.4850747879328134, 0.06724821629060392, 0.2221628426034346, 0.06724821629060374, 0.48507478793281666"
2.0816326530612246,1.7959183673469388,"0.14225758722348492, -0.021367887212170908, 0.2582205999773708, -0.021367887212171227, 0.14225758722348664","1.4654731651281463, 0.48022443446607466, 1.1086048008115612, 0.4802244344660756, 1.465473165128143","0.5052388052283653, 0.061140854331860395, 0.23179554672703986, 0.06114085433186042, 0.5052388052283623"
2.0816326530612246,1.8775510204081634,"0.1393458867516305, -0.019685118249332306, 0.2606784629954022, -0.019685118249332403, 0.1393458867516319","1.4878613291297291, 0.4490597751883793, 1.1261577913637857, 0.44905977518838025, 1.4878613291297267","0.5244818544384386, 0.05536907749951149, 0.24159232102895176, 0.05536907749951183, 0.5244818544384364"
2.0816326530612246,1.9591836734693877,"0.1366830537482468, -0.018135227846205873, 0.2629043481959182, -0.018135227846205804, 0.13668305374824663","1.5090396157793702, 0.41915334992590425, 1.1436140685894514, 0.41915334992590364, 1.5090396157793704","0.5427028465493574, 0.04997336196964226, 0.2514348722202431, 0.04997336196964214, 0.5427028465493577"
2.0816326530612246,2.0408163265306123,"0.13426370364189294, -0.016711276517539966, 0.2648951457512936, -0.016711276517540383, 0.134263703641894","1.5289322684330142, 0.3906868737709286, 1.1607617155921162, 0.39068687377092937, 1.5289322684330129","0.5598352428656064, 0.044978482348250026, 0.26121331510305734, 0.04497848234825003, 0.5598352428656046"
2.0816326530612246,2.122448979591837,"0.13207734288121065, -0.015405175305424568, 0.26665566484842707, -0.015405175305424818, 0.13207734288121192","1.5475012736763, 0.3637862368137181, 1.177424979019967, 0.36378623681371913, 1.5475012736762994","0.575844986402465, 0.040394706450645676, 0.2708302642108925, 0.04039470645064588, 0.5758449864024634"
2.0816326530612246,2.204081632653061,"0.1301098711787137, -0.014208324012283308, 0.268196905667137, -0.014208324012283585, 0.13010987117871603","1.5647420310540459, 0.33852482952072266, 1.1934662788504662, 0.33852482952072394, 1.5647420310540414","0.5907266704898819, 0.03621984209750871, 0.2802033927890677, 0.03621984209750897, 0.5907266704898778"
2.0816326530612246,2.2857142857142856,"0.1283449579664913, -0.013112084313196049, 0.26953425269340436, -0.013112084313196506, 0.12834495796649653","1.58067773888031, 0.31492967184969345, 1.2087851785400008, 0.31492967184969545, 1.5806777388802997","0.6044986745931645, 0.0324417327046365, 0.28926652156444305, 0.03244173270463699, 0.6044986745931552"
2.0816326530612246,2.36734693877551,"0.12676520377192407, -0.012108097776716523, 0.27068578800958776, -0.01210809777671655, 0.12676520377192146","1.595353299620986, 0.29298911840612696, 1.2233151639457716, 0.29298911840612585, 1.595353299620992","0.6171979388785581, 0.029040846997663773, 0.2979694684807677, 0.029040846997663544, 0.6171979388785634"
2.0816326530612246,2.4489795918367347,"0.1253530499130503, -0.011188475447574522, 0.27167085106904726, -0.01118847544757498, 0.12535304991305224","1.6088293834716165, 0.2726610655826671, 1.2370191018914376, 0.2726610655826681, 1.6088293834716136","0.6288749053844418, 0.025992699290376793, 0.30627697567466405, 0.025992699290376887, 0.6288749053844385"
2.0816326530612246,2.5306122448979593,"0.1240914399375243, -0.01034589141934187, 0.2725089029636328, -0.01034589141934205, 0.12409143993752697","1.6211770824928102, 0.2538808504312961, 1.249884134151793, 0.2538808504312968, 1.6211770824928053","0.6395889790848396, 0.02326993843241404, 0.3141670425476352, 0.023269938432414126, 0.6395889790848347"
2.0816326530612246,2.6122448979591835,"0.1229642612942018, -0.009573611130899745, 0.27321869967339363, -0.009573611130900259, 0.12296426129420462","1.632473390783397, 0.23656831910144455, 1.261916580230323, 0.23656831910144574, 1.6324733907833915","0.6494046978770777, 0.020844033363934995, 0.32162895673556535, 0.020844033363935054, 0.6494046978770721"
2.0816326530612246,2.693877551020408,"0.1219566075689475, -0.008865479532845971, 0.2738177439278015, -0.008865479532845659, 0.12195660756894289","1.6427975878330203, 0.22063379764543883, 1.2731372290430758, 0.22063379764543722, 1.642797587833031","0.6583886697250824, 0.018686550237178405, 0.32866125238277083, 0.018686550237178138, 0.6583886697250917"
2.0816326530612246,2.7755102040816326,"0.12105490381075101, -0.008215887555890554, 0.27432196749027526, -0.008215887555890956, 0.12105490381075501","1.6522284922032446, 0.20598289248113733, 1.2835772306312427, 0.2059828924811386, 1.652228492203237","0.6666072451113828, 0.016770058457124717, 0.3352697568066484, 0.01677005845712494, 0.6666072451113754"
2.0816326530612246,2.857142857142857,"0.12024693379077944, -0.007619729151075574, 0.27474559072058935, -0.007619729151076032, 0.12024693379078338","1.6608424878371204, 0.19252017727093668, 1.2932746697838955, 0.19252017727093743, 1.6608424878371149","0.6741248403874783, 0.015068724386922548, 0.3414658247694323, 0.015068724386922538, 0.6741248403874719"
2.0816326530612246,2.938775510204082,"0.11952180154941461, -0.007072356306842727, 0.27510110951485056, -0.007072356306843233, 0.11952180154942094","1.6687121959999147, 0.18015189618972882, 1.3022718156207247, 0.18015189618973068, 1.6687121959999025","0.6810028043386045, 0.013558657623565173, 0.3472648101030042, 0.013558657623565375, 0.6810028043385924"
2.0816326530612246,3.020408163265306,"0.11886985239964892, -0.006569536007598707, 0.2753993672158953, -0.006569536007599047, 0.11886985239965386","1.6759056610133567, 0.16878784456852375, 1.310612988836249, 0.16878784456852505, 1.6759056610133478","0.687298717013307, 0.01221807138466217, 0.3526847886950035, 0.012218071384662358, 0.6872987170132978"
2.0816326530612246,3.1020408163265305,"0.11828257188591801, -0.006107410887926178, 0.2756496780040102, -0.006107410887926504, 0.11828257188592439","1.6824859277542306, 0.1583425908872479, 1.3183429627170546, 0.1583425908872494, 1.6824859277542172","0.6930660184991297, 0.011027310242403911, 0.35774552349265104, 0.011027310242404054, 0.6930660184991172"
2.0816326530612246,3.183673469387755,"0.11775247560563162, -0.005682464050115771, 0.27585997688896213, -0.005682464050116062, 0.11775247560563817","1.6885109059171755, 0.14873619077693392, 1.325505806611794, 0.14873619077693567, 1.6885109059171626","0.6983538797537259, 0.009968788379203019, 0.36246764870377435, 0.009968788379203175, 0.698353879753713"
2.0816326530612246,3.2653061224489797,"0.1172729984257993, -0.005291487851841366, 0.276036978852077, -0.005291487851841789, 0.11727299842580696","1.6940334353125046, 0.13989452260579333, 1.3321440841634182, 0.13989452260579507, 1.6940334353124897","0.7032072437615172, 0.00902687165496816, 0.3668720440705159, 0.009026871654968328, 0.7032072437615023"
2.0816326530612246,3.3469387755102042,"0.11683838838217475, -0.004931556195756446, 0.27618633562715744, -0.004931556195756744, 0.11683838838218091","1.6991014850220127, 0.1317493509340002, 1.3382983280879868, 0.13174935093400156, 1.6991014850219992","0.707666980775886, 0.008187728065381768, 0.37097936857665437, 0.008187728065381913, 0.7076669807758732"
2.0816326530612246,3.4285714285714284,"0.11644360824709854, -0.004599999792771026, 0.27631278309135093, -0.004599999792770943, 0.11644360824709293","1.7037584355699085, 0.12423820187512863, 1.3440067251099168, 0.12423820187512716, 1.7037584355699193","0.7117701150181525, 0.007439164010980836, 0.3748097243512783, 0.007439164010980687, 0.7117701150181635"
2.0816326530612246,3.510204081632653,"0.11608424618769575, -0.004294383915255624, 0.2764202754551287, -0.0042943839152552905, 0.1160842461876867","1.7080434068301469, 0.11730411481737804, 1.3493049567049342, 0.11730411481737599, 1.7080434068301646","0.7155500915009548, 0.006770458201757322, 0.3783824244971262, 0.0067704582017571475, 0.7155500915009727"
2.0816326530612246,3.5918367346938775,"0.11575643591837842, -0.004012488240031323, 0.27651210464331366, -0.004012488240031014, 0.11575643591836998","1.7119916051883703, 0.11089531861514114, 1.3542261523929597, 0.11089531861513952, 1.7119916051883863","0.7190370606388367, 0.006172200821267705, 0.3817158421921006, 0.006172200821267565, 0.7190370606388529"
2.0816326530612246,3.673469387755102,"0.115456786123733, -0.0037522884689475955, 0.2765910046904353, -0.003752288468947474, 0.11545678612372684","1.71563467179173, 0.10496486723997445, 1.3588009219365804, 0.10496486723997328, 1.7156346717917428","0.7222581652444343, 0.005636142527599775, 0.3848273221207611, 0.005636142527599686, 0.7222581652444466"
2.0816326530612246,3.7551020408163267,"0.11518231856864891, -0.003511939491233046, 0.2766592418451127, -0.0035119394912349264, 0.11518231856870664","1.7190010199482795, 0.09947025965363263, 1.3630574407962779, 0.09947025965364266, 1.719001019948168","0.7252378197136663, 0.005155055729871686, 0.3877331387657149, 0.0051550557298726315, 0.7252378197135564"
2.0816326530612246,3.836734693877551,"0.11493041413215854, -0.0032897599115416683, 0.2767186915587549, -0.0032897599115418695, 0.11493041413216987","1.72211615428867, 0.09437306088773964, 1.3670215696472008, 0.09437306088774244, 1.7221161542886458","0.7279979750166827, 0.004722609127790157, 0.3904484891684841, 0.004722609127790477, 0.7279979750166596"
2.0816326530612246,3.9183673469387754,"0.1146987659339675, -0.0030842178109679493, 0.27677090375292257, -0.0030842178110367206, 0.11469876593511424","1.725002967552296, 0.08963853552317619, 1.3707169938511796, 0.0896385355232929, 1.725002967550053","0.7305583658443309, 0.004333255555288836, 0.3929875103992002, 0.004333255555303823, 0.7305583658421191"
2.0816326530612246,4.0,"0.11448533873292538, -0.0028939176383822283, 0.27681715781089955, -0.002893917638382544, 0.11448533873293992","1.727682013105944, 0.08523530053566017, 1.3741653727168177, 0.08523530053566336, 1.7276820131059152","0.7329367381558254, 0.003982132583368092, 0.3953633141606692, 0.0039821325833684215, 0.7329367381557966"
2.204081632653061,0.0,"0.21452689563001615, -0.07193078462468266, 0.21480777798933462, -0.07193078462468203, 0.2145268956300137","1.0000000000000002, 0.9999999999999997, 1.0, 0.9999999999999998, 0.9999999999999998","0.11747799918409497, 0.1622326057741728, 0.14433468318880846, 0.1622326057741729, 0.11747799918409532"
2.204081632653061,0.08163265306122448,"0.21339309000262846, -0.07086072997925458, 0.2149352799532551, -0.07086072997925497, 0.21339309000262607","1.0123230719537943, 0.9903063740942989, 0.994741107903814, 0.990306374094299, 1.012323071953795","0.12610270516841351, 0.16039058345280344, 0.14347217909611854, 0.1603905834528031, 0.12610270516841415"
2.204081632653061,0.16326530612244897,"0.2120009535171965, -0.06960163870246894, 0.21520137037054482, -0.06960163870246985, 0.21200095351719744","1.0252919604164503, 0.9797899145012048, 0.989836250164691, 0.9797899145012043, 1.02529196041645","0.1354577840641429, 0.1584088220360971, 0.14284610904024744, 0.15840882203609674, 0.1354577840641424"
2.204081632653061,0.24489795918367346,"0.21034393440038737, -0.06815807807216481, 0.21562828734355732, -0.06815807807216484, 0.21034393440038496","1.0389794081019694, 0.9683494298035671, 0.9853423241889276, 0.9683494298035674, 1.0389794081019708","0.14559879807037113, 0.1562568839219639, 0.14246451169635402, 0.15625688392196382, 0.1455987980703719"
2.204081632653061,0.32653061224489793,"0.20841657025453297, -0.06653511578394866, 0.21623709105883046, -0.066535115783949, 0.20841657025453464","1.0534569979666248, 0.9558775967947837, 0.981330810477185, 0.9558775967947839, 1.0534569979666262","0.15658113830496415, 0.1539030277146185, 0.14234230055526445, 0.15390302771461847, 0.15658113830496415"
2.204081632653061,0.40816326530612246,"0.20621515117475026, -0.06473880409776525, 0.2170473058460293, -0.06473880409776597, 0.20621515117475164","1.068793659578124, 0.9422623110023549, 0.977888058839042, 0.9422623110023551, 1.0687936595781238","0.16845840647777646, 0.15131467033111914, 0.14250148591730497, 0.15131467033111914, 0.16845840647777596"
2.204081632653061,0.4897959183673469,"0.20373846961935121, -0.06277667487295008, 0.21807641050719764, -0.06277667487294972, 0.20373846961935077","1.0850536196329763, 0.9273888498433965, 0.9751150610472532, 0.927388849843396, 1.0850536196329754","0.1812803262561391, 0.148459111562357, 0.14297128829234504, 0.1484591115623569, 0.18128032625613902"
2.204081632653061,0.5714285714285714,"0.2009886420992369, -0.06065822683697425, 0.21933916947547402, -0.060658226836974666, 0.2009886420992381","1.102293739469129, 0.9111430278852582, 0.9731264652912264, 0.9111430278852579, 1.1022937394691277","0.19509014056049304, 0.14530456574986594, 0.1437880460003601, 0.1453045657498661, 0.19509014056049265"
2.204081632653061,0.6530612244897959,"0.1979719716321302, -0.05839537572497497, 0.2208468081856892, -0.058395375724974996, 0.19797197163213076","1.1205602139197899, 0.8934155058188014, 0.9720485605228183, 0.8934155058188018, 1.1205602139197903","0.20992148322144713, 0.14182153317119617, 0.14499480033756343, 0.14182153317119645, 0.20992148322144738"
2.204081632653061,0.7346938775510204,"0.19469979982999416, -0.0560028266914471, 0.22260605372290693, -0.05600282669144696, 0.1946997998299932","1.1398846607497173, 0.874107360468924, 0.9720159575627173, 0.8741073604689239, 1.1398846607497177","0.2257947658775716, 0.13798451903162753, 0.14664042771206115, 0.13798451903162748, 0.22579476587757213"
2.204081632653061,0.8163265306122449,"0.19118927490225537, -0.05349831850798384, 0.2246180872114584, -0.05349831850798362, 0.1911892749022539","1.160279713054322, 0.8531369187442917, 0.9731667364027734, 0.8531369187442919, 1.1602797130543225","0.24271319697691657, 0.1337740674436883, 0.1487781865083245, 0.13377406744368833, 0.24271319697691718"
2.204081632653061,0.8979591836734694,"0.18746393987320753, -0.050902683333741705, 0.22687748692106827, -0.05090268333374173, 0.18746393987320814","1.1817343396614628, 0.8304476930166562, 0.9756359346437646, 0.8304476930166571, 1.1817343396614635","0.26065864906799446, 0.1291790201409878, 0.1514635658648875, 0.12917902014098798, 0.26065864906799413"
2.204081632653061,0.9795918367346939,"0.1835540290031143, -0.04823966780782504, 0.22937127760942103, -0.048239667807824654, 0.18355402900311465","1.2042092549687742, 0.8060170271987299, 0.9795474356649936, 0.8060170271987293, 1.2042092549687737","0.2795877066854374, 0.12419883754656329, 0.1547513733614866, 0.12419883754656365, 0.2795877066854373"
2.204081632653061,1.0612244897959184,"0.17949635658634527, -0.04553547441295264, 0.2320782356532133, -0.04553547441295264, 0.17949635658634697","1.227632923046749, 0.7798647870850114, 0.9850045797364813, 0.7798647870850122, 1.2276329230467486","0.29942834419349523, 0.11884574196608315, 0.15869208587118647, 0.11884574196608354, 0.2994283441934944"
2.204081632653061,1.1428571428571428,"0.17533369840793256, -0.04281800880149572, 0.2349686207871252, -0.042818008801495305, 0.17533369840793306","1.2518987808913962, 0.7520611456909897, 0.9920801468352283, 0.75206114569099, 1.2518987808913953","0.3200777740823618, 0.11314637545855628, 0.16332761299539486, 0.11314637545855673, 0.3200777740823613"
2.204081632653061,1.2244897959183674,"0.17111360793794933, -0.040115858457793446, 0.23800450103968712, -0.04011585845779317, 0.1711136079379505","1.2768643595858702, 0.7227322929591999, 1.000806694909862, 0.7227322929592015, 1.2768643595858695","0.34140203526572616, 0.10714263147641988, 0.16868677437214802, 0.1071426314764202, 0.34140203526572477"
2.204081632653061,1.3061224489795917,"0.16688667772870974, -0.03745707569435955, 0.24114079593129994, -0.03745707569435969, 0.1668866777287095","1.3023529223590553, 0.6920628285937576, 1.0111684980943747, 0.692062828593757, 1.3023529223590562","0.363237819788957, 0.10089134492413213, 0.17478094427858798, 0.10089134492413197, 0.36323781978895764"
2.204081632653061,1.3877551020408163,"0.16270434436285514, -0.03486788375405661, 0.24432707878240448, -0.03486788375405622, 0.16270434436285341","1.3281580289198502, 0.6602937639785162, 1.0230964142032655, 0.6602937639785165, 1.3281580289198531","0.38539683859377133, 0.09446262831842611, 0.18160042865873505, 0.09446262831842601, 0.38539683859377344"
2.204081632653061,1.469387755102041,"0.15861642633724166, -0.03237145579748635, 0.2475100589204888, -0.03237145579748629, 0.15861642633724216","1.3540510722150256, 0.6277155119444349, 1.0364668316810788, 0.6277155119444355, 1.3540510722150254","0.40767270498274005, 0.0879368226153843, 0.18911216468843262, 0.0879368226153844, 0.4076727049827396"
2.204081632653061,1.5510204081632653,"0.1546686552987696, -0.02998692072828782, 0.25063653085903476, -0.029986920728287403, 0.15466865529877116","1.3797913632588459, 0.5946559512267404, 1.0511053710288292, 0.5946559512267423, 1.3797913632588437","0.42984991263769007, 0.08140026366244976, 0.19725923558791075, 0.08140026366245044, 0.42984991263768774"
2.204081632653061,1.6326530612244898,"0.15090048885579388, -0.027728721125853423, 0.2536564645401176, -0.027728721125853506, 0.15090048885579554","1.4051378604169986, 0.5614644878575605, 1.066795303450883, 0.5614644878575622, 1.4051378604169948","0.4517140894506096, 0.07494029664762134, 0.20596246765668574, 0.07494029664762174, 0.4517140894506063"
2.204081632653061,1.7142857142857142,"0.14734346370560863, -0.025606390996620654, 0.2565258545820243, -0.025606390996620293, 0.14734346370560852","1.429861279456464, 0.528493793784483, 1.0832898535181075, 0.5284937937844834, 1.4298612794564654","0.4730624256878786, 0.06864013640252806, 0.2151240583877628, 0.06864013640252813, 0.4730624256878793"
2.204081632653061,1.7959183673469388,"0.14402026355278413, -0.02362474872219676, 0.259208970338825, -0.023624748722196776, 0.14402026355278452","1.4537551929121686, 0.4960813669557369, 1.10032688026419, 0.49608136695573646, 1.4537551929121704","0.4937130950385291, 0.06257421740600566, 0.22463284766673852, 0.06257421740600558, 0.49371309503853006"
2.204081632653061,1.8775510204081634,"0.14094455747004297, -0.021784433040840254, 0.26167975114159503, -0.02178443304084006, 0.14094455747004248","1.4766448825799774, 0.46453308310038377, 1.117644068639278, 0.4645330831003832, 1.4766448825799787","0.5135126448580983, 0.056804585007596206, 0.23437057679423037, 0.056804585007596095, 0.5135126448580994"
2.204081632653061,1.9591836734693877,"0.13812154214982525, -0.020082664642559436, 0.2639222449854667, -0.020082664642559964, 0.13812154214982775","1.4983931100454404, 0.434110488930334, 1.1349928020484548, 0.4341104889303361, 1.4983931100454375","0.5323406890194955, 0.05137867460038768, 0.24421835238518544, 0.05137867460038802, 0.5323406890194919"
2.204081632653061,2.0408163265306123,"0.135549026294765, -0.018514101842369124, 0.2659301510952104, -0.018514101842368652, 0.1355490262947623","1.5189025045601587, 0.40502285087226175, 1.152149289135155, 0.40502285087226053, 1.518902504560164","0.5501116946785619, 0.04632856875358339, 0.2540625691848427, 0.046328568753583176, 0.5501116946785669"
2.204081632653061,2.122448979591837,"0.13321884599998596, -0.017071673768172105, 0.2677056555363703, -0.01707167376817237, 0.13321884599998796","1.5381147923815002, 0.3774241373903088, 1.168922140456384, 0.37742413739030994, 1.5381147923814962","0.5667740930797208, 0.041671584004505144, 0.2637997211265099, 0.04167158400450528, 0.5667740930797169"
2.204081632653061,2.204081632653061,"0.13111839889392696, -0.015747308279213265, 0.26925781877056987, -0.01574730827921364, 0.13111839889393062","1.5560074871273395, 0.35141438858197904, 1.18515624858137, 0.35141438858198115, 1.5560074871273328","0.5823072670732605, 0.037411872912203506, 0.27333978114913143, 0.03741187291220384, 0.5823072670732539"
2.204081632653061,2.2857142857142856,"0.12923212080936836, -0.014532511377266244, 0.2706007811357974, -0.014532511377266022, 0.1292321208093663","1.5725888659116962, 0.32704445275975064, 1.2007333626571035, 0.32704445275974997, 1.5725888659117","0.5967171278076612, 0.033542655260252505, 0.2826080862489895, 0.033542655260252525, 0.5967171278076652"
2.204081632653061,2.36734693877551,"0.12754278401819474, -0.0134187894756876, 0.2717520109149821, -0.01341878947568828, 0.12754278401819902","1.5878920746727367, 0.3043228845870408, 1.2155700814804509, 0.3043228845870422, 1.587892074672728","0.6100309970994625, 0.03004870608713897, 0.29154586966496093, 0.03004870608713909, 0.6100309970994545"
2.204081632653061,2.4489795918367347,"0.12603255350713805, -0.012397929786904044, 0.27273075255953405, -0.012397929786903752, 0.12603255350713627","1.6019690871582748, 0.28322385795334576, 1.2296141097767581, 0.2832238579533449, 1.60196908715828","0.6222924036316695, 0.026908799401148716, 0.30010970978061396, 0.026908799401148546, 0.6222924036316735"
2.204081632653061,2.5306122448979593,"0.12468378569802585, -0.011462166374302904, 0.2735567613525544, -0.011462166374302966, 0.12468378569802568","1.614885051212001, 0.2636951607151481, 1.2428395761457023, 0.26369516071514926, 1.614885051212","0.6335562360909219, 0.024097902271929227, 0.30827021494796963, 0.0240979022719293, 0.633556236090921"
2.204081632653061,2.6122448979591835,"0.12347958723635294, -0.01060426235216335, 0.274249350231624, -0.010604262352163205, 0.12347958723634966","1.6267133519982915, 0.2456656156133024, 1.2552420647768077, 0.24566561561330105, 1.6267133519982977","0.6438845232880739, 0.02158900791127986, 0.31601025214332884, 0.02158900791127966, 0.6438845232880801"
2.204081632653061,2.693877551020408,"0.1224041699860609, -0.009817535748003911, 0.2748267315238836, -0.009817535748004105, 0.12240416998606402","1.6375315439856966, 0.2290515415153365, 1.2668338289979408, 0.22905154151533777, 1.6375315439856903","0.6533429622105813, 0.01935457248226085, 0.3233229787162622, 0.019354572482261054, 0.6533429622105753"
2.204081632653061,2.7755102040816326,"0.12144304512732751, -0.009095850849150496, 0.27530561144364857, -0.009095850849150267, 0.12144304512732446","1.647418170371882, 0.21376209078538516, 1.2776394776854598, 0.21376209078538416, 1.6474181703718882","0.6619982043452114, 0.017367572961616153, 0.33020987219468506, 0.017367572961616003, 0.6619982043452172"
2.204081632653061,2.857142857142857,"0.1205830981463194, -0.008433590696187869, 0.2757009850997332, -0.008433590696188147, 0.12058309814632351","1.656450402613593, 0.19970345739350065, 1.2876922799858184, 0.1997034573935021, 1.656450402613585","0.6699158398116823, 0.015602233688130969, 0.33667888889760456, 0.015602233688131123, 0.6699158398116744"
2.204081632653061,2.938775510204082,"0.11981258107754206, -0.00782562101387159, 0.2760260798726544, -0.007825621013871867, 0.11981258107754728","1.6647023868901298, 0.18678204920508454, 1.2970311278095803, 0.18678204920508612, 1.6647023868901192","0.677158981637142, 0.014034482044884045, 0.3427428270460627, 0.014034482044884227, 0.6771589816371318"
2.204081632653061,3.020408163265306,"0.11912105124931927, -0.0072672517618329185, 0.2762924010250226, -0.007267251761833161, 0.11912105124932437","1.6722441681178963, 0.17490676840050368, 1.3056981269632086, 0.17490676840050517, 1.6722441681178881","0.68378733985522, 0.012642194699507333, 0.34841792777420394, 0.012642194699507479, 0.6837873398552109"
2.204081632653061,3.1020408163265305,"0.11849927866037102, -0.006754199644579295, 0.27650984196841205, -0.006754199644579628, 0.1184992786603763","1.6791410650826537, 0.16399056020536423, 1.3137367494239744, 0.16399056020536598, 1.6791410650826446","0.68985667823765, 0.011405289955117831, 0.3537227179619951, 0.011405289955117946, 0.6898566782376402"
2.204081632653061,3.183673469387755,"0.11793913785567395, -0.0062825531201276055, 0.2766868305289025, -0.006282553120127897, 0.11793913785567917","1.685453383838122, 0.15395138479339188, 1.3211904627369826, 0.15395138479339354, 1.6854533838381123","0.6954185582623623, 0.01030571277220033, 0.35867708028330264, 0.010305712772200472, 0.6954185582623523"
2.204081632653061,3.2653061224489797,"0.11743349510567602, -0.005848740406698777, 0.27683049060203946, -0.005848740406699061, 0.11743349510568218","1.6912363746420984, 0.14471275024482982, 1.328101750226154, 0.14471275024483155, 1.6912363746420875","0.7005202903514393, 0.009327349342487195, 0.36330152575615987, 0.009327349342487374, 0.7005202903514278"
2.204081632653061,3.3469387755102042,"0.11697609783494789, -0.005449500450773533, 0.27694680523164517, -0.005449500450773824, 0.11697609783495433","1.6965403564899746, 0.13620392265544295, 1.3345114417091772, 0.13620392265544434, 1.6965403564899613","0.7052050282910511, 0.00845589911187001, 0.3676166399165861, 0.008455899111870165, 0.7052050282910383"
2.204081632653061,3.4285714285714284,"0.11656147044577675, -0.005081856589405374, 0.2770407722872626, -0.0050818565894050725, 0.11656147044577148","1.701410950596872, 0.12835990716786227, 1.3404582844705235, 0.12835990716786141, 1.7014109505968837","0.7095119573074735, 0.007678724500388689, 0.3716426734276259, 0.007678724500388595, 0.7095119573074844"
2.204081632653061,3.510204081632653,"0.11618481873449421, -0.0047430925777018, 0.277116547686407, -0.0047430925777021335, 0.11618481873450248","1.7058893789857654, 0.12112127319316147, 1.3459786956421604, 0.1211212731931632, 1.7058893789857494","0.713476538721868, 0.00698469242771358, 0.37539924989457035, 0.006984692427713723, 0.7134765387218519"
2.204081632653061,3.5918367346938775,"0.11584194379979973, -0.004430730671828531, 0.27717757374406726, -0.004430730671828132, 0.11584194379979001","1.7100127964029619, 0.11443387946988517, 1.3511066482542895, 0.11443387946988298, 1.710012796402982","0.7171307842446696, 0.006364017039460086, 0.3789051667653636, 0.0063640170394598985, 0.7171307842446891"
2.204081632653061,3.673469387755102,"0.11552916551594589, -0.004142511508160928, 0.27722669198443944, -0.004142511508160546, 0.11552916551593628","1.7138146332537039, 0.10824854014031457, 1.3558736532119458, 0.10824854014031265, 1.7138146332537239","0.720503540932971, 0.005808109542294863, 0.3821782687167618, 0.005808109542294696, 0.7205035409329904"
2.204081632653061,3.7551020408163267,"0.11524325514965406, -0.0038763755738944403, 0.2772662408484072, -0.0038763755738967613, 0.11524325514973","1.7173249344648307, 0.10252066154175575, 1.3603088079869639, 0.10252066154176895, 1.7173249344646808","0.7236207739056851, 0.005309438559061361, 0.3852353764124093, 0.005309438559062782, 0.723620773905538"
2.204081632653061,3.836734693877551,"0.11498137642952433, -0.003630446111600436, 0.27729813936386405, -0.0036304461116109382, 0.11498137642982303","1.7205706845390418, 0.09720987053915214, 1.364438889844155, 0.09720987053919689, 1.720570684538453","0.7265058384286173, 0.004861402684622668, 0.38809225672270753, 0.004861402684626374, 0.7265058384280382"
2.204081632653061,3.9183673469387754,"0.11474103425486731, -0.003403013336254767, 0.27732395816285355, -0.0034030133362520434, 0.11474103425478632","1.7235761129473288, 0.09227964852424889, 1.3682884770566917, 0.09227964852423791, 1.723576112947493","0.7291797362628921, 0.004458215765282803, 0.390763623303495, 0.004458215765281184, 0.7291797362630539"
2.204081632653061,4.0,"0.11452003020482254, -0.003192519868598389, 0.2773449793391542, -0.0031925198682030385, 0.1145200301928248","1.7263629767472732, 0.08769698024633799, 1.3718800859906777, 0.08769698024485811, 1.726362976770854","0.7316613534943424, 0.0040948046826732734, 0.3932631588101294, 0.0040948046825717305, 0.73166135351758"
2.326530612244898,0.0,"0.2164706032480505, -0.07523133063575249, 0.21752145477540236, -0.0752313306357531, 0.21647060324805273","0.9999999999999999, 1.0000000000000002, 0.9999999999999994, 0.9999999999999994, 0.9999999999999994","0.11280524953005475, 0.15733276006030983, 0.13996781572545913, 0.15733276006030972, 0.11280524953005448"
2.326530612244898,0.08163265306122448,"0.21536973776789797, -0.07416407661314009, 0.21758867769048568, -0.07416407661314064, 0.2153697377678972","1.0115795952726132, 0.9908693951279262, 0.9951020191989212, 0.9908693951279262, 1.0115795952726137","0.12099098888032024, 0.15571372899315133, 0.1392920291383391, 0.15571372899315122, 0.12099098888032044"
2.326530612244898,0.16326530612244897,"0.21402196529565504, -0.07291760508010064, 0.2177912795688902, -0.07291760508009945, 0.21402196529565504","1.0237847240417346, 0.9809623551362833, 0.9905058416439656, 0.9809623551362829, 1.023784724041735","0.12987518286409042, 0.15396759434409002, 0.1388258444969633, 0.15396759434408996, 0.12987518286409022"
2.326530612244898,0.24489795918367346,"0.2124196458381299, -0.07149464135208364, 0.21814999102790725, -0.07149464135208386, 0.21241964583813044","1.0366864905256838, 0.9701825825800068, 0.9862618537886192, 0.970182582580005, 1.0366864905256843","0.13951347956844973, 0.15206596741687262, 0.1385762484930074, 0.15206596741687192, 0.13951347956845006"
2.326530612244898,0.32653061224489793,"0.2105559435625341, -0.06989825128688151, 0.2186846154486935, -0.06989825128688198, 0.21055594356253646","1.050355899559205, 0.9584271531541055, 0.98243389457338, 0.9584271531541064, 1.0503558995592053","0.14996223802508188, 0.14997897665239135, 0.13855647052240178, 0.14997897665239154, 0.1499622380250816"
2.326530612244898,0.40816326530612246,"0.20842542862946378, -0.06813228648846265, 0.21941371571799817, -0.06813228648846303, 0.20842542862946356","1.0648626020692582, 0.9455875057139728, 0.9790997844335387, 0.9455875057139735, 1.0648626020692569","0.1612771522031883, 0.14767560737492225, 0.13878628482036373, 0.1476756073749227, 0.16127715220318778"
2.326530612244898,0.4897959183673469,"0.20602477391659024, -0.0662018550112769, 0.22035416218937132, -0.06620185501127768, 0.2060247739165929","1.0802731193561685, 0.9315511457413895, 0.9763514698048852, 0.9315511457413884, 1.080273119356167","0.17351142614477588, 0.14512427129845623, 0.13929224630992712, 0.14512427129845595, 0.17351142614477483"
2.326530612244898,0.5714285714285714,"0.20335353962017738, -0.0641138053651645, 0.2215205314899747, -0.06411380536516467, 0.2033535396201776","1.0966484752073833, 0.9162042416271918, 0.9742945663308501, 0.916204241627192, 1.0966484752073846","0.18671344147263721, 0.14229365235247524, 0.1401077767019148, 0.14229365235247526, 0.18671344147263785"
2.326530612244898,0.6530612244897959,"0.20041502473661016, -0.06187720170699393, 0.22292435394076554, -0.0618772017069949, 0.20041502473661316","1.1140411864466984, 0.8994352894579991, 0.9730470481906052, 0.8994352894580001, 1.114041186446698","0.20092388162140026, 0.13915386878599362, 0.14127299668407753, 0.13915386878599417, 0.2009238816213999"
2.326530612244898,0.7346938775510204,"0.19721714590957526, -0.059503756700177934, 0.22457322158120463, -0.059503756700177934, 0.1972171459095759","1.1324916051414433, 0.88113998873076, 0.9727368122555933, 0.88113998873076, 1.132491605141444","0.21617231896348063, 0.1356779743858682, 0.14283418174511017, 0.135677974385868, 0.2161723189634807"
2.326530612244898,0.8163265306122449,"0.19377328176587585, -0.0570081769020411, 0.22646979027233144, -0.0570081769020416, 0.19377328176587544","1.1520236753024966, 0.8612273948060098, 0.973497859782987, 0.8612273948060094, 1.1520236753024973","0.2324733360857025, 0.13184379044141747, 0.1448427089313361, 0.13184379044141745, 0.23247333608570311"
2.326530612244898,0.8979591836734694,"0.19010299681871856, -0.054408365946528064, 0.2286107382556208, -0.054408365946528314, 0.1901029968187172","1.1726402672053395, 0.8396272808632237, 0.9754649038628735, 0.839627280863224, 1.1726402672053409","0.24982234302277304, 0.1276360122920198, 0.14735336748802563, 0.1276360122920198, 0.24982234302277415"
2.326530612244898,0.9795918367346939,"0.18623253743030715, -0.05172542646131448, 0.23098577806201404, -0.05172542646131381, 0.18623253743030704","1.1943183816952319, 0.8162984452215347, 0.9787663461664675, 0.8162984452215343, 1.1943183816952323","0.2681913654018635, 0.12304847018725185, 0.15042193727207115, 0.12304847018725157, 0.2681913654018635"
2.326530612244898,1.0612244897959184,"0.18219497946019614, -0.04898340645378069, 0.23357685398716888, -0.048983406453780964, 0.18219497946019642","1.217004663864721, 0.7912374447626991, 0.9835157827451604, 0.7912374447626991, 1.2170046638647207","0.2875252030125297, 0.11808634903567485, 0.15410200394417925, 0.11808634903567472, 0.2875252030125296"
2.326530612244898,1.1428571428571428,"0.17802991086155023, -0.046208753368531585, 0.23635768501396398, -0.04620875336853178, 0.17802991086154926","1.2406118061009357, 0.7644869489928995, 0.9898024898123309, 0.7644869489928985, 1.2406118061009366","0.30773847207865956, 0.11276809765562806, 0.15844108408394936, 0.11276809765562763, 0.3077384720786605"
2.326530612244898,1.2244897959183674,"0.1737825601618077, -0.043429470868515174, 0.23929382141341418, -0.043429470868515035, 0.17378256016180837","1.2650165163695009, 0.7361426468811543, 0.9976816734986911, 0.736142646881154, 1.2650165163695015","0.32871411398712597, 0.10712670510174652, 0.16347627235552709, 0.1071267051017465, 0.32871411398712613"
2.326530612244898,1.3061224489795917,"0.16950233778660162, -0.0406740176796396, 0.2423433597860766, -0.04067401767963985, 0.1695023377866015","1.2900597308146238, 0.7063574810137156, 1.0071655763433227, 0.7063574810137153, 1.2900597308146236","0.3503039382797442, 0.10121001419739792, 0.16922977875507642, 0.10121001419739772, 0.3503039382797441"
2.326530612244898,1.3877551020408163,"0.16524083904335024, -0.03797003765459256, 0.24545839722248763, -0.037970037654592476, 0.16524083904334746","1.3155496153056108, 0.6753420226761838, 1.0182167240364115, 0.6753420226761815, 1.3155496153056148","0.3723316327490358, 0.09507980337168277, 0.17570486323177448, 0.09507980337168216, 0.3723316327490397"
2.326530612244898,1.469387755102041,"0.16104945326312659, -0.035343053933885704, 0.24858720134151727, -0.03534305393388573, 0.1610494532631278","1.341267606160658, 0.643360108957991, 1.0307445697627045, 0.6433601089579912, 1.341267606160656","0.3945984042095288, 0.08880950781683748, 0.1828827527808753, 0.08880950781683772, 0.39459840420952724"
2.326530612244898,1.5510204081632653,"0.15697681193448565, -0.032815284049032584, 0.25167694422909614, -0.03281528404903261, 0.15697681193448326","1.366977307368194, 0.6107194504653406, 1.0446064843329286, 0.6107194504653402, 1.3669773073681957","0.4168910337515007, 0.08248065759141848, 0.19072109893373457, 0.08248065759141826, 0.4168910337515027"
2.326530612244898,1.6326530612244898,"0.15306636419276465, -0.030404726181426228, 0.2546767239773218, -0.030404726181426422, 0.15306636419276665","1.3924355662290877, 0.5777577058054306, 1.0596134559309662, 0.577757705805432, 1.3924355662290868","0.4389917091831103, 0.0761783439982584, 0.19915437766501784, 0.07617834399825867, 0.43899170918310854"
2.326530612244898,1.7142857142857142,"0.14935436985357553, -0.028124626797875196, 0.2575405138885995, -0.02812462679787564, 0.14935436985357603","1.4174046111221983, 0.5448253351447923, 1.0755401074660216, 0.5448253351447925, 1.4174046111221972","0.4606886380170065, 0.06998622649404473, 0.20809636207361867, 0.06998622649404475, 0.46068863801700544"
2.326530612244898,1.7959183673469388,"0.14586854137058258, -0.025983374663404488, 0.26022966658564556, -0.025983374663404293, 0.14586854137058086","1.4416638813497356, 0.5122671713336635, 1.0921378946332014, 0.5122671713336626, 1.4416638813497387","0.48178625204727793, 0.06398169978355675, 0.21744446555818847, 0.06398169978355665, 0.4817862520472807"
2.326530612244898,1.8775510204081634,"0.14262745866230903, -0.02398479296190159, 0.262714668599185, -0.023984792961900994, 0.1426274586623087","1.4650201954065323, 0.4804048966040251, 1.1091498159788837, 0.48040489660402486, 1.4650201954065358","0.5021138556311383, 0.05823181755069997, 0.22708544267572023, 0.05823181755070012, 0.5021138556311407"
2.326530612244898,1.9591836734693877,"0.13964075258659947, -0.022128739845702974, 0.26497597451820937, -0.022128739845702586, 0.1396407525865973","1.4873151959053117, 0.44952240815938416, 1.1263247918706076, 0.4495224081593828, 1.487315195905317","0.5215318412398433, 0.052790419374243946, 0.2369017287127372, 0.052790419374243745, 0.5215318412398477"
2.326530612244898,2.0408163265306123,"0.1369099374077613, -0.020411893066999143, 0.26700391131847484, -0.02041189306699917, 0.13690993740776247","1.5084294960209395, 0.41985546301687304, 1.1434300819243775, 0.41985546301687354, 1.5084294960209372","0.5399350233670152, 0.047696675329487, 0.24677764731265764, 0.0476966753294872, 0.5399350233670133"
2.326530612244898,2.122448979591837,"0.1344296964137986, -0.018828591103140946, 0.26879778937868376, -0.01882859110314168, 0.13442969641380093","1.5282834987041034, 0.3915861917983756, 1.1602606189950477, 0.3915861917983764, 1.5282834987041012","0.5572531089064221, 0.04297501539996981, 0.25660481861487117, 0.042975015399969944, 0.5572531089064189"
2.326530612244898,2.204081632653061,"0.13218939902771332, -0.01737162569858841, 0.2703644533417531, -0.017371625698587717, 0.13218939902770954","1.5468353296459831, 0.36484228237704913, 1.1766447759539307, 0.36484228237704636, 1.5468353296459905","0.5734487146891598, 0.038636210636375984, 0.26628631332437047, 0.03863621063637561, 0.5734487146891666"
2.326530612244898,2.2857142857142856,"0.13017464715201066, -0.016032917135321276, 0.27171653996662315, -0.016032917135321262, 0.13017464715200916","1.5640766266566617, 0.3397000347504513, 1.1924466771857736, 0.33970003475045, 1.5640766266566652","0.5885135875661957, 0.03467925729610091, 0.2757393529189076, 0.03467925729610065, 0.5885135875661988"
2.326530612244898,2.36734693877551,"0.12836869717892446, -0.014804041370610616, 0.27287068838337564, -0.014804041370610185, 0.12836869717892097","1.580027035447583, 0.3161901646442232, 1.207565599816383, 0.3161901646442218, 1.5800270354475912","0.6024637612860189, 0.031093689329126706, 0.28489658851374233, 0.031093689329126525, 0.6024637612860261"
2.326530612244898,2.4489795918367347,"0.12675366340306737, -0.013676608630158127, 0.27384589045418006, -0.01367660863015839, 0.12675366340306943","1.5947282047253941, 0.29430517777759957, 1.2219332349940168, 0.2943051777776008, 1.5947282047253903","0.6153343259671609, 0.027861988944300548, 0.29370615896913765, 0.027861988944300704, 0.6153343259671574"
2.326530612244898,2.5306122448979593,"0.12531146340436844, -0.012642512370646217, 0.27466209793255736, -0.012642512370645932, 0.12531146340436622","1.6082379123783737, 0.274007279212904, 1.2355096168174402, 0.2740072792129031, 1.608237912378378","0.6271743427672929, 0.02496184874938096, 0.30213081881092957, 0.024961848749380802, 0.6271743427672972"
2.326530612244898,2.6122448979591835,"0.12402450772555479, -0.011694076190724476, 0.2753391369303375, -0.011694076190724788, 0.12402450772555734","1.6206247530864042, 0.25523603086398816, 1.2482784320992206, 0.25523603086399016, 1.620624753086401","0.6380422623593542, 0.022368132718050236, 0.3101464469453037, 0.02236813271805058, 0.6380422623593504"
2.326530612244898,2.693877551020408,"0.12287616243798138, -0.010824127050942635, 0.27589592922591916, -0.010824127050942926, 0.12287616243798521","1.631963625061058, 0.2379152438363345, 1.260242262205221, 0.23791524383633617, 1.6319636250610507","0.6480020418447118, 0.020054466400258725, 0.3177402183819552, 0.02005446640025882, 0.6480020418447044"
2.326530612244898,2.7755102040816326,"0.12185102574177581, -0.01002601937937303, 0.2763499872751918, -0.010026019379373308, 0.12185102574177864","1.6423320981022345, 0.22195883618403867, 1.271418131427458, 0.22195883618403967, 1.642332098102228","0.6571200236816969, 0.01799444918708689, 0.324908665813039, 0.017994449187087026, 0.657120023681691"
2.326530612244898,2.857142857142857,"0.12093506226476847, -0.009293629051910758, 0.2767171335742812, -0.009293629051911216, 0.12093506226477257","1.6518076363773955, 0.20727557437749478, 1.2818335784902273, 0.2072755743774961, 1.651807636377389","0.6654625493771241, 0.016162521264720488, 0.3316557945499076, 0.01616252126472062, 0.665462549377117"
2.326530612244898,2.938775510204082,"0.12011563510139472, -0.008621330649872326, 0.27701139109695994, -0.008621330649871944, 0.12011563510138978","1.6604655843967353, 0.19377274327974608, 1.2915233446470298, 0.19377274327974456, 1.6604655843967477","0.6730942270604912, 0.014534538355929664, 0.3379913553189628, 0.014534538355929503, 0.6730942270605019"
2.326530612244898,3.020408163265306,"0.1193814690505956, -0.008003966725319014, 0.2772449953494426, -0.008003966725319306, 0.11938146905059993","1.6683777944626663, 0.181358862435615, 1.3005266862034455, 0.1813588624356159, 1.668377794462656","0.6800767476326307, 0.0130881136644215, 0.34392933108569756, 0.013088113664421598, 0.6800767476326214"
2.326530612244898,3.1020408163265305,"0.11872257115583906, -0.007436814325550406, 0.27742848633942874, -0.007436814325550045, 0.11872257115583285","1.6756117677774682, 0.16994559891670288, 1.308885266611648, 0.169945598916701, 1.6756117677774807","0.6864681398540955, 0.011802783818129187, 0.3494866582771014, 0.011802783818128937, 0.6864681398541076"
2.326530612244898,3.183673469387755,"0.11813012779103566, -0.006915551662465741, 0.27757084774285457, -0.006915551662466109, 0.11813012779104176","1.6822301899216665, 0.15944903209683867, 1.3166415559630014, 0.15944903209684008, 1.6822301899216536","0.692322362508328, 0.010660048269789637, 0.354682178664424, 0.010660048269789783, 0.6923223625083159"
2.326530612244898,3.2653061224489797,"0.11759639176476555, -0.006436226329309548, 0.27767966912909425, -0.006436226329309132, 0.11759639176475911","1.6882907573308212, 0.14979041466907728, 1.3238376560001919, 0.14979041466907583, 1.6882907573308357","0.6976891455772815, 0.009643322512009967, 0.35953580363192733, 0.009643322512009818, 0.6976891455772948"
2.326530612244898,3.3469387755102042,"0.1171145683851938, -0.005995225611368754, 0.2777613144523433, -0.00599522561136908, 0.1171145683852009","1.693846209803474, 0.14089655514008803, 1.3305144701128888, 0.1408965551400898, 1.6938462098034597","0.7026140081279995, 0.00873783641589335, 0.36406786515217066, 0.00873783641589352, 0.7026140081279855"
2.326530612244898,3.4285714285714284,"0.11667870605884817, -0.005589248989709243, 0.27782108586173315, -0.005589248989708501, 0.11667870605883635","1.698944502009287, 0.13269992537366387, 1.3367111452340759, 0.13269992537366224, 1.6989445020093115","0.7071383958811989, 0.00793050096144402, 0.36829862527916496, 0.007930500961443949, 0.7071383958812227"
2.326530612244898,3.510204081632653,"0.11628359459841398, -0.005215282734375028, 0.2778633762719157, -0.005215282734375264, 0.1162835945984203","1.7036290629064785, 0.12513857572674225, 1.3424647227335686, 0.12513857572674364, 1.7036290629064634","0.7112998949668504, 0.007209759972313254, 0.3722479165504192, 0.007209759972313363, 0.7112998949668368"
2.326530612244898,3.5918367346938775,"0.11592467278000179, -0.004870576415109823, 0.27789180727022533, -0.0048705764151093615, 0.11592467277999235","1.7079391053153454, 0.11815592159245755, 1.347809946184377, 0.11815592159245553, 1.707939105315365","0.715132489680012, 0.0065654382325247545, 0.3759348880181986, 0.006565438232524537, 0.7151324896800308"
2.326530612244898,3.673469387755102,"0.11559794562078257, -0.0045526211544669425, 0.27790935106737674, -0.004552621154466675, 0.11559794562077425","1.7119099585920141, 0.11170044938436186, 1.3527791840472334, 0.11170044938436019, 1.7119099585920314","0.7186668411166958, 0.005988593407410434, 0.3793778347846112, 0.005988593407410299, 0.7186668411167126"
2.326530612244898,3.7551020408163267,"0.11529991118606825, -0.004259129470912743, 0.27791843656968346, -0.004259129470912854, 0.11529991118607397","1.7155734056391445, 0.10572537721623596, 1.3574024342892494, 0.10572537721623732, 1.7155734056391334","0.7219305706000613, 0.005471376303271313, 0.3825940922998999, 0.005471376303271484, 0.7219305706000502"
2.326530612244898,3.836734693877551,"0.11502749635139642, -0.003988016587533092, 0.27792104047223865, -0.003988016587534622, 0.11502749635143295","1.7189580117502297, 0.10018829548992192, 1.361707385519761, 0.1001882954899309, 1.7189580117501588","0.7249485371204486, 0.005006901958368977, 0.3855999799442078, 0.005006901958369905, 0.7249485371203783"
2.326530612244898,3.9183673469387754,"0.11477800075021521, -0.0037373831063416095, 0.2779187647122372, -0.003737383106342043, 0.11477800075023081","1.7220894373908227, 0.09505080490454099, 1.3657195154093005, 0.09505080490454441, 1.7220894373907898","0.7277431019291974, 0.004589132660605601, 0.3884107813631321, 0.004589132660605925, 0.7277431019291658"
2.326530612244898,4.0,"0.11454904806231075, -0.003505498965949875, 0.2779129018071399, -0.003505498965956342, 0.11454904806245586","1.7249907303353096, 0.09027816362088259, 1.3694622120878834, 0.0902781636209089, 1.7249907303350183","0.7303343762518594, 0.004212773066186944, 0.39104075158672685, 0.00421277306618936, 0.7303343762515718"
2.4489795918367347,0.0,"0.21832508847861448, -0.07840808016194908, 0.2201659833666724, -0.07840808016194659, 0.21832508847860935","0.9999999999999994, 1.0000000000000002, 1.0000000000000009, 1.0000000000000002, 1.0000000000000007","0.10829984554521543, 0.15250591266368388, 0.13566332778518497, 0.15250591266368382, 0.1082998455452166"
2.4489795918367347,0.08163265306122448,"0.21725830755561337, -0.0773481048309671, 0.22017959455070474, -0.07734810483096544, 0.21725830755561468","1.0108762017533675, 0.9914018321639795, 0.9954439321653062, 0.9914018321639799, 1.0108762017533683","0.11606469200210727, 0.15109244170227393, 0.1351600507835564, 0.1510924417022748, 0.11606469200210762"
2.4489795918367347,0.16326530612244897,"0.21595580516854473, -0.07611855798473013, 0.2203255056323733, -0.0761185579847308, 0.21595580516854318","1.0223561634998937, 0.9820719410267804, 0.9911437909466543, 0.9820719410267809, 1.0223561634998954","0.1244959151082111, 0.14956374074417672, 0.1348425610075862, 0.1495637407441762, 0.12449591510821165"
2.4489795918367347,0.24489795918367346,"0.21440907784374846, -0.07472059554674051, 0.22062303540598574, -0.07472059554673965, 0.21440907784374585","1.0345089922688597, 0.9719190050982895, 0.9871440052657021, 0.9719190050982883, 1.0345089922688597","0.13364875196109774, 0.14789346200355385, 0.13471688290169823, 0.1478934620035534, 0.13364875196109835"
2.4489795918367347,0.32653061224489793,"0.21261016977313613, -0.07315556444693569, 0.2210907893475971, -0.07315556444693541, 0.21261016977313807","1.0474046028079598, 0.9608447405325293, 0.9835013133190218, 0.9608447405325302, 1.0474046028079598","0.1435799012483685, 0.14605365327696762, 0.13479467130193012, 0.14605365327696854, 0.14357990124836814"
2.4489795918367347,0.40816326530612246,"0.21055221121482157, -0.07142540408461415, 0.22174638573958588, -0.07142540408461287, 0.21055221121481954","1.0611126909499822, 0.9487445775813557, 0.9802854629373231, 0.9487445775813566, 1.061112690949983","0.15434637997994824, 0.14401499337950718, 0.1350935674614353, 0.14401499337950757, 0.15434637997994893"
2.4489795918367347,0.4897959183673469,"0.20823005558035834, -0.06953308349211137, 0.22260605582350465, -0.06953308349211137, 0.2082300555803595","1.0757012272799245, 0.9355089539537134, 0.9775796375327248, 0.9355089539537138, 1.0757012272799238","0.16600396108582288, 0.14174722544961074, 0.13563752367264123, 0.14174722544961105, 0.16600396108582247"
2.4489795918367347,0.5714285714285714,"0.20564101487503333, -0.06748306771087689, 0.22368410567168856, -0.06748306771087642, 0.20564101487503172","1.0912343908328044, 0.9210253989522201, 0.9754804204299522, 0.9210253989522199, 1.0912343908328053","0.17860512256066974, 0.13921983441533975, 0.13645702666289597, 0.13921983441533972, 0.17860512256067052"
2.4489795918367347,0.6530612244897959,"0.20278568154804466, -0.06528179823081223, 0.2249922333655355, -0.06528179823081226, 0.20278568154804452","1.1077698751534066, 0.9051815897103164, 0.9740970702725555, 0.9051815897103155, 1.1077698751534062","0.19219645350890788, 0.13640301266523075, 0.13758912929908215, 0.13640301266523058, 0.19219645350890796"
2.4489795918367347,0.7346938775510204,"0.1996688084721742, -0.06293816158918891, 0.2265387062340309, -0.06293816158918913, 0.19966880847217258","1.125355529859452, 0.8878695452790965, 0.9735498497229025, 0.8878695452790969, 1.1253555298594524","0.20681549364643498, 0.1332689472887196, 0.139077179518505, 0.13326894728871957, 0.20681549364643553"
2.4489795918367347,0.8163265306122449,"0.19630019773942442, -0.06046390808515001, 0.228327420691452, -0.06046390808514965, 0.19630019773942278","1.1440253564258627, 0.8689910726358416, 0.9739671418765908, 0.8689910726358399, 1.144025356425862","0.2224870359210669, 0.1297934395420282, 0.14097011918720412, 0.12979343954202757, 0.22248703592106725"
2.4489795918367347,0.8979591836734694,"0.19269552447810695, -0.05787397063618388, 0.23035689231615253, -0.057873970636184185, 0.19269552447810895","1.1637949627332036, 0.8484644768389727, 0.97548112085565, 0.8484644768389737, 1.1637949627332032","0.23921900100939106, 0.12595782922088272, 0.143321220432507, 0.12595782922088283, 0.23921900100938992"
2.4489795918367347,0.9795918367346939,"0.18887699703713107, -0.055186624762800535, 0.23261925545133874, -0.055186624762800146, 0.18887699703713093","1.1846566986955982, 0.8262323842538075, 0.9782218341011899, 0.8262323842538073, 1.1846566986955984","0.2569980979258536, 0.12175114191497372, 0.14618614166099866, 0.12175114191497365, 0.2569980979258538"
2.4489795918367347,1.0612244897959184,"0.18487373497268736, -0.052423428228402624, 0.2350993865114301, -0.05242342822840257, 0.18487373497268747","1.2065748390995292, 0.8022703008109242, 0.982309720179093, 0.8022703008109244, 1.2065748390995275","0.2757856102918479, 0.11717230798116368, 0.14962022959040436, 0.11717230798116368, 0.27578561029184706"
2.4489795918367347,1.1428571428571428,"0.18072173877682124, -0.04960888712744757, 0.23777429670125166, -0.04960888712744668, 0.18072173877682182","1.2294813319541036, 0.7765952517876009, 0.9878468325165927, 0.7765952517876005, 1.229481331954105","0.29551377610030716, 0.11223222677667855, 0.15367507497542895, 0.1122322267766789, 0.2955137761003079"
2.4489795918367347,1.2244897959183674,"0.17646333866597652, -0.046769817589069035, 0.24061295784618558, -0.0467698175890702, 0.17646333866597724","1.2532727589150492, 0.7492735661186543, 0.9949073499325937, 0.7492735661186547, 1.2532727589150476","0.3160833310064227, 0.10695538394804235, 0.15839444987573761, 0.10695538394804209, 0.31608333100642144"
2.4489795918367347,1.3061224489795917,"0.1721460509626232, -0.04393440956744704, 0.2435767172096467, -0.04393440956744693, 0.1721460509626242","1.2778092133257406, 0.7204266456562927, 1.0035282820359344, 0.7204266456562929, 1.2778092133257415","0.3373628219604889, 0.10138069574672953, 0.16380990351156416, 0.10138069574672946, 0.3373628219604888"
2.4489795918367347,1.3877551020408163,"0.16782084148978377, -0.04113104781135485, 0.24662041264314144, -0.04113104781135499, 0.16782084148978496","1.3029157413470616, 0.6902334875044734, 1.0137015422969307, 0.6902334875044742, 1.3029157413470605","0.35919022801444717, 0.09556127694167407, 0.16993644693459437, 0.09556127694167435, 0.3591902280144464"
2.4489795918367347,1.469387755102041,"0.16353988902313077, -0.0383869960387927, 0.24969421403132414, -0.0383869960387937, 0.16353988902313193","1.3283867754497498, 0.6589288919448931, 1.0253686652107175, 0.6589288919448936, 1.328386775449749","0.3813772199981895, 0.08956292582856915, 0.17676887424569818, 0.08956292582856897, 0.3813772199981882"
2.4489795918367347,1.5510204081632653,"0.15935404087686145, -0.03572709030755397, 0.2527460988613851, -0.035727090307554055, 0.15935404087686134","1.3539936148767477, 0.6267967358269899, 1.038419298592525, 0.6267967358269892, 1.3539936148767475","0.40371605351728174, 0.0834612914704045, 0.18427930378715696, 0.08346129147040465, 0.4037160535172823"
2.4489795918367347,1.6326530612244898,"0.15531023193766808, -0.03317260277128001, 0.255724741667223, -0.03317260277128012, 0.1553102319376694","1.379494524536243, 0.594158389581301, 1.052694171764914, 0.5941583895813021, 1.3794945245362422","0.425988668466931, 0.07733790928876882, 0.19241643993382784, 0.0773379092887691, 0.4259886684669297"
2.4489795918367347,1.7142857142857142,"0.15144917224934412, -0.030740418668632696, 0.2585824928385765, -0.03074041866863271, 0.151449172249345","1.404646535007982, 0.5613571771029044, 1.0679925757782296, 0.5613571771029052, 1.404646535007981","0.4479771544958637, 0.07127551118634967, 0.2011068464299067, 0.07127551118634992, 0.4479771544958627"
2.4489795918367347,1.7959183673469388,"0.14780358067661592, -0.02844261862324922, 0.2612780758932649, -0.028442618623249413, 0.14780358067661792","1.4292176627397895, 0.5287405197814437, 1.0840836349575367, 0.528740519781445, 1.429217662739787","0.4694744473623745, 0.06535317372851747, 0.21025821806091147, 0.06535317372851784, 0.46947444736237187"
2.4489795918367347,1.8775510204081634,"0.1443971553093812, -0.02628648734874503, 0.26377866407872796, -0.02628648734874471, 0.14439715530938113","1.45299814398556, 0.4966418580021386, 1.1007199960246046, 0.49664185800213945, 1.4529981439855624","0.4902940382523747, 0.05964191206777364, 0.21976430860185564, 0.0596419120677738, 0.4902940382523761"
2.4489795918367347,1.9591836734693877,"0.1412443464578429, -0.02427489807571881, 0.26606110323574905, -0.02427489807571899, 0.14124434645784606","1.4758094363324388, 0.46536446802364795, 1.1176521912878314, 0.4653644680236496, 1.4758094363324337","0.510277640788159, 0.054201241000476935, 0.22951090491225223, 0.05420124100047734, 0.5102776407881541"
2.4489795918367347,2.0408163265306123,"0.13835086862285095, -0.022406968547315317, 0.2681121998489278, -0.022406968547315442, 0.13835086862285262","1.4975101468905847, 0.43516888399886744, 1.1346419382210993, 0.4351688839988699, 1.4975101468905827","0.5293001267838701, 0.04907703263179458, 0.23938209923316245, 0.049077032631795, 0.5293001267838675"
2.4489795918367347,2.122448979591837,"0.13571478622851618, -0.02067886074905642, 0.2699281490410819, -0.020678860749056144, 0.1357147862285144","1.5179985816684418, 0.4062649230947756, 1.1514729904735637, 0.40626492309477436, 1.517998581668444","0.5472715094723203, 0.04430075962927474, 0.24926613163018174, 0.04430075962927468, 0.5472715094723231"
2.4489795918367347,2.204081632653061,"0.13332795436220318, -0.019084603176506773, 0.27151329762860765, -0.019084603176507065, 0.13332795436220302","1.5372121337818898, 0.37880850361393115, 1.1679587252083594, 0.3788085036139305, 1.537212133781892","0.5641361996529117, 0.03988998972399392, 0.25906023029864145, 0.03988998972399381, 0.5641361996529131"
2.4489795918367347,2.2857142857142856,"0.13117759313546262, -0.017616842790593903, 0.2728784993102586, -0.017616842790594348, 0.13117759313546662","1.5551241212623186, 0.35290274508482455, 1.1839462673057204, 0.35290274508482655, 1.5551241212623097","0.5798700881793113, 0.0358498410095323, 0.26867411174520883, 0.03584984100953248, 0.5798700881793032"
2.4489795918367347,2.36734693877551,"0.12924781086886566, -0.016267471260887803, 0.27403932078404625, -0.016267471260887442, 0.1292478108688629","1.5717388896278415, 0.3286023779963173, 1.199317464751679, 0.3286023779963163, 1.5717388896278464","0.5944761714458409, 0.0321750392465478, 0.27803204820435956, 0.03217503924654765, 0.5944761714458455"
2.4489795918367347,2.4489795918367347,"0.12752094842278855, -0.015028105366175049, 0.2750143138867711, -0.015028105366175076, 0.12752094842279088","1.5870860146634498, 0.30592030608001286, 1.21398735851308, 0.30592030608001397, 1.587086014663445","0.6079794427767956, 0.028852229623369172, 0.28707361198290215, 0.028852229623369294, 0.6079794427767907"
2.4489795918367347,2.5306122448979593,"0.12597867672971258, -0.013890427665743374, 0.27582350187205895, -0.013890427665743596, 0.1259786767297159","1.6012143255279692, 0.28483521341072426, 1.2279009221226203, 0.28483521341072515, 1.6012143255279643","0.6204216656587405, 0.025862260313826657, 0.2957533374562531, 0.025862260313826775, 0.620421665658735"
2.4489795918367347,2.6122448979591835,"0.12460282963092667, -0.012846408784979085, 0.27648715830810155, -0.012846408784979411, 0.12460282963093061","1.6141862818143409, 0.26529930844294325, 1.241028819485439, 0.265299308442945, 1.6141862818143322","0.6318564803743428, 0.02318224348705578, 0.3040395983872854, 0.02318224348705604, 0.631856480374335"
2.4489795918367347,2.693877551020408,"0.12337598898263763, -0.011888438346166236, 0.2770248987270608, -0.011888438346165861, 0.12337598898263391","1.6260730379508357, 0.24724555995348907, 1.253362804191345, 0.2472455599534885, 1.6260730379508426","0.6423451224348715, 0.020787286539864988, 0.31191299557002355, 0.02078728653986487, 0.6423451224348781"
2.4489795918367347,2.7755102040816326,"0.12228185859586815, -0.011009390746941329, 0.27745506430214895, -0.011009390746940871, 0.12228185859586505","1.636950352944624, 0.23059403818889934, 1.2649112177329482, 0.23059403818889795, 1.636950352944629","0.651952881312426, 0.018651857408021503, 0.3193645090061054, 0.01865185740802132, 0.6519528813124312"
2.4489795918367347,2.857142857142857,"0.12130547092644856, -0.010202647725437664, 0.27779435359797433, -0.010202647725437906, 0.12130547092645305","1.6468953712634575, 0.21525718871101457, 1.275694880051065, 0.21525718871101596, 1.64689537126345","0.6607463160436494, 0.016750797352301068, 0.32639361046701026, 0.016750797352301356, 0.6607463160436416"
2.4489795918367347,2.938775510204082,"0.12043326954924433, -0.009462094295895736, 0.27805764949330625, -0.009462094295895479, 0.12043326954924083","1.6559842143314802, 0.2011440216584609, 1.2857435280201122, 0.20114402165845985, 1.6559842143314878","0.6687911719017625, 0.015060023582739963, 0.33300647181516796, 0.015060023582739824, 0.6687911719017696"
2.4489795918367347,3.020408163265306,"0.11965310501028908, -0.008782099608292723, 0.27825798919601274, -0.008782099608292258, 0.1196531050102832","1.664290275202704, 0.18816329734003093, 1.2950928549145209, 0.18816329734002935, 1.6642902752027156","0.6761509035461283, 0.013556976765514477, 0.3392143511731171, 0.013556976765514279, 0.6761509035461394"
2.4489795918367347,3.1020408163265305,"0.11895417439896933, -0.008157490223810737, 0.2784066316496775, -0.008157490223811154, 0.11895417439897515","1.6718830913522225, 0.17622584080297332, 1.3037821356896198, 0.1762258408029749, 1.6718830913522102","0.6828856960228316, 0.012220870004965665, 0.34503219707412164, 0.012220870004965837, 0.68288569602282"
2.4489795918367347,3.183673469387755,"0.11832692766433761, -0.007583520340108937, 0.27851318535154623, -0.007583520340108618, 0.11832692766433389","1.678827672061198, 0.16524613635714822, 1.3118523831633015, 0.1652461363571472, 1.6788276720612063","0.6890518770162497, 0.011032790907501103, 0.35047748067869183, 0.011032790907500995, 0.6890518770162575"
2.4489795918367347,3.2653061224489797,"0.11776295723941999, -0.007055841516180696, 0.27858576855351835, -0.007055841516180973, 0.11776295723942332","1.6851841692326046, 0.1551433500363808, 1.3193449614620356, 0.15514335003638158, 1.6851841692325988","0.6947016247629977, 0.009975700281663447, 0.3555692465945335, 0.00997570028166351, 0.6947016247629916"
2.4489795918367347,3.3469387755102042,"0.11725488229303704, -0.006570473209458874, 0.2786311818328373, -0.006570473209459075, 0.1172548822930436","1.6910077976505968, 0.14584191312764294, 1.3263005784435318, 0.14584191312764483, 1.6910077976505848","0.6998828909707607, 0.009034362199362423, 0.36032736158115475, 0.009034362199362636, 0.6998828909707485"
2.4489795918367347,3.4285714285714284,"0.11679623492044916, -0.006123774720367035, 0.2786550795998278, -0.006123774720367445, 0.11679623492045754","1.696348928819074, 0.137271779862511, 1.332758582636844, 0.13727177986251302, 1.6963489288190574","0.7046394736978887, 0.008195231857622418, 0.36477193516870515, 0.008195231857622576, 0.7046394736978723"
2.4489795918367347,3.510204081632653,"0.11638135266650912, -0.005712418755709665, 0.2786621321783954, -0.005712418755709943, 0.11638135266651495","1.7012532993803817, 0.12936845137287328, 1.3387564984935005, 0.12936845137287495, 1.701253299380369","0.7090111896145107, 0.007446320567344935, 0.3689228849855018, 0.007446320567345072, 0.7090111896144986"
2.4489795918367347,3.5918367346938775,"0.1160052797388873, -0.0053333666369450965, 0.27865617379610985, -0.005333366636945423, 0.11600527973889374","1.7057622896852087, 0.12207283845303046, 1.344329743723536, 0.12207283845303177, 1.7057622896851974","0.7130341075321789, 0.006777051445737863, 0.37279962081451384, 0.006777051445737976, 0.713034107532167"
2.4489795918367347,3.673469387755102,"0.11566367790657822, -0.004983845102988146, 0.2786403343928272, -0.004983845102987848, 0.11566367790657062","1.7099132400475416, 0.1153310186751827, 1.3495114825545387, 0.11533101867518113, 1.7099132400475572","0.7167408153122056, 0.006178114945901387, 0.37642082395928483, 0.00617811494590127, 0.7167408153122208"
2.4489795918367347,3.7551020408163267,"0.11535274720806687, -0.0046613246347201355, 0.2786171548533185, -0.004661324634719709, 0.11535274720805416","1.7137397816776132, 0.1090939293206423, 1.3543325780034667, 0.10909392932063917, 1.713739781677638","0.7201607003438067, 0.005641330047661265, 0.37980430163289053, 0.0056413300476610174, 0.7201607003438314"
2.4489795918367347,3.836734693877551,"0.1150691560690339, -0.004363499228738708, 0.2785886863194051, -0.004363499228738722, 0.11506915606903839","1.7172721665426165, 0.10331702631536137, 1.3588216142840515, 0.10331702631536259, 1.717272166542605","0.7233202299849236, 0.005159514547848104, 0.3829668993092628, 0.005159514547848257, 0.7233202299849134"
2.4489795918367347,3.9183673469387754,"0.11480998013991633, -0.0040882675549932385, 0.27855657482998486, -0.004088267554998894, 0.1148099801400908","1.7205375858325853, 0.09795993057721891, 1.3630049671807047, 0.09795993057725046, 1.7205375858322385","0.726243223001823, 0.004726366221592667, 0.3859244570164276, 0.00472636622159551, 0.7262432230014821"
2.4489795918367347,4.0,"0.11457264902981973, -0.0038337154397142456, 0.27852213281977867, -0.0038337154397145613, 0.11457264902983039","1.723560470672048, 0.09298607649611908, 1.3669069056636864, 0.09298607649612076, 1.7235604706720244","0.7289511064393337, 0.004336355500658761, 0.3886917982653241, 0.004336355500658888, 0.7289511064393115"
2.5714285714285716,0.0,"0.2200916624937736, -0.08145923396651164, 0.22273514294547914, -0.08145923396651181, 0.22009166249377077","1.0, 0.9999999999999998, 1.0, 1.0, 1.0","0.10396265058389229, 0.14776164663173447, 0.13142992984969337, 0.14776164663173452, 0.10396265058389297"
2.5714285714285716,0.08163265306122448,"0.21905979295957567, -0.08041055989901569, 0.22270153387888003, -0.08041055989901663, 0.2190597929595769","1.0102119868720212, 0.9919045608152308, 0.9957669046254958, 0.9919045608152316, 1.0102119868720218","0.11132471519496798, 0.14653686784292652, 0.13108507768233998, 0.1465368678429263, 0.11132471519496769"
2.5714285714285716,0.16326530612244897,"0.21780310447265835, -0.07920172651716298, 0.22279724408900986, -0.07920172651716226, 0.21780310447265727","1.0210048492365305, 0.9831203353598703, 0.9917496308071984, 0.9831203353598699, 1.0210048492365302","0.11932119174576562, 0.14520796801267993, 0.13090495107985878, 0.1452079680126806, 0.11932119174576612"
2.5714285714285716,0.24489795918367346,"0.21631243172054626, -0.07783257145464106, 0.22304027946819152, -0.07783257145464109, 0.21631243172054412","1.0324454059875592, 0.9735609968176036, 0.9879871943896743, 0.9735609968176033, 1.0324454059875592","0.12800648077132026, 0.14375060478676, 0.13089470511473364, 0.14375060478675994, 0.1280064807713209"
2.5714285714285716,0.32653061224489793,"0.2145789298940509, -0.07630298706074001, 0.2234481143333791, -0.0763029870607411, 0.21457892989405136","1.0446020432590821, 0.9631330602464869, 0.9845297929888621, 0.9631330602464874, 1.0446020432590828","0.1374370684825942, 0.14213875945721355, 0.13106454166687023, 0.14213875945721394, 0.1374370684825946"
2.5714285714285716,0.40816326530612246,"0.21259454972168085, -0.07461327579554786, 0.22403745214773402, -0.07461327579554933, 0.2125945497216824","1.057543900208382, 0.9517362907396141, 0.981439618104008, 0.9517362907396143, 1.0575439002083806","0.1476706018412171, 0.14034488511477874, 0.13143009758650429, 0.14034488511477886, 0.14767060184121653"
2.5714285714285716,0.4897959183673469,"0.21035261138988517, -0.07276454768420482, 0.22482387258863995, -0.07276454768420546, 0.21035261138988537","1.0713396210168755, 0.9392646367859376, 0.9787914843943754, 0.9392646367859374, 1.071339621016875","0.15876458004172467, 0.1383402224578174, 0.132012829320651, 0.13834022245781727, 0.1587645800417246"
2.5714285714285716,0.5714285714285714,"0.20784848238717463, -0.07075915814154862, 0.22582135150874696, -0.07075915814154804, 0.20784848238717518","1.0860555877267881, 0.9256078530951957, 0.9766731183560329, 0.925607853095196, 1.0860555877267881","0.17077458670670542, 0.136095327639066, 0.13284033710560422, 0.13609532763906607, 0.17077458670670487"
2.5714285714285716,0.6530612244897959,"0.2050803551177969, -0.06860117731697637, 0.22704164439835856, -0.06860117731697632, 0.20508035511779743","1.1017535533843892, 0.9106539928665527, 0.9751849074981186, 0.9106539928665531, 1.1017535533843898","0.18375199430298558, 0.13358085757598998, 0.13394655223013593, 0.1335808575759901, 0.18375199430298553"
2.5714285714285716,0.7346938775510204,"0.20205010632314357, -0.06629687256851874, 0.22849353249075147, -0.06629687256851882, 0.2020501063231427","1.1184876149339706, 0.8942929481743928, 0.9744388737832748, 0.8942929481743926, 1.118487614933972","0.1977410934692043, 0.13076865272992494, 0.13537168956751566, 0.1307686527299247, 0.19774109346920485"
2.5714285714285716,0.8163265306122449,"0.19876420144764728, -0.06385517398080442, 0.23018194506631473, -0.0638551739808039, 0.19876420144764634","1.1363005071035912, 0.8764211869630258, 0.9745566118667672, 0.8764211869630254, 1.1363005071035914","0.21277564083183254, 0.12763314206698073, 0.13716184774427936, 0.1276331420669805, 0.2127756408318327"
2.5714285714285716,0.8979591836734694,"0.19523458352657055, -0.061288079951916985, 0.23210699285069122, -0.061288079951917374, 0.19523458352657255","1.1552192687743421, 0.8569477620757628, 0.9756659382997908, 0.856947762075763, 1.155219268774341","0.22887488486021612, 0.12415306620717004, 0.13936812629095635, 0.12415306620716986, 0.22887488486021493"
2.5714285714285716,0.9795918367346939,"0.19147945994582924, -0.058610947777626904, 0.23426297566359489, -0.05861094777762649, 0.19147945994582954","1.1752504364121688, 0.8358015382534487, 0.9778960506687668, 0.835801538253449, 1.1752504364121692","0.2460392234191171, 0.12031347001555327, 0.1420451305766734, 0.12031347001555334, 0.24603922341911694"
2.5714285714285716,1.0612244897959184,"0.1875238756927751, -0.05584260603283234, 0.23663746068011557, -0.05584260603283289, 0.18752387569277468","1.1963750537827464, 0.8129393890727454, 0.9813711142890198, 0.812939389072745, 1.1963750537827469","0.26424576662438787, 0.11610785505903182, 0.1452487607177721, 0.11610785505903104, 0.26424576662438765"
2.5714285714285716,1.1428571428571428,"0.1833999451037978, -0.053005225548107826, 0.23921056088862083, -0.053005225548107604, 0.18339994510379704","1.2185439421000641, 0.7883548622880983, 0.9862023912236764, 0.7883548622880975, 1.2185439421000637","0.28344421310694534, 0.11154031017997385, 0.1490332393573831, 0.11154031017997383, 0.2834442131069456"
2.5714285714285716,1.2244897959183674,"0.17914661417177483, -0.05012389824073635, 0.2419545681379255, -0.05012389824073593, 0.17914661417177208","1.2416738247781742, 0.7620865255660376, 0.992479299311577, 0.7620865255660373, 1.2416738247781751","0.3035535734567484, 0.10662736642770552, 0.15344743105429026, 0.10662736642770518, 0.3035535734567497"
2.5714285714285716,1.3061224489795917,"0.17480885086527181, -0.04722590096912821, 0.24483410020771337, -0.047225900969128515, 0.17480885086527145","1.2656450057846884, 0.734224939713937, 1.0002601090027492, 0.7342249397139367, 1.2656450057846895","0.32446035554994884, 0.10139926961983728, 0.15853064030304734, 0.10139926961983699, 0.32446035554994945"
2.5714285714285716,1.3877551020408163,"0.17043621713647694, -0.0443396645283721, 0.24780689478378884, -0.04433966452837146, 0.17043621713647772","1.2903013097628577, 0.7049170441638097, 1.0095632921466673, 0.7049170441638093, 1.2903013097628575","0.34601881920346217, 0.09590035373892039, 0.16430822974268233, 0.09590035373892028, 0.3460188192034614"
2.5714285714285716,1.469387755102041,"0.1660808616279204, -0.041493520285534075, 0.2508253173152286, -0.041493520285533825, 0.16608086162791885","1.3154528582980087, 0.6743667716202504, 1.02036074016348, 0.6743667716202503, 1.3154528582980105","0.3680537733244683, 0.09018825349969456, 0.17078754291004142, 0.09018825349969452, 0.36805377332447003"
2.5714285714285716,1.5510204081632653,"0.16179507437402973, -0.03871434758239592, 0.25383854641673276, -0.0387143475823965, 0.16179507437403012","1.3408819567403827, 0.6428310071707783, 1.0325740721776784, 0.6428310071707795, 1.340881956740382","0.3903661113880658, 0.08433182536777416, 0.17795470296322713, 0.08433182536777419, 0.390366111388065"
2.5714285714285716,1.6326530612244898,"0.15762864152483136, -0.03602627932091157, 0.25679527559216275, -0.03602627932091121, 0.1576286415248287","1.366351922489939, 0.6106105834363785, 1.0460749881473643, 0.6106105834363762, 1.366351922489944","0.41274088540255294, 0.07840784181295582, 0.18577284608941466, 0.0784078418129549, 0.41274088540255705"
2.5714285714285716,1.7142857142857142,"0.1536263015674329, -0.03344962792977027, 0.259646652724674, -0.033449627929771186, 0.15362630156743462","1.3916181777052428, 0.5780367782755156, 1.0606900880384857, 0.5780367782755164, 1.391618177705241","0.4349572774232766, 0.0724967460923882, 0.1941822098597589, 0.07249674609238804, 0.43495727742327417"
2.5714285714285716,1.7959183673469388,"0.14982561138440154, -0.031000163344504894, 0.2623491039202049, -0.031000163344505102, 0.14982561138440376","1.4164404803225377, 0.5454545857563928, 1.0762098678421417, 0.5454545857563946, 1.4164404803225359","0.4567994496054196, 0.06667794735526963, 0.20310224185112488, 0.06667794735527009, 0.4567994496054171"
2.5714285714285716,1.8775510204081634,"0.14625547230701907, -0.028688814132750082, 0.2648666836514617, -0.028688814132750082, 0.14625547230701946","1.4405949068239823, 0.5132046498321724, 1.0924008866876922, 0.5132046498321723, 1.4405949068239812","0.47806704884230417, 0.06102524041947811, 0.21243557281469402, 0.06102524041947812, 0.47806704884230355"
2.5714285714285716,1.9591836734693877,"0.1429354551124144, -0.026521788385635084, 0.26717266654644206, -0.026521788385635, 0.14293545511241323","1.4638842142990858, 0.4816060008892987, 1.1090195696232295, 0.48160600088929795, 1.4638842142990869","0.49858417890133755, 0.05560291577621483, 0.22207339095954132, 0.05560291577621463, 0.4985841789013386"
2.5714285714285716,2.0408163265306123,"0.13987592806398286, -0.024501043100045847, 0.26925023007212734, -0.024501043100045722, 0.13987592806398136","1.4861455018304097, 0.45094154289798216, 1.125825910543215, 0.4509415428979817, 1.486145501830411","0.5182059279630418, 0.050462986610544325, 0.23190154038212082, 0.05046298661054432, 0.5182059279630438"
2.5714285714285716,2.122448979591837,"0.13707886930629753, -0.02262498668199152, 0.2710922347513868, -0.022624986681991616, 0.13707886930629914","1.5072545794273033, 0.4214476676409157, 1.1425955058635657, 0.4214476676409166, 1.507254579427301","0.5368219755205659, 0.04564374264257781, 0.24180659903450785, 0.045643742642578075, 0.5368219755205634"
2.5714285714285716,2.204081632653061,"0.1345391627388387, -0.02088928646681197, 0.27270024745594446, -0.020889286466811763, 0.13453916273884048","1.5271270006414224, 0.39330859742159185, 1.1591288038739744, 0.39330859742159324, 1.527127000641419","0.554357279931484, 0.04116960810204866, 0.25168127447874966, 0.04116960810204891, 0.5543572799314807"
2.5714285714285716,2.2857142857142856,"0.13224614717503036, -0.019287668428800447, 0.2740830425075388, -0.019287668428800572, 0.1322461471750318","1.5457161864098554, 0.36665529101297145, 1.1752570451543483, 0.3666552910129719, 1.545716186409853","0.5707702501882838, 0.03705209188830405, 0.2614286494222083, 0.03705209188830413, 0.5707702501882813"
2.5714285714285716,2.36734693877551,"0.13018520708811887, -0.017812628782659767, 0.2752548433890797, -0.017812628782659864, 0.13018520708812154","1.5630093719118967, 0.3415681609454521, 1.1908449342853085, 0.34156816094545317, 1.5630093719118934","0.5860490580253257, 0.033291507162377235, 0.2709650501031142, 0.033291507162377346, 0.5860490580253216"
2.5714285714285716,2.4489795918367347,"0.1283392430152538, -0.016456014392122617, 0.2762335427537352, -0.016456014392123214, 0.1283392430152569","1.5790222193535957, 0.3180825278690014, 1.2057905055548108, 0.31808252786900326, 1.5790222193535903","0.6002068310021699, 0.029879110717757555, 0.28022153687113244, 0.029879110717757867, 0.6002068310021644"
2.5714285714285716,2.5306122448979593,"0.1266899211374758, -0.015209461042666322, 0.27703907981038334, -0.015209461042666142, 0.12668992113747368","1.5937928871695612, 0.2961956741006942, 1.220022877459487, 0.2961956741006935, 1.5937928871695684","0.6132764122834627, 0.026799351618333793, 0.2891441856386144, 0.026799351618333717, 0.6132764122834682"
2.5714285714285716,2.6122448979591835,"0.12521865876959903, -0.01406470078126193, 0.2776920840233236, -0.014064700781262235, 0.1252186587696018","1.607376189619816, 0.27587448752279087, 1.2334986457147923, 0.2758744875227924, 1.6073761896198098","0.6253052312686064, 0.024031995282311366, 0.29769342525823056, 0.024031995282311525, 0.6253052312686006"
2.5714285714285716,2.693877551020408,"0.12390734633318123, -0.013013761149999838, 0.278212829633638, -0.013013761149999449, 0.12390734633318057","1.6198382829597269, 0.257062921284058, 1.246197591512431, 0.25706292128405794, 1.619838282959729","0.6363506552763025, 0.021553976085044987, 0.30584272501768217, 0.02155397608504497, 0.636350655276304"
2.5714285714285716,2.7755102040816326,"0.12273883418486292, -0.012049082410729911, 0.2786204964517378, -0.012049082410729578, 0.12273883418485937","1.6312521238869993, 0.2396887563181192, 1.2581182395897597, 0.2396887563181178, 1.6312521238870072","0.6464760273620045, 0.019340909312012565, 0.31357690630096574, 0.019340909312012308, 0.6464760273620115"
2.5714285714285716,2.857142857142857,"0.12169722617515355, -0.011163576853235907, 0.2789327013561682, -0.01116357685323572, 0.12169722617514989","1.6416937910471134, 0.22366938943967546, 1.269273639026417, 0.22366938943967413, 1.6416937910471217","0.6557474624051659, 0.017368252181977482, 0.3208903040863396, 0.017368252181977295, 0.6557474624051735"
2.5714285714285716,2.938775510204082,"0.120768024798944, -0.010350649777366334, 0.27916524995685005, -0.010350649777365883, 0.12076802479893811","1.6512396509648677, 0.20891655327389236, 1.2796875915224706, 0.20891655327389008, 1.6512396509648777","0.6642313805808319, 0.0156121417289077, 0.3277849453446386, 0.015612141728907528, 0.6642313805808424"
2.5714285714285716,3.020408163265306,"0.11993816930291468, -0.009604196689822618, 0.2793320547738125, -0.009604196689822805, 0.11993816930291884","1.6599642834467685, 0.19533999972737776, 1.2893914336517156, 0.19533999972737998, 1.6599642834467625","0.6719927015619934, 0.014049957354851098, 0.33426885497291275, 0.014049957354851343, 0.6719927015619862"
2.5714285714285716,3.1020408163265305,"0.1191960014531695, -0.008918586747867434, 0.27944517058939133, -0.008918586747867559, 0.11919600145317383","1.667939049616734, 0.18285025274001432, 1.2984213952865107, 0.18285025274001587, 1.6679390496167246","0.6790935965197417, 0.012660662566061607, 0.3403545524267713, 0.012660662566061822, 0.6790935965197329"
2.5714285714285716,3.183673469387755,"0.11853118612799202, -0.008288638948357241, 0.2795149056407251, -0.008288638948357567, 0.11853118612799818","1.6752311780101397, 0.1713605705917491, 1.3068165027962353, 0.17136057059175103, 1.675231178010128","0.685592689213648, 0.011424978577943456, 0.34605776613057015, 0.011424978577943638, 0.6855926892136363"
2.5714285714285716,3.2653061224489797,"0.11793460682737755, -0.0077095950341633315, 0.279549976413576, -0.007709595034163096, 0.11793460682737344","1.6819032512792547, 0.16078826558991594, 1.3146169662616525, 0.16078826558991494, 1.6819032512792647","0.6915446042043639, 0.010325436048945612, 0.35139636771601274, 0.010325436048945492, 0.6915446042043727"
2.5714285714285716,3.3469387755102042,"0.11739825021309797, -0.007177091412222607, 0.2795576823982463, -0.007177091412222843, 0.11739825021310113","1.6880129909044816, 0.151055520178824, 1.3218629778333943, 0.15105552017882434, 1.688012990904476","0.6969997733697674, 0.00934634296260653, 0.3563895124328343, 0.009346342962606615, 0.6969997733697616"
2.5714285714285716,3.4285714285714284,"0.11691508908654763, -0.006687131332882672, 0.27954408449266227, -0.0066871313328830465, 0.11691508908655557","1.6936132549569995, 0.14208982134802733, 1.3285938473899606, 0.1420898213480291, 1.6936132549569827","0.7020044273097233, 0.008473698355270133, 0.3610569634990297, 0.008473698355270296, 0.7020044273097074"
2.5714285714285716,3.510204081632653,"0.11647896969883431, -0.006236057968216219, 0.27951417653875943, -0.0062360579682164755, 0.11647896969883909","1.698752181422435, 0.13382411502103178, 1.3348474071130751, 0.13382411502103292, 1.6987521814224253","0.7066007133621747, 0.007695074115238844, 0.36541857461399146, 0.0076950741152389535, 0.7066007133621653"
2.5714285714285716,3.5918367346938775,"0.11608450678162946, -0.005820528689741037, 0.27947204381621393, -0.005820528689741401, 0.11608450678163884","1.7034734252742814, 0.12619676213128894, 1.3406596251888765, 0.12619676213129077, 1.7034734252742618","0.710826895493921, 0.006999480844288931, 0.3694939045950051, 0.006999480844289129, 0.7108268954939022"
2.5714285714285716,3.673469387755102,"0.11572698797160613, -0.005437490671633374, 0.27942100540004733, -0.005437490671633651, 0.11572698797161335","1.7078164507203422, 0.11915136006708682, 1.3460643784251554, 0.11915136006708849, 1.707816450720327","0.7147176027355593, 0.006377228833450637, 0.37330193978304804, 0.006377228833450749, 0.7147176027355449"
2.5714285714285716,3.7551020408163267,"0.11540228817597137, -0.005084157861251756, 0.27936373937055364, -0.005084157861252037, 0.1154022881759788","1.7118168507368594, 0.11263647782056829, 1.3510933428851586, 0.11263647782056979, 1.7118168507368434","0.7183041020348847, 0.005819791447823528, 0.3768609025525032, 0.005819791447823651, 0.7183041020348696"
2.5714285714285716,3.836734693877551,"0.11510679372508659, -0.00475798932042008, 0.27930239119065875, -0.004757989320420385, 0.11510679372509552","1.7155066743553438, 0.10660534063449692, 1.3557759700203365, 0.10660534063449864, 1.7155066743553262","0.7216145785903385, 0.005319675453355191, 0.38018812732500196, 0.005319675453355333, 0.7216145785903212"
2.5714285714285716,3.9183673469387754,"0.11483733574966998, -0.00445666892360495, 0.27923866634788846, -0.004456668923603774, 0.11483733574964966","1.7189147485126712, 0.10101549000314303, 1.360139522968331, 0.10101549000314215, 1.718914748512709","0.724674412189834, 0.0048703008511828925, 0.3832999885429732, 0.004870300851183019, 0.7246744121898724"
2.5714285714285716,4.0,"0.11459113200828053, -0.004178086390060783, 0.2791739087635362, -0.004178086390061425, 0.11459113200830512","1.7220669859813076, 0.09582843720320969, 1.3642091536310088, 0.09582843720321485, 1.7220669859812574","0.7275064421363687, 0.004465891427506235, 0.3862118678863725, 0.004465891427506757, 0.7275064421363199"
2.693877551020408,0.0,"0.221772109956006, -0.08438408341897333, 0.2252239469259372, -0.08438408341897233, 0.2217721099560029","1.0, 1.0, 1.0000000000000009, 0.9999999999999998, 1.0000000000000004","0.09979344385472655, 0.1431085622501764, 0.12727549901121776, 0.14310856225017604, 0.09979344385472697"
2.693877551020408,0.08163265306122448,"0.22077568121435184, -0.08335026671818158, 0.2251491710076621, -0.08335026671818027, 0.22077568121434776","1.0095858702920382, 0.9923785597263242, 0.9960711399632747, 0.9923785597263246, 1.009585870292038","0.10677076923891995, 0.14205626839538343, 0.12707524579328944, 0.14205626839538357, 0.10677076923892038"
2.693877551020408,0.16326530612244897,"0.21956501611151966, -0.08216541957062579, 0.2252008069182139, -0.08216541957062551, 0.2195650161115174","1.0197289655837456, 0.9841094314538207, 0.9923232059248674, 0.9841094314538197, 1.0197289655837447","0.11435089423429358, 0.14091020335425494, 0.1270211522160621, 0.1409102033542546, 0.11435089423429395"
2.693877551020408,0.24489795918367346,"0.21813046622332563, -0.08082828960558364, 0.22539564676451662, -0.08082828960558444, 0.21813046622332558","1.0304935894689644, 0.9751112469135563, 0.9887903272349579, 0.9751112469135561, 1.0304935894689637","0.12258702605854684, 0.13964797206855267, 0.1271175965956044, 0.1396479720685524, 0.12258702605854664"
2.693877551020408,0.32653061224489793,"0.2164625055081017, -0.07933755794548697, 0.2257501048747688, -0.07933755794548766, 0.21646250550810442","1.0419462334804304, 0.9652954040447851, 0.9855167249495704, 0.9652954040447854, 1.0419462334804306","0.13153496258275765, 0.1382454730603413, 0.1273734555366307, 0.1382454730603413, 0.13153496258275713"
2.693877551020408,0.40816326530612246,"0.2145521437897019, -0.07769214822816473, 0.226280008876924, -0.07769214822816536, 0.21455214378970427","1.054154956815308, 0.9545662495727449, 0.9825575872238939, 0.9545662495727449, 1.0541549568153088","0.14125236793096482, 0.13667697499183973, 0.12780250669793075, 0.13667697499184017, 0.14125236793096552"
2.693877551020408,0.4897959183673469,"0.2123914364794258, -0.07589158084252831, 0.2270002887262058, -0.07589158084252706, 0.2123914364794236","1.0671883804070756, 0.942821701531513, 0.9799798361228218, 0.9428217015315129, 1.0671883804070754","0.15179770357435546, 0.13491533297382985, 0.12842384950321034, 0.1349153329738303, 0.15179770357435599"
2.693877551020408,0.5714285714285714,"0.20997409966782954, -0.07393637451489624, 0.22792454969413284, -0.07393637451489657, 0.20997409966783032","1.0811142085100836, 0.9299544634939345, 0.9778626559919651, 0.9299544634939345, 1.0811142085100827","0.16322873653728112, 0.1329323859300618, 0.12926229869978223, 0.1329323859300617, 0.16322873653728054"
2.693877551020408,0.6530612244897959,"0.20729623283065798, -0.07182849179207162, 0.2290645179228286, -0.07182849179207104, 0.20729623283065624","1.0959971894450002, 0.9158540036672582, 0.9762976137754842, 0.9158540036672567, 1.0959971894450002","0.17560054725980134, 0.13069957971412483, 0.1303486877761527, 0.1306995797141242, 0.1756005472598015"
2.693877551020408,0.7346938775510204,"0.2043571402332219, -0.06957181696622983, 0.2304293534660136, -0.0695718169662296, 0.20435714023322388","1.1118964376316995, 0.9004094816599082, 0.9753881614167854, 0.900409481659908, 1.111896437631699","0.18896297186587718, 0.12818885934983906, 0.1317199985049662, 0.12818885934983948, 0.1889629718658766"
2.693877551020408,0.8163265306122449,"0.20116022584608773, -0.06717264442889193, 0.23202483716560637, -0.06717264442889262, 0.2011602258460905","1.1288620679676904, 0.8835137933215083, 0.9752482774216038, 0.8835137933215091, 1.1288620679676904","0.20335744274389378, 0.12537386467535921, 0.13341921140735094, 0.12537386467535977, 0.20335744274389328"
2.693877551020408,0.8979591836734694,"0.1977139149793787, -0.06464014272304905, 0.23385245548734096, -0.06464014272304891, 0.19771391497937796","1.1469311481565772, 0.8650688564467701, 0.9759999907933049, 0.8650688564467693, 1.146931148156577","0.21881324354867232, 0.12223144329012631, 0.1354947537511225, 0.12223144329012617, 0.21881324354867254"
2.693877551020408,0.9795918367346939,"0.19403252990381076, -0.06198674595976292, 0.23590843211190532, -0.06198674595976339, 0.19403252990381048","1.1661230610056892, 0.8449921629081094, 0.977769552172404, 0.8449921629081093, 1.1661230610056896","0.2353432749700673, 0.11874345975189245, 0.1379994131335639, 0.11874345975189246, 0.2353432749700678"
2.693877551020408,1.0612244897959184,"0.1901370193796512, -0.059228412234285405, 0.2381827857092682, -0.05922841223428596, 0.190137019379652","1.1864344894811705, 0.823224464003818, 0.9806820930300242, 0.8232244640038171, 1.1864344894811698","0.25293953718086465, 0.11489882873921872, 0.14098859436587205, 0.11489882873921813, 0.2529395371808641"
2.693877551020408,1.1428571428571428,"0.18605541868475256, -0.05638468194103691, 0.24065852651256725, -0.05638468194103716, 0.18605541868475423","1.207834387062511, 0.7997382323155832, 0.9848547612438132, 0.7997382323155833, 1.2078343870625092","0.2715686678073591, 0.11069563418619877, 0.1445178351041461, 0.11069563418619893, 0.2715686678073577"
2.693877551020408,1.2244897959183674,"0.18182290535602852, -0.053478472051154635, 0.24331113339025143, -0.05347847205115491, 0.1818229053560301","1.2302594568973981, 0.774546269193431, 0.9903885478183438, 0.7745462691934321, 1.230259456897398","0.2911680135118594, 0.1061431237203638, 0.14863956996401953, 0.10614312372036411, 0.29116801351185867"
2.693877551020408,1.3061224489795917,"0.1774813257960224, -0.05053555985907379, 0.24610846812610224, -0.0505355598590741, 0.17748132579602316","1.253610802117668, 0.7477095415801875, 0.9973593126042899, 0.7477095415801879, 1.2536108021176664","0.3116428283943054, 0.10126330284302593, 0.15339924663285423, 0.10126330284302602, 0.3116428283943042"
2.693877551020408,1.3877551020408163,"0.17307810732369544, -0.047583743710095106, 0.24901127277280016, -0.047583743710094856, 0.1730781073236945","1.277752478977949, 0.7193431034936006, 1.0058088350569006, 0.7193431034936, 1.2777524789779506","0.3328652414038257, 0.0960918175914506, 0.15883104282802726, 0.09609181759145047, 0.33286524140382684"
2.693877551020408,1.469387755102041,"0.16866454217673688, -0.04465171676649138, 0.25197434917950823, -0.04465171676649096, 0.16866454217673732","1.302512631688092, 0.6896188754525138, 1.0157369857187886, 0.6896188754525139, 1.3025126316880928","0.3546755728639942, 0.09067783174784108, 0.16495358681871222, 0.09067783174784132, 0.3546755728639945"
2.693877551020408,1.5510204081632653,"0.16429352807113154, -0.04176774506984429, 0.2549484339974254, -0.04176774506984468, 0.16429352807113223","1.3276876732980627, 0.6587642065498287, 1.027096240304218, 0.6587642065498289, 1.3276876732980623","0.3768863753014471, 0.08508269290347785, 0.17176620850875265, 0.085082692903478, 0.37688637530144653"
2.693877551020408,1.6326530612244898,"0.1600169563943225, -0.03895828971122778, 0.2578826666338093, -0.03895828971122789, 0.160016956394324","1.3530495971703718, 0.627055576446723, 1.0397896527658121, 0.6270555764467236, 1.3530495971703707","0.39928922735741174, 0.07937734217536294, 0.1792462969231041, 0.07937734217536303, 0.3992892273574102"
2.693877551020408,1.7142857142857142,"0.1558830270676469, -0.03624673948014001, 0.26072742482498606, -0.03624673948014004, 0.15588302706764723","1.378356009248553, 0.5948074783971422, 1.053673024708611, 0.5948074783971429, 1.3783560092485514","0.42166387085807916, 0.07363863177486615, 0.18734827506373264, 0.07363863177486624, 0.4216638708580779"
2.693877551020408,1.7959183673469388,"0.15193381043530563, -0.03365241330158082, 0.2634372057325498, -0.0336524133015806, 0.15193381043530613","1.403361968102606, 0.562357334190422, 1.0685613954139448, 0.5623573341904224, 1.4033619681026055","0.44378884562382137, 0.06794492546785211, 0.19600451256457974, 0.0679449254678523, 0.4437888456238208"
2.693877551020408,1.8775510204081634,"0.1482033529830471, -0.03118994897125421, 0.2659731919764139, -0.031189948971254197, 0.1482033529830477","1.4278323419920498, 0.5300480289775292, 1.084239258060845, 0.5300480289775298, 1.4278323419920493","0.46545246165950876, 0.062371510276906614, 0.20512820795861586, 0.06237151027690669, 0.4654524616595079"
2.693877551020408,1.9591836734693877,"0.14471653614108343, -0.028869126042026946, 0.26830517980188795, -0.028869126042026558, 0.14471653614108226","1.4515532557981543, 0.49821011018006756, 1.1004732680435552, 0.49821011018006733, 1.4515532557981565","0.48646285136729656, 0.056986394867788996, 0.21461795086488678, 0.05698639486778898, 0.48646285136729855"
2.693877551020408,2.0408163265306123,"0.1414887676943296, -0.026695095162496865, 0.2704126549363333, -0.026695095162496893, 0.14148876769433094","1.4743413547666258, 0.46714573356389166, 1.1170258233389672, 0.4671457335638929, 1.4743413547666235","0.5066560019235008, 0.05184699351167009, 0.22436340285349926, 0.05184699351167037, 0.5066560019234988"
2.693877551020408,2.122448979591837,"0.13852644853365242, -0.024668924385622445, 0.27228495170393896, -0.024668924385622362, 0.13852644853365303","1.4960500155393297, 0.43711605379873286, 1.1336678613238753, 0.4371160537987331, 1.4960500155393284","0.5259010377870721, 0.046998016814367716, 0.23425138418363042, 0.046998016814367854, 0.5259010377870712"
2.693877551020408,2.204081632653061,"0.1358280485037564, -0.022788339257503176, 0.273920581507491, -0.022788339257503412, 0.1358280485037589","1.5165721723015655, 0.408333070401014, 1.1501895145948444, 0.40833307040101474, 1.5165721723015602","0.544102500600584, 0.0424706648180328, 0.24417165320568224, 0.042470664818032994, 0.5441025006005795"
2.693877551020408,2.2857142857142856,"0.13338556601962764, -0.021048531257043965, 0.275325930474835, -0.021048531257043507, 0.13338556601962492","1.535839953466791, 0.3809561538140598, 1.1664077854382962, 0.3809561538140587, 1.5358399534667961","0.561199832870136, 0.03828300658106934, 0.25402179968349436, 0.03828300658106917, 0.5611998328701407"
2.693877551020408,2.36734693877551,"0.13118614067447087, -0.01944293166179957, 0.27651358197465836, -0.019442931661799376, 0.13118614067446965","1.553821723619313, 0.3550927885353674, 1.1821709756906367, 0.35509278853536685, 1.553821723619314","0.577164611996058, 0.03444128054791361, 0.2637108905393475, 0.034441280547913566, 0.5771646119960595"
2.693877551020408,2.4489795918367347,"0.12921362442063067, -0.017963883074912076, 0.2775005173085613, -0.017963883074912174, 0.12921362442063228","1.5705173368900878, 0.33080261099348107, 1.1973601042328634, 0.33080261099348235, 1.5705173368900858","0.5919962545266699, 0.030941782079718073, 0.2731617423303548, 0.030941782079718295, 0.5919962545266676"
2.693877551020408,2.5306122448979593,"0.12744997559279392, -0.016603176764900238, 0.2783064023442143, -0.016603176764900043, 0.1274499755927923","1.5859524352087957, 0.3081036275735377, 1.2118878744353312, 0.3081036275735374, 1.5859524352087986","0.6057169237250875, 0.02777301157621323, 0.28231189561963865, 0.027773011576213088, 0.6057169237250902"
2.693877551020408,2.6122448979591835,"0.12587640218157303, -0.015352452636012232, 0.27895210090888234, -0.015352452636011912, 0.12587640218156865","1.6001725155114492, 0.2869795342090613, 1.2256959005589734, 0.2869795342090591, 1.6001725155114577","0.6183662703472546, 0.024917814921886872, 0.2911135023185398, 0.024917814921886553, 0.6183662703472627"
2.693877551020408,2.693877551020408,"0.1244742332604512, -0.014203476909639856, 0.2794584872983793, -0.01420347690963969, 0.12447423326044937","1.6132373077179967, 0.2673872440126341, 1.238750896538737, 0.26738724401263364, 1.6132373077180016","0.6299964731490831, 0.022355329415380105, 0.2995324024647381, 0.022355329415380033, 0.6299964731490872"
2.693877551020408,2.7755102040816326,"0.12322553434008732, -0.01314832109449627, 0.2798455735088149, -0.013148321094496401, 0.12322553434009054","1.6252158072644882, 0.24926397945834206, 1.251040426554346, 0.24926397945834322, 1.6252158072644813","0.6406678714292033, 0.020062629712976367, 0.30754667347439835, 0.02006262971297653, 0.640667871429197"
2.693877551020408,2.857142857142857,"0.12211350341498844, -0.012179467158990175, 0.28013192748800053, -0.012179467158990515, 0.12211350341499183","1.636182130944332, 0.23253353493686107, 1.2625686682376203, 0.2325335349368624, 1.6361821309443263","0.6504453297127768, 0.018016035441530145, 0.3151449021718547, 0.018016035441530433, 0.6504453297127707"
2.693877551020408,2.938775510204082,"0.1211226926198885, -0.011289860980769464, 0.28033433672175967, -0.011289860980769721, 0.12112269261989117","1.646212231585865, 0.2171115247740794, 1.2733524872801159, 0.2171115247740804, 1.6462122315858594","0.6593953599150044, 0.016192089495177885, 0.32232437742863584, 0.016192089495178013, 0.6593953599149992"
2.693877551020408,3.020408163265306,"0.1202390998705074, -0.010472931579795772, 0.28046766341857354, -0.010472931579796084, 0.12023909987051107","1.655381418953609, 0.20290958552253718, 1.2834179910477146, 0.20290958552253863, 1.6553814189536025","0.6675839511259595, 0.014568244234904371, 0.329089344305402, 0.014568244234904552, 0.6675839511259528"
2.693877551020408,3.1020408163265305,"0.11945016945524278, -0.00972258893445875, 0.28054483895842963, -0.009722588934459077, 0.11945016945524584","1.6637625852533064, 0.18983860036587819, 1.2927976287616374, 0.18983860036587924, 1.6637625852533025","0.6750750159111732, 0.013123305669638426, 0.3354494088576835, 0.013123305669638487, 0.6750750159111683"
2.693877551020408,3.183673469387755,"0.1187447331525589, -0.00903320915165401, 0.280576951998186, -0.009033209151654356, 0.11874473315256351","1.6714250140051812, 0.1778110673126884, 1.3015278373642696, 0.17781106731268986, 1.6714250140051727","0.6819293460519213, 0.011837687933935165, 0.3414181409343646, 0.011837687933935298, 0.6819293460519128"
2.693877551020408,3.2653061224489797,"0.11811291591637274, -0.008399612682644941, 0.28057339353255006, -0.008399612682644497, 0.11811291591636675","1.6784336509109963, 0.16674275375369665, 1.3096471906706046, 0.166742753753695, 1.6784336509110083","0.6882039712904554, 0.01069352627001081, 0.34701189150972206, 0.010693526270010606, 0.688203971290467"
2.693877551020408,3.3469387755102042,"0.11754602348438614, -0.007817039108250434, 0.28054203124773097, -0.0078170391082504, 0.11754602348438403","1.6848487264261216, 0.15655377943176055, 1.3171949882842338, 0.15655377943176008, 1.6848487264261274","0.6939518247633926, 0.009674689537882083, 0.35224882039641026, 0.009674689537882062, 0.6939518247633975"
2.693877551020408,3.4285714285714284,"0.11703642381378648, -0.007281120586676584, 0.28048939354578445, -0.007281120586676182, 0.11703642381378176","1.6907256360378762, 0.1471692571328178, 1.3242102136586045, 0.1471692571328165, 1.6907256360378855","0.699221633237356, 0.008766725202978314, 0.3571481176913674, 0.008766725202978191, 0.6992216332373652"
2.693877551020408,3.510204081632653,"0.11657743006951693, -0.006787855164822634, 0.2804208501906185, -0.006787855164822148, 0.11657743006950955","1.6961150018190037, 0.13851960201447172, 1.3307307923330378, 0.1385196020144701, 1.696115001819019","0.7040579656612381, 0.007956762068753804, 0.3617293959096942, 0.007956762068753672, 0.7040579656612528"
2.693877551020408,3.5918367346938775,"0.11616318983889051, -0.006333580623458585, 0.28034078156912834, -0.00633358062345896, 0.1161631898388984","1.70106285539123, 0.13054060068730253, 1.3367930878429486, 0.13054060068730425, 1.7010628553912133","0.7085013879945641, 0.007233389362829479, 0.3660122275645755, 0.0072333893628296255, 0.7085013879945482"
2.693877551020408,3.673469387755102,"0.1157885831104119, -0.00591494922429249, 0.2802527322277547, -0.005914949224292816, 0.1157885831104189","1.7056108968857497, 0.12317331240717769, 1.3424315814141574, 0.12317331240717903, 1.7056108968857364","0.7125886848346437, 0.0065865253591914485, 0.3700158034231582, 0.006586525359191616, 0.7125886848346302"
2.693877551020408,3.7551020408163267,"0.11544913012039948, -0.005528903559989827, 0.280159546879172, -0.005528903559990236, 0.11544913012040875","1.709796796450936, 0.1163638582410332, 1.347678690616079, 0.11636385824103518, 1.709796796450917","0.716353118746803, 0.006007284495944459, 0.37375868867102424, 0.006007284495944611, 0.7163531187467846"
2.693877551020408,3.836734693877551,"0.11514090925072828, -0.00517265361710811, 0.28006348873274983, -0.0051726536171085025, 0.1151409092507385","1.7136545143863438, 0.11006314026107103, 1.3525646907051896, 0.11006314026107306, 1.7136545143863238","0.7198247064633527, 0.005487848780812116, 0.37725865696025174, 0.005487848780812293, 0.7198247064633327"
2.693877551020408,3.9183673469387754,"0.11486048460254883, -0.004843655110889522, 0.27996634101667667, -0.0048436551108895776, 0.11486048460255371","1.7172146233459256, 0.10422652167252748, 1.357117709963104, 0.10422652167252862, 1.717214623345916","0.723030497500002, 0.005021346976764803, 0.3805325852832605, 0.00502134697676494, 0.7230304974999924"
2.693877551020408,4.0,"0.11460484256016179, -0.004539589119914946, 0.27986949311951004, -0.004539589119914887, 0.11460484256015835","1.7205046215985447, 0.0988134900240358, 1.3613637767548343, 0.09881349002403518, 1.7205046215985524","0.7259948455465953, 0.0046017434410161925, 0.3835963954958628, 0.004601743441016151, 0.7259948455466025"
2.816326530612245,0.0,"0.22336861859999216, -0.08718291343105947, 0.22762858966213634, -0.08718291343105891, 0.22336861859999002","1.0000000000000002, 1.0, 1.0000000000000004, 0.9999999999999996, 0.9999999999999996","0.09579101878041642, 0.13855421769911247, 0.12320701610870459, 0.13855421769911241, 0.09579101878041656"
2.816326530612245,0.08163265306122448,"0.2224078860602991, -0.08616704407873016, 0.2275183160368653, -0.08616704407872705, 0.22240788606029296","1.008996621730485, 0.9928248914842902, 0.9963569735704513, 0.99282489148429, 1.0089966217304853","0.1024014795648582, 0.1376589429662818, 0.12313791605783356, 0.13765894296628164, 0.10240147956485877"
2.816326530612245,0.16326530612244897,"0.2212431504036233, -0.08500895075178194, 0.22753160069631972, -0.08500895075177878, 0.22124315040361794","1.018526361306053, 0.9850413130805356, 0.9928646512268249, 0.9850413130805348, 1.0185263613060522","0.1095836854832006, 0.13667950052034936, 0.12319865808120944, 0.13667950052034902, 0.10958368548320094"
2.816326530612245,0.24489795918367346,"0.21986443656489893, -0.0837064959850069, 0.22768411884021675, -0.0837064959850061, 0.21986443656489776","1.0286508386787236, 0.9765727724420468, 0.9895527777584603, 0.9765727724420463, 1.0286508386787232","0.11738935873854146, 0.13559536649098763, 0.12339293354519056, 0.1355953664909876, 0.11738935873854149"
2.816326530612245,0.32653061224489793,"0.21826172177344122, -0.08225737055555432, 0.22799129756422226, -0.08225737055555485, 0.21826172177344594","1.0394343545590634, 0.9673355689757958, 0.9864601529302829, 0.967335568975797, 1.0394343545590627","0.1258732073962759, 0.13438431501176884, 0.12372842272884291, 0.13438431501176945, 0.12587320739627458"
2.816326530612245,0.40816326530612246,"0.21642529061097496, -0.08065935740622254, 0.22846813359049378, -0.08065935740622274, 0.21642529061097665","1.0509434437772835, 0.9572387903230499, 0.9836355317993342, 0.9572387903230508, 1.050943443777284","0.1350923815451471, 0.13302243733971053, 0.12421719847980307, 0.1330224373397107, 0.13509238154514683"
2.816326530612245,0.4897959183673469,"0.2143461815272334, -0.07891064138134996, 0.22912891970823263, -0.07891064138134984, 0.21434618152723386","1.0632460914210977, 0.946184671056949, 0.981138475043907, 0.9461846710569499, 1.0632460914210982","0.14510562559058812, 0.13148427551449698, 0.12487616367590712, 0.13148427551449726, 0.14510562559058815"
2.816326530612245,0.5714285714285714,"0.2120167368558198, -0.07701016978516503, 0.22998686585869121, -0.0770101697851645, 0.21201673685581826","1.076410526491204, 0.9340694510509038, 0.9790400449157843, 0.934069451050904, 1.0764105264912036","0.15597204869463574, 0.12974310805317368, 0.1257274878275735, 0.1297431080531738, 0.1559720486946359"
2.816326530612245,0.6530612244897959,"0.2094312635736823, -0.07495806469146454, 0.23105360223556434, -0.07495806469146543, 0.20943126357368316","1.0905035013403186, 0.9207848958247776, 0.9774232056698084, 0.9207848958247776, 1.090503501340318","0.1677494313104415, 0.12777143009587633, 0.12679899235603487, 0.12777143009587605, 0.16774943131044096"
2.816326530612245,0.7346938775510204,"0.20658680346736036, -0.07275608159783861, 0.2323385562609571, -0.07275608159783914, 0.20658680346736064","1.105587967705069, 0.9062206587226835, 0.9763827471444961, 0.9062206587226848, 1.1055879677050693","0.18049199031377583, 0.12554167211488895, 0.12812441477921052, 0.12554167211488906, 0.18049199031377547"
2.816326530612245,0.8163265306122449,"0.2034839979520059, -0.07040810002236936, 0.23384820414072535, -0.07040810002236994, 0.2034839979520081","1.1217200776162481, 0.8902676664196131, 0.9760245119282782, 0.8902676664196127, 1.1217200776162475","0.19424754372002395, 0.1230271971654527, 0.12974346047723131, 0.12302719716545271, 0.1942475437200233"
2.816326530612245,0.8979591836734694,"0.20012801382798348, -0.06792061993489737, 0.23558521221382975, -0.06792061993489773, 0.200128013827982","1.1389454770409861, 0.87282268322735, 0.9764636794633288, 0.8728226832273482, 1.1389454770409886","0.2090540546690667, 0.12020360341767786, 0.13170152969923263, 0.12020360341767729, 0.20905405466906848"
2.816326530612245,0.9795918367346939,"0.19652947192108677, -0.06530322412343592, 0.2375475044046984, -0.06530322412343606, 0.19652947192108702","1.1572949291010826, 0.8537941418121751, 0.9778218581734843, 0.8537941418121755, 1.157294929101084","0.22493559945986508, 0.1170503328584317, 0.13404899193791855, 0.11705033285843192, 0.2249355994598656"
2.816326530612245,1.0612244897959184,"0.1927052925813148, -0.06256895238934843, 0.23972731961606825, -0.06256895238934879, 0.19270529258131391","1.1767794074056313, 0.8331092041904373, 0.9802227768078623, 0.8331092041904363, 1.1767794074056308","0.24189789998116143, 0.11355254581621183, 0.13683987708656942, 0.11355254581621158, 0.24189789998116198"
2.816326530612245,1.1428571428571428,"0.1886793444682348, -0.05973452184398512, 0.24211035475150158, -0.059734521843984534, 0.18867934446823376","1.1973849380788435, 0.8107218282127204, 0.9837864674168739, 0.81072182821272, 1.1973849380788453","0.25992368561683965, 0.10970316390347665, 0.14012987228474763, 0.10970316390347654, 0.2599236856168408"
2.816326530612245,1.2244897959183674,"0.18448276272967956, -0.05682032285283847, 0.24467512024632054, -0.05682032285283767, 0.1844827627296762","1.2190676308325958, 0.7866213647148845, 0.9886220089050377, 0.7866213647148842, 1.219067630832598","0.27896829291865544, 0.1055049151036287, 0.14397356483308907, 0.10550491510362826, 0.27896829291865755"
2.816326530612245,1.3061224489795917,"0.18015379873316656, -0.05385012732403405, 0.24739265718173548, -0.05385012732403363, 0.18015379873316606","1.2417494996593272, 0.7608409240441566, 0.9948191525930347, 0.7608409240441569, 1.2417494996593277","0.2989560493538303, 0.10097214455338044, 0.148420961875349, 0.10097214455338059, 0.2989560493538307"
2.816326530612245,1.3877551020408163,"0.17573708563728727, -0.05085046926373263, 0.2502267672528894, -0.05085046926373335, 0.17573708563728951","1.2653157909546757, 0.7334644808566495, 1.0024394563773522, 0.7334644808566502, 1.265315790954674","0.3197780827070676, 0.09613210084279432, 0.15351344576707923, 0.09613210084279451, 0.3197780827070657"
2.816326530612245,1.469387755102041,"0.17128225909966627, -0.047849698036986354, 0.253134877874641, -0.04784969803698594, 0.17128225909966527","1.2896145582540166, 0.7046315131391541, 1.0115078572136587, 0.7046315131391541, 1.2896145582540184","0.34129220370052926, 0.09102539331697271, 0.159279476229254, 0.09102539331697256, 0.34129220370053054"
2.816326530612245,1.5510204081632653,"0.16684195971455873, -0.044876758543495404, 0.25606959765787274, -0.044876758543495404, 0.16684195971455923","1.314459097757957, 0.6745379877721394, 1.0220058289398077, 0.6745379877721391, 1.314459097757958","0.3633253832603518, 0.08570536292023873, 0.165730496700495, 0.08570536292023874, 0.3633253832603521"
2.816326530612245,1.6326530612244898,"0.16246935158792863, -0.04195980918552761, 0.2589809151951975, -0.04195980918552791, 0.16246935158792924","1.3396335611214365, 0.6434327843957754, 1.0338673089655777, 0.643432784395775, 1.3396335611214365","0.3856790678970909, 0.08023622893675669, 0.17285759998249542, 0.08023622893675668, 0.3856790678970907"
2.816326530612245,1.7142857142857142,"0.1582153964596747, -0.039124832903232765, 0.26181887288711503, -0.03912483290323279, 0.15821539645967603","1.3649016125065185, 0.611609206944516, 1.0469783610979335, 0.611609206944516, 1.3649016125065159","0.4081371698778619, 0.0746900572314831, 0.18062951264602709, 0.07469005723148331, 0.4081371698778601"
2.816326530612245,1.7959183673469388,"0.15412619520109838, -0.03639441332757329, 0.264536436252951, -0.03639441332757351, 0.1541261952010975","1.390017475358424, 0.5793919929852358, 1.061181063312679, 0.5793919929852356, 1.3900174753584267","0.4304761075948581, 0.06914280760796163, 0.18899233982653374, 0.06914280760796145, 0.43047610759486016"
2.816326530612245,1.8775510204081634,"0.1502407224004893, -0.03378682813676612, 0.267092211472553, -0.03378682813676592, 0.1502407224004902","1.414738247018612, 0.5471210295965077, 1.076281446769763, 0.5471210295965082, 1.4147382470186134","0.45247586881228147, 0.0636699046898651, 0.19787127635352153, 0.06366990468986523, 0.4524758688122813"
2.816326530612245,1.9591836734693877,"0.14658922444117223, -0.03131555725234142, 0.2694526656223386, -0.0313155572523416, 0.14658922444117228","1.4388360802083544, 0.5151336088597368, 1.0920606218638187, 0.5151336088597375, 1.4388360802083542","0.4739308416656329, 0.05834188250176995, 0.20717418157318968, 0.0583418825017699, 0.47393084166563254"
2.816326530612245,2.0408163265306123,"0.1431924381969385, -0.02898922876919746, 0.27159358114451604, -0.02898922876919749, 0.14319243819694044","1.462108829650236, 0.4837473236765024, 1.1082876933465267, 0.4837473236765037, 1.4621088296502318","0.49465917971815143, 0.05322064249335717, 0.2167966091246611, 0.053220642493357374, 0.49465917971814755"
2.816326530612245,2.122448979591837,"0.1400616465477209, -0.026811951534143466, 0.2735006099728467, -0.02681195153414352, 0.1400616465477194","1.4843880461239842, 0.4532455373367005, 1.1247328330786281, 0.4532455373366995, 1.4843880461239873","0.5145097373864174, 0.0483567395269792, 0.22662765924625833, 0.04835673952697913, 0.5145097373864206"
2.816326530612245,2.204081632653061,"0.13719945623410273, -0.024783929574688363, 0.27516894668117026, -0.02478392957468871, 0.1371994562341039","1.5055436870941543, 0.4238668167200018, 1.1411789923716888, 0.42386681672000204, 1.5055436870941525","0.5333660532438436, 0.04378790850639311, 0.2365559343891497, 0.04378790850639315, 0.5333660532438418"
2.816326530612245,2.2857142857142856,"0.1346010940831307, -0.022902230804008175, 0.27660227344175525, -0.0229022308040083, 0.13460109408313103","1.5254854657318784, 0.3957989675894813, 1.1574311333572824, 0.3957989675894822, 1.5254854657318797","0.5511473483630371, 0.03953882469105556, 0.24647493900480227, 0.0395388246910556, 0.5511473483630371"
2.816326530612245,2.36734693877551,"0.13225598334415917, -0.021161589866269745, 0.2778112130442222, -0.021161589866269426, 0.13225598334415783","1.544161240485058, 0.36917755810576103, 1.1733224028183613, 0.3691775581057599, 1.544161240485062","0.5678069245334181, 0.03562190927759229, 0.2562874377454313, 0.035621909277592095, 0.5678069245334213"
2.816326530612245,2.4489795918367347,"0.13014937831441786, -0.019555153206224238, 0.2788115497836108, -0.01955515320622417, 0.13014937831441975","1.5615531623439813, 0.3440882328193544, 1.1887172096733314, 0.34408823281935497, 1.5615531623439793","0.5833286144687392, 0.03203888288885999, 0.2659085138608839, 0.03203888288886025, 0.5833286144687365"
2.816326530612245,2.5306122448979593,"0.12826388566961677, -0.018075110818501147, 0.27962245029776733, -0.018075110818501577, 0.12826388566961855","1.5776724185355961, 0.320571789621511, 1.2035115836857893, 0.32057178962151117, 1.5776724185355917","0.5977220321655746, 0.028782739590366445, 0.2752672908772128, 0.02878273959036641, 0.5977220321655708"
2.816326530612245,2.6122448979591835,"0.12658076440554816, -0.016713192922571146, 0.28026485703404325, -0.016713192922571368, 0.12658076440555133","1.5925533675272017, 0.29863091466630237, 1.2176314356129974, 0.29863091466630387, 1.5925533675271966","0.6110173238976206, 0.02583984710735305, 0.28430745259730705, 0.02583984710735329, 0.6110173238976153"
2.816326530612245,2.693877551020408,"0.12508095613747483, -0.015461034832275712, 0.28076015738959925, -0.015461034832276246, 0.12508095613747805","1.6062477095228875, 0.27823758355118855, 1.2310294138518536, 0.2782375835511899, 1.606247709522883","0.6232599818489034, 0.023191948706592816, 0.292986800445359, 0.023191948706592934, 0.6232599818488984"
2.816326530612245,2.7755102040816326,"0.12374584380152653, -0.014310427954757045, 0.28112916830645707, -0.014310427954757135, 0.12374584380153086","1.6188191417461428, 0.2593403572984824, 1.2436810019107563, 0.2593403572984847, 1.618819141746135","0.6345061082354936, 0.020817923013510896, 0.30127612587440483, 0.02081792301351121, 0.6345061082354857"
2.816326530612245,2.857142857142857,"0.12255776649584027, -0.013253480679783616, 0.2813914283678839, -0.0132534806797839, 0.12255776649584332","1.6303387577484776, 0.24187105305143589, 1.2555803784001776, 0.24187105305143725, 1.6303387577484725","0.6448183502949273, 0.018695231358280297, 0.309157664490097, 0.018695231358280537, 0.6448183502949221"
2.816326530612245,2.938775510204082,"0.12150033292916629, -0.012282712733000474, 0.2815647596076706, -0.012282712733000148, 0.12150033292916373","1.64088129372046, 0.225750499311841, 1.2667364139353947, 0.22575049931183985, 1.640881293720466","0.6542625902008147, 0.01680103850137773, 0.3166233572967978, 0.01680103850137758, 0.6542625902008199"
2.816326530612245,3.020408163265306,"0.12055857957235028, -0.011391103163936073, 0.28166504718317653, -0.011391103163935712, 0.120558579572345","1.6505222130489692, 0.21089326697584498, 1.277169039950364, 0.21089326697584318, 1.6505222130489803","0.6629053773707668, 0.015113029546794058, 0.32367309055840193, 0.015113029546793885, 0.6629053773707773"
2.816326530612245,3.1020408163265305,"0.11971901632448945, -0.010572107626386336, 0.28170618260379054, -0.010572107626386558, 0.11971901632449317","1.659335551411644, 0.19721139348439787, 1.2869061102079238, 0.1972113934843991, 1.6593355514116368","0.6708120316623464, 0.013609965829204807, 0.3303130317693342, 0.013609965829204962, 0.6708120316623395"
2.816326530612245,3.183673469387755,"0.11896959578922739, -0.00981965625932494, 0.2817001209401992, -0.009819656259324634, 0.11896959578922367","1.6673924103387, 0.18461719357127587, 1.2959807921800448, 0.18461719357127465, 1.6673924103387088","0.6780453170984078, 0.012272029833288815, 0.3365541324518018, 0.012272029833288685, 0.6780453170984156"
2.816326530612245,3.2653061224489797,"0.11829963452722869, -0.009128139884002982, 0.2816570107135534, -0.009128139884002726, 0.11829963452722364","1.6747599773639232, 0.173025287366677, 1.3044294705387922, 0.17302528736667516, 1.6747599773639328","0.6846645781114195, 0.011081008215737521, 0.3424108319662441, 0.011081008215737344, 0.6846645781114291"
2.816326530612245,3.3469387755102042,"0.11769970733906632, -0.008492389545274821, 0.2815853644124204, -0.008492389545274495, 0.11769970733906238","1.6815009564433174, 0.16235398688849595, 1.312290113336366, 0.16235398688849487, 1.6815009564433252","0.6907252357960431, 0.010020356450791832, 0.34789997043862453, 0.010020356450791709, 0.6907252357960508"
2.816326530612245,3.4285714285714284,"0.1171615294217127, -0.007907652555279983, 0.281492246267133, -0.007907652555280198, 0.11716152942171454","1.6876733060717144, 0.15252617553176928, 1.3196010367930362, 0.15252617553176978, 1.6876733060717104","0.6962785540855181, 0.009075181164391252, 0.35303990192676565, 0.00907518116439122, 0.6962785540855145"
2.816326530612245,3.510204081632653,"0.11667783633298617, -0.007369566968944426, 0.28138346127191294, -0.007369566968944724, 0.11667783633299006","1.6933301994972494, 0.14346979986800296, 1.3264000012695027, 0.14346979986800404, 1.6933301994972427","0.7013716008313007, 0.008232168541770009, 0.35784978912379833, 0.008232168541770052, 0.7013716008312937"
2.816326530612245,3.5918367346938775,"0.11624226802325188, -0.006874135649870109, 0.28126373525322856, -0.006874135649870432, 0.11624226802326004","1.6985201385282684, 0.13511807423805344, 1.3327235744673722, 0.13511807423805555, 1.6985201385282518","0.706047343822665, 0.007479480211570832, 0.36234905626481784, 0.007479480211571021, 0.7060473438226487"
2.816326530612245,3.673469387755102,"0.11584926056373446, -0.006417700618783322, 0.28113688011009086, -0.0064177006187836685, 0.11584926056374173","1.7032871679594563, 0.12740947957811427, 1.3386067049248718, 0.127409479578116, 1.7032871679594415","0.7103448354051016, 0.006806632129174147, 0.3665569757625372, 0.006806632129174296, 0.7103448354050872"
2.816326530612245,3.7551020408163267,"0.11549394739473234, -0.00599691810128717, 0.2810059414131175, -0.005996918101286896, 0.11549394739472457","1.7076711508759175, 0.12028762047789772, 1.3440824572923573, 0.12028762047789623, 1.7076711508759326","0.7142994509310441, 0.0062043672870276114, 0.3704923651182603, 0.0062043672870274865, 0.7142994509310593"
2.816326530612245,3.836734693877551,"0.11517207072815816, -0.005608734530147916, 0.28087332760398787, -0.005608734530147458, 0.11517207072814922","1.7117080758677912, 0.11370098945269308, 1.3491818693590147, 0.11370098945269157, 1.7117080758678092","0.7179431556864797, 0.005664529482466167, 0.37417337286615904, 0.005664529482466038, 0.7179431556864974"
2.816326530612245,3.9183673469387754,"0.11487990299383166, -0.005250363660839568, 0.2807409213340074, -0.005250363660839894, 0.11487990299384027","1.715430375664761, 0.10760267502044685, 1.3539338986295995, 0.10760267502044829, 1.7154303756647424","0.72130478233486, 0.00517994271029604, 0.37761733505075357, 0.005179942710296165, 0.7213047823348424"
2.816326530612245,4.0,"0.11461417778193822, -0.004919264898388148, 0.2806101742329079, -0.004919264898387739, 0.11461417778192978","1.7188672431867262, 0.10195004027286977, 1.3583654330807924, 0.10195004027286857, 1.7188672431867422","0.7244103065799763, 0.004744298836108607, 0.38084068658678843, 0.004744298836108564, 0.7244103065799923"
2.938775510204082,0.0,"0.22488370898929022, -0.08985689456355167, 0.22994637114852495, -0.08985689456355098, 0.2248837089892877","1.0000000000000002, 0.9999999999999997, 0.9999999999999999, 1.0000000000000002, 0.9999999999999998","0.09195329021614124, 0.13410509959394382, 0.11923052939476919, 0.1341050995939439, 0.0919532902161413"
2.938775510204082,0.08163265306122448,"0.22395867978607642, -0.08886160663259884, 0.22980585369304646, -0.08886160663259729, 0.22395867978607353","1.00844288785654, 0.9932446836052041, 0.9966248570765136, 0.9932446836052037, 1.00844288785654","0.09821450138640242, 0.13335218263312498, 0.11927962119750102, 0.13335218263312473, 0.0982145013864027"
2.938775510204082,0.16326530612244897,"0.22283950895846835, -0.08773254937778777, 0.22978608083864072, -0.08773254937778688, 0.22283950895846563","1.0173946030321264, 0.9859182146852921, 0.9933743645651631, 0.9859182146852914, 1.0173946030321264","0.10501713385553113, 0.13252397394048668, 0.1194442508774992, 0.13252397394048646, 0.10501713385553149"
2.938775510204082,0.24489795918367346,"0.22151603005859433, -0.08646688190056609, 0.22990170368394153, -0.08646688190056748, 0.22151603005859768","1.0269139667041074, 0.977948855740457, 0.9902743551108716, 0.9779488557404565, 1.0269139667041067","0.11241119345284889, 0.1316017311447153, 0.11972750802493791, 0.13160173114471546, 0.11241119345284845"
2.938775510204082,0.32653061224489793,"0.2199778853269813, -0.08506150241605559, 0.23016723417814852, -0.08506150241605501, 0.21997788532698082","1.0370628580788352, 0.969257770014863, 0.9873587438126052, 0.9692577700148635, 1.037062858078835","0.12044996786432205, 0.13056504194692461, 0.120136003083228, 0.13056504194692475, 0.12044996786432181"
2.938775510204082,0.40816326530612246,"0.21821482637022666, -0.08351326951814464, 0.23059688629583494, -0.08351326951814436, 0.21821482637022765","1.0479059202770302, 0.9597588677074245, 0.9846704240310911, 0.9597588677074248, 1.0479059202770302","0.12918964235525526, 0.1293917983073513, 0.1206802615445879, 0.12939179830735162, 0.12918964235525512"
2.938775510204082,0.4897959183673469,"0.21621710002322542, -0.08181926791764993, 0.23120433578885252, -0.08181926791765007, 0.2162171000232223","1.05950997616736, 0.9493589447950312, 0.9822621580752177, 0.9493589447950319, 1.0595099761673605","0.13868865215423531, 0.12805826285803054, 0.12137516301010122, 0.12805826285803046, 0.13868865215423615"
2.938775510204082,0.5714285714285714,"0.2139759333097981, -0.07997712566114673, 0.232002384702699, -0.07997712566114643, 0.21397593330979608","1.0719430728190333, 0.9379582367359848, 0.980197380889964, 0.9379582367359842, 1.0719430728190336","0.14900669634587685, 0.12653926084280884, 0.12224039941259002, 0.12653926084280848, 0.14900669634587715"
2.938775510204082,0.6530612244897959,"0.21148412842291092, -0.0779853871188868, 0.2330025173919523, -0.0779853871188872, 0.21148412842291112","1.0852730631654572, 0.9254515357982283, 0.9785508020726295, 0.9254515357982284, 1.0852730631654595","0.16020333032286407, 0.12480853667064325, 0.12330091315245226, 0.1248085366706431, 0.1602033303228649"
2.938775510204082,0.7346938775510204,"0.20873677244197114, -0.07584394133024591, 0.23421433777655004, -0.07584394133024563, 0.20873677244197025","1.0995656297153178, 0.9117300435199779, 0.9774086535294096, 0.9117300435199773, 1.0995656297153182","0.1723360522128592, 0.1228393179460733, 0.12458725858549327, 0.12283931794607311, 0.1723360522128597"
2.938775510204082,0.8163265306122449,"0.20573205594134034, -0.07355449805807612, 0.23564488423347035, -0.07355449805807573, 0.2057320559413411","1.1148816628916205, 0.896684141967955, 0.9768683902808487, 0.8966841419679558, 1.1148816628916207","0.18545780794952077, 0.12060512947740215, 0.12613580978473207, 0.12060512947740261, 0.18545780794952055"
2.938775510204082,0.8979591836734694,"0.20247217869689849, -0.07112109375743528, 0.23729783012107244, -0.07112109375743553, 0.20247217869690004","1.1312739325621608, 0.8802072589423722, 0.9770376169909332, 0.8802072589423741, 1.1312739325621604","0.19961386583485224, 0.11808089237823986, 0.1279887155478775, 0.11808089237824103, 0.19961386583485224"
2.938775510204082,0.9795918367346939,"0.19896429889175044, -0.06855059669876898, 0.2391725956140353, -0.0685505966987694, 0.1989642988917525","1.1487830432486956, 0.8622009599819853, 0.9780319935386382, 0.8622009599819859, 1.1487830432486936","0.21483806127522168, 0.11524432555776669, 0.1301934828205973, 0.11524432555776701, 0.2148380612752203"
2.938775510204082,1.0612244897959184,"0.19522145527124385, -0.06585316562381308, 0.24126342070513648, -0.06585316562381432, 0.19522145527124707","1.1674327484556168, 0.8425813092509962, 0.9799718845867758, 0.8425813092509957, 1.1674327484556146","0.23114849179814057, 0.11207763532631562, 0.13280205795451697, 0.11207763532631541, 0.231148491798139"
2.938775510204082,1.1428571428571428,"0.19126336228679808, -0.06304260170466833, 0.2435584788357406, -0.06304260170466747, 0.19126336228679705","1.1872248211035252, 0.8212863894050675, 0.9829775789828133, 0.8212863894050677, 1.1872248211035248","0.24854285392870215, 0.10856943154005003, 0.13586927983166014, 0.1085694315400504, 0.24854285392870237"
2.938775510204082,1.2244897959183674,"0.18711695175945597, -0.06013652284224513, 0.2460391421655767, -0.06013652284224544, 0.18711695175945808","1.208133830932253, 0.7982846527609634, 0.9871630326135686, 0.7982846527609642, 1.2081338309322525","0.2669937521725914, 0.10471674686430983, 0.13945060975921353, 0.10471674686431003, 0.26699375217259047"
2.938775510204082,1.3061224489795917,"0.18281651920056838, -0.05715628737716952, 0.24867953635320206, -0.05715628737716957, 0.18281651920056913","1.2301023489380172, 0.7735835046086599, 0.9926282929066466, 0.7735835046086608, 1.2301023489380194","0.28644445979032085, 0.10052696589095472, 0.14359910933638756, 0.10052696589095485, 0.28644445979032146"
2.938775510204082,1.3877551020408163,"0.17840333875110273, -0.05412660632783109, 0.2514465351534553, -0.05412660632783112, 0.17840333875110442","1.2530372500235465, 0.7472372316018421, 0.9994510367492238, 0.7472372316018426, 1.2530372500235454","0.30680574035280833, 0.09601940653325425, 0.1483617435869504, 0.09601940653325461, 0.3068057403528072"
2.938775510204082,1.469387755102041,"0.1739246471115971, -0.05107481303328171, 0.2543003318433713, -0.05107481303328168, 0.17392464711159497","1.2768078691529747, 0.7193531503875191, 1.0076779609190112, 0.7193531503875172, 1.2768078691529763","0.3279544041994215, 0.09122625757223168, 0.15377522681269484, 0.09122625757223114, 0.3279544041994234"
2.938775510204082,1.5510204081632653,"0.16943196822742096, -0.04802980628332415, 0.25719567611180755, -0.04802980628332448, 0.16943196822742035","1.3012467279247044, 0.6900947529599483, 1.0173170382306957, 0.6900947529599486, 1.3012467279247057","0.34973422626405903, 0.08619258659936603, 0.1598617823896753, 0.08619258659936568, 0.3497342262640593"
2.938775510204082,1.6326530612244898,"0.16497885160111056, -0.04502074124257438, 0.26008377928292925, -0.04502074124257438, 0.16497885160110914","1.3261533439909683, 0.6596807544289824, 1.0283318031601003, 0.6596807544289814, 1.32615334399097","0.3719596549190056, 0.08097521012183717, 0.16662531907189593, 0.08097521012183666, 0.37195965491900684"
2.938775510204082,1.7142857142857142,"0.16061821024328082, -0.042075598835691924, 0.26291477718482037, -0.04207559883569156, 0.16061821024328243","1.3513012577515084, 0.6283793576828782, 1.0406387691312273, 0.6283793576828791, 1.3513012577515071","0.3944223927926622, 0.07564036526885473, 0.17404858999525807, 0.07564036526885523, 0.39442239279266067"
2.938775510204082,1.7959183673469388,"0.15639954133115958, -0.03921980219850696, 0.26564052173469466, -0.039219802198507264, 0.1563995413311603","1.3764479079376395, 0.5964977135673933, 1.0541087569899366, 0.5964977135673937, 1.3764479079376395","0.4169004775266469, 0.07026031990650472, 0.18209185633281258, 0.0702603199065047, 0.41690047752664655"
2.938775510204082,1.8775510204081634,"0.1523663630706737, -0.03647505388885211, 0.26821738163635744, -0.03647505388885222, 0.15236636307067353","1.401346466516301, 0.5643673551679078, 1.0685723566315843, 0.5643673551679076, 1.4013464665163018","0.4391690307533756, 0.06490926091863948, 0.1906934090866904, 0.06490926091863959, 0.4391690307533763"
2.938775510204082,1.9591836734693877,"0.14855418402416742, -0.03385853414526424, 0.27060870024219486, -0.03385853414526388, 0.14855418402416593","1.425758342061197, 0.5323271258492256, 1.083829064179153, 0.532327125849225, 1.4257583420611981","0.4610115002102904, 0.059658952652432304, 0.19977203146024564, 0.05965895265243214, 0.4610115002102919"
2.938775510204082,2.0408163265306123,"0.1449892351516709, -0.0313825356028543, 0.2727866009023675, -0.03138253560285496, 0.14498923515167078","1.4494649009720377, 0.5007055951122585, 1.099659007831408, 0.5007055951122577, 1.4494649009720386","0.4822300976270951, 0.05457471121726834, 0.20923117039985392, 0.05457471121726795, 0.48223009762709584"
2.938775510204082,2.122448979591837,"0.1416880615114175, -0.029054531533517808, 0.27473294004420123, -0.02905453153351792, 0.14168806151141705","1.4722770923819013, 0.46980502381926564, 1.1158357675976658, 0.46980502381926564, 1.4722770923819026","0.5026542767622585, 0.04971217653026022, 0.21896430934159222, 0.0497121765302602, 0.5026542767622594"
2.938775510204082,2.204081632653061,"0.13865792656125692, -0.026877604864407573, 0.27643935660630026, -0.026877604864407906, 0.13865792656125847","1.4940420577885316, 0.43988858673044384, 1.132138710962052, 0.43988858673044473, 1.4940420577885298","0.5221464626243733, 0.04511520177988834, 0.22886086620344856, 0.04511520177988838, 0.522146462624371"
2.938775510204082,2.2857142857142856,"0.13589786467238202, -0.02485112115710235, 0.2779065129694428, -0.024851121157101586, 0.13589786467237924","1.514646345355474, 0.4111719017528347, 1.1483635057833819, 0.4111719017528323, 1.5146463453554802","0.5406047286851872, 0.04081496851254787, 0.238811917186677, 0.04081496851254753, 0.5406047286851927"
2.938775510204082,2.36734693877551,"0.13340015132997418, -0.022971516951199034, 0.2791427312424481, -0.022971516951199922, 0.1334001513299769","1.5340158858855324, 0.38381914665988404, 1.164329934909171, 0.38381914665988554, 1.5340158858855286","0.5579625941325475, 0.03683023356630885, 0.24871515814272938, 0.03683023356630903, 0.5579625941325435"
2.938775510204082,2.4489795918367347,"0.13115195078234476, -0.021233090867897028, 0.280162280171104, -0.021233090867896723, 0.13115195078234543","1.5521133006244268, 0.35794336074280597, 1.1798866772655368, 0.35794336074280664, 1.5521133006244274","0.5741864720024442, 0.03316846779963035, 0.2584787147080913, 0.03316846779963046, 0.5741864720024439"
2.938775510204082,2.5306122448979593,"0.12913693604875454, -0.019628717259581055, 0.2809835624216501, -0.019628717259581527, 0.12913693604875798","1.5689333370751097, 0.333610062544349, 1.1949132007610892, 0.33361006254435044, 1.5689333370751029","0.5892714889733166, 0.029827576688086964, 0.2680236390031053, 0.02982757668808715, 0.5892714889733102"
2.938775510204082,2.6122448979591835,"0.1273367360553413, -0.018150438523261814, 0.28162740493584404, -0.018150438523261272, 0.12733673605533796","1.5844972686788816, 0.31084310781380975, 1.209319247014613, 0.31084310781380853, 1.5844972686788883","0.6032364228043142, 0.02679789439089556, 0.27728513102622177, 0.026797894390895218, 0.6032364228043201"
2.938775510204082,2.693877551020408,"0.1257321292823792, -0.01678992324337604, 0.282115587921991, -0.016789923243376387, 0.1257321292823823","1.5988469935194016, 0.28963173046505974, 1.2230425520310826, 0.2896317304650611, 1.598846993519396","0.6161184067357371, 0.0240641942857535, 0.28621266479350344, 0.02406419428575364, 0.6161184067357316"
2.938775510204082,2.7755102040816326,"0.12430395857875998, -0.015538798689106056, 0.28246968022069074, -0.015538798689106452, 0.12430395857876209","1.612039389525672, 0.26993787850035156, 1.236045463947958, 0.2699378785003521, 1.6120393895256675","0.6279678885064338, 0.021607533934510446, 0.2947692740645243, 0.021607533934510533, 0.6279678885064299"
2.938775510204082,2.857142857142857,"0.12303378107895141, -0.014388877591736071, 0.282710193025572, -0.014388877591735821, 0.12303378107894869","1.6241412867001856, 0.25170319503129474, 1.2483110365370358, 0.25170319503129385, 1.6241412867001916","0.6388441557229567, 0.019406828856816386, 0.3029302689718517, 0.01940682885681633, 0.6388441557229624"
2.938775510204082,2.938775510204082,"0.12190428988664442, -0.01333230270693786, 0.2828560256405901, -0.013332302706937402, 0.12190428988664098","1.6352252404694383, 0.23485523673254372, 1.2598390455960309, 0.23485523673254236, 1.6352252404694476","0.6488115834944603, 0.01744011347981478, 0.31068163055671877, 0.01744011347981461, 0.6488115834944679"
2.938775510204082,3.020408163265306,"0.12089955338501457, -0.012361631305049664, 0.28292415584007324, -0.01236163130504922, 0.12089955338501157","1.6453661542444586, 0.21931272849368444, 1.2706422345237112, 0.21931272849368366, 1.645366154244466","0.6579366412169012, 0.015685493490286365, 0.31801828375265484, 0.015685493490286286, 0.6579366412169075"
2.938775510204082,3.1020408163265305,"0.12000511797021474, -0.011469877977236975, 0.28292952001404026, -0.011469877977237482, 0.12000511797021984","1.6546387078822027, 0.20498980703441733, 1.28074297016677, 0.20498980703441888, 1.6546387078821925","0.6662856161445202, 0.014121821721674716, 0.3249423959426713, 0.014121821721674862, 0.6662856161445104"
2.938775510204082,3.183673469387755,"0.1192080146892941, -0.01065052977289195, 0.2828850301671918, -0.010650529772892249, 0.11920801468929804","1.6631154966255564, 0.19179930742431686, 1.2901703919002603, 0.19179930742431828, 1.6631154966255481","0.6739229667714585, 0.012729143006844745, 0.3314617979360877, 0.012729143006844891, 0.6739229667714506"
2.938775510204082,3.2653061224489797,"0.11849670274128898, -0.009897543691595623, 0.28280168190061034, -0.009897543691596296, 0.1184967027412932","1.6708657628737287, 0.1796552032382515, 1.2989580677760482, 0.17965520323825346, 1.6708657628737245","0.6809102005485516, 0.011488956456932316, 0.33758858237664646, 0.01148895645693243, 0.6809102005485453"
2.938775510204082,3.3469387755102042,"0.11786097503633552, -0.009205333354127987, 0.2826887166355907, -0.00920533335412771, 0.11786097503632947","1.6779546010056197, 0.16847433500381986, 1.3071421279811106, 0.1684743350038184, 1.6779546010056312","0.6873051693799176, 0.01038434040227298, 0.3433379029401656, 0.01038434040227278, 0.687305169379929"
2.938775510204082,3.4285714285714284,"0.11729184406613302, -0.008568749326704761, 0.2825538105211386, -0.008568749326705198, 0.1172918440661388","1.6844425251778312, 0.1581775637512841, 1.3147598221417807, 0.1581775637512859, 1.6844425251778228","0.6931616854138318, 0.00939997886617212, 0.3487269757290437, 0.00939997886617228, 0.6931616854138222"
2.938775510204082,3.510204081632653,"0.11678142065499048, -0.007983055952702794, 0.28240327059541886, -0.007983055952703072, 0.11678142065499653","1.6903853054335896, 0.14869047588291728, 1.3218484373669974, 0.14869047588291895, 1.6903853054335778","0.6985293735337872, 0.008522121051484133, 0.3537742704462748, 0.008522121051484297, 0.6985293735337756"
2.938775510204082,3.5918367346938775,"0.1163227937866147, -0.007443906482872485, 0.28224222539252186, -0.007443906482872124, 0.11632279378660859","1.6958339945449727, 0.13994374877892418, 1.328444513352198, 0.13994374877892235, 1.6958339945449858","0.7034536921698494, 0.007738498168746137, 0.35849887132060854, 0.007738498168745951, 0.7034536921698619"
2.938775510204082,3.673469387755102,"0.11590991649826515, -0.006947317622533023, 0.28207480224852877, -0.00694731762253345, 0.1159099164982727","1.7008350843747135, 0.1318732678521118, 1.3345832955463641, 0.13187326785211334, 1.7008350843746989","0.7079760685335114, 0.007038215664483746, 0.36291998454549984, 0.007038215664483833, 0.7079760685334966"
2.938775510204082,3.7551020408163267,"0.11553750058485174, -0.006489644199085938, 0.28190428722847527, -0.006489644199085532, 0.11553750058484485","1.7054307449763528, 0.12442006770429602, 1.3402983746386905, 0.12442006770429437, 1.7054307449763675","0.7121341071074212, 0.006411633753294189, 0.3670565686785143, 0.006411633753294059, 0.7121341071074351"
2.938775510204082,3.836734693877551,"0.1152009213400722, -0.006067554399243492, 0.2817332661183468, -0.006067554399243311, 0.11520092134006782","1.709659111704982, 0.11753015394061639, 1.3456214687087973, 0.11753015394061556, 1.7096591117049909","0.7159618408278456, 0.005850245113911063, 0.3709270658710144, 0.0058502451139109644, 0.7159618408278543"
2.938775510204082,3.9183673469387754,"0.11489613258576031, -0.005678005868425713, 0.2815637465653392, -0.005678005868425352, 0.1148961325857516","1.7135545952844562, 0.11115424858003066, 1.3505823122710117, 0.11115424858002887, 1.7135545952844726","0.719490002898486, 0.005346555554705142, 0.3745492141369819, 0.005346555554705007, 0.7194900028985027"
2.938775510204082,4.0,"0.11461959164441549, -0.00531822286435768, 0.2813972624398664, -0.005318222864358905, 0.11461959164443553","1.717148197307822, 0.1052474909019083, 1.3552086235805778, 0.10524749090191127, 1.7171481973077847","0.7227463037876444, 0.004893971219655506, 0.37793992357242207, 0.004893971219655804, 0.7227463037876063"
3.061224489795918,0.0,"0.22632016652272108, -0.09240796933579448, 0.2321756056261496, -0.09240796933579268, 0.22632016652271686","0.9999999999999999, 0.9999999999999994, 1.0, 0.9999999999999996, 0.9999999999999999","0.08827740624318153, 0.1297666207928233, 0.1153511429183613, 0.129766620792823, 0.0882774062431819"
3.061224489795918,0.08163265306122448,"0.22543062656110271, -0.09143545939856354, 0.23200966567492387, -0.09143545939856243, 0.2254306265610997","1.0079232191895873, 0.9936391101808408, 0.9968753412591436, 0.9936391101808411, 1.0079232191895875","0.09420664073812086, 0.12914224998030302, 0.11550603587932524, 0.12914224998030263, 0.09420664073812103"
3.061224489795918,0.16326530612244897,"0.22435641877279677, -0.09033726221694727, 0.23196168688830268, -0.09033726221694327, 0.2243564187727914","1.0163310294693757, 0.9867424827219367, 0.9938529756173768, 0.9867424827219373, 1.0163310294693764","0.10064784501123464, 0.1284507599963879, 0.11576395518348907, 0.12845075999638825, 0.10064784501123535"
3.061224489795918,0.24489795918367346,"0.22308730070902216, -0.08910999256381735, 0.23204538370959313, -0.08910999256381313, 0.22308730070901525","1.0252793853428133, 0.9792429830191358, 0.9909552632761018, 0.9792429830191354, 1.0252793853428135","0.10764913212098118, 0.1276750906908336, 0.11612746796442291, 0.12767509069083366, 0.10764913212098223"
3.061224489795918,0.32653061224489793,"0.22161271955413855, -0.08774993087999025, 0.23227442265170478, -0.08774993087999067, 0.2216127195541378","1.034827574087886, 0.971066553290665, 0.9882117452428997, 0.9710665532906645, 1.034827574087886","0.11526210494172509, 0.1267965655059009, 0.1166022360902265, 0.12679656550590065, 0.11526210494172535"
3.061224489795918,0.40816326530612246,"0.21992206304580367, -0.08625320512155674, 0.23266228415150397, -0.0862532051215566, 0.21992206304580542","1.0450380531084278, 0.9621319404572131, 0.9856600128687184, 0.962131940457213, 1.0450380531084273","0.12354161033193818, 0.12579483157060062, 0.11719739342289563, 0.12579483157060076, 0.12354161033193795"
3.061224489795918,0.4897959183673469,"0.21800498836997612, -0.08461601435701935, 0.23322205197408588, -0.08461601435701946, 0.21800498836997678","1.0559760419487154, 0.9523506553438721, 0.9833466054148248, 0.9523506553438725, 1.0559760419487159","0.13254526907846262, 0.12464787263616575, 0.11792597501654235, 0.12464787263616595, 0.13254526907846256"
3.061224489795918,0.5714285714285714,"0.2158518439394963, -0.08283490235911256, 0.23396611683923202, -0.08283490235911203, 0.2158518439394962","1.0677087932742098, 0.9416272701614755, 0.9813278731286293, 0.9416272701614763, 1.0677087932742089","0.14233271109525744, 0.12333212385861236, 0.11880538005212916, 0.12333212385861309, 0.14233271109525714"
3.061224489795918,0.6530612244897959,"0.21345419746973382, -0.08090708787942724, 0.23490578081938593, -0.0809070878794261, 0.2134541974697336","1.0803044546611529, 0.929860187884938, 0.9796707149078194, 0.9298601878849375, 1.0803044546611544","0.15296443499293483, 0.12182272356411777, 0.11985783900003516, 0.12182272356411791, 0.1529644349929354"
3.061224489795918,0.7346938775510204,"0.21080547965010482, -0.0788308550921955, 0.23605075088418087, -0.07883085509219573, 0.21080547965010593","1.0938304245743278, 0.9169430428692406, 0.9784530651128641, 0.9169430428692408, 1.0938304245743273","0.16450020477564548, 0.12009394220568403, 0.12111084046219105, 0.12009394220568395, 0.16450020477564495"
3.061224489795918,0.8163265306122449,"0.20790174482994672, -0.07660600222708797, 0.23740851479428154, -0.07660600222708944, 0.20790174482994922","1.1083511057853617, 0.9027669115376894, 0.9777639653538971, 0.9027669115376908, 1.1083511057853626","0.17699689808159486, 0.11811983105921134, 0.12259745442220266, 0.11811983105921169, 0.17699689808159486"
3.061224489795918,0.8979591836734694,"0.20474253730077902, -0.07423433810856189, 0.23898360161556545, -0.07423433810856281, 0.20474253730078054","1.123924973722017, 0.8872235169816124, 0.9777030185927422, 0.8872235169816132, 1.123924973722017","0.19050573555085537, 0.11587513039759735, 0.12435646716588099, 0.11587513039759774, 0.19050573555085493"
3.061224489795918,0.9795918367346939,"0.20133183304540714, -0.07172020487321368, 0.2407767436556129, -0.07172020487321479, 0.20133183304540814","1.1406009133444417, 0.8702095902930288, 0.978378992725058, 0.8702095902930288, 1.1406009133444401","0.20506885628547253, 0.11333646581519113, 0.12643222132000784, 0.11333646581519106, 0.2050688562854716"
3.061224489795918,1.0612244897959184,"0.1976790021234019, -0.06907099083332602, 0.24278397741984822, -0.06907099083332577, 0.19767900212340156","1.158413844109213, 0.8516324902160659, 0.9799073313494409, 0.8516324902160655, 1.158413844109213","0.22071526692245244, 0.1104838386139399, 0.12887403674055883, 0.11048383861393973, 0.22071526692245244"
3.061224489795918,1.1428571428571428,"0.19379970761106607, -0.0662975815973374, 0.24499574797254275, -0.0662975815973377, 0.19379970761106635","1.1773797547073217, 0.8314170666759382, 0.9824063572334807, 0.8314170666759377, 1.1773797547073213","0.23745628674230526, 0.10730237879849211, 0.1317350812682415, 0.10730237879849201, 0.2374562867423052"
3.061224489795918,1.2244897959183674,"0.18971662703668235, -0.06341468286802132, 0.24739611166267822, -0.06341468286802127, 0.18971662703668196","1.1974904085022395, 0.809513572702565, 0.98599203759039, 0.8095135727025653, 1.1974904085022393","0.25528073853389455, 0.10378427637123182, 0.13507057381955415, 0.103784276371232, 0.2552807385338949"
3.061224489795918,1.3061224489795917,"0.18545985834410217, -0.0604409391124639, 0.24996216153672485, -0.06044093911246459, 0.1854598583441019","1.2187081476599366, 0.7859061847610015, 0.990771335158125, 0.7859061847610016, 1.2187081476599362","0.27415028520232765, 0.09993074143539218, 0.13893524593919632, 0.09993074143539186, 0.2741502852023274"
3.061224489795918,1.3877551020408163,"0.18106686412567763, -0.05739877398217427, 0.2526638197129907, -0.057398773982174967, 0.18106686412568118","1.240961394452016, 0.7606214058961032, 0.9968343993037636, 0.7606214058961035, 1.2409613944520141","0.29399546226793766, 0.09575377538989868, 0.14338006968433648, 0.09575377538989904, 0.2939954622679357"
3.061224489795918,1.469387755102041,"0.17658182580335818, -0.05431389623869454, 0.25546414087067315, -0.05431389623869434, 0.17658182580335766","1.2641415804168146, 0.7337353499044705, 1.0042461393574296, 0.7337353499044703, 1.2641415804168155","0.31471306818542494, 0.09127748062567638, 0.14844838051915987, 0.0912774806256764, 0.31471306818542555"
3.061224489795918,1.5510204081632653,"0.17205433177254026, -0.05121445186565993, 0.2583202401862398, -0.05121445186565943, 0.17205433177253937","1.288102273137955, 0.7053787165829088, 1.0130380205582734, 0.7053787165829085, 1.2881022731379548","0.33616559864498596, 0.08653861647540158, 0.1541716724659149, 0.0865386164754015, 0.33616559864498585"
3.061224489795918,1.6326530612244898,"0.16753741112063478, -0.048129856789902836, 0.2611848913385364, -0.04812985678990345, 0.16753741112063503","1.3126611619891226, 0.6757382609932433, 1.023201154035269, 0.675738260993244, 1.3126611619891222","0.35818330038248164, 0.0815861465284955, 0.16056549199143483, 0.08158614652849573, 0.35818330038248114"
3.061224489795918,1.7142857142857142,"0.1630850365639155, -0.0450894060830197, 0.2640087390382092, -0.04508940608301992, 0.16308503656391538","1.3376052769928952, 0.6450538109818034, 1.034681824050605, 0.6450538109818039, 1.3376052769928966","0.38056914942854775, 0.07647962933789995, 0.16762596595860021, 0.07647962933789963, 0.38056914942854764"
3.061224489795918,1.7959183673469388,"0.1587493331526183, -0.042120809401096776, 0.2667429524969554, -0.04212080940109725, 0.1587493331526204","1.3626993652941477, 0.6136104183722828, 1.0473804326671403, 0.6136104183722836, 1.3626993652941457","0.40310664677622576, 0.07128647435707103, 0.17532752228950424, 0.07128647435707125, 0.40310664677622376"
3.061224489795918,1.8775510204081634,"0.15457781159817963, -0.039248831502181475, 0.26934203980800414, -0.03924883150218203, 0.1545778115981799","1.3876968152253666, 0.5817259729675288, 1.0611544236142105, 0.5817259729675295, 1.3876968152253673","0.42556984428285055, 0.06607828657287682, 0.18362226750182006, 0.06607828657287707, 0.42556984428285066"
3.061224489795918,1.9591836734693877,"0.15061096801601265, -0.0364942085158194, 0.2717664809996123, -0.03649420851581986, 0.15061096801601453","1.412352026558442, 0.5497354056657335, 1.0758251355516528, 0.5497354056657343, 1.4123520265584402","0.4477345815789754, 0.060926706099820246, 0.192441271549878, 0.06092670609982042, 0.44773458157897345"
3.061224489795918,2.0408163265306123,"0.14688054191914818, -0.033872963895824004, 0.27398484395335365, -0.03387296389582348, 0.14688054191914574","1.436432816967106, 0.5179732476817795, 1.0911878707022273, 0.5179732476817791, 1.4364328169671094","0.469389654465333, 0.055899258891868815, 0.20169771589081462, 0.05589925889186851, 0.4693896544653357"
3.061224489795918,2.122448979591837,"0.14340861097874563, -0.03139617452845822, 0.2759751270994243, -0.031396174528458165, 0.14340861097874696","1.4597314266459924, 0.4867566113680033, 1.1070239239720119, 0.4867566113680044, 1.459731426645992","0.4903466297980855, 0.051055735746627424, 0.21129155612562917, 0.05105573574662771, 0.4903466297980843"
3.061224489795918,2.204081632653061,"0.14020755497231763, -0.029070158291699066, 0.2777252066387617, -0.029070158291699205, 0.14020755497231913","1.4820729487743969, 0.45637052832782776, 1.1231130457955545, 0.4563705283278285, 1.4820729487743938","0.5104472773966904, 0.04644550719098323, 0.2211151150524142, 0.046445507190983205, 0.5104472773966874"
3.061224489795918,2.2857142857142856,"0.13728078236668506, -0.026896991129345127, 0.2792324175253205, -0.026896991129344502, 0.13728078236668428","1.503320494733651, 0.42705707140531984, 1.1392448677220588, 0.4270570714053201, 1.5033204947336507","0.5295680311866521, 0.042105995517321915, 0.23105891347701019, 0.042105995517322005, 0.5295680311866522"
3.061224489795918,2.36734693877551,"0.1346240148766028, -0.02487522837093932, 0.28050242698867195, -0.024875228370939667, 0.13462401487660414","1.5233769622531115, 0.39900895904704814, 1.1552281573996832, 0.3990089590470495, 1.5233769622531084","0.5476213946084885, 0.03806231717772562, 0.24101708103411354, 0.03806231717772571, 0.5476213946084855"
3.061224489795918,2.4489795918367347,"0.13222688445542669, -0.023000703846851475, 0.28154763878284816, -0.023000703846851683, 0.13222688445542868","1.5421837700420626, 0.37236759657218355, 1.1708972667715114, 0.3723675965721848, 1.5421837700420609","0.5645546433727104, 0.034327932816765626, 0.25089184068576814, 0.03432793281676578, 0.5645546433727076"
3.061224489795918,2.5306122448979593,"0.13007461022014966, -0.021267303536956494, 0.2823853866336174, -0.02126730353695594, 0.13007461022014571","1.5597172558498722, 0.3472249193019947, 1.1861156496962622, 0.34722491930199306, 1.55971725584988","0.5803464673005605, 0.03090603282125623, 0.26059677405993315, 0.030906032821256077, 0.5803464673005676"
3.061224489795918,2.6122448979591835,"0.1281495727447156, -0.019667645543236953, 0.28303614559704526, -0.019667645543236287, 0.12814957274471245","1.5759835735866898, 0.32362805730460176, 1.200776738217413, 0.32362805730459954, 1.5759835735866958","0.5950023066258474, 0.027791351433599815, 0.270058791475372, 0.02779135143359961, 0.5950023066258534"
3.061224489795918,2.693877551020408,"0.12643266849684598, -0.018193633405441362, 0.2835219298171946, -0.01819363340544096, 0.1264326684968416","1.5910128941314805, 0.30158574461874466, 1.2148027224995421, 0.30158574461874277, 1.5910128941314894","0.6085491018404467, 0.024972128660344078, 0.2792189059141158, 0.024972128660343852, 0.6085491018404551"
3.061224489795918,2.7755102040816326,"0.1249043898669584, -0.016836877664489748, 0.28386497559506496, -0.016836877664489366, 0.1249043898669554","1.6048535712928444, 0.2810754906675429, 1.2281418760792209, 0.28107549066754167, 1.6048535712928493","0.6210300426976676, 0.022432002125260468, 0.2880320227252212, 0.022432002125260305, 0.6210300426976727"
3.061224489795918,2.857142857142857,"0.12354562538476038, -0.015588998371797454, 0.28408674597407196, -0.015588998371797766, 0.12354562538476316","1.617566742170348, 0.2620507375670318, 1.240765040525246, 0.262050737567033, 1.6175667421703448","0.632499727774589, 0.020151686267200226, 0.29646600590256195, 0.020151686267200385, 0.6324997277745849"
3.061224489795918,2.938775510204082,"0.12233820670836759, -0.014441829734015456, 0.2842072460512962, -0.014441829734015678, 0.12233820670836731","1.62922164019077, 0.24444746946645024, 1.2526617806855598, 0.24444746946645096, 1.6292216401907704","0.6430199752524519, 0.018110365888947724, 0.30450028034705756, 0.01811036588894782, 0.6430199752524525"
3.061224489795918,3.020408163265306,"0.12126524524632754, -0.013387549804039958, 0.28424460911542876, -0.013387549804039715, 0.12126524524632348","1.6398917397900092, 0.22818996597764366, 1.2638365884646885, 0.22818996597764207, 1.6398917397900177","0.6526563845176662, 0.0162867853619581, 0.31212419572844063, 0.0162867853619579, 0.6526563845176739"
3.061224489795918,3.1020408163265305,"0.12031130574894855, -0.01241875588733507, 0.28421490027676793, -0.012418755887335417, 0.12031130574895399","1.649651736087398, 0.21319557293052765, 1.2743053819641577, 0.2131955729305297, 1.649651736087387","0.6614756466963232, 0.01466005115134263, 0.3193353284723118, 0.014660051151342854, 0.6614756466963126"
3.061224489795918,3.183673469387755,"0.11946246124274146, -0.01152850239057631, 0.2841320822956751, -0.011528502390575762, 0.1194624612427353","1.6585752900950674, 0.19937849183040124, 1.2840924361490527, 0.1993784918303992, 1.658575290095079","0.6695435389699843, 0.013210185583620542, 0.3261378468385087, 0.013210185583620327, 0.6695435389699956"
3.061224489795918,3.2653061224489797,"0.11870626694934455, -0.010710313666089787, 0.28400809343348665, -0.010710313666090251, 0.11870626694934938","1.6667334323392877, 0.18665266873552722, 1.2932277978503794, 0.1866526687355288, 1.6667334323392804","0.6769235053199025, 0.011918477788514997, 0.33254101790329277, 0.011918477788515144, 0.6769235053198943"
3.061224489795918,3.3469387755102042,"0.11803168290704386, -0.009958180762034925, 0.28385299570997885, -0.009958180762035126, 0.11803168290704724","1.6741935054047201, 0.17493390393570496, 1.301745181319157, 0.17493390393570607, 1.6741935054047137","0.6836757163302253, 0.010767677648128953, 0.3385578981851313, 0.010767677648129066, 0.6836757163302187"
3.061224489795918,3.4285714285714284,"0.11742896743914205, -0.009266548143214717, 0.28367516140814064, -0.009266548143215023, 0.11742896743914732","1.6810185296644926, 0.16414131715371014, 1.3096803063636044, 0.16414131715371172, 1.681018529664482","0.6898565046764565, 0.009742073894110095, 0.344204222411106, 0.009742073894110213, 0.6898565046764461"
3.061224489795918,3.510204081632653,"0.11688955714117105, -0.00863029438853015, 0.28348147449471417, -0.008630294388530302, 0.11688955714117494","1.687266889050247, 0.1541982990709607, 1.3170696237575923, 0.15419829907096158, 1.6872668890502371","0.6955180845150315, 0.008827490769871826, 0.34949748656728935, 0.008827490769871915, 0.695518084515023"
3.061224489795918,3.5918367346938775,"0.1164059439203966, -0.008044709461609019, 0.28327753108242826, -0.008044709461608991, 0.11640594392039355","1.6929922500306556, 0.14503306655927034, 1.323949366820144, 0.14503306655926956, 1.6929922500306636","0.7007084776967526, 0.008011230572177556, 0.3544562102231413, 0.008011230572177425, 0.7007084776967595"
3.061224489795918,3.673469387755102,"0.11597155576150503, -0.007505470224945066, 0.28306782892689536, -0.007505470224944005, 0.11597155576148932","1.6982436437648407, 0.13657892148471598, 1.3303548695008613, 0.13657892148471304, 1.6982436437648722","0.705471584737755, 0.007281982833188918, 0.3590993573349802, 0.007281982833188549, 0.7054715847377853"
3.061224489795918,3.7551020408163267,"0.11558064512168459, -0.007008615275845502, 0.28285594030831596, -0.0070086152758457, 0.11558064512169103","1.70306565687134, 0.1287742947524934, 1.3363200967523468, 0.12877429475249486, 1.7030656568713276","0.7098473522427305, 0.006629715325561674, 0.3634458926680393, 0.006629715325561816, 0.709847352242718"
3.061224489795918,3.836734693877551,"0.11522818695004389, -0.006550519809159695, 0.28264466571824015, -0.0065505198091591575, 0.1152281869500345","1.7074986895700917, 0.12156264031571389, 1.341877340228372, 0.1215626403157119, 1.7074986895701088","0.7138720002819365, 0.006045557580525892, 0.367514451298197, 0.00604555758052574, 0.713872000281954"
3.061224489795918,3.9183673469387754,"0.11490978706518035, -0.006127870975539573, 0.28243616782074066, -0.0061278709755380675, 0.11490978706515631","1.7115792508907024, 0.1148922290978229, 1.3470570400229067, 0.11489222909781892, 1.7115792508907475","0.7175782829006747, 0.00552168413990782, 0.3713231003669329, 0.005521684139907522, 0.7175782829007202"
3.061224489795918,4.0,"0.114621600831527, -0.005737644051261932, 0.28223208643947295, -0.005737644051261863, 0.11462160083152417","1.715340269307533, 0.1087158804654176, 1.3518877004540943, 0.10871588046541723, 1.71534026930754","0.7209957626003628, 0.005051202175785095, 0.3748891746675719, 0.005051202175785062, 0.7209957626003689"
3.183673469387755,0.0,"0.22768097734672374, -0.09483873720377939, 0.23431551971411438, -0.09483873720377795, 0.2276809773467195","1.0, 0.9999999999999999, 1.0000000000000007, 0.9999999999999999, 1.0000000000000004","0.08475986070624486, 0.12554314199641642, 0.11157302692798308, 0.12554314199641622, 0.08475986070624525"
3.183673469387755,0.08163265306122448,"0.22682651879713123, -0.0938907891827962, 0.2341285407713313, -0.09389078918279525, 0.2268265187971291","1.0074360961154634, 0.9940093746579387, 0.9971090584531972, 0.9940093746579386, 1.0074360961154636","0.09037397716228182, 0.12503438359645488, 0.11182196851742637, 0.12503438359645455, 0.09037397716228196"
3.183673469387755,0.16326530612244897,"0.2257964684079011, -0.09282485033125548, 0.23405676384671067, -0.09282485033125121, 0.2257964684078947","1.0153328045581838, 0.9875165391102881, 0.9943013126630555, 0.9875165391102891, 1.0153328045581842","0.09647159678173892, 0.12446600345842362, 0.11216301248054833, 0.12446600345842394, 0.09647159678173936"
3.183673469387755,0.24489795918367346,"0.22458060477560515, -0.09163712877531438, 0.23411304799942106, -0.0916371287753133, 0.2245806047756016","1.0237431864079967, 0.980458785793823, 0.9915960555963613, 0.9804587857938234, 1.023743186407997","0.10309881266085237, 0.12382251831098569, 0.11259827622981912, 0.12382251831098509, 0.10309881266085269"
3.183673469387755,0.32653061224489793,"0.22316829945452563, -0.09032343966962902, 0.23431028043020724, -0.0903234396696275, 0.22316829945452368","1.0327238208836955, 0.972766712370389, 0.9890189334918303, 0.97276671237039, 1.0327238208836962","0.11030533894920073, 0.12308689797139821, 0.11313258714454852, 0.12308689797139895, 0.11030533894920133"
3.183673469387755,0.40816326530612246,"0.22154872303676637, -0.08887935135354641, 0.23466125663355936, -0.08887935135354727, 0.22154872303676826","1.0423347538327765, 0.9643638592718218, 0.9866027737908031, 0.9643638592718224, 1.0423347538327765","0.11814438295632641, 0.12224048056547601, 0.11377383781250588, 0.12224048056547622, 0.11814438295632615"
3.183673469387755,0.4897959183673469,"0.21971112152170652, -0.08730036962746102, 0.23517849621150877, -0.08730036962746007, 0.21971112152170605","1.0526392422933997, 0.9551665254540422, 0.984388464505118, 0.9551665254540417, 1.0526392422933997","0.1266723297731545, 0.12126294404206907, 0.1145333970730503, 0.12126294404206939, 0.12667232977315498"
3.183673469387755,0.5714285714285714,"0.21764517817070106, -0.08558216900179189, 0.23587398166218346, -0.085582169001792, 0.21764517817069948","1.0637032261705015, 0.9450838544635695, 0.9824258387318592, 0.9450838544635699, 1.0637032261705024","0.1359481747282453, 0.1201323588023177, 0.11542656477531883, 0.12013235880231712, 0.1359481747282456"
3.183673469387755,0.6530612244897959,"0.21534147573744886, -0.08372087915777429, 0.23675880684064923, -0.08372087915777457, 0.21534147573745094","1.075594444274741, 0.9340183086902278, 0.9807744940700622, 0.9340183086902283, 1.0755944442747407","0.14603262708902084, 0.11882535235473016, 0.11647304897218529, 0.11882535235473027, 0.14603262708902018"
3.183673469387755,0.7346938775510204,"0.21279207160805486, -0.08171343295271, 0.23784272268931106, -0.08171343295271108, 0.21279207160805536","1.0883811002588777, 0.921866676551336, 0.9795044463795741, 0.9218666765513361, 1.0883811002588786","0.15698679870358728, 0.117317422647823, 0.11769743157170544, 0.11731742264782273, 0.15698679870358762"
3.183673469387755,0.8163265306122449,"0.20999119290363166, -0.0795579784870043, 0.2391335711667448, -0.07955797848700408, 0.2099911929036316","1.102129977835536, 0.9085217814552959, 0.9786964814183361, 0.9085217814552957, 1.1021299778355362","0.16887038702399057, 0.11558344086231623, 0.11912957196626871, 0.1155834408623163, 0.1688703870239908"
3.183673469387755,0.8979591836734694,"0.206936048757125, -0.07725435135929659, 0.24063660520434493, -0.07725435135929598, 0.20693604875712274","1.1169039092236004, 0.893875076231184, 0.9784420290904312, 0.8938750762311841, 1.1169039092236002","0.181739267907728, 0.11359838502500713, 0.12080487816752022, 0.11359838502500709, 0.1817392679077283"
3.183673469387755,0.9795918367346939,"0.20362774159168454, -0.07480459370204479, 0.24235370422072064, -0.07480459370204473, 0.2036277415916845","1.1327585229352761, 0.8778203025877113, 0.9788423489540277, 0.8778203025877105, 1.1327585229352755","0.19564243601932416, 0.11133834015692698, 0.12276435290264692, 0.11133834015692687, 0.1956424360193238"
3.183673469387755,1.0612244897959184,"0.20007223758284162, -0.07221349371049923, 0.24428251225531428, -0.07221349371049929, 0.20007223758284243","1.1497382449194915, 0.8602583591729567, 0.9800067918151034, 0.8602583591729561, 1.14973824491949","0.21061827680842424, 0.10878178552306533, 0.12505430108523571, 0.10878178552306546, 0.21061827680842357"
3.183673469387755,1.1428571428571428,"0.19628132897925687, -0.06948910370721259, 0.24641554945591057, -0.06948910370721414, 0.1962813289792592","1.1678716086375178, 0.8411034390565058, 0.9820499046119535, 0.8411034390565062, 1.1678716086375178","0.2266902307815909, 0.10591116159530443, 0.12772557044423466, 0.105911161595304, 0.22669023078158984"
3.183673469387755,1.2244897959183674,"0.1922734899472088, -0.06664317809821527, 0.24873937630201437, -0.0666431780982166, 0.192273489947209","1.1871660496913765, 0.8202903543584614, 0.9850871919003255, 0.8202903543584614, 1.1871660496913767","0.24386202189861894, 0.10271466631487974, 0.1308321967669091, 0.10271466631487919, 0.24386202189861883"
3.183673469387755,1.3061224489795917,"0.18807449823710787, -0.06369145825777903, 0.2512339200413406, -0.06369145825777922, 0.18807449823711012","1.2076025164934614, 0.7977827559913382, 0.9892294550304033, 0.7977827559913386, 1.20760251649346","0.2621127641332138, 0.09918817267279433, 0.13442934898983733, 0.09918817267279452, 0.2621127641332126"
3.183673469387755,1.3877551020408163,"0.18371767553202067, -0.06065372443038014, 0.2538720977967204, -0.06065372443037903, 0.18371767553201818","1.229130404709746, 0.7735816894850922, 0.994575811610324, 0.7735816894850919, 1.2291304047097475","0.2813924185110086, 0.09533709295247508, 0.13857052696818417, 0.09533709295247488, 0.28139241851101"
3.183673469387755,1.469387755102041,"0.17924360047972254, -0.057553541059318564, 0.2566198811591909, -0.05755354105931859, 0.17924360047972393","1.2516634873112522, 0.7477336377450534, 1.0012057498873914, 0.7477336377450539, 1.2516634873112515","0.30161821689222273, 0.09117795130171935, 0.14330406199192547, 0.0911779513017194, 0.3016182168922215"
3.183673469387755,1.5510204081632653,"0.1746991806176802, -0.05441764658518278, 0.2594369319350034, -0.05441764658518314, 0.17469918061768214","1.2750776144951839, 0.7203369521094831, 1.0091708667906683, 0.7203369521094831, 1.2750776144951814","0.322672753177229, 0.08673938445205716, 0.14866910369565184, 0.08673938445205708, 0.3226727531772271"
3.183673469387755,1.6326530612244898,"0.17013603861356, -0.05127498324795185, 0.26227788926878504, -0.0512749832479516, 0.17013603861355833","1.2992109401871095, 0.691545452219611, 1.0184872151865585, 0.6915454522196101, 1.2992109401871106","0.3444044154089162, 0.0820622927626273, 0.154691429470955, 0.082062292762627, 0.3444044154089175"
3.183673469387755,1.7142857142857142,"0.16560827069722994, -0.04815542213653745, 0.2650943028786146, -0.048155422136537035, 0.16560827069723044","1.3238672456682394, 0.6615680740035134, 1.029129360656497, 0.6615680740035121, 1.3238672456682408","0.3666306515193111, 0.07719892905681022, 0.16137955047577615, 0.07719892905681004, 0.3666306515193117"
3.183673469387755,1.7959183673469388,"0.16116975391588506, -0.045088301692625316, 0.2678370955534797, -0.04508830169262573, 0.16116975391588628","1.348822562518347, 0.6306638212578679, 1.0410272324475724, 0.6306638212578682, 1.3488225625183445","0.38914421827903733, 0.07221084609756728, 0.16872166755392093, 0.0722108460975674, 0.38914421827903567"
3.183673469387755,1.8775510204081634,"0.15687128511289167, -0.04210094681160334, 0.2704593233974229, -0.04210094681160351, 0.15687128511289272","1.3738347901243917, 0.5991319145098541, 1.0540665907315105, 0.599131914509855, 1.3738347901243928","0.4117221004423935, 0.06716580811675184, 0.1766840088295692, 0.06716580811675205, 0.4117221004423934"
3.183673469387755,1.9591836734693877,"0.15275789551620655, -0.039217353595528914, 0.272918916158643, -0.03921735359552961, 0.15275789551620916","1.398655462360855, 0.5672978203978785, 1.0680934344825355, 0.5672978203978796, 1.3986554623608538","0.4341363024775929, 0.06213396738331065, 0.18521093710937345, 0.06213396738331079, 0.43413630247759083"
3.183673469387755,2.0408163265306123,"0.14886667630794742, -0.036457202335360275, 0.2751810520548256, -0.036457202335360414, 0.1488666763079477","1.4230423854925442, 0.5354965962298716, 1.0829220365551677, 0.5354965962298716, 1.4230423854925454","0.4561653367711273, 0.057183759831262025, 0.1942269642606293, 0.05718375983126205, 0.4561653367711278"
3.183673469387755,2.122448979591837,"0.14522536857193197, -0.033835302040675225, 0.2772198669374881, -0.03383530204067524, 0.14522536857193058","1.4467716744348738, 0.5040554887338993, 1.0983456736624528, 0.5040554887338984, 1.4467716744348758","0.47760507383007667, 0.05237803671325877, 0.20364050482857285, 0.05237803671325859, 0.47760507383007883"
3.183673469387755,2.204081632653061,"0.14185183585368327, -0.03136149019991154, 0.27901930869245584, -0.03136149019991201, 0.14185183585368466","1.469647821485295, 0.47327783535407275, 1.1141486863212668, 0.47327783535407253, 1.4696478214852924","0.4982777347056281, 0.04777090065739813, 0.21334891923889437, 0.04777090065739794, 0.49827773470562586"
3.183673469387755,2.2857142857142856,"0.13875438674261947, -0.029040934321309414, 0.2805730951573777, -0.029040934321309664, 0.13875438674262197","1.4915108104880472, 0.4434300051142424, 1.130118368795423, 0.44343000511424424, 1.491510810488043","0.5180381613107027, 0.04340556907849209, 0.2232442107431756, 0.0434055690784925, 0.5180381613106985"
3.183673469387755,2.36734693877551,"0.1359327883472708, -0.02687472723670535, 0.28188387777886614, -0.02687472723670556, 0.13593278834727368","1.5122398278097906, 0.4147324894193808, 1.1460553655416608, 0.4147324894193818, 1.5122398278097848","0.5367769918791592, 0.03931339032861929, 0.23321869132340986, 0.039313390328619476, 0.5367769918791544"
3.183673469387755,2.4489795918367347,"0.13337973677148818, -0.024860646126143, 0.2829618187093085, -0.024860646126143415, 0.13337973677149018","1.5317536715143225, 0.38735549962524424, 1.1617816577208706, 0.38735549962524546, 1.5317536715143216","0.5544208627105235, 0.03551394402927474, 0.24317001753763373, 0.035513944029274734, 0.5544208627105213"
3.183673469387755,2.5306122448979593,"0.13108253510193385, -0.02299395381736634, 0.28382283743086256, -0.022993953817366783, 0.13108253510193701","1.5500083939178864, 0.36141874273459584, 1.1771457266950414, 0.3614187427345972, 1.5500083939178813","0.5709301405648758, 0.03201601223891734, 0.25300517758817304, 0.03201601223891746, 0.5709301405648703"
3.183673469387755,2.6122448979591835,"0.12902476218197279, -0.021268149796670383, 0.2844867752293927, -0.02126814979667052, 0.129024762181976","1.5669929605927049, 0.33699456514926157, 1.1920249485160732, 0.33699456514926357, 1.5669929605927009","0.5862949032668064, 0.028819134472843635, 0.2626432278751045, 0.02881913447284397, 0.5862949032668014"
3.183673469387755,2.693877551020408,"0.12718777592821406, -0.019675614666856522, 0.2849756774772843, -0.019675614666856717, 0.12718777592821517","1.5827237666982539, 0.3141134259204186, 1.2063256147626582, 0.3141134259204193, 1.5827237666982534","0.6005299286823745, 0.025915454434656336, 0.27201677745178143, 0.025915454434656402, 0.6005299286823733"
3.183673469387755,2.7755102040816326,"0.12555196202572455, -0.018208125052615723, 0.285312326053784, -0.018208125052615404, 0.125551962025723","1.5972387627505293, 0.29277065797864665, 1.2199811585416471, 0.2927706579786463, 1.5972387627505324","0.6136693654137633, 0.023291610426109076, 0.2810723674574108, 0.023291610426109093, 0.613669365413766"
3.183673469387755,2.857142857142857,"0.1240976972030145, -0.01685724043531779, 0.28551908646460944, -0.016857240435317195, 0.12409769720301145","1.6105917698028556, 0.2729336275095252, 1.2329492053752364, 0.27293362750952427, 1.6105917698028631","0.6257615998442576, 0.020930490122373413, 0.28976997761430046, 0.02093049012237339, 0.6257615998442639"
3.183673469387755,2.938775510204082,"0.12280603840102017, -0.015614577815245188, 0.28561707882845355, -0.01561457781524487, 0.12280603840101623","1.6228473674969512, 0.254548628250606, 1.2452080085048796, 0.2545486282506038, 1.622847367496959","0.6368646562543576, 0.01881274239864647, 0.2980819189606457, 0.01881274239864622, 0.6368646562543653"
3.183673469387755,3.020408163265306,"0.12165917400450454, -0.01447199604722476, 0.2856256440854375, -0.01447199604722512, 0.12165917400450776","1.6340765591784416, 0.23754708395690172, 1.2567527137293188, 0.23754708395690277, 1.634076559178436","0.6470423061917311, 0.01691800036686479, 0.30599135660134347, 0.016918000366864888, 0.6470423061917253"
3.183673469387755,3.1020408163265305,"0.1206406838276683, -0.013421711910879541, 0.2855620561664256, -0.013421711910879312, 0.12064068382766518","1.644353277876733, 0.22185083756767188, 1.267591769111185, 0.22185083756767088, 1.644353277876741","0.6563609386399566, 0.015225814668930334, 0.31349066611482107, 0.015225814668930247, 0.6563609386399635"
3.183673469387755,3.183673469387755,"0.11973565513243883, -0.012456367101498188, 0.28544142393812144, -0.012456367101497945, 0.11973565513243617","1.6537517009017617, 0.20737646144632244, 1.2777436753038283, 0.20737646144632116, 1.653751700901767","0.6648871580066874, 0.013716324057552015, 0.32057977749952, 0.013716324057551911, 0.6648871580066926"
3.183673469387755,3.2653061224489797,"0.1189306968154939, -0.011569061327284899, 0.28527672902357964, -0.011569061327285107, 0.11893069681549656","1.6623442845516707, 0.19403862759948332, 1.2872341756976975, 0.19403862759948448, 1.6623442845516658","0.6726860280098532, 0.012370704256259612, 0.32726461174181976, 0.012370704256259753, 0.6726860280098481"
3.183673469387755,3.3469387755102042,"0.11821388626688595, -0.010753362762484231, 0.28507895299119457, -0.010753362762484328, 0.11821388626688834","1.6702004049095232, 0.18175263735560673, 1.2960939154697455, 0.1817526373556078, 1.6702004049095198","0.6798198578561938, 0.011171440012949476, 0.3335556732034931, 0.011171440012949566, 0.6798198578561899"
3.183673469387755,3.4285714285714284,"0.11757467539454891, -0.01000330379622024, 0.2848572568033392, -0.010003303796220553, 0.11757467539455269","1.6773854862023971, 0.17043623743908515, 1.3043565527170422, 0.17043623743908665, 1.6773854862023894","0.6863474239030719, 0.010102462937279857, 0.3394668284259649, 0.010102462937280045, 0.6863474239030645"
3.183673469387755,3.510204081632653,"0.11700377508654702, -0.00931336748912974, 0.28461918480516224, -0.009313367489129962, 0.11700377508655024","1.68396050633306, 0.16001085446761212, 1.312057278398661, 0.16001085446761287, 1.6839605063330516","0.6923235278068103, 0.009149192136010047, 0.34501427864673423, 0.009149192136010127, 0.6923235278068031"
3.183673469387755,3.5918367346938775,"0.11649303143549533, -0.008678468343204772, 0.2843708738154178, -0.008678468343204862, 0.11649303143549661","1.6899817836932391, 0.15040237155104852, 1.3192316895114264, 0.1504023715510492, 1.689981783693239","0.6977988054333373, 0.008298507902402408, 0.35021571808017726, 0.00829850790240247, 0.6977988054333358"
3.183673469387755,3.673469387755102,"0.11603530245507304, -0.008093929759090755, 0.2841172546080415, -0.008093929759090415, 0.11603530245506671","1.6955009660058735, 0.14154155546136205, 1.3259149570655184, 0.14154155546136046, 1.6955009660058864","0.7028197158318645, 0.007538682039986201, 0.3550896611123467, 0.007538682039986036, 0.7028197158318769"
3.183673469387755,3.7551020408163267,"0.11562434064185195, -0.00755545974323657, 0.28386223820277534, -0.0075554597432362855, 0.11562434064184562","1.7005651581764138, 0.13336422518275434, 1.3321412332816518, 0.13336422518275254, 1.7005651581764272","0.7074286541330468, 0.006859282469073771, 0.3596549172765437, 0.006859282469073633, 0.7074286541330597"
3.183673469387755,3.836734693877551,"0.11525468435829456, -0.007059125901982984, 0.28360888308738863, -0.007059125901982367, 0.11525468435828262","1.7052171406275842, 0.1258112352161169, 1.3379432483125777, 0.12581123521611445, 1.7052171406276093","0.7116641451826133, 0.006251064838190745, 0.3639301917252571, 0.006251064838190554, 0.7116641451826373"
3.183673469387755,3.9183673469387754,"0.11492155940576282, -0.0066013304210334675, 0.28335954203053204, -0.00660133042103396, 0.11492155940577242","1.7094956418133207, 0.11882833123684199, 1.3433520538996926, 0.118828331236844, 1.7094956418133016","0.7155610856121438, 0.00570585996586522, 0.36793378972444635, 0.005705859965865384, 0.7155610856121248"
3.183673469387755,4.0,"0.11462079111698142, -0.006178785507669451, 0.28311598878136884, -0.006178785507669739, 0.1146207911169892","1.713435638496802, 0.11236592220457273, 1.3483968785972666, 0.11236592220457407, 1.713435638496788","0.7191510108461664, 0.005216462971529641, 0.3716834056093181, 0.005216462971529709, 0.7191510108461517"
3.306122448979592,0.0,"0.22896926939654094, -0.09715234195929326, 0.23636614512550683, -0.09715234195929293, 0.22896926939653833","1.0000000000000002, 1.0000000000000002, 0.9999999999999998, 1.0, 0.9999999999999997","0.0813966032451853, 0.12143801316480185, 0.10789944703169256, 0.12143801316480153, 0.0813966032451855"
3.306122448979592,0.08163265306122448,"0.2281493178763876, -0.09623035669646385, 0.23616207764015495, -0.09623035669646174, 0.22814931787638296","1.006979953316535, 0.9943566941031208, 0.9973267051606898, 0.9943566941031217, 1.0069799533165362","0.08671198437977422, 0.12103282364362523, 0.10823137226497781, 0.12103282364362512, 0.08671198437977479"
3.306122448979592,0.16326530612244897,"0.2271624477340717, -0.09519768488034575, 0.23607047429255032, -0.09519768488034383, 0.22716244773406738","1.0143969680468907, 0.9882428475881007, 0.9947203687300175, 0.9882428475881, 1.0143969680468905","0.09248347286717022, 0.12057486628999256, 0.10864587476325041, 0.1205748662899922, 0.09248347286717067"
3.306122448979592,0.24489795918367346,"0.2259985389853326, -0.09405024570286721, 0.23610341343507119, -0.09405024570286591, 0.2259985389853296","1.0223012202596073, 0.9815999864615723, 0.9921975865576417, 0.9815999864615723, 1.0223012202596076","0.09875505796033678, 0.12005012633135934, 0.10914468802767682, 0.12005012633135928, 0.09875505796033712"
3.306122448979592,0.32653061224489793,"0.22464698801701966, -0.09278352037285764, 0.23627306471167786, -0.09278352037285742, 0.22464698801701763","1.0307465129547555, 0.974363209603724, 0.989780554883041, 0.9743632096037236, 1.0307465129547553","0.10557441553620563, 0.11944312282229708, 0.10973191060954461, 0.11944312282229673, 0.10557441553620589"
3.306122448979592,0.40816326530612246,"0.22309687381266663, -0.0913926665373693, 0.2365915854494037, -0.09139266653736924, 0.22309687381266813","1.0397903165975775, 0.9664607601153514, 0.987497846574142, 0.966460760115351, 1.039790316597577","0.11299287878096761, 0.1187368066810755, 0.1104143361951471, 0.11873680668107539, 0.11299287878096737"
3.306122448979592,0.4897959183673469,"0.22133718667246782, -0.0898726666799684, 0.23707096001499947, -0.08987266667996868, 0.22133718667246974","1.04949364329044, 0.957813729556656, 0.9853852543058086, 0.9578137295566568, 1.0494936432904405","0.12106525510415601, 0.11791250113227811, 0.11120184084362018, 0.11791250113227827, 0.12106525510415574"
3.306122448979592,0.5714285714285714,"0.21935713436536275, -0.08821851945996154, 0.2377227701891987, -0.08821851945996073, 0.21935713436536075","1.0599206929585658, 0.9483359732004724, 0.9834866676819232, 0.9483359732004719, 1.0599206929585658","0.12984943114414751, 0.1169499054469849, 0.11210782015254789, 0.11694990544698473, 0.12984943114414796"
3.306122448979592,0.6530612244897959,"0.2171465412473777, -0.08642548306985873, 0.2385578836449619, -0.08642548306985759, 0.2171465412473768","1.0711381956537105, 0.9379343385575674, 0.9818549315774454, 0.9379343385575681, 1.07113819565371","0.13940569511329542, 0.11582718865742711, 0.11314966184404905, 0.11582718865742786, 0.13940569511329526"
3.306122448979592,0.7346938775510204,"0.214696354943282, -0.08448937884494928, 0.23958604780333198, -0.08448937884495006, 0.2146963549432852","1.0832143603799882, 0.9265093360680151, 0.9805526071039928, 0.9265093360680149, 1.083214360379987","0.14979569387130892, 0.11452120585635965, 0.11434922882359957, 0.11452120585635964, 0.14979569387130814"
3.306122448979592,0.8163265306122449,"0.21199927175948532, -0.08240696099175185, 0.24081537846453138, -0.0824069609917529, 0.21199927175948777","1.096217330389908, 0.9139564073278375, 0.9796525245645089, 0.9139564073278363, 1.0962173303899063","0.16108093354316919, 0.11300787486941133, 0.11573331365618013, 0.11300787486941129, 0.16108093354316855"
3.306122448979592,0.8979591836734694,"0.2090504848854628, -0.08017635373003335, 0.2422517376891405, -0.08017635373003279, 0.20905048488546277","1.110213041896925, 0.9001679676557309, 0.9792379808946895, 0.9001679676557305, 1.1102130418969243","0.17332073114081012, 0.11126275401965885, 0.11733400749724475, 0.1112627540196588, 0.1733207311408099"
3.306122448979592,0.9795918367346939,"0.20584854735319685, -0.07779754966094124, 0.243898004615489, -0.0777975496609421, 0.20584854735319746","1.125262393614506, 0.8850364083939333, 0.9794023959831223, 0.8850364083939328, 1.125262393614507","0.18656953603840815, 0.10926186018454193, 0.11918890545420281, 0.10926186018454172, 0.18656953603840856"
3.306122448979592,1.0612244897959184,"0.20239632355128329, -0.07527295224505148, 0.245753257387537, -0.07527295224505084, 0.202396323551282","1.1414176661694397, 0.8684582289284402, 0.9802482098042408, 0.8684582289284408, 1.1414176661694397","0.20087357128442138, 0.10698275746820776, 0.12134104810657699, 0.10698275746820796, 0.20087357128442132"
3.306122448979592,1.1428571428571428,"0.19870197843640264, -0.07260793085638742, 0.24781190483997045, -0.07260793085638806, 0.19870197843640228","1.158718191808831, 0.8503394149215728, 0.9818847865391936, 0.8503394149215725, 1.1587181918088312","0.2162668032310233, 0.10440592724689318, 0.12383847939639604, 0.104405927246893, 0.2162668032310237"
3.306122448979592,1.2244897959183674,"0.1947799235369051, -0.06981133987768318, 0.2500628326815572, -0.06981133987768282, 0.19477992353690388","1.177185373282933, 0.8306020726568735, 0.9844251081203871, 0.8306020726568728, 1.1771853732829336","0.2327663401301756, 0.10151639707989443, 0.12673329067686206, 0.10151639707989449, 0.2327663401301767"
3.306122448979592,1.3061224489795917,"0.1906516068812202, -0.06689593606752944, 0.2524886583726172, -0.06689593606752889, 0.19065160688122101","1.1968172888711222, 0.8091921581628798, 0.987981105931996, 0.8091921581628803, 1.196817288871121","0.2503674878326269, 0.09830555767289696, 0.13008002817155762, 0.09830555767289732, 0.25036748783262636"
3.306122448979592,1.3877551020408163,"0.18634600671786405, -0.06387861508400527, 0.2550652167322809, -0.06387861508400561, 0.18634600671786572","1.2175832908610122, 0.7860879030570789, 0.9926576121638202, 0.7860879030570787, 1.2175832908610111","0.2690388459305202, 0.09477303598914319, 0.13393337659617854, 0.09477303598914309, 0.2690388459305189"
3.306122448979592,1.469387755102041,"0.1818996760488109, -0.060780384293921436, 0.257761416490221, -0.06078038429392088, 0.18189967604881085","1.2394191847592135, 0.7613082558191695, 0.998545118843235, 0.7613082558191695, 1.239419184759213","0.28871798903079654, 0.09092842665314553, 0.13834510402257563, 0.09092842665314561, 0.28871798903079604"
3.306122448979592,1.5510204081632653,"0.17735619793040425, -0.05762600100765222, 0.26053960615449745, -0.05762600100765203, 0.17735619793040225","1.2622237251605755, 0.7349203743034178, 1.0057118010720116, 0.734920374303417, 1.2622237251605768","0.3093084073506771, 0.08679262779888647, 0.14336036515937453, 0.08679262779888636, 0.3093084073506787"
3.306122448979592,1.6326530612244898,"0.17276495972952305, -0.054443237486655915, 0.26335655551426407, -0.05444323748665625, 0.17276495972952494","1.2858572254232592, 0.7070449987577231, 1.0141955516380368, 0.7070449987577222, 1.2858572254232588","0.3306784274431675, 0.08239850206865222, 0.1490136037008403, 0.08239850206865244, 0.33067842744316683"
3.306122448979592,1.7142857142857142,"0.16817924064818227, -0.05126178620692476, 0.2661650911174851, -0.0512617862069249, 0.16817924064818246","1.3101429937271374, 0.6778584977215081, 1.0239970171027115, 0.6778584977215089, 1.3101429937271385","0.3526627456852448, 0.07779061010774052, 0.15532444539323093, 0.07779061010774045, 0.3526627456852449"
3.306122448979592,1.7959183673469388,"0.16365372151022167, -0.048111883486167656, 0.268916323951894, -0.04811188348616752, 0.16365372151021962","1.334872039936882, 0.647590593842114, 1.0350747324420055, 0.6475905938421144, 1.3348720399368843","0.3750669523366732, 0.07302385654549634, 0.1622940932473921, 0.07302385654549635, 0.3750669523366755"
3.306122448979592,1.8775510204081634,"0.15924164591638523, -0.045022791889821584, 0.27156229194687315, -0.045022791889821584, 0.15924164591638512","1.3598110550175166, 0.6165172732079625, 1.0473433435490431, 0.6165172732079633, 1.359811055017517","0.3976750141476175, 0.06816104360507029, 0.16990277964643283, 0.06816104360507023, 0.39767501414761736"
3.306122448979592,1.9591836734693877,"0.15499195470541544, -0.042021323163162455, 0.27405873691549154, -0.0420213231631629, 0.15499195470541838","1.3847131199788856, 0.5849491038123455, 1.0606755524175404, 0.5849491038123473, 1.384713119978882","0.42025918764950865, 0.06326951827290024, 0.1781087612292454, 0.06326951827290048, 0.42025918764950504"
3.306122448979592,2.0408163265306123,"0.15094674960471988, -0.03913058814192351, 0.27636767707440807, -0.03913058814192316, 0.150946749604719","1.409330082353211, 0.5532159860044417, 1.0749078632846945, 0.553215986004442, 1.4093300823532133","0.44259137111321983, 0.05841727850125775, 0.1868491534656327, 0.0584172785012578, 0.44259137111322133"
3.306122448979592,2.122448979591837,"0.14713939999186165, -0.03636912290737117, 0.27845944583101834, -0.03636912290737089, 0.1471393999918622","1.4334251907902769, 0.5216500228769544, 1.0898495726655408, 0.5216500228769542, 1.433425190790277","0.4644546018817443, 0.05366901976531596, 0.19604262376235507, 0.053669019765315774, 0.4644546018817434"
3.306122448979592,2.204081632653061,"0.1435934957121937, -0.033750470230371116, 0.2803139490363531, -0.03375047023037142, 0.14359349571219593","1.4567845107548056, 0.4905685401066862, 1.1052938982770188, 0.4905685401066878, 1.456784510754802","0.4856533618489315, 0.049082618064427944, 0.20559365994487272, 0.04908261806442822, 0.48565336184892793"
3.306122448979592,2.2857142857142856,"0.14032269891631122, -0.03128321236374662, 0.2819210268948698, -0.0312832123637468, 0.140322698916313","1.4792258808845629, 0.4602592045552139, 1.1210298291204492, 0.4602592045552151, 1.4792258808845615","0.5060215842639202, 0.04470645337535894, 0.21539788304328253, 0.04470645337535904, 0.5060215842639181"
3.306122448979592,2.36734693877551,"0.1373314004920283, -0.028971378955521238, 0.28327995692698793, -0.02897137895552078, 0.1373314004920257","1.5006046390590497, 0.43096872419564697, 1.1368532734906038, 0.43096872419564547, 1.5006046390590542","0.5254276907956523, 0.040577807498716506, 0.22534774129124227, 0.04057780749871642, 0.5254276907956565"
3.306122448979592,2.4489795918367347,"0.13461597868726166, -0.02681510957320725, 0.2843982617718904, -0.026815109573207457, 0.13461597868726283","1.5208159129800527, 0.4028959089280286, 1.1525763561838405, 0.4028959089280295, 1.5208159129800507","0.5437765029804433, 0.03672237318853053, 0.23533792966224784, 0.036722373188530555, 0.5437765029804411"
3.306122448979592,2.5306122448979593,"0.1321664083208745, -0.024811439643297628, 0.2852900626448436, -0.024811439643297323, 0.132166408320877","1.539793785258647, 0.376189132419922, 1.1680341646428662, 0.3761891324199226, 1.539793785258644","0.5610083345087633, 0.03315473959852533, 0.2452700067272343, 0.033154739598525565, 0.56100833450876"
3.306122448979592,2.6122448979591835,"0.12996797708782393, -0.022955095818207497, 0.28597423746076545, -0.022955095818207746, 0.1299679770878257","1.5575080018421485, 0.350947632831911, 1.183088730651884, 0.3509476328319113, 1.557508001842145","0.5770958871833505, 0.029879607502837996, 0.2550558788595246, 0.02987960750283802, 0.5770958871833473"
3.306122448979592,2.693877551020408,"0.1280029141231635, -0.021239219794643188, 0.2864726113429612, -0.02123921979464284, 0.12800291412316106","1.573959055183563, 0.3272257223712595, 1.1976304448903532, 0.3272257223712579, 1.573959055183567","0.592039710949232, 0.02689344672760995, 0.264620033540582, 0.026893446727609658, 0.5920397109492362"
3.306122448979592,2.7755102040816326,"0.1262518028501427, -0.01965597588588261, 0.2868083460714821, -0.019655975885882526, 0.12625180285014104","1.589172460232932, 0.30503885368574996, 1.2115773721626362, 0.3050388536857497, 1.589172460232937","0.605862968220808, 0.024186326795609017, 0.2739005827188427, 0.02418632679560895, 0.6058629682208118"
3.306122448979592,2.857142857142857,"0.12469471579146674, -0.018197028295160615, 0.28700462500738566, -0.01819702829516103, 0.12469471579146896","1.6031929081169214, 0.2843705643885998, 1.2248730549889604, 0.28437056438860087, 1.603192908116916","0.6186061168431842, 0.021743707701693003, 0.28284929891271876, 0.021743707701693052, 0.6186061168431796"
3.306122448979592,2.938775510204082,"0.12331206141060469, -0.01685389502882268, 0.2870836672364332, -0.016853895028823167, 0.12331206141060808","1.6160787931996217, 0.2651795118484593, 1.2374833899038433, 0.265179511848461, 1.6160787931996161","0.6303219524149479, 0.019548047734419684, 0.29143088692356495, 0.019548047734419798, 0.6303219524149419"
3.306122448979592,3.020408163265306,"0.12208516777171952, -0.015618196682787105, 0.2870660578221387, -0.015618196682786752, 0.12208516777171563","1.627897416409292, 0.24740604450925446, 1.2493930781629021, 0.24740604450925302, 1.6278974164093003","0.6410712760855359, 0.017580151645652155, 0.2996217428832919, 0.01758015164565197, 0.6410712760855436"
3.306122448979592,3.1020408163265305,"0.12099664599028709, -0.014481822102839208, 0.28697035222510653, -0.014481822102838902, 0.12099664599028492","1.6387210039087634, 0.23097797931241226, 1.2606020335576473, 0.23097797931241087, 1.6387210039087687","0.6509193069517494, 0.015820235315953276, 0.30740842650098876, 0.01582023531595313, 0.6509193069517543"
3.306122448979592,3.183673469387755,"0.12003058201702443, -0.013437031942617791, 0.28681289985119074, -0.013437031942616723, 0.12003058201701944","1.648623559183794, 0.21581543725166555, 1.2711220071290745, 0.21581543725166402, 1.6486235591838019","0.6599328504860941, 0.014248719231625165, 0.3147860284081223, 0.014248719231625047, 0.6599328504861022"
3.306122448979592,3.2653061224489797,"0.11917260279274422, -0.012476517839458044, 0.2866078300934315, -0.012476517839457607, 0.11917260279274022","1.657678488735215, 0.20183472064233215, 1.2809735812449008, 0.20183472064233068, 1.657678488735224","0.6681781657459834, 0.012846783900693132, 0.3217565655253171, 0.012846783900693026, 0.6681781657459918"
3.306122448979592,3.3469387755102042,"0.11840985611872634, -0.011593430968352685, 0.286367149699251, -0.01159343096835292, 0.11840985611872906","1.6659568997017216, 0.18895129921054388, 1.2901836021754756, 0.18895129921054454, 1.665956899701718","0.675719437719543, 0.011596729230960244, 0.32832749187988375, 0.011596729230960305, 0.6757194377195387"
3.306122448979592,3.4285714285714284,"0.11773093547395241, -0.010781390058485454, 0.2861009091690693, -0.010781390058485212, 0.11773093547394897","1.6735264522551851, 0.17708201682927388, 1.2987830618310765, 0.17708201682927277, 1.6735264522551936","0.6826177482212825, 0.010482180742597932, 0.3345103746497269, 0.010482180742597822, 0.68261774822129"
3.306122448979592,3.510204081632653,"0.11712577315509964, -0.010034475963021351, 0.28581740561584734, -0.010034475963021039, 0.11712577315509548","1.6804506512472885, 0.16614664753456543, 1.3068054024362856, 0.16614664753456437, 1.6804506512472983","0.6889304409091704, 0.00948818165037239, 0.3403197567322172, 0.00948818165037228, 0.6889304409091791"
3.306122448979592,3.5918367346938775,"0.1165855183509692, -0.009347217629012243, 0.28552339855608166, -0.009347217629012583, 0.1165855183509742","1.6867884728881197, 0.1560689282348574, 1.3142851977540548, 0.15606892823485877, 1.686788472888111","0.6947107865855432, 0.008601203825876255, 0.3457722073231153, 0.008601203825876357, 0.6947107865855341"
3.306122448979592,3.673469387755102,"0.11610241136629107, -0.008714572726534558, 0.2852243227204928, -0.008714572726534232, 0.1161024113662853","1.6925942378742664, 0.14677718405554033, 1.3212571561403779, 0.14677718405553897, 1.6925942378742802","0.700007869237791, 0.007809104079105973, 0.35088554942245986, 0.007809104079105817, 0.7000078692378034"
3.306122448979592,3.7551020408163267,"0.11566966114062022, -0.00813190511673155, 0.284924487952222, -0.008131905116731727, 0.11566966114062072","1.6979176589259053, 0.13820464604932378, 1.3277553900495425, 0.13820464604932417, 1.697917658925904","0.7048666282494342, 0.007101046027551258, 0.3556782461717175, 0.007101046027551262, 0.704866628249433"
3.306122448979592,3.836734693877551,"0.11528133027805704, -0.007594960622818673, 0.28462726068951905, -0.0075949606228188984, 0.11528133027806176","1.7028040061750298, 0.13028954360517359, 1.3338129004396018, 0.13028954360517464, 1.70280400617502","0.7093280061535016, 0.006467402503080153, 0.36016892487506674, 0.006467402503080205, 0.7093280061534921"
3.306122448979592,3.9183673469387754,"0.11493222977859224, -0.007099842098654319, 0.28433522464011823, -0.007099842098654666, 0.11493222977859863","1.7072943473246958, 0.12297503737285811, 1.339461230604905, 0.12297503737285956, 1.7072943473246824","0.7134291633955923, 0.005899649122861039, 0.36437601713448636, 0.005899649122861148, 0.7134291633955795"
3.306122448979592,4.0,"0.11461782432018458, -0.00664298448016807, 0.2840503203199711, -0.006642984480167754, 0.11461782432018014","1.7114258306654215, 0.1162090439246204, 1.3447302508199077, 0.11620904392461923, 1.7114258306654317","0.7172037315726213, 0.005390256284039125, 0.36831749470850345, 0.005390256284039049, 0.7172037315726307"
3.4285714285714284,0.0,"0.23018825937344808, -0.0993523645226572, 0.23832821029842086, -0.09935236452265564, 0.23018825937344387","1.0000000000000002, 0.9999999999999998, 1.0000000000000004, 0.9999999999999996, 1.0000000000000002","0.07818314421790222, 0.1174536305939525, 0.10433280857168416, 0.1174536305939521, 0.07818314421790237"
3.4285714285714284,0.08163265306122448,"0.2294021001862668, -0.09845739245919993, 0.2381105845458685, -0.09845739245919949, 0.22940210018626422","1.0065532020961467, 0.9946822851887889, 0.997529025430129, 0.9946822851887887, 1.0065532020961463","0.08321564596085708, 0.11714085475872246, 0.10473737230152366, 0.11714085475872213, 0.08321564596085718"
3.4285714285714284,0.16326530612244897,"0.22845729234351425, -0.09745864512989533, 0.23800270557276473, -0.09745864512989438, 0.22845729234351064","1.0135204823214439, 0.9889238834934371, 0.9951112683702377, 0.9889238834934374, 1.0135204823214439","0.08867799186624568, 0.11678155551001637, 0.10521621503558187, 0.11678155551001598, 0.08867799186624592"
3.4285714285714284,0.24489795918367346,"0.22734388269628747, -0.09635185219823303, 0.23801593900389298, -0.09635185219823209, 0.22734388269628417","1.0209491695769177, 0.9826703489613946, 0.9927609629233751, 0.9826703489613942, 1.0209491695769168","0.09461202093988257, 0.11636307768123312, 0.10577074520478277, 0.11636307768123275, 0.0946120209398828"
3.4285714285714284,0.32653061224489793,"0.22605137565529523, -0.0951322725972144, 0.23816179388384026, -0.09513227259721016, 0.22605137565528918","1.0288902640515016, 0.9758611040308153, 0.9904972638353668, 0.9758611040308154, 1.028890264051501","0.10106326921614892, 0.11587138791162777, 0.10640442907920097, 0.11587138791162811, 0.10106326921614937"
3.4285714285714284,0.40816326530612246,"0.22456886444159913, -0.0937947812004154, 0.23845183351763402, -0.09379478120041074, 0.22456886444159344","1.0373985522794031, 0.9684289651516789, 0.988344965137838, 0.9684289651516786, 1.0373985522794038","0.1080810211784255, 0.11529096179235038, 0.10712309409086707, 0.11529096179235057, 0.10808102117842619"
3.4285714285714284,0.4897959183673469,"0.22288521720602253, -0.09233398512319463, 0.2388975358343443, -0.0923339851231951, 0.22288521720602286","1.0465325892889026, 0.9602997632207216, 0.9863352949807512, 0.9602997632207211, 1.046532589288902","0.11571823771925198, 0.11460470195107186, 0.10793528876324375, 0.11460470195107184, 0.11571823771925198"
3.4285714285714284,0.5714285714285714,"0.22098933229811848, -0.09074437835875632, 0.23951009212127616, -0.09074437835875648, 0.2209893322981185","1.056354493727933, 0.9513921241210909, 0.9845067643019527, 0.9513921241210916, 1.0563544937279334","0.12403130932660902, 0.11379390438755566, 0.1088526957832229, 0.11379390438755581, 0.12403130932660913"
3.4285714285714284,0.6530612244897959,"0.21887047820881106, -0.08902054409491814, 0.24030013177221568, -0.08902054409491739, 0.21887047820880856","1.0669294877635487, 0.941617496687349, 0.9829060310982054, 0.9416174966873482, 1.0669294877635485","0.13307957052700475, 0.11283829568372497, 0.10989058913892231, 0.11283829568372465, 0.1330795705270052"
3.4285714285714284,0.7346938775510204,"0.21651873386982362, -0.0871574140420078, 0.24127736034436958, -0.08715741404200772, 0.21651873386982212","1.078325098911011, 0.9308805408218594, 0.9815887205342587, 0.9308805408218592, 1.0783250989110111","0.14292449862546713, 0.11171616949768523, 0.11106831788325781, 0.1117161694976852, 0.14292449862546747"
3.4285714285714284,0.8163265306122449,"0.21392554324717875, -0.08515059293883082, 0.24245009938330547, -0.08515059293883065, 0.21392554324717736","1.0906099276984698, 0.9190800155889572, 0.980620113425147, 0.9190800155889576, 1.0906099276984698","0.15362850832193897, 0.11040465640092337, 0.11240978735213553, 0.11040465640092305, 0.15362850832193906"
3.4285714285714284,0.8979591836734694,"0.21108439343132493, -0.08299675345267316, 0.24382472004269531, -0.08299675345267332, 0.211084393431326","1.1038518765065655, 0.9061103324355809, 0.9800755821157054, 0.9061103324355808, 1.1038518765065646","0.16525324695516333, 0.10888016553516112, 0.11394389314768776, 0.10888016553516125, 0.16525324695516308"
3.4285714285714284,0.9795918367346939,"0.20799161641116348, -0.08069410120537354, 0.2454049695884185, -0.08069410120537346, 0.20799161641116526","1.118115736047549, 0.8918639562210211, 0.9800406154628591, 0.891863956221022, 1.1181157360475487","0.17785729758862498, 0.10711903801751314, 0.11570484397793504, 0.10711903801751374, 0.17785729758862456"
3.4285714285714284,1.0612244897959184,"0.2046473001105586, -0.07824290091143399, 0.24719120160175045, -0.07824290091143343, 0.2046473001105584","1.1334600436599027, 0.8762348372852297, 0.980610238109737, 0.8762348372852294, 1.1334600436599032","0.19149321524487048, 0.10509844805523087, 0.11773228757941072, 0.10509844805523084, 0.1914932152448708"
3.4285714285714284,1.1428571428571428,"0.20105627312059943, -0.07564604213909079, 0.24917953803698226, -0.0756460421390911, 0.20105627312060043","1.1499331703253857, 0.859123028793126, 0.9818876017629778, 0.8591230287931266, 1.1499331703253852","0.20620386295902532, 0.10279757526208058, 0.12007113205755429, 0.10279757526208057, 0.20620386295902488"
3.4285714285714284,1.2244897959183674,"0.1972290999500657, -0.07290960718744283, 0.2513610144747547, -0.07290960718744308, 0.19722909995006566","1.167568669737268, 0.8404405701214693, 0.9839815202825255, 0.840440570121469, 1.167568669737268","0.22201808665626566, 0.1001990474248467, 0.1227709378610594, 0.10019904742484667, 0.22201808665626577"
3.4285714285714284,1.3061224489795917,"0.19318299150679247, -0.07004338536600693, 0.25372078771842904, -0.07004338536600743, 0.19318299150679316","1.1863800390400407, 0.8201185847061863, 0.9870027525075477, 0.8201185847061869, 1.186380039040041","0.23894587635082815, 0.09729061445146803, 0.12588475060892748, 0.09729061445146782, 0.23894587635082795"
3.4285714285714284,1.3877551020408163,"0.1889425037034965, -0.06706126059348994, 0.25623751377998655, -0.06706126059348919, 0.1889425037034958","1.2063551963121573, 0.7981153413111537, 0.9910589247533771, 0.7981153413111539, 1.206355196312158","0.25697330445421535, 0.09406696130229289, 0.12946726166152484, 0.09406696130229297, 0.25697330445421557"
3.4285714285714284,1.469387755102041,"0.18453987370501285, -0.06398138761849767, 0.2588830278269679, -0.06398138761849792, 0.18453987370501493","1.227451161297084, 0.7744247673652376, 0.9962481426753578, 0.7744247673652371, 1.2274511612970822","0.2760576971226886, 0.09053150462602132, 0.13357223176038263, 0.09053150462602148, 0.27605769712268724"
3.4285714285714284,1.5510204081632653,"0.18001483937893137, -0.060826072641056134, 0.2616224665242489, -0.06082607264105616, 0.1800148393789319","1.2495896026748763, 0.7490846118681935, 1.0026515709138608, 0.7490846118681938, 1.2495896026748758","0.2961236526997587, 0.08669795511371814, 0.13824920044509348, 0.08669795511371835, 0.2961236526997583"
3.4285714285714284,1.6326530612244898,"0.17541381444635812, -0.0576212928713887, 0.26441495685006244, -0.05762129287138834, 0.17541381444635676","1.2726540381786875, 0.7221831932449481, 1.010325537152727, 0.7221831932449486, 1.2726540381786913","0.3170606270491622, 0.08259138246854533, 0.14353962949852295, 0.0825913824685453, 0.3170606270491645"
3.4285714285714284,1.7142857142857142,"0.17078835721926855, -0.0543958299606801, 0.26721494548282204, -0.05439582996067979, 0.17078835721926966","1.2964894825253337, 0.693863520551221, 1.0192939938468917, 0.6938635205512211, 1.2964894825253326","0.33872280397716703, 0.07824851377928431, 0.14947277827231017, 0.07824851377928449, 0.33872280397716614"
3.4285714285714284,1.7959183673469388,"0.16619297277867295, -0.05118005168402151, 0.2699741578106963, -0.05118005168402212, 0.16619297277867423","1.3209051782393875, 0.6643236378371061, 1.029542367847014, 0.6643236378371049, 1.3209051782393861","0.3609318121058778, 0.07371704817189337, 0.1560617522752413, 0.0737170481718932, 0.3609318121058774"
3.4285714285714284,1.8775510204081634,"0.16168241144231232, -0.048004444220052206, 0.2726440655554817, -0.04800444422005176, 0.16168241144230988","1.345680694337426, 0.6338123764691697, 1.041013858386808, 0.6338123764691692, 1.3456806943374264","0.38348252047317116, 0.06905388844337389, 0.16330026117656032, 0.06905388844337364, 0.38348252047317244"
3.4285714285714284,1.9591836734693877,"0.15730874159054586, -0.04489805646580844, 0.2751786297505261, -0.04489805646580816, 0.15730874159054464","1.3705751730036595, 0.602620305052449, 1.0536090438877828, 0.6026203050524481, 1.370575173003661","0.40615167948183517, 0.06432236111743715, 0.17116062486168, 0.06432236111743705, 0.4061516794818367"
3.4285714285714284,2.0408163265306123,"0.15311854765107036, -0.0418870488985168, 0.27753700249489355, -0.04188704889851684, 0.15311854765106986","1.3953389452846205, 0.5710664426951474, 1.0671892240404652, 0.571066442695147, 1.3953389452846214","0.42870866581155836, 0.059588684290510535, 0.1795934498844354, 0.05958868429051053, 0.42870866581155925"
3.4285714285714284,2.122448979591837,"0.14915060662856855, -0.038993529431360585, 0.2796858456055855, -0.038993529431360405, 0.1491506066285671","1.4197262675088336, 0.5394820664882394, 1.0815833320058519, 0.5394820664882394, 1.4197262675088367","0.4509271714577092, 0.054918097282431494, 0.18852917066938638, 0.05491809728243156, 0.4509271714577117"
3.4285714285714284,2.204081632653061,"0.14543432138631185, -0.03623480718561116, 0.2816009715985974, -0.03623480718561242, 0.14543432138631462","1.4435076894205787, 0.5081934876800793, 1.0965976457986863, 0.5081934876800818, 1.4435076894205745","0.47259647260522114, 0.05037114000488936, 0.1978813561177212, 0.050371140004889674, 0.47259647260521703"
3.4285714285714284,2.2857142857142856,"0.14198905399019757, -0.03362311614637299, 0.28326812431235215, -0.03362311614637281, 0.14198905399019612","1.466480630273177, 0.47750583439073224, 1.1120270706721822, 0.4775058343907308, 1.4664806302731794","0.49353098984614135, 0.04600053851500959, 0.2075513958143116, 0.04600053851500921, 0.4935309898461434"
3.4285714285714284,2.36734693877551,"0.13882434557374046, -0.03116577740408598, 0.2846828636606918, -0.031165777404086076, 0.1388243455737399","1.488477091969467, 0.4476896204329871, 1.1276665751950907, 0.44768962043298693, 1.4884770919694679","0.5135771858008782, 0.041849025981491525, 0.21743397485915622, 0.04184902598149165, 0.5135771858008792"
3.4285714285714284,2.4489795918367347,"0.13594087281001016, -0.028865703784405533, 0.28584966194879297, -0.028865703784405214, 0.13594087281000777","1.509367972019232, 0.41897129096853064, 1.1433214740244728, 0.4189712909685299, 1.5093679720192354","0.5326173389075194, 0.037948244968043505, 0.22742266999239913, 0.037948244968043325, 0.5326173389075228"
3.4285714285714284,2.5306122448979593,"0.13333190612519974, -0.02672211774403299, 0.2867804232376645, -0.026722117744033283, 0.13333190612520224","1.5290640036402283, 0.39152819723599375, 1.1588155982475592, 0.39152819723599475, 1.5290640036402232","0.5505702456076641, 0.03431869032897253, 0.23741505772079788, 0.03431869032897278, 0.5505702456076599"
3.4285714285714284,2.6122448979591835,"0.13098501152883668, -0.024731353580183732, 0.28749268410269424, -0.024731353580184037, 0.13098501152883685","1.5475138104356994, 0.36548776017053664, 1.1739968587875294, 0.36548776017053675, 1.547513810435699","0.5673893157906494, 0.030970507380830445, 0.24731688439504898, 0.030970507380830268, 0.5673893157906488"
3.4285714285714284,2.693877551020408,"0.12888376691898462, -0.022887639401426352, 0.28800774496488113, -0.022887639401427032, 0.12888376691898762","1.564699839911111, 0.3409300792833374, 1.1887401616111077, 0.34093007928333796, 1.5646998399111058","0.5830587693755184, 0.02790488122665149, 0.25704505444118964, 0.02790488122665144, 0.5830587693755134"
3.4285714285714284,2.7755102040816326,"0.12700932408027432, -0.021183789908539835, 0.28834893165653264, -0.02118378990853928, 0.12700932408027238","1.5806330222053715, 0.31789298667965443, 1.2029479822299467, 0.3178929866796531, 1.580633022205375","0.5975887078562768, 0.025115740252530577, 0.2665293926402146, 0.025115740252530484, 0.5975887078562802"
3.4285714285714284,2.857142857142857,"0.12534171700920455, -0.01961177620670876, 0.2885401183950072, -0.019611776206708773, 0.1253417170092057","1.595346927581875, 0.2963785169169879, 1.2165491110022764, 0.29637851691698847, 1.5953469275818715","0.6110097616993945, 0.022591533167506304, 0.27571329208476736, 0.022591533167506388, 0.6110097616993916"
3.4285714285714284,2.938775510204082,"0.12386087893428022, -0.018163166439428384, 0.2886045750102987, -0.018163166439427912, 0.12386087893427766","1.6088920313281088, 0.2763598952975247, 1.2294961467487298, 0.2763598952975241, 1.6088920313281152","0.6233678606210677, 0.020316901450847424, 0.2845534553373916, 0.020316901450847424, 0.6233678606210731"
3.4285714285714284,3.020408163265306,"0.12254737578544056, -0.01682944858046135, 0.28856414559003885, -0.016829448580461794, 0.12254737578544367","1.6213304985583608, 0.257788361863668, 1.2417622791559466, 0.25778836186367, 1.6213304985583559","0.6347194940649459, 0.018274136972707605, 0.29301897473764194, 0.01827413697270784, 0.6347194940649407"
3.4285714285714284,3.1020408163265305,"0.12138289127709834, -0.015602255196123023, 0.28843872783804614, -0.015602255196123509, 0.12138289127710272","1.632731718222167, 0.2405993799241794, 1.2533378037073164, 0.24059937992418112, 1.6327317182221597","0.6451276631123605, 0.016444373938864325, 0.3010899919826774, 0.016444373938864484, 0.6451276631123528"
3.4285714285714284,3.183673469387755,"0.12035051094891996, -0.014473511925358062, 0.2882460019528733, -0.014473511925358264, 0.12035051094892302","1.6431686693964145, 0.22471798341173804, 1.2642266943837008, 0.22471798341173904, 1.643168669396408","0.6546585935662232, 0.014808508630734154, 0.30875614374997595, 0.01480850863073425, 0.6546585935662173"
3.4285714285714284,3.2653061224489797,"0.1194348539536011, -0.01343552953319948, 0.2880013511591935, -0.013435529533199972, 0.11943485395360531","1.6527151008673784, 0.21006317641724476, 1.2744434454307614, 0.21006317641724673, 1.6527151008673735","0.6633791889016971, 0.01334786878287127, 0.3160149543336877, 0.013347868782871431, 0.6633791889016907"
3.4285714285714284,3.3469387755102042,"0.11862209651592359, -0.012481055829350989, 0.28771791862685614, -0.01248105582935094, 0.11862209651592265","1.6614434435145944, 0.19655140728382864, 1.2840102984031543, 0.19655140728382797, 1.6614434435145964","0.6713551474820489, 0.012044669258570031, 0.3228702890869258, 0.012044669258569956, 0.6713551474820509"
3.4285714285714284,3.4285714285714284,"0.11789992327732124, -0.011603299898015437, 0.2874067532413887, -0.011603299898015437, 0.11789992327732118","1.6694233454401575, 0.18409920484380266, 1.2929548994320808, 0.18409920484380252, 1.6694233454401566","0.6786496428230203, 0.010882295600118155, 0.3293309405635962, 0.010882295600118113, 0.67864964282302"
3.4285714285714284,3.510204081632653,"0.11725743447932868, -0.010795937681499626, 0.2870770064043392, -0.010795937681499924, 0.11725743447933162","1.6767207124374202, 0.17262509592017256, 1.3013083832848198, 0.1726250959201736, 1.6767207124374148","0.6853224598824418, 0.009845455637273026, 0.33540938566908046, 0.009845455637273124, 0.6853224598824362"
3.4285714285714284,3.5918367346938775,"0.11668502940941122, -0.010053105262198235, 0.2867361517055692, -0.010053105262198617, 0.11668502940941666","1.6833971427205778, 0.16205093156509898, 1.309103851428656, 0.1620509315651006, 1.683397142720569","0.6914294866338322, 0.008920234538830313, 0.34112072740323013, 0.008920234538830476, 0.6914294866338225"
3.4285714285714284,3.673469387755102,"0.11617428029140947, -0.00936938419745545, 0.28639020781208785, -0.009369384197455734, 0.11617428029141397","1.6895096583213904, 0.1523027435599627, 1.3163751962373027, 0.15230274355996398, 1.6895096583213813","0.6970224727078129, 0.008094082534329349, 0.3464818180311427, 0.008094082534329453, 0.697022472707804"
3.4285714285714284,3.7551020408163267,"0.11571780595885689, -0.008739781864405965, 0.28604395181109177, -0.008739781864406354, 0.1157178059588635","1.6951106517449128, 0.14331123913510024, 1.3231562182399854, 0.14331123913510194, 1.695110651744899","0.7021489816867801, 0.007355758292778125, 0.351510550239391, 0.007355758292778272, 0.7021489816867669"
3.4285714285714284,3.836734693877551,"0.11530915107688361, -0.008159708822186744, 0.2857011154905993, -0.008159708822187285, 0.11530915107689133","1.7002479826199202, 0.1350120252404013, 1.3294799842793725, 0.13501202524040318, 1.700247982619906","0.7068524782939524, 0.00669524531309809, 0.35622529740520126, 0.0066952453130982225, 0.7068524782939379"
3.4285714285714284,3.9183673469387754,"0.11494267415511505, -0.007624954564764169, 0.28536456081929173, -0.007624954564764471, 0.1149426741551221","1.7049651737006024, 0.12734563684378739, 1.3353783789112343, 0.12734563684378924, 1.7049651737005895","0.7111725049336043, 0.006103653950239325, 0.3606444820609018, 0.0061036539502394545, 0.711172504933591"
3.4285714285714284,4.0,"0.1146134458832202, -0.007131662615492404, 0.2850364334645501, -0.007131662615491953, 0.11461344588321437","1.709301668034072, 0.12025742822497754, 1.3408818074818927, 0.12025742822497619, 1.7093016680340845","0.7151449132678347, 0.00557311792416753, 0.3647862517886558, 0.005573117924167451, 0.7151449132678466"
3.5510204081632653,0.0,"0.23134120609117528, -0.101442723323069, 0.24020303446378985, -0.10144272332306761, 0.23134120609117137","1.0000000000000002, 0.9999999999999998, 1.0, 0.9999999999999998, 0.9999999999999998","0.07511465256459045, 0.11359150557486075, 0.10087471264143677, 0.11359150557486053, 0.07511465256459068"
3.5510204081632653,0.08163265306122448,"0.23058800903260707, -0.10057549885897993, 0.23997497965274878, -0.10057549885897915, 0.23058800903260349","1.0061542502559506, 0.9949873520270699, 0.9977167954339586, 0.9949873520270703, 1.0061542502559506","0.07987956371504812, 0.11336086246752994, 0.10134230631375846, 0.11336086246752997, 0.07987956371504853"
3.5510204081632653,0.16326530612244897,"0.2296840333654587, -0.09961102123946775, 0.23985397574802064, -0.09961102123946566, 0.22968403336545415","1.0127002746747478, 0.9895621072913936, 0.9954752360677178, 0.9895621072913932, 1.0127002746747478","0.08504922891370201, 0.11308936656278518, 0.10187695212777972, 0.11308936656278498, 0.08504922891370256"
3.5510204081632653,0.24489795918367346,"0.2286195449424, -0.09854491347384642, 0.23985073706289511, -0.09854491347384459, 0.22861954494239606","1.0196826169091835, 0.9836736351134341, 0.9932874959547656, 0.9836736351134344, 1.0196826169091837","0.0906633223812808, 0.11276561493849617, 0.10247978549492719, 0.11276561493849586, 0.09066332238128114"
3.5510204081632653,0.32653061224489793,"0.22738422387852425, -0.0973723059049158, 0.23997616405278518, -0.09737230590491416, 0.22738422387852036","1.0271494830474244, 0.977265486869734, 0.9911700601656819, 0.9772654868697341, 1.027149483047424","0.09676518034417161, 0.112376918389544, 0.10315372759370625, 0.11237691838954367, 0.09676518034417168"
3.5510204081632653,0.40816326530612246,"0.22596726547487095, -0.09608789899256068, 0.2402412670353816, -0.09608789899255912, 0.22596726547486712","1.0351529154499097, 0.970274892963201, 0.989144383173779, 0.9702748929632004, 1.035152915449909","0.10340191708532816, 0.1119091827273058, 0.10390376150056235, 0.1119091827273054, 0.10340191708532848"
3.5510204081632653,0.4897959183673469,"0.22435752875464932, -0.09468605141017639, 0.24065704531105225, -0.09468605141017736, 0.22435752875465206","1.0437488629634029, 0.9626323231046425, 0.9872376278639095, 0.9626323231046421, 1.0437488629634024","0.11062444428655335, 0.11134681170332447, 0.10473726300442239, 0.1113468117033244, 0.11062444428655295"
3.5510204081632653,0.5714285714285714,"0.22254374596452672, -0.09316090163985924, 0.24123431135066553, -0.0931609016398583, 0.22254374596452528","1.0529971007607806, 0.9542611636688283, 0.9854834711407843, 0.9542611636688275, 1.0529971007607803","0.11848734912553487, 0.11067264568850771, 0.10566438546468078, 0.11067264568850761, 0.11848734912553498"
3.5510204081632653,0.6530612244897959,"0.22051480806675777, -0.09150653224885619, 0.2419834483641991, -0.0915065322488553, 0.22051480806675472","1.0629609396310085, 0.9450775855663331, 0.9839229496053176, 0.9450775855663334, 1.0629609396310096","0.12704857438651576, 0.10986795498455977, 0.10669849387634998, 0.10986795498455955, 0.12704857438651654"
3.5510204081632653,0.7346938775510204,"0.21826014221199308, -0.08971718662312622, 0.24291408882226395, -0.08971718662312683, 0.2182601422119962","1.0737066497802858, 0.9349906995850019, 0.9826053012694265, 0.9349906995850027, 1.0737066497802854","0.13636883052942622, 0.10891251205682716, 0.10785663678225195, 0.10891251205682731, 0.13636883052942542"
3.5510204081632653,0.8163265306122449,"0.2157701967600857, -0.08778754771964176, 0.24403470191911014, -0.08778754771964223, 0.2157701967600884","1.0853025094266775, 0.9239031225865978, 0.9815887359734514, 0.9239031225865981, 1.0853025094266777","0.14651065652639422, 0.10778477267575524, 0.10916003517108423, 0.10778477267575541, 0.14651065652639372"
3.5510204081632653,0.8979591836734694,"0.2130370466628568, -0.08571308681402692, 0.24535208030234132, -0.08571308681402637, 0.21303704666285522","1.097817376126545, 0.9117121049888428, 0.9809410377692249, 0.9117121049888433, 1.0978173761265464","0.1575370356492382, 0.10646220117261634, 0.11063455444038481, 0.10646220117261646, 0.15753703564923882"
3.5510204081632653,0.9795918367346939,"0.21005512573155954, -0.08349048654867863, 0.24687072163423984, -0.08349048654867755, 0.21005512573155685","1.1113186728516555, 0.8983113932155284, 0.9807398678656332, 0.8983113932155278, 1.1113186728516555","0.1695094680241031, 0.10492177845065298, 0.11231110859481257, 0.10492177845065281, 0.16950946802410374"
3.5510204081632653,1.0612244897959184,"0.20682208111255246, -0.08111813602367512, 0.24859210982224605, -0.08111813602367457, 0.2068220811125509","1.1258696872065115, 0.8835940130041617, 0.9810725995786519, 0.8835940130041613, 1.1258696872065115","0.18248540910691272, 0.10314073106932427, 0.11422592546087847, 0.10314073106932405, 0.182485409106913"
3.5510204081632653,1.1428571428571428,"0.20333972791922805, -0.07859668548965745, 0.2505139151408597, -0.07859668548965676, 0.2033397279192265","1.1415261085987716, 0.8674561499930971, 0.9820354828162631, 0.8674561499930967, 1.1415261085987725","0.19651500940392938, 0.1010975129563898, 0.11642057937663448, 0.10109751295638972, 0.19651500940393016"
3.5510204081632653,1.2244897959183674,"0.19961505774991956, -0.0759296340514968, 0.252629152603157, -0.07592963405149725, 0.1996150577499174","1.1583317836404095, 0.849802259059562, 0.9837319146000576, 0.8498022590595617, 1.1583317836404095","0.21163714390393012, 0.09877305491892412, 0.11894167691658912, 0.09877305491892349, 0.21163714390393018"
3.5510204081632653,1.3061224489795917,"0.1956612244666106, -0.0731239061720903, 0.25492536341095956, -0.07312390617208978, 0.19566122446661022","1.1763137629239477, 0.830551438122484, 0.9862695979071362, 0.8305514381224839, 1.176313762923948","0.22787480718443873, 0.09615226805553492, 0.12184006747861831, 0.09615226805553524, 0.2278748071844393"
3.5510204081632653,1.3877551020408163,"0.19149839716294814, -0.07019035358551368, 0.2573839128451305, -0.0701903535855139, 0.19149839716294914","1.19547684683756, 0.8096449427150382, 0.9897564208948049, 0.8096449427150383, 1.1954768468375594","0.24523007538378533, 0.0932257436637692, 0.1251694522822533, 0.09322574366376911, 0.24523007538378477"
3.5510204081632653,1.469387755102041,"0.1871543399674886, -0.06714410228701312, 0.25997952463905005, -0.06714410228701359, 0.18715433996748806","1.2157980092676972, 0.7870544910695048, 0.9942949993255952, 0.7870544910695045, 1.215798009267697","0.2636789938657073, 0.08999153563238811, 0.12898429257553656, 0.0899915356323882, 0.26367899386570776"
3.5510204081632653,1.5510204081632653,"0.18266456088772892, -0.06400465529903004, 0.26268018882260347, -0.06400465529903068, 0.18266456088772853","1.2372212658484996, 0.7627907307218945, 0.9999760068592118, 0.7627907307218942, 1.2372212658485024","0.28316692018418904, 0.08645684809967527, 0.1333369801526752, 0.08645684809967474, 0.2831669201841906"
3.5510204081632653,1.6326530612244898,"0.17807187918468753, -0.06079566774569006, 0.2654475771220035, -0.0607956677456907, 0.17807187918468978","1.2596537187560974, 0.7369109489021058, 1.0068706646835952, 0.7369109489021064, 1.259653718756096","0.3036049992803945, 0.08263939442437696, 0.13827433547737178, 0.0826393944243771, 0.3036049992803928"
3.5510204081632653,1.7142857142857142,"0.17342530357558947, -0.057544337254995165, 0.2682380673588102, -0.057544337254996025, 0.17342530357559172","1.2829635965347148, 0.709524882512679, 1.0150230419052144, 0.7095248825126793, 1.2829635965347137","0.3248685198032412, 0.07856816234530331, 0.14383363546874273, 0.07856816234530341, 0.32486851980324016"
3.5510204081632653,1.7959183673469388,"0.16877819639562436, -0.05428040161418879, 0.27100441043712886, -0.05428040161418804, 0.1687781963956238","1.3069810530298374, 0.6807974121182685, 1.0244430697037892, 0.6807974121182692, 1.306981053029837","0.3467978409109915, 0.07428333568884739, 0.1500385241310077, 0.07428333568884772, 0.34679784091099136"
3.5510204081632653,1.8775510204081634,"0.1641858143681173, -0.05103480152786913, 0.27369797431950493, -0.05103480152786971, 0.16418581436811663","1.3315022489601465, 0.6509470948671976, 1.035101312345312, 0.6509470948671977, 1.3315022489601482","0.3692023483809533, 0.06983520041667352, 0.15689528889902124, 0.06983520041667346, 0.36920234838095467"
3.5510204081632653,1.9591836734693877,"0.15970244285987034, -0.04783813554407673, 0.2762713853684142, -0.04783813554407701, 0.1597024428598693","1.356296812399775, 0.6202399446476775, 1.0469264859050949, 0.6202399446476771, 1.3562968123997772","0.3918674996968044, 0.06528200211126275, 0.16439004910377827, 0.06528200211126263, 0.39186749969680634"
3.5510204081632653,2.0408163265306123,"0.15537844409730062, -0.04471908727355106, 0.278681286352499, -0.04471908727355137, 0.1553784440973029","1.3811182245442197, 0.5889785615503608, 1.059806427810841, 0.5889785615503618, 1.3811182245442186","0.4145645116903604, 0.06068690101294586, 0.17248736139223395, 0.06068690101294623, 0.4145645116903586"
3.5510204081632653,2.122448979591837,"0.15125758649458393, -0.041703023388509966, 0.28089087378785393, -0.04170302338850987, 0.15125758649458226","1.4057161297575869, 0.557487508526538, 1.0735927234317508, 0.5574875085265387, 1.4057161297575882","0.4370617477243194, 0.056114346833393475, 0.18113058553302155, 0.05611434683339355, 0.4370617477243207"
3.5510204081632653,2.204081632653061,"0.14737499099073936, -0.03881093514099307, 0.28287188830050736, -0.038810935140993014, 0.14737499099073914","1.42984917533518, 0.5260965276024252, 1.0881085941247886, 0.5260965276024252, 1.4298491753351805","0.4591365123861733, 0.051626318181254016, 0.19024409540818807, 0.051626318181254065, 0.45913651238617387"
3.5510204081632653,2.2857142857142856,"0.14375592438709, -0.03605883145545913, 0.28460581413673663, -0.03605883145545924, 0.1437559243870915","1.4532968676665865, 0.49512358283595104, 1.1031590989949267, 0.4951235828359515, 1.4532968676665836","0.4805858680722065, 0.04727890148465998, 0.199737122727305, 0.04727890148466009, 0.48058586807220405"
3.5510204081632653,2.36734693877551,"0.14041551756321402, -0.033457606742930635, 0.2860841783594328, -0.033457606742930995, 0.14041551756321458","1.4758691269468254, 0.4648596984608835, 1.1185423491845823, 0.46485969846088354, 1.4758691269468234","0.5012352813295472, 0.043119611345021645, 0.20950876125682236, 0.04311961134502173, 0.5012352813295461"
3.5510204081632653,2.4489795918367347,"0.1373593309099317, -0.0310133261474507, 0.2873079904750361, -0.031013326147451142, 0.13735933090993463","1.497412672074202, 0.43555714569392184, 1.1340603644637568, 0.435557145693923, 1.4974126720741991","0.5209443281904808, 0.03918570149865505, 0.21945350275548825, 0.039185701498655245, 0.5209443281904773"
3.5510204081632653,2.5306122448979593,"0.13458457039234434, -0.028727815540413815, 0.2882864902961395, -0.028727815540413884, 0.13458457039234406","1.5178139371613026, 0.4074218579082065, 1.1495284098609817, 0.40742185790820595, 1.5178139371613049","0.5396092123669468, 0.03550352964428746, 0.22946665361145252, 0.03550352964428746, 0.5396092123669485"
3.5510204081632653,2.6122448979591835,"0.13208169836339217, -0.02659942249113839, 0.28903544825549154, -0.02659942249113896, 0.13208169836339362","1.536998759112476, 0.38061021752100915, 1.164782046733031, 0.38061021752101043, 1.5369987591124734","0.5571623392222301, 0.03208887088819547, 0.23944908233622944, 0.03208887088819549, 0.5571623392222276"
3.5510204081632653,2.693877551020408,"0.129836184677332, -0.024623824539660916, 0.28957527972465563, -0.024623824539661165, 0.12983618467733427","1.5549294663186988, 0.35522973762849, 1.1796815921056263, 0.35522973762849147, 1.554929466318694","0.5735695383132797, 0.028947959659959624, 0.24931092919546896, 0.028947959659959614, 0.5735695383132752"
3.5510204081632653,2.7755102040816326,"0.1278301898318725, -0.022794791117294405, 0.28992920257084304, -0.02279479111729485, 0.12783018983187389","1.5716001918858025, 0.331342764130879, 1.1941140879666396, 0.33134276413087965, 1.5716001918858002","0.5888256953946926, 0.026078991636787313, 0.2589741149977807, 0.02607899163678735, 0.5888256953946905"
3.5510204081632653,2.857142857142857,"0.12604403973373718, -0.021104842207750413, 0.2901216049480281, -0.02110484220775001, 0.12604403973373546","1.5870312446915635, 0.3089721713415423, 1.2079931679337859, 0.3089721713415414, 1.5870312446915666","0.602949556151998, 0.023473827421530327, 0.26837366883980573, 0.02347382742153029, 0.6029495561520011"
3.5510204081632653,2.938775510204082,"0.12445742036754665, -0.01954578002884956, 0.2901767193226078, -0.019545780028849394, 0.1244574203675447","1.6012632515597356, 0.2881080720117186, 1.2212573528570896, 0.28810807201171773, 1.6012632515597403","0.6159783489859587, 0.021119688349859396, 0.27745802594724567, 0.02111968834985939, 0.6159783489859628"
3.5510204081632653,3.020408163265306,"0.12305027664949758, -0.018109094238106027, 0.29011763517721556, -0.0181090942381062, 0.12305027664949914","1.6143515988116035, 0.2687147367496815, 1.233867328877434, 0.26871473674968216, 1.6143515988116","0.6279627024746601, 0.019000699633661224, 0.2861885187270218, 0.019000699633661234, 0.6279627024746569"
3.5510204081632653,3.1020408163265305,"0.12180343766632357, -0.01678625541598429, 0.2899656354993192, -0.016786255415984497, 0.12180343766632645","1.6263615063957992, 0.2507371436220276, 1.245802699964352, 0.25073714362202837, 1.6263615063957948","0.6389621544721571, 0.017099199512952332, 0.2945383040327097, 0.017099199512952412, 0.6389621544721523"
3.5510204081632653,3.183673469387755,"0.12069901100124825, -0.015568917566398784, 0.28973981313030006, -0.015568917566398631, 0.12069901100124919","1.6373638982844523, 0.23410680033595577, 1.2570586027591857, 0.23410680033595582, 1.63736389828445","0.6490413958822621, 0.015396784839482109, 0.30249095235439555, 0.015396784839482182, 0.6490413958822603"
3.5510204081632653,3.2653061224489797,"0.1197205958051385, -0.014449050805644861, 0.2894569100010156, -0.014449050805644827, 0.11972059580513589","1.6474321050344456, 0.2187466663979796, 1.2676424571351461, 0.21874666639797852, 1.647432105034452","0.6582672769904395, 0.013875099808799182, 0.31003888626650367, 0.013875099808799059, 0.6582672769904453"
3.5510204081632653,3.3469387755102042,"0.118853362394501, -0.013419022843893375, 0.28913132089878246, -0.013419022843893957, 0.11885336239450411","1.6566393501774974, 0.20457513882956274, 1.2775710219858856, 0.20457513882956435, 1.6566393501774925","0.6667065289574187, 0.012516396153464514, 0.3171818093592007, 0.012516396153464608, 0.6667065289574132"
3.5510204081632653,3.4285714285714284,"0.11808403958019564, -0.01247164417556934, 0.28877520919074184, -0.01247164417556993, 0.11808403958020214","1.6650569250834777, 0.1915091537166357, 1.2868678423997844, 0.19150915371663835, 1.665056925083468","0.6744241115611597, 0.011303903033418642, 0.3239252221804702, 0.011303903033418867, 0.6744241115611487"
3.5510204081632653,3.510204081632653,"0.11740084264343081, -0.011600188217467895, 0.28839869114808014, -0.011600188217467354, 0.11740084264342426","1.672752937679912, 0.17946650536436598, 1.2955611139114345, 0.17946650536436376, 1.6727529376799244","0.6814820817506708, 0.01022204672216743, 0.33027908350920177, 0.010222046722167255, 0.6814820817506834"
3.5510204081632653,3.5918367346938775,"0.11679336672093615, -0.010798394504970055, 0.28801005556806414, -0.010798394504970228, 0.11679336672093982","1.6797915195400837, 0.1683675055620189, 1.3036819497958014, 0.1683675055620198, 1.6797915195400757","0.687938877486908, 0.009256557220063624, 0.3362566455277215, 0.009256557220063705, 0.6879388774869004"
3.5510204081632653,3.673469387755102,"0.11625246327543837, -0.010060460633661061, 0.2876159947164415, -0.010060460633661457, 0.11625246327544253","1.686232385664389, 0.15813610720746182, 1.311263014256306, 0.15813610720746307, 1.6862323856643786","0.6938489207129482, 0.008394493584460927, 0.34187347011364877, 0.008394493584461009, 0.6938489207129391"
3.5510204081632653,3.7551020408163267,"0.11577011164078832, -0.00938102686980101, 0.28722183045802946, -0.009381026869800753, 0.11577011164078382","1.6921306561686411, 0.1487006071460764, 1.318337473370557, 0.14870060714607602, 1.6921306561686489","0.6992624570787984, 0.007624213697400234, 0.3471466194009602, 0.007624213697400214, 0.6992624570788064"
3.5510204081632653,3.836734693877551,"0.11533929332551635, -0.008755156121489395, 0.28683172559195314, -0.008755156121488982, 0.11533929332550896","1.6975368653831717, 0.13999402821062346, 1.3249382128123968, 0.13999402821062187, 1.6975368653831873","0.7042255649646164, 0.006935308368754785, 0.35209400543701463, 0.006935308368754638, 0.7042255649646312"
3.5510204081632653,3.9183673469387754,"0.11495387364705367, -0.00817831112394466, 0.286448874953779, -0.00817831112394483, 0.11495387364705711","1.7024970994043565, 0.1319542638372339, 1.3310972735168263, 0.13195426383723477, 1.7024970994043496","0.7087802804942457, 0.006318514583966768, 0.3567338796528952, 0.0063185145839668305, 0.7087802804942389"
3.5510204081632653,4.0,"0.11460849311259086, -0.007646330127627884, 0.2860756740300681, -0.007646330127628241, 0.11460849311259713","1.707053216838347, 0.12452405250823001, 1.336845461306857, 0.1245240525082313, 1.7070532168383348","0.712964797658947, 0.005765618523358321, 0.3610844416389943, 0.005765618523358436, 0.7129647976589351"
3.673469387755102,0.0,"0.23243137030688826, -0.10342758373462729, 0.2419924268554809, -0.10342758373462582, 0.2324313703068835","0.9999999999999999, 0.9999999999999994, 0.9999999999999992, 1.0, 0.9999999999999999","0.07218604528049663, 0.10985234083791726, 0.0975260203397348, 0.10985234083791696, 0.07218604528049692"
3.673469387755102,0.08163265306122448,"0.23171021268190056, -0.10258856004803774, 0.24175669473227746, -0.10258856004803663, 0.2317102126818964","1.0057815193451063, 0.9952730758855008, 0.997890809538786, 0.9952730758855013, 1.0057815193451065","0.07669805719643503, 0.10969439942808693, 0.09804777506602363, 0.10969439942808683, 0.07669805719643531"
3.673469387755102,0.16326530612244897,"0.23084575308632405, -0.10165842374003436, 0.24162534130742302, -0.10165842374003314, 0.23084575308632027","1.0119332745265892, 0.9901599419633677, 0.9958135670200846, 0.9901599419633685, 1.0119332745265897","0.08159092795219419, 0.1095007386364694, 0.09863028710750107, 0.10950073863646931, 0.0815909279521945"
3.673469387755102,0.24489795918367346,"0.22982851694456852, -0.10063275931577442, 0.24160848474241473, -0.10063275931577254, 0.22982851694456372","1.0184971050417995, 0.9846135669171405, 0.9937786560821198, 0.984613566917141, 1.0184971050417995","0.08690217904111157, 0.10926110355426334, 0.09927446445168665, 0.10926110355426312, 0.08690217904111189"
3.673469387755102,0.32653061224489793,"0.2286484140087418, -0.09950664602309461, 0.24171646402870742, -0.09950664602309342, 0.2286484140087389","1.0255184609362626, 0.9785814251459016, 0.9918002278356721, 0.9785814251459013, 1.0255184609362622","0.09267292235675532, 0.10896404616439642, 0.09998276111392433, 0.10896404616439602, 0.09267292235675532"
3.673469387755102,0.40816326530612246,"0.22729481328492399, -0.09827470038417827, 0.2419597741985105, -0.09827470038417735, 0.2272948132849211","1.0330466215380356, 0.972004979078174, 0.989896798767581, 0.9720049790781741, 1.0330466215380363","0.0989480266107434, 0.10859680474723712, 0.1007594265169867, 0.10859680474723693, 0.09894802661074385"
3.673469387755102,0.4897959183673469,"0.22575665882008425, -0.09693113991819585, 0.242348962196225, -0.09693113991819113, 0.22575665882007798","1.0411348357981745, 0.9648191991511724, 0.9880919301013076, 0.9648191991511721, 1.041134835798175","0.10577621025135032, 0.10814519747115595, 0.10161080668492012, 0.10814519747115595, 0.10577621025135113"
3.673469387755102,0.5714285714285714,"0.22402263860693447, -0.09546987555633468, 0.2428944738988013, -0.0954698755563348, 0.22402263860693353","1.0498403444684092, 0.9569521650550539, 0.9864149809530737, 0.9569521650550539, 1.0498403444684092","0.11321002283511775, 0.10759354153138553, 0.10254569865718141, 0.10759354153138549, 0.11321002283511797"
3.673469387755102,0.6530612244897959,"0.22208142079114845, -0.09388464146031347, 0.24360644133833195, -0.09388464146031325, 0.22208142079114623","1.0592242319103091, 0.9483248090935583, 0.9849019179922656, 0.9483248090935579, 1.0592242319103093","0.12130566539083763, 0.10692461334639758, 0.10357575650369898, 0.10692461334639765, 0.12130566539083815"
3.673469387755102,0.7346938775510204,"0.2199219728839617, -0.09216917196553331, 0.244494398163144, -0.09216917196553298, 0.21992197288396048","1.0693510410519895, 0.938850883744202, 0.9835961504076176, 0.938850883744202, 1.0693510410519895","0.13012258728661144, 0.10611967022559651, 0.10471594237588566, 0.10611967022559661, 0.13012258728661172"
3.673469387755102,0.8163265306122449,"0.21753398025403892, -0.0903174358632963, 0.24556691121851504, -0.09031743586329699, 0.21753398025403908","1.080288069706951, 0.9284372603686137, 0.9825493398488709, 0.9284372603686128, 1.0802880697069512","0.1397227832776336, 0.10515855937635933, 0.1059850085329335, 0.10515855937635916, 0.1397227832776342"
3.673469387755102,0.8979591836734694,"0.2149083790041884, -0.08832393774333092, 0.24683111747828704, -0.08832393774333111, 0.2149083790041866","1.0921042518645598, 0.9169846931475443, 0.9818221099757918, 0.9169846931475449, 1.0921042518645596","0.15016970143069813, 0.1040199456221497, 0.10740598558654574, 0.10401994562214947, 0.1501697014306982"
3.673469387755102,0.9795918367346939,"0.21203801435827324, -0.0861840939965321, 0.248292159276515, -0.08618409399653229, 0.21203801435827663","1.1048685166852485, 0.9043892086538022, 0.9814845493218999, 0.9043892086538028, 1.1048685166852488","0.16152666336471708, 0.10268169382194528, 0.10900663779256221, 0.102681693821946, 0.1615266633647166"
3.673469387755102,1.0612244897959184,"0.20891842757132517, -0.08389468653467225, 0.24995251792669537, -0.08389468653467205, 0.20891842757132356","1.1186475155494642, 0.8905443015728975, 0.9816163657552768, 0.8905443015728967, 1.1186475155494628","0.1738546971784331, 0.10112144419383162, 0.11081982797166492, 0.1011214441938316, 0.17385469717843305"
3.673469387755102,1.1428571428571428,"0.20554876072132822, -0.08145438946648242, 0.2518112574903087, -0.08145438946648151, 0.2055487607213272","1.1335026203766663, 0.8753441223491074, 0.9823065145484539, 0.875344122349107, 1.1335026203766656","0.1872096968271277, 0.09931741633934002, 0.11288371328195498, 0.0993174163393399, 0.18720969682712743"
3.673469387755102,1.2244897959183674,"0.20193274840154316, -0.07886435218288101, 0.25386320756267355, -0.07886435218288226, 0.2019327484015468","1.1494861331161879, 0.8586878209347484, 0.9836520918981286, 0.8586878209347497, 1.1494861331161887","0.2016388574212911, 0.09724946787431304, 0.11524167071959303, 0.09724946787431375, 0.20163885742129078"
3.673469387755102,1.3061224489795917,"0.19807973805320567, -0.07612880638591588, 0.25609813666542175, -0.07612880638591579, 0.19807973805320472","1.1666367161033968, 0.8404851475393442, 0.9857562727145176, 0.8404851475393452, 1.1666367161033988","0.2171764023476304, 0.09490041301565083, 0.11794183206737893, 0.09490041301565078, 0.21717640234763133"
3.673469387755102,1.3877551020408163,"0.1940056479876222, -0.07325564545320223, 0.2584999949311607, -0.07325564545320151, 0.1940056479876208","1.1849741633778157, 0.8206632912383575, 0.9887250907676544, 0.820663291238356, 1.1849741633778152","0.23383872182005547, 0.09225757257068756, 0.12103609875384852, 0.09225757257068744, 0.23383872182005594"
3.673469387755102,1.469387755102041,"0.1897337383595284, -0.07025690473733334, 0.2610463327556085, -0.07025690473733379, 0.1897337383595306","1.2044937855264073, 0.7991747503368796, 0.9926629282734272, 0.7991747503368802, 1.2044937855264073","0.2516191842174163, 0.0893144787657591, 0.12457851685929025, 0.08931447876575947, 0.25161918421741586"
3.673469387755102,1.5510204081632653,"0.1852950432920697, -0.06714905560840567, 0.2637080246326733, -0.06714905560840514, 0.1852950432920682","1.225160864799683, 0.7760057772444638, 0.9976667159117072, 0.776005777244464, 1.2251608647996854","0.2704830510596452, 0.08607259932048059, 0.1286229315754227, 0.08607259932048052, 0.2704830510596466"
3.673469387755102,1.6326530612244898,"0.18072830308248655, -0.06395302077834109, 0.26644943539171007, -0.06395302077834095, 0.1807283030824855","1.2469058253558025, 0.7511846505033877, 1.0038190482816216, 0.7511846505033868, 1.2469058253558036","0.290363097309996, 0.08254288397753981, 0.1332199171689506, 0.0825428839775395, 0.2903630973099968"
3.673469387755102,1.7142857142857142,"0.17607925619176973, -0.060693830793317305, 0.2692291492030955, -0.06069383079331783, 0.17607925619177017","1.2696209079552734, 0.7247887523714571, 1.01118067934654, 0.7247887523714567, 1.269620907955273","0.3111566665258013, 0.0787468887590955, 0.1384130945969756, 0.07874688875909541, 0.31115666652580104"
3.673469387755102,1.7959183673469388,"0.17139921072163192, -0.057399876612147405, 0.27200133178103264, -0.05739987661214771, 0.17139921072163056","1.293159177340041, 0.6969492550865026, 1.0197831351469115, 0.696949255086502, 1.2931591773400422","0.33272491833386525, 0.07471721874480759, 0.14423509384392152, 0.07471721874480727, 0.3327249183338665"
3.673469387755102,1.8775510204081634,"0.1667429146205278, -0.054101770519134534, 0.27471771179721266, -0.0541017705191347, 0.16674291462052915","1.3173365641575163, 0.66785223750527, 1.0296223966744296, 0.6678522375052702, 1.3173365641575163","0.35489489995565016, 0.07049706861712368, 0.15070356541949612, 0.07049706861712403, 0.35489489995564977"
3.673469387755102,1.9591836734693877,"0.16216586938969224, -0.050830898648751593, 0.27733005851812015, -0.05083089864875168, 0.16216586938969063","1.3419373204791452, 0.6377353395508074, 1.0406546799400949, 0.6377353395508063, 1.341937320479147","0.3774647676321933, 0.06613874154467793, 0.15781775489067448, 0.06613874154467737, 0.37746476763219494"
3.673469387755102,2.0408163265306123,"0.15772135551312627, -0.04761781632199519, 0.27979292161773656, -0.04761781632199483, 0.15772135551312738","1.3667227733234975, 0.606879624929928, 1.0527952034931505, 0.6068796249299289, 1.3667227733234948","0.4002120233203423, 0.061701182684083686, 0.16555618137592595, 0.061701182684084206, 0.40021202332034056"
3.673469387755102,2.122448979591837,"0.1534575230963625, -0.044490681507559, 0.28206631682239425, -0.04449068150755889, 0.15345752309636113","1.3914426868521115, 0.5755970795996832, 1.0659204670964082, 0.5755970795996828, 1.391442686852114","0.42290410474276185, 0.057246742952117874, 0.1738758740737377, 0.05724674295211795, 0.4229041047427643"
3.673469387755102,2.204081632653061,"0.1494149171010743, -0.04147392533033614, 0.28411801645852475, -0.041473925330335726, 0.14941491710107307","1.4158480351415461, 0.5442149522967112, 1.0798740251234855, 0.5442149522967108, 1.4158480351415483","0.4453102061908972, 0.05283754481721011, 0.18271341901532462, 0.05283754481721003, 0.4453102061908991"
3.673469387755102,2.2857142857142856,"0.14562474110817442, -0.038587316993363235, 0.28592515177037736, -0.03858731699336329, 0.14562474110817475","1.439703691969823, 0.5130587327042218, 1.0944751506519124, 0.5130587327042215, 1.4397036919698225","0.46721294836350724, 0.04853190747481242, 0.19198778886023743, 0.04853190747481238, 0.46721294836350696"
3.673469387755102,2.36734693877551,"0.14210803147342566, -0.03584550458528353, 0.2874749462237138, -0.035845504585284155, 0.14210803147342826","1.4627995552781574, 0.48243579107177326, 1.1095293073001429, 0.482435791071775, 1.4627995552781532","0.4884185403439012, 0.04438127585991612, 0.20160463956755317, 0.044381275859916365, 0.48841854034389687"
3.673469387755102,2.4489795918367347,"0.13887575215513448, -0.03325802554238651, 0.28876454677450525, -0.03325802554238619, 0.1388757521551332","1.4849589394364437, 0.45262150928916733, 1.124839102548777, 0.45262150928916794, 1.4849589394364466","0.5087643790893278, 0.04042799030917474, 0.2114615338774677, 0.04042799030917483, 0.5087643790893299"
3.673469387755102,2.5306122448979593,"0.13592967402001227, -0.03082970586359915, 0.2898000636871722, -0.030829705863599843, 0.13592967402001438","1.5060435906158136, 0.42384919045596975, 1.140214437856435, 0.4238491904559717, 1.50604359061581","0.5281235185933141, 0.03670406545361664, 0.2214534463874825, 0.03670406545361698, 0.5281235185933107"
3.673469387755102,2.6122448979591835,"0.13326380583849717, -0.02856132285727013, 0.2905950340375445, -0.028561322857270463, 0.13326380583849934","1.5259552589142582, 0.39630431314012116, 1.155480855891246, 0.39630431314012227, 1.5259552589142538","0.5464059727086661, 0.03323096766542355, 0.23147793297920674, 0.033230967665423695, 0.5464059727086621"
3.673469387755102,2.693877551020408,"0.13086611135989612, -0.02645039684528587, 0.2911685709707782, -0.026450396845286384, 0.13086611135989756","1.544634251522988, 0.3701229945853891, 1.170485507783247, 0.37012299458539033, 1.5446342515229852","0.5635572614166283, 0.03002023523883527, 0.24143948312047162, 0.030020235238835416, 0.5635572614166257"
3.673469387755102,2.7755102040816326,"0.12872027042365142, -0.024491995993492152, 0.29154345113968433, -0.02449199599349211, 0.1287202704236487","1.5620557037032374, 0.34539399596332643, 1.1851006006668694, 0.34539399596332554, 1.562055703703244","0.5795548895155327, 0.02707470057395677, 0.25125276728127865, 0.027074700573956514, 0.5795548895155381"
3.673469387755102,2.857142857142857,"0.126807301317844, -0.02267947245270925, 0.2917443422697273, -0.022679472452709584, 0.1268073013178475","1.5782244173846567, 0.32216331195195824, 1.1992245413267755, 0.3221633119519597, 1.5782244173846482","0.594403542440842, 0.024390052195626982, 0.2608446900083044, 0.024390052195627232, 0.594403542440835"
3.673469387755102,2.938775510204082,"0.1251069330573712, -0.021005084600834487, 0.29179630308692406, -0.021005084600835, 0.12510693305737436","1.5931690651761607, 0.30044032643203267, 1.2127812167836176, 0.3004403264320345, 1.5931690651761565","0.6081297297516033, 0.021956502485350443, 0.2701553219189577, 0.021956502485350624, 0.6081297297515985"
3.673469387755102,3.020408163265306,"0.12359868155862702, -0.01946049071214883, 0.2917236183070417, -0.019460490712149184, 0.12359868155862963","1.6069364025047546, 0.2802046251156088, 1.2257179447592792, 0.28020462511561006, 1.6069364025047501","0.6207764605251418, 0.019760383096891963, 0.2791378911237807, 0.01976038309689211, 0.6207764605251372"
3.673469387755102,3.1020408163265305,"0.12226263279005967, -0.01803712015188845, 0.2915489747236565, -0.018037120151887978, 0.12226263279006067","1.6195859354068152, 0.2614127575172259, 1.2380026141519203, 0.2614127575172259, 1.619585935406815","0.6323983541972689, 0.017785553943454747, 0.2877580650797188, 0.017785553943454775, 0.6323983541972679"
3.673469387755102,3.183673469387755,"0.12107996641243363, -0.016726439378924464, 0.2912929459329791, -0.016726439378924693, 0.12107996641243657","1.6311853036983042, 0.24400446755511718, 1.2496204574931626, 0.2440044675551182, 1.6311853036982982","0.6430574182593132, 0.016014569202313013, 0.2959927583732035, 0.01601456920231312, 0.6430574182593076"
3.673469387755102,3.2653061224489797,"0.12003326763894717, -0.015520133873815622, 0.2909737324697416, -0.015520133873815345, 0.12003326763894245","1.6418064859249124, 0.22790811869418565, 1.2605707907617965, 0.22790811869418365, 1.6418064859249237","0.6528195847621308, 0.014429587827402893, 0.30382867599463104, 0.014429587827402737, 0.652819584762141"
3.673469387755102,3.3469387755102042,"0.11910667759985294, -0.014410226338976345, 0.29060709747824404, -0.014410226338976824, 0.11910667759985633","1.6515228230450965, 0.2130452029771674, 1.270863947955478, 0.21304520297716867, 1.6515228230450902","0.6617519987545739, 0.013013045065253154, 0.3112607602744235, 0.013013045065253265, 0.6617519987545678"
3.673469387755102,3.4285714285714284,"0.11828592804457261, -0.013389148480440954, 0.29020644087173986, -0.013389148480440496, 0.11828592804456922","1.6604067899096693, 0.19933393792775606, 1.2805185443251457, 0.1993339379277552, 1.6604067899096755","0.6699209910310591, 0.011748117320362225, 0.3182906643618729, 0.011748117320362078, 0.6699209910310648"
3.673469387755102,3.510204081632653,"0.11755829847806454, -0.012449779977010647, 0.28978296299788786, -0.012449779977011022, 0.11755829847806898","1.6685284091220993, 0.1866920260035528, 1.2895591297487026, 0.18669202600355436, 1.6685284091220898","0.6773906371752375, 0.010619018726692422, 0.3249253333340756, 0.010619018726692582, 0.6773906371752285"
3.673469387755102,3.5918367346938775,"0.11691252531584406, -0.011585464770568071, 0.2893458789094433, -0.011585464770568689, 0.11691252531584972","1.6759541911009257, 0.17503868751178397, 1.2980142427745922, 0.17503868751178547, 1.6759541911009157","0.6842217959024517, 0.009611167364106695, 0.3311757394697082, 0.009611167364106778, 0.6842217959024414"
3.673469387755102,3.673469387755102,"0.11633868478018022, -0.010790011954237969, 0.2889026543481129, -0.010790011954238447, 0.11633868478018322","1.6827464883539642, 0.16429608990246766, 1.3059148434871417, 0.16429608990246836, 1.6827464883539567","0.6904715241069096, 0.008711255042883677, 0.3370557920239208, 0.008711255042883712, 0.6904715241069033"
3.673469387755102,3.7551020408163267,"0.11582806469264745, -0.010057686365450548, 0.2884592433456098, -0.010057686365450381, 0.115828064692644","1.6889631642842358, 0.1543902930300321, 1.3132930853714593, 0.15439029303003138, 1.6889631642842438","0.6961927776137945, 0.007907249005407995, 0.3425814235081792, 0.007907249005407945, 0.6961927776138017"
3.673469387755102,3.836734693877551,"0.11537303519375497, -0.009383192428562885, 0.2880203144696092, -0.009383192428563378, 0.11537303519376219","1.694657492530351, 0.14525181815476185, 1.3201813786297878, 0.14525181815476415, 1.6946574925303364","0.7014343211421179, 0.0071883480635892465, 0.34776984273779005, 0.0071883480635893966, 0.7014343211421036"
3.673469387755102,3.9183673469387754,"0.11496692462615582, -0.008761653704524735, 0.28758945815673254, -0.008761653704525026, 0.1149669246261612","1.6998782189130326, 0.13681593289213276, 1.326611696389678, 0.13681593289213448, 1.6998782189130226","0.7062407857290458, 0.006544910330152919, 0.35263893824949843, 0.006544910330153051, 0.7062407857290356"
3.673469387755102,4.0,"0.11460390412910348, -0.008188589862462167, 0.2871693714667142, -0.008188589862462344, 0.11460390412910726","1.704669732853499, 0.12902272803116696, 1.332615078230676, 0.12902272803116807, 1.7046697328534928","0.7106528253788218, 0.005968365141060724, 0.3572068126821051, 0.00596836514106079, 0.710652825378815"
3.795918367346939,0.0,"0.23346198089723794, -0.10531127739679425, 0.2436985929991161, -0.10531127739679294, 0.23346198089723352","1.0000000000000002, 1.0, 1.0000000000000009, 1.0000000000000004, 1.0000000000000004","0.06939206771482684, 0.10623611139952728, 0.09428692216274108, 0.10623611139952695, 0.06939206771482719"
3.795918367346939,0.08163265306122448,"0.23277186851701043, -0.10450066072867734, 0.24345758442333632, -0.10450066072867639, 0.23277186851700665","1.005433459236702, 0.9955406067421717, 0.9980518680422501, 0.9955406067421715, 1.0054334592367016","0.07366525333482085, 0.10614225811610212, 0.09485470011489613, 0.1061422581161018, 0.07366525333482118"
3.795918367346939,0.16326530612244897,"0.23194554649591712, -0.10360470099158964, 0.24331830899134801, -0.10360470099158842, 0.23194554649591317","1.0112164453898504, 0.9907197542145175, 0.9961276007912654, 0.990719754214518, 1.0112164453898511","0.07829660336078641, 0.1060173185463855, 0.09547774857043173, 0.10601731854638531, 0.07829660336078677"
3.795918367346939,0.24489795918367346,"0.23097383036989994, -0.10261899938820171, 0.24329033803660602, -0.10261899938820015, 0.23097383036989594","1.017388189665881, 0.985493794822502, 0.9942360310232357, 0.9854937948225018, 1.0173881896658818","0.08332152036427243, 0.10585208589393386, 0.09615678767235082, 0.10585208589393338, 0.08332152036427282"
3.795918367346939,0.32653061224489793,"0.22984690142600894, -0.10153864719591907, 0.2433834915398231, -0.10153864719591771, 0.22984690142600478","1.0239914479485057, 0.9798139136309558, 0.9923892768410767, 0.9798139136309564, 1.0239914479485064","0.0887788970134181, 0.10563625259564187, 0.09689387328357135, 0.10563625259564145, 0.08877889701341872"
3.795918367346939,0.40816326530612246,"0.22855435959192444, -0.100358251387133, 0.2436077835904193, -0.10035825138713136, 0.22855435959192077","1.0310727524059953, 0.9736256072755097, 0.9906032806369903, 0.9736256072755087, 1.0310727524059953","0.09471132044295053, 0.10535829085216128, 0.09769262067363504, 0.10535829085216096, 0.0947113204429508"
3.795918367346939,0.4897959183673469,"0.2270853110177498, -0.09907197762367378, 0.24397333321185002, -0.09907197762367234, 0.22708531101774662","1.0386826061057075, 0.9668681800193373, 0.9888984277499122, 0.9668681800193375, 1.0386826061057075","0.10116522293685323, 0.10500534150641955, 0.0985584765496443, 0.10500534150641941, 0.10116522293685348"
3.795918367346939,0.5714285714285714,"0.22542850142954196, -0.09767361735210997, 0.24449023184513288, -0.09767361735211044, 0.22542850142954562","1.0468755873128597, 0.9594742917430896, 0.9873002418881016, 0.9594742917430898, 1.0468755873128588","0.10819094691187167, 0.10456312026967464, 0.09949904225398806, 0.10456312026967508, 0.10819094691187094"
3.795918367346939,0.6530612244897959,"0.22357250837658704, -0.09615668703733982, 0.24516835732150533, -0.09615668703734084, 0.2235725083765882","1.0557103188927406, 0.9513696075320524, 0.985840147150415, 0.9513696075320521, 1.0557103188927401","0.11584268178100561, 0.1040158538479016, 0.10052444886996093, 0.10401585384790162, 0.11584268178100542"
3.795918367346939,0.7346938775510204,"0.22150600736081114, -0.09451456883852849, 0.2460171229554312, -0.09451456883852935, 0.2215060073608156","1.0652492448621675, 0.9424726173024509, 0.9845562756707642, 0.9424726173024511, 1.0652492448621682","0.12417821796278126, 0.10334626285361853, 0.10164778134794959, 0.10334626285361857, 0.12417821796278067"
3.795918367346939,0.8163265306122449,"0.21921812811294272, -0.09274070301770096, 0.2470451498095194, -0.09274070301770107, 0.21921812811294022","1.075558141070314, 0.932694716648319, 0.9834942845627335, 0.9326947166483195, 1.075558141070314","0.1332584495203094, 0.10253561341404493, 0.10288554301103814, 0.10253561341404478, 0.13325844952030994"
3.795918367346939,0.8979591836734694,"0.21669891732544422, -0.09082884270380925, 0.24825985075672977, -0.09082884270380928, 0.216698917325445","1.0867052713464322, 0.9219406661182113, 0.9827081250707135, 0.9219406661182119, 1.0867052713464331","0.14314654275349617, 0.10156386480849909, 0.10425814326617988, 0.10156386480849926, 0.1431465427534964"
3.795918367346939,0.9795918367346939,"0.21393992205328957, -0.08877338077045399, 0.2496669174343296, -0.0887733807704556, 0.21393992205329063","1.0987600864172213, 0.910109573511204, 0.982260680143149, 0.9101095735112044, 1.0987600864172224","0.15390667561806481, 0.10040994565293979, 0.10579037940281613, 0.1004099456529394, 0.15390667561806495"
3.795918367346939,1.0612244897959184,"0.21093490254845793, -0.08656975579799542, 0.25126970649907443, -0.08656975579799608, 0.21093490254845892","1.1117913541629911, 0.8970965686225914, 0.9822241544288355, 0.8970965686225907, 1.1117913541629894","0.16560224559569708, 0.09905219497979396, 0.10751186758428376, 0.09905219497979395, 0.16560224559569645"
3.795918367346939,1.1428571428571428,"0.20768067309043461, -0.08421493851132136, 0.2530685308417715, -0.08421493851132178, 0.20768067309043656","1.1258646119521818, 0.8827953555503569, 0.9826800649949228, 0.8827953555503578, 1.1258646119521807","0.1782934468326446, 0.097469005293783, 0.10945735864673248, 0.09746900529378319, 0.1782934468326435"
3.795918367346939,1.2244897959183674,"0.20417805301597508, -0.0817079908329128, 0.2550598756338752, -0.08170799083291241, 0.20417805301597472","1.1410388525276596, 0.8671018242175221, 0.9837186465096357, 0.8671018242175216, 1.1410388525276591","0.1920341381008538, 0.09563969988645524, 0.11166685225938307, 0.09563969988645522, 0.19203413810085404"
3.795918367346939,1.3061224489795917,"0.20043288672216808, -0.07905067615107203, 0.2572355788578081, -0.07905067615107211, 0.20043288672216786","1.1573624034596435, 0.8499188668169374, 0.9854374594468387, 0.8499188668169377, 1.1573624034596428","0.20686796989429587, 0.0935456633717152, 0.1141854011595269, 0.0935456633717153, 0.20686796989429576"
3.795918367346939,1.3877551020408163,"0.19645706123453666, -0.07624808167769748, 0.2595820408863204, -0.0762480816776964, 0.196457061234537","1.17486804576007, 0.8311624610052393, 0.9879389864693828, 0.8311624610052388, 1.1748680457600684","0.2228238200761426, 0.09117171950364628, 0.11706248061975519, 0.09117171950364653, 0.22282382007614185"
3.795918367346939,1.469387755102041,"0.19226941553923782, -0.07330919328307647, 0.2620795554876784, -0.07330919328307584, 0.19226941553923604","1.1935675458537365, 0.8107689358411898, 0.9913270366101489, 0.8107689358411887, 1.1935675458537374","0.23991070806331039, 0.08850771175796739, 0.12035079470007198, 0.08850771175796696, 0.23991070806331116"
3.795918367346939,1.5510204081632653,"0.18789640302977736, -0.07024734329779109, 0.2647018805360283, -0.07024734329778881, 0.1878964030297745","1.21344594440286, 0.7887031224619896, 0.9957018662703017, 0.7887031224619889, 1.2134459444028618","0.25811251481327124, 0.08555019038286507, 0.12410440998364533, 0.08555019038286493, 0.25811251481327263"
3.795918367346939,1.6326530612244898,"0.18337234652135154, -0.06708043801510188, 0.26741618298750014, -0.06708043801510177, 0.18337234652135206","1.2344561387209714, 0.7649668198796644, 1.0011540827987306, 0.7649668198796648, 1.2344561387209707","0.27738301361269024, 0.08230404970444172, 0.1283761594365587, 0.08230404970444156, 0.2773830136126895"
3.795918367346939,1.7142857142857142,"0.17873912649969081, -0.06383087121732767, 0.270183489435276, -0.06383087121732722, 0.17873912649968848","1.2565144765158618, 0.7396067136864106, 1.0077576195954558, 0.7396067136864094, 1.2565144765158651","0.29764188072421843, 0.07878390263885043, 0.1332143503157677, 0.07878390263885002, 0.2976418807242214"
3.795918367346939,1.7959183673469388,"0.17404517950939546, -0.060525050028190364, 0.27295974103758847, -0.060525050028190724, 0.1740451795093974","1.2794981920397726, 0.7127206392154458, 1.0155623374895661, 0.7127206392154462, 1.279498192039771","0.3187724537889213, 0.0750149429902524, 0.13865893842868102, 0.07501494299025256, 0.3187724537889196"
3.795918367346939,1.8775510204081634,"0.1693437613419349, -0.0571925035166983, 0.27569748434952646, -0.05719250351669866, 0.1693437613419356","1.3032454964792688, 0.6844609719785201, 1.024587063084424, 0.6844609719785202, 1.3032454964792686","0.34062197998694665, 0.07103305056810157, 0.14473748028083655, 0.07103305056810147, 0.340621979986946"
3.795918367346939,1.9591836734693877,"0.16469054403427086, -0.05386460966301851, 0.2783481312574938, -0.05386460966301859, 0.16469054403427247","1.3275589296367427, 0.6550340482840156, 1.0348140441584843, 0.6550340482840162, 1.3275589296367403","0.3630048979131053, 0.06688395590740875, 0.15146131251413567, 0.06688395590740898, 0.3630048979131034"
3.795918367346939,2.0408163265306123,"0.16014074652435784, -0.050573050504783224, 0.28086460796085355, -0.050573050504782585, 0.1601407465243545","1.3522121775415135, 0.6246949205575076, 1.0461858038019567, 0.6246949205575063, 1.352212177541516","0.38570931817559095, 0.06262140379509105, 0.15882249110856975, 0.06262140379509071, 0.38570931817559373"
3.795918367346939,2.122448979591837,"0.15574611290962476, -0.047348169022039505, 0.2832041122248295, -0.047348169022038894, 0.15574611290962398","1.3769600131393442, 0.593737409105064, 1.0586051555111835, 0.5937374091050629, 1.376960013139343","0.4085063590997949, 0.058304420777248483, 0.166792009513344, 0.058304420777248456, 0.408506359099795"
3.795918367346939,2.204081632653061,"0.15155211300110183, -0.04421743368455966, 0.2853306413669164, -0.04421743368455942, 0.15155211300110089","1.4015504437673876, 0.5624802017926335, 1.0719387088799577, 0.5624802017926329, 1.4015504437673885","0.4311614674723017, 0.053993963543765205, 0.17531968362759154, 0.05399396354376512, 0.4311614674723027"
3.795918367346939,2.2857142857142856,"0.14759572196344745, -0.04120420401310497, 0.2872169640993165, -0.041204204013104595, 0.14759572196344595","1.4257377048324469, 0.5312504784410761, 1.086023633452954, 0.5312504784410759, 1.4257377048324504","0.4534464531937075, 0.049749354291456147, 0.18433585585765477, 0.04974935429145611, 0.45344645319371"
3.795918367346939,2.36734693877551,"0.14390403801410223, -0.03832693386399452, 0.288845791699786, -0.038326933863994425, 0.1439040380141009","1.4492945587671284, 0.5003669925415704, 1.1006768973826015, 0.5003669925415694, 1.449294558767131","0.47515081323551817, 0.045624955239125964, 0.19375478113527503, 0.04562495523912588, 0.4751508132355206"
3.795918367346939,2.4489795918367347,"0.14049384518178482, -0.03559886466568374, 0.290210038967796, -0.035598864665684044, 0.14049384518178704","1.4720224999697789, 0.47012459696923736, 1.1157058061219707, 0.47012459696923875, 1.4720224999697753","0.49609106422828114, 0.04166748196861331, 0.20347928798422663, 0.04166748196861344, 0.4960910642282776"
3.795918367346939,2.5306122448979593,"0.13737206520821527, -0.03302817365653263, 0.2913122168966346, -0.033028173656532406, 0.1373720652082151","1.4937588853744135, 0.44078184802795056, 1.130918533195271, 0.4407818480279508, 1.4937588853744141","0.5161171993272335, 0.03791422110999705, 0.2134061263933521, 0.03791422110999702, 0.516117199327234"
3.795918367346939,2.6122448979591835,"0.13453691203075774, -0.03061847584369251, 0.2921631276258693, -0.030618475843692955, 0.13453691203075868","1.5143805789215827, 0.4125526843924633, 1.1461334733719104, 0.4125526843924644, 1.514380578921582","0.5351159135998282, 0.03439224384016615, 0.2234313606694262, 0.03439224384016607, 0.5351159135998268"
3.795918367346939,2.693877551020408,"0.13197949114618823, -0.028369546112786914, 0.29278010993319803, -0.028369546112786845, 0.13197949114618746","1.5338042598838695, 0.3856024454482379, 1.1611865893357838, 0.3856024454482382, 1.5338042598838701","0.5530107583965413, 0.031118541491098967, 0.23345523771891546, 0.031118541491099, 0.5530107583965421"
3.795918367346939,2.7755102040816326,"0.1296855789757056, -0.026278129662759817, 0.29318510137410747, -0.026278129662760136, 0.12968557897570726","1.551983972574952, 0.36004785170767417, 1.1759363514347505, 0.3600478517076759, 1.5519839725749494","0.5697597734162977, 0.028100890738602075, 0.24338612274338486, 0.02810089073860224, 0.5697597734162947"
3.795918367346939,2.857142857142857,"0.12763735958250366, -0.02433873480338812, 0.29340275044176695, -0.024338734803388648, 0.12763735958250655","1.5689067260601293, 0.33596013742629405, 1.190266273027159, 0.33596013742629594, 1.5689067260601235","0.5853513505024757, 0.02533919940282106, 0.25314329236138106, 0.025339199402821106, 0.5853513505024699"
3.795918367346939,2.938775510204082,"0.12581496421910415, -0.02254433858146805, 0.29345874872472777, -0.02254433858146819, 0.1258149642191046","1.5845869918170958, 0.3133703360097395, 1.2040853443463313, 0.31337033600974007, 1.5845869918170954","0.599799112305725, 0.022827085020709674, 0.2626585607516071, 0.0228270850207097, 0.5997991123057244"
3.795918367346939,3.020408163265306,"0.12419773081053814, -0.020886971075072494, 0.2933784805290718, -0.020886971075072258, 0.1241977308105347","1.5990608447219006, 0.2922757369110992, 1.217326836733995, 0.2922757369110982, 1.5990608447219068","0.6131364892314424, 0.020553479270846386, 0.27187685540669887, 0.0205534792708462, 0.6131364892314484"
3.795918367346939,3.1020408163265305,"0.12276516042162494, -0.01935817162147064, 0.2931860223996893, -0.019358171621470945, 0.1227651604216275","1.612380313823588, 0.272646687472038, 1.2299459974087525, 0.27264668747203924, 1.6123803138235826","0.6254115104206803, 0.018504110884109786, 0.2807559434367621, 0.018504110884109914, 0.6254115104206752"
3.795918367346939,3.183673469387755,"0.12149758935687649, -0.017949327598460747, 0.2929034764831646, -0.01794932759846097, 0.12149758935688054","1.624608312242952, 0.2544331299003537, 1.2419171157133935, 0.2544331299003562, 1.6246083122429442","0.6366821421415708, 0.016662780330175223, 0.289265541064678, 0.01666278033017552, 0.6366821421415632"
3.795918367346939,3.2653061224489797,"0.12037661881787798, -0.016651914783063805, 0.2925505919303696, -0.016651914783064048, 0.12037661881788053","1.6358143394298046, 0.2375704839070097, 1.253230353326377, 0.23757048390701008, 1.6358143394298001","0.6470123453842508, 0.015012390447125445, 0.29738603100259187, 0.01501239044712552, 0.6470123453842463"
3.795918367346939,3.3469387755102042,"0.11938535272820422, -0.015457660329506448, 0.2921446152026018, -0.015457660329506628, 0.11938535272820705","1.6460710131329575, 0.2219846740455361, 1.2638886256430175, 0.22198467404553734, 1.6460710131329517","0.6564689006396636, 0.013535733836277932, 0.3051069802289628, 0.013535733836278038, 0.6564689006396579"
3.795918367346939,3.4285714285714284,"0.11850849329889368, -0.014358647706804333, 0.2917003088158183, -0.014358647706804797, 0.11850849329889757","1.655451396563192, 0.20759624272869814, 1.2739047214162273, 0.20759624272869967, 1.6554513965631856","0.6651189647437183, 0.012216060419072153, 0.3124256078720631, 0.012216060419072285, 0.6651189647437115"
3.795918367346939,3.510204081632653,"0.11773233754803547, -0.013347379600595954, 0.29123008410511825, -0.013347379600596218, 0.1177323375480388","1.6640270329885918, 0.19432358475807904, 1.2832987645066654, 0.19432358475807995, 1.664027032988587","0.6730282769979182, 0.011037459636798471, 0.3193453092457955, 0.011037459636798563, 0.6730282769979126"
3.795918367346939,3.5918367346938775,"0.11704470955626889, -0.012416811148120044, 0.2907442031837057, -0.012416811148119475, 0.11704470955626506","1.6718665761991267, 0.1820853942373548, 1.292096059127032, 0.18208539423735368, 1.6718665761991356","0.6802599109143528, 0.00998509472482845, 0.32587430342194806, 0.009985094724828393, 0.6802599109143607"
3.795918367346939,3.673469387755102,"0.11643485477432858, -0.01156036263240015, 0.2902510157161395, -0.011560362632400484, 0.11643485477433291","1.6790349014085408, 0.17080243993469346, 1.3003253173135403, 0.1708024399346948, 1.6790349014085322","0.686873465096637, 0.009045324425655353, 0.3320244406954743, 0.009045324425655447, 0.6868734650966286"
3.795918367346939,3.7551020408163267,"0.11589331526194141, -0.010771918167395068, 0.2897572058109134, -0.010771918167394506, 0.11589331526193486","1.6855925892068253, 0.16039879020676462, 1.3080172411728102, 0.1603987902067631, 1.6855925892068382","0.6929245946158111, 0.008205742847566519, 0.3378101833574732, 0.00820574284756641, 0.6929245946158237"
3.795918367346939,3.836734693877551,"0.11541179872740442, -0.010045814968294126, 0.2892680324817764, -0.010045814968294334, 0.11541179872740781","1.6915956891897355, 0.15080260146698854, 1.3152034186865595, 0.15080260146698937, 1.6915956891897295","0.6984647973648875, 0.007455162593194206, 0.34324775753401515, 0.007455162593194263, 0.6984647973648813"
3.795918367346939,3.9183673469387754,"0.11498304966482215, -0.009376826417726775, 0.2887875535058054, -0.00937682641772701, 0.11498304966482614","1.6970956858978763, 0.1419465707429613, 1.3219154867183334, 0.1419465707429618, 1.6970956858978679","0.7035413846868878, 0.006783560785757342, 0.34835446412559823, 0.006783560785757386, 0.7035413846868799"
3.795918367346939,4.0,"0.11460072756908019, -0.008760141177373618, 0.2883188272165831, -0.00876014117737381, 0.11460072756908429","1.7021396053115576, 0.13376813706605964, 1.3281845152447744, 0.13376813706606078, 1.7021396053115492","0.7081975799309587, 0.006182002738112235, 0.3531481316327336, 0.006182002738112319, 0.7081975799309504"
3.9183673469387754,0.0,"0.23443620704836862, -0.1070982317137702, 0.24532404933079938, -0.10709823171377073, 0.23443620704837315","1.0000000000000002, 1.0000000000000004, 1.0000000000000004, 1.0000000000000004, 1.0000000000000004","0.06672736438018341, 0.10274214691897535, 0.09115700983041061, 0.10274214691897511, 0.06672736438018306"
3.9183673469387754,0.08163265306122448,"0.23377609308357414, -0.10631601434504873, 0.2450798425229466, -0.10631601434504834, 0.2337760930835763","1.005108560095991, 0.9957910565802967, 0.9982007666474249, 0.9957910565802965, 1.0051085600959908","0.07077516573212851, 0.10270454696479536, 0.09176338599384873, 0.10270454696479524, 0.07077516573212828"
3.9183673469387754,0.16326530612244897,"0.23298648865322008, -0.10545386536394927, 0.2449347534214618, -0.10545386536394838, 0.23298648865321617","1.010546811613839, 0.991243839328138, 0.9964186981160472, 0.9912438393281384, 1.0105468116138394","0.07515963027150523, 0.10264003010429606, 0.09242024424035351, 0.10264003010429573, 0.0751596302715055"
3.9183673469387754,0.24489795918367346,"0.2320585213678223, -0.10450744662097317, 0.24489785050630428, -0.10450744662097183, 0.2320585213678184","1.01635148422245, 0.9863178717751061, 0.9946612880048895, 0.9863178717751059, 1.0163514842224495","0.0799140928253309, 0.10254034293458403, 0.09312815093206876, 0.1025403429345837, 0.07991409282533106"
3.9183673469387754,0.32653061224489793,"0.2309826755376356, -0.10347191195817237, 0.24497847284107602, -0.10347191195817093, 0.23098267553763194","1.0225627203296737, 0.9809678349338036, 0.9929388894730469, 0.980967834933804, 1.022562720329674","0.08507525622310011, 0.10239622119799541, 0.09388882438692657, 0.10239622119799513, 0.08507525622310043"
3.9183673469387754,0.40816326530612246,"0.22974882659148987, -0.10234191892610991, 0.24518618466924283, -0.10234191892610822, 0.22974882659148566","1.0292243493234559, 0.9751430516653348, 0.9912651980224185, 0.9751430516653348, 1.0292243493234559","0.09068342299039996, 0.10219727367091297, 0.09470533434404073, 0.10219727367091276, 0.09068342299040029"
3.9183673469387754,0.4897959183673469,"0.22834630464013334, -0.10111165442766418, 0.24553069957506418, -0.10111165442766237, 0.2283463046401291","1.036384122700242, 0.968786972086905, 0.9896578104257064, 0.9687869720869047, 1.0363841227002417","0.09678269000172982, 0.10193186991027528, 0.09558234597323303, 0.10193186991027472, 0.09678269000173013"
3.9183673469387754,0.5714285714285714,"0.22676399706708084, -0.099774880208405, 0.2460217662826505, -0.09977488020840314, 0.2267639970670771","1.044093882576017, 0.9618366872838822, 0.9881388602802024, 0.961836687283882, 1.0440938825760175","0.10342107956331997, 0.10158703887156517, 0.09652641216976059, 0.10158703887156496, 0.1034210795633204"
3.9183673469387754,0.6530612244897959,"0.22499050208380333, -0.09832500544109643, 0.24666900671458608, -0.09832500544109676, 0.22499050208380378","1.0524096260840972, 0.9542225112276808, 0.9867357253764445, 0.9542225112276805, 1.0524096260840967","0.1106505711007322, 0.10114838840734462, 0.09754631653697593, 0.10114838840734434, 0.11065057110073209"
3.9183673469387754,0.7346938775510204,"0.22301434723639524, -0.09675519504794755, 0.24748169562310246, -0.09675519504794847, 0.22301434723639812","1.061391415957039, 0.9458676871113317, 0.9854817938632597, 0.9458676871113318, 1.0613914159570383","0.1185269863055751, 0.10060005940177745, 0.09865346690313233, 0.10060005940177769, 0.11852698630557448"
3.9183673469387754,0.8163265306122449,"0.2208242885910185, -0.09505852370266482, 0.24846847022329416, -0.09505852370266427, 0.22082428859101672","1.0711030732969173, 0.9366882946272851, 0.9844172641515959, 0.9366882946272851, 1.0711030732969173","0.127109667404211, 0.09992473279288601, 0.09986233493374311, 0.09992473279288587, 0.12710966740421123"
3.9183673469387754,0.8979591836734694,"0.21840970725567255, -0.09322818637284241, 0.24963695823434262, -0.09322818637284211, 0.2184097072556694","1.0816115727957276, 0.926593458865839, 0.9835899366768672, 0.9265934588658387, 1.0816115727957287","0.13646087378559704, 0.09910371283193385, 0.10119093077372537, 0.09910371283193319, 0.13646087378559782"
3.9183673469387754,0.9795918367346939,"0.21576111926486527, -0.0912577763635436, 0.250993314197357, -0.09125777636354471, 0.21576111926486582","1.092986044947532, 0.9154859884299882, 0.9830559332449605, 0.9154859884299873, 1.0929860449475315","0.14664480798890628, 0.09811711523055625, 0.10266129201836742, 0.09811711523055583, 0.1466448079889061"
3.9183673469387754,1.0612244897959184,"0.21287081161832344, -0.08914164048015336, 0.25254165772366055, -0.08914164048015213, 0.21287081161832175","1.1052962768198356, 0.9032635974495578, 0.9828802514612158, 0.903263597449558, 1.105296276819836","0.1577261705986128, 0.09694419357052475, 0.10429995307674826, 0.0969441935705244, 0.15772617059861263"
3.9183673469387754,1.1428571428571428,"0.20973361010342048, -0.0868753173297366, 0.254283414452631, -0.08687531732973594, 0.2097336101034209","1.1186105971548543, 0.8898208885778223, 0.9831370285346476, 0.8898208885778225, 1.1186105971548548","0.16976813910311583, 0.09556384018703445, 0.10613834387240695, 0.0955638401870346, 0.16976813910311597"
3.9183673469387754,1.2244897959183674,"0.20634777196939608, -0.08445605798888306, 0.25621657203897374, -0.08445605798888284, 0.206347771969396","1.132993039443015, 0.8750522838855194, 0.9839093533429313, 0.8750522838855191, 1.132993039443015","0.1828296743109112, 0.09395529672087805, 0.10821304623415809, 0.09395529672087796, 0.1828296743109112"
3.9183673469387754,1.3061224489795917,"0.20271597724904167, -0.08188341740254332, 0.2583348803070033, -0.08188341740254249, 0.20271597724904067","1.1484997066769076, 0.8588560764527502, 0.9852884337406839, 0.8588560764527509, 1.1484997066769074","0.1969620873871889, 0.09209910204490676, 0.11056581391374971, 0.09209910204490669, 0.19696208738718882"
3.9183673469387754,1.3877551020408163,"0.1988463659787341, -0.07915988946599045, 0.2606270469745134, -0.07915988946599004, 0.19884636597873317","1.1651743234732816, 0.8411397229114389, 0.9873719072305583, 0.8411397229114388, 1.1651743234732819","0.21220485988088209, 0.08997828826607647, 0.1132432414643928, 0.08997828826607632, 0.21220485988088228"
3.9183673469387754,1.469387755102041,"0.1947535358150283, -0.07629153924133686, 0.26307600685261706, -0.07629153924133758, 0.19475353581502952","1.1830430638509406, 0.8218263906682073, 0.9902610909617043, 0.8218263906682085, 1.1830430638509422","0.22858080607182812, 0.08757980619670236, 0.11629595422117141, 0.0875798061967023, 0.22858080607182812"
3.9183673469387754,1.5510204081632653,"0.19045937933702106, -0.07328856422933872, 0.2656583697846346, -0.07328856422933963, 0.19045937933702262","1.2021088898429733, 0.8008626010498847, 0.9940570182142839, 0.8008626010498856, 1.2021088898429726","0.24609080452709997, 0.08489611877564482, 0.11977719490586108, 0.08489611877564482, 0.24609080452709914"
3.9183673469387754,1.6326530612244898,"0.1859936099733534, -0.07016569728099933, 0.2683441746152909, -0.0701656972810002, 0.18599360997335493","1.2223458201748731, 0.7782265702971611, 0.9988552190559319, 0.7782265702971614, 1.2223458201748723","0.2647084966641423, 0.08192684637081427, 0.12374071215105241, 0.08192684637081435, 0.26470849666414165"
3.9183673469387754,1.7142857142857142,"0.18139381090209888, -0.06694235304607798, 0.2710970842879579, -0.06694235304607973, 0.18139381090210122","1.2436937453190193, 0.753936564035425, 1.0047393812911114, 0.7539365640354261, 1.2436937453190193","0.2843755312746013, 0.07868028887518853, 0.12823792181753252, 0.07868028887518856, 0.2843755312746007"
3.9183673469387754,1.7959183673469388,"0.17670485523608187, -0.06364242552570037, 0.27387514057923523, -0.06364242552570049, 0.17670485523608365","1.2660545705536217, 0.7280582963994289, 1.011774266093897, 0.7280582963994294, 1.2660545705536204","0.30499808327609845, 0.07517459950949695, 0.1333144173551208, 0.07517459950949726, 0.3049980832760976"
3.9183673469387754,1.8775510204081634,"0.17197759901273513, -0.06029367289339094, 0.2766321477613094, -0.060293672893390354, 0.1719775990127368","1.2892905402100878, 0.7007102011167721, 1.019998517346281, 0.7007102011167732, 1.2892905402100865","0.32644543488834743, 0.07143836299718191, 0.13900604374421743, 0.07143836299718245, 0.3264454348883459"
3.9183673469387754,1.9591836734693877,"0.1672668436418906, -0.05692667914124566, 0.27931967099871113, -0.05692667914124566, 0.1672668436418897","1.3132255094974365, 0.672065373942315, 1.0294182331204962, 0.6720653739423146, 1.31322550949744","0.34855131889164237, 0.0675103557047934, 0.14533489855805984, 0.06751035570479352, 0.34855131889164526"
3.9183673469387754,2.0408163265306123,"0.16262869053506146, -0.05357345402952868, 0.2818895269889361, -0.053573454029528345, 0.16262869053505952","1.337649643829472, 0.64234921520024, 1.0400022819405748, 0.6423492152002391, 1.3376496438294745","0.3711184501032721, 0.06343834958322608, 0.15230574608489716, 0.06343834958322583, 0.371118450103274"
3.9183673469387754,2.122448979591837,"0.15811754110685533, -0.05026580776763595, 0.28429653332156, -0.05026580776763667, 0.15811754110685744","1.3623275507971964, 0.6118323132826785, 1.0516802718402511, 0.6118323132826802, 1.3623275507971941","0.3939262256840578, 0.05927696123001672, 0.15990338172660407, 0.05927696123001691, 0.3939262256840553"
3.9183673469387754,2.204081632653061,"0.15378309337789392, -0.04703369333583782, 0.2865011999158871, -0.047033693335838345, 0.15378309337789497","1.3870092683023012, 0.5808188398014935, 1.064343783792412, 0.5808188398014936, 1.3870092683022999","0.41674103521023226, 0.055084716796384534, 0.1680914279787369, 0.05508471679638463, 0.41674103521023126"
3.9183673469387754,2.2857142857142856,"0.14966771752074143, -0.04390372750383656, 0.2884720199661904, -0.04390372750383681, 0.1496677175207421","1.411442984817584, 0.5496315160396668, 1.0778509982855007, 0.5496315160396668, 1.4114429848175836","0.4393281193386648, 0.050920659988919634, 0.17681287067737597, 0.05092065998891955, 0.4393281193386642"
3.9183673469387754,2.36734693877551,"0.14580453994073722, -0.04089807218634399, 0.2901870644912143, -0.040898072186343906, 0.14580453994073672","1.4353880110078907, 0.518594848267641, 1.092034281448937, 0.5185948482676402, 1.4353880110078918","0.46146359573971635, 0.046840927594159795, 0.18599238298584417, 0.04684092759415976, 0.4614635957397174"
3.9183673469387754,2.4489795918367347,"0.14221643921644772, -0.03803378762127574, 0.2916346968096576, -0.03803378762127563, 0.14221643921644622","1.458626467357385, 0.4880186315952746, 1.1067098020946806, 0.48801863159527337, 1.4586264673573872","0.4829452331261249, 0.04289572335922093, 0.19554019623971317, 0.04289572335922076, 0.4829452331261271"
3.9183673469387754,2.5306122448979593,"0.13891599277998878, -0.03532267891477896, 0.29281337226958226, -0.035322678914778624, 0.13891599277998667","1.4809724176920795, 0.45818360441228556, 1.1216879557912676, 0.4581836044122847, 1.4809724176920842","0.5036008113343459, 0.03912703434545245, 0.2053570355618632, 0.03912703434545222, 0.5036008113343496"
3.9183673469387754,2.6122448979591835,"0.13590625686472202, -0.032771574098359874, 0.29373063446727754, -0.03277157409835982, 0.13590625686472002","1.502277679648234, 0.4293306486009661, 1.1367833435015982, 0.42933064860096454, 1.5022776796482376","0.5232933766412295, 0.03556728198250615, 0.21533950356110107, 0.035567281982505715, 0.5232933766412329"
3.9183673469387754,2.693877551020408,"0.13318215277900203, -0.030382915916528586, 0.294401526275051, -0.03038291591652892, 0.13318215277900458","1.522434131701764, 0.4016542330053181, 1.1518232705858393, 0.40165423300531966, 1.5224341317017596","0.5419232478825702, 0.0322389288266792, 0.22538529111764577, 0.032238928826679385, 0.5419232478825657"
3.9183673469387754,2.7755102040816326,"0.1307321882257792, -0.02815552962078577, 0.2948466827900119, -0.02815552962078595, 0.13073218822578048","1.5413728598481211, 0.3753000861514896, 1.1666541080007813, 0.3753000861514899, 1.5413728598481187","0.5594271099203223, 0.029154916339973587, 0.23539770373896832, 0.029154916339973674, 0.5594271099203203"
3.9183673469387754,2.857142857142857,"0.12854025866131846, -0.026085440807464944, 0.2950903642922908, -0.026085440807465318, 0.12854025866132107","1.559060841185821, 0.3503665211142188, 1.1811452753999236, 0.3503665211142202, 1.5590608411858162","0.5757748521581293, 0.02631971741803864, 0.24528917066128683, 0.026319717418038766, 0.5757748521581249"
3.9183673469387754,2.938775510204082,"0.1265873305768876, -0.024166648662804574, 0.295158636171837, -0.024166648662803963, 0.12658733057688415","1.575496012617971, 0.3269085042828029, 1.195190966198449, 0.3269085042828008, 1.5754960126179784","0.5909649421940911, 0.023730756648008035, 0.2549835992048298, 0.023730756648007896, 0.5909649421940981"
3.9183673469387754,3.020408163265306,"0.1248528815871423, -0.022391797355510765, 0.29507783153673667, -0.022391797355510987, 0.12485288158714297","1.5907015474731558, 0.30494346237303116, 1.2087099803076278, 0.3049434623730315, 1.590701547473155","0.6050190950650326, 0.021379970405744866, 0.2644176060078188, 0.021379970405744905, 0.6050190950650316"
3.9183673469387754,3.1020408163265305,"0.12331604117858541, -0.020752721583684977, 0.29487336081019977, -0.020752721583685116, 0.1233160411785848","1.604720021189784, 0.28445790424657225, 1.2216441491272858, 0.2844579042465729, 1.6047200211897845","0.617976863486745, 0.01925532824744027, 0.27354077558449735, 0.01925532824744027, 0.6179768634867455"
3.9183673469387754,3.183673469387755,"0.12195642920971689, -0.019240866334367737, 0.29456887424930067, -0.019240866334367952, 0.12195642920971866","1.6176079543989519, 0.2654141206133934, 1.2339558499753127, 0.26541412061339426, 1.6176079543989506","0.6298905943392119, 0.01734219690227452, 0.28231515990501427, 0.017342196902274596, 0.6298905943392097"
3.9183673469387754,3.2653061224489797,"0.12075472321752545, -0.0178475949953614, 0.2941857435556685, -0.017847594995361857, 0.12075472321752972","1.629431029163188, 0.2477564464643976, 1.2456250487448375, 0.24775644646439957, 1.6294310291631797","0.6408210184444133, 0.015624484006412372, 0.29071424835157295, 0.015624484006412519, 0.6408210184444051"
3.9183673469387754,3.3469387755102042,"0.11969300226996366, -0.016564405901025946, 0.29374280726212476, -0.016564405901025966, 0.11969300226996399","1.640260112664392, 0.23141677941418543, 1.256646215842846, 0.23141677941418595, 1.640260112664393","0.6508335923285987, 0.01408554267317524, 0.2987216196632675, 0.014085542673175295, 0.6508335923285989"
3.9183673469387754,3.4285714285714284,"0.1187549190701927, -0.015383077915433661, 0.29325631769048427, -0.015383077915433467, 0.11875491907019031","1.650168104492074, 0.21631921595159814, 1.2670253591126523, 0.21631921595159787, 1.6501681044920795","0.6599956028251789, 0.012708847824830182, 0.30632945109692067, 0.012708847824830132, 0.6599956028251835"
3.9183673469387754,3.510204081632653,"0.1179257481519222, -0.014295763262181627, 0.29274003022052136, -0.014295763262181294, 0.11792574815191942","1.6592275481724021, 0.20238378888201272, 1.2767773258911657, 0.20238378888201192, 1.6592275481724088","0.6683739769815817, 0.011478472249276858, 0.31353701702766273, 0.011478472249276788, 0.6683739769815877"
3.9183673469387754,3.5918367346938775,"0.11719235031717423, -0.01329504231738153, 0.2922053840004184, -0.013295042317380955, 0.11719235031716968","1.667508907216341, 0.18952936633699766, 1.285923452893316, 0.18952936633699563, 1.667508907216348","0.6760337036186909, 0.0103793975540113, 0.3203492677365047, 0.010379397554011141, 0.6760337036186987"
3.9183673469387754,3.673469387755102,"0.11654308471455543, -0.012373951577320762, 0.29166173372552795, -0.012373951577321012, 0.11654308471455871","1.6750793911115145, 0.17767581434334961, 1.2944895890902788, 0.17767581434335072, 1.6750793911115087","0.683036760049841, 0.009397695803831846, 0.3267755436842465, 0.009397695803831936, 0.683036760049835"
3.9183673469387754,3.7551020408163267,"0.11596769174213667, -0.011525993011557982, 0.291116602538839, -0.01152599301155837, 0.11596769174214061","1.6820022183051497, 0.16674554106632467, 1.3025044812570579, 0.16674554106632572, 1.6820022183051417","0.6894414395522844, 0.008520614417516736, 0.3328284528821992, 0.008520614417516795, 0.6894414395522767"
3.9183673469387754,3.836734693877551,"0.11545716303185422, -0.010745130668374937, 0.2905759352730363, -0.01074513066837534, 0.11545716303185982","1.6883362141308278, 0.15666454043459754, 1.3099984908691598, 0.1566645404345992, 1.6883362141308174","0.695301985600455, 0.007736591907074569, 0.3385229189844114, 0.007736591907074682, 0.6953019856004444"
3.9183673469387754,3.9183673469387754,"0.11500360933440945, -0.010025778673198878, 0.2900443386775755, -0.010025778673199086, 0.11500360933441334","1.6941356567107115, 0.14736304294380254, 1.31700260069098, 0.1473630429438037, 1.6941356567107055","0.7006684529618225, 0.007035226608677043, 0.34387539443212445, 0.007035226608677123, 0.7006684529618157"
3.9183673469387754,4.0,"0.11460013307873435, -0.009362783535699849, 0.2895253009139275, -0.009362783535700057, 0.11460013307873812","1.6994502998413155, 0.1387758670084142, 1.3235476663005485, 0.1387758670084151, 1.6994502998413084","0.7055867305572464, 0.006407215447243764, 0.34890322500022364, 0.006407215447243843, 0.7055867305572392"
4.040816326530612,0.0,"0.2353571359958452, -0.10879290940357236, 0.246871546815451, -0.10879290940357209, 0.2353571359958483","1.0, 1.0, 1.0, 0.9999999999999996, 0.9999999999999998","0.06418654033322156, 0.09936921319274133, 0.08813534828147312, 0.09936921319274156, 0.0641865403332213"
4.040816326530612,0.08163265306122448,"0.23472593765334046, -0.10803890075769629, 0.24662592620870605, -0.10803890075769682, 0.23472593765334682","1.004805361886953, 0.9960254942816975, 0.9983382876627007, 0.996025494281698, 1.0048053618869537","0.06802176359696421, 0.09938076742617206, 0.08877358453590302, 0.09938076742617231, 0.06802176359696376"
4.040816326530612,0.16326530612244897,"0.23397160759264707, -0.10721002842424451, 0.24647684166319114, -0.10721002842424363, 0.23397160759265012","1.0099214801182494, 0.9917344094039016, 0.9966882209556998, 0.9917344094039007, 1.0099214801182494","0.07217332341344827, 0.09936914628172265, 0.08945811654773164, 0.09936914628172293, 0.07217332341344845"
4.040816326530612,0.24489795918367346,"0.2330856002122482, -0.10630204918550987, 0.2464328979465262, -0.10630204918550856, 0.23308560021224434","1.0153826971003443, 0.9870892326763585, 0.995056140446595, 0.9870892326763587, 1.015382697100345","0.07667255153078457, 0.09932696077012902, 0.0901893859752163, 0.09932696077012867, 0.07667255153078492"
4.040816326530612,0.32653061224489793,"0.23205872543468486, -0.10531021908940269, 0.2465029873094385, -0.10531021908940147, 0.23205872543468117","1.0212266367871172, 0.9820479273358526, 0.9934508717540604, 0.9820479273358532, 1.0212266367871174","0.08155400976921906, 0.09924589736020853, 0.09096882641802828, 0.09924589736020832, 0.08155400976921934"
4.040816326530612,0.40816326530612246,"0.23088116782188028, -0.10422929392501651, 0.24669625220627456, -0.10422929392501554, 0.230881167821877","1.027494492982517, 0.976563429168524, 0.9918841556979185, 0.9765634291685235, 1.0274944929825165","0.08685574008430375, 0.09911660681269824, 0.09179904038483133, 0.09911660681269782, 0.08685574008430391"
4.040816326530612,0.4897959183673469,"0.22954252991243548, -0.10305354057648106, 0.24702202132809375, -0.1030535405764787, 0.22954252991243068","1.0342312932401347, 0.970583131812961, 0.9903711498938096, 0.9705831318129611, 1.0342312932401354","0.09261949135637947, 0.09892859349432327, 0.09268401688033943, 0.09892859349432305, 0.09261949135638008"
4.040816326530612,0.5714285714285714,"0.22803190849548577, -0.10177676437831651, 0.24748971176566342, -0.10177676437831448, 0.22803190849548186","1.0414861160066082, 0.9640483816759877, 0.9889310046348107, 0.9640483816759879, 1.041486116006609","0.09889090125751995, 0.09867011054341415, 0.09362939388701262, 0.09867011054341392, 0.09889090125752038"
4.040816326530612,0.6530612244897959,"0.22633801452637464, -0.10039235888058395, 0.24810868870842062, -0.1003923588805822, 0.22633801452637106","1.0493122299400208, 0.9568940139803637, 0.9875875121592319, 0.9568940139803634, 1.0493122299400215","0.10571960339438062, 0.09832806874597336, 0.09464276924910651, 0.0983280687459728, 0.10571960339438087"
4.040816326530612,0.7346938775510204,"0.22444934949832834, -0.09889338586137608, 0.24888807272609825, -0.09889338586137456, 0.2244493494983244","1.0577671134299584, 0.9490479754055361, 0.9863698223290105, 0.9490479754055368, 1.0577671134299589","0.11315921975220208, 0.0978879701625221, 0.09573406176181722, 0.09788797016252225, 0.11315921975220272"
4.040816326530612,0.8163265306122449,"0.22235445309479088, -0.09727269488998419, 0.24983648359038768, -0.09727269488998411, 0.22235445309479002","1.06691229917374, 0.9404310965702426, 0.9853132085120369, 0.9404310965702434, 1.0669122991737399","0.1212671862229245, 0.0973338814736059, 0.0969159211902543, 0.09733388147360587, 0.12126718622292396"
4.040816326530612,0.8979591836734694,"0.22004223848235938, -0.09552309304414267, 0.25096170912356885, -0.09552309304414289, 0.22004223848235765","1.0768129734987097, 0.9309570994296519, 0.984459854143279, 0.9309570994296503, 1.07681297349871","0.1301043449799938, 0.09664846664092357, 0.09820418094135183, 0.09664846664092316, 0.1301043449799943"
4.040816326530612,0.9795918367346939,"0.21750243206814135, -0.09363757618253873, 0.2522702882287957, -0.0936375761825387, 0.2175024320681405","1.0875372438618571, 0.9205329500791062, 0.983859612118074, 0.9205329500791065, 1.0875372438618582","0.13973422254690174, 0.095813103589788, 0.09961833954286381, 0.09581310358978808, 0.13973422254690224"
4.040816326530612,1.0612244897959184,"0.2147261330666799, -0.0916096329578018, 0.2537669997822448, -0.09160963295779928, 0.2147261330666762","1.0991549724980219, 0.9090596949054195, 0.9835706651931175, 0.9090596949054183, 1.099154972498022","0.1502218984147432, 0.09480811469551456, 0.10118204628405134, 0.09480811469551433, 0.1502218984147439"
4.040816326530612,1.1428571428571428,"0.21170650362656873, -0.08943363081224723, 0.25545425437135827, -0.08943363081224512, 0.2117065036265654","1.1117360628659851, 0.896433944147148, 0.9836599859737338, 0.8964339441471469, 1.1117360628659856","0.1616323591677202, 0.09361314496112158, 0.10292355181853417, 0.09361314496112161, 0.16163235916772128"
4.040816326530612,1.2244897959183674,"0.20843959112932464, -0.0871052886285324, 0.2573313949984169, -0.08710528862853209, 0.20843959112932287","1.1253480835972156, 0.8825501857849662, 0.9842034612356375, 0.8825501857849658, 1.125348083597215","0.17402823220787628, 0.09220772339471192, 0.10487606612216872, 0.09220772339471177, 0.17402823220787633"
4.040816326530612,1.3061224489795917,"0.20492526910365222, -0.08462223252148945, 0.25939392683567586, -0.08462223252148948, 0.2049252691036509","1.1400531294902554, 0.8673041150670044, 0.9852855108854799, 0.8673041150670049, 1.1400531294902558","0.18746680825096762, 0.09057204005889485, 0.10707794470708384, 0.09057204005889484, 0.18746680825096795"
4.040816326530612,1.3877551020408163,"0.20116826086527034, -0.08198461861672737, 0.2616327155029155, -0.08198461861672732, 0.20116826086526843","1.1559038600199019, 0.8505971381529374, 0.9869980036543197, 0.8505971381529362, 1.1559038600199014","0.20199630141583766, 0.08868796080330321, 0.10957260165309679, 0.08868796080330306, 0.20199630141583835"
4.040816326530612,1.469387755102041,"0.19717918043335425, -0.07919578930200072, 0.2640332177372926, -0.079195789302002, 0.1971791804333558","1.1729387327489555, 0.8323421370093484, 0.989438260483392, 0.8323421370093499, 1.1729387327489549","0.21765136901590268, 0.08654028081551157, 0.11240802918765361, 0.08654028081551174, 0.2176513690159019"
4.040816326530612,1.5510204081632653,"0.19297549049037616, -0.07626290828523041, 0.2665748355897076, -0.07626290828523083, 0.19297549049037743","1.1911765695423648, 0.812470451839791, 0.9927059572356878, 0.8124704518397909, 1.1911765695423642","0.23444802684445715, 0.08411818448127897, 0.11563579516926041, 0.0841181844812788, 0.2344480268444564"
4.040816326530612,1.6326530612244898,"0.18858224227852774, -0.07319749765873704, 0.2692305107604182, -0.07319749765873773, 0.18858224227852852","1.2106107580502425, 0.790939838161614, 0.9968988075762873, 0.790939838161615, 1.2106107580502405","0.2523782497580774, 0.08141683234926288, 0.11930940125256863, 0.08141683234926297, 0.25237824975807605"
4.040816326530612,1.7142857142857142,"0.1840324362907258, -0.0700157822241001, 0.27196669186675015, -0.07001578222409946, 0.18403243629072386","1.2312035865618314, 0.7677428941014325, 1.0021070386734723, 0.7677428941014321, 1.2312035865618343","0.27140472898002055, 0.07843893991465994, 0.12348192603325825, 0.0784389399146599, 0.2714047289800224"
4.040816326530612,1.7959183673469388,"0.17936683758463934, -0.06673873987443724, 0.2747438045795955, -0.0667387398744374, 0.1793668375846402","1.2528814047702386, 0.7429151599976291, 1.0084068704642661, 0.742915159997629, 1.2528814047702386","0.2914564361043148, 0.0751961568168526, 0.12820295708593088, 0.07519615681685239, 0.29145643610431454"
4.040816326530612,1.8775510204081634,"0.17463310831934375, -0.06339176979532155, 0.2775173229519565, -0.06339176979532199, 0.17463310831934303","1.2755314430963736, 0.7165418281604101, 1.0158534574864317, 0.7165418281604101, 1.2755314430963747","0.3124257694753574, 0.07171001435823107, 0.1335149342101481, 0.07171001435823086, 0.3124257694753581"
4.040816326530612,1.9591836734693877,"0.16988419112965109, -0.060003928221714464, 0.2802394741841244, -0.060003928221715075, 0.16988419112965408","1.299001142483787, 0.6887618537168791, 1.0244740075986687, 0.6887618537168803, 1.2990011424837853","0.33416806980303493, 0.06801220331579903, 0.13944917128035425, 0.06801220331579957, 0.33416806980303276"
4.040816326530612,2.0408163265306123,"0.16517598801777655, -0.05660674386384221, 0.28286151169213114, -0.05660674386384257, 0.16517598801777714","1.3231006847577367, 0.6597683225675308, 1.0342619853494674, 0.6597683225675306, 1.3231006847577367","0.35650413363405525, 0.06414399011889362, 0.14602196778117482, 0.06414399011889355, 0.35650413363405514"
4.040816326530612,2.122448979591837,"0.1605645129840524, -0.05323270208292186, 0.2853363781977385, -0.05323270208292219, 0.16056451298405316","1.3476090459817014, 0.6298042742263247, 1.0451733595839496, 0.6298042742263253, 1.347609045981701","0.37922600458707245, 0.0601546842317061, 0.15323132216138247, 0.06015468423170617, 0.3792260045870715"
4.040816326530612,2.204081632653061,"0.15610282037809392, -0.04991355973197009, 0.28762147870775345, -0.049913559731969814, 0.15610282037809287","1.3722833598716293, 0.5991537883260268, 1.0571257036046882, 0.5991537883260257, 1.3722833598716317","0.4021058208976035, 0.0560992210783504, 0.1610547742103006, 0.05609922107835024, 0.4021058208976053"
4.040816326530612,2.2857142857142856,"0.15183808658133746, -0.04667869873476585, 0.28968122430685656, -0.04667869873476571, 0.15183808658133752","1.3968707845253145, 0.5681289194729566, 1.070000592003458, 0.5681289194729565, 1.3968707845253134","0.42490694728074824, 0.052035090600875925, 0.169448804733377, 0.05203509060087603, 0.4249069472807478"
4.040816326530612,2.36734693877551,"0.14780922049295958, -0.043553728473496575, 0.2914890159610747, -0.043553728473496464, 0.14780922049295864","1.4211215694830894, 0.5370538189643014, 1.0836492231052182, 0.5370538189643007, 1.4211215694830908","0.4473961648176411, 0.048018976278716784, 0.17835001178977236, 0.04801897627871667, 0.44739616481764244"
4.040816326530612,2.4489795918367347,"0.14404529176892256, -0.04055950100080108, 0.29302841846375627, -0.040559501000801454, 0.1440452917689234","1.4448017697281963, 0.5062479033051304, 1.097900653933347, 0.5062479033051306, 1.4448017697281954","0.46935547077535383, 0.04410353145780689, 0.1876780054253852, 0.044103531457806947, 0.46935547077535306"
4.040816326530612,2.5306122448979593,"0.1405649167263583, -0.03771162176932823, 0.2942934100859409, -0.03771162176932796, 0.14056491672635713","1.4677041281255703, 0.47601006658561373, 1.112571610577631, 0.47601006658561273, 1.4677041281255736","0.4905921217396355, 0.04033468868911773, 0.197339685975992, 0.04033468868911764, 0.49059212173963834"
4.040816326530612,2.6122448979591835,"0.13737657291730426, -0.03502044658962797, 0.2952877473446475, -0.03502044658962836, 0.1373765729173051","1.489656023500991, 0.44660565605937824, 1.1274766408792636, 0.44660565605937846, 1.489656023500991","0.51094591197764, 0.036749783621915194, 0.20723436587356303, 0.03674978362191513, 0.5109459119776395"
4.040816326530612,2.693877551020408,"0.13447967067482247, -0.03249147889109118, 0.2960236164325387, -0.03249147889109136, 0.13447967067482142","1.510523940784452, 0.4182573379659399, 1.1424374424992163, 0.41825733796593895, 1.510523940784453","0.5302932031509191, 0.033376614069244706, 0.21725910867612233, 0.03337661406924457, 0.5302932031509207"
4.040816326530612,2.7755102040816326,"0.13186612533361758, -0.030126037280308535, 0.2965198238933805, -0.030126037280308576, 0.13186612533361913","1.530214503096762, 0.39114025708003974, 1.1572904796463992, 0.39114025708003985, 1.5302145030967584","0.5485477628226574, 0.030233393666018654, 0.2273136997752302, 0.030233393666018727, 0.5485477628226543"
4.040816326530612,2.857142857142857,"0.1295221559703279, -0.027922055512253657, 0.2967997990838501, -0.02792205551225388, 0.12952215597032918","1.5486725738675169, 0.36538122891639424, 1.1718923944321782, 0.36538122891639435, 1.5486725738675142","0.5656588992924377, 0.0273294367312578, 0.23730480218499841, 0.027329436731257786, 0.5656588992924355"
4.040816326530612,2.938775510204082,"0.12743007304158188, -0.025874897352248086, 0.2968896486213344, -0.02587489735224731, 0.1274300730415796","1.5658772125480716, 0.34106123082326845, 1.1861231132573196, 0.34106123082326667, 1.5658772125480755","0.5816076293584288, 0.02466634585041558, 0.24714903870834187, 0.02466634585041547, 0.5816076293584328"
4.040816326530612,3.020408163265306,"0.12556988466215208, -0.023978103914650425, 0.29681643850499595, -0.023978103914650842, 0.12556988466215369","1.5818363431769487, 0.31822022583603027, 1.1998868619740464, 0.31822022583603127, 1.5818363431769458","0.5964016792746303, 0.022239465073835386, 0.25677492877369196, 0.022239465073835413, 0.5964016792746273"
4.040816326530612,3.1020408163265305,"0.12392062556229883, -0.022224028099799537, 0.29660680507500337, -0.02222402809979919, 0.1239206255622966","1.5965809152022623, 0.296863336209151, 1.2131114971771704, 0.29686333620915006, 1.5965809152022667","0.6100700399843019, 0.02003939429480465, 0.26612375852952586, 0.020039394294804478, 0.6100700399843059"
4.040816326530612,3.183673469387755,"0.12246137689322428, -0.020604341259625167, 0.2962859287327996, -0.020604341259625805, 0.1224613768932275","1.6101591661519588, 0.27696751557155885, 1.2257466365529694, 0.2769675155715604, 1.6101591661519552","0.6226576371284055, 0.018053414348150727, 0.2751495599122196, 0.018053414348151, 0.6226576371284012"
4.040816326530612,3.2653061224489797,"0.12117199081747693, -0.019110417802842887, 0.2958768539707355, -0.01911041780284238, 0.12117199081747282","1.6226313974630542, 0.2584880747531701, 1.2377610555675462, 0.2584880747531684, 1.6226313974630613","0.6342204912767121, 0.01626673015415936, 0.28381841871915614, 0.016266730154159265, 0.6342204912767195"
4.040816326530612,3.3469387755102042,"0.12003356037557245, -0.01773361448770687, 0.29540010822426765, -0.017733614487707015, 0.1200335603755735","1.6340654916184811, 0.24136463522910998, 1.2491397463048177, 0.24136463522911034, 1.634065491618478","0.6448215742131642, 0.01466348932697149, 0.2921073339880553, 0.014663489326971577, 0.6448215742131618"
4.040816326530612,3.4285714285714284,"0.11902868593288796, -0.01646546496308947, 0.29487355806040183, -0.01646546496308955, 0.11902868593288923","1.6445332536125679, 0.22552627684293866, 1.2598809390889887, 0.22552627684293983, 1.6445332536125656","0.6545274335643478, 0.013227570839786169, 0.3000028257922485, 0.013227570839786268, 0.6545274335643453"
4.040816326530612,3.510204081632653,"0.11814158957245968, -0.01529780944128438, 0.294312439737649, -0.015297809441284317, 0.11814158957246024","1.6541075589435594, 0.21089579514297757, 1.269993291826928, 0.2108957951429778, 1.6541075589435594","0.6634055658865037, 0.011943162051559257, 0.30749944961271486, 0.011943162051559304, 0.6634055658865032"
4.040816326530612,3.5918367346938775,"0.11735812279423141, -0.014222876505211493, 0.2937295074219637, -0.014222876505211243, 0.11735812279422758","1.6628602297099326, 0.1973930856833788, 1.2794933692133714, 0.19739308568337716, 1.6628602297099397","0.6715224633715808, 0.010795154770561807, 0.31459833318335223, 0.010795154770561593, 0.6715224633715879"
4.040816326530612,3.673469387755102,"0.11666570435300833, -0.013233330516306291, 0.2931352523265945, -0.013233330516306298, 0.11666570435301005","1.6708605311594438, 0.18493773404537153, 1.2884034695903734, 0.18493773404537212, 1.6708605311594409","0.6789422332530163, 0.009769395152485866, 0.3213058127667795, 0.009769395152485942, 0.6789422332530132"
4.040816326530612,3.7551020408163267,"0.11605321628749121, -0.012322294760144493, 0.2925381569453055, -0.012322294760144965, 0.11605321628749277","1.6781741735698965, 0.17345092060559575, 1.2967498116490193, 0.17345092060559603, 1.6781741735698934","0.6857256827993593, 0.00885282110816979, 0.32763221356162125, 0.008852821108169802, 0.6857256827993565"
4.040816326530612,3.836734693877551,"0.1155108783766472, -0.011483357712465926, 0.2919449586716328, -0.011483357712466426, 0.1155108783766528","1.684862710253351, 0.1628567578434721, 1.3045610638063643, 0.16285675784347375, 1.6848627102533404","0.6919297687340877, 0.008033516938604936, 0.33359079437108907, 0.008033516938605045, 0.691929768734077"
4.040816326530612,3.9183673469387754,"0.11503011489182657, -0.010710567700106269, 0.2913609056165548, -0.010710567700106657, 0.11503011489183146","1.6909832354198342, 0.15308317337020141, 1.3118671824199368, 0.15308317337020277, 1.6909832354198242","0.6976073221786258, 0.007300709816846179, 0.3391968593411304, 0.007300709816846289, 0.6976073221786161"
4.040816326530612,4.0,"0.11460342264039786, -0.009998419696141653, 0.29078999411148804, -0.0099984196961416, 0.11460342264039702","1.6965883012834602, 0.1440624399935141, 1.3186985174460495, 0.14406243999351406, 1.6965883012834613","0.7028069748301193, 0.006644727554701996, 0.3444670283592906, 0.006644727554701994, 0.7028069748301207"
4.163265306122449,0.0,"0.2362277557687792, -0.11039975765060406, 0.2483440037636451, -0.11039975765060378, 0.23622775576878383","1.0000000000000002, 1.0, 1.0000000000000002, 1.0000000000000013, 1.0000000000000009","0.06176421347472877, 0.09611559092339612, 0.0852205460156278, 0.09611559092339633, 0.06176421347472834"
4.163265306122449,0.08163265306122448,"0.23562436883052032, -0.1096736131374072, 0.24809848861377165, -0.10967361313740692, 0.23562436883052215","1.0045224616202295, 0.9962449419536865, 0.9984651928521685, 0.9962449419536864, 1.0045224616202293","0.06539903062736856, 0.09616988989027972, 0.0858845593774142, 0.09616988989027979, 0.06539903062736827"
4.163265306122449,0.16326530612244897,"0.23490386236995897, -0.10887734504751279, 0.24794696535510452, -0.10887734504751184, 0.23490386236996105","1.00933765746343, 0.9921935846569445, 0.9969375157592519, 0.9921935846569448, 1.00933765746343","0.0693310047265139, 0.0962043619013119, 0.08659120015269597, 0.09620436190131203, 0.06933100472651353"
4.163265306122449,0.24489795918367346,"0.23405802623113794, -0.10800683116493165, 0.2478976098675837, -0.10800683116493229, 0.23405802623114236","1.0144776615992066, 0.9878111787910929, 0.9954223192194025, 0.9878111787910926, 1.0144776615992068","0.07358953920464567, 0.09621239945225546, 0.08734080991899079, 0.09621239945225529, 0.07358953920464516"
4.163265306122449,0.32653061224489793,"0.23307801101861486, -0.10705746006841188, 0.24795889809959654, -0.10705746006841033, 0.23307801101861078","1.0199776849758773, 0.9830587597833353, 0.993927110481574, 0.9830587597833351, 1.0199776849758766","0.07820711885159282, 0.09618655239881224, 0.08813458328486466, 0.096186552398812, 0.07820711885159294"
4.163265306122449,0.40816326530612246,"0.23195433468811344, -0.10602412268493244, 0.24813957599364048, -0.10602412268493128, 0.23195433468811005","1.0258763707309115, 0.9778926617390917, 0.9924619350599955, 0.9778926617390914, 1.025876370730912","0.0832195708249396, 0.09611842279834587, 0.08897472421125399, 0.09611842279834552, 0.08321957082493989"
4.163265306122449,0.4897959183673469,"0.2306769090431819, -0.10490121207524511, 0.24844860606412822, -0.10490121207524347, 0.23067690904317817","1.0322160770060171, 0.9722640108288046, 0.9910398243303542, 0.9722640108288041, 1.0322160770060165","0.08866631358720226, 0.09599855776027252, 0.08986463905404435, 0.0959985577602723, 0.08866631358720248"
4.163265306122449,0.5714285714285714,"0.22923509374422946, -0.10368263581799902, 0.24889508414754094, -0.10368263581799728, 0.22923509374422557","1.039043129397923, 0.9661182138033501, 0.9896773135974539, 0.9661182138033493, 1.0390431293979216","0.09459057638912922, 0.09581634433717671, 0.09080917084810704, 0.09581634433717647, 0.0945905763891293"
4.163265306122449,0.6530612244897959,"0.22761778731371934, -0.1023618465615832, 0.24948811849572955, -0.10236184656158126, 0.22761778731371554","1.046408017688797, 0.9593944660669653, 0.9883950324884766, 0.959394466066965, 1.0464080176887973","0.1010395648823718, 0.09555991252693637, 0.09181487901264339, 0.095559912526936, 0.10103956488237222"
4.163265306122449,0.7346938775510204,"0.2258135666975692, -0.10093189770621502, 0.2502366620172963, -0.10093189770621558, 0.22581356669756503","1.05436550193741, 0.9520253154814906, 0.9872183651621994, 0.9520253154814899, 1.0543655019374094","0.10806453947791857, 0.09521605511518305, 0.09289036761320699, 0.09521605511518261, 0.10806453947791911"
4.163265306122449,0.8163265306122449,"0.2238108890735257, -0.09938553270117342, 0.2511492872552936, -0.09938553270117342, 0.22381088907352797","1.0629745811573712, 0.9439363333843638, 0.9861781709165316, 0.9439363333843651, 1.0629745811573725","0.11572076198527316, 0.09477017645024499, 0.09404666320511365, 0.09477017645024513, 0.11572076198527298"
4.163265306122449,0.8979591836734694,"0.221598371509738, -0.09771531795820435, 0.25223389289693293, -0.09771531795820218, 0.2215983715097356","1.0722982636764486, 0.935045963589475, 0.9853115454681541, 0.9350459635894746, 1.0722982636764482","0.12406725291078588, 0.09420628633319192, 0.09529763963009692, 0.0942062863331922, 0.12406725291078607"
4.163265306122449,0.9795918367346939,"0.2191651653136818, -0.09591383064651693, 0.2534973306656727, -0.09591383064651618, 0.2191651653136788","1.0824030623190806, 0.9252656434128037, 0.9846625885362335, 0.9252656434128035, 1.082403062319082","0.13316628702571787, 0.09350705992751332, 0.09666048135433383, 0.09350705992751317, 0.13316628702571867"
4.163265306122449,1.0612244897959184,"0.21650144177093977, -0.09397391324829157, 0.2549449429547034, -0.0939739132482929, 0.21650144177094105","1.093358120996617, 0.9145003172363303, 0.9842831235341054, 0.9145003172363301, 1.0933581209966148","0.14308253961565928, 0.09265398963992101, 0.09815616835642932, 0.09265398963992087, 0.14308253961565856"
4.163265306122449,1.1428571428571428,"0.2135990034560817, -0.09188900612299641, 0.25658000533383235, -0.09188900612299725, 0.21359900345607957","1.1052338645097561, 0.9026494906484595, 0.9842332896835685, 0.9026494906484588, 1.105233864509756","0.15388178247375905, 0.09162765965816697, 0.09980995355568356, 0.09162765965816644, 0.15388178247375955"
4.163265306122449,1.2244897959183674,"0.21045202910577016, -0.08965356664791402, 0.25840307508428967, -0.08965356664791455, 0.21045202910576868","1.1181000543966189, 0.8896089975458603, 0.9845818961150429, 0.8896089975458605, 1.11810005439662","0.1656290210222545, 0.09040817714277005, 0.10165178789207244, 0.09040817714276976, 0.16562902102225513"
4.163265306122449,1.3061224489795917,"0.2070579486712751, -0.08726357778832106, 0.2604112582340903, -0.0872635777883218, 0.20705794867127772","1.1320231366045208, 0.8752736666410201, 0.9854063935089183, 0.8752736666410215, 1.1320231366045208","0.17838596768569176, 0.0889757942437166, 0.10371662856765677, 0.08897579424371693, 0.17838596768569104"
4.163265306122449,1.3877551020408163,"0.20341842717333325, -0.08471713918648272, 0.2625974240263005, -0.0847171391864828, 0.20341842717333178","1.1470627899356742, 0.8595410670069827, 0.986792286114687, 0.8595410670069816, 1.1470627899356747","0.19220776955989133, 0.08731174978811956, 0.10604454383594297, 0.08731174978811923, 0.19220776955989205"
4.163265306122449,1.469387755102041,"0.19954041052634353, -0.08201511929853039, 0.26494941754437207, -0.08201511929853092, 0.19954041052634588","1.1632676375507431, 0.8423164706499301, 0.9888317835986549, 0.8423164706499304, 1.1632676375507427","0.20713895972475052, 0.08539934580709915, 0.10868050598493925, 0.08539934580709958, 0.20713895972475008"
4.163265306122449,1.5510204081632653,"0.19543715418378366, -0.07916182778964725, 0.267449347211728, -0.07916182778964764, 0.19543715418378318","1.180670177010723, 0.8235190778859627, 0.9916214902066278, 0.8235190778859633, 1.1806701770107235","0.22320869009707303, 0.08322524922006543, 0.11167374803785149, 0.0832252492200657, 0.22320869009707325"
4.163265306122449,1.6326530612244898,"0.19112911940972388, -0.07616564483003069, 0.27007305084061234, -0.07616564483003113, 0.1911291194097254","1.1992811231917164, 0.8030893949511304, 0.9952589637143073, 0.8030893949511301, 1.1992811231917162","0.24042543456359275, 0.08078097123583819, 0.11507655706212407, 0.08078097123583801, 0.24042543456359217"
4.163265306122449,1.7142857142857142,"0.18664458886307786, -0.07303952179058462, 0.2727898658550135, -0.07303952179058565, 0.18664458886307933","1.2190835391957233, 0.780997428401476, 0.9998380648056027, 0.7809974284014776, 1.2190835391957238","0.2587715202757359, 0.07806442731730694, 0.11894239777390193, 0.07806442731730696, 0.2587715202757352"
4.163265306122449,1.7959183673469388,"0.1820198334877741, -0.06980125227105477, 0.27556283756656025, -0.06980125227105483, 0.18201983348777517","1.2400273332650076, 0.7572510816791341, 1.005443170111717, 0.7572510816791346, 1.2400273332650071","0.27819803329212794, 0.07508142441873064, 0.12332331430950391, 0.0750814244187307, 0.2781980332921273"
4.163265306122449,1.8775510204081634,"0.17729866948508483, -0.06647341141116295, 0.27834948385215696, -0.06647341141116206, 0.17729866948508288","1.2620248838389085, 0.7319038476918585, 1.0121425369384658, 0.7319038476918573, 1.262024883838908","0.2986208135652679, 0.07184687112133109, 0.1282666516366044, 0.07184687112133117, 0.2986208135652686"
4.163265306122449,1.9591836734693877,"0.17253128939303303, -0.06308288282075139, 0.28110318685543445, -0.0630828828207515, 0.1725312893930354","1.284948659673995, 0.705060660355818, 1.0199813599403766, 0.7050606603558189, 1.2849486596739936","0.3199183468739919, 0.06838547727257668, 0.13381126777439944, 0.06838547727257709, 0.3199183468739904"
4.163265306122449,2.0408163265306123,"0.16777234012209924, -0.059659940251874405, 0.28377520025954894, -0.059659940251873905, 0.1677723401221002","1.308631659168408, 0.6768806920859833, 1.0289752974912203, 0.6768806920859827, 1.308631659168406","0.341932314575143, 0.06473172176910116, 0.13998355606407176, 0.06473172176910111, 0.34193231457514156"
4.163265306122449,2.122448979591837,"0.1630783451997725, -0.05623692167400718, 0.28631715294846755, -0.05623692167400696, 0.16307834519977393","1.332871251334651, 0.6475760515223545, 1.0391053942859894, 0.6475760515223556, 1.3328712513346501","0.3644713294523198, 0.06092893415534156, 0.14679372966557813, 0.06092893415534163, 0.3644713294523186"
4.163265306122449,2.204081632653061,"0.15850470424008523, -0.05284661318545936, 0.2886838178907496, -0.052846613185458136, 0.15850470424008312","1.3574365566362865, 0.617405787734277, 1.0503153112588732, 0.6174057877342759, 1.3574365566362898","0.3873179661715616, 0.057027457927446255, 0.15423289467631054, 0.057027457927446026, 0.3873179661715641"
4.163265306122449,2.2857142857142856,"0.15410261309158058, -0.049520527777375756, 0.290835829371591, -0.04952052777737566, 0.15410261309157963","1.3820789259086377, 0.5866652996810314, 1.0625115488206611, 0.5866652996810309, 1.3820789259086395","0.41023865232850715, 0.053082021160833534, 0.16227141402664727, 0.053082021160833305, 0.4102386523285087"
4.163265306122449,2.36734693877551,"0.14991629584251975, -0.04628729696436698, 0.2927420022436951, -0.046287296964366245, 0.14991629584251853","1.406544493598088, 0.555672041571244, 1.0755669296613362, 0.5556720415712437, 1.406544493598092","0.4329954468481304, 0.0491485953003433, 0.17085892385516727, 0.04914859530034324, 0.43299544684813274"
4.163265306122449,2.4489795918367347,"0.14598090268715347, -0.04317137793348785, 0.29438095049266777, -0.043171377933488644, 0.14598090268715547","1.430587360237773, 0.5247491004717599, 1.089327078580936, 0.5247491004717612, 1.4305873602377697","0.45535834792443486, 0.04528113065981772, 0.1799261253175088, 0.04528113065981783, 0.45535834792443186"
4.163265306122449,2.5306122448979593,"0.14232131049841495, -0.040192217270809155, 0.2957418135447867, -0.040192217270810016, 0.1423213104984175","1.453981828282254, 0.49420860489945945, 1.1036191336365748, 0.49420860489946095, 1.4539818282822505","0.4771166617270447, 0.04152858299154087, 0.18938819128379505, 0.041528582991541094, 0.4771166617270412"
4.163265306122449,2.6122448979591835,"0.1389518981363554, -0.03736392280339222, 0.29682404933407414, -0.03736392280339171, 0.1389518981363545","1.476532316646701, 0.46433689315052296, 1.1182615804055516, 0.46433689315052257, 1.4765323166467033","0.498088161259935, 0.03793258078717242, 0.19914937151245624, 0.03793258078717244, 0.4980881612599367"
4.163265306122449,2.693877551020408,"0.1358772031231289, -0.03469540455447402, 0.29763640286269094, -0.03469540455447377, 0.13587720312312818","1.4980800472409672, 0.4353829514542883, 1.1330740026094892, 0.43538295145428785, 1.4980800472409683","0.5181252081821441, 0.03452594893835384, 0.20910821612350577, 0.03452594893835385, 0.5181252081821451"
4.163265306122449,2.7755102040816326,"0.13309324310607512, -0.03219087846345603, 0.29819527071476093, -0.032190878463456, 0.13309324310607584","1.5185061888163327, 0.4075509660488859, 1.1478856902695644, 0.40755096604888613, 1.5185061888163296","0.5371175645106291, 0.03133214245522331, 0.2191627987273851, 0.03133214245522323, 0.5371175645106266"
4.163265306122449,2.857142857142857,"0.13058922775110787, -0.029850595069580405, 0.29852273463694623, -0.029850595069580058, 0.13058922775110615","1.5377316995676518, 0.380997115103564, 1.1625423706575668, 0.38099711510356304, 1.5377316995676524","0.5549921369986076, 0.028365498297234067, 0.22921540069268007, 0.02836549829723399, 0.5549921369986094"
4.163265306122449,2.938775510204082,"0.1283493936014527, -0.027671658730957047, 0.298644530259011, -0.02767165873095684, 0.12834939360145003","1.55571451066326, 0.35583012901247046, 1.1769107206485354, 0.35583012901246913, 1.5557145106632644","0.5717102648679185, 0.025632114997555702, 0.23917627860841087, 0.0256321149975555, 0.5717102648679231"
4.163265306122449,3.020408163265306,"0.12635474739656205, -0.025648830282813187, 0.2985881657725049, -0.025648830282812785, 0.12635474739655966","1.5724448888721776, 0.3321147706810723, 1.1908806808934995, 0.33211477068107154, 1.5724448888721843","0.5872633376429356, 0.023131129163526935, 0.24896632707441918, 0.02313112916352685, 0.5872633376429407"
4.163265306122449,3.1020408163265305,"0.12458457711475002, -0.023775243317634698, 0.298381332405771, -0.02377524331763435, 0.12458457711474835","1.5879398243536151, 0.3098772470819777, 1.204365857128812, 0.30987724708197684, 1.5879398243536185","0.6016675314113313, 0.020856167507278228, 0.2585186233352743, 0.02085616750727817, 0.6016675314113344"
4.163265306122449,3.183673469387755,"0.12301766257414787, -0.022042999886363518, 0.298050674624433, -0.022042999886363164, 0.1230176625741457","1.6022371661627566, 0.2891116139164103, 1.217302439841663, 0.28911161391640927, 1.6022371661627604","0.6149583327866259, 0.018796795161727352, 0.26777897056463396, 0.018796795161727272, 0.6149583327866299"
4.163265306122449,3.2653061224489797,"0.12163317517206262, -0.020443638734630315, 0.2976209271251332, -0.02044363873463053, 0.12163317517206484","1.6153900399817978, 0.26978640369608153, 1.229647112644245, 0.26978640369608237, 1.6153900399817942","0.6271853426923385, 0.016939836560934826, 0.27670563320363795, 0.01693983656093494, 0.6271853426923348"
4.163265306122449,3.3469387755102042,"0.1204112943596285, -0.018968486342493394, 0.29711438396572754, -0.018968486342493783, 0.12041129435963122","1.6274618856934133, 0.25185092305238294, 1.2413743825084114, 0.2518509230523844, 1.6274618856934087","0.6384076683612037, 0.015270499221111587, 0.28526848546766786, 0.015270499221111653, 0.6384076683611988"
4.163265306122449,3.4285714285714284,"0.11933358808973427, -0.017608909314934987, 0.29655064245039897, -0.017608909314935244, 0.11933358808973715","1.6385222820845908, 0.23524087520761702, 1.2524736854155905, 0.23524087520761833, 1.6385222820845853","0.6486900540449586, 0.013773274704684894, 0.29344778549722306, 0.013773274704684972, 0.6486900540449531"
4.163265306122449,3.510204081632653,"0.11838321021223208, -0.016356488685236557, 0.2959465569460066, -0.016356488685236863, 0.1183832102122348","1.6486435978924627, 0.21988313850879698, 1.262946527197485, 0.2198831385087977, 1.6486435978924567","0.6580997829012444, 0.012432621842067799, 0.3012327570008267, 0.012432621842067835, 0.6580997829012389"
4.163265306122449,3.5918367346938775,"0.11754496472625697, -0.015203135086204585, 0.2953163407198999, -0.015203135086204404, 0.11754496472625264","1.657898423983954, 0.20569966085041452, 1.2728038303312568, 0.2056996608504133, 1.6578984239839645","0.6667043052406793, 0.011233455645432303, 0.30862012004951156, 0.011233455645432192, 0.6667043052406886"
4.163265306122449,3.673469387755102,"0.11680527926167661, -0.014141160550488259, 0.2946717625776213, -0.014141160550488432, 0.11680527926167922","1.6663576941292517, 0.1926105142415202, 1.2820635832584621, 0.1926105142415209, 1.6663576941292475","0.6745695054055096, 0.010161473861775485, 0.31561267183676966, 0.01016147386177551, 0.6745695054055051"
4.163265306122449,3.7551020408163267,"0.11615212119443191, -0.01316331921011031, 0.29402239603135416, -0.013163319210110547, 0.11615212119443469","1.6740893820798006, 0.1805362015328194, 1.290748832774764, 0.18053620153282066, 1.674089382079797","0.6817585020498109, 0.009203354827325334, 0.32221798201567875, 0.009203354827325481, 0.6817585020498066"
4.163265306122449,3.836734693877551,"0.11557488121817927, -0.012262826042091765, 0.29337588964781963, -0.012262826042092188, 0.11557488121818527","1.681157661188135, 0.16939932811829464, 1.2988860213871516, 0.16939932811829655, 1.6811576611881234","0.6883308758225016, 0.008346857914903427, 0.3284472380653075, 0.008346857914903581, 0.6883308758224902"
4.163265306122449,3.9183673469387754,"0.11506424187561459, -0.011433360296547589, 0.2927382368418643, -0.011433360296547804, 0.11506424187561637","1.6876224219919431, 0.15912575430465897, 1.3065036474067986, 0.15912575430465933, 1.6876224219919391","0.6943422273664424, 0.0075808534694580786, 0.33431425444714635, 0.007580853469458108, 0.6943422273664387"
4.163265306122449,4.0,"0.11461204276473114, -0.010669058354734216, 0.29211403118000756, -0.010669058354734154, 0.11461204276472942","1.6935390575038851, 0.14964533626332688, 1.313631212465573, 0.14964533626332657, 1.6935390575038864","0.6998439820559199, 0.006895304086527642, 0.33983464437815775, 0.006895304086527601, 0.6998439820559221"
4.285714285714286,0.0,"0.23705094235340451, -0.11192316619491058, 0.24974444768300863, -0.11192316619491133, 0.23705094235340862","1.0, 1.0000000000000002, 0.9999999999999998, 1.0000000000000004, 1.0","0.059455058323174236, 0.09297915037442234, 0.08241082238567843, 0.0929791503744224, 0.05945505832317392"
4.285714285714286,0.08163265306122448,"0.2364742536703487, -0.11122441356698609, 0.2495003197932713, -0.11122441356698556, 0.2364742536703519","1.0042585185797461, 0.9964503725117166, 0.9985822178170755, 0.9964503725117162, 1.0042585185797464","0.062901014398483, 0.09307042685325635, 0.08309514906508993, 0.09307042685325637, 0.0629010143984827"
4.285714285714286,0.16326530612244897,"0.23578612577017458, -0.1104599660893017, 0.24934768063824939, -0.11045996608929995, 0.2357861257701776","1.0087926626892136, 0.9926233874223641, 0.997167899776845, 0.9926233874223631, 1.008792662689213","0.06662606028800074, 0.09314486502195594, 0.0838188797020923, 0.09314486502195587, 0.06662606028800033"
4.285714285714286,0.24489795918367346,"0.23497868760408225, -0.1096258417123753, 0.2492943082165816, -0.10962584171237497, 0.23497868760408674","1.0136323592305898, 0.9884868665701136, 0.9957615483985955, 0.9884868665701141, 1.01363235923059","0.0706577530544081, 0.09319656209960837, 0.08458227648136588, 0.09319656209960873, 0.07065775305440772"
4.285714285714286,0.32653061224489793,"0.2340434392504665, -0.10871758399460943, 0.24934828948828322, -0.10871758399460876, 0.23404343925046814","1.0188105186605108, 0.9840047133351204, 0.9943695360087383, 0.9840047133351202, 1.0188105186605103","0.07502657583733087, 0.09321884963674323, 0.08538633434964095, 0.09321884963674323, 0.07502657583733056"
4.285714285714286,0.40816326530612246,"0.23297124839239586, -0.10773024672617065, 0.24951799666755198, -0.10773024672616913, 0.23297124839239183","1.0243633316101413, 0.979136447483344, 0.9930004418130299, 0.9791364474833435, 1.0243633316101408","0.07976620376108669, 0.09320419501188662, 0.08623291857786923, 0.09320419501188629, 0.07976620376108691"
4.285714285714286,0.4897959183673469,"0.23175236295707508, -0.10665838452654791, 0.24981204313894817, -0.10665838452654697, 0.2317523629570718","1.030330562481808, 0.9738367128226272, 0.9916654493911304, 0.9738367128226275, 1.0303305624818082","0.08491376672205869, 0.09314409919141056, 0.08712493527944644, 0.09314409919141033, 0.08491376672205901"
4.285714285714286,0.5714285714285714,"0.2303764464962756, -0.1054960530840438, 0.25023921317553804, -0.10549605308404211, 0.23037644649627181","1.036755825996981, 0.9680547690371962, 0.9903788099316454, 0.9680547690371966, 1.0367558259969814","0.0905100953494357, 0.09302899370765987, 0.08806653943865547, 0.0930289937076598, 0.09051009534943613"
4.285714285714286,0.6530612244897959,"0.22883264461983174, -0.10423682380194668, 0.25080835836423176, -0.10423682380194499, 0.2288326446198283","1.0436868263282253, 0.9617339862153271, 0.9891583749128969, 0.9617339862153265, 1.0436868263282255","0.09659993044816514, 0.09284814145956363, 0.0890633849732291, 0.09284814145956355, 0.09659993044816556"
4.285714285714286,0.7346938775510204,"0.22710969277493748, -0.10287381892723116, 0.2515282523045895, -0.10287381892722966, 0.2271096927749338","1.0511755301965957, 0.9548113703457124, 0.9880261989153832, 0.9548113703457126, 1.0511755301965953","0.1032320684619013, 0.09258954813094454, 0.09012292080995064, 0.0925895481309442, 0.10323206846190142"
4.285714285714286,0.8163265306122449,"0.22519607780363238, -0.10139977473621195, 0.2524073938651573, -0.10139977473621314, 0.2251960778036356","1.0592782348578533, 0.9472171610307236, 0.9870092082228481, 0.9472171610307226, 1.0592782348578529","0.11045940567017005, 0.09223989385199141, 0.091254735598762, 0.09223989385199109, 0.11045940567016954"
4.285714285714286,0.8979591836734694,"0.22308026782158866, -0.09980714195597329, 0.2534537482687669, -0.0998071419559729, 0.2230802678215908","1.0680554790730719, 0.9388745593893102, 0.9861399230752368, 0.9388745593893114, 1.0680554790730716","0.1183388318246658, 0.09178449826423206, 0.09247095112913478, 0.09178449826423249, 0.11833883182466523"
4.285714285714286,0.9795918367346939,"0.22075102670530256, -0.09808823414213519, 0.2546744148736631, -0.09808823414213583, 0.22075102670530533","1.077571730096773, 0.9296996649039946, 0.9854572099984643, 0.929699664903995, 1.0775717300967729","0.12693090988845315, 0.09120733637788084, 0.09378666022602718, 0.09120733637788125, 0.12693090988845285"
4.285714285714286,1.0612244897959184,"0.2181978303046242, -0.09623543591610753, 0.2560752112229658, -0.09623543591610892, 0.2181978303046267","1.0878947631025162, 0.9196017245798349, 0.9850070246352985, 0.9196017245798356, 1.0878947631025166","0.136299263146315, 0.09049112737584533, 0.09522039826883812, 0.09049112737584518, 0.13629926314631458"
4.285714285714286,1.1428571428571428,"0.2154114005946232, -0.09424148331815052, 0.2576601654470525, -0.09424148331815158, 0.21541140059462655","1.0990946328902915, 0.9084838250200173, 0.9848430841793836, 0.908483825020019, 1.0990946328902913","0.14650957573860335, 0.08961752341883517, 0.09679462782010867, 0.08961752341883568, 0.1465095757386025"
4.285714285714286,1.2244897959183674,"0.21238437021764803, -0.09209982737395131, 0.2594309143126071, -0.09209982737395334, 0.21238437021764964","1.1112421241292099, 0.8962441850595857, 0.9850273816224102, 0.8962441850595856, 1.1112421241292103","0.15762810044702943, 0.08856742976536439, 0.09853620257152867, 0.08856742976536407, 0.1576281004470296"
4.285714285714286,1.3061224489795917,"0.20911208182949675, -0.08980508840034723, 0.26138601314170196, -0.0898050884003464, 0.20911208182949514","1.1244065605795788, 0.882778228223524, 0.9856304223937964, 0.8827782282235235, 1.1244065605795792","0.1697195628702559, 0.08732148984986085, 0.10047675963222635, 0.08732148984986109, 0.16971956287025636"
4.285714285714286,1.3877551020408163,"0.2055935128081275, -0.08735360153628935, 0.26352017745632006, -0.08735360153628877, 0.20559351280813018","1.1386528627253192, 0.8679816221183319, 0.986731030312697, 0.8679816221183316, 1.1386528627253185","0.1828443605673898, 0.08586076745162882, 0.10265296853230058, 0.08586076745162943, 0.1828443605673893"
4.285714285714286,1.469387755102041,"0.20183229489825233, -0.0847440424658463, 0.26582349513518844, -0.08474404246584574, 0.20183229489825144","1.1540377761988574, 0.8517544539840092, 0.9884155396342655, 0.851754453984009, 1.1540377761988592","0.1970549878827077, 0.0841676502176801, 0.10510654290251079, 0.08416765021768001, 0.19705498788270884"
4.285714285714286,1.5510204081632653,"0.19783776983483764, -0.0819781057155812, 0.2682806717614882, -0.08197810571557979, 0.1978377698348349","1.1706052606328905, 0.8340066530588657, 0.9907761726164881, 0.8340066530588647, 1.1706052606328912","0.21239168156508625, 0.08222698171257894, 0.10788390026699482, 0.08222698171257867, 0.21239168156508723"
4.285714285714286,1.6326530612244898,"0.19362598736004666, -0.07906118670059359, 0.27087039868109375, -0.07906118670059431, 0.19362598736004744","1.1883811391290326, 0.8146646555305391, 0.9939084106808564, 0.8146646555305395, 1.188381139129032","0.22887738715060385, 0.08002740034532113, 0.1110353429018425, 0.0800274003453208, 0.22887738715060327"
4.285714285714286,1.7142857142857142,"0.18922051575500584, -0.0760029950760393, 0.27356495864206903, -0.07600299507603928, 0.18922051575500368","1.2073672655729804, 0.7936791254996081, 0.9979072178548228, 0.7936791254996076, 1.2073672655729812","0.24651229396920427, 0.07756282204161871, 0.11461363699317681, 0.07756282204161835, 0.2465122939692051"
4.285714285714286,1.7959183673469388,"0.18465290531674056, -0.07281800555464885, 0.2763302004758167, -0.07281800555464887, 0.18465290531674045","1.2275356616245383, 0.7710332969618453, 1.0028620828272325, 0.7710332969618459, 1.2275356616245379","0.2652683686785811, 0.07483395178300586, 0.11867189865249755, 0.07483395178300586, 0.2652683686785808"
4.285714285714286,1.8775510204081634,"0.17996263402415436, -0.0695256402911803, 0.27912601253405106, -0.06952564029117966, 0.1799626340241548","1.2488232798166858, 0.7467512111317851, 1.0088510181030588, 0.7467512111317842, 1.2488232798166867","0.28508450706284033, 0.07184965461183107, 0.12326076283338562, 0.07184965461183118, 0.28508450706284105"
4.285714285714286,1.9591836734693877,"0.17519638534031148, -0.0661500827009483, 0.281907394721272, -0.06615008270094869, 0.17519638534031357","1.271128214342698, 0.7209048444669498, 1.0159338823807065, 0.7209048444669495, 1.2711282143426956","0.30586307476543884, 0.06862797284113939, 0.12842491821120142, 0.06862797284113946, 0.3058630747654371"
4.285714285714286,2.0408163265306123,"0.1704065709296917, -0.06271965333257545, 0.28462616480576747, -0.06271965333257523, 0.17040657092969175","1.294308240293871, 0.6936189388455712, 1.0241456417211166, 0.693618938845572, 1.2943082402938715","0.32746865748818105, 0.06519656095763257, 0.13419922966735848, 0.06519656095763281, 0.32746865748818105"
4.285714285714286,2.122448979591837,"0.16564911671917337, -0.05926573601930041, 0.287233238600255, -0.05926573601929977, 0.16564911671917198","1.3181824489534344, 0.6650723529430954, 1.0334903962069406, 0.6650723529430949, 1.3181824489534355","0.3497297286598502, 0.06159234070460406, 0.14060481669221545, 0.06159234070460391, 0.3497297286598514"
4.285714285714286,2.204081632653061,"0.1609806647535874, -0.05582131983841504, 0.2896813101696559, -0.05582131983841507, 0.16098066475358697","1.3425364235440203, 0.635495028711403, 1.0439370954891556, 0.6354950287114025, 1.3425364235440218","0.37244363395407465, 0.057860265559798285, 0.14764557265986727, 0.057860265559798105, 0.3724436339540753"
4.285714285714286,2.2857142857142856,"0.1564554752774946, -0.052419302258964656, 0.29192765396294085, -0.052419302258964656, 0.15645547527749398","1.3671308879288342, 0.6051602212942031, 1.0554177815539258, 0.6051602212942029, 1.367130887928837","0.3953848093458629, 0.054051219459181, 0.15530565253657871, 0.054051219459181, 0.39538480934586484"
4.285714285714286,2.36734693877551,"0.15212240414719136, -0.049090757958930545, 0.29393670762347807, -0.04909075795893039, 0.15212240414719153","1.391713155620946, 0.5743723923008248, 1.0678289041564593, 0.5743723923008244, 1.3917131556209457","0.41831558371117805, 0.05021923240394704, 0.16354839145909034, 0.05021923240394708, 0.41831558371117805"
4.285714285714286,2.4489795918367347,"0.14802234629903271, -0.04586339524025759, 0.2956820978824496, -0.04586339524025804, 0.14802234629903344","1.416030160911801, 0.5434519423443442, 1.0810357934877104, 0.5434519423443449, 1.4160301609117993","0.44099841193595773, 0.04641833402528347, 0.17231693798078648, 0.04641833402528341, 0.44099841193595624"
4.285714285714286,2.5306122448979593,"0.14418646401638763, -0.04276038888677612, 0.2971478497407777, -0.04276038888677579, 0.14418646401638696","1.4398415278620837, 0.5127185467118656, 1.0948798508521027, 0.512718546711865, 1.4398415278620855","0.4632080886368494, 0.04269944324287063, 0.18153662525222755, 0.04269944324287047, 0.46320808863685053"
4.285714285714286,2.6122448979591835,"0.14063537590547964, -0.03979970313079473, 0.29832865445063095, -0.03979970313079424, 0.14063537590547864","1.4629311288135867, 0.48247508652084237, 1.1091875693311417, 0.4824750865208418, 1.4629311288135898","0.4847424992800092, 0.0391076827103041, 0.19111882365935334, 0.03910768271030398, 0.48474249928001134"
4.285714285714286,2.693877551020408,"0.13737930965695122, -0.036993924071320086, 0.2992292288287379, -0.03699392407132039, 0.13737930965695133","1.485115902173573, 0.4529939771733096, 1.1237802413062357, 0.45299397717331, 1.4851159021735738","0.5054307718450672, 0.035680413926876695, 0.20096579160886485, 0.03568041392687674, 0.5054307718450676"
4.285714285714286,2.7755102040816326,"0.13441906715895796, -0.03435053510716944, 0.2998629358964229, -0.03435053510716908, 0.13441906715895785","1.5062512376653174, 0.42450716108537034, 1.1384832024986256, 0.42450716108537045, 1.506251237665317","0.525138200619207, 0.03244614272313299, 0.21097592184685504, 0.03244614272313298, 0.5251382006192064"
4.285714285714286,2.857142857142857,"0.13174755111358982, -0.03187251283141883, 0.3002499234356575, -0.03187251283141887, 0.13174755111359066","1.5262328373830627, 0.3972003240783234, 1.1531336770772291, 0.39720032407832395, 1.5262328373830623","0.5437678750432137, 0.02942428884857941, 0.2210487873747331, 0.029424288848579564, 0.5437678750432129"
4.285714285714286,2.938775510204082,"0.12935157164076727, -0.02955910213498837, 0.30041506098844173, -0.029559102134988136, 0.12935157164076777","1.5449954713402183, 0.37121120899140614, 1.1675866393367533, 0.3712112089914074, 1.5449954713402163","0.5612594199219899, 0.026625687096575826, 0.23108950399524358, 0.026625687096575885, 0.5612594199219878"
4.285714285714286,3.020408163265306,"0.12721368016485562, -0.027406642656484362, 0.3003859249832588, -0.027406642656483987, 0.12721368016485418","1.5625093720169052, 0.3466313837900301, 1.181718488386129, 0.3466313837900291, 1.562509372016907","0.5775855520111912, 0.02405361346005625, 0.24101210118068234, 0.024053613460056234, 0.5775855520111937"
4.285714285714286,3.1020408163265305,"0.12531384314215738, -0.025409351289001916, 0.30019101629369005, -0.025409351289002027, 0.12531384314215638","1.5787751318580647, 0.3235105403547579, 1.1954286555743519, 0.3235105403547579, 1.5787751318580656","0.5927472635633155, 0.021705110869597845, 0.25074177930962394, 0.021705110869597855, 0.5927472635633169"
4.285714285714286,3.183673469387755,"0.12363084463538343, -0.023560003435896107, 0.29985831760102244, -0.023560003435896634, 0.12363084463538704","1.5938179169090354, 0.3018623422011881, 1.2086394817795587, 0.30186234220118935, 1.5938179169090279","0.6067683911142706, 0.019572412854518613, 0.2602160900750228, 0.019572412854518776, 0.606768391114264"
4.285714285714286,3.2653061224489797,"0.12214337518297125, -0.02185048905640028, 0.2994142277468564, -0.021850489056400697, 0.12214337518297352","1.6076816531883633, 0.28167094424447425, 1.221294805134328, 0.2816709442444753, 1.6076816531883602","0.6196901784506048, 0.017644311406688564, 0.2693851869303213, 0.017644311406688623, 0.6196901784506011"
4.285714285714286,3.3469387755102042,"0.12083081481140034, -0.020272243421447192, 0.298882857220095, -0.020272243421447497, 0.12083081481139962","1.620423644773659, 0.26289750069865325, 1.2333577090553747, 0.26289750069865303, 1.6204236447736622","0.6315662568283599, 0.015907370004751314, 0.2782113501242743, 0.01590737000475128, 0.6315662568283623"
4.285714285714286,3.4285714285714284,"0.11967374841379763, -0.018816566385041686, 0.29828563594249, -0.018816566385041547, 0.11967374841379536","1.6321098924109954, 0.24548619385560053, 1.2448078274668044, 0.24548619385559947, 1.632109892411","0.6424582879892913, 0.014346932028115971, 0.2866680043343835, 0.014346932028115808, 0.6424582879892957"
4.285714285714286,3.510204081632653,"0.11865426511632443, -0.017474849816811078, 0.29764116940097396, -0.017474849816810967, 0.11865426511632376","1.6428112261510073, 0.22936951369262182, 1.2556385203127418, 0.22936951369262132, 1.642811226151009","0.6524323713726043, 0.012947912558442898, 0.294738429609409, 0.012947912558442925, 0.652432371372606"
4.285714285714286,3.5918367346938775,"0.11775609472925119, -0.01623873337640115, 0.2969652772943031, -0.01623873337640097, 0.1177560947292478","1.652600254447638, 0.21447267451335741, 1.265854142078004, 0.21447267451335644, 1.652600254447644","0.6615562144188472, 0.011695386537577849, 0.30241433196382383, 0.011695386537577786, 0.6615562144188532"
4.285714285714286,3.673469387755102,"0.11696462890438097, -0.015100206511275187, 0.29627115521378994, -0.015100206511275, 0.1169646289043792","1.6615490629025012, 0.20071716498258607, 1.2754675442298224, 0.20071716498258527, 1.6615490629025045","0.6698970013976187, 0.010575000025556294, 0.30969439957941974, 0.010575000025556237, 0.6698970013976221"
4.285714285714286,3.7551020408163267,"0.1162668660683655, -0.014051671196273555, 0.29556961025581296, -0.014051671196273784, 0.11626686606836911","1.6697275601700508, 0.1880234965789559, 1.2844978865019938, 0.18802349657895712, 1.6697275601700425","0.6775198638896868, 0.009573236686478269, 0.3165829316194408, 0.009573236686478357, 0.6775198638896791"
4.285714285714286,3.836734693877551,"0.11565131011494117, -0.013085976554602002, 0.2948693328793245, -0.0130859765546016, 0.11565131011493779","1.6772023567417178, 0.17631325154058816, 1.2929687834353814, 0.17631325154058683, 1.677202356741727","0.6844868457787655, 0.008677571510394087, 0.32308859327911005, 0.00867757151039395, 0.6844868457787733"
4.285714285714286,3.9183673469387754,"0.115107844619318, -0.012196433600788113, 0.2941771779629442, -0.01219643360078778, 0.11510784461931395","1.684036065639315, 0.16551054436362295, 1.300906779994118, 0.16551054436362156, 1.6840360656393227","0.6908562591862714, 0.00787654055259805, 0.32922332449009944, 0.00787654055259795, 0.6908562591862791"
4.285714285714286,4.0,"0.1146275975757054, -0.011376816071924825, 0.29349843699243383, -0.0113768160719252, 0.11462759757571056","1.6902869256574857, 0.15554300915304559, 1.3083401303789464, 0.15554300915304697, 1.690286925657475","0.6966823388993351, 0.007159750868845663, 0.3350014106428084, 0.007159750868845759, 0.6966823388993246"
4.408163265306122,0.0,"0.2378294506853997, -0.11336743355328496, 0.25107596573576463, -0.11336743355328505, 0.23782945068540576","1.0, 1.0000000000000004, 1.0000000000000009, 1.0000000000000009, 1.0000000000000004","0.05725384195053309, 0.08995742094427274, 0.07970407082801773, 0.08995742094427323, 0.057253841950532645"
4.408163265306122,0.08163265306122448,"0.23727834875741116, -0.11269549667339349, 0.25083429583196054, -0.11269549667339351, 0.23727834875741555","1.0040122577812722, 0.9966427083383669, 0.9986900677607232, 0.9966427083383678, 1.0040122577812727","0.06052186697839974, 0.09008050214310392, 0.08040382754939857, 0.09008050214310416, 0.06052186697839927"
4.408163265306122,0.16326530612244897,"0.2366211711604748, -0.1119619990630552, 0.25068165580515667, -0.11196199906305482, 0.23662117116047846","1.0082839364023628, 0.9930257384994946, 0.9973806501962854, 0.9930257384994945, 1.0082839364023624","0.06405198730491328, 0.09018940559568912, 0.08114014643646808, 0.09018940559568928, 0.06405198730491282"
4.408163265306122,0.24489795918367346,"0.2358503855482306, -0.11116311226181039, 0.250625453427155, -0.111163112261811, 0.23585038554823531","1.0128429370299987, 0.989119300327379, 0.9960755252852423, 0.9891193003273782, 1.0128429370299972","0.0678700002830948, 0.0902788626109848, 0.08191322752558707, 0.0902788626109845, 0.06787000028309424"
4.408163265306122,0.32653061224489793,"0.23495784508887965, -0.1102945506733268, 0.2506734111688885, -0.11029455067332666, 0.23495784508888498","1.017719986367873, 0.9848899683050758, 0.9947800906541022, 0.9848899683050761, 1.0177199863678725","0.07200447096300906, 0.09034291058563233, 0.08272389972703152, 0.09034291058563243, 0.07200447096300834"
4.408163265306122,0.40816326530612246,"0.23393477690111494, -0.10935155094901, 0.25083354809579306, -0.10935155094900864, 0.23393477690111053","1.0229489300764283, 0.9803002397178707, 0.9935016604114018, 0.9803002397178713, 1.0229489300764285","0.07648699805461708, 0.09037480147867741, 0.08357374148402434, 0.09037480147867706, 0.07648699805461726"
4.408163265306122,0.4897959183673469,"0.23277178343564248, -0.10832885544844736, 0.25111414402561255, -0.10832885544844587, 0.23277178343563848","1.0285670305551053, 0.9753080610880194, 0.992249816713752, 0.9753080610880194, 1.0285670305551053","0.08135248378600186, 0.09036690537739425, 0.08446523082671549, 0.09036690537739389, 0.08135248378600221"
4.408163265306122,0.5714285714285714,"0.23145886244593697, -0.10722070281543788, 0.25152368073900444, -0.10722070281543614, 0.2314588624459329","1.0346152583103543, 0.9698663307642247, 0.9910368218508425, 0.9698663307642239, 1.0346152583103536","0.0866393970685061, 0.09031061125469342, 0.08540192926072898, 0.09031061125469302, 0.08663939706850629"
4.408163265306122,0.6530612244897959,"0.2299854527646347, -0.10602082968714235, 0.25207075384501765, -0.10602082968714088, 0.22998545276463128","1.041138560829995, 0.9639223913131971, 0.9898780957136164, 0.9639223913131976, 1.041138560829996","0.09239001435752643, 0.09019622833719851, 0.08638870411640356, 0.09019622833719847, 0.09239001435752693"
4.408163265306122,0.7346938775510204,"0.22834051494657928, -0.10472248875441717, 0.252763947615678, -0.10472248875441237, 0.22834051494657256","1.0481860858684289, 0.9574175333686405, 0.9887927615258627, 0.9574175333686405, 1.0481860858684298","0.09865061596392335, 0.09001289328512405, 0.08743199380725916, 0.09001289328512417, 0.09865061596392415"
4.408163265306122,0.8163265306122449,"0.22651265790943628, -0.10331848981143768, 0.2536116638040035, -0.10331848981143749, 0.22651265790943576","1.0558113269793896, 0.9502865434314423, 0.9878042591783384, 0.9502865434314424, 1.0558113269793896","0.10547160701735021, 0.08974849073134217, 0.0885401196711794, 0.08974849073134225, 0.10547160701735014"
4.408163265306122,0.8979591836734694,"0.2244903248769773, -0.10180127203151851, 0.2546218943090784, -0.1018012720315194, 0.22449032487698228","1.064072147740117, 0.9424573423786268, 0.9869410197625131, 0.9424573423786274, 1.0640721477401174","0.11290752156649499, 0.08938959772497684, 0.08972364636791828, 0.0893895977249775, 0.11290752156649464"
4.408163265306122,0.9795918367346939,"0.22226205396925436, -0.10016301737732572, 0.25580192681614533, -0.10016301737732602, 0.22226205396925205","1.0730306273037225, 0.9338507796119591, 0.9862371861686381, 0.9338507796119597, 1.073030627303723","0.12101685535880954, 0.08892146631758845, 0.09099578974309189, 0.08892146631758832, 0.12101685535880959"
4.408163265306122,1.0612244897959184,"0.2198168302758291, -0.09839581658935537, 0.25715797262705414, -0.09839581658935526, 0.21981683027582777","1.0827526539836123, 0.9243806700183563, 0.9857333519960633, 0.9243806700183568, 1.0827526539836136","0.1298616579732839, 0.08832806286471023, 0.09237286608602897, 0.0883280628647102, 0.12986165797328417"
4.408163265306122,1.1428571428571428,"0.21714454654482904, -0.0964919002409346, 0.25869470739221306, -0.09649190024093332, 0.2171445465448264","1.0933071764729434, 0.913954186706502, 0.9854772736411109, 0.9139541867065013, 1.0933071764729452","0.13950679912122388, 0.08759218736538602, 0.09387476915575792, 0.0875921873653856, 0.13950679912122507"
4.408163265306122,1.2244897959183674,"0.2142365877803672, -0.09444394735121137, 0.2604147191416877, -0.09444394735121295, 0.21423658778036914","1.104765006060743, 0.9024727501153248, 0.9855244876478639, 0.9024727501153234, 1.104765006060742","0.15001880903115627, 0.08669570081830599, 0.09552545055454213, 0.08669570081830577, 0.15001880903115614"
4.408163265306122,1.3061224489795917,"0.2110865498088202, -0.09224548223174606, 0.2623178648458507, -0.09224548223174692, 0.2110865498088221","1.1171970514102298, 0.8898335799580802, 0.9859387372633798, 0.8898335799580805, 1.1171970514102298","0.16146418231011708, 0.08561989221139726, 0.09735336446249908, 0.08561989221139736, 0.16146418231011675"
4.408163265306122,1.3877551020408163,"0.20769109174354602, -0.08989136561254099, 0.2644005477379907, -0.08989136561253902, 0.20769109174354322","1.1306718657415835, 0.8759320942748234, 0.9867920799671874, 0.8759320942748233, 1.1306718657415837","0.17390703384884307, 0.08434601791101184, 0.09939181931534312, 0.08434601791101176, 0.1739070338488432"
4.408163265306122,1.469387755102041,"0.20405090571762496, -0.08737837754235431, 0.2666549436494579, -0.08737837754235395, 0.20405090571762494","1.1452524025490598, 0.8606653399295789, 0.9881645150427222, 0.8606653399295782, 1.1452524025490596","0.18740601167748416, 0.08285604278384802, 0.10167915750518072, 0.08285604278384812, 0.18740601167748475"
4.408163265306122,1.5510204081632653,"0.2001717631840945, -0.08470587612432723, 0.2690682258804646, -0.08470587612432731, 0.20017176318409546","1.1609919202019343, 0.8439366079766133, 0.9901429436429064, 0.843936607976612, 1.160991920201935","0.2020104144487344, 0.08113360173866449, 0.10425866190659853, 0.08113360173866405, 0.20201041444873466"
4.408163265306122,1.6326530612244898,"0.19606556566484695, -0.08187649748770154, 0.27162186364571006, -0.0818764974877009, 0.19606556566484595","1.1779290583564772, 0.8256613097752907, 0.9928192637364663, 0.825661309775291, 1.1779290583564785","0.21775554007049747, 0.0791651797417964, 0.10717806943608461, 0.07916517974179678, 0.21775554007049824"
4.408163265306122,1.7142857142857142,"0.19175129153877396, -0.0788968394694432, 0.2742910958613398, -0.07889683946944404, 0.1917512915387736","1.1960822377401832, 0.8057740507732084, 0.9962874229732168, 0.8057740507732077, 1.1960822377401836","0.23465741387966996, 0.07694147568746923, 0.11048856401666421, 0.07694147568746885, 0.2346574138796704"
4.408163265306122,1.7959183673469388,"0.18725569518997795, -0.07577804732524818, 0.2770447042705389, -0.07577804732524884, 0.18725569518998023","1.215443709226379, 0.784236630858497, 1.0006393198302488, 0.7842366308584975, 1.2154437092263775","0.25270720890688214, 0.07445887087113268, 0.11424313369625827, 0.07445887087113305, 0.2527072089068809"
4.408163265306122,1.8775510204081634,"0.18261359046241551, -0.07253620005798914, 0.27984521919114624, -0.07253620005798903, 0.1826135904624165","1.23597378306507, 0.7610464316684202, 1.00595957053302, 0.7610464316684202, 1.2359737830650697","0.27186586250253997, 0.07172087022258025, 0.1184942195376793, 0.07172087022258038, 0.2718658625025395"
4.408163265306122,1.9591836734693877,"0.17786754989251755, -0.06919238863291308, 0.2826496774807915, -0.06919238863291247, 0.17786754989251682","1.2575959687758198, 0.7362443567366985, 1.0123193489749653, 0.7362443567366983, 1.2575959687758207","0.2920595786932008, 0.06873933336835741, 0.12329066496928058, 0.06873933336835748, 0.29205957869320154"
4.408163265306122,2.0408163265306123,"0.17306688762286676, -0.06577239109117494, 0.2854110069366145, -0.06577239109117575, 0.17306688762286943","1.2801938929307433, 0.709921235754431, 1.0197697426296524, 0.7099212357544322, 1.280193892930741","0.3131770298195366, 0.06553527809490756, 0.12867409357458667, 0.06553527809490793, 0.3131770298195346"
4.408163265306122,2.122448979591837,"0.16826587468141335, -0.06230589036082815, 0.2880800313588292, -0.062305890360828065, 0.16826587468141363","1.3036108657368093, 0.6822214808445524, 1.0283353068372751, 0.6822214808445527, 1.3036108657368093","0.33506906877777926, 0.06213903901704994, 0.13467498769000705, 0.06213903901705021, 0.33506906877777926"
4.408163265306122,2.204081632653061,"0.16352125573387988, -0.058825247486771565, 0.2906079835057847, -0.05882524748677084, 0.1635212557338777","1.3276527775286167, 0.6533428842439226, 1.0380086764549206, 0.6533428842439206, 1.327652777528618","0.35755157887492484, 0.0585896144452734, 0.14130888061579713, 0.058589614445273226, 0.35755157887492683"
4.408163265306122,2.2857142857142856,"0.15888927531328334, -0.055363925101884426, 0.29294929957720184, -0.0553639251018844, 0.15888927531328384","1.3520946036056087, 0.623531830046674, 1.0487471326954367, 0.6235318300466741, 1.3520946036056092","0.38041170541152614, 0.05493313866203961, 0.14857317019779742, 0.054933138662039575, 0.38041170541152586"
4.408163265306122,2.36734693877551,"0.1544225433083532, -0.05195473280201446, 0.29506437898732246, -0.05195473280201471, 0.15442254330835353","1.376690229295055, 0.5930738363499031, 1.060471868710086, 0.5930738363499031, 1.3766902292950545","0.4034171795016653, 0.05122056108623982, 0.15644506874689273, 0.051220561086239666, 0.4034171795016649"
4.408163265306122,2.4489795918367347,"0.1501671345913626, -0.04862811358932764, 0.29692195799593135, -0.048628113589327615, 0.15016713459136133","1.4011846988407126, 0.5622801283582666, 1.0730703456020398, 0.5622801283582659, 1.401184698840713","0.42632787625219964, 0.047504765461221614, 0.16488109833964315, 0.04750476546122156, 0.4263278762522008"
4.408163265306122,2.5306122448979593,"0.14616029863543983, -0.04541069069836634, 0.298500784125852, -0.04541069069836663, 0.1461602986354415","1.425327506400063, 0.5314716714110536, 1.0864016443777702, 0.5314716714110548, 1.4253275064000608","0.4489083007670457, 0.0438374786031297, 0.17381832873849803, 0.04383747860312971, 0.44890830076704313"
4.408163265306122,2.6122448979591835,"0.14242905042733267, -0.04232424386566931, 0.2997903868766729, -0.04232424386566956, 0.14242905042733373","1.4488853324219662, 0.5009625585861682, 1.1003042179837328, 0.5009625585861682, 1.4488853324219657","0.47093950316069205, 0.040266362805834593, 0.18317728164565583, 0.040266362805834656, 0.47093950316069155"
4.408163265306122,2.693877551020408,"0.1389897518856677, -0.0393851980218099, 0.3007908922722834, -0.03938519802181016, 0.13898975188566892","1.471652751983152, 0.47104471547749815, 1.114605065078701, 0.4710447154774996, 1.4716527519831506","0.4922290489743773, 0.03683264401568338, 0.19286615839504065, 0.03683264401568355, 0.49222904897437547"
4.408163265306122,2.7755102040816326,"0.13584862009685916, -0.036604611857635666, 0.30151198352155295, -0.03660461185763589, 0.13584862009685977","1.4934598618158064, 0.4419755477468182, 1.129129180874752, 0.4419755477468183, 1.4934598618158081","0.5126180724603293, 0.03356951331752769, 0.20278585667088525, 0.03356951331752767, 0.51261807246033"
4.408163265306122,2.857142857142857,"0.1330029613797818, -0.03398857564738064, 0.30197122853519776, -0.033988575647380836, 0.13300296137978207","1.5141763580525067, 0.4139695343540605, 1.1437082151868674, 0.41396953435406103, 1.5141763580525047","0.5319849919079674, 0.03050138836269698, 0.21283516794367419, 0.03050138836269704, 0.5319849919079661"
4.408163265306122,2.938775510204082,"0.1304428572073531, -0.03153888409828118, 0.3021920537818562, -0.031538884098281345, 0.1304428572073535","1.5337121822453246, 0.387194050660237, 1.1581875341888788, 0.3871940506602373, 1.533712182245325","0.5502460137544386, 0.027643976946892197, 0.22291559498072971, 0.027643976946892218, 0.5502460137544386"
4.408163265306122,3.020408163265306,"0.1281530232778446, -0.02925384357969353, 0.30220164060369814, -0.02925384357969367, 0.1281530232778444","1.5520153036494337, 0.3617690738887177, 1.172431244923697, 0.3617690738887177, 1.5520153036494324","0.5673529699768548, 0.02500498015746997, 0.23293536762372966, 0.025004980157469825, 0.5673529699768542"
4.408163265306122,3.1020408163265305,"0.12611461017262837, -0.02712909495286657, 0.3020289695604753, -0.027129094952866833, 0.12611461017262976","1.5690674536386162, 0.33776999629965043, 1.1863251001234687, 0.3377699962996506, 1.5690674536386138","0.5832892598214544, 0.02258522176357423, 0.24281241686248106, 0.02258522176357428, 0.5832892598214522"
4.408163265306122,3.183673469387755,"0.12430678749111346, -0.02515836931891205, 0.3017031636555948, -0.025158369318912785, 0.12430678749111712","1.5848786767984517, 0.31523258190674763, 1.1997774825896077, 0.3152325819067495, 1.5848786767984469","0.5980647071526236, 0.02037998991981229, 0.252476245118259, 0.020379989919812398, 0.5980647071526181"
4.408163265306122,3.2653061224489797,"0.12270802925219204, -0.023334131412971554, 0.3012522043215594, -0.023334131412971366, 0.12270802925219165","1.5994814638011787, 0.29415911573503967, 1.2127188409275644, 0.29415911573503967, 1.5994814638011792","0.6117100475631959, 0.01838041149439, 0.26186877189907337, 0.01838041149438999, 0.6117100475631965"
4.408163265306122,3.3469387755102042,"0.12129708088743107, -0.021648095834923782, 0.3007020298949825, -0.021648095834924094, 0.12129708088743452","1.6129250513894302, 0.27452494106753356, 1.225100015086079, 0.274524941067535, 1.6129250513894244","0.6242715887535438, 0.01657473009771787, 0.27094432433987026, 0.01657473009771798, 0.6242715887535377"
4.408163265306122,3.4285714285714284,"0.12005363075212855, -0.020091621678777587, 0.3000759818533003, -0.02009162167877726, 0.12005363075212594","1.6252702748487966, 0.2562847873055559, 1.2368898756912923, 0.2562847873055546, 1.625270274848802","0.6358063997331131, 0.014949410964610941, 0.2796689828043694, 0.014949410964610844, 0.6358063997331184"
4.408163265306122,3.510204081632653,"0.1189587322159546, -0.018656001976981924, 0.2993945395220545, -0.018656001976982008, 0.11895873221595499","1.6365851788581938, 0.23937850251078446, 1.248072637262044, 0.23937850251078474, 1.636585178858197","0.6463782167076115, 0.013490039755389344, 0.28801949320774406, 0.013490039755389366, 0.646378216707613"
4.408163265306122,3.5918367346938775,"0.11799503032178321, -0.017332668111594868, 0.2986752755796216, -0.017332668111595124, 0.11799503032178543","1.6469414534973161, 0.2237359862880423, 1.2586451204292877, 0.2237359862880433, 1.646941453497313","0.6560541242351899, 0.012182014171283824, 0.29598193374712195, 0.012182014171283893, 0.6560541242351863"
4.408163265306122,3.673469387755102,"0.11714684500847422, -0.01611332869517229, 0.29793296737339303, -0.016113328695172645, 0.11714684500847777","1.6564116675391332, 0.2092812561355547, 1.2686141526506292, 0.20928125613555626, 1.656411667539126","0.6649019827685342, 0.011011047072427782, 0.30355028702356296, 0.011011047072427902, 0.6649019827685273"
4.408163265306122,3.7551020408163267,"0.11640015564379086, -0.014990059638779162, 0.29717980798997434, -0.014990059638779266, 0.11640015564379341","1.665067215649898, 0.19593567312362808, 1.277994222452952, 0.1959356731236292, 1.6650672156498927","0.6729885228040186, 0.009963509708318424, 0.3107250287510781, 0.009963509708318503, 0.6729885228040134"
4.408163265306122,3.836734693877551,"0.11574252247797073, -0.013955358707416606, 0.29642567245889684, -0.013955358707416224, 0.11574252247796529","1.6729768705358605, 0.1836204075093955, 1.2868054439094798, 0.1836204075093937, 1.6729768705358712","0.6803780027655063, 0.009026646565265497, 0.31751180751023966, 0.00902664656526537, 0.6803780027655167"
4.408163265306122,3.9183673469387754,"0.11516297167111739, -0.013002174645650996, 0.2956784059490636, -0.013002174645651503, 0.11516297167112188","1.680205825852588, 0.17225825101799191, 1.2950718462588495, 0.17225825101799352, 1.6802058258525812","0.6871313234713736, 0.008188691856191872, 0.3239202594410886, 0.00818869185619199, 0.6871313234713659"
4.408163265306122,4.0,"0.11465186280452466, -0.012123918289496716, 0.2949441109699469, -0.012123918289496466, 0.11465186280452166","1.686815122750683, 0.16177488913863192, 1.3028199762213655, 0.16177488913863133, 1.6868151227506893","0.6933054990277965, 0.007438913903222887, 0.32996297834366056, 0.007438913903222833, 0.6933054990278025"
4.530612244897959,0.0,"0.23856590889923318, -0.11473674049679072, 0.25234166319511003, -0.11473674049679086, 0.2385659088992387","1.0000000000000004, 0.9999999999999996, 1.0000000000000004, 1.0000000000000007, 1.000000000000001","0.055155452844822025, 0.08704765505421545, 0.07709791735682081, 0.08704765505421562, 0.05515545284482153"
4.530612244897959,0.08163265306122448,"0.23803929269631022, -0.11409096051480763, 0.2521033356369907, -0.11409096051480788, 0.2380392926963149","1.0037824719176047, 0.9968228208451586, 0.9987894144744747, 0.9968228208451583, 1.0037824719176047","0.05825587759428879, 0.08719791538148133, 0.07780876117609026, 0.08719791538148136, 0.05825587759428836"
4.530612244897959,0.16326530612244897,"0.2374116629613646, -0.11338747613929484, 0.2519516263558589, -0.11338747613929351, 0.23741166296136465","1.007809046609079, 0.9934024554773037, 0.9975769958272342, 0.993402455477303, 1.0078090466090788","0.061602432055599045, 0.08733636035046977, 0.07855365257358693, 0.08733636035046964, 0.061602432055598864"
4.530612244897959,0.24489795918367346,"0.23667582238595894, -0.11262262119893199, 0.2518935976259401, -0.11262262119893138, 0.23667582238596419","1.012105719600916, 0.9897113282127521, 0.9963659043726629, 0.9897113282127512, 1.0121057196009162","0.06521924318878365, 0.08745829069919223, 0.07933274369556532, 0.0874582906991922, 0.06521924318878343"
4.530612244897959,0.32653061224489793,"0.23582397663467014, -0.11179229136935495, 0.2519366294693658, -0.11179229136935506, 0.2358239766346742","1.016701152448226, 0.9857184963232235, 0.9951607024571012, 0.9857184963232244, 1.0167011524482263","0.06913304696975359, 0.08755837969295593, 0.08014672600375704, 0.08755837969295611, 0.06913304696975303"
4.530612244897959,0.40816326530612246,"0.2348477165022935, -0.1108919197308465, 0.2520884064571034, -0.11089191973084528, 0.2348477165022947","1.0216269594688803, 0.9813892329615653, 0.9939676151391099, 0.9813892329615647, 1.0216269594688812","0.07337345061169001, 0.08763058865449945, 0.08099693581014125, 0.08763058865449928, 0.07337345061169001"
4.530612244897959,0.4897959183673469,"0.2337380102784694, -0.10991645483446083, 0.25235688911198556, -0.10991645483445867, 0.23373801027846447","1.0269180044644244, 0.9766845755026824, 0.9927948400657872, 0.9766845755026818, 1.0269180044644233","0.07797320405231391, 0.0876680768581618, 0.08188548589325527, 0.08766807685816151, 0.07797320405231399"
4.530612244897959,0.5714285714285714,"0.23248521112428125, -0.10886034375849823, 0.2527502652684367, -0.10886034375849674, 0.23248521112427728","1.032612699359968, 0.971560844405419, 0.9916529124692246, 0.9715608444054185, 1.032612699359968","0.08296847272846787, 0.08766310721992977, 0.08281542742157158, 0.08766310721992941, 0.08296847272846813"
4.530612244897959,0.6530612244897959,"0.23107908567302934, -0.10771752349577193, 0.2532768756454872, -0.10771752349577027, 0.2310790856730255","1.0387532923165324, 0.9659691422894814, 0.990555130787973, 0.9659691422894812, 1.0387532923165328","0.08839909949746137, 0.08760695025728069, 0.08379094673996364, 0.08760695025728031, 0.08839909949746176"
4.530612244897959,0.7346938775510204,"0.22950887175294415, -0.10648142508763359, 0.25394510666938097, -0.10648142508763192, 0.22950887175294055","1.0453861269829834, 0.9598548494093104, 0.9895180472154133, 0.9598548494093102, 1.045386126982984","0.09430883797927722, 0.0874897902246215, 0.08481760165914226, 0.08748979022462124, 0.09430883797927767"
4.530612244897959,0.8163265306122449,"0.22776337507766944, -0.10514499622802517, 0.25476324230071307, -0.1051449962280229, 0.22776337507766584","1.0525618468120774, 0.9531571406427917, 0.9885620250902639, 0.9531571406427921, 1.052561846812078","0.10074553226275211, 0.08730063924888698, 0.08590260154320048, 0.08730063924888684, 0.10074553226275243"
4.530612244897959,0.8979591836734694,"0.22583111689062974, -0.10370074958908945, 0.2557392653969206, -0.10370074958908698, 0.22583111689062588","1.0603355084327415, 0.9458085610972731, 0.9877118609399713, 0.9458085610972725, 1.0603355084327415","0.10776120853809833, 0.08702726779152153, 0.08705513445512734, 0.08702726779152152, 0.10776120853809891"
4.530612244897959,0.9795918367346939,"0.22370054672143153, -0.10214084581098545, 0.2568805981791106, -0.10214084581098576, 0.22370054672142933","1.0687665557141703, 0.9377347130442473, 0.9869974624831659, 0.9377347130442476, 1.068766555714171","0.11541203258184861, 0.08665616292176107, 0.0882867425314795, 0.08665616292176107, 0.11541203258184903"
4.530612244897959,1.0612244897959184,"0.22136033631753438, -0.1004572218164792, 0.2581937709978931, -0.10045722181647967, 0.22136033631753166","1.077918591384595, 0.9288541265284898, 0.9864545641738307, 0.9288541265284889, 1.077918591384596","0.12375807315769641, 0.08617252971729948, 0.08961174313711423, 0.08617252971729893, 0.12375807315769727"
4.530612244897959,1.1428571428571428,"0.21879977195599223, -0.09864177660037443, 0.259684009288766, -0.09864177660037435, 0.2187997719559906","1.0878588663582858, 0.9190784096253755, 0.9861254480326789, 0.9190784096253752, 1.0878588663582867","0.13286279578879073, 0.08556035550991611, 0.0910476876062133, 0.08556035550991604, 0.13286279578879132"
4.530612244897959,1.2244897959183674,"0.21600926196029036, -0.09668662748206755, 0.2613547310435551, -0.0966866274820663, 0.21600926196028858","1.0986573895637812, 0.9083128010671051, 0.9860596187382271, 0.9083128010671045, 1.0986573895637815","0.1427921952515107, 0.08480256135884803, 0.09261584083563193, 0.0848025613588478, 0.14279219525151107"
4.530612244897959,1.3061224489795917,"0.21298097327778642, -0.09458444935834198, 0.26320695216111045, -0.09458444935834318, 0.2129809732777885","1.110385545590206, 0.8964572755208231, 0.9863143577779421, 0.8964572755208244, 1.1103855455902067","0.15361346096815612, 0.08388126943692642, 0.09434165301115853, 0.08388126943692643, 0.1536134609681558"
4.530612244897959,1.3877551020408163,"0.20970960403889188, -0.09232890687615997, 0.2652386056745356, -0.09232890687616077, 0.20970960403889316","1.1231140981744567, 0.8834083756945724, 0.9869550522619424, 0.8834083756945725, 1.123114098174457","0.16539306132469733, 0.08277821787335225, 0.09625517889038808, 0.08277821787335223, 0.16539306132469744"
4.530612244897959,1.469387755102041,"0.20619328655242977, -0.08991518358017317, 0.2674437940554863, -0.08991518358017464, 0.20619328655243196","1.136910460951365, 0.8690619582011794, 0.9880551616949119, 0.8690619582011797, 1.136910460951365","0.17819413696757838, 0.08147535436045839, 0.09839138048046808, 0.08147535436045855, 0.17819413696757838"
4.530612244897959,1.5510204081632653,"0.20243459574648143, -0.08734060184434586, 0.2698120121957305, -0.08734060184434567, 0.2024345957464797","1.1518351418242259, 0.8533170307017801, 0.9896956549479881, 0.8533170307017801, 1.1518351418242267","0.19207311765607202, 0.0799556342455906, 0.10079022686047134, 0.07995563424559045, 0.1920731176560726"
4.530612244897959,1.6326530612244898,"0.19844161090979262, -0.08460531191913073, 0.27232740201867783, -0.08460531191913226, 0.1984416109097925","1.1679373242908828, 0.8360808119100794, 0.9919637275980758, 0.8360808119100798, 1.1679373242908826","0.2070755320770876, 0.0782040352105778, 0.10349648326349671, 0.07820403521057778, 0.20707553207708773"
4.530612244897959,1.7142857142857142,"0.19422894463231583, -0.08171300770885428, 0.27496812615307764, -0.08171300770885395, 0.19422894463231494","1.1852496481877361, 0.8172750476566419, 0.9949506083112454, 0.8172750476566413, 1.1852496481877366","0.22323107450006707, 0.07620877641470393, 0.10655906567441488, 0.07620877641470375, 0.22323107450006738"
4.530612244897959,1.7959183673469388,"0.18981861576891448, -0.07867160253815325, 0.27770597353847853, -0.07867160253815283, 0.189818615768913","1.2037823992719037, 0.7968434522782767, 0.9987482968996392, 0.7968434522782766, 1.2037823992719032","0.24054813129620675, 0.07396269371423014, 0.11002983508295539, 0.07396269371423027, 0.24054813129620709"
4.530612244897959,1.8775510204081634,"0.18524061051843754, -0.07549377414477443, 0.2805063272526725, -0.07549377414477512, 0.1852406105184393","1.2235175070400703, 0.7747599122163955, 1.0034451614870685, 0.774759912216396, 1.2235175070400692","0.259008149204884, 0.07146467554463488, 0.11396172715439619, 0.07146467554463504, 0.25900814920488313"
4.530612244897959,1.9591836734693877,"0.18053295870061148, -0.07219727113586111, 0.2833286248704965, -0.07219727113586133, 0.1805329587006145","1.24440296091448, 0.7510368049450268, 1.0091204682809876, 0.7510368049450271, 1.244402960914478","0.2785604243553104, 0.06872101199006161, 0.11840616831059966, 0.06872101199006206, 0.2785604243553086"
4.530612244897959,2.0408163265306123,"0.17574116467488243, -0.06880487185949163, 0.28612741436921885, -0.06880487185949122, 0.1757411646748812","1.2663484418579511, 0.7257324971508782, 1.0158381219823411, 0.7257324971508774, 1.266348441857952","0.29911806413302106, 0.06574646381535257, 0.12340982372879913, 0.06574646381535215, 0.2991180641330219"
4.530612244897959,2.122448979591837,"0.1709168858448594, -0.06534390945786536, 0.28885404722601127, -0.06534390945786606, 0.17091688584486092","1.2892230649370184, 0.6989568684038501, 1.0236401333182643, 0.6989568684038515, 1.2892230649370169","0.3205559621262145, 0.06256483508075637, 0.12901085257296097, 0.06256483508075657, 0.32055596212621273"
4.530612244897959,2.204081632653061,"0.16611584990898048, -0.061845327981380344, 0.29145895614479833, -0.06184532798138065, 0.1661158499089822","1.3128560675695988, 0.6708736564324045, 1.0325405519959943, 0.6708736564324059, 1.3128560675695973","0.3427115635652403, 0.059208849882458114, 0.13523499229723793, 0.05920884988245829, 0.34271156356523846"
4.530612244897959,2.2857142857142856,"0.16139513407296668, -0.05834230962360451, 0.29389435110127327, -0.05834230962360484, 0.16139513407296946","1.3370410081613455, 0.6416986228043347, 1.0425207380686425, 0.6416986228043355, 1.337041008161343","0.3653889390701585, 0.055719202537109644, 0.1420919229607403, 0.05571920253710995, 0.36538893907015607"
4.530612244897959,2.36734693877551,"0.15681006763870725, -0.054868597531879115, 0.2961170597863449, -0.05486859753187914, 0.15681006763870603","1.3615435636591275, 0.6116930253991091, 1.0535268218835268, 0.6116930253991091, 1.3615435636591298","0.3883662327945713, 0.05214276913728785, 0.1495724307934614, 0.05214276913728791, 0.38836623279457294"
4.530612244897959,2.4489795918367347,"0.1524111245212913, -0.05145670918910249, 0.29809116933562074, -0.05145670918910232, 0.15241112452129318","1.3861124100202544, 0.5811525987477197, 1.0654699824640539, 0.5811525987477208, 1.3861124100202522","0.4114059820245194, 0.048530116034333284, 0.15764685950408897, 0.04853011603433362, 0.4114059820245171"
4.530612244897959,2.5306122448979593,"0.14824120703383953, -0.04813626848115313, 0.2997901228946261, -0.04813626848115385, 0.14824120703384108","1.4104920815614865, 0.5503930312047249, 1.078229774467578, 0.5503930312047258, 1.410492081561483","0.4342672560274604, 0.04493258049660985, 0.16626519287841088, 0.04493258049660998, 0.43426725602745775"
4.530612244897959,2.6122448979591835,"0.1443336679213838, -0.04493266646842023, 0.3011979970940715, -0.04493266646842052, 0.14433366792138552","1.434436301587715, 0.5197335790594246, 1.0916602387057228, 0.5197335790594251, 1.4344363015877128","0.4567181898615392, 0.041399289182494185, 0.17535887367388223, 0.041399289182494345, 0.4567181898615374"
4.530612244897959,2.693877551020408,"0.14071128463527516, -0.04186619490969121, 0.3023098205488308, -0.04186619490969182, 0.1407112846352771","1.4577201831658453, 0.48948078298017966, 1.1055980677079522, 0.48948078298018055, 1.457720183165844","0.47854741007442825, 0.03797449202527003, 0.18484418644150974, 0.037974492025270194, 0.4785474100744264"
4.530612244897959,2.7755102040816326,"0.1373862258529871, -0.038951702843408625, 0.30313095398084294, -0.03895170284340871, 0.13738622585298704","1.4801499441131802, 0.4599141610382667, 1.1198717896971062, 0.4599141610382661, 1.4801499441131791","0.49957308808911755, 0.03469551874762373, 0.19462678681148854, 0.034695518747623576, 0.49957308808911693"
4.530612244897959,2.857142857142857,"0.13436088488016973, -0.036198733361892915, 0.3036756969634448, -0.03619873336189321, 0.1343608848801715","1.5015692835906653, 0.43127528927823816, 1.1343108542621954, 0.431275289278239, 1.501569283590663","0.5196488354975763, 0.031591535660756606, 0.20460680794890307, 0.03159153566075668, 0.5196488354975738"
4.530612244897959,2.938775510204082,"0.13162933941867222, -0.033612029776263805, 0.30396538071518475, -0.0336120297762634, 0.13162933941867033","1.5218621758546251, 0.40376099999993065, 1.148753648290888, 0.4037609999999293, 1.5218621758546291","0.5386662282941194, 0.0286831314009892, 0.2146839454073121, 0.028683131400989086, 0.5386662282941229"
4.530612244897959,3.020408163265306,"0.12917915161649224, -0.03119226984984623, 0.30402623646670657, -0.0311922698498463, 0.1291791516164939","1.540952387913856, 0.37752072543190474, 1.1630537733084823, 0.37752072543190435, 1.5409523879138542","0.5565542625653433, 0.025982631533557878, 0.22476200498374108, 0.025982631533557978, 0.5565542625653417"
4.530612244897959,3.1020408163265305,"0.12699324113994354, -0.028936891665076014, 0.3038873010502653, -0.028936891665075973, 0.12699324113994281","1.5588004086553822, 0.35265745310007524, 1.1770842764890834, 0.35265745310007546, 1.5588004086553826","0.5732763971669403, 0.023494959370543935, 0.23475255589307226, 0.023494959370543946, 0.573276397166941"
4.530612244897959,3.183673469387755,"0.12505162548465842, -0.02684090332006879, 0.3035785556708198, -0.026840903320068762, 0.1250516254846592","1.5753986477220057, 0.3292314240091998, 1.1907398565375904, 0.32923142400920036, 1.5753986477220023","0.5888259938921828, 0.021218830671114387, 0.24457751452194995, 0.02121883067111438, 0.5888259938921803"
4.530612244897959,3.2653061224489797,"0.12333289952773047, -0.024897606650295542, 0.30312941424512896, -0.024897606650295598, 0.12333289952773185","1.59076574812745, 0.30726559938102926, 1.2039373049830462, 0.3072655993810295, 1.5907657481274486","0.6032209475608701, 0.019148084141809463, 0.2541706498288127, 0.019148084141809456, 0.6032209475608683"
4.530612244897959,3.3469387755102042,"0.12181539902693761, -0.02309920096263282, 0.302567603871393, -0.02309920096263226, 0.12181539902693456","1.6049407186168967, 0.2867519939361849, 1.2166145748938333, 0.2867519939361834, 1.6049407186169016","0.6164981657206218, 0.017272990951380428, 0.2634781242755521, 0.017272990951380386, 0.616498165720627"
4.530612244897959,3.4285714285714284,"0.12047804821725594, -0.021437259942513803, 0.30191842345051745, -0.02143725994251361, 0.12047804821725366","1.6179773976784684, 0.26765815003649224, 1.2287289045700733, 0.26765815003649146, 1.6179773976784713","0.6287083738368409, 0.0155814376515583, 0.2724582558689706, 0.015581437651558186, 0.6287083738368444"
4.530612244897959,3.510204081632653,"0.1193009264186135, -0.019903091825428425, 0.30120433081363174, -0.019903091825428133, 0.11930092641861156","1.6299395646919255, 0.24993323982142313, 1.2402543909733001, 0.24993323982142213, 1.6299395646919312","0.639911537187119, 0.014059925171760204, 0.28108071255362, 0.014059925171760171, 0.6399115371871237"
4.530612244897959,3.5918367346938775,"0.11826560507188649, -0.01848800104109874, 0.3004447919384268, -0.018488001041098302, 0.11826560507188366","1.6408968476080141, 0.2335134839921339, 1.2511793367996997, 0.23351348399213273, 1.6408968476080188","0.6501730353505053, 0.012694364910623786, 0.2893253418302575, 0.012694364910623649, 0.6501730353505101"
4.530612244897959,3.673469387755102,"0.1173553098860069, -0.017183471501500347, 0.2996563232309841, -0.01718347150150084, 0.11735530988600984","1.6509214540162058, 0.218326740368884, 1.2615036112298241, 0.21832674036888527, 1.6509214540161985","0.6595606111586482, 0.011470679255909541, 0.29718080955301396, 0.01147067925590961, 0.6595606111586415"
4.530612244897959,3.7551020408163267,"0.11655495805827748, -0.015981290138500123, 0.2988526641604419, -0.015981290138500505, 0.11655495805828164","1.660085673247361, 0.20429623458917792, 1.2712361843269298, 0.2042962345891795, 1.6600856732473548","0.6681420426955201, 0.010375229147999713, 0.3046431839608654, 0.010375229147999888, 0.6681420426955132"
4.530612244897959,3.836734693877551,"0.11585111205656895, -0.014873626198663212, 0.29804502828418455, -0.014873626198663864, 0.11585111205657378","1.6684600539044643, 0.19134348218423858, 1.2803929278226036, 0.19134348218424094, 1.6684600539044574","0.6759834472763978, 0.009395098043476914, 0.31171456240736367, 0.009395098043477112, 0.6759834472763898"
4.530612244897959,3.9183673469387754,"0.11523188208268859, -0.01385307842241968, 0.29724239267945896, -0.013853078422419805, 0.11523188208269236","1.6761121442268783, 0.1793904938963945, 1.2889947237534625, 0.17939049389639578, 1.6761121442268716","0.6831481111187306, 0.00851826258918394, 0.31840180391659223, 0.008518262589184067, 0.6831481111187236"
4.530612244897959,4.0,"0.11468680069337817, -0.012912699211582841, 0.2964517970364133, -0.012912699211582473, 0.11468680069337372","1.683105682822748, 0.16836137390054806, 1.2970658865534008, 0.1683613739005463, 1.6831056828227555","0.6896957390390003, 0.0077336778654082654, 0.324715402885414, 0.007733677865408154, 0.6896957390390084"
4.653061224489796,0.0,"0.23926281529874568, -0.11603512989115264, 0.25354462918481036, -0.11603512989115206, 0.2392628152987489","1.0, 1.0, 1.0000000000000002, 1.0, 0.9999999999999996","0.05315492349248036, 0.0842468860428874, 0.07458977393112895, 0.08424688604288756, 0.05315492349248004"
4.653061224489796,0.08163265306122448,"0.2387596014920666, -0.1154147839043653, 0.253310364824592, -0.1154147839043656, 0.23875960149207262","1.0035680220359047, 0.9969915307749275, 0.9988808943783372, 0.9969915307749276, 1.0035680220359047","0.056097498215077854, 0.08442020117439439, 0.07530786157523452, 0.08442020117439479, 0.056097498215077445"
4.653061224489796,0.16326530612244897,"0.2381601502220419, -0.11474032871557846, 0.2531603569870684, -0.11474032871557893, 0.23816015022204723","1.0073656917814509, 0.9937552527015292, 0.9977581110340403, 0.9937552527015292, 1.0073656917814504","0.05927121973052832, 0.08458379318305037, 0.07605776267814839, 0.08458379318305072, 0.05927121973052785"
4.653061224489796,0.24489795918367346,"0.23745759298641916, -0.11400826530462418, 0.25310134463640394, -0.11400826530462416, 0.23745759298642516","1.0114172166193964, 0.9902656409439832, 0.9966342848732407, 0.9902656409439832, 1.0114172166193964","0.06269863489108317, 0.08473347330692818, 0.07683959318567692, 0.0847334733069285, 0.06269863489108259"
4.653061224489796,0.32653061224489793,"0.23664448398140078, -0.11321467660656545, 0.2531403852503254, -0.11321467660656401, 0.2366444839814031","1.0157493115026854, 0.9864940565590501, 0.9955132638765286, 0.9864940565590503, 1.015749311502685","0.06640474279763338, 0.08486448647297679, 0.07765393128698637, 0.08486448647297697, 0.06640474279763287"
4.653061224489796,0.40816326530612246,"0.23571277746679878, -0.11235520041316294, 0.25328484589272404, -0.11235520041316274, 0.23571277746680264","1.020391476387814, 0.9824083548609401, 0.9944003375024932, 0.9824083548609406, 1.0203914763878144","0.07041725037516246, 0.08497143377771696, 0.07850190949701973, 0.08497143377771735, 0.07041725037516225"
4.653061224489796,0.4897959183673469,"0.2346538130272671, -0.11142500350627438, 0.2535423809580104, -0.11142500350627488, 0.23465381302727198","1.025376287811241, 0.9779724576741442, 0.9933025090292305, 0.9779724576741436, 1.02537628781124","0.07476684120637887, 0.08504818894446381, 0.0793853297775132, 0.08504818894446402, 0.0747668412063782"
4.653061224489796,0.5714285714285714,"0.2334583127910148, -0.11041875902071749, 0.25392089245940863, -0.11041875902071605, 0.23345831279101054","1.0307396987709767, 0.973145892397485, 0.9922288176630785, 0.9731458923974854, 1.0307396987709772","0.07948745180143929, 0.08508780967328211, 0.08030680564595072, 0.08508780967328197, 0.07948745180143964"
4.653061224489796,0.6530612244897959,"0.232116395912532, -0.10933062977575575, 0.25442846772645045, -0.10933062977575495, 0.23211639591252847","1.0365213375033444, 0.9678833044056389, 0.9911907161820332, 0.967883304405639, 1.0365213375033444","0.08461654607534726, 0.08508244561384544, 0.0812699356409684, 0.08508244561384497, 0.0846165460753475"
4.653061224489796,0.7346938775510204,"0.2306176171427896, -0.10815426126059108, 0.2550732882356054, -0.10815426126058986, 0.23061761714278617","1.042764790868603, 0.9621339545044009, 0.9902025092539921, 0.9621339545044013, 1.042764790868603","0.09019537416245418, 0.08502324582855636, 0.08227951277461014, 0.08502324582855628, 0.09019537416245431"
4.653061224489796,0.8163265306122449,"0.2289510381050154, -0.10688278913552401, 0.25586350206101915, -0.10688278913552238, 0.22895103810501183","1.049517851539315, 0.9558412204301298, 0.9892818560611103, 0.9558412204301288, 1.0495178515393147","0.09626919550343453, 0.084900270162926, 0.08334177456783687, 0.08490027016292563, 0.09626919550343488"
4.653061224489796,0.8979591836734694,"0.2271053419342614, -0.10550886752674424, 0.2568070511849678, -0.10550886752674246, 0.2271053419342577","1.0568326996655357, 0.9489421313157556, 0.9884503380374181, 0.9489421313157556, 1.0568326996655366","0.10288743806442882, 0.08470241099799422, 0.08446469773009015, 0.0847024109979939, 0.10288743806442918"
4.653061224489796,0.9795918367346939,"0.22506900412452485, -0.1040247260264299, 0.25791144380381315, -0.1040247260264284, 0.2250690041245205","1.064765978852091, 0.9413669772403626, 0.987734087815094, 0.9413669772403632, 1.0647659788520918","0.11010375530055137, 0.08441733451439365, 0.0856583402136961, 0.0844173345143937, 0.11010375530055208"
4.653061224489796,1.0612244897959184,"0.2228305345517515, -0.10242226508156346, 0.2591834610596234, -0.10242226508156524, 0.2228305345517539","1.0733787129466337, 0.9330390529747425, 0.9871644681572456, 0.9330390529747432, 1.0733787129466332","0.11797592990397679, 0.08403145390635769, 0.08693523084978218, 0.08403145390635762, 0.11797592990397629"
4.653061224489796,1.1428571428571428,"0.2203788073373545, -0.10069320119256381, 0.2606287877104212, -0.10069320119256378, 0.22037880733735216","1.0827359944364443, 0.9238746161181658, 0.9867787788907805, 0.9238746161181666, 1.082735994436446","0.12656555862918123, 0.08352995092858786, 0.08831080253648814, 0.08352995092858775, 0.12656555862918217"
4.653061224489796,1.2244897959183674,"0.2177034958944084, -0.09882927473662304, 0.2622515576844281, -0.09882927473662353, 0.21770349589441026","1.0929063579002474, 0.9137831647188637, 0.9866209547617799, 0.9137831647188643, 1.0929063579002471","0.13593743626791205, 0.08289686657986943, 0.08980385837666384, 0.08289686657986953, 0.1359374362679115"
4.653061224489796,1.3061224489795917,"0.21479562928265117, -0.09682253378168099, 0.26405380899806175, -0.0968225337816804, 0.21479562928264812","1.1039607346306664, 0.9026681668778941, 0.9867421969828791, 0.9026681668778935, 1.1039607346306672","0.14615854076884777, 0.08211528622846984, 0.09143705057041582, 0.0821152862284695, 0.1461585407688487"
4.653061224489796,1.3877551020408163,"0.21164828169241945, -0.09466570623204806, 0.2660348490792573, -0.0946657062320472, 0.21164828169241842","1.1159708703482945, 0.8904284017636486, 0.987201455776113, 0.8904284017636488, 1.1159708703482942","0.15729650854170055, 0.08116764831156315, 0.09323733865178997, 0.0811676483115634, 0.15729650854170063"
4.653061224489796,1.469387755102041,"0.2082573980037775, -0.09235266906935302, 0.26819054213115096, -0.09235266906935113, 0.20825739800377607","1.129007081948968, 0.8769600924449543, 0.9880656512121561, 0.8769600924449541, 1.1290070819489684","0.16941748398087414, 0.08003620765188232, 0.095236376533319, 0.08003620765188227, 0.1694174839808743"
4.653061224489796,1.5510204081632653,"0.20462274334129926, -0.08987901616836436, 0.2705125456541303, -0.08987901616836419, 0.2046227433412991","1.1431352388900604, 0.8621600172695039, 0.9894094876808708, 0.8621600172695049, 1.1431352388900615","0.1825832372140576, 0.07870368260409175, 0.09747075722458085, 0.07870368260409205, 0.18258323721405792"
4.653061224489796,1.6326530612244898,"0.20074894209408867, -0.08724271405635778, 0.27298754392453967, -0.0872427140563565, 0.2007489420940862","1.1584128898147361, 0.8459297658385845, 0.9913146886933605, 0.845929765838584, 1.1584128898147374","0.19684747813510498, 0.07715410728878333, 0.09998202174971299, 0.07715410728878325, 0.19684747813510595"
4.653061224489796,1.7142857142857142,"0.19664654175214824, -0.08444481737718176, 0.27559655125006616, -0.08444481737718224, 0.19664654175214952","1.174884526185103, 0.8281812426834119, 0.9938684622629704, 0.8281812426834122, 1.1748845261851035","0.2122513630494267, 0.07537389343270742, 0.10281631839379657, 0.07537389343270755, 0.21225136304942674"
4.653061224489796,1.7959183673469388,"0.19233300095189687, -0.08149019315618547, 0.2783143844085789, -0.08149019315618472, 0.19233300095189454","1.1925760913235839, 0.8088434009390508, 0.997161015474731, 0.8088434009390503, 1.1925760913235843","0.22881830128285144, 0.07335307855905684, 0.1060235861737633, 0.07335307855905669, 0.22881830128285233"
4.653061224489796,1.8775510204081634,"0.1878334643798828, -0.07838817760379885, 0.28110942644783343, -0.07838817760379904, 0.18783346437988171","1.2114890082008642, 0.7878699991741016, 1.0012819852500685, 0.7878699991741009, 1.211489008200865","0.24654832523637923, 0.0710866978278324, 0.10965614114140994, 0.07108669782783215, 0.24654832523638012"
4.653061224489796,1.9591836734693877,"0.18318115872348162, -0.0751530661361256, 0.283943814825289, -0.07515306613612488, 0.1831811587234798","1.2315942022859512, 0.7652479202146084, 1.0063157549988802, 0.7652479202146079, 1.2315942022859527","0.2654124784825059, 0.068576168343678, 0.11376657606442053, 0.06857616834367786, 0.26541247848250726"
4.653061224489796,2.0408163265306123,"0.17841723633911305, -0.07180432421217406, 0.2867741757461211, -0.07180432421217334, 0.17841723633911355","1.2528268066149484, 0.741005298054332, 1.0123357906614416, 0.7410052980543309, 1.2528268066149486","0.2853478736932045, 0.065830524741171, 0.11840495217000206, 0.0658305247411711, 0.285347873693205"
4.653061224489796,2.122448979591837,"0.17358992041156923, -0.06836641262231444, 0.2895529844214908, -0.06836641262231413, 0.17358992041156882","1.2750824018440041, 0.7152184254319023, 1.0193983454481892, 0.715218425431902, 1.2750824018440043","0.30625422512532513, 0.06286730635511939, 0.1236153689682784, 0.06286730635511917, 0.30625422512532535"
4.653061224489796,2.204081632653061,"0.16875287665570324, -0.06486815362116707, 0.29223055393092956, -0.0648681536211661, 0.1687528766557005","1.2982156944223684, 0.6880162467365607, 1.027536117682142, 0.6880162467365594, 1.2982156944223704","0.32799270319620066, 0.059712886183004035, 0.12943213612811366, 0.05971288618300387, 0.32799270319620294"
4.653061224489796,2.2857142857142856,"0.16396285076450157, -0.0613416255638963, 0.2947575495987897, -0.061341625563896135, 0.1639628507645012","1.3220424033532727, 0.6595812751808141, 1.0367526429318277, 0.6595812751808139, 1.3220424033532736","0.3503878281830276, 0.056402066056328734, 0.13587591585130207, 0.05640206605632858, 0.350387828183028"
4.653061224489796,2.36734693877551,"0.15927675032658217, -0.05782065550366444, 0.29708781035416587, -0.05782065550366419, 0.15927675032658078","1.3463447753187432, 0.6301460806121599, 1.0470182881381935, 0.6301460806121597, 1.346344775318745","0.3732327846538627, 0.05297684835179377, 0.14295031680446887, 0.05297684835179369, 0.3732327846538642"
4.653061224489796,2.4489795918367347,"0.15474848132118102, -0.05433906295892263, 0.29918116327548405, -0.05433906295892307, 0.15474848132118096","1.3708806081858032, 0.599985077123437, 1.0582686293815207, 0.5999850771234383, 1.370880608185804","0.39629802684807014, 0.049484423732729196, 0.15063945804461074, 0.049484423732729245, 0.39629802684807014"
4.653061224489796,2.5306122448979593,"0.15042593176815489, -0.05092886900557789, 0.30100587447484506, -0.05092886900557819, 0.15042593176815622","1.3953950400298725, 0.5694021028173595, 1.0704057143055385, 0.56940210281736, 1.3953950400298711","0.41934245908601037, 0.045974559941500265, 0.1589069515088138, 0.04597455994150027, 0.41934245908600865"
4.653061224489796,2.6122448979591835,"0.1463484962898604, -0.047618701342327735, 0.30254041010493526, -0.0476187013423279, 0.1463484962898599","1.4196338164801925, 0.5387150457677217, 1.083302275504172, 0.5387150457677217, 1.4196338164801932","0.4421259671368084, 0.04249669924263065, 0.1676965710798503, 0.04249669924263061, 0.4421259671368087"
4.653061224489796,2.693877551020408,"0.14254544693118515, -0.04443258958246658, 0.30377428530256284, -0.0444325895824666, 0.14254544693118537","1.4433564453986545, 0.5082393180980291, 1.0968084730066332, 0.5082393180980291, 1.443356445398655","0.4644217979551202, 0.03909713397435213, 0.17693461844875003, 0.03909713397435223, 0.46442179795512034"
4.653061224489796,2.7755102040816326,"0.1390352998262659, -0.04138926561253928, 0.30470793157254517, -0.041389265612539236, 0.1390352998262676","1.466347680414164, 0.47827215401807927, 1.1107603311355165, 0.4782721540180803, 1.466347680414161","0.48602732441078716, 0.035816610546598265, 0.1865337237896484, 0.03581661054659835, 0.4860273244107841"
4.653061224489796,2.857142857142857,"0.13582614922577624, -0.038501986037234925, 0.30535167362291715, -0.03850198603723547, 0.13582614922577757","1.4884261309216362, 0.44907946631954176, 1.1249888055176462, 0.44907946631954265, 1.4884261309216376","0.5067720741181497, 0.03268861861522972, 0.19639760271993378, 0.032688618615229835, 0.5067720741181496"
4.653061224489796,2.938775510204082,"0.1329167893209658, -0.03577880622451582, 0.3057240338071004, -0.03577880622451557, 0.13291678932096546","1.5094493610795503, 0.4208864307403222, 1.139328416360256, 0.4208864307403223, 1.5094493610795503","0.526522437313057, 0.029738484318188586, 0.20642618130351156, 0.02973848431818857, 0.526522437313057"
4.653061224489796,3.020408163265306,"0.130298354662784, -0.033223179440566464, 0.3058496495555647, -0.033223179440566394, 0.1302983546627846","1.529315448440416, 0.39387225804112014, 1.1536245870369302, 0.39387225804112047, 1.5293154484404174","0.5451830413390517, 0.026983244974147516, 0.21652051317225932, 0.02698324497414773, 0.545183041339052"
4.653061224489796,3.1020408163265305,"0.1279561912947048, -0.03083473707330389, 0.30575709155719855, -0.03083473707330428, 0.12795619129470498","1.5479614736728127, 0.36816895052142756, 1.1677391516115203, 0.3681689505214286, 1.5479614736728124","0.5626952477332462, 0.024432172315344947, 0.22658702594797903, 0.024432172315345006, 0.5626952477332456"
4.653061224489796,3.183673469387755,"0.12587170985339824, -0.028610120765552735, 0.30547682182430913, -0.028610120765552777, 0.12587170985339846","1.5653597186025825, 0.34386335938595447, 1.1815538440229276, 0.34386335938595475, 1.5653597186025823","0.5790335109904707, 0.022087750448145316, 0.23654080407303935, 0.02208775044814533, 0.5790335109904703"
4.653061224489796,3.2653061224489797,"0.12402404359172126, -0.026543770896824664, 0.30503945461020865, -0.026543770896824567, 0.12402404359171953","1.5815124472377011, 0.3210016145343948, 1.1949718764558064, 0.32100161453439413, 1.5815124472377042","0.5942004249084095, 0.01994690342503069, 0.2463077940846051, 0.019946903425030648, 0.5942004249084127"
4.653061224489796,3.3469387755102042,"0.12239141296192613, -0.02462861430071521, 0.3044744026775766, -0.024628614300715654, 0.12239141296192813","1.5964460761779975, 0.2995949676058287, 1.2079179124323502, 0.29959496760583015, 1.5964460761779926","0.6082212142483866, 0.018002292996051553, 0.2558259695481878, 0.01800229299605166, 0.6082212142483823"
4.653061224489796,3.4285714285714284,"0.12095216587136143, -0.022856627467247724, 0.3038089231917731, -0.022856627467247606, 0.1209521658713607","1.610205374067466, 0.2796262084387518, 1.2203368349875623, 0.27962620843875174, 1.610205374067467","0.6211382700694416, 0.016243552532704254, 0.265045597113448, 0.01624355253270426, 0.6211382700694427"
4.653061224489796,3.510204081632653,"0.11968551041561826, -0.021219275155468044, 0.30306752947970184, -0.021219275155467593, 0.11968551041561587","1.6228481289774508, 0.2610560109464053, 1.2321917201522865, 0.26105601094640407, 1.6228481289774557","0.6330061371404468, 0.014658372859715996, 0.27392879961403016, 0.014658372859715944, 0.6330061371404514"
4.653061224489796,3.5918367346938775,"0.11857198410718539, -0.019707838005107642, 0.30227170779584245, -0.019707838005108086, 0.11857198410718817","1.6344405342357986, 0.24382877599917963, 1.2434613795300482, 0.24382877599918135, 1.634440534235794","0.6438871846462679, 0.013233399470458769, 0.2824486248330349, 0.013233399470458922, 0.6438871846462629"
4.653061224489796,3.673469387755102,"0.11759371422162607, -0.01831364844142945, 0.30143986843960996, -0.01831364844142888, 0.11759371422162229","1.6450533922116573, 0.22787772722409036, 1.2541377611285003, 0.22787772722408883, 1.6450533922116648","0.6538480500339839, 0.011954933479343443, 0.29058781227613245, 0.01195493347934331, 0.6538480500339909"
4.653061224489796,3.7551020408163267,"0.11673452329200656, -0.017028254674807314, 0.3005874627655976, -0.01702825467480768, 0.11673452329201112","1.654759129369105, 0.21312916240607588, 1.2642234164496453, 0.2131291624060777, 1.6547591293690962","0.6629568469044671, 0.010809449973339467, 0.29833741789274626, 0.010809449973339609, 0.6629568469044586"
4.653061224489796,3.836734693877551,"0.11597992700183374, -0.01584353035130734, 0.29972720669894504, -0.015843530351307512, 0.1159799270018364","1.6636295509150947, 0.19950586519126035, 1.2737291677872946, 0.19950586519126168, 1.6636295509150911","0.6712810676825411, 0.009783958855487628, 0.30569541850522686, 0.009783958855487657, 0.6712810676825366"
4.653061224489796,3.9183673469387754,"0.1153170624944212, -0.014751744142893194, 0.29886936329694325, -0.014751744142893278, 0.1153170624944222","1.6717342308691092, 0.18692974444549673, 1.2826720493707906, 0.1869297444454971, 1.6717342308691072","0.6788860820412669, 0.008866237435529502, 0.31266538074207445, 0.008866237435529523, 0.6788860820412649"
4.653061224489796,4.0,"0.1147345757888748, -0.01374560029091703, 0.2980220490040802, -0.013745600290917412, 0.11473457578887991","1.6791394236214594, 0.1753238008138237, 1.2910735511294438, 0.17532380081382534, 1.679139423621451","0.6858341234820062, 0.0080449634984271, 0.3192552474301117, 0.008044963498427204, 0.6858341234819972"
4.775510204081633,0.0,"0.23992253755983375, -0.11726649202714345, 0.25468790893461685, -0.11726649202714284, 0.23992253755983595","1.0000000000000002, 1.0, 1.0000000000000007, 0.9999999999999999, 1.0","0.051247447466817864, 0.081551979998259, 0.0721768865348733, 0.08155197999825915, 0.05124744746681762"
4.775510204081633,0.08163265306122448,"0.2394416663353223, -0.11667080935145599, 0.25445828603226295, -0.11667080935145521, 0.23944166633532585","1.0033678371761494, 0.9971496090971563, 0.9989651074533885, 0.9971496090971563, 1.003367837176149","0.05404136291897262, 0.08174468278356173, 0.07289883409048323, 0.08174468278356198, 0.054041362918972324"
4.775510204081633,0.16326530612244897,"0.2388690628144814, -0.11602436778404465, 0.25431060993912297, -0.11602436778404346, 0.23886906281448372","1.0069517016218743, 0.994085742571587, 0.9979251116130782, 0.9940857425715868, 1.0069517016218739","0.05705237713745481, 0.08192951062593411, 0.07365060147596696, 0.08192951062593426, 0.05705237713745443"
4.775510204081633,0.24489795918367346,"0.23819817909109825, -0.11532383723832201, 0.2542513162944444, -0.11532383723832115, 0.23819817909110053","1.010774126504951, 0.9907847727992108, 0.9968822013916758, 0.9907847727992114, 1.010774126504951","0.06030154676003717, 0.08210273176672771, 0.07443227793427504, 0.08210273176672765, 0.060301546760036705"
4.775510204081633,0.32653061224489793,"0.23742191127631107, -0.11456549032032198, 0.2542871580880166, -0.11456549032032207, 0.2374219112763163","1.0148599971280274, 0.9872201953937941, 0.9958396149563569, 0.9872201953937936, 1.0148599971280259","0.06381222753351254, 0.08226010416177809, 0.07524434872270418, 0.08226010416177833, 0.06381222753351191"
4.775510204081633,0.40816326530612246,"0.23653257331435784, -0.11374517352911367, 0.2544252004295091, -0.11374517352911237, 0.2365325733143592","1.0192368171744406, 0.9833622630897959, 0.9948018394715288, 0.9833622630897962, 1.019236817174441","0.06761032108922817, 0.08239680467758859, 0.07608777529047292, 0.08239680467758873, 0.067610321089228"
4.775510204081633,0.4897959183673469,"0.23552187675940334, -0.1128582786676598, 0.2546728038165081, -0.11285827866765971, 0.23552187675940817","1.0239349920459535, 0.9791775830165813, 0.9937748498749307, 0.9791775830165819, 1.023934992045954","0.07172453782999895, 0.08250735213035627, 0.07696409572977356, 0.08250735213035676, 0.07172453782999869"
4.775510204081633,0.5714285714285714,"0.23438091992374158, -0.11189971604621399, 0.25503759224494754, -0.11189971604621113, 0.2343809199237361","1.0289881252664448, 0.9746286786001666, 0.9927663922667783, 0.9746286786001669, 1.0289881252664455","0.07618667186522683, 0.08258552469267161, 0.07787554913957748, 0.08258552469267137, 0.07618667186522719"
4.775510204081633,0.6530612244897959,"0.23310019089790407, -0.11086389169249031, 0.2555274015891754, -0.11086389169248856, 0.2331001908978995","1.0344333210470644, 0.9696735201158457, 0.9917863176741792, 0.9696735201158453, 1.0344333210470646","0.08103188117758439, 0.08262427282084736, 0.07882522800791826, 0.08262427282084685, 0.08103188117758481"
4.775510204081633,0.7346938775510204,"0.23166959029142997, -0.10974469160256145, 0.2561502026222654, -0.10974469160255979, 0.23166959029142606","1.0403114821177581, 0.9642650320125573, 0.9908469717393702, 0.9642650320125582, 1.0403114821177586","0.08629896239394817, 0.0826156297486658, 0.07981726309439596, 0.0826156297486656, 0.08629896239394831"
4.775510204081633,0.8163265306122449,"0.23007848116857657, -0.10853547710513001, 0.2569139918731089, -0.10853547710512834, 0.23007848116857293","1.0466675865105626, 0.9583505909771746, 0.9899636450245264, 0.9583505909771739, 1.0466675865105621","0.09203060436848581, 0.08255062283018018, 0.08085704547663694, 0.08255062283017973, 0.09203060436848605"
4.775510204081633,0.8979591836734694,"0.22831577555102167, -0.10722909669284575, 0.25782664228365, -0.10722909669284389, 0.22831577555101812","1.0535509197772739, 0.95187153683133, 0.9891550867827942, 0.9518715368313293, 1.0535509197772748","0.09827359793627138, 0.08241919068502082, 0.08195149025422531, 0.0824191906850205, 0.09827359793627194"
4.775510204081633,0.9795918367346939,"0.22637006897528172, -0.10581792120035491, 0.258895704450144, -0.10581792120035538, 0.2263700689752844","1.0610152297794047, 0.9447627293475802, 0.9884440817460312, 0.94476272934758, 1.0610152297794038","0.1050789703300754, 0.08221011329712594, 0.08310934564974114, 0.08221011329712569, 0.10507897033007509"
4.775510204081633,1.0612244897959184,"0.2242298367916916, -0.10429391094257173, 0.26012814830176184, -0.10429391094257057, 0.22422983679168867","1.069118759408855, 0.936952198533466, 0.987858084115358, 0.9369521985334661, 1.0691187594088558","0.11250200160572851, 0.08191096502085388, 0.08434154958340256, 0.08191096502085375, 0.11250200160572904"
4.775510204081633,1.1428571428571428,"0.22188370791343326, -0.10264872526230315, 0.26153003469773833, -0.10264872526230306, 0.22188370791343465","1.0779240982806502, 0.9283609543394378, 0.9874298947598225, 0.9283609543394382, 1.0779240982806502","0.12060206691263195, 0.08150810389234196, 0.08566163278767859, 0.081508103892342, 0.12060206691263169"
4.775510204081633,1.2244897959183674,"0.21932083312385842, -0.10087388665945066, 0.26310610707118676, -0.10087388665944858, 0.21932083312385386","1.0874977778761585, 0.9189030442347526, 0.9871983557781769, 0.9189030442347527, 1.087497777876159","0.12944223287522583, 0.08098671467100707, 0.08708616261511282, 0.08098671467100692, 0.12944223287522638"
4.775510204081633,1.3061224489795917,"0.2165313651344354, -0.09896101291166454, 0.26485929555445753, -0.09896101291166462, 0.21653136513443624","1.0979095168013402, 0.9084859730930771, 0.9872090202111663, 0.9084859730930763, 1.0979095168013397","0.13908851968987726, 0.08033092742094589, 0.08863521422307698, 0.08033092742094596, 0.13908851968987737"
4.775510204081633,1.3877551020408163,"0.21350706535704234, -0.09690213076536289, 0.2667901308166445, -0.09690213076536242, 0.21350706535703862","1.1092310058816421, 0.8970116275228845, 0.987514733190948, 0.897011627522884, 1.1092310058816444","0.14960872483236604, 0.07952403768938257, 0.09033284511702976, 0.07952403768938196, 0.14960872483236737"
4.775510204081633,1.469387755102041,"0.21024204649413772, -0.09469008304319348, 0.2688960730981114, -0.09469008304319443, 0.21024204649413875","1.1215341105098902, 0.8843778723950559, 0.9881760341901077, 0.8843778723950567, 1.1215341105098902","0.16107069311253425, 0.07854885755930814, 0.09220753456339757, 0.07854885755930811, 0.1610706931125341"
4.775510204081633,1.5510204081632653,"0.20673364900278574, -0.09231903630633698, 0.27117077460710054, -0.09231903630633786, 0.20673364900278873","1.1348883659175049, 0.8704810043174245, 0.9892612595301425, 0.8704810043174254, 1.1348883659175049","0.17353991683153216, 0.07738822764037219, 0.09429253104362977, 0.07738822764037233, 0.17353991683153128"
4.775510204081633,1.6326530612244898,"0.2029834317133678, -0.08978508732230159, 0.27360331121786957, -0.08978508732230062, 0.20298343171336491","1.1493576582051808, 0.855219245178934, 0.9908461932317708, 0.8552192451789347, 1.1493576582051825","0.18707636689200208, 0.07602571643166699, 0.09662602950637172, 0.07602571643166682, 0.187076366892003"
4.775510204081633,1.7142857142857142,"0.19899823138644404, -0.08708695246413864, 0.27617744215538975, -0.08708695246413856, 0.19899823138644357","1.164996030460258, 0.8384974250803421, 0.9930130889188007, 0.8384974250803421, 1.164996030460258","0.20173050067721943, 0.07444652297663157, 0.09925107798994595, 0.07444652297663162, 0.20173050067721957"
4.775510204081633,1.7959183673469388,"0.1947912131713208, -0.08422670440447061, 0.27887098246629954, -0.08422670440447208, 0.19479121317132253","1.1818426399715771, 0.8202329221384388, 0.9958488757799696, 0.8202329221384395, 1.1818426399715758","0.2175384754923475, 0.07263857878347721, 0.10221509471630863, 0.0726385787834773, 0.2175384754923465"
4.775510204081633,1.8775510204081634,"0.19038279671174052, -0.08121049607011169, 0.2816553987167419, -0.08121049607011346, 0.1903827967117428","1.199916027264249, 0.8003627822154671, 0.9994423810405676, 0.8003627822154682, 1.1999160272642486","0.2345167245147781, 0.07059381381618525, 0.1055688691103492, 0.07059381381618525, 0.2345167245147774"
4.775510204081633,1.9591836734693877,"0.1858013075799157, -0.07804918603686331, 0.28449575691389517, -0.07804918603686453, 0.18580130757991695","1.2192080395551934, 0.7788517278593436, 1.0038804651709263, 0.778851727859345, 1.2192080395551927","0.2526562243618189, 0.06830950930095453, 0.10936493285079323, 0.06830950930095453, 0.2526562243618178"
4.775510204081633,2.0408163265306123,"0.1810831814396438, -0.07475875842932608, 0.2873511539793653, -0.07475875842932578, 0.1810831814396428","1.2396779635843367, 0.7557004931245921, 1.009243086582141, 0.7557004931245919, 1.239677963584338","0.2719169833531991, 0.0657896112615596, 0.11365523024818339, 0.06578961126155976, 0.27191698335320014"
4.775510204081633,2.122448979591837,"0.17627255241571083, -0.07136042250784128, 0.2901757401842617, -0.07136042250784061, 0.17627255241570888","1.2612476269933584, 0.7309536268669865, 1.0155974922793098, 0.7309536268669856, 1.261247626993359","0.2922234704562868, 0.06304583237135017, 0.11848809850503754, 0.06304583237134993, 0.2922234704562878"
4.775510204081633,2.204081632653061,"0.17142010052542705, -0.06788029168452944, 0.29292038231820633, -0.06788029168452894, 0.17142010052542556","1.2837983624871518, 0.7047056606220699, 1.0229919537815575, 0.7047056606220701, 1.2837983624871552","0.3134618289601415, 0.060098340281616286, 0.12390468740798603, 0.06009834028161635, 0.31346182896014363"
4.775510204081633,2.2857142857142856,"0.16658112201910646, -0.06434858496456317, 0.29553492589091224, -0.06434858496456378, 0.16658112201910816","1.3071707219871453, 0.6771044315518084, 1.0314496929220935, 0.6771044315518089, 1.307170721987143","0.3354797075410048, 0.056975834877513655, 0.1299350911419923, 0.0569758348775138, 0.335479707541003"
4.775510204081633,2.36734693877551,"0.16181291403420173, -0.06079836452547785, 0.29797090098255286, -0.060798364525478876, 0.1618129140342024","1.3311676181268342, 0.6483504784648553, 1.040963806816622, 0.6483504784648543, 1.3311676181268335","0.35808933808826826, 0.05371486832556664, 0.1365946027776563, 0.053714868325566316, 0.35808933808826826"
4.775510204081633,2.4489795918367347,"0.15717170690238907, -0.05726390936487011, 0.3001844049249618, -0.05726390936486994, 0.15717170690238924","1.3555611421807292, 0.6186918404103512, 1.0514940348178403, 0.6186918404103519, 1.35556114218073","0.38107408117489366, 0.05035836257934942, 0.14388059314243912, 0.05035836257934948, 0.38107408117489366"
4.775510204081633,2.5306122448979593,"0.15270949570530912, -0.05377890481806509, 0.30213881822551025, -0.05377890481806605, 0.15270949570531184","1.3801027178004766, 0.5884142513459586, 1.0629660617071315, 0.5884142513459609, 1.380102717800472","0.40419810169351816, 0.046953414330439716, 0.15177051889974888, 0.04695341433044015, 0.4041981016935142"
4.775510204081633,2.6122448979591835,"0.14847117728136694, -0.05037467601175587, 0.30380699746077694, -0.05037467601175617, 0.1484711772813681","1.4045356303304688, 0.5578275104406911, 1.0752737184576822, 0.5578275104406913, 1.404535630330467","0.42721825420849596, 0.043548615484567454, 0.16022145601791005, 0.043548615484567336, 0.42721825420849435"
4.775510204081633,2.693877551020408,"0.1444923648644001, -0.04707869166169795, 0.30517265359459533, -0.04707869166169783, 0.1444923648644003","1.428608493064595, 0.5272495139216613, 1.0882839860274878, 0.5272495139216612, 1.4286084930645955","0.44989681145187665, 0.04019121852200404, 0.16917134349502827, 0.040191218522004094, 0.4498968114518768"
4.775510204081633,2.7755102040816326,"0.14079813322052626, -0.04391351079938899, 0.30623075515772574, -0.04391351079938853, 0.14079813322052565","1.4520880213042882, 0.4969898580511476, 1.1018442412891283, 0.49698985805114815, 1.452088021304288","0.47201349729092235, 0.036924508412569806, 0.17854185332322728, 0.03692450841256986, 0.4720134972909222"
4.775510204081633,2.857142857142857,"0.13740277545120605, -0.04089625510623389, 0.30698695931005515, -0.04089625510623375, 0.1374027754512065","1.474769642305349, 0.4673349418217442, 1.1157908317458156, 0.46733494182174473, 1.4747696423053498","0.49337544168922237, 0.03378569547210453, 0.18824254409741742, 0.03378569547210458, 0.49337544168922237"
4.775510204081633,2.938775510204082,"0.1343104781672564, -0.03803859132674044, 0.3074562263189687, -0.03803859132674044, 0.13431047816725572","1.4964849206106112, 0.43853612166852995, 1.1299579154417168, 0.43853612166852884, 1.4964849206106132","0.5138241069356938, 0.030804532475416195, 0.19817577314549065, 0.03080453247541623, 0.5138241069356959"
4.775510204081633,3.020408163265306,"0.13151669051082399, -0.0353471292548793, 0.30766087748810944, -0.03534712925487957, 0.13151669051082537","1.5171053820004716, 0.4108018305425962, 1.1441855749138645, 0.41080183054259667, 1.5171053820004705","0.5332388064974902, 0.0280027194750209, 0.20824177504128333, 0.028002719475020987, 0.5332388064974887"
4.775510204081633,3.1020408163265305,"0.1290099001331268, -0.03282409776870901, 0.3076283952711659, -0.032824097768709024, 0.1290099001331253","1.5365429065752099, 0.3842938627207529, 1.1583264614080733, 0.38429386272075294, 1.5365429065752128","0.551536990899921, 0.02539403021474946, 0.21834336455833506, 0.02539403021474935, 0.5515369908999233"
4.775510204081633,3.183673469387755,"0.12677353563451899, -0.030468156283172232, 0.3073892412973068, -0.030468156283172065, 0.12677353563451838","1.5547472999341205, 0.35912742033026257, 1.1722505594712334, 0.35912742033026224, 1.5547472999341205","0.5686718851216516, 0.02298500345187103, 0.22838985867280853, 0.022985003451870947, 0.568671885121652"
4.775510204081633,3.2653061224489797,"0.1247877706234603, -0.028275222115252893, 0.3069749029835842, -0.02827522211525313, 0.12478777062346208","1.5717018805628782, 0.3353741239601755, 1.1858479909538968, 0.3353741239601768, 1.5717018805628764","0.5846282735407903, 0.020776001903019564, 0.23829998825708756, 0.0207760019030197, 0.5846282735407875"
4.775510204081633,3.3469387755102042,"0.123031082511602, -0.026239231125501902, 0.30641629722779906, -0.026239231125501944, 0.12303108251160305","1.5874179519027816, 0.31306703020506954, 1.1990300357843002, 0.3130670302050705, 1.5874179519027813","0.5994172527667392, 0.018762445600934922, 0.24800374088591026, 0.018762445600935027, 0.599417252766738"
4.775510204081633,3.4285714285714284,"0.12148149584496387, -0.02435278665372259, 0.30574258161751716, -0.024352786653722723, 0.12148149584496493","1.6019289148903173, 0.2922067321785268, 1.2117287058623152, 0.29220673217852733, 1.6019289148903173","0.6130706631868318, 0.016936060391897496, 0.25744321112488155, 0.016936060391897566, 0.6130706631868309"
4.775510204081633,3.510204081632653,"0.12011750077462768, -0.02260768212048596, 0.30498036269171425, -0.022607682120486222, 0.12011750077463013","1.6152845902696948, 0.2727677740734227, 1.2238952713137679, 0.2727677740734245, 1.6152845902696908","0.6256357323507813, 0.01528602943220119, 0.26657262081517336, 0.015286029432201389, 0.6256357323507771"
4.775510204081633,3.5918367346938775,"0.11891867699674324, -0.020995302801241268, 0.304153251608995, -0.02099530280124154, 0.11891867699674474","1.6275461189259146, 0.2547048173147534, 1.2354981275186683, 0.2547048173147543, 1.6275461189259128","0.6371702731256745, 0.013799982515696384, 0.2753577107420705, 0.01379998251569642, 0.6371702731256722"
4.775510204081633,3.673469387755102,"0.11786607367605478, -0.019506922928545167, 0.3032816985049799, -0.019506922928545417, 0.11786607367605606","1.6387816314698895, 0.2379582009237246, 1.2465203352127747, 0.23795820092372566, 1.638781631469887","0.6477386129208933, 0.0124647969037554, 0.2837747067845638, 0.012464796903755512, 0.647738612920891"
4.775510204081633,3.7551020408163267,"0.11694240136860012, -0.01813391790828886, 0.30238303307937886, -0.018133917908288576, 0.11694240136859851","1.6490627432305618, 0.22245871174715826, 1.2569570900445581, 0.22245871174715792, 1.6490627432305653","0.657408303681517, 0.011267211003547675, 0.291809041179444, 0.01126721100354768, 0.6574083036815201"
4.775510204081633,3.836734693877551,"0.11613208827423921, -0.016867910782248523, 0.30147164501601936, -0.016867910782248176, 0.11613208827423843","1.6584618402730236, 0.2081315094036988, 1.266813300646556, 0.2081315094036984, 1.6584618402730253","0.6662475779040404, 0.010194269120443616, 0.2994539748818349, 0.010194269120443612, 0.6662475779040419"
4.775510204081633,3.9183673469387754,"0.1154212448960385, -0.015700869348032068, 0.3005592489039847, -0.015700869348032324, 0.11542124489604122","1.667050069948652, 0.19489923686475472, 1.2761013863731918, 0.19489923686475574, 1.6670500699486466","0.6743234676563061, 0.009233623705673745, 0.3067092292534593, 0.009233623705673823, 0.6743234676563009"
4.775510204081633,4.0,"0.1147975715753346, -0.01462516702589093, 0.29965519090110926, -0.014625167025891284, 0.11479757157533871","1.674895926296287, 0.18268439767333533, 1.284839352060764, 0.18268439767333688, 1.6748959262962795","0.6817004824214878, 0.008373723629121772, 0.31357970027117066, 0.008373723629121857, 0.6817004824214801"
4.8979591836734695,0.0,"0.24054731372840116, -0.11843455461587624, 0.2557744817749444, -0.11843455461587676, 0.24054731372840774","0.9999999999999999, 1.0000000000000002, 1.0000000000000007, 1.0000000000000009, 1.0000000000000009","0.0494283917762231, 0.0789596816400393, 0.06985637799104187, 0.07895968164003954, 0.04942839177622272"
4.8979591836734695,0.08163265306122448,"0.24008775335294755, -0.11786273083109172, 0.2555499549562837, -0.11786273083109158, 0.2400877533529522","1.0031809131785794, 0.9972977783650786, 0.9990426169126848, 0.9972977783650783, 1.0031809131785794","0.0520823018852472, 0.07916852023603385, 0.0705792215903037, 0.07916852023603381, 0.05208230188524697"
4.8979591836734695,0.16326530612244897,"0.2395407097992539, -0.1172432693350397, 0.25540511907156793, -0.11724326933503909, 0.2395407097992569","1.0065650359531737, 0.9943954378873827, 0.9980790523188876, 0.9943954378873828, 1.0065650359531733","0.054940149213749664, 0.07937111218189913, 0.07133009778192087, 0.07937111218189916, 0.05494014921374934"
4.8979591836734695,0.24489795918367346,"0.23889994606458848, -0.1165730083219439, 0.2553461245147067, -0.11657300832194431, 0.23889994606459353","1.0101733369193355, 0.9912711044179173, 0.997111117325496, 0.991271104417917, 1.0101733369193362","0.05802158861167665, 0.07956413432080023, 0.07210907674677411, 0.07956413432079988, 0.058021588611676375"
4.8979591836734695,0.32653061224489793,"0.2381586915176983, -0.1158484096418925, 0.25537943624838394, -0.11584840964189244, 0.2381586915177028","1.0140289858880167, 0.987900248887791, 0.9961415304483868, 0.9879002488877904, 1.0140289858880158","0.06134842581429108, 0.07974380431551087, 0.07291656783947378, 0.0797438043155112, 0.061348425814290605"
4.8979591836734695,0.40816326530612246,"0.23730961319466615, -0.11506552907005635, 0.25551183175077724, -0.11506552907005518, 0.23730961319466837","1.018157607658147, 0.9842553463319578, 0.9951740920197923, 0.9842553463319583, 1.0181576076581478","0.06494485388671514, 0.07990581623619084, 0.07375338927600446, 0.07990581623619106, 0.06494485388671506"
4.8979591836734695,0.4897959183673469,"0.23634479144923085, -0.11421998598411551, 0.25575038906976566, -0.1142199859841154, 0.2363447914492347","1.0225875548499153, 0.980305498590816, 0.9942138931185391, 0.9803054985908164, 1.0225875548499157","0.06883770770406761, 0.08004527004245313, 0.07462085560399946, 0.08004527004245336, 0.0688377077040672"
4.8979591836734695,0.5714285714285714,"0.2352557028023437, -0.11330693368024991, 0.25610246175580953, -0.11330693368024972, 0.23525570280234634","1.0273501972255317, 0.9760160206463391, 0.9932675642562572, 0.9760160206463393, 1.027350197225532","0.0730567338198791, 0.08015659519283755, 0.07552088627148872, 0.08015659519283755, 0.07305673381987897"
4.8979591836734695,0.6530612244897959,"0.23403321378260375, -0.11232103209044769, 0.2565756366156903, -0.11232103209044467, 0.23403321378259836","1.0324802226341023, 0.9713479926687337, 0.9923435693943286, 0.9713479926687341, 1.0324802226341034","0.07763487087810118, 0.08023346909325434, 0.07645613909370423, 0.08023346909325405, 0.07763487087810171"
4.8979591836734695,0.7346938775510204,"0.2326675907345909, -0.11125642536444114, 0.2571776692597034, -0.11125642536443797, 0.23266759073458507","1.0380159414908188, 0.9662577830390142, 0.991452550940336, 0.9662577830390137, 1.0380159414908188","0.08260853263402253, 0.08026873178881237, 0.07743017285956896, 0.08026873178881211, 0.082608532634023"
4.8979591836734695,0.8163265306122449,"0.23114853202444646, -0.11010672768232127, 0.25791639131575195, -0.11010672768231944, 0.23114853202444235","1.0439995822510388, 0.9606965522532512, 0.9906077309914201, 0.9606965522532513, 1.0439995822510397","0.08801788139649361, 0.08025429927942301, 0.0784476436441529, 0.0802542992794227, 0.08801788139649426"
4.8979591836734695,0.8979591836734694,"0.22946523080408254, -0.10886502180000487, 0.2587995819918468, -0.10886502180000299, 0.2294652308040787","1.0504775593309448, 0.9546097541766367, 0.9898253729848383, 0.9546097541766367, 1.0504775593309454","0.09390707397264504, 0.08018107917995132, 0.07951453948149312, 0.08018107917995113, 0.09390707397264542"
4.8979591836734695,0.9795918367346939,"0.22760647848632204, -0.10752387621852799, 0.2598347954644139, -0.107523876218523, 0.22760647848631518","1.057500686991895, 0.9479366601542611, 0.9891253057076874, 0.9479366601542609, 1.0575006869918957","0.1003244546447749, 0.08003889423998024, 0.08063845772443898, 0.0800388942399801, 0.10032445464477549"
4.8979591836734695,1.0612244897959184,"0.2255608212532087, -0.10607538850286077, 0.2610291344993072, -0.10607538850285975, 0.22556082125320442","1.065124302492444, 0.9406099436053421, 0.9885315078044283, 0.940609943605342, 1.0651243024924442","0.10732266001128991, 0.0798164215741865, 0.08182892841514586, 0.07981642157418635, 0.10732266001129045"
4.8979591836734695,1.1428571428571428,"0.22331678409249106, -0.10451126410074837, 0.262388960016516, -0.1045112641007471, 0.22331678409248845","1.0734082490672914, 0.9325553785042155, 0.9880727448569864, 0.9325553785042144, 1.0734082490672923","0.11495858845251614, 0.07950115839777977, 0.08309778495144042, 0.07950115839777964, 0.11495858845251708"
4.8979591836734695,1.2244897959183674,"0.2208631787099223, -0.10282294188921695, 0.26391952635859084, -0.10282294188921479, 0.22086317870991853","1.082416654013485, 0.9236917249766237, 0.9877832420197818, 0.9236917249766246, 1.0824166540134863","0.12329317255341823, 0.07907942862126968, 0.08445957978415991, 0.07907942862127007, 0.12329317255341925"
4.8979591836734695,1.3061224489795917,"0.21818951266613096, -0.10100177934155477, 0.2656245333508498, -0.10100177934155477, 0.21818951266612865","1.0922174198382137, 0.9139308990537847, 0.9877033622160016, 0.9139308990537849, 1.0922174198382146","0.13239087651494427, 0.07853644873081783, 0.0859320372265796, 0.07853644873081772, 0.13239087651494497"
4.8979591836734695,1.3877551020408163,"0.21528651643273317, -0.09903931121689774, 0.2675055895683321, -0.09903931121689796, 0.2152865164327311","1.1028813283789325, 0.9031785504967108, 0.9878802422487153, 0.9031785504967119, 1.1028813283789352","0.14231882370394464, 0.07785647566507381, 0.08753652702619641, 0.07785647566507352, 0.14231882370394552"
4.8979591836734695,1.469387755102041,"0.21214680163025423, -0.09692759535244216, 0.2695615874443772, -0.09692759535244094, 0.21214680163025126","1.1144806416843676, 0.8913352001209364, 0.9883683163893924, 0.8913352001209348, 1.114480641684367","0.15314544456329232, 0.07702306329318895, 0.08929853048679495, 0.07702306329318845, 0.15314544456329263"
4.8979591836734695,1.5510204081632653,"0.20876565607240374, -0.09465965654923314, 0.2717880009536573, -0.0946596565492335, 0.20876565607240566","1.1270870737329834, 0.878298111566673, 0.9892296294006881, 0.8782981115666741, 1.1270870737329837","0.16493852641389922, 0.07601945656982845, 0.09124805520072109, 0.07601945656982856, 0.16493852641389878"
4.8979591836734695,1.6326530612244898,"0.20514196779893107, -0.09223003352571979, 0.27417613145357567, -0.09223003352572132, 0.20514196779893462","1.140769010574871, 0.863964084269502, 0.9905338103112546, 0.8639640842695029, 1.1407690105748722","0.17776255070002492, 0.0748291519253278, 0.09341993499050859, 0.07482915192532813, 0.17776255070002464"
4.8979591836734695,1.7142857142857142,"0.20127924961347965, -0.0896354232446418, 0.2767123472623232, -0.08963542324464155, 0.2012792496134807","1.1555878824639374, 0.8482333431909364, 0.9923575486902545, 0.8482333431909366, 1.155587882463938","0.191675228707187, 0.07343664682272172, 0.09585392968214958, 0.0734366468227219, 0.1916752287071868"
4.8979591836734695,1.7959183673469388,"0.19718670715946318, -0.08687540066707858, 0.27937738701523196, -0.08687540066707777, 0.19718670715946088","1.171593650963634, 0.8310146520500135, 0.9947833939727042, 0.8310146520500128, 1.1715936509636338","0.20672320403113104, 0.07182838818545556, 0.09859451779236536, 0.07182838818545514, 0.20672320403113156"
4.8979591836734695,1.8775510204081634,"0.1928802584735275, -0.08395317012173836, 0.2821458232964203, -0.08395317012173822, 0.19288025847352863","1.1888194773289118, 0.8122316743865349, 0.9978976965691063, 0.8122316743865348, 1.1888194773289118","0.2229369888518475, 0.06999390623220661, 0.10169025943410864, 0.06999390623220651, 0.22293698885184718"
4.8979591836734695,1.9591836734693877,"0.1883833754381472, -0.08087627868679612, 0.2849858064972971, -0.08087627868679495, 0.18838337543814643","1.2072757913717593, 0.7918304380431032, 1.0017875411702748, 0.7918304380431032, 1.2072757913717598","0.2403253464841899, 0.06792708596885985, 0.10519260470032137, 0.06792708596885987, 0.24032534648419013"
4.8979591836734695,2.0408163265306123,"0.18372758573569142, -0.07765719649690886, 0.2878592215224342, -0.07765719649690983, 0.18372758573569298","1.2269441769934124, 0.7697875217682488, 1.0065366024766766, 0.7697875217682488, 1.2269441769934124","0.2588695191513932, 0.0656274846320384, 0.10915404445678084, 0.0656274846320386, 0.25886951915139345"
4.8979591836734695,2.122448979591837,"0.17895245982441832, -0.07431365083622832, 0.2907223820236197, -0.07431365083622951, 0.17895245982441998","1.247771707639361, 0.7461182966562664, 1.012219991408746, 0.7461182966562667, 1.2477717076393613","0.2785179043624199, 0.06310155545125783, 0.11362555565735029, 0.0631015554512577, 0.2785179043624196"
4.8979591836734695,2.204081632653061,"0.17410492508589495, -0.07086859949638333, 0.29352734882097753, -0.07086859949638336, 0.1741049250858946","1.2696665548512145, 0.7208842686574783, 1.0188983529826157, 0.7208842686574783, 1.2696665548512147","0.29918196063560926, 0.06036359712476834, 0.11865338749291139, 0.06036359712476828, 0.29918196063560937"
4.8979591836734695,2.2857142857142856,"0.16923780996001433, -0.0673497529992591, 0.29622388607848876, -0.06734975299925955, 0.16923780996001575","1.2924957881144457, 0.6941983608570125, 1.0266117020570862, 0.6941983608570127, 1.2924957881144432","0.32073420947582015, 0.05743622970627957, 0.12427536362997783, 0.057436229706279686, 0.3207342094758184"
4.8979591836734695,2.36734693877551,"0.16440762663391123, -0.06378860917590001, 0.2987619650839767, -0.06378860917590087, 0.16440762663391292","1.3160862115090355, 0.6662269424594541, 1.0353736920630214, 0.6662269424594547, 1.3160862115090337","0.3430091270381756, 0.05435021715145463, 0.13051702061930903, 0.05435021715145466, 0.34300912703817404"
4.8979591836734695,2.4489795918367347,"0.15967173827560588, -0.060219042491632124, 0.30109460843205216, -0.06021904249163321, 0.15967173827560743","1.3402287929489445, 0.6371876380474972, 1.045167138007117, 0.6371876380474979, 1.340228792948945","0.3658074401739646, 0.05114352459117659, 0.13738802903146133, 0.05114352459117684, 0.36580744017396444"
4.8979591836734695,2.5306122448979593,"0.15508519544994592, -0.05667557845195351, 0.3031807660040155, -0.056675578451952854, 0.1550851954499451","1.364686742739246, 0.6073424610218856, 1.0559415924777378, 0.6073424610218853, 1.3646867427392468","0.38890386625650386, 0.047859611126256946, 0.14487940903685162, 0.04785961112625694, 0.3889038662565045"
4.8979591836734695,2.6122448979591835,"0.15069762535733372, -0.05319155605653644, 0.3049878613984066, -0.053191556056536055, 0.15069762535733233","1.3892066753523435, 0.5769865419891615, 1.0676135653169878, 0.5769865419891613, 1.3892066753523455","0.41205774662646855, 0.044545095714272315, 0.15296201878832977, 0.04454509571427241, 0.4120577466264705"
4.8979591836734695,2.693877551020408,"0.14655058029294588, -0.0497974141822036, 0.306493667778515, -0.04979741418220353, 0.1465505802929461","1.4135316945426042, 0.5464335043104551, 1.0800696022938814, 0.5464335043104556, 1.4135316945426033","0.4350254649009268, 0.041247059452822046, 0.16158664839536527, 0.04124705945282206, 0.4350254649009261"
4.8979591836734695,2.7755102040816326,"0.14267568275149162, -0.04651931728608005, 0.30768726906917765, -0.04651931728607925, 0.14267568275149012","1.4374148491746692, 0.515999163222653, 1.0931719752053544, 0.5159991632226517, 1.437414849174671","0.45757317597263397, 0.03801032451081651, 0.17068581627802415, 0.03801032451081633, 0.4575731759726358"
4.8979591836734695,2.857142857142857,"0.13909375918505817, -0.04337826632116988, 0.3085690142722228, -0.043378266321170006, 0.13909375918505917","1.460631338293044, 0.48598550952312214, 1.1067663043676708, 0.4859855095231225, 1.4606313382930431","0.47948831389765834, 0.034875053171130745, 0.18017709312004376, 0.034875053171130765, 0.4794883138976572"
4.8979591836734695,2.938775510204082,"0.13581497427677508, -0.04038974378732314, 0.3091495390210971, -0.040389743787322754, 0.13581497427677391","1.4829881190261065, 0.4566668064894618, 1.1206901489688632, 0.4566668064894611, 1.4829881190261085","0.5005886138170371, 0.03187493899796301, 0.1899675412193614, 0.031874938997962926, 0.5005886138170389"
4.8979591836734695,3.020408163265306,"0.13283981385418592, -0.037563846817627186, 0.3094480659268818, -0.03756384681762737, 0.13283981385418686","1.504330098725859, 0.4282791376545205, 1.1347815272392408, 0.42827913765452075, 1.504330098725859","0.5207278865158417, 0.02903613955902401, 0.19995871229079104, 0.029036139559024066, 0.5207278865158412"
4.8979591836734695,3.1020408163265305,"0.13016065730920628, -0.03490579403294236, 0.3094902734474726, -0.03490579403294261, 0.13016065730920612","1.5245427126142523, 0.40101405591809036, 1.1488864629353153, 0.40101405591808986, 1.5245427126142532","0.5397983713832144, 0.02637696375805462, 0.21005162138689012, 0.026376963758054435, 0.5397983713832152"
4.8979591836734695,3.183673469387755,"0.1277636455098513, -0.032416662287641076, 0.30930603355557984, -0.03241666228764191, 0.12776364550985192","1.54355123691512, 0.3750162963028226, 1.1628649335641148, 0.37501629630282285, 1.5435512369151199","0.5577300103689335, 0.023908212357030906, 0.22015119783179876, 0.023908212357030886, 0.5577300103689333"
4.8979591836734695,3.2653061224489797,"0.12563057886000267, -0.03009421559163203, 0.3089272734632569, -0.03009421559163239, 0.12563057886000506","1.5613175555767596, 0.3503849803609421, 1.1765949281246, 0.35038498036094284, 1.5613175555767553","0.5744873297232366, 0.02163399964950728, 0.23016986778910165, 0.021633999649507418, 0.5744873297232327"
4.8979591836734695,3.3469387755102042,"0.12374064828779657, -0.027933718146249342, 0.30838613971690493, -0.027933718146249592, 0.12374064828779724","1.5778352529262833, 0.3271774345511745, 1.189974625045084, 0.32717743455117443, 1.5778352529262825","0.5900647577631177, 0.019552861855485965, 0.24003009984845586, 0.019552861855486055, 0.5900647577631171"
4.8979591836734695,3.4285714285714284,"0.122071882540632, -0.02592866194280989, 0.30771355880435525, -0.025928661942810377, 0.12207188254063289","1.5931238756877515, 0.30541466316021026, 1.2029229223040778, 0.3054146631602112, 1.5931238756877506","0.6044811758268549, 0.017658974215237662, 0.2496659044846697, 0.017658974215237756, 0.6044811758268536"
4.8979591836734695,3.510204081632653,"0.12060226753327086, -0.0240713752236755, 0.3069382153808082, -0.024071375223675626, 0.12060226753327186","1.6072230602129312, 0.28508760235977515, 1.2153786748545894, 0.2850876023597759, 1.6072230602129287","0.617774357516675, 0.01594333813633628, 0.2590233961551525, 0.01594333813633636, 0.6177743575166729"
4.8979591836734695,3.5918367346938775,"0.11931054672977992, -0.022353505087191763, 0.3060859167148263, -0.02235350508719139, 0.11931054672977726","1.6201870225756614, 0.2661634623611522, 1.2272990301263693, 0.2661634623611507, 1.6201870225756676","0.6299957627254786, 0.014394846654809893, 0.2680605957630216, 0.01439484665480975, 0.6299957627254843"
4.8979591836734695,3.673469387755102,"0.11817674344215606, -0.02076638420246199, 0.3051792815206138, -0.020766384202461907, 0.11817674344215429","1.6320797129633386, 0.24859167437279373, 1.2386572253277344, 0.24859167437279245, 1.632079712963344","0.6412059672770194, 0.01300117978231835, 0.27674667626069344, 0.013001179782318253, 0.6412059672770241"
4.8979591836734695,3.7551020408163267,"0.11718245976345798, -0.019301299537196177, 0.30423767954747305, -0.019301299537196635, 0.11718245976346203","1.6429707723956957, 0.23230915372469874, 1.2494401477592192, 0.23230915372470023, 1.6429707723956883","0.6514708550501079, 0.01174951517044803, 0.2850608467433777, 0.011749515170448165, 0.6514708550501007"
4.8979591836734695,3.836734693877551,"0.11631100806090111, -0.017949682889934808, 0.3032773496580675, -0.01794968288993494, 0.11631100806090156","1.6529323108259488, 0.2172447471615117, 1.259645884025081, 0.21724474716151201, 1.652932310825948","0.660858587822206, 0.010627062394229574, 0.2929910432474003, 0.010627062394229593, 0.6608585878222052"
4.8979591836734695,3.9183673469387754,"0.11554742487640596, -0.01670324146911037, 0.30231163318540977, -0.016703241469110182, 0.11554742487640479","1.6620364498203362, 0.20332284455237576, 1.2692814112545756, 0.20332284455237487, 1.6620364498203384","0.6694372972448611, 0.009621442188145223, 0.30053255858156935, 0.009621442188145205, 0.6694372972448637"
4.8979591836734695,4.0,"0.11487840785784459, -0.015554043736194484, 0.30135127175669896, -0.01555404373619454, 0.11487840785784531","1.6703535323750933, 0.1904662068132711, 1.2783605216232719, 0.19046620681327145, 1.670353532375092","0.6772734057288198, 0.008720937491300838, 0.30768670674420273, 0.008720937491300852, 0.6772734057288183"
5.020408163265306,0.0,"0.24113925463069233, -0.11954287668879665, 0.25680724411621203, -0.11954287668879571, 0.24113925463068764","0.9999999999999998, 0.9999999999999997, 0.9999999999999991, 0.9999999999999996, 0.9999999999999996","0.04769330517617091, 0.07646665449921913, 0.06762528566768464, 0.07646665449921905, 0.04769330517617123"
5.020408163265306,0.08163265306122448,"0.24070000493383625, -0.11899408564215666, 0.2565881614166369, -0.11899408564215627, 0.24070000493383975","1.0030063108445886, 0.997436714420348, 0.9991139494701282, 0.9974367144203478, 1.0030063108445888","0.05021535079961508, 0.07668875298720017, 0.06834644366022208, 0.0766887529872003, 0.050215350799614866"
5.020408163265306,0.16326530612244897,"0.24017727956079293, -0.11840056407171753, 0.25644656902184393, -0.11840056407171748, 0.2401772795607985","1.006203782119218, 0.994685755000227, 0.9982209257611114, 0.9946857550002279, 1.0062037821192191","0.052929010239510355, 0.07690603550154446, 0.0690940243845376, 0.07690603550154472, 0.05292901023950987"
5.020408163265306,0.24489795918367346,"0.23956514165114406, -0.11775931590679545, 0.256388348511298, -0.11775931590679564, 0.23956514165114973","1.009611922697245, 0.9917268670096335, 0.9973224205862448, 0.9917268670096342, 1.0096119226972458","0.0558526226889825, 0.07711554382400518, 0.06986808503882166, 0.07711554382400557, 0.05585262268898224"
5.020408163265306,0.32653061224489793,"0.23885714364784225, -0.11706698959985015, 0.2564196919040118, -0.11706698959984882, 0.2388571436478446","1.013252297355066, 0.9885373474572161, 0.9964207103754354, 0.9885373474572154, 1.013252297355065","0.05900653585091139, 0.07731390700529037, 0.07066897326254573, 0.07731390700529044, 0.05900653585091113"
5.020408163265306,0.40816326530612246,"0.23804629691845702, -0.11631984807616491, 0.2565471023154136, -0.1163198480761641, 0.23804629691845855","1.0171487672746231, 0.9850917285394274, 0.9955190083718995, 0.9850917285394274, 1.0171487672746233","0.06241333103045658, 0.07749728296416344, 0.07149738761497511, 0.07749728296416321, 0.062413331030456536"
5.020408163265306,0.4897959183673469,"0.2371250444078889, -0.11551373747537647, 0.2567773861349692, -0.11551373747537502, 0.2371250444078933","1.0213277507907201, 0.9813614256343534, 0.9946216471498536, 0.9813614256343529, 1.0213277507907195","0.06609806744019799, 0.07766129416313974, 0.07235445360874392, 0.07766129416314019, 0.06609806744019757"
5.020408163265306,0.5714285714285714,"0.23608523868026152, -0.11464405562098265, 0.25711763388143793, -0.11464405562098204, 0.2360852386802652","1.0258185029582356, 0.9773143488488305, 0.9937342963858691, 0.9773143488488296, 1.0258185029582345","0.07008854419448152, 0.07780095738112802, 0.07324181829207359, 0.07780095738112798, 0.07008854419448093"
5.020408163265306,0.6530612244897959,"0.23491812852403973, -0.11370572159731016, 0.257575186146538, -0.11370572159730874, 0.23491812852404112","1.030653410717146, 0.972914478706034, 0.9928642211536413, 0.9729144787060342, 1.030653410717146","0.07441557673988121, 0.07791060796257737, 0.07416176685315758, 0.07791060796257755, 0.0744155767398811"
5.020408163265306,0.7346938775510204,"0.2336143583272862, -0.11269314840495487, 0.25815758015533996, -0.11269314840495182, 0.2336143583272806","1.0358682978570095, 0.9681214090040079, 0.9920205862779659, 0.9681214090040073, 1.035868297857009","0.0791132819942744, 0.07798381945378034, 0.07511736519304112, 0.07798381945378018, 0.07911328199427481"
5.020408163265306,0.8163265306122449,"0.23216398571271388, -0.11160022143958095, 0.25887247145373676, -0.1116002214395786, 0.23216398571270883","1.0415027303730493, 0.9628898635084764, 0.9912148122369479, 0.9628898635084764, 1.0415027303730497","0.08421936300744354, 0.07801332029838165, 0.0761126328250723, 0.07801332029838141, 0.08421936300744402"
5.020408163265306,0.8979591836734694,"0.2305565244791168, -0.11042028653009453, 0.25972752410195743, -0.11042028653009198, 0.2305565244791118","1.0476003078555503, 0.9571691983772621, 0.9904609875343746, 0.9571691983772612, 1.0476003078555496","0.08977537922127708, 0.07799091032720062, 0.07715275072193438, 0.07799091032720053, 0.08977537922127746"
5.020408163265306,0.9795918367346939,"0.22878102172911347, -0.10914615251008955, 0.2607302615619542, -0.10914615251008766, 0.22878102172910947","1.0542089199093407, 0.9509029095502002, 0.989776341080919, 0.9509029095501997, 1.0542089199093407","0.09582698206532597, 0.07790738122446755, 0.07824430870923259, 0.07790738122446741, 0.09582698206532643"
5.020408163265306,1.0612244897959184,"0.22682618013358244, -0.10777011479499007, 0.26188786932281327, -0.10777011479499174, 0.22682618013358596","1.0613809378866972, 0.9440281743551235, 0.9891817755163574, 0.9440281743551235, 1.061380937886697","0.10242408732461036, 0.07775244707140702, 0.07939559649504191, 0.077752447071407, 0.10242408732460997"
5.020408163265306,1.1428571428571428,"0.22468053847968292, -0.1062840081771027, 0.2632069393948421, -0.10628400817710096, 0.22468053847967837","1.0691733010972013, 0.9364754698845896, 0.9887024580364177, 0.9364754698845899, 1.069173301097201","0.10962094514958574, 0.07751469353928753, 0.08061694113845289, 0.0775146935392874, 0.10962094514958597"
5.020408163265306,1.2244897959183674,"0.2223327257470597, -0.10467929895318967, 0.264693146412259, -0.10467929895319145, 0.22233272574706267","1.077647442935985, 0.9281683278250773, 0.9883684584778775, 0.9281683278250771, 1.077647442935985","0.11747605557075953, 0.07718155737682787, 0.08192109130083655, 0.07718155737682794, 0.11747605557075957"
5.020408163265306,1.3061224489795917,"0.21977180556251763, -0.1029472283884876, 0.2663508456519374, -0.10294722838848816, 0.2197718055625209","1.086868986172604, 0.919023306644746, 0.9882154143653014, 0.9190233066447469, 1.0868689861726035","0.12605186207045393, 0.07673935148846561, 0.0833236444765083, 0.07673935148846586, 0.12605186207045294"
5.020408163265306,1.3877551020408163,"0.21698772836962116, -0.10107902107513297, 0.2681825854110253, -0.10107902107513281, 0.2169877283696195","1.0969071186914494, 0.9089502870638466, 0.9882851884894076, 0.9089502870638468, 1.0969071186914507","0.13541413886481268, 0.07617335497270025, 0.08484350694006813, 0.07617335497270042, 0.13541413886481357"
5.020408163265306,1.469387755102041,"0.2139719070971109, -0.09906617243899696, 0.2701885306837742, -0.09906617243899551, 0.2139719070971077","1.1078335429926072, 0.8978532241790615, 0.988626465656664, 0.8978532241790615, 1.1078335429926085","0.1456309707244805, 0.07546799160134963, 0.08650336669368654, 0.07546799160134976, 0.1456309707244813"
5.020408163265306,1.5510204081632653,"0.2107179272727865, -0.096900828712262, 0.27236580287895046, -0.09690082871226322, 0.21071792727278843","1.1197208779748324, 0.8856315163977242, 0.9892952112548873, 0.885631516397724, 1.1197208779748316","0.15677121050597873, 0.07460712365138814, 0.08833014663714105, 0.07460712365138819, 0.15677121050597825"
5.020408163265306,1.6326530612244898,"0.20722239288950975, -0.09457626908280053, 0.27470775238658285, -0.09457626908280126, 0.2072223928895089","1.1326403852062548, 0.8721821718368233, 0.990354885913842, 0.8721821718368234, 1.1326403852062552","0.16890229411232263, 0.07357448957388513, 0.09035538822007495, 0.07357448957388499, 0.16890229411232305"
5.020408163265306,1.7142857142857142,"0.203485893297758, -0.09208749222382354, 0.2772031978521302, -0.09208749222382456, 0.20348589329776","1.1466589017718805, 0.8574029581337297, 0.9918762801887806, 0.8574029581337302, 1.146658901771881","0.18208730269365586, 0.07235431198154105, 0.09261549539075706, 0.07235431198154102, 0.18208730269365553"
5.020408163265306,1.7959183673469388,"0.19951405276704165, -0.08943189679647354, 0.2798356880588624, -0.08943189679647434, 0.19951405276704368","1.16183489794841, 0.8411966991417288, 0.9939368058197227, 0.8411966991417299, 1.1618348979484099","0.19638119707063217, 0.07093209463395024, 0.095151746436566, 0.07093209463395035, 0.19638119707063148"
5.020408163265306,1.8775510204081634,"0.1953185930730197, -0.08661002707624688, 0.2825828680064542, -0.08661002707624654, 0.19531859307302002","1.1782136516614563, 0.8234768163083696, 0.9966190640603486, 0.8234768163083699, 1.1782136516614576","0.21182622021001302, 0.06929561104697896, 0.09800996098606848, 0.06929561104697922, 0.21182622021001363"
5.020408163265306,1.9591836734693877,"0.19091830271205382, -0.08362633103085712, 0.28541605663760594, -0.08362633103085856, 0.19091830271205606","1.1958216524832934, 0.804174088127378, 1.0000085187786578, 0.8041740881273787, 1.1958216524832923","0.22844657898605558, 0.06743606103759237, 0.10123969720318164, 0.06743606103759234, 0.2284465789860546"
5.020408163265306,2.0408163265306123,"0.1863397697068208, -0.08048985147045765, 0.28830016352727555, -0.08048985147045701, 0.18633976970681834","1.2146605185615629, 0.7832444079629328, 1.0041901469510082, 0.7832444079629323, 1.2146605185615633","0.2462426787293039, 0.06534933451530012, 0.10489285880961101, 0.06534933451529996, 0.246242678729305"
5.020408163265306,2.122448979591837,"0.1816177081427472, -0.07721474659031657, 0.2911940768951374, -0.07721474659031546, 0.18161770814274747","1.2347009192162202, 0.7606770630971326, 1.009244035373295, 0.760677063097132, 1.23470091921622","0.26518538229193955, 0.0630372768516646, 0.10902162326025949, 0.06303727685166485, 0.2651853822919398"
5.020408163265306,2.204081632653061,"0.17679470473504463, -0.07382052246037277, 0.29405163545065643, -0.07382052246037249, 0.1767947047350442","1.2558772120486401, 0.7365027647129556, 1.0152400464768085, 0.7365027647129556, 1.2558772120486408","0.28521096888048747, 0.060508804501605465, 0.11367567006210122, 0.060508804501605576, 0.2852109688804881"
5.020408163265306,2.2857142857142856,"0.1719202445876601, -0.07033186640359973, 0.2968232436318786, -0.07033186640360009, 0.1719202445876613","1.2780836705954421, 0.7108003896408938, 1.0222318795273284, 0.710800389640895, 1.2780836705954428","0.30621762371561473, 0.057780685581692214, 0.11889879473377367, 0.0577806855816924, 0.30621762371561423"
5.020408163265306,2.36734693877551,"0.1670489536077136, -0.06677800466334646, 0.29945810211126617, -0.06677800466334574, 0.16704895360771277","1.3011732241875857, 0.683701238135084, 1.03025107535466, 0.6837012381350847, 1.3011732241875873","0.3280643289315411, 0.054877793535750785, 0.12472513052599055, 0.05487779353575111, 0.3280643289315422"
5.020408163265306,2.4489795918367347,"0.16223811563741952, -0.06319157194614433, 0.30190691261744973, -0.06319157194614528, 0.16223811563742097","1.324959486625315, 0.6553896640056238, 1.0393016987381238, 0.6553896640056251, 1.324959486625316","0.3505728841288534, 0.051832677156063905, 0.1311753425818288, 0.05183267715606401, 0.3505728841288532"
5.020408163265306,2.5306122448979593,"0.15754466520736576, -0.05960706567016019, 0.30412480092558974, -0.05960706567016022, 0.15754466520736554","1.3492224810701923, 0.6260992615011609, 1.0493565148572948, 0.6260992615011616, 1.349222481070193","0.3735334310339331, 0.04868437294563971, 0.1382532695153769, 0.048684372945639896, 0.3735334310339334"
5.020408163265306,2.6122448979591835,"0.15302198610901419, -0.05605904434748282, 0.30607411647693766, -0.05605904434748456, 0.15302198610901585","1.373717909098439, 0.5961043927431322, 1.0603553963168593, 0.5961043927431339, 1.3737179090984393","0.3967133243046569, 0.04547650692096601, 0.1459435226539628, 0.04547650692096597, 0.39671332430465633"
5.020408163265306,2.693877551020408,"0.14871692019640748, -0.052580291640113325, 0.3077267428874114, -0.052580291640114074, 0.1487169201964086","1.3981891752860507, 0.5657076072927854, 1.0722064348423292, 0.565707607292786, 1.39818917528605","0.41986858797738297, 0.04225486641739065, 0.15421048241991758, 0.04225486641739076, 0.41986858797738197"
5.020408163265306,2.7755102040816326,"0.14466737925260004, -0.04920018313276597, 0.30906560776033204, -0.04920018313276578, 0.14466737925259932","1.422380833004818, 0.5352242543848341, 1.084789825220695, 0.5352242543848338, 1.422380833004818","0.4427566838669826, 0.039064731586366405, 0.16299895211931675, 0.03906473158636639, 0.4427566838669829"
5.020408163265306,2.857142857142857,"0.14090085092355487, -0.04594345377495761, 0.3100852057028072, -0.04594345377495658, 0.1409008509235521","1.4460518262480293, 0.5049661073175119, 1.0979641328689163, 0.5049661073175106, 1.4460518262480324","0.46514904894057524, 0.03594830711904666, 0.1722364756985019, 0.0359483071190465, 0.4651490489405783"
5.020408163265306,2.938775510204082,"0.13743392431662116, -0.04282948129553338, 0.3107911139578245, -0.04282948129553368, 0.13743392431662144","1.4689869580103183, 0.4752259566515876, 1.1115741706761881, 0.47522595665158845, 1.4689869580103179","0.48684191847120223, 0.03294257060625015, 0.18183706002473818, 0.03294257060625032, 0.48684191847120195"
5.020408163265306,3.020408163265306,"0.1342727799258958, -0.03987210054967488, 0.3111986412475568, -0.03987210054967524, 0.13427277992589776","1.4910053969009023, 0.446264855274507, 1.1254594956491846, 0.4462648552745085, 1.4910053969009005","0.5076643186409271, 0.030077763065424815, 0.19170583230216878, 0.030077763065425114, 0.5076643186409249"
5.020408163265306,3.1020408163265305,"0.13141444166216215, -0.037079875161427855, 0.31133086699853013, -0.03707987516142801, 0.1314144416621631","1.511965616867724, 0.4183031161469661, 1.1394625339706206, 0.418303116146966, 1.5119656168677211","0.5274826678276114, 0.027376618845890294, 0.20174405834695425, 0.027376618845890287, 0.5274826678276094"
5.020408163265306,3.183673469387755,"0.12884850805428916, -0.03445669708246428, 0.31121637805634933, -0.03445669708246457, 0.1288485080542905","1.5317667795265972, 0.39151545609004645, 1.1534355287667144, 0.3915154560900473, 1.531766779526596","0.546202008004098, 0.024854303809543666, 0.21185396120675093, 0.024854303809543767, 0.5462020080040962"
5.020408163265306,3.2653061224489797,"0.12655907115720555, -0.03200256825346724, 0.3108869941925235, -0.03200256825346717, 0.1265590711572051","1.550347064481444, 0.3660300338395771, 1.167245803357958, 0.3660300338395773, 1.5503470644814459","0.5637643548693629, 0.022518933247960272, 0.2219428904426029, 0.022518933247960192, 0.5637643548693639"
5.020408163265306,3.3469387755102042,"0.12452657914877985, -0.029714434511674118, 0.3103757107257885, -0.029714434511673896, 0.12452657914878007","1.567679746699122, 0.34193067594490734, 1.1807791547119446, 0.3419306759449072, 1.5676797466991228","0.5801449296342107, 0.020372489603701156, 0.2319265573155161, 0.020372489603701104, 0.5801449296342108"
5.020408163265306,3.4285714285714284,"0.12272947517933525, -0.02758697626818482, 0.3097150021777002, -0.02758697626818482, 0.12272947517933464","1.5837679036753083, 0.31926136386760745, 1.1939414649141684, 0.3192613638676073, 1.5837679036753107","0.5953471106758046, 0.01841195341301008, 0.24173122405503006, 0.018411953413010086, 0.5953471106758064"
5.020408163265306,3.510204081632653,"0.1211455251196143, -0.025613299204528824, 0.3089355481698315, -0.025613299204528504, 0.12114552511961191","1.5986385556777716, 0.2980320425151079, 1.2066588036142396, 0.2980320425151072, 1.5986385556777778","0.6093968648606654, 0.01663048669965152, 0.25129488127882627, 0.01663048669965147, 0.6093968648606705"
5.020408163265306,3.5918367346938775,"0.11975281318204578, -0.023785501518058264, 0.3080653766720242, -0.023785501518058347, 0.11975281318204667","1.6123368689500615, 0.2782249383741284, 1.2188763853516216, 0.27822493837412876, 1.6123368689500612","0.6223372521270746, 0.015018550446287556, 0.26056754836718576, 0.015018550446287643, 0.6223372521270737"
5.020408163265306,3.673469387755102,"0.11853042962945542, -0.022095117680637058, 0.30712937610236324, -0.022095117680637162, 0.11853042962945565","1.6249208487556666, 0.2598007719592901, 1.2305567585700874, 0.25980077195928963, 1.6249208487556661","0.6342234038359743, 0.01356488299506775, 0.26951088461044104, 0.013564882995067768, 0.6342234038359745"
5.020408163265306,3.7551020408163267,"0.11745889927560021, -0.02053345210180777, 0.30614910565241543, -0.02053345210180746, 0.1174588992755996","1.6364567617055972, 0.2427044564229182, 1.2416775637429684, 0.24270445642291777, 1.6364567617055992","0.6451181979411497, 0.012257305348187426, 0.2780973119482513, 0.012257305348187406, 0.6451181979411511"
5.020408163265306,3.836734693877551,"0.11652040773656608, -0.019091821644389793, 0.3051428278156452, -0.019091821644390237, 0.11652040773656908","1.6470153783865191, 0.22687005572210744, 1.2522291317827525, 0.22687005572210905, 1.6470153783865134","0.6550887140447682, 0.011083348348183066, 0.2863088352627361, 0.011083348348183147, 0.6550887140447624"
5.020408163265306,3.9183673469387754,"0.11569888008966867, -0.017761726402916234, 0.30412569262649175, -0.01776172640291661, 0.11569888008967238","1.6566690240952557, 0.2122249156238499, 1.2622121205617947, 0.21222491562385173, 1.6566690240952484","0.6642034544562663, 0.010030715256161617, 0.2941357156864381, 0.010030715256161728, 0.6642034544562588"
5.020408163265306,4.0,"0.11497995875023298, -0.016534965945105187, 0.30311001438974744, -0.016534965945104813, 0.1149799587502296","1.6654893631285952, 0.198692977095684, 1.2716353195514367, 0.1986929770956822, 1.6654893631286005","0.6725302591135782, 0.00908760298973325, 0.3015751160873902, 0.009087602989733162, 0.6725302591135844"
5.142857142857143,0.0,"0.24170034736604212, -0.12059484571670573, 0.2577889967013256, -0.12059484571670745, 0.24170034736604554","1.0, 1.0000000000000002, 1.0000000000000002, 1.0000000000000004, 1.0000000000000004","0.04603792308902174, 0.07406951573385585, 0.06548059433135747, 0.07406951573385591, 0.046037923089021715"
5.142857142857143,0.08163265306122448,"0.24128044228929577, -0.12006824967835686, 0.2575756147781195, -0.12006824967835658, 0.24128044228929804","1.0028431536114373, 0.9975670483477066, 0.9991795960817131, 0.9975670483477066, 1.0028431536114377","0.04843575639903628, 0.07430233736769265, 0.06619783129490658, 0.0743023373676928, 0.0484357563990362"
5.142857142857143,0.16326530612244897,"0.24078084135628847, -0.11949963076251954, 0.25743757881245943, -0.11949963076251982, 0.2407808413562916","1.0058661512349372, 0.994958017556054, 0.9983516624180182, 0.9949580175560555, 1.0058661512349378","0.0510136705784866, 0.07453159651837289, 0.06694003386826865, 0.07453159651837299, 0.05101367057848634"
5.142857142857143,0.24489795918367346,"0.24019589636111305, -0.11888615464716906, 0.25738051657210526, -0.11888615464716765, 0.24019589636111846","1.0090871417481013, 0.9921541476220631, 0.9975174212596725, 0.9921541476220632, 1.0090871417481015","0.05378877237861006, 0.0747546606172784, 0.06770725104279102, 0.07475466061727874, 0.053788772378609725"
5.142857142857143,0.32653061224489793,"0.2395194715405336, -0.11822465205306143, 0.257410361025052, -0.11822465205306187, 0.23951947154053754","1.012526190986402, 0.9891344222463168, 0.9966787735345608, 0.9891344222463168, 1.0125261909864016","0.05678004117106554, 0.0749685264530557, 0.06849978050580062, 0.07496852645305574, 0.05678004117106522"
5.142857142857143,0.40816326530612246,"0.2387449122079488, -0.11751158885200275, 0.2575333532881023, -0.117511588852002, 0.23874491220795435","1.016205508570326, 0.9858752757498042, 0.9958384313597407, 0.9858752757498042, 1.016205508570326","0.060008542079250986, 0.075169767370388, 0.06931822105988994, 0.07516976737038833, 0.060008542079250604"
5.142857142857143,0.4897959183673469,"0.23786501533878945, -0.11674303450618578, 0.2577560383347903, -0.11674303450618437, 0.23786501533879056","1.0201496955425549, 0.982350265818435, 0.9950000772780205, 0.9823502658184349, 1.0201496955425546","0.0634976589071572, 0.07535447481619834, 0.07016353861716068, 0.07535447481619868, 0.06349765890715708"
5.142857142857143,0.5714285714285714,"0.23687200404861294, -0.11591462953136975, 0.25808525096551127, -0.11591462953136902, 0.23687200404861458","1.0243860122836344, 0.9785297104022872, 0.994168554628158, 0.9785297104022881, 1.0243860122836348","0.06727334622085676, 0.0755181941027041, 0.07103714845085071, 0.0755181941027045, 0.0672733462208567"
5.142857142857143,0.6530612244897959,"0.23575750860439104, -0.11502155304191033, 0.25852808887503337, -0.11502155304191053, 0.23575750860439623","1.028944664785883, 0.9743802882419728, 0.9933500939442875, 0.9743802882419732, 1.0289446647858824","0.0713643985969361, 0.07565585452191012, 0.07194101684866414, 0.0756558545219104, 0.07136439859693536"
5.142857142857143,0.7346938775510204,"0.2345125575025165, -0.11405849192965833, 0.2590918688542866, -0.1140584919296552, 0.23451255750251043","1.0338591053351769, 0.9698646043316164, 0.992552580666413, 0.9698646043316164, 1.033859105335177","0.07580273309667979, 0.07576169434777186, 0.07287778579051156, 0.0757616943477716, 0.0758027330966803"
5.142857142857143,0.8163265306122449,"0.23312758326915844, -0.11301961388403006, 0.25978406122974596, -0.11301961388402715, 0.23312758326915306","1.0391663407578027, 0.9649407244298684, 0.9917858696246591, 0.9649407244298671, 1.0391663407578022","0.0806236782449867, 0.07582918184936684, 0.0738509247311102, 0.07582918184936623, 0.08062367824498679"
5.142857142857143,0.8979591836734694,"0.23159244902077325, -0.11189854731311277, 0.2606121965846811, -0.11189854731311125, 0.23159244902076961","1.0449072373602026, 0.9595616868504382, 0.9910621515787176, 0.9595616868504382, 1.0449072373602033","0.08586625892883128, 0.07585093427208627, 0.07486491394185608, 0.07585093427208589, 0.08586625892883169"
5.142857142857143,0.9795918367346939,"0.22989650348211826, -0.11068837231016404, 0.2615837376560938, -0.11068837231016182, 0.22989650348211405","1.051126806195342, 0.9536750056439784, 0.9903963763213595, 0.953675005643978, 1.051126806195342","0.09157346137219823, 0.07581863789731771, 0.0759254640553827, 0.07581863789731741, 0.09157346137219863"
5.142857142857143,1.0612244897959184,"0.2280286740859849, -0.10938162815331909, 0.2627059081346702, -0.10938162815331792, 0.22802867408598218","1.0578744449617208, 0.9472221874540059, 0.989806735168548, 0.947222187454006, 1.0578744449617212","0.09779245534599207, 0.075722973847035, 0.07703977630523627, 0.07572297384703486, 0.09779245534599242"
5.142857142857143,1.1428571428571428,"0.22597760991032864, -0.10797034443461279, 0.2639854690485694, -0.10797034443461098, 0.22597760991032553","1.0652041033042543, 0.9401382953860559, 0.9893152026193793, 0.940138295386056, 1.0652041033042547","0.10457474168202568, 0.07555355634273843, 0.07821684723462212, 0.07555355634273872, 0.10457474168202627"
5.142857142857143,1.2244897959183674,"0.22373188839685057, -0.10644610475256219, 0.265428432711427, -0.10644610475256203, 0.22373188839684668","1.0731743262289095, 0.9323516077695535, 0.9889481320030735, 0.9323516077695531, 1.0731743262289106","0.1119761816936667, 0.0752988927290925, 0.07946782004094007, 0.07529889272909214, 0.11197618169366778"
5.142857142857143,1.3061224489795917,"0.22128030175952604, -0.1048001538639102, 0.2670397042087671, -0.1048001538639117, 0.22128030175952867","1.0818481156464201, 0.9237834381896084, 0.988736892327944, 0.9237834381896082, 1.0818481156464195","0.12005685116374311, 0.07494637776008353, 0.08080638179372612, 0.07494637776008349, 0.12005685116374257"
5.142857142857143,1.3877551020408163,"0.21861224025927792, -0.10302356105411822, 0.26882264158968067, -0.1030235610541185, 0.21861224025927845","1.0912925330099648, 0.914348205741623, 0.9887185224968261, 0.9143482057416232, 1.0912925330099652","0.12888064543399189, 0.07448233835962378, 0.0822492009603325, 0.07448233835962366, 0.12888064543399189"
5.142857142857143,1.469387755102041,"0.21571818936213283, -0.10110745386556749, 0.27077852900687127, -0.10110745386556741, 0.215718189362131","1.1015779476168384, 0.9039538705127621, 0.9889363637408004, 0.9039538705127621, 1.10157794761684","0.13851454480477252, 0.07389214909061632, 0.08381639234460503, 0.07389214909061609, 0.13851454480477327"
5.142857142857143,1.5510204081632653,"0.21259035517264196, -0.09904333660630726, 0.27290596286733126, -0.09904333660630638, 0.21259035517264036","1.1127768175802935, 0.8925028769489316, 0.9894406109415497, 0.8925028769489309, 1.1127768175802935","0.14902743302651555, 0.07316044242373712, 0.08553198601065856, 0.07316044242373695, 0.1490274330265158"
5.142857142857143,1.6326530612244898,"0.20922342608276184, -0.09682350637403303, 0.27520016058254376, -0.09682350637403322, 0.20922342608276082","1.1249618776261734, 0.879893773157495, 0.9902886984326652, 0.879893773157495, 1.1249618776261743","0.16048834985463584, 0.07227144074697005, 0.0874243624827598, 0.07227144074696987, 0.16048834985463606"
5.142857142857143,1.7142857142857142,"0.20561546671946618, -0.09444157453601842, 0.27765221563310466, -0.09444157453601743, 0.2056154667194649","1.1382036058499347, 0.8660236906429761, 0.9915454070141777, 0.8660236906429761, 1.138203605849935","0.17296405728604952, 0.0712094375767984, 0.08952659836636116, 0.07120943757679842, 0.1729640572860499"
5.142857142857143,1.7959183673469388,"0.20176892149518472, -0.09189309242821622, 0.28024834186606246, -0.09189309242821728, 0.20176892149518655","1.1525668590308555, 0.8507918663001581, 0.9932825493379734, 0.8507918663001588, 1.1525668590308553","0.18651581641559872, 0.06995945176741014, 0.0918766452923101, 0.06995945176741032, 0.18651581641559808"
5.142857142857143,1.8775510204081634,"0.19769167847650526, -0.08917626535021048, 0.2829691737474086, -0.0891762653502107, 0.19769167847650715","1.16810661382728, 0.8341043529759864, 0.9955780663934672, 0.8341043529759862, 1.1681066138272798","0.20119531804964952, 0.0685080683802854, 0.09451724301509082, 0.06850806838028538, 0.20119531804964913"
5.142857142857143,1.9591836734693877,"0.1933981105271744, -0.08629271830281551, 0.28578921555128173, -0.08629271830281571, 0.19339811052717545","1.1848628404067434, 0.8158799806420622, 0.9985143579023895, 0.815879980642063, 1.1848628404067434","0.21703979585629968, 0.06684446094461043, 0.09749544903584388, 0.0668444609446105, 0.21703979585629937"
5.142857142857143,2.0408163265306123,"0.1889099730740029, -0.0832482513908572, 0.28867655663370895, -0.08324825139085662, 0.18890997307400215","1.2028546738332409, 0.7960574827850668, 1.0021756867633855, 0.7960574827850667, 1.202854673833241","0.2340664833483915, 0.06496156054558236, 0.10086165933146847, 0.06496156054558222, 0.23406648334839156"
5.142857142857143,2.122448979591837,"0.18425700347702628, -0.08005349581435003, 0.29159298467464834, -0.08005349581434987, 0.18425700347702528","1.222074235754218, 0.7746034859059443, 1.006644556679675, 0.7746034859059439, 1.2220742357542176","0.2522667540584116, 0.0628572980004917, 0.10466800707482435, 0.06285729800049152, 0.2522667540584116"
5.142857142857143,2.204081632653061,"0.17947704704083312, -0.07672435927890675, 0.2944946244761474, -0.07672435927890717, 0.17947704704083345","1.242480676979345, 0.7515207856933818, 1.011997074654547, 0.7515207856933821, 1.2424806769793453","0.27160049078111187, 0.06053580038648556, 0.10896606880903686, 0.06053580038648575, 0.271600490781112"
5.142857142857143,2.2857142857142856,"0.17461554307166738, -0.07328214146060644, 0.2973331967778791, -0.07328214146060605, 0.1746155430716662","1.2639952200319011, 0.7268560406108677, 1.018297478714463, 0.7268560406108675, 1.2639952200319007","0.29199142605631534, 0.05800838123182918, 0.11380388786777804, 0.05800838123182911, 0.29199142605631523"
5.142857142857143,2.36734693877551,"0.16972425374102026, -0.06975321547216667, 0.3000579234622936, -0.06975321547216645, 0.16972425374101932","1.286498116282418, 0.7007057731506896, 1.0255922211337851, 0.7007057731506905, 1.286498116282419","0.3133243218175941, 0.05529413827139945, 0.11922244253326092, 0.055294138271399514, 0.31332432181759434"
5.142857142857143,2.4489795918367347,"0.1648592140176437, -0.0661682165004229, 0.3026180049655582, -0.06616821650042318, 0.16485921401764464","1.3098284197350933, 0.6732194750194356, 1.0339042104909448, 0.6732194750194358, 1.3098284197350933","0.33544484028459737, 0.05241997926137629, 0.12525182791669937, 0.05241997926137629, 0.3354448402845971"
5.142857142857143,2.5306122448979593,"0.16007801349763712, -0.06256075238748604, 0.3049654777796983, -0.06256075238748593, 0.160078013497637","1.333787257523912, 0.6445987561044775, 1.0432279727432228, 0.6445987561044775, 1.333787257523912","0.3581627431755771, 0.04941994680810333, 0.13190755656108097, 0.049419946808103306, 0.3581627431755771"
5.142857142857143,2.6122448979591835,"0.15543666403281664, -0.058965740150655116, 0.30705815223567545, -0.05896574015065689, 0.15543666403281997","1.3581448321718603, 0.6150919049654857, 1.0535265257253081, 0.6150919049654868, 1.3581448321718592","0.38125863049881503, 0.046333808616455016, 0.13918747227934944, 0.04633380861645525, 0.3812586304988134"
5.142857142857143,2.693877551020408,"0.15098642091501008, -0.05541755438287159, 0.3088622669357217, -0.05541755438287137, 0.1509864209150107","1.3826507845635225, 0.5849839029701934, 1.0647306249325683, 0.5849839029701933, 1.3826507845635208","0.40449385355875955, 0.04320500512293618, 0.14706977407624017, 0.0432050051229362, 0.4044938535587583"
5.142857142857143,2.7755102040816326,"0.14677097021819552, -0.05194822206649266, 0.3103545036965949, -0.05194822206649237, 0.14677097021819496","1.407046917252316, 0.5545827183902274, 1.0767407287149153, 0.5545827183902271, 1.407046917252317","0.4276226410950221, 0.04007817204869207, 0.15551253923446917, 0.04007817204869218, 0.42762264109502285"
5.142857142857143,2.857142857142857,"0.14282434820803797, -0.04858589512971313, 0.31152309384335036, -0.0485858951297132, 0.14282434820803813","1.4310808009589406, 0.5242033963922241, 1.0894316052976711, 0.5242033963922239, 1.43108080095894","0.4504050294581501, 0.036996544558952515, 0.16445492637313022, 0.036996544558952495, 0.45040502945814964"
5.142857142857143,2.938775510204082,"0.13916982782962106, -0.045353775524577575, 0.312367895389911, -0.045353775524578005, 0.13916982782962345","1.4545186100152854, 0.49415185631463465, 1.1026590673401613, 0.49415185631463604, 1.4545186100152812","0.4726190259407684, 0.03399957396588756, 0.17381997541680447, 0.033999573965887916, 0.4726190259407647"
5.142857142857143,3.020408163265306,"0.13581982889749694, -0.0422695749405369, 0.31289949208608003, -0.04226957494053667, 0.13581982889749666","1.4771557102613646, 0.46471029571128175, 1.1162679880547084, 0.4647102957112812, 1.4771557102613657","0.4940706094350814, 0.031121039313912784, 0.18351866870162287, 0.031121039313912767, 0.49407060943508246"
5.142857142857143,3.1020408163265305,"0.13277673422685238, -0.03934549126724608, 0.31313751408078805, -0.039345491267245764, 0.13277673422685132","1.4988239944542645, 0.4361257012235258, 1.1301006086444183, 0.4361257012235242, 1.4988239944542672","0.5146006247669801, 0.02838783100469128, 0.19345473989299397, 0.02838783100469129, 0.5146006247669828"
5.142857142857143,3.183673469387755,"0.13003436877293945, -0.03658860449570604, 0.31310847144553183, -0.0365886044957066, 0.1300343687729411","1.5193955770145608, 0.40860231830128635, 1.1440042093683074, 0.40860231830128746, 1.5193955770145555","0.5340882142834638, 0.025819454865109573, 0.20352965281846733, 0.025819454865109673, 0.5340882142834599"
5.142857142857143,3.2653061224489797,"0.12757984572842007, -0.03400155234697311, 0.3128434132371045, -0.03400155234697326, 0.12757984572842151","1.5387830501321793, 0.3822982287963273, 1.1578374421429878, 0.382298228796328, 1.5387830501321746","0.5524509894605504, 0.023428188335382388, 0.213647221639151, 0.023428188335382485, 0.5524509894605466"
5.142857142857143,3.3469387755102042,"0.12539549909649117, -0.031583341873118745, 0.31237568555325457, -0.03158334187311897, 0.125395499096492","1.5569369358210685, 0.3573255992433927, 1.1714749298710794, 0.35732559924339347, 1.556936935821068","0.5696425528772114, 0.021219740925507477, 0.22371747653249233, 0.02121974092550751, 0.5696425528772104"
5.142857142857143,3.4285714285714284,"0.12346068459651577, -0.02933017732812454, 0.31173898546321654, -0.02933017732812493, 0.12346068459651705","1.5738411870358648, 0.3337537917991131, 1.1848100423300456, 0.3337537917991142, 1.5738411870358626","0.5856481845173589, 0.01919423748094662, 0.23365954969220487, 0.019194237480946643, 0.5856481845173567"
5.142857142857143,3.510204081632653,"0.12175331201524836, -0.02723622198221555, 0.31096581993393574, -0.027236221982215716, 0.1217533120152477","1.58950761038697, 0.3116143897499357, 1.1977559997261884, 0.31161438974993594, 1.5895076103869732","0.6004795212801518, 0.01734734924419144, 0.24340352184600458, 0.0173473492441915, 0.6004795212801538"
5.142857142857143,3.5918367346938775,"0.12025104907864803, -0.025294249288713495, 0.3100864004201297, -0.025294249288714182, 0.12025104907864997","1.6039699620822139, 0.2909072349850296, 1.2102456058655158, 0.29090723498503096, 1.6039699620822092","0.6141689412477757, 0.01567143022678805, 0.2528913003440916, 0.01567143022678814, 0.6141689412477718"
5.142857142857143,3.673469387755102,"0.1189321960389062, -0.023496168984394043, 0.30912794589097276, -0.0234961689843945, 0.11893219603890981","1.6172782778303905, 0.2716067343996172, 1.2222299755399915, 0.27160673439961835, 1.6172782778303847","0.6267641816539933, 0.014156559837034038, 0.26207668380992977, 0.014156559837034125, 0.6267641816539873"
5.142857142857143,3.7551020408163267,"0.11777626738077052, -0.021833433577660495, 0.30811433239377756, -0.02183343357766078, 0.11777626738077351","1.6294937953783704, 0.25366789710560494, 1.2336766150320542, 0.25366789710560644, 1.629493795378366","0.6383235273004481, 0.012791435207519986, 0.2709248068465901, 0.012791435207520054, 0.638323527300443"
5.142857142857143,3.836734693877551,"0.11676433473311976, -0.020297341113112648, 0.30706601275998513, -0.020297341113112717, 0.11676433473312076","1.6406846525741474, 0.2370317643054342, 1.2445671662408402, 0.23703176430543466, 1.6406846525741472","0.6489117396236656, 0.011564091354985415, 0.27941116098044794, 0.011564091354985444, 0.6489117396236644"
5.142857142857143,3.9183673469387754,"0.11587918855050472, -0.018879253616749497, 0.3060001301324915, -0.018879253616749407, 0.11587918855050267","1.6509224110362009, 0.22163006043740358, 1.254895057052787, 0.2216300604374029, 1.650922411036205","0.6585967712300732, 0.01046245173851024, 0.2875203672699051, 0.0104624517385102, 0.6585967712300774"
5.142857142857143,4.0,"0.11510537104898538, -0.017570749955233708, 0.30493075781249557, -0.01757074995523375, 0.11510537104898622","1.6602793673534566, 0.20738901754854167, 1.2646632301960046, 0.20738901754854214, 1.6602793673534548","0.667447227828219, 0.009474726489186042, 0.295244843245822, 0.009474726489186043, 0.6674472278282172"
5.26530612244898,0.0,"0.2422324596021797, -0.12159367734024637, 0.25872243547613805, -0.1215936773402441, 0.24223245960217277","0.9999999999999999, 0.9999999999999996, 1.0000000000000004, 1.0, 1.0000000000000002","0.0444581697105114, 0.07176486597869947, 0.06341926446919774, 0.07176486597869963, 0.044458169710511725"
5.26530612244898,0.08163265306122448,"0.24183096895553208, -0.12108843550514084, 0.25851493309921136, -0.12108843550513909, 0.24183096895553652","1.002690624877693, 0.9976893685977393, 0.9992400130491368, 0.9976893685977398, 1.002690624877694","0.04673897881127856, 0.07200617912436785, 0.06413065729600928, 0.07200617912436809, 0.04673897881127816"
5.26530612244898,0.16326530612244897,"0.24135334796894392, -0.1205436926199972, 0.25838068930210234, -0.12054369261999745, 0.2413533479689484","1.0055504735786636, 0.9952134606516749, 0.998472131539323, 0.9952134606516754, 1.0055504735786636","0.049189079697384536, 0.07224502475763768, 0.064865690460687, 0.07224502475763797, 0.0491890796973842"
5.26530612244898,0.24489795918367346,"0.24079422515636423, -0.11995677105810709, 0.25832509180348284, -0.11995677105810529, 0.2407942251563656","1.0085964294008423, 0.9925548951712497, 0.9976973508558151, 0.9925548951712497, 1.008596429400842","0.05182442653136558, 0.07247906068398, 0.0656244084432316, 0.07247906068398001, 0.05182442653136555"
5.26530612244898,0.32653061224489793,"0.24014776452532438, -0.1193246782154655, 0.2583538273802792, -0.119324678215465, 0.240147764525327","1.0118471605124206, 0.9896942127524947, 0.9969172534701701, 0.9896942127524959, 1.0118471605124215","0.05466271709145029, 0.07270561210333237, 0.06640706868414897, 0.07270561210333243, 0.054662717091450035"
5.26530612244898,0.40816326530612246,"0.23940763377662455, -0.11864407714420508, 0.258472886735157, -0.11864407714420333, 0.2394076337766269","1.0153233330067384, 0.9866096048401594, 0.9961341243062054, 0.9866096048401585, 1.0153233330067382","0.05772359366005319, 0.0729216239843272, 0.06721418696978809, 0.07292162398432714, 0.05772359366005298"
5.26530612244898,0.4897959183673469,"0.23856697358201207, -0.11791125518498499, 0.2586885632059395, -0.11791125518498483, 0.23856697358201842","1.0190478448524736, 0.9832766103855226, 0.9953510895240084, 0.9832766103855226, 1.0190478448524731","0.06102886383325628, 0.07312360811283035, 0.06804659464148254, 0.07312360811283039, 0.06102886383325556"
5.26530612244898,0.5714285714285714,"0.23761836952732485, -0.11712209109195926, 0.25900744312926605, -0.11712209109195779, 0.23761836952732646","1.0230460808899287, 0.9796677777570961, 0.9945722827059527, 0.9796677777570963, 1.0230460808899293","0.06460274128104193, 0.07330758458110034, 0.06890551001718624, 0.07330758458110039, 0.06460274128104176"
5.26530612244898,0.6530612244897959,"0.23655382890395332, -0.11627202144178622, 0.2594363850756643, -0.116272021441785, 0.2365538289039536","1.0273461879703762, 0.9757522905635433, 0.9938030429321604, 0.9757522905635435, 1.027346187970376","0.06847210546710202, 0.0734690176756033, 0.06979262684916154, 0.07346901767560336, 0.06847210546710167"
5.26530612244898,0.7346938775510204,"0.23536476529870112, -0.1153560075263752, 0.25998248445534533, -0.11535600752637445, 0.23536476529870337","1.031979367758851, 0.971495557397904, 0.9930501496864903, 0.9714955573979047, 1.0319793677588511","0.07266677781387354, 0.07360274642067538, 0.0707102231079135, 0.07360274642067557, 0.07266677781387346"
5.26530612244898,0.8163265306122449,"0.23404199490545177, -0.11436850447780908, 0.26065301914471745, -0.11436850447780625, 0.23404199490544625","1.0369801824323497, 0.9668587676365854, 0.992322099862131, 0.966858767636585, 1.0369801824323495","0.07721980959318415, 0.07370291048228347, 0.0716612938566081, 0.07370291048228314, 0.07721980959318456"
5.26530612244898,0.8979591836734694,"0.23257574969634376, -0.11330343509819663, 0.26145537080370806, -0.1133034350981936, 0.23257574969633832","1.0423868652650687, 0.9617984186242099, 0.991629432221443, 0.9617984186242095, 1.0423868652650685","0.0821677737073666, 0.07376287278255, 0.07264971241764243, 0.0737628727825496, 0.08216777370736691"
5.26530612244898,0.9795918367346939,"0.23095571407202203, -0.11215417180353876, 0.2623969154630357, -0.11215417180353662, 0.23095571407201804","1.0482416236048202, 0.9562658242285501, 0.9909851043332609, 0.9562658242285507, 1.0482416236048215","0.08755104822025288, 0.0737751410849761, 0.07368042436016796, 0.07377514108497601, 0.0875510482202535"
5.26530612244898,1.0612244897959184,"0.22917109336912148, -0.11091353127342371, 0.2634848758086067, -0.1109135312734221, 0.22917109336911795","1.0545909156631412, 0.9502066213310902, 0.9904049260115377, 0.9502066213310911, 1.054590915663142","0.09341407367416894, 0.0737312920570567, 0.07475967893824766, 0.07373129205705686, 0.09341407367416932"
5.26530612244898,1.1428571428571428,"0.2272107246116914, -0.10957378784982966, 0.2647261264762785, -0.1095737878498241, 0.22721072461168396","1.0614856744851848, 0.9435602998842119, 0.9899080512612074, 0.9435602998842112, 1.0614856744851848","0.0998055585299945, 0.0736219029832347, 0.07589530230831272, 0.07362190298323447, 0.09980555852999491"
5.26530612244898,1.2244897959183674,"0.2250632420620133, -0.10812671344435668, 0.2661269427646845, -0.10812671344435726, 0.22506324206201617","1.0689814420645332, 0.9362597943211755, 0.9895175272285837, 0.9362597943211751, 1.068981442064532","0.10677859714761564, 0.07343649846643398, 0.07709701589708423, 0.07343649846643395, 0.10677859714761499"
5.26530612244898,1.3061224489795917,"0.2227173122639704, -0.10656365363899697, 0.2676926827500551, -0.10656365363899642, 0.22271731226396804","1.0771383635517593, 0.9282311899244728, 0.9892608930475355, 0.9282311899244733, 1.07713836355176","0.1143906523365566, 0.07316352217897512, 0.07837680132238076, 0.07316352217897505, 0.11439065233655694"
5.26530612244898,1.3877551020408163,"0.2201619550341991, -0.1048756516609935, 0.2694273932535908, -0.10487565166099219, 0.22016195503419633","1.0860209758559969, 0.9193936176274987, 0.9891708130330101, 0.9193936176274984, 1.0860209758559978","0.12270333964951136, 0.07279034700735548, 0.07974930981847324, 0.07279034700735533, 0.12270333964951174"
5.26530612244898,1.469387755102041,"0.21738696768265467, -0.10305363370499904, 0.2713333320446919, -0.10305363370499751, 0.21738696768265037","1.095697707137911, 0.9096594345692178, 0.9892857165857454, 0.9096594345692175, 1.0956977071379113","0.131781933744314, 0.07230334067708065, 0.08123230859716205, 0.07230334067708037, 0.13178193374431418"
5.26530612244898,1.5510204081632653,"0.21438346879522469, -0.10108867020459542, 0.27341040281874224, -0.10108867020459378, 0.21438346879522213","1.1062399850860163, 0.8989348145790297, 0.9896504006699077, 0.8989348145790288, 1.1062399850860163","0.14169449960929653, 0.07168800785672244, 0.08284714831451144, 0.07168800785672225, 0.1416944996092971"
5.26530612244898,1.6326530612244898,"0.21114457402713688, -0.09897232741513695, 0.27565550677600276, -0.09897232741513656, 0.21114457402713366","1.1177208351504668, 0.8871209001788873, 0.9903165293412913, 0.887120900178887, 1.1177208351504673","0.15251053582644772, 0.07092923325344802, 0.08461922415320902, 0.07092923325344791, 0.15251053582644855"
5.26530612244898,1.7142857142857142,"0.20766620807848013, -0.09669712108036135, 0.27806182600376206, -0.09669712108036255, 0.20766620807848252","1.1302128396833027, 0.8741156909202912, 0.9913429387928148, 0.8741156909202921, 1.1302128396833035","0.16429900774566708, 0.07001165235555469, 0.0865783875257985, 0.07001165235555484, 0.1642990077456668"
5.26530612244898,1.7959183673469388,"0.20394804275265468, -0.09425707779754772, 0.2806180700897843, -0.0942570777975471, 0.20394804275265604","1.1437853322090714, 0.8598168541118206, 0.9927956273582185, 0.859816854111821, 1.1437853322090712","0.17712565214664183, 0.06892017578740353, 0.08875924616362497, 0.06892017578740393, 0.17712565214664136"
5.26530612244898,1.8775510204081634,"0.19999452936947296, -0.09164839868046493, 0.2833077386219833, -0.09164839868046598, 0.19999452936947484","1.1585007273595236, 0.8441256318099466, 0.9947472816610604, 0.8441256318099474, 1.1585007273595234","0.191049460735244, 0.06764068774996061, 0.09120126855763964, 0.0676406877499608, 0.19104946073524356"
5.26530612244898,1.9591836734693877,"0.19581596437413862, -0.08887020306349522, 0.2861084773787136, -0.08887020306349525, 0.1958159643741385","1.1744099476630903, 0.8269519676251609, 0.9972761694234982, 0.8269519676251604, 1.1744099476630911","0.20611830836372935, 0.06616092643163955, 0.09394858725735741, 0.0661609264316396, 0.20611830836372996"
5.26530612244898,2.0408163265306123,"0.19142949124031888, -0.08592530725554468, 0.2889916320304512, -0.08592530725554526, 0.1914294912403199","1.1915470141774267, 0.8082208724794111, 1.0004642266863244, 0.8082208724794118, 1.1915470141774256","0.22236379331650655, 0.06447153247489676, 0.09704937966759485, 0.06447153247489681, 0.22236379331650571"
5.26530612244898,2.122448979591837,"0.18685990431942318, -0.08282096650840151, 0.29192212437795584, -0.0828209665084031, 0.1868599043194255","1.2099230247096293, 0.7878798774548661, 1.0043941956710105, 0.7878798774548665, 1.209923024709628","0.23979550668044392, 0.06256721958644898, 0.10055470260329478, 0.06256721958644895, 0.23979550668044272"
5.26530612244898,2.204081632653061,"0.18214008977070262, -0.07956948184443602, 0.29485878414746636, -0.07956948184443657, 0.18214008977070362","1.2295199452745815, 0.7659071831338502, 1.0091457431831372, 0.7659071831338502, 1.2295199452745798","0.258395139891457, 0.06044798069263608, 0.10451667787900844, 0.06044798069263612, 0.258395139891456"
5.26530612244898,2.2857142857142856,"0.1773109275912546, -0.07618855464869106, 0.2977552541148714, -0.07618855464869181, 0.17731092759125688","1.2502848625591247, 0.7423198284888968, 1.0147906179039579, 0.7423198284888977, 1.250284862559124","0.27811104996210956, 0.05812019915165228, 0.10898598036951176, 0.058120199151652514, 0.2781110499621085"
5.26530612244898,2.36734693877551,"0.17242050111199403, -0.07270127059339426, 0.30056153896280213, -0.07270127059339287, 0.17242050111199098","1.272125538531905, 0.7171809184607106, 1.021387086014769, 0.7171809184607087, 1.2721255385319057","0.2988540838304827, 0.05559749774344491, 0.11400867278577281, 0.055597497743444656, 0.29885408383048423"
5.26530612244898,2.4489795918367347,"0.16752252688478744, -0.06913561965480924, 0.30322618554004344, -0.06913561965480985, 0.16752252688478825","1.2949082030976478, 0.6906047485132517, 1.028974096778202, 0.6906047485132515, 1.2949082030976475","0.3204955502687103, 0.05290114268755149, 0.11962255867988715, 0.05290114268755156, 0.3204955502687102"
5.26530612244898,2.5306122448979593,"0.16267402928073876, -0.06552351496986156, 0.3056989713782444, -0.06552351496986061, 0.16267402928073876","1.3184584422867829, 0.6627586436420267, 1.0375658281423819, 0.6627586436420272, 1.318458442286782","0.3428681493411075, 0.05005984032975938, 0.12585336826264631, 0.05005984032975961, 0.3428681493411068"
5.26530612244898,2.6122448979591835,"0.15793242486238768, -0.061899354861409545, 0.3079338599980437, -0.06189935486141007, 0.15793242486238857","1.3425657384230303, 0.6338605692956325, 1.047147384562677, 0.6338605692956325, 1.3425657384230303","0.3657703793114717, 0.04710882904920985, 0.1327112166281817, 0.04710882904920985, 0.36577037931147144"
5.26530612244898,2.693877551020408,"0.15335231920313847, -0.05829826275047323, 0.30989188709467075, -0.05829826275047273, 0.15335231920313647","1.3669917050302596, 0.6041720936451266, 1.0576724026492257, 0.6041720936451251, 1.3669917050302605","0.3889744498471561, 0.044088274383733216, 0.1401878384903929, 0.04408827438373307, 0.3889744498471577"
5.26530612244898,2.7755102040816326,"0.1489824115099289, -0.054754213611507285, 0.31154360420315763, -0.05475421361150659, 0.14898241150992741","1.3914814231174537, 0.5739870120532403, 1.0690631296586128, 0.5739870120532398, 1.391481423117455","0.4122371252085918, 0.04104110123410059, 0.148255070928404, 0.04104110123410046, 0.41223712520859307"
5.26530612244898,2.857142857142857,"0.1448629145829658, -0.051298288179317086, 0.31287074719270114, -0.051298288179317114, 0.14486291458296718","1.4157766850050457, 0.5436167193211218, 1.081213191347666, 0.5436167193211217, 1.4157766850050444","0.4353123526897127, 0.038010510529189065, 0.1568649126376428, 0.03801051052918909, 0.4353123526897115"
5.26530612244898,2.938775510204082,"0.1410238168142363, -0.047957273773202316, 0.31386691391793253, -0.04795727377320197, 0.14102381681423526","1.4396295623434208, 0.5133740211355101, 1.0939928330421373, 0.5133740211355091, 1.4396295623434228","0.45796416618067703, 0.035037494555677125, 0.16595125649405762, 0.03503749455567718, 0.457964166180679"
5.26530612244898,3.020408163265306,"0.1374841582016827, -0.04475275857862647, 0.3145372007538865, -0.044752758578626914, 0.13748415820168408","1.4628146586410633, 0.4835573354337811, 1.1072560118503132, 0.48355733543378066, 1.4628146586410615","0.47997830726465374, 0.03215866352850327, 0.17543312595668784, 0.032158663528503335, 0.4799783072646527"
5.26530612244898,3.1020408163265305,"0.13425230842379943, -0.04170076708730176, 0.3148969173270043, -0.04170076708730158, 0.1342523084237997","1.4851386988930617, 0.45443707810628786, 1.120848446001302, 0.4544370781062882, 1.4851386988930622","0.5011712896761152, 0.02940462660400844, 0.18521901330726517, 0.02940462660400859, 0.501171289676115"
5.26530612244898,3.183673469387755,"0.13132707378723274, -0.038811888264714337, 0.31496962895496383, -0.038811888264714364, 0.1313270737872324","1.5064466522983513, 0.42624552181579123, 1.134615651771715, 0.4262455218157911, 1.5064466522983528","0.5213961530869557, 0.02679905624241729, 0.19521177599093176, 0.026799056242417362, 0.521396153086957"
5.26530612244898,3.2653061224489797,"0.1286993598223003, -0.036091779894970435, 0.3147848401453389, -0.0360917798949717, 0.1286993598223029","1.5266242129236804, 0.39917072858274094, 1.14841011698716, 0.39917072858274205, 1.5266242129236773","0.5405447508847662, 0.024358440247186093, 0.20531352207508835, 0.024358440247186204, 0.5405447508847631"
5.26530612244898,3.3469387755102042,"0.1263540904150941, -0.03354190373594082, 0.31437562664169383, -0.03354190373594118, 0.12635409041509416","1.5455970126717022, 0.3733544800073208, 1.1620970146419531, 0.3733544800073209, 1.5455970126717036","0.5585469374085762, 0.022092423142787157, 0.2154299963190837, 0.022092423142787167, 0.5585469374085769"
5.26530612244898,3.4285714285714284,"0.12427212095206708, -0.03116035323677653, 0.31377646456941877, -0.031160353236776822, 0.1242721209520678","1.5633273033448052, 0.3488936131481162, 1.1755581670141593, 0.34889361314811673, 1.5633273033448059","0.5753673615483065, 0.020004576870725287, 0.22547412734207847, 0.020004576870725304, 0.5753673615483065"
5.26530612244898,3.510204081632653,"0.12243195618260061, -0.02894266591306109, 0.31302141946092, -0.028942665913061313, 0.12243195618260205","1.5798089901555419, 0.3258438833673023, 1.1886942529543136, 0.32584388336730397, 1.5798089901555399","0.5910007084689638, 0.01809342303921521, 0.235368567853343, 0.018093423039215323, 0.5910007084689611"
5.26530612244898,3.5918367346938775,"0.12081116604642311, -0.026882551258394408, 0.31214277042394384, -0.026882551258394338, 0.12081116604642167","1.5950618618455579, 0.3042254082062268, 1.201425459896428, 0.3042254082062259, 1.5950618618455623","0.6054661928292121, 0.016353545858098378, 0.2450472148822592, 0.01635354585809831, 0.6054661928292158"
5.26530612244898,3.673469387755102,"0.11938746452231291, -0.02497250085088227, 0.3111700726571405, -0.024972500850882352, 0.11938746452231186","1.609125709180442, 0.2840288401899778, 1.21369090125916, 0.28402884018997787, 1.6091257091804456","0.6188019589674243, 0.014776671759783913, 0.25445581198894845, 0.014776671759783956, 0.6188019589674272"
5.26530612244898,3.7551020408163267,"0.11813946779221135, -0.023204274050368477, 0.31012961251631554, -0.0232042740503682, 0.11813946779221002","1.6220548225974825, 0.2652215983323565, 1.2254471581403212, 0.2652215983323561, 1.6220548225974865","0.6310598514295397, 0.013352634602242983, 0.26355180335580525, 0.013352634602242995, 0.6310598514295429"
5.26530612244898,3.836734693877551,"0.117047177467475, -0.021569269106672846, 0.3090441832783955, -0.021569269106672666, 0.117047177467475","1.6339131632686135, 0.24775369490780064, 1.236666283647173, 0.24775369490780064, 1.633913163268614","0.6423008322256463, 0.012070184432256536, 0.27230363518793416, 0.012070184432256527, 0.6423008322256463"
5.26530612244898,3.9183673469387754,"0.11609224622173087, -0.02005879725252191, 0.30793310206158475, -0.020058797252521597, 0.11609224622172776","1.6447703396686362, 0.23156288354381166, 1.2473335535751, 0.23156288354380977, 1.6447703396686417","0.6525911674210961, 0.010917628027937172, 0.28068969387155135, 0.010917628027937, 0.6525911674211018"
5.26530612244898,4.0,"0.11525808267547938, -0.018664279162245355, 0.3068123929735294, -0.018664279162245646, 0.11525808267548254","1.654698404599873, 0.21657900576576844, 1.2574451792687231, 0.21657900576576955, 1.6546984045998672","0.6619993949681059, 0.009883309664611815, 0.2886970450454875, 0.009883309664611874, 0.6619993949681"
5.387755102040816,0.0,"0.2427373444387799, -0.12254241718178127, 0.259610145485999, -0.12254241718178399, 0.24273734443878636","1.0, 1.0000000000000002, 0.9999999999999999, 1.0, 1.0","0.042950157815631836, 0.06954931465775135, 0.06143825644015694, 0.06954931465775128, 0.042950157815631634"
5.387755102040816,0.08163265306122448,"0.242353374990551, -0.12205769270707276, 0.2594086354330467, -0.12205769270707179, 0.24235337499054693","1.0025479650942182, 0.9978042232101505, 0.9992956233912635, 0.9978042232101507, 1.002547965094219","0.04512069127162784, 0.06979716141594822, 0.062142162641284894, 0.06979716141594818, 0.04512069127162813"
5.387755102040816,0.16326530612244897,"0.24189663920061982, -0.12153581616005366, 0.25927835391886406, -0.12153581616005321, 0.24189663920062288","1.00525519337556, 0.9954532352549058, 0.9985831427390671, 0.9954532352549056, 1.0052551933755594","0.04745042613345202, 0.07004349410536165, 0.06286849807000909, 0.07004349410536177, 0.04745042613345171"
5.387755102040816,0.24489795918367346,"0.24136203014779128, -0.12097426079529411, 0.25922446129500076, -0.12097426079529472, 0.241362030147797","1.0081373915974172, 0.992930926984288, 0.9978633628365927, 0.9929309269842881, 1.0081373915974179","0.04995424016526956, 0.07028622929305393, 0.06361730550182693, 0.07028622929305403, 0.049954240165269274"
5.387755102040816,0.32653061224489793,"0.24074399913437505, -0.12037020418815686, 0.25925241010755995, -0.12037020418815583, 0.24074399913437805","1.011211926427138, 0.9902192753295452, 0.9971375964866342, 0.9902192753295456, 1.0112119264271384","0.052648632832588846, 0.07052298524049058, 0.06438881009818773, 0.07052298524049042, 0.052648632832588464"
5.387755102040816,0.40816326530612246,"0.240036523891275, -0.11972049966780604, 0.25936795155305825, -0.1197204996678061, 0.24003652389127922","1.0144980238699843, 0.9872980936852727, 0.9964077648894867, 0.9872980936852735, 1.0144980238699848","0.05555191392251936, 0.07075103903030344, 0.06518345866681824, 0.07075103903030364, 0.05555191392251904"
5.387755102040816,0.4897959183673469,"0.23923307716206293, -0.1190216455220687, 0.25957713672000865, -0.11902164552206834, 0.2392330771620656","1.0180169893088253, 0.9841447514366324, 0.9956765185090853, 0.984144751436632, 1.018016989308825","0.058684411855747964, 0.07096727872574206, 0.06600196920378135, 0.07096727872574224, 0.05868441185574783"
5.387755102040816,0.5714285714285714,"0.23832659695456787, -0.11826975230671313, 0.25988631070428553, -0.11826975230671335, 0.23832659695457353","1.0217924488199128, 0.9807338601853113, 0.9949473819895548, 0.9807338601853117, 1.0217924488199137","0.06206870222719714, 0.07116815026250198, 0.06684539283345568, 0.07116815026250203, 0.062068702227196695"
5.387755102040816,0.6530612244897959,"0.23730946025320615, -0.11746050883198839, 0.26030209715756125, -0.11746050883198761, 0.23730946025320812","1.0258506116429946, 0.977036924761023, 0.9942249271919628, 0.9770369247610228, 1.0258506116429948","0.0657298563516822, 0.0713495989075861, 0.06771519066520558, 0.07134959890758615, 0.06572985635168206"
5.387755102040816,0.7346938775510204,"0.23617346264008332, -0.11658914773312745, 0.26083137018608377, -0.11658914773312787, 0.23617346264008815","1.030220552480063, 0.9730219580675796, 0.9935149789047161, 0.9730219580675796, 1.0302205524800625","0.06969570842404292, 0.07150700533867599, 0.06861332852910199, 0.07150700533867616, 0.06969570842404234"
5.387755102040816,0.8163265306122449,"0.23490980711172013, -0.11565041198647638, 0.2614812097495154, -0.11565041198647269, 0.23490980711171372","1.0349345105114145, 0.9686530603903276, 0.9928248581965158, 0.9686530603903271, 1.0349345105114145","0.07399713817768926, 0.07163511673316716, 0.06954239302268213, 0.07163511673316676, 0.07399713817768962"
5.387755102040816,0.8979591836734694,"0.23350910643536482, -0.1146385243412833, 0.26225883581183973, -0.11463852434128066, 0.23350910643535955","1.040028199444091, 0.9638899662343967, 0.9921636686430257, 0.9638899662343965, 1.0400281994440905","0.07866836344469837, 0.07172797375135412, 0.07050573276685165, 0.07172797375135388, 0.07866836344469856"
5.387755102040816,0.9795918367346939,"0.23196140469723803, -0.1135471624354695, 0.2631715154764655, -0.11354716243546611, 0.2319614046972323","1.0455411192860988, 0.9586875653956757, 0.9915426306364515, 0.9586875653956748, 1.045541119286098","0.08374723353732605, 0.07177883500711393, 0.07150762917958114, 0.07177883500711356, 0.08374723353732637"
5.387755102040816,1.0612244897959184,"0.23025622527548847, -0.11236944338911667, 0.26422643622725805, -0.11236944338911489, 0.23025622527548498","1.0515168555545835, 0.952995410200828, 0.9909754684891781, 0.9529954102008285, 1.0515168555545842","0.08927550958570771, 0.07178010160728951, 0.07255350134590059, 0.07178010160728938, 0.08927550958570814"
5.387755102040816,1.1428571428571428,"0.22838265432178498, -0.11109792295426138, 0.2654305372649546, -0.11109792295425935, 0.2283826543217812","1.0580033449125628, 0.9467572281907999, 0.9904788537932754, 0.9467572281907994, 1.0580033449125632","0.09529911153486785, 0.07172324568333986, 0.07365014955921956, 0.07172324568333974, 0.09529911153486832"
5.387755102040816,1.2244897959183674,"0.22632947090999123, -0.1097246158601827, 0.26679028990038406, -0.10972461586018145, 0.2263294709099887","1.0650530773991278, 0.9399104695419924, 0.9900729061177601, 0.9399104695419922, 1.0650530773991278","0.10186830306106855, 0.07159874861565357, 0.07480604163441294, 0.07159874861565382, 0.10186830306106887"
5.387755102040816,1.3061224489795917,"0.2240853371862908, -0.10824104581219895, 0.2683114172518144, -0.1082410458122004, 0.22408533718629448","1.0727231941175033, 0.9323859318273651, 0.9897817481102644, 0.9323859318273653, 1.0727231941175033","0.10903777488266002, 0.0713960569347868, 0.07603164486360751, 0.07139605693478697, 0.10903777488265957"
5.387755102040816,1.3877551020408163,"0.22163906389104004, -0.10663833560017133, 0.2699985434182624, -0.10663833560017347, 0.2216390638910425","1.081075425260461, 0.9241075218493011, 0.9896341057804775, 0.9241075218493011, 1.0810754252604615","0.11686657362181332, 0.07110356671720529, 0.07733980411157708, 0.07110356671720493, 0.11686657362181313"
5.387755102040816,1.469387755102041,"0.21897996810216147, -0.10490734977051086, 0.2718547633367003, -0.104907349770511, 0.21897996810216006","1.0901757967935086, 0.9149922354949991, 0.989663935422986, 0.9149922354949984, 1.0901757967935088","0.12541780764198662, 0.07070865065030393, 0.07874616252075774, 0.07070865065030381, 0.12541780764198696"
5.387755102040816,1.5510204081632653,"0.2160983403180623, -0.10303890398092705, 0.27388112732572817, -0.103038903980927, 0.21609834031806388","1.1000940157027868, 0.9049504615563968, 0.9899110454816343, 0.9049504615563977, 1.1000940157027868","0.13475804384893889, 0.07019774567012568, 0.0802696149965588, 0.07019774567012564, 0.13475804384893827"
5.387755102040816,1.6326530612244898,"0.21298603610125683, -0.10102405594751268, 0.2760760396925145, -0.10102405594751201, 0.21298603610125366","1.1109024251844035, 0.8938867428307123, 0.99042166396977, 0.8938867428307119, 1.110902425184404","0.1449562919826415, 0.06955652281324409, 0.08193277539118661, 0.06955652281324365, 0.1449562919826419"
5.387755102040816,1.7142857142857142,"0.20963720216756454, -0.09885449200433441, 0.2784345796735386, -0.09885449200433477, 0.20963720216756637","1.12267440578463, 0.8817011544417062, 0.9912488795473291, 0.8817011544417067, 1.1226744057846303","0.15608245859706574, 0.0687701639957183, 0.08376242548099266, 0.06877016399571835, 0.15608245859706538"
5.387755102040816,1.7959183673469388,"0.2060491364960056, -0.09652301964475249, 0.2809477662974948, -0.09652301964475155, 0.20604913649600376","1.135482091684762, 0.8682914795117485, 0.992452857606979, 0.8682914795117482, 1.135482091684762","0.1682051468840526, 0.06782377173761137, 0.08578989712469162, 0.06782377173761134, 0.16820514688405283"
5.387755102040816,1.8775510204081634,"0.20222326518335404, -0.09402416871574745, 0.28360180706478844, -0.09402416871574751, 0.20222326518335249","1.1493932809784657, 0.8535563670718933, 0.9941007038992826, 0.8535563670718931, 1.1493932809784644","0.18138868830102103, 0.06670293579568695, 0.08805131878409789, 0.06670293579568681, 0.18138868830102084"
5.387755102040816,1.9591836734693877,"0.19816619425648085, -0.09135489093543098, 0.286377393357899, -0.09135489093543078, 0.1981661942564814","1.16446745526251, 0.8373996337854318, 0.9962658219041158, 0.8373996337854317, 1.1644674552625087","0.19568932744973944, 0.06539447319722304, 0.09058763553722315, 0.06539447319722322, 0.195689327449739"
5.387755102040816,2.0408163265306123,"0.1938907626212577, -0.08851532833890821, 0.28924913143530134, -0.0885153283389079, 0.19389076262125693","1.18075089874342, 0.8197358042092617, 0.9990265940946349, 0.8197358042092613, 1.1807508987434192","0.21115055379232459, 0.06388734304334628, 0.0934442914036044, 0.0638873430433464, 0.21115055379232459"
5.387755102040816,2.122448979591837,"0.1894169852682344, -0.08550959659822865, 0.2921852226599895, -0.08550959659822849, 0.18941698526823364","1.1982710301983093, 0.8004968584769534, 1.0024642226494762, 0.8004968584769536, 1.198271030198311","0.2277976918115367, 0.062173712871286105, 0.09667045032754609, 0.06217371287128609, 0.22779769181153758"
5.387755102040816,2.204081632653061,"0.18477273978465236, -0.08234650151504977, 0.2951475234607942, -0.08234650151505041, 0.18477273978465353","1.2170302353425768, 0.7796399618033449, 1.0066596057081565, 0.7796399618033458, 1.2170302353425768","0.2456320275811123, 0.06025011904742954, 0.10031763618339859, 0.06025011904742954, 0.2456320275811117"
5.387755102040816,2.2857142857142856,"0.17999402428412387, -0.0790400818602901, 0.2980921151523331, -0.0790400818602908, 0.17999402428412448","1.2369997010118374, 0.7571556920188521, 1.0116892139386229, 0.757155692018852, 1.2369997010118379","0.26462495320952667, 0.058118622259166405, 0.10443770283725788, 0.058118622259166364, 0.2646249532095268"
5.387755102040816,2.36734693877551,"0.17512461450779454, -0.07560985757663655, 0.3009704861376833, -0.07560985757663788, 0.17512461450779654","1.2581139731652753, 0.7330759890233651, 1.017620075622719, 0.7330759890233653, 1.258113973165274","0.28471281961932493, 0.05578781759711379, 0.10908011150132735, 0.05578781759711372, 0.284712819619324"
5.387755102040816,2.4489795918367347,"0.1702149856295125, -0.07208066910677824, 0.30373136695453046, -0.07208066910677816, 0.17021498562951337","1.2802671308080926, 0.7074807845664498, 1.0245041692509151, 0.7074807845664501, 1.2802671308080922","0.3057933479076797, 0.05327352850754283, 0.11428859731007843, 0.053273528507542925, 0.3057933479076792"
5.387755102040816,2.5306122448979593,"0.16532044809370705, -0.06848202935450368, 0.3063231625215942, -0.06848202935450406, 0.16532044809370658","1.3033115130042912, 0.6805021208006923, 1.0323727323900336, 0.6805021208006925, 1.3033115130042925","0.32772448923723935, 0.05059900950379888, 0.12009744175287261, 0.05059900950379887, 0.3277244892372404"
5.387755102040816,2.6122448979591835,"0.16049857188904892, -0.06484697604574635, 0.3086968083133942, -0.0648469760457468, 0.16049857188905003","1.3270597857233912, 0.6523246274399355, 1.0412311736733466, 0.6523246274399351, 1.3270597857233914","0.3503264762096718, 0.047794516866852765, 0.12652770854616371, 0.04779451686685275, 0.350326476209672"
5.387755102040816,2.693877551020408,"0.15580611799065291, -0.06121049983699742, 0.31080876369268906, -0.06121049983699761, 0.15580611799065314","1.3512907559942322, 0.6231815653183739, 1.051055357374789, 0.6231815653183733, 1.3512907559942335","0.3733874441426931, 0.0448961844642948, 0.13358391005940232, 0.04489618446429452, 0.37338744414269337"
5.387755102040816,2.7755102040816326,"0.15129582195672653, -0.057607711936859915, 0.31262377996026625, -0.0576077119368599, 0.15129582195672708","1.3757587689359065, 0.5933462503347088, 1.0617899614587716, 0.5933462503347089, 1.3757587689359063","0.3966724542020843, 0.04194425407339293, 0.14125160729223948, 0.04194425407339291, 0.39667245420208386"
5.387755102040816,2.857142857142857,"0.14701344114204845, -0.05407197772142028, 0.3141170731587427, -0.05407197772142014, 0.14701344114204906","1.4002058759206242, 0.563119439207229, 1.0733493697442942, 0.5631194392072292, 1.400205875920624","0.4199351344589272, 0.03898083162326345, 0.14949637798763665, 0.03898083162326349, 0.4199351344589268"
5.387755102040816,2.938775510204082,"0.1429954547147229, -0.05063325747311237, 0.31527560551677786, -0.050633257473112814, 0.14299545471472436","1.4243754116685086, 0.532813997712515, 1.0856211812379533, 0.532813997712516, 1.424375411668509","0.4429306339315056, 0.036047438711839914, 0.15826441228615704, 0.03604743871184004, 0.442930633931505"
5.387755102040816,3.020408163265306,"0.13926769337776868, -0.04731685436164779, 0.31609832196775955, -0.047316854361647134, 0.13926769337776695","1.44802533071797, 0.5027386732860484, 1.0984719919919623, 0.5027386732860478, 1.4480253307179716","0.4654283161647083, 0.033182671971446406, 0.16748474667734667, 0.033182671971446344, 0.46542831616471"
5.387755102040816,3.1020408163265305,"0.13584500347938905, -0.04414268498676405, 0.3165953630147506, -0.04414268498676338, 0.13584500347938794","1.4709397200920047, 0.47318291032438564, 1.1117547391672193, 0.47318291032438464, 1.4709397200920065","0.48722268780494343, 0.030420257140054675, 0.1770728859180755, 0.030420257140054544, 0.487222687804945"
5.387755102040816,3.183673469387755,"0.1327318681182706, -0.041125085914555715, 0.31678643559256997, -0.04112508591455587, 0.13273186811827087","1.4929372998807433, 0.4444043561864577, 1.1253166878656, 0.44440435618645735, 1.4929372998807415","0.5081414383438286, 0.027787698789102047, 0.18693535606551365, 0.02778769878910205, 0.5081414383438279"
5.387755102040816,3.2653061224489797,"0.12992376531010547, -0.038273080520474276, 0.3166986304207374, -0.03827308052047387, 0.1299237653101054","1.5138763184439403, 0.4166201164158939, 1.139007130280332, 0.4166201164158943, 1.5138763184439412","0.5280500362614295, 0.025305608215899507, 0.19697462777766508, 0.025305608215899566, 0.5280500362614298"
5.387755102040816,3.3469387755102042,"0.12740897031203857, -0.035590975093158325, 0.316364009562239, -0.035590975093158866, 0.12740897031203935","1.533655869806348, 0.390002114230389, 1.1526840319265255, 0.3900021142303897, 1.533655869806347","0.5468529179890143, 0.022987675384263058, 0.20709386088080842, 0.022987675384263054, 0.5468529179890133"
5.387755102040816,3.4285714285714284,"0.1251705089722845, -0.0330791375457027, 0.3158172571468344, -0.033079137545702644, 0.12517050897228627","1.5522141566374188, 0.36467627687920623, 1.166219132966752, 0.36467627687920834, 1.5522141566374166","0.5644917761894748, 0.020841163663653663, 0.2172010279148539, 0.020841163663653888, 0.5644917761894718"
5.387755102040816,3.510204081632653,"0.12318802295540993, -0.03073482881992215, 0.31509361172902284, -0.030734828819922594, 0.12318802295541237","1.569524511163673, 0.3407248331465126, 1.1795013113796333, 0.3407248331465134, 1.56952451116367","0.580941725878493, 0.01886776147911172, 0.2272121341770183, 0.018867761479111716, 0.5809417258784895"
5.387755102040816,3.5918367346938775,"0.12143938792680153, -0.02855299189798545, 0.31422720794236714, -0.028552991897985547, 0.12143938792680242","1.5855900634551285, 0.31819080089339946, 1.192438271302946, 0.31819080089339935, 1.5855900634551265","0.5962061971160005, 0.017064620896875708, 0.23705341994261314, 0.017064620896875674, 0.5962061971159989"
5.387755102040816,3.673469387755102,"0.11990200670903528, -0.02652694213537262, 0.31324987085267564, -0.026526942135372517, 0.11990200670903428","1.6004378611111187, 0.29708374043206504, 1.2049567969136312, 0.297083740432065, 1.6004378611111207","0.6103113190961542, 0.015425438000713533, 0.2466625729882947, 0.015425438000713497, 0.6103113190961559"
5.387755102040816,3.7551020408163267,"0.11855376460742972, -0.024648935727391984, 0.3121903422399238, -0.024648935727392275, 0.11855376460743094","1.6141130669969814, 0.27738598171020284, 1.217001902585635, 0.2773859817102029, 1.6141130669969799","0.6233003899518978, 0.013941469104666399, 0.2559890785865284, 0.013941469104666319, 0.623300389951896"
5.387755102040816,3.836734693877551,"0.11737367721023173, -0.022910616281666324, 0.311073878142871, -0.02291061628166601, 0.11737367721022979","1.6266736569497973, 0.25905872923588497, 1.2285352276286345, 0.2590587292358837, 1.626673656949801","0.6352288309570389, 0.01260241802253493, 0.26499388709957533, 0.012602418022534811, 0.6352288309570426"
5.387755102040816,3.9183673469387754,"0.11634228316568024, -0.021303352653429725, 0.3099221389754972, -0.02130335265342999, 0.11634228316568185","1.6381858519554564, 0.2420476521568069, 1.2395329917754747, 0.24204765215680826, 1.6381858519554517","0.646159845376435, 0.011397164881591253, 0.27364859342445996, 0.011397164881591254, 0.6461598453764309"
5.387755102040816,4.0,"0.11544184073837083, -0.019818486608404025, 0.30875329174006594, -0.019818486608404365, 0.11544184073837183","1.6487203718989605, 0.22628774359397608, 1.2499837690141293, 0.22628774359397677, 1.648720371898959","0.656160862316019, 0.010314332907015715, 0.2819343094177935, 0.010314332907015776, 0.6561608623160173"
5.510204081632653,0.0,"0.2432166456465167, -0.12344394428266212, 0.26045459727229514, -0.12344394428266156, 0.24321664564651205","1.0000000000000004, 1.0000000000000002, 1.0000000000000002, 1.0000000000000004, 1.0000000000000007","0.041510186712045406, 0.06741950119946809, 0.059534550834593615, 0.06741950119946796, 0.041510186712045545"
5.510204081632653,0.08163265306122448,"0.24284934165873234, -0.12297891003987124, 0.2602591367622809, -0.12297891003986988, 0.2428493416587284","1.0024144687153722, 0.9979121220828202, 0.9993468184036162, 0.9979121220828212, 1.0024144687153738","0.043576777727292806, 0.06767216865092808, 0.06022957912757503, 0.06767216865092814, 0.04357677772729317"
5.510204081632653,0.16326530612244897,"0.2424124459800027, -0.1224789120617604, 0.26013293216350997, -0.12247891206176054, 0.2424124459800082","1.0049788631798664, 0.9956784127666027, 0.9986854481070615, 0.9956784127666027, 1.004978863179866","0.04579313499968863, 0.06792414936825653, 0.060945924732883044, 0.06792414936825669, 0.04579313499968821"
5.510204081632653,0.24489795918367346,"0.24190110405971849, -0.12194156815792015, 0.26008092819639894, -0.12194156815791965, 0.2419011040597224","1.0077077972779942, 0.993283935648672, 0.9980165341466691, 0.9932839356486716, 1.0077077972779938","0.04817313223941037, 0.06817359039587911, 0.06168363080313284, 0.06817359039587938, 0.04817313223941017"
5.510204081632653,0.32653061224489793,"0.24131004180030863, -0.12136421897430075, 0.26010835434797913, -0.12136421897430111, 0.2413100418003139","1.010617427085533, 0.9907119922571621, 0.9973411613146103, 0.9907119922571618, 1.0106174270855326","0.05073215008744852, 0.06841837134473283, 0.06244289672828136, 0.0684183713447329, 0.05073215008744806"
5.510204081632653,0.40816326530612246,"0.240633534112478, -0.12074390042469185, 0.260220732624425, -0.1207439004246913, 0.24063353411248062","1.0137256369836691, 0.9879438922732569, 0.9966609414861503, 0.9879438922732573, 1.0137256369836698","0.05348725263869149, 0.06865606585983369, 0.06322411207280575, 0.06865606585983358, 0.05348725263869122"
5.510204081632653,0.4897959183673469,"0.23986537329659122, -0.1200773137517005, 0.2604238809102119, -0.12007731375169967, 0.23986537329659727","1.0170522458387972, 0.9849586947488831, 0.9959781188246407, 0.9849586947488834, 1.017052245838797","0.05645738316427003, 0.0688838984921929, 0.06402789944158158, 0.068883898492193, 0.05645738316426922"
5.510204081632653,0.5714285714285714,"0.23899883828782129, -0.11936079342101763, 0.2607239102663882, -0.1193607934210158, 0.23899883828782376","1.0206192342779399, 0.9817329176985833, 0.9952956960469537, 0.9817329176985827, 1.0206192342779392","0.05966357994116654, 0.0690986966356055, 0.06485516814118396, 0.06909869663560551, 0.05966357994116606"
5.510204081632653,0.6530612244897959,"0.23802666622806679, -0.11859027324438637, 0.26112721403263384, -0.11859027324438637, 0.23802666622807178","1.0244509935259205, 0.9782402137694496, 0.9946175854092574, 0.9782402137694498, 1.0244509935259194","0.0631292125461945, 0.06929683728040384, 0.06570718087119765, 0.06929683728040407, 0.06312921254619376"
5.510204081632653,0.7346938775510204,"0.23694102838417364, -0.11776125139712232, 0.2616404460258912, -0.11776125139712224, 0.2369410283841796","1.028574595369444, 0.974451010350398, 0.9939487885603167, 0.9744510103503976, 1.028574595369444","0.06688023809512869, 0.06947418849272827, 0.06658563609378987, 0.06947418849272839, 0.06688023809512837"
5.510204081632653,0.8163265306122449,"0.23573351314981444, -0.11686875536930097, 0.26227048443896894, -0.11686875536930191, 0.23573351314981966","1.0330200814416926, 0.9703321136235359, 0.9932956098695436, 0.9703321136235367, 1.0330200814416926","0.07094547557850073, 0.06962604577586481, 0.06749276918113675, 0.06962604577586523, 0.07094547557850037"
5.510204081632653,0.8979591836734694,"0.2343951197824055, -0.11590730839570518, 0.26302437722660243, -0.11590730839570096, 0.23439511978239816","1.0378207680038452, 0.9658462778918111, 0.9926659082086866, 0.9658462778918102, 1.037820768003844","0.07535689449605874, 0.0697470638448967, 0.06843147591054254, 0.0697470638448963, 0.07535689449605898"
5.510204081632653,0.9795918367346939,"0.2329162676701535, -0.11487089958240193, 0.2639092638244992, -0.11487089958239871, 0.23291626767014773","1.0430135595124759, 0.9609517443108855, 0.9920693923532768, 0.9609517443108853, 1.043013559512476","0.08014991120804558, 0.06983118489228787, 0.06940546233066196, 0.06983118489228754, 0.08014991120804606"
5.510204081632653,1.0612244897959184,"0.23128682732742858, -0.11375296082533429, 0.26493226699581346, -0.1137529608253322, 0.23128682732742428","1.0486392602239207, 0.9556017572621445, 0.9915179650278706, 0.955601757262143, 1.0486392602239198","0.08536368253663558, 0.06987156519624821, 0.07041942539827084, 0.06987156519624761, 0.08536368253663582"
5.510204081632653,1.1428571428571428,"0.22949618099294544, -0.11254635473552219, 0.2661003474851561, -0.11254635473551985, 0.22949618099294083","1.0547428675626718, 0.9497440724693311, 0.9910261199359958, 0.9497440724693309, 1.0547428675626724","0.09104138084643651, 0.06986050299284399, 0.0714792689854358, 0.06986050299284356, 0.09104138084643704"
5.510204081632653,1.2244897959183674,"0.227533322639006, -0.111243379175478, 0.2674201130729465, -0.11124337917547486, 0.227533322639001","1.0613738235910697, 0.9433204791129892, 0.9906113945918854, 0.9433204791129888, 1.061373823591071","0.09723042774980523, 0.06978937197231612, 0.07259235973098978, 0.06978937197231569, 0.09723042774980606"
5.510204081632653,1.3061224489795917,"0.22538700932021713, -0.10983579568028617, 0.2688975727201395, -0.10983579568028543, 0.22538700932021527","1.0685861912724397, 0.9362663692288075, 0.9902948789975066, 0.9362663692288069, 1.06858619127244","0.10398265435445907, 0.06964856664656285, 0.07376782653586095, 0.06964856664656291, 0.10398265435445952"
5.510204081632653,1.3877551020408163,"0.22304597793613612, -0.1083148909500633, 0.2705378260278519, -0.10831489095006416, 0.2230459779361397","1.076438709991401, 0.928510402184662, 0.9901017756478745, 0.9285104021846637, 1.0764387099914021","0.11135434429273303, 0.06942746823146032, 0.0750169059644479, 0.06942746823146077, 0.11135434429273287"
5.510204081632653,1.469387755102041,"0.22049924335588833, -0.10667158265032628, 0.2723446785888731, -0.10667158265032706, 0.22049924335589155","1.0849946698465334, 0.9199743304871775, 0.9900619993325785, 0.9199743304871772, 1.084994669846532","0.11940610152552641, 0.06911444261777935, 0.07635333298822497, 0.06911444261777952, 0.11940610152552565"
5.510204081632653,1.5510204081632653,"0.21773649495797937, -0.10489658271689659, 0.27432017551783444, -0.10489658271689539, 0.21773649495797814","1.0943215268316835, 0.9105730756872932, 0.990210794962047, 0.910573075687293, 1.094321526831683","0.1282024683737395, 0.06869688540796426, 0.07779377184813564, 0.06869688540796422, 0.12820246837373955"
5.510204081632653,1.6326530612244898,"0.21474860821853275, -0.10298063283346565, 0.2764640492298636, -0.10298063283346684, 0.21474860821853597","1.1044901621758916, 0.9002151691233454, 0.990589337401525, 0.9002151691233455, 1.1044901621758902","0.13781120137469866, 0.0681613326649878, 0.0793582746728673, 0.068161332664988, 0.13781120137469785"
5.510204081632653,1.7142857142857142,"0.211528284967406, -0.10091482710132457, 0.2787730842678383, -0.10091482710132368, 0.21152828496740433","1.115573671007541, 0.8888036997712314, 0.9912452584424569, 0.888803699771231, 1.115573671007542","0.14830209550556725, 0.06749365950961926, 0.0810707451928123, 0.06749365950961919, 0.14830209550556792"
5.510204081632653,1.7959183673469388,"0.20807082894515888, -0.09869103524427195, 0.28124041259822696, -0.09869103524427195, 0.20807082894515816","1.1276455520772495, 0.876237936673137, 0.9922330224992275, 0.876237936673137, 1.1276455520772497","0.15974523483778852, 0.06667939122785285, 0.08295937088115281, 0.06667939122785291, 0.15974523483778874"
5.510204081632653,1.8775510204081634,"0.20437505075759566, -0.09630243481188733, 0.2838547681085851, -0.09630243481188624, 0.20437505075759294","1.140777167742657, 0.8624158095737057, 0.9936140453672757, 0.8624158095737047, 1.1407771677426557","0.1722085457472828, 0.06570415188336745, 0.08505696899171633, 0.06570415188336731, 0.17220854574728295"
5.510204081632653,1.9591836734693877,"0.20044427676970045, -0.0937441514360716, 0.2865997493327418, -0.09374415143607198, 0.2004442767697014","1.1550343606134978, 0.8472374282929325, 0.9954564221871383, 0.8472374282929336, 1.1550343606134983","0.18575454582838946, 0.06455427185805596, 0.08740117096762295, 0.06455427185805603, 0.1857545458283894"
5.510204081632653,2.0408163265306123,"0.1962874091431266, -0.09101399109255165, 0.28945316389885106, -0.09101399109255118, 0.19628740914312526","1.1704731612194088, 0.830609785264527, 0.9978341070321296, 0.8306097852645262, 1.1704731612194093","0.20043622814636244, 0.06321756616949185, 0.09003434775708567, 0.06321756616949152, 0.20043622814636294"
5.510204081632653,2.122448979591837,"0.19191994996394568, -0.08811322707405558, 0.29238655422021914, -0.08811322707405539, 0.1919199499639462","1.1871346113377075, 0.812452700673117, 1.0008253759783519, 0.812452700673117, 1.1871346113377088","0.21629210733414322, 0.06168427772224408, 0.09300316002586231, 0.06168427772224409, 0.21629210733414375"
5.510204081632653,2.204081632653061,"0.18736486488668902, -0.08504737808857823, 0.2953650264037787, -0.08504737808857757, 0.18736486488668858","1.2050388685092606, 0.7927059214493961, 1.0045104200826878, 0.7927059214493972, 1.2050388685092623","0.23334058905057836, 0.05994815246251148, 0.09635760903331259, 0.059948152462511645, 0.23334058905057878"
5.510204081632653,2.2857142857142856,"0.18265312842661255, -0.08182688610411004, 0.2983475153549937, -0.08182688610411032, 0.18265312842661413","1.2241789477728622, 0.7713370681989469, 1.0089679680563828, 0.7713370681989483, 1.2241789477728617","0.25157400626565907, 0.05800757726405571, 0.10014947534424505, 0.05800757726405591, 0.25157400626565796"
5.510204081632653,2.36734693877551,"0.17782377549889186, -0.07846757987588712, 0.30128760875398924, -0.07846757987588854, 0.17782377549889472","1.2445146788332369, 0.748349850109828, 1.0142709421138711, 0.748349850109829, 1.2445146788332364","0.27095287732718015, 0.05586667015392488, 0.10443007369743602, 0.055866670153925116, 0.2709528773271795"
5.510204081632653,2.4489795918367347,"0.1729232960136517, -0.07499080178339021, 0.3041350115394769, -0.07499080178339082, 0.1729232960136528","1.265967669488579, 0.7237916767497021, 1.0204813075234376, 0.723791676749703, 1.26596766948858","0.29140114217731666, 0.05353617447827005, 0.10924733077164901, 0.05353617447827012, 0.29140114217731666"
5.510204081632653,2.5306122448979593,"0.16800426355292572, -0.07142309152124102, 0.30683765593663015, -0.07142309152124096, 0.16800426355292625","1.2884182043613959, 0.6977595588313483, 1.027644473614511, 0.697759558831349, 1.2884182043613972","0.312803262500556, 0.05103398629546934, 0.11464230813038122, 0.051033986295469645, 0.3128032625005566"
5.510204081632653,2.6122448979591835,"0.1631231894525536, -0.06779536679190457, 0.30934435467870225, -0.06779536679190346, 0.16312318945255233","1.311704995058685, 0.6704031017395107, 1.0357838064036091, 0.6704031017395102, 1.3117049950586848","0.33500405600960426, 0.048385151800602155, 0.12064543214586598, 0.04838515180060234, 0.3350040560096048"
5.510204081632653,2.693877551020408,"0.15833772925871042, -0.06414161665895013, 0.3116077748004788, -0.06414161665895027, 0.1583377292587112","1.3356284712913151, 0.6419235460821178, 1.044895965253134, 0.6419235460821175, 1.3356284712913147","0.3578119154727791, 0.04562121952675124, 0.1272728275313144, 0.045621219526751224, 0.3578119154727787"
5.510204081632653,2.7755102040816326,"0.15370351124744414, -0.06049721432842331, 0.31358740616195857, -0.060497214328423324, 0.15370351124744408","1.3599578489091413, 0.612568243436882, 1.0549478153079548, 0.612568243436882, 1.3599578489091404","0.3810056277205491, 0.04277892095240988, 0.13452324085138875, 0.042778920952409955, 0.38100562772054863"
5.510204081632653,2.857142857142857,"0.14927096581232507, -0.056897039264818094, 0.3152521469049859, -0.0568970392648184, 0.14927096581232574","1.3844415942022428, 0.582620632128955, 1.065875547337606, 0.5826206321289558, 1.3844415942022423","0.4043444187436379, 0.03989826872660643, 0.14237604478677526, 0.039898268726606546, 0.4043444187436372"
5.510204081632653,2.938775510204082,"0.14508257079538872, -0.053373647166350915, 0.31658215274192436, -0.0533736471663519, 0.1450825707953899","1.408820265518072, 0.5523865581521579, 1.077586352659542, 0.55238655815216, 1.4088202655180704","0.42758024357561647, 0.03702027599411932, 0.15079071006201003, 0.03702027599411949, 0.4275802435756146"
5.510204081632653,3.020408163265306,"0.1411708709633685, -0.04995572198812255, 0.31756970204950763, -0.04995572198812233, 0.1411708709633691","1.4328402324964356, 0.522178465245818, 1.089962604515494, 0.5221784652458186, 1.432840232496434","0.450470884831603, 0.03418457990823716, 0.15970792880186813, 0.034184579908237436, 0.45047088483160197"
5.510204081632653,3.1020408163265305,"0.13755749031359454, -0.046666985874390096, 0.31821899112159097, -0.046666985874390346, 0.1375574903135952","1.456266598817849, 0.4922993583412302, 1.1028680856818434, 0.49229935834123106, 1.4562665988178498","0.4727922625671681, 0.03142727183340317, 0.16905231443940508, 0.03142727183340322, 0.47279226256716794"
5.510204081632653,3.183673469387755,"0.13425317319872643, -0.0435256485334493, 0.3185449506694462, -0.04352564853344916, 0.13425317319872576","1.4788938404182679, 0.4630284175487044, 1.1161554840660555, 0.4630284175487037, 1.478893840418269","0.4943485407192976, 0.02877918960319973, 0.17873635456072734, 0.028779189603199702, 0.49434854071929873"
5.510204081632653,3.2653061224489797,"0.13125871697363, -0.040544376640215804, 0.3185713193331722, -0.04054437664021547, 0.13125871697362873","1.5005531532500285, 0.4346097305319031, 1.1296742324361373, 0.434609730531902, 1.5005531532500314","0.5149790789751805, 0.026264829267876405, 0.18866511713385442, 0.026264829267876228, 0.5149790789751827"
5.510204081632653,3.3469387755102042,"0.12856653926963402, -0.037730684362064046, 0.31832829018486086, -0.03773068436206384, 0.12856653926963302","1.5211161303920575, 0.40724496160585466, 1.143277816004175, 0.4072449616058552, 1.5211161303920593","0.5345618772247117, 0.023901915690178202, 0.1987411448074805, 0.02390191569017813, 0.5345618772247128"
5.510204081632653,3.4285714285714284,"0.12616257760406685, -0.03508760426882247, 0.3178500533295122, -0.035087604268822584, 0.1261625776040664","1.54049498323418, 0.381090079795504, 1.156829873940631, 0.3810900797955047, 1.5404949832341814","0.5530137264246922, 0.02170156556662948, 0.208869017679815, 0.021701565566629496, 0.5530137264246933"
5.510204081632653,3.510204081632653,"0.12402824191974826, -0.03261449459566643, 0.31717250535183816, -0.03261449459566636, 0.12402824191974648","1.558639954064712, 0.35625569414303476, 1.1702087035845046, 0.3562556941430344, 1.5586399540647142","0.5702876899454391, 0.019668905429518428, 0.21895919271928335, 0.019668905429518355, 0.5702876899454417"
5.510204081632653,3.5918367346938775,"0.1221422081373551, -0.030307863449044542, 0.31633131062337727, -0.030307863449044903, 0.12214220813735732","1.575534782607459, 0.33281018705077026, 1.1833100606835436, 0.3328101870507717, 1.5755347826074564","0.5863687417050494, 0.01780397823298707, 0.22893089362410687, 0.017803978232987325, 0.5863687417050466"
5.510204081632653,3.673469387755102,"0.12048192444581457, -0.028162128145523366, 0.31536040739942006, -0.028162128145522755, 0.12048192444581196","1.5911911038956297, 0.3107847071401547, 1.1960483779284288, 0.3107847071401535, 1.5911911038956343","0.6012683987083999, 0.016102779377235553, 0.23871398631670143, 0.01610277937723556, 0.6012683987084045"
5.510204081632653,3.7551020408163267,"0.11902477901908065, -0.026170265525257315, 0.31429097301235137, -0.02617026552525755, 0.1190247790190827","1.605642529868236, 0.2901791348087044, 1.2083566706461224, 0.29017913480870555, 1.6056425298682317","0.6150190642713539, 0.014558293493311714, 0.24824990378567477, 0.014558293493311855, 0.6150190642713501"
5.510204081632653,3.836734693877551,"0.11774893545233228, -0.024324339000568206, 0.31315080709647053, -0.02432433900056883, 0.11774893545233434","1.6189389735115696, 0.2709682948164327, 1.2201854633439972, 0.27096829481643375, 1.618938973511567","0.6276686123898584, 0.013161443165516148, 0.2574917673043522, 0.013161443165516202, 0.6276686123898554"
5.510204081632653,3.9183673469387754,"0.11663387728773245, -0.022615907693364544, 0.31196406081126565, -0.022615907693364246, 0.11663387728773084","1.6311415711853863, 0.2531078932289025, 1.231501071171421, 0.25310789322890187, 1.63114157118539","0.639275549528789, 0.011901899377077843, 0.2664038903001544, 0.011901899377077798, 0.6392755495287923"
5.510204081632653,4.0,"0.11566071859795768, -0.021036333235699943, 0.31075122927548393, -0.02103633323570002, 0.11566071859795846","1.6423183830511883, 0.23653985219862245, 1.2422835295003798, 0.23653985219862314, 1.6423183830511883","0.6499049226884464, 0.010768734751033071, 0.2749608554114306, 0.010768734751033108, 0.6499049226884455"
5.63265306122449,0.0,"0.24367190312449413, -0.12430097577839683, 0.2612581453078033, -0.12430097577839827, 0.2436719031244976","1.0000000000000002, 0.9999999999999998, 0.9999999999999994, 0.9999999999999989, 0.9999999999999989","0.04013473872824245, 0.06537211258937742, 0.05770516542425822, 0.0653721125893774, 0.04013473872824223"
5.63265306122449,0.08163265306122448,"0.24332044643289197, -0.12385481898715661, 0.2610687451085335, -0.12385481898715478, 0.24332044643288564","1.0022894810870895, 0.998013539243089, 0.9993939593396433, 0.9980135392430882, 1.0022894810870893","0.04210332877158054, 0.0656281065643201, 0.058390148609399464, 0.0656281065643202, 0.04210332877158113"
5.63265306122449,0.16326530612244897,"0.24290239489973944, -0.1233757376116435, 0.26094668542380534, -0.12337573761164308, 0.24290239489974214","1.0047201380265602, 0.9958899896266299, 0.9987797446936187, 0.9958899896266309, 1.0047201380265611","0.04421286353949209, 0.06588412897899618, 0.059095423727310636, 0.06588412897899626, 0.04421286353949204"
5.63265306122449,0.24489795918367346,"0.24241313425438846, -0.12286148737763011, 0.2608967062464796, -0.12286148737763031, 0.24241313425439234","1.0073055702431728, 0.9936154960013956, 0.9981578675108632, 0.9936154960013953, 1.0073055702431721","0.04647628109850791, 0.06613853208344547, 0.05982103580251638, 0.06613853208344554, 0.04647628109850759"
5.63265306122449,0.32653061224489793,"0.24184765227330596, -0.12230956451345049, 0.260923824480287, -0.12230956451344926, 0.24184765227330693","1.0100608088328327, 0.9911745811214149, 0.9975292200915052, 0.9911745811214153, 1.010060808832833","0.048907918754365516, 0.06638942843760301, 0.06056716373961944, 0.06638942843760322, 0.04890791875436547"
5.63265306122449,0.40816326530612246,"0.24120050795112086, -0.12171717931767997, 0.26103334273311435, -0.12171717931767842, 0.24120050795112308","1.0130024898196979, 0.9885499344092517, 0.9968951515421015, 0.988549934409251, 1.013002489819697","0.051523677796044456, 0.06663465632590018, 0.061334149641826805, 0.06663465632590038, 0.05152367779604424"
5.63265306122449,0.4897959183673469,"0.24046580006694956, -0.12108122728143111, 0.26123085442895944, -0.12108122728143073, 0.24046580006695265","1.0161490467348102, 0.9857221736063073, 0.9962575593177643, 0.9857221736063072, 1.01614904673481","0.054341206756267614, 0.06687174094795698, 0.062122535874641865, 0.06687174094795713, 0.05434120675626745"
5.63265306122449,0.5714285714285714,"0.23963713597372324, -0.12039825786734865, 0.2615222437872473, -0.12039825786734629, 0.23963713597372424","1.0195209238037255, 0.9826695766101307, 0.9956189991722892, 0.9826695766101303, 1.0195209238037248","0.05738010435808395, 0.06709785102702485, 0.062933111515469, 0.06709785102702524, 0.05738010435808379"
5.63265306122449,0.6530612244897959,"0.2387076017956637, -0.11966444119843489, 0.26191367880554006, -0.11966444119843431, 0.23870760179566586","1.0231408106402626, 0.9793677809672097, 0.9949828167850572, 0.9793677809672088, 1.0231408106402624","0.06066214293339445, 0.06730975053663696, 0.06376697016255113, 0.06730975053663692, 0.06066214293339425"
5.63265306122449,0.7346938775510204,"0.23766973568939817, -0.11887553312650936, 0.26241159487421795, -0.11887553312650978, 0.237669735689403","1.0270338986864262, 0.9757894489101366, 0.9943533048068733, 0.9757894489101369, 1.0270338986864258","0.06421151245754023, 0.06750374535443793, 0.06462558145682845, 0.06750374535443819, 0.06421151245753977"
5.63265306122449,0.8163265306122449,"0.23651550643561742, -0.11802683945348685, 0.2630226660357328, -0.1180268394534863, 0.2365155064356227","1.031228158604402, 0.9719038966250882, 0.9937358895410179, 0.9719038966250889, 1.0312281586044019","0.0680550843385676, 0.06767562483184716, 0.06551087909457197, 0.06767562483184765, 0.06805508433856697"
5.63265306122449,0.8979591836734694,"0.23523630041295196, -0.11711318049527897, 0.26375376016465735, -0.11711318049527508, 0.23523630041294494","1.0357546362686754, 0.9676766877772831, 0.9931373519080846, 0.9676766877772833, 1.0357546362686756","0.07222269259010787, 0.06782059854749312, 0.06642536856625714, 0.06782059854749273, 0.07222269259010834"
5.63265306122449,0.9795918367346939,"0.23382292099788474, -0.11612885773942627, 0.2646118734830853, -0.11612885773942377, 0.23382292099788005","1.0406477627334265, 0.9630691934344262, 0.9925660876642958, 0.963069193434427, 1.0406477627334274","0.07674742782012715, 0.0679332289284694, 0.06737225832486636, 0.06793322892846912, 0.07674742782012749"
5.63265306122449,1.0612244897959184,"0.23226560566703505, -0.11506762508981058, 0.2656040388455529, -0.11506762508980839, 0.23226560566703064","1.0459456703188699, 0.9580381237083839, 0.992032411945493, 0.9580381237083841, 1.0459456703188703","0.08166593635165324, 0.06800736102360305, 0.06835561852239438, 0.06800736102360277, 0.08166593635165362"
5.63265306122449,1.1428571428571428,"0.2305540675752608, -0.11392266815350427, 0.266737201156489, -0.1139226681535023, 0.23055406757525662","1.0516905024695147, 0.9525350410642279, 0.991548912932515, 0.952535041064227, 1.051690502469515","0.08701871246980004, 0.0680360515551906, 0.06938057178594186, 0.06803605155519024, 0.08701871246980052"
5.63265306122449,1.2244897959183674,"0.2286775701500082, -0.11268659624200042, 0.2680180521839867, -0.11268659624199726, 0.22867757015000303","1.057928698932739, 0.9465058717942907, 0.9911308585459421, 0.94650587179429, 1.057928698932739","0.09285036592496179, 0.06801150052824942, 0.07045352062194314, 0.06801150052824928, 0.0928503659249621"
5.63265306122449,1.3061224489795917,"0.22662504524530952, -0.11135145325599424, 0.2694528160213709, -0.11135145325598941, 0.22662504524530314","1.064711229696178, 0.9398904411768909, 0.9907966582538609, 0.9398904411768907, 1.0647112296961776","0.0992098390446803, 0.06792499021369147, 0.07158241576839808, 0.0679249902136916, 0.09920983904468067"
5.63265306122449,1.3877551020408163,"0.2243852675386978, -0.10990875539650283, 0.27104697571560693, -0.10990875539650316, 0.22438526753870155","1.0720937406236297, 0.9326220699384273, 0.9905683788758878, 0.9326220699384278, 1.0720937406236302","0.10615053775561083, 0.0677668383156739, 0.0727770689121072, 0.06776683831567423, 0.10615053775561042"
5.63265306122449,1.469387755102041,"0.22194709992599387, -0.10834956564056233, 0.27280493142914025, -0.10834956564056036, 0.22194709992598868","1.0801365605534023, 0.924627285385724, 0.9904723081217482, 0.9246272853857241, 1.0801365605534023","0.11373032822604583, 0.06752637463498086, 0.074049511303933, 0.06752637463498082, 0.11373032822604624"
5.63265306122449,1.5510204081632653,"0.2192998263094968, -0.10666461699415047, 0.2747295813693049, -0.10666461699415272, 0.21929982630950154","1.088904503733561, 0.9158257203562824, 0.9905395518203133, 0.9158257203562832, 1.0889045037335607","0.12201133568634827, 0.06719195354979021, 0.07541439647771382, 0.06719195354979034, 0.12201133568634749"
5.63265306122449,1.6326530612244898,"0.2164335888023077, -0.10484449840904542, 0.2768218192134737, -0.10484449840904708, 0.21643358880231123","1.0984663833298163, 0.9061302968699667, 0.9908066396004351, 0.9061302968699672, 1.0984663833298165","0.13105946473072652, 0.06675101805308851, 0.07688943992808783, 0.06675101805308871, 0.13105946473072605"
5.63265306122449,1.7142857142857142,"0.213339945120963, -0.10287991845015551, 0.27907994665838787, -0.10287991845015387, 0.21333994512095877","1.1088941326899153, 0.8954478180914405, 0.9913160984372902, 0.8954478180914396, 1.1088941326899153","0.14094354234762724, 0.06619023464243774, 0.0784958805632249, 0.06619023464243737, 0.1409435423476276"
5.63265306122449,1.7959183673469388,"0.21001255762996693, -0.10076206159891754, 0.28149900793790206, -0.10076206159891665, 0.21001255762996543","1.1202614137865852, 0.8836801194646129, 0.9921169334976052, 0.8836801194646122, 1.1202614137865852","0.15173396867540875, 0.06549572152026208, 0.0802589373605485, 0.06549572152026202, 0.151733968675409"
5.63265306122449,1.8775510204081634,"0.20644801666889495, -0.09848304946655631, 0.2840700655953212, -0.09848304946655587, 0.206448016668896","1.1326415814363036, 0.8707259529242464, 0.9932649312789024, 0.8707259529242461, 1.1326415814363031","0.1635007504986999, 0.06465339443203545, 0.08220821945599852, 0.0646533944320356, 0.16350075049869975"
5.63265306122449,1.9591836734693877,"0.20264678585835338, -0.09603651291161233, 0.2867794541065173, -0.09603651291161192, 0.20264678585835394","1.1461048746071085, 0.8564837891123369, 0.9948226725611109, 0.8564837891123366, 1.146104874607108","0.17631079559053922, 0.06364945369475658, 0.08437802896326684, 0.06364945369475661, 0.17631079559053886"
5.63265306122449,2.0408163265306123,"0.19861423475669465, -0.09341826978191542, 0.289608070050443, -0.09341826978191425, 0.19861423475669238","1.1607147320875186, 0.8408557101076714, 0.996859115609622, 0.8408557101076706, 1.1607147320875193","0.1902243714278056, 0.06247103074027803, 0.0868074742603786, 0.06247103074027783, 0.19022437142780602"
5.63265306122449,2.122448979591837,"0.19436169423545513, -0.0906270857229477, 0.2925307829749868, -0.09062708572294684, 0.19436169423545221","1.1765231905465792, 0.8237525146267738, 0.9994485896532925, 0.8237525146267735, 1.1765231905465794","0.20529069055512353, 0.06110700072230554, 0.08954029009251946, 0.061107000722305474, 0.20529069055512444"
5.63265306122449,2.204081632653061,"0.18990743399786553, -0.08766547218166412, 0.2955160763675976, -0.08766547218166382, 0.1899074339978652","1.1935654296615144, 0.80510005308182, 1.002669034513334, 0.8051000530818202, 1.1935654296615152","0.22154268743139743, 0.059548947503394685, 0.09262424474110238, 0.05954894750339478, 0.2215426874313978"
5.63265306122449,2.2857142857142856,"0.1852774247234459, -0.08454044822173518, 0.2985260469965776, -0.08454044822173418, 0.18527742472344616","1.2118536876143549, 0.7848466389304541, 1.006599346910383, 0.7848466389304548, 1.2118536876143553","0.23899120359929896, 0.05779223780346096, 0.09611001144288177, 0.05779223780346105, 0.2389912035992989"
5.63265306122449,2.36734693877551,"0.1805057183647732, -0.08126416562732713, 0.3015168945251091, -0.0812641656273263, 0.18050571836477153","1.2313709751604542, 0.7629711444719252, 1.0113157607352428, 0.7629711444719259, 1.2313709751604547","0.25761899377480096, 0.05583712393102301, 0.10004940099406606, 0.05583712393102312, 0.2576189937748012"
5.63265306122449,2.4489795918367347,"0.17563427184705266, -0.07785427767276507, 0.30444001165142404, -0.07785427767276534, 0.1756342718470541","1.252065242468103, 0.7394911040624645, 1.0168873069388666, 0.739491104062465, 1.2520652424681016","0.27737518063190936, 0.05368975447547701, 0.10449290476292944, 0.05368975447547707, 0.2773751806319082"
5.63265306122449,2.5306122448979593,"0.17071206577937534, -0.07433393072555836, 0.30724372989236615, -0.07433393072555838, 0.17071206577937525","1.2738448503075837, 0.7144698659448345, 1.0233705674951634, 0.714469865944835, 1.2738448503075832","0.29817097296411205, 0.05136293915788915, 0.10948658781674976, 0.05136293915788922, 0.29817097296411166"
5.63265306122449,2.6122448979591835,"0.16579344088518677, -0.0707312838038762, 0.30987568583737823, -0.07073128380387605, 0.16579344088518727","1.2965762947923662, 0.6880216362741416, 1.0308041378669848, 0.6880216362741426, 1.296576294792366","0.31987755258138906, 0.048876500782884455, 0.11506849675550496, 0.048876500782884635, 0.31987755258138856"
5.63265306122449,2.693877551020408,"0.1609356900893371, -0.06707851854485522, 0.312285656911037, -0.0670785185448548, 0.160935690089336","1.3200850567044866, 0.6603132421206099, 1.0392034023498062, 0.6603132421206092, 1.3200850567044866","0.34232695743905345, 0.04625706712129385, 0.12126488811135756, 0.046257067121293766, 0.3423269574390542"
5.63265306122449,2.7755102040816326,"0.1561960864921867, -0.06341038524324533, 0.3144285975021161, -0.06341038524324566, 0.15619608649218814","1.3441601419180151, 0.6315616840430296, 1.0485563480779108, 0.6315616840430296, 1.3441601419180134","0.3653164944993007, 0.04353721623234254, 0.1280867077121203, 0.043537216232342774, 0.36531649449929937"
5.63265306122449,2.857142857142857,"0.1516286630013971, -0.05976242238793521, 0.316267518773076, -0.05976242238793489, 0.1516286630013967","1.3685623586558382, 0.6020270728720476, 1.0588211369442289, 0.6020270728720469, 1.3685623586558386","0.38861671627341454, 0.04075398613763631, 0.13552681739606773, 0.04075398613763624, 0.3886167162734151"
5.63265306122449,2.938775510204082,"0.14728114604785686, -0.05616906168220137, 0.3177758312686906, -0.05616906168220069, 0.14728114604785475","1.393035732128718, 0.572001275342667, 1.069925985057229, 0.5720012753426652, 1.393035732128722","0.41198237849296415, 0.03794687505127907, 0.1435584364656511, 0.037946875051278896, 0.41198237849296754"
5.63265306122449,3.020408163265306,"0.14319244917231727, -0.05266186270336884, 0.3189388270621043, -0.05266186270336887, 0.14319244917231644","1.4173208484918458, 0.541793362018546, 1.0817715789792168, 0.5417933620185462, 1.4173208484918463","0.4351652170877856, 0.035155561355414255, 0.15213512752059205, 0.0351555613554142, 0.4351652170877862"
5.63265306122449,3.1020408163265305,"0.13939104231776828, -0.049268097816023454, 0.31975411099651097, -0.04926809781602308, 0.13939104231776733","1.4411685262689242, 0.5117135469462837, 1.094235853569584, 0.5117135469462833, 1.4411685262689238","0.4579270105411246, 0.03241763190068521, 0.1611924303918484, 0.03241763190068519, 0.4579270105411249"
5.63265306122449,3.183673469387755,"0.13589435139061212, -0.04600983445668767, 0.32023096613215113, -0.046009834456687604, 0.13589435139061218","1.4643521581897787, 0.48205755644088033, 1.1071805707386844, 0.48205755644088044, 1.4643521581897803","0.4800513459095243, 0.029766603626724904, 0.170650986433396, 0.029766603626724935, 0.48005134590952475"
5.63265306122449,3.2653061224489797,"0.1327091567438538, -0.042903561635586424, 0.3203888097834663, -0.042903561635586035, 0.13270915674385236","1.4866773645046027, 0.45309319885726346, 1.1204588732762666, 0.4530931988572628, 1.4866773645046063","0.5013527960373634, 0.027230458266728815, 0.18042076546272343, 0.02723045826672877, 0.501352796037366"
5.63265306122449,3.3469387755102042,"0.12983280085437732, -0.039960310938019966, 0.320255020167286, -0.03996031093802016, 0.12983280085437682","1.5079881502669448, 0.42505039755853075, 1.133922904349049, 0.4250503975585307, 1.5079881502669457","0.5216827450674861, 0.024830804450313184, 0.1904058655434846, 0.02483080445031317, 0.5216827450674869"
5.63265306122449,3.4285714285714284,"0.1272549216580971, -0.03718615443581795, 0.31986246555544134, -0.03718615443581805, 0.12725492165809754","1.5281693951393107, 0.39811526369284855, 1.1474306823356817, 0.3981152636928489, 1.5281693951393094","0.5409317075977956, 0.02258266771057317, 0.20050932747168093, 0.022582667710573306, 0.5409317075977949"
5.63265306122449,3.510204081632653,"0.12495940939682548, -0.03458293371571487, 0.3192470486377792, -0.03458293371571476, 0.12495940939682537","1.5471460580252179, 0.372428116582074, 1.1608516507854172, 0.3724281165820742, 1.5471460580252188","0.55902851450313, 0.020494815961723804, 0.2106374814439891, 0.020494815961723836, 0.5590285145031304"
5.63265306122449,3.5918367346938775,"0.12292632759620364, -0.0321490819540762, 0.3184455087157463, -0.03214908195407602, 0.12292632759620259","1.5648798420842405, 0.3480848542468434, 1.1740706073378322, 0.34808485424684343, 1.564879842084243","0.5759370829245373, 0.018570472926308968, 0.2207034870617832, 0.01857047292630896, 0.5759370829245389"
5.63265306122449,3.673469387755102,"0.12113361587062393, -0.02988043165575717, 0.3174936315702658, -0.029880431655757295, 0.12113361587062499","1.581364209505491, 0.32514079985008815, 1.186989981288845, 0.325140799850089, 1.5813642095054907","0.5916516224666157, 0.016808256993197254, 0.23062989473761905, 0.01680825699319733, 0.5916516224666146"
5.63265306122449,3.7551020408163267,"0.11955847612801113, -0.027770939488547502, 0.31642492672107336, -0.027770939488547128, 0.11955847612801007","1.5966185953739336, 0.3036160896136902, 1.1995306300247508, 0.3036160896136897, 1.5966185953739347","0.6061910889319317, 0.015203199280197033, 0.24035020852084937, 0.015203199280197074, 0.6061910889319335"
5.63265306122449,3.836734693877551,"0.11817841494395925, -0.025813295225256244, 0.3152697605625942, -0.025813295225256293, 0.11817841494395892","1.610682513872336, 0.2835017647659778, 1.2116314427233696, 0.283501764765978, 1.610682513872336","0.6195935461196752, 0.013747728762564738, 0.24980954415589052, 0.013747728762564798, 0.6195935461196757"
5.63265306122449,3.9183673469387754,"0.11697196440028818, -0.023999408251924002, 0.3140548877032733, -0.02399940825192399, 0.11697196440028695","1.6236100472270434, 0.26476591166425684, 1.223248082217399, 0.26476591166425617, 1.6236100472270465","0.631910901597595, 0.012432551537741185, 0.2589645444071642, 0.012432551537741128, 0.6319109015975977"
5.63265306122449,4.0,"0.11591913109624252, -0.022320781258326587, 0.3128033003241666, -0.022320781258327038, 0.11591913109624447","1.6354650104328405, 0.2473593984288036, 1.2343511822767141, 0.24735939842880417, 1.6354650104328368","0.6432042936459048, 0.011247386783813245, 0.2677827405682016, 0.011247386783813242, 0.6432042936459014"
5.755102040816326,0.0,"0.24410455845090126, -0.1251160724866261, 0.2620230280714462, -0.1251160724866277, 0.24410455845090653","1.0, 1.0, 1.0000000000000007, 1.0000000000000002, 1.0000000000000004","0.038820474567383544, 0.06340389767876718, 0.05594716907596287, 0.06340389767876732, 0.03882047456738335"
5.755102040816326,0.08163265306122448,"0.24376816817555677, -0.12468799838270134, 0.26183966041428564, -0.12468799838270339, 0.2437681681755624","1.0021723953327648, 0.9981089150873844, 0.9994373791597011, 0.9981089150873843, 1.0021723953327641","0.040696636286374016, 0.06366191892526143, 0.05662113916021748, 0.06366191892526135, 0.040696636286373544"
5.755102040816326,0.16326530612244897,"0.24336801302902886, -0.12422890037610987, 0.2617217746941588, -0.12422890037611195, 0.24336801302903427","1.0044777694900944, 0.9960888918866357, 0.9988666772465407, 0.9960888918866365, 1.0044777694900953","0.042705495170028904, 0.06392058420904413, 0.057314451624874925, 0.0639205842090443, 0.04270549517002861"
5.755102040816326,0.24489795918367346,"0.2428997071444457, -0.1237366653159851, 0.2616739163430758, -0.12373666531598534, 0.2428997071444487","1.006928780726649, 0.9939270721248957, 0.9982882942969107, 0.9939270721248963, 1.0069287807266494","0.04485911810473291, 0.06417842843169702, 0.058027154390749604, 0.06417842843169722, 0.04485911810473281"
5.755102040816326,0.32653061224489793,"0.24235848756228007, -0.12320893733136165, 0.26170089953815784, -0.1232089373313619, 0.24235848756228576","1.0095394155180195, 0.991609104300919, 0.9977029603621234, 0.9916091043009186, 1.0095394155180193","0.047170870448560255, 0.064433771704085, 0.05875941014617604, 0.06443377170408503, 0.04717087044855991"
5.755102040816326,0.40816326530612246,"0.24173918421757545, -0.12264309262374379, 0.2618078168123308, -0.12264309262374362, 0.24173918421758148","1.0123251495060641, 0.9891189497072271, 0.9971118015734175, 0.9891189497072277, 1.0123251495060652","0.049655569420982516, 0.0646846883365413, 0.0595115216636812, 0.06468468833654147, 0.04965556942098211"
5.755102040816326,0.4897959183673469,"0.24103618899248025, -0.12203621179231217, 0.262000045599658, -0.12203621179231139, 0.24103618899248527","1.015303126888885, 0.9864386632197679, 0.9965164197826945, 0.9864386632197684, 1.0153031268888846","0.052329655194601615, 0.06492897196766687, 0.06028396382921288, 0.06492897196766713, 0.05232965519460103"
5.755102040816326,0.5714285714285714,"0.2402434244873632, -0.12138504971472855, 0.2622832504547249, -0.12138504971472838, 0.24024342448736918","1.0184923597116335, 0.9835481461538236, 0.9959189882690866, 0.9835481461538236, 1.018492359711633","0.05521138103308859, 0.0651640964692594, 0.061077423821716444, 0.06516409646925983, 0.055211381033088244"
5.755102040816326,0.6530612244897959,"0.23935431346273348, -0.12068600312388209, 0.2626633793222914, -0.12068600312388203, 0.2393543134627394","1.0219139482603665, 0.9804248685323618, 0.9953223664145437, 0.9804248685323622, 1.0219139482603667","0.058321023567558306, 0.06538717229924937, 0.061892851179223635, 0.06538717229924987, 0.058321023567558056"
5.755102040816326,0.7346938775510204,"0.23836175030013246, -0.11993507619257898, 0.2631466517848895, -0.11993507619257712, 0.2383617503001342","1.0255913232983938, 0.9770435583516724, 0.9947302366998689, 0.9770435583516723, 1.0255913232983944","0.061681113849256744, 0.06559489804661997, 0.06273151983295598, 0.06559489804662016, 0.06168111384925692"
5.755102040816326,0.8163265306122449,"0.2372580763484004, -0.1191278446823407, 0.26373953666787614, -0.11912784468234094, 0.23725807634840523","1.0295505101226818, 0.9733758559572407, 0.9941472678401565, 0.9733758559572421, 1.0295505101226825","0.06531668907288066, 0.0657835070391952, 0.06359510458321324, 0.06578350703919539, 0.06531668907288027"
5.755102040816326,0.8979591836734694,"0.2360350616918002, -0.11825941955230057, 0.2644487157209967, -0.11825941955230126, 0.23603506169180477","1.0338204132351807, 0.9693899325964785, 0.9935793083366828, 0.9693899325964785, 1.0338204132351805","0.06925556371536119, 0.06594870908980904, 0.06448577492490637, 0.06594870908980917, 0.06925556371536071"
5.755102040816326,0.9795918367346939,"0.23468389673110232, -0.11732441138793379, 0.2652810293136647, -0.11732441138793076, 0.23468389673109713","1.0384331186596907, 0.9650500737793448, 0.9930336151219279, 0.9650500737793443, 1.0384331186596905","0.0735286171255385, 0.06608562776903187, 0.06540630959241932, 0.06608562776903183, 0.0735286171255388"
5.755102040816326,1.0612244897959184,"0.23319519804212663, -0.11631689763076106, 0.26624339917727113, -0.11631689763075753, 0.23319519804212094","1.0434242083806002, 0.9603162305006379, 0.9925191222375256, 0.9603162305006377, 1.043424208380601","0.07817009213138439, 0.06618873405254479, 0.0663602356548964, 0.06618873405254451, 0.07817009213138494"
5.755102040816326,1.1428571428571428,"0.23155903429823343, -0.11523039540673563, 0.2673427222170063, -0.11523039540673216, 0.2315590342982278","1.0488330777724058, 0.9551435449816112, 0.9920467544919649, 0.9551435449816106, 1.0488330777724055","0.08321789575209973, 0.06625177784770314, 0.06735199640422786, 0.06625177784770264, 0.08321789575210015"
5.755102040816326,1.2244897959183674,"0.22976497963248244, -0.11405784380168288, 0.26858572833840255, -0.11405784380167966, 0.22976497963247686","1.0547032419074909, 0.9494818627831548, 0.9916297906187079, 0.9494818627831537, 1.0547032419074902","0.08871388830671004, 0.06626771981658726, 0.06838715255693896, 0.06626771981658684, 0.08871388830671027"
5.755102040816326,1.3061224489795917,"0.22780220366447781, -0.11279160075061706, 0.2699787941722812, -0.11279160075061459, 0.22780220366447265","1.061082609902095, 0.943275250426885, 0.9912842793420387, 0.9432752504268844, 1.0610826099020945","0.0947041407450951, 0.06622866715053556, 0.06947262130966923, 0.06622866715053523, 0.09470414074509555"
5.755102040816326,1.3877551020408163,"0.22565960947181268, -0.11142346131160386, 0.2715277036795847, -0.11142346131160344, 0.22565960947181032","1.0680236975881607, 0.9364615476090006, 0.9910295096056794, 0.9364615476090008, 1.0680236975881618","0.10123913151439917, 0.06612581858618863, 0.07061695735394256, 0.06612581858618853, 0.1012391315143997"
5.755102040816326,1.469387755102041,"0.2233260329135805, -0.10994470596696496, 0.27323734610676753, -0.10994470596696643, 0.22332603291358347","1.0755837374128943, 0.9289719963082439, 0.9908885325577246, 0.9289719963082438, 1.075583737412894","0.10837384336701587, 0.06594942605035603, 0.07183067879322938, 0.06594942605035593, 0.10837384336701543"
5.755102040816326,1.5510204081632653,"0.22079051865781468, -0.10834618965504586, 0.2751113419944602, -0.10834618965504808, 0.2207905186578188","1.0838246303368426, 0.9207310061048462, 0.990888727116622, 0.920731006104847, 1.0838246303368417","0.11616770700390056, 0.06568878291709952, 0.07312663863307736, 0.06568878291709958, 0.1161677070038999"
5.755102040816326,1.6326530612244898,"0.2180426895914513, -0.10661848430084953, 0.27715158941879936, -0.10661848430084966, 0.21804268959144874","1.0928126677145262, 0.9116561361089037, 0.9910623923531388, 0.9116561361089035, 1.0928126677145262","0.12468432242800985, 0.06533225192834781, 0.07452043863453207, 0.06533225192834789, 0.12468432242801056"
5.755102040816326,1.7142857142857142,"0.21507322632452164, -0.10475208934383648, 0.27935772603862785, -0.10475208934383792, 0.21507322632452472","1.102617932398161, 0.9016583987298434, 0.991447337743991, 0.901658398729843, 1.1026179323981615","0.1339908710438744, 0.06486734922478124, 0.07603087622128679, 0.06486734922478106, 0.1339908710438743"
5.755102040816326,1.7959183673469388,"0.21187447126665443, -0.10273772559980102, 0.281726508666292, -0.1027377255998019, 0.21187447126665665","1.1133132693275551, 0.8906430177213089, 0.9920874259022718, 0.8906430177213098, 1.1133132693275551","0.1441571135507934, 0.06428090431887296, 0.07768040613547711, 0.0642809043188731, 0.14415711355079316"
5.755102040816326,1.8775510204081634,"0.20844116596653328, -0.10056672691542035, 0.28425112189777557, -0.10056672691541996, 0.20844116596653137","1.1249726999386995, 0.8785107993900605, 0.993033001342478, 0.8785107993900597, 1.1249726999386989","0.15525385370121667, 0.0635593185906566, 0.07949558602303625, 0.06355931859065626, 0.15525385370121675"
5.755102040816326,1.9591836734693877,"0.20477131953784372, -0.09823154036993301, 0.2869204416641786, -0.09823154036993342, 0.20477131953784372","1.1376691472611218, 0.8651602959048759, 0.9943411136680043, 0.8651602959048761, 1.1376691472611213","0.16735074123934934, 0.06268894598549257, 0.08150745876067288, 0.06268894598549254, 0.1673507412393492"
5.755102040816326,2.0408163265306123,"0.20086718852534352, -0.09572633793184587, 0.2897182988130058, -0.09572633793184582, 0.2008671885253427","1.1514713475817437, 0.8504909443224368, 0.9960754161916401, 0.8504909443224367, 1.151471347581744","0.18051329646111713, 0.06165661757658435, 0.08375180444954584, 0.06165661757658434, 0.1805132964611174"
5.755102040816326,2.122448979591837,"0.19673632347687975, -0.09304772920598203, 0.292622811458206, -0.0930477292059814, 0.19673632347687747","1.1664398605358093, 0.8344073416808782, 0.9983055955666256, 0.8344073416808773, 1.1664398605358088","0.19479907387670073, 0.06045032464647643, 0.0862691731604647, 0.06045032464647636, 0.194799073876701"
5.755102040816326,2.204081632653061,"0.19239260509996187, -0.09019554543689781, 0.29560588067387233, -0.09019554543689728, 0.19239260509996114","1.1826221642705086, 0.8168247498994325, 1.0011061716601184, 0.8168247498994325, 1.1826221642705093","0.21025295466264987, 0.0590600609044064, 0.08910458918052139, 0.059060060904406415, 0.2102529546626503"
5.755102040816326,2.2857142857142856,"0.18785715595580577, -0.08717363976309617, 0.2986329676145821, -0.08717363976309656, 0.18785715595580527","1.200046946063435, 0.7976757988989499, 1.0045545100752324, 0.7976757988989486, 1.200046946063436","0.2269016765468628, 0.05747880177590399, 0.09230680461058455, 0.05747880177590372, 0.22690167654686355"
5.755102040816326,2.36734693877551,"0.18315897850367707, -0.08399062052829895, 0.30166328404924514, -0.08399062052829917, 0.1831589785036759","1.218717874594097, 0.7769181627549799, 1.008727925301847, 0.776918162754979, 1.2187178745940974","0.24474787827515998, 0.05570356717323109, 0.09592698318454326, 0.055703567173230904, 0.24474787827516073"
5.755102040816326,2.4489795918367347,"0.1783351473676857, -0.0806604089000757, 0.30465052306478174, -0.08066040890007481, 0.17833514736768302","1.2386073566976554, 0.7545427268138102, 1.013699832977069, 0.7545427268138093, 1.2386073566976576","0.2637641428402151, 0.05373647628293125, 0.10001672417214388, 0.05373647628293109, 0.26376414284021715"
5.755102040816326,2.5306122448979593,"0.17343038647754155, -0.07720249774431245, 0.30754422253354113, -0.07720249774431229, 0.1734303864775423","1.2596510058396313, 0.7305814731290172, 1.0195350420627052, 0.730581473129017, 1.2596510058396302","0.28388773736633577, 0.05158566509679373, 0.10462540010672586, 0.05158566509679378, 0.28388773736633505"
5.755102040816326,2.6122448979591835,"0.1684959034773994, -0.07364179575768107, 0.31029178456056217, -0.07364179575768215, 0.16849590347740206","1.2817437238526534, 0.7051140481636764, 1.0262844559673427, 0.7051140481636783, 1.2817437238526517","0.30501691242524925, 0.04926591027475945, 0.10979688409542847, 0.04926591027475958, 0.3050169124252469"
5.755102040816326,2.693877551020408,"0.16358744155455313, -0.07000797741846276, 0.3128410717278194, -0.07000797741846354, 0.16358744155455368","1.3047383459989974, 0.678271828848983, 1.0339796503040406, 0.6782718288489823, 1.3047383459989974","0.32700966731553394, 0.046798799672201394, 0.11556587473467682, 0.04679879967220122, 0.32700966731553394"
5.755102040816326,2.7755102040816326,"0.15876263658712558, -0.06633432676942977, 0.3151433803646076, -0.06633432676942974, 0.15876263658712625","1.3284476502138012, 0.6502383660973838, 1.0426279673776315, 0.6502383660973844, 1.3284476502138003","0.3496857420694414, 0.04421232217770643, 0.12195416622602992, 0.04421232217770657, 0.34968574206944053"
5.755102040816326,2.857142857142857,"0.15407791183790887, -0.06265615187199579, 0.3171564800681743, -0.06265615187199473, 0.15407791183790726","1.3526501498904404, 0.621245423252397, 1.0522088537143262, 0.6212454232523957, 1.3526501498904415","0.37283222935043403, 0.04153982156980151, 0.1289673213437899, 0.04153982156980152, 0.37283222935043553"
5.755102040816326,2.938775510204082,"0.1495852651277491, -0.05900893605705629, 0.318847341858615, -0.05900893605705604, 0.14958526512774817","1.3770995117687126, 0.5915644316018098, 1.0626721132589547, 0.5915644316018088, 1.3770995117687128","0.3962126452764158, 0.03881836220476005, 0.13659224370670242, 0.03881836220476004, 0.39621264527641664"
5.755102040816326,3.020408163265306,"0.14532936306848704, -0.05542645496902589, 0.3201941838010768, -0.055426454969026095, 0.1453293630684887","1.4015367848281155, 0.5614939485350201, 1.0739385332737312, 0.5614939485350207, 1.4015367848281146","0.4195786715509317, 0.036086665772737996, 0.14479608250452997, 0.03608666577273804, 0.41957867155093054"
5.755102040816326,3.1020408163265305,"0.14134532616080775, -0.0519391024436069, 0.32118755256559905, -0.05193910244360733, 0.14134532616080725","1.4257040673456634, 0.5313444369387933, 1.0859029914310858, 0.5313444369387927, 1.4257040673456634","0.44268324944539955, 0.0333828670860832, 0.15352673394594765, 0.03338286708608312, 0.4426832494454"
5.755102040816326,3.183673469387755,"0.13765746862120598, -0.0485726261728997, 0.3218303151033876, -0.04857262617289966, 0.13765746862120565","1.4493579464802333, 0.5014221782852553, 1.0984397504690226, 0.501422178285255, 1.4493579464802335","0.46529343027895204, 0.030742375076231496, 0.16271496093719795, 0.030742375076231485, 0.4652934302789525"
5.755102040816326,3.2653061224489797,"0.1342790801639724, -0.04534738825249396, 0.32213661617704287, -0.04534738825249479, 0.13427908016397383","1.4722811102956181, 0.4720142417907768, 1.1114092958272126, 0.4720142417907771, 1.4722811102956157","0.48720145435105305, 0.02819610027592717, 0.17227789528643195, 0.028196100275927137, 0.48720145435105117"
5.755102040816326,3.3469387755102042,"0.1312131549273211, -0.04227816319639868, 0.32213001653815554, -0.04227816319639788, 0.1312131549273196","1.494290930706055, 0.44337613803101833, 1.124665862525852, 0.4433761380310163, 1.4942909307060561","0.5082329153028905, 0.025769230484268248, 0.1821234810172492, 0.025769230484268147, 0.5082329153028924"
5.755102040816326,3.4285714285714284,"0.12845383427263762, -0.0393743968585365, 0.3218411251717967, -0.03937439685853711, 0.12845383427263962","1.5152444171379713, 0.4157231964997086, 1.1380647727246431, 0.41572319649970985, 1.5152444171379682","0.5282514440792849, 0.02348062762418515, 0.19215531103721056, 0.023480627624185166, 0.5282514440792816"
5.755102040816326,3.510204081632653,"0.12598826360292625, -0.03664079475796038, 0.3213050623100686, -0.036640794757960185, 0.12598826360292592","1.5350395680261955, 0.38922600789203354, 1.1514688481635418, 0.3892260078920341, 1.535039568026197","0.5471599467290816, 0.021342812444809553, 0.20227731658016188, 0.021342812444809664, 0.5471599467290826"
5.755102040816326,3.5918367346938775,"0.12379856965366914, -0.0340780932526496, 0.3205590471979609, -0.034078093252650016, 0.12379856965366953","1.5536136476783833, 0.36400964697321375, 1.1647534106968056, 0.36400964697321403, 1.5536136476783822","0.5648989073234638, 0.019362424789135878, 0.21239786990748857, 0.019362424789135874, 0.564898907323463"
5.755102040816326,3.673469387755102,"0.12186372368741921, -0.03168388415818571, 0.3196403209415328, -0.03168388415818568, 0.12186372368741916","1.5709392069766293, 0.340155961649068, 1.1778096627486048, 0.34015596164906775, 1.5709392069766284","0.5814425430634621, 0.017541007214975438, 0.22243301532946982, 0.017541007214975462, 0.581442543063462"
5.755102040816326,3.7551020408163267,"0.1201611389456726, -0.02945339837033649, 0.3185845188493278, -0.029453398370336697, 0.12016113894567299","1.587018743231175, 0.3177080150407411, 1.1905464834561685, 0.3177080150407414, 1.5870187432311744","0.5967936695722406, 0.01587595676747275, 0.23230870794428182, 0.01587595676747268, 0.5967936695722399"
5.755102040816326,3.836734693877551,"0.11866793214643573, -0.02738019272499973, 0.3174245211571284, -0.0273801927249998, 0.11866793214643545","1.6018788075947965, 0.296675768090747, 1.2028908486289123, 0.2966757680907466, 1.6018788075947956","0.6109780491454389, 0.014361512864823216, 0.24196207995687777, 0.014361512864823222, 0.6109780491454391"
5.755102040816326,3.9183673469387754,"0.11736184297428559, -0.02545671715213705, 0.316189748355701, -0.025456717152137563, 0.11736184297428753","1.6155641893126105, 0.2770422232911759, 1.2147871747924293, 0.27704222329117667, 1.6155641893126074","0.6240388220413822, 0.012989685248395333, 0.2513418532444224, 0.012989685248395435, 0.6240388220413793"
5.755102040816326,4.0,"0.1162218468421673, -0.02367476203889487, 0.314905830393453, -0.023674762038895174, 0.1162218468421698","1.6281325999373024, 0.2587694446204342, 1.2261959108845306, 0.25876944462043466, 1.6281325999372989","0.63603142310825, 0.011751063522278529, 0.2604080708560601, 0.011751063522278586, 0.6360314231082462"
5.877551020408164,0.0,"0.2445159604278396, -0.12589164513803158, 0.2627513694203789, -0.12589164513803378, 0.2445159604278468","0.9999999999999998, 0.9999999999999999, 0.9999999999999998, 1.0000000000000002, 1.0","0.037564227806875475, 0.06151167864446523, 0.05425769298523832, 0.06151167864446525, 0.03756422780687523"
5.877551020408164,0.08163265306122448,"0.24419389238901684, -0.1254808798137354, 0.2625739748494324, -0.12548087981373843, 0.2441938923890243","1.0020626492843339, 0.9981986585634665, 0.9994773843044004, 0.9981986585634668, 1.002062649284334","0.039353187113595506, 0.061770601253237106, 0.05491985847837328, 0.0617706012532372, 0.03935318711359527"
5.877551020408164,0.16326530612244897,"0.24381073287723443, -0.12504086280036697, 0.26246025984626703, -0.12504086280036575, 0.2438107328772313","1.004250599759205, 0.9962759796902647, 0.9989468411010617, 0.9962759796902649, 1.004250599759205","0.04126713238722955, 0.06203069524705003, 0.05560048356347924, 0.062030695247050044, 0.04126713238722973"
5.877551020408164,0.24489795918367346,"0.2433623128519203, -0.12456960524804137, 0.2624145847922357, -0.12456960524804098, 0.24336231285192644","1.0065756368660814, 0.9942200242463184, 0.9984086777752009, 0.9942200242463188, 1.0065756368660816","0.04331731989648919, 0.062290658069759045, 0.056299619708929424, 0.06229065806975941, 0.043317319896488876"
5.877551020408164,0.32653061224489793,"0.24284410623789104, -0.12406489145753269, 0.26244157043928046, -0.12406489145753202, 0.24284410623789338","1.0090507776788815, 0.9920174783967731, 0.9978634878486902, 0.9920174783967731, 1.0090507776788815","0.045516210317013424, 0.06254899469769, 0.057017416812836466, 0.06254899469769017, 0.04551621031701323"
5.877551020408164,0.40816326530612246,"0.2422512008754514, -0.12352425494750813, 0.26254610814410895, -0.12352425494750846, 0.24225120087545673","1.011690420143836, 0.9896534756305625, 0.9973122084512049, 0.9896534756305632, 1.0116904201438361","0.04787761126535123, 0.06280398985880428, 0.05775414505629304, 0.0628039898588044, 0.04787761126535084"
5.877551020408164,0.4897959183673469,"0.24157826828902784, -0.12294495207329786, 0.262733367568536, -0.12294495207329614, 0.24157826828903023","1.0145105098028815, 0.9871113953938669, 0.9967561896065041, 0.987111395393867, 1.0145105098028817","0.05041683663554754, 0.0630536767374862, 0.05851022257017429, 0.06305367673748627, 0.05041683663554724"
5.877551020408164,0.5714285714285714,"0.2408195327830075, -0.12232393315952364, 0.2630088007530271, -0.122323933159524, 0.240819532783013","1.0175287255560839, 0.9843726356818108, 0.996197277524211, 0.9843726356818104, 1.0175287255560836","0.053150884188731214, 0.06329580180872649, 0.059286250172298195, 0.06329580180872649, 0.053150884188730756"
5.877551020408164,0.6530612244897959,"0.23996874062294843, -0.1216578111988017, 0.26337814115170377, -0.12165781119880001, 0.23996874062294984","1.0207646858704416, 0.9814163568976446, 0.995637914463829, 0.9814163568976451, 1.0207646858704422","0.0560986326967783, 0.06352778546189428, 0.060083054697535394, 0.0635277854618945, 0.056098632696778276"
5.877551020408164,0.7346938775510204,"0.2390191303920559, -0.1209428283029135, 0.26384739582171024, -0.12094282830291334, 0.23901913039206113","1.0242401765328744, 0.9782191943899892, 0.9950812581542745, 0.9782191943899885, 1.0242401765328746","0.059281059634935074, 0.06374667811906036, 0.060901742754255146, 0.06374667811906037, 0.05928105963493495"
5.877551020408164,0.8163265306122449,"0.2379634060504271, -0.12017482028742338, 0.2644228284739908, -0.12017482028742063, 0.2379634060504263","1.0279794005007081, 0.974754937399461, 0.9945313241996625, 0.9747549373994608, 1.0279794005007081","0.06272147988444414, 0.06394911163942313, 0.06174376709855625, 0.06394911163942311, 0.06272147988444406"
5.877551020408164,0.8979591836734694,"0.2367937147935436, -0.11934918004511241, 0.265110930503135, -0.11934918004511116, 0.23679371479354472","1.0320092495236992, 0.9709941727954263, 0.9939931553617499, 0.9709941727954254, 1.0320092495236992","0.06644580504880901, 0.06413124594811476, 0.06261100822176795, 0.0641312459481145, 0.06644580504880887"
5.877551020408164,0.9795918367346939,"0.23550163253878062, -0.11846082074344552, 0.2659183764093335, -0.11846082074344122, 0.23550163253877288","1.0363595958638718, 0.9669038931121714, 0.9934730220479148, 0.9669038931121718, 1.0363595958638725","0.07048282167788929, 0.06428871105899722, 0.0635058741893622, 0.06428871105899697, 0.07048282167788984"
5.877551020408164,1.0612244897959184,"0.23407816079615862, -0.11750414039634702, 0.2668519592003788, -0.11750414039634355, 0.23407816079615285","1.0410636004472085, 0.9624470702052745, 0.9929786586950332, 0.962447070205274, 1.041063600447208","0.0748644847639827, 0.06441654500917374, 0.06443142223289793, 0.06441654500917336, 0.0748644847639829"
5.877551020408164,1.1428571428571428,"0.23251373983620802, -0.11647299004674794, 0.2679185004210816, -0.11647299004674566, 0.2325137398362037","1.046158030918288, 0.9575821986133517, 0.9925195409367215, 0.9575821986133514, 1.0461580309182883","0.07962622010674127, 0.06450912872896736, 0.06539150604721161, 0.06450912872896708, 0.07962622010674161"
5.877551020408164,1.2244897959183674,"0.23079828447913386, -0.11536064869207752, 0.26912472842588997, -0.11536064869207413, 0.2307982844791281","1.0516835790521073, 0.9522628167773848, 0.9921072083410178, 0.9522628167773844, 1.0516835790521077","0.08480722526866419, 0.06456011958630849, 0.06639095312436998, 0.06456011958630813, 0.08480722526866467"
5.877551020408164,1.3061224489795917,"0.22892125050660272, -0.1141598092287224, 0.2704771174442422, -0.11415980922872027, 0.22892125050659837","1.0576851614660137, 0.9464370200773293, 0.9917556369133151, 0.9464370200773298, 1.057685161466014","0.09045075353520816, 0.06456238632977807, 0.0674357766695605, 0.06456238632977783, 0.09045075353520833"
5.877551020408164,1.3877551020408163,"0.22687174161781723, -0.11286258111336517, 0.27198167899109826, -0.11286258111336187, 0.2268717416178117","1.0642121801818711, 0.9400469877190271, 0.9914816641982034, 0.940046987719027, 1.0642121801818711","0.096604358185279, 0.06450794947840802, 0.06853342654655283, 0.06450794947840771, 0.09660435818527947"
5.877551020408164,1.469387755102041,"0.22463866893615347, -0.11146051714778674, 0.2736436964232678, -0.11146051714778599, 0.22463866893615145","1.0713187099139962, 0.9330285564336569, 0.9913054673046944, 0.9330285564336566, 1.0713187099139967","0.10332006509009302, 0.06438793293774223, 0.06969308307629057, 0.06438793293774207, 0.10332006509009316"
5.877551020408164,1.5510204081632653,"0.22221097714920773, -0.10994467375448505, 0.27546739321055275, -0.10994467375448577, 0.22221097714921012","1.0790635666590354, 0.9253108883301635, 0.9912510900216011, 0.9253108883301635, 1.079063566659035","0.11065442986957245, 0.06419253481672192, 0.07092599605556031, 0.06419253481672207, 0.1106544298695719"
5.877551020408164,1.6326530612244898,"0.21957795312053155, -0.10830571621330617, 0.27745552618554736, -0.10830571621330659, 0.21957795312053408","1.0875101970835042, 0.9168162985375976, 0.9913470087577969, 0.9168162985375984, 1.087510197083504","0.11866842140619542, 0.06391102809740296, 0.07224586865795143, 0.0639110280974031, 0.11866842140619496"
5.877551020408164,1.7142857142857142,"0.2167296337323559, -0.1065340823432728, 0.27960889722183646, -0.106534082343273, 0.2167296337323536","1.0967263105891125, 0.9074603306070976, 0.991626717607581, 0.9074603306070981, 1.0967263105891134","0.12742705669624682, 0.06353180491102658, 0.07366928139189348, 0.06353180491102668, 0.12742705669624751"
5.877551020408164,1.7959183673469388,"0.21365732903067602, -0.1046202196315355, 0.28192578120171663, -0.10462021963153664, 0.21365732903067958","1.1067831567623834, 0.8971521934104928, 0.992129299654249, 0.8971521934104931, 1.106783156762383","0.13699869376197696, 0.06304248150498051, 0.07521614438296272, 0.0630424815049806, 0.13699869376197601"
5.877551020408164,1.8775510204081634,"0.2103542733648093, -0.10255491118747137, 0.28440127564532336, -0.10255491118747229, 0.21035427336481083","1.1177543323500763, 0.8857957006075634, 0.9928999340847213, 0.8857957006075641, 1.1177543323500772","0.14745387175203378, 0.062430084134267205, 0.07691015624442742, 0.06243008413426745, 0.147453871752034"
5.877551020408164,1.9591836734693877,"0.2068164097634765, -0.10032970420842435, 0.2870265888898932, -0.1003297042084283, 0.20681640976348306","1.1297139878671825, 0.8732908788041709, 0.9939902666572946, 0.8732908788041721, 1.129713987867183","0.1588635741999075, 0.06168133835447465, 0.07877923413768484, 0.061681338354475035, 0.15886357419990677"
5.877551020408164,2.0408163265306123,"0.20304329971611845, -0.09793744968524432, 0.28978829993825084, -0.09793744968524384, 0.203043299716119","1.1427343006853805, 0.8595364266329208, 0.9954585453633982, 0.8595364266329213, 1.1427343006853805","0.17129678868961934, 0.060783084404836235, 0.08085586212781148, 0.0607830844048363, 0.1712967886896191"
5.877551020408164,2.122448979591837,"0.1990391304311248, -0.09537295250338149, 0.2926676441445121, -0.09537295250338165, 0.19903913043112614","1.1568820978641767, 0.8444332040268998, 0.9973693962178467, 0.8444332040269003, 1.1568820978641772","0.18481725241757965, 0.05972283798423135, 0.08317728426144368, 0.059722837984231496, 0.18481725241757965"
5.877551020408164,2.204081632653061,"0.19481376388640131, -0.09263371572650383, 0.29563990368020604, -0.09263371572650414, 0.19481376388640065","1.1722145592635882, 0.8278888952816039, 0.9997930909096174, 0.8278888952816039, 1.172214559263589","0.1994793190273191, 0.058489506830061946, 0.08578544701464459, 0.058489506830061704, 0.1994793190273193"
5.877551020408164,2.2857142857142856,"0.19038373763622382, -0.08972074124324755, 0.2986740072140467, -0.08972074124324764, 0.19038373763622465","1.1887740214010463, 0.8098239053183414, 1.002804146561225, 0.8098239053183413, 1.1887740214010463","0.21532296884107327, 0.05707425719485511, 0.08872657705037726, 0.05707425719485516, 0.21532296884107316"
5.877551020408164,2.36734693877551,"0.18577309030732522, -0.08663932224576093, 0.3017324638768722, -0.0866393222457604, 0.1857730903073242","1.2065820437256831, 0.7901784016583755, 1.0064791092318814, 0.7901784016583755, 1.206582043725684","0.23236812035583318, 0.05547149935136024, 0.09205027133003067, 0.0554714993513603, 0.23236812035583393"
5.877551020408164,2.4489795918367347,"0.18101385276241783, -0.08339973482390564, 0.3047717641229772, -0.08339973482390461, 0.18101385276241508","1.2256330908468187, 0.768920199146216, 1.0108934200139297, 0.7689201991462142, 1.225633090846819","0.25060858480395254, 0.05367992818412458, 0.09580798666699641, 0.05367992818412426, 0.25060858480395387"
5.877551020408164,2.5306122448979593,"0.17614603072804305, -0.08001771302895788, 0.3077433646018312, -0.08001771302895708, 0.176146030728041","1.24588840912189, 0.7460529124285853, 1.0161173568990511, 0.7460529124285853, 1.245888409121891","0.2700062205588998, 0.05170351733720014, 0.10005085483101873, 0.05170351733719991, 0.2700062205589002"
5.877551020408164,2.6122448979591835,"0.17121692016478207, -0.07651458348840456, 0.31059532664724476, -0.07651458348840465, 0.17121692016478277","1.2672708926146108, 0.7216235120102348, 1.0222111907503109, 0.7216235120102348, 1.2672708926146112","0.2904860504627835, 0.049552330899443484, 0.10482682497680676, 0.04955233089944343, 0.29048605046278336"
5.877551020408164,2.693877551020408,"0.16627965456492258, -0.07291695197732276, 0.3132745948248014, -0.07291695197732254, 0.16627965456492175","1.2896618764335273, 0.6957281842727172, 1.0292198785875122, 0.695728184272717, 1.2896618764335288","0.31193324010835044, 0.047242996636139144, 0.11017724778800769, 0.047242996636138956, 0.31193324010835155"
5.877551020408164,2.7755102040816326,"0.16139098681600972, -0.06925588171171024, 0.31572978979140187, -0.06925588171170907, 0.1613909868160075","1.3129007869619058, 0.668515307831806, 1.0371678104125752, 0.6685153078318053, 1.3129007869619067","0.33419282430266134, 0.04479869218769008, 0.11613315295449435, 0.04479869218769006, 0.3341928243026626"
5.877551020408164,2.857142857142857,"0.15660844530440132, -0.06556557957456069, 0.3179142685403174, -0.06556557957456127, 0.1566084453044027","1.3367883543387322, 0.6401845077754409, 1.046054275771653, 0.6401845077754412, 1.3367883543387298","0.3570728514297593, 0.042248540024725945, 0.12271160575381904, 0.04224854002472605, 0.35707285142975786"
5.877551020408164,2.938775510204082,"0.15198714518686274, -0.061881698414869124, 0.3197891064560129, -0.06188169841486944, 0.15198714518686285","1.3610936379201617, 0.610981180202803, 1.0558503637540722, 0.6109811802028025, 1.3610936379201608","0.3803511777780414, 0.03962638859403636, 0.12991262002143855, 0.03962638859403623, 0.3803511777780411"
5.877551020408164,3.020408163265306,"0.14757664019177585, -0.05823944710514442, 0.32132561382673785, -0.058239447105144296, 0.14757664019177497","1.385564493636694, 0.5811865516898027, 1.0664979093470064, 0.5811865516898022, 1.3855644936366958","0.40378554753387574, 0.03696906284564371, 0.13771711365655104, 0.03696906284564363, 0.4037855475338773"
5.877551020408164,3.1020408163265305,"0.1434182294580546, -0.05467174849852027, 0.32250703808093184, -0.05467174849851991, 0.14341822945805388","1.4099404653803616, 0.5511041134114227, 1.077910842416433, 0.551104113411422, 1.4099404653803633","0.42712597579521466, 0.03431427151814303, 0.14608629540648418, 0.034314271518143, 0.4271259757952163"
5.877551020408164,3.183673469387755,"0.13954306935122507, -0.05120768045134774, 0.32332922220024496, -0.051207680451347964, 0.13954306935122562","1.4339665924496534, 0.5210439436550114, 1.0899789277906706, 0.521043943655012, 1.4339665924496523","0.45012798553679717, 0.0316984307274741, 0.1549626754565849, 0.03169843072747416, 0.450127985536796"
5.877551020408164,3.2653061224489797,"0.13597129472917924, -0.04787137594466834, 0.32380016243097987, -0.04787137594466785, 0.13597129472917768","1.4574064434597498, 0.49130680907048907, 1.1025734949395227, 0.49130680907048874, 1.457406443459753","0.47256507965051286, 0.02915468037798135, 0.16427263918722879, 0.02915468037798127, 0.47256507965051514"
5.877551020408164,3.3469387755102042,"0.13271216903159916, -0.04468146340520987, 0.3239385887472204, -0.044681463405210245, 0.13271216903160055","1.4800528703877491, 0.4621699065194998, 1.1155544461855038, 0.4621699065195011, 1.4800528703877462","0.49423900887222716, 0.026711326101187566, 0.17393027719118848, 0.026711326101187673, 0.49423900887222466"
5.877551020408164,3.4285714285714284,"0.12976511093727366, -0.04165102720228285, 0.32377183253001784, -0.04165102720228302, 0.12976511093727422","1.501735460636755, 0.4338756992192552, 1.1287776802879794, 0.43387569921925495, 1.5017354606367537","0.5149868632454152, 0.024390849434431414, 0.18384198757969936, 0.0243908494344315, 0.5149868632454145"
5.877551020408164,3.510204081632653,"0.12712133053859642, -0.03878798905132086, 0.323333317025449, -0.03878798905132058, 0.1271213305385961","1.5223242962791688, 0.4066246550086996, 1.142102097424263, 0.406624655008699, 1.5223242962791685","0.5346846206968658, 0.022209520901546504, 0.193911296662514, 0.022209520901546487, 0.5346846206968661"
5.877551020408164,3.5918367346938775,"0.1247657687292939, -0.03609576968160001, 0.3226600019046135, -0.036095769681599624, 0.12476576872929274","1.5417302311755, 0.3805720038592535, 1.1553955299304939, 0.3805720038592527, 1.541730231175504","0.5532473619310639, 0.020177554178309867, 0.20404338392515597, 0.02017755417830988, 0.553247361931067"
5.877551020408164,3.673469387755102,"0.12267906200980638, -0.03357408725617825, 0.32179005049274345, -0.033574087256178, 0.12267906200980638","1.559902334773248, 0.35582806374968234, 1.1685392029541408, 0.35582806374968184, 1.5599023347732475","0.5706267786364426, 0.018299675024553222, 0.2141489190320729, 0.018299675024553177, 0.5706267786364424"
5.877551020408164,3.7551020408163267,"0.12083932625922067, -0.031219773860748215, 0.32076089520305334, -0.031219773860748493, 0.12083932625922245","1.576823369867008, 0.33246133171247627, 1.1814305968410332, 0.3324613317124767, 1.576823369867006","0.5868068088461453, 0.01657595266012599, 0.22414697940575595, 0.01657595266012612, 0.5868068088461431"
5.877551020408164,3.836734693877551,"0.11922363837463756, -0.02902752892760828, 0.3196077811059419, -0.029027528927608653, 0.11922363837463762","1.592504187455162, 0.31050341098615075, 1.1939848031173752, 0.3105034109861514, 1.5925041874551633","0.6017982461838187, 0.015002748255702952, 0.23396697544188463, 0.015002748255702933, 0.6017982461838192"
5.877551020408164,3.9183673469387754,"0.11780917152596015, -0.02699056587276038, 0.31836278869359924, -0.026990565872760386, 0.11780917152596126","1.6069777962895642, 0.2899548981750688, 1.2061346110707358, 0.28995489817506875, 1.6069777962895617","0.6156330477381211, 0.013573663267049854, 0.24354963799791154, 0.013573663267049873, 0.615633047738119"
5.877551020408164,4.0,"0.11657399610534241, -0.025101137826179565, 0.31705428344167186, -0.0251011378261803, 0.11657399610534541","1.6202936699188268, 0.2707915147649162, 1.2178296306325185, 0.27079151476491703, 1.620293669918822","0.6283588776987679, 0.012280406822142403, 0.25284720675703687, 0.01228040682214248, 0.6283588776987631"
6.0,0.0,"0.24490737054434608, -0.12662996102904672, 0.2634451809694063, -0.12662996102904395, 0.24490737054433834","1.0, 1.0, 0.9999999999999998, 0.9999999999999992, 0.9999999999999993","0.03636299877833299, 0.0596923599663715, 0.05263393956393616, 0.05969235996637156, 0.03636299877833337"
6.0,0.08163265306122448,"0.24459891644706727, -0.12623575356946434, 0.26327367424479986, -0.12623575356946132, 0.24459891644705864","1.0019597224944765, 0.9982831492763715, 0.9995142564583039, 0.9982831492763725, 1.0019597224944767","0.03806965602461203, 0.059951211899798545, 0.05328366484729759, 0.05995121189979884, 0.03806965602461241"
6.0,0.16326530612244897,"0.24423189740888743, -0.1258139474812782, 0.2631641001447776, -0.12581394748128047, 0.24423189740889345","1.004037555812271, 0.9964520516164004, 0.9990207851426555, 0.9964520516163997, 1.0040375558122703","0.03989408884563822, 0.060211684487995715, 0.05395102601959915, 0.060211684487995486, 0.03989408884563794"
6.0,0.24489795918367346,"0.2438023499990415, -0.12536267145978153, 0.2631206429214743, -0.12536267145978194, 0.24380234999904807","1.0062444762203193, 0.9944956154613682, 0.9985198166366256, 0.9944956154613691, 1.0062444762203204","0.04184679964436216, 0.06047261980185121, 0.05463607845572642, 0.060472619801851396, 0.04184679964436185"
6.0,0.32653061224489793,"0.24330597296400738, -0.12487984231441332, 0.2631477387008051, -0.12487984231441346, 0.24330597296401463","1.0085926016289373, 0.9924014834813801, 0.9980118297793656, 0.9924014834813811, 1.0085926016289375","0.043939407599981585, 0.060732687441134796, 0.05533896199401373, 0.060732687441135136, 0.04393940759998104"
6.0,0.40816326530612246,"0.2427380992436681, -0.12436314233007081, 0.263250086172802, -0.12436314233007162, 0.24273809924367262","1.011095329768522, 0.9901558693943446, 0.9974976016742689, 0.9901558693943451, 1.0110953297685226","0.04618478089248997, 0.060990359662044046, 0.05605991979487093, 0.06099035966204406, 0.04618478089248989"
6.0,0.4897959183673469,"0.24209366662692805, -0.12380999422963668, 0.26343265520541015, -0.12380999422963676, 0.2420936666269351","1.0137674928424487, 0.9877433731700038, 0.9969782679750929, 0.9877433731700045, 1.0137674928424485","0.0485971847821141, 0.06124388331785502, 0.05679932223172347, 0.06124388331785528, 0.04859718478211347"
6.0,0.5714285714285714,"0.2413671874367402, -0.12321753365472371, 0.26370069243596117, -0.12321753365472352, 0.24136718743674598","1.016625530257384, 0.9851467720571997, 0.9964553953708339, 0.9851467720572007, 1.0166255302573846","0.05119244704725592, 0.061491248269801756, 0.05755769691055956, 0.0614912482698021, 0.05119244704725558"
6.0,0.6530612244897959,"0.24055271784134696, -0.12258257914888396, 0.2640597226150675, -0.12258257914888415, 0.24055271784135393","1.0196876809651654, 0.9823467847697489, 0.9959310685301741, 0.9823467847697496, 1.019687680965166","0.0539881422141139, 0.06173015192880567, 0.05833576614984883, 0.061730151928805786, 0.05398814221411341"
6.0,0.7346938775510204,"0.23964382766599626, -0.12190159973114931, 0.2645155441303007, -0.12190159973114975, 0.23964382766600223","1.0229741967601815, 0.979321806165828, 0.9954079941479818, 0.9793218061658289, 1.0229741967601818","0.057003795820679576, 0.0619579596132213, 0.05913449353023309, 0.06195795961322154, 0.0570037958206791"
6.0,0.8163265306122449,"0.23863357194688833, -0.1211706803007693, 0.26507421670775944, -0.12117068030076636, 0.23863357194688806","1.0265075775035468, 0.9760476099187834, 0.994889625155341, 0.9760476099187834, 1.0265075775035466","0.06026110959023825, 0.062171660463899894, 0.0599551414468614, 0.062171660463900075, 0.06026110959023807"
6.0,0.8979591836734694,"0.237514465950746, -0.12038548533374352, 0.2657420387659932, -0.12038548533374177, 0.23751446595074616","1.0303128286090415, 0.9724970170909981, 0.9943803085999214, 0.9724970170909978, 1.0303128286090413","0.06378420776646852, 0.06236781876011729, 0.06079934196795208, 0.06236781876011718, 0.0637842077664683"
6.0,0.9795918367346939,"0.23627846600697036, -0.11954122163970474, 0.2665255112654634, -0.11954122163970485, 0.23627846600697588","1.034417740115603, 0.9686395293079881, 0.993885461152819, 0.9686395293079879, 1.0344177401156023","0.06759990387785626, 0.06254252064792648, 0.06166918371832773, 0.0625425206479268, 0.06759990387785565"
6.0,1.0612244897959184,"0.23491695929627748, -0.11863260137108744, 0.26743128414962336, -0.11863260137108281, 0.23491695929626935","1.0388531851403981, 0.9644409265531939, 0.9934117766128159, 0.964440926553193, 1.0388531851403981","0.07173798571245116, 0.06269131655229652, 0.06256731795621423, 0.06269131655229605, 0.0717379857124516"
6.0,1.1428571428571428,"0.23342076674313106, -0.1176538070473151, 0.2684660806083706, -0.11765380704731179, 0.2334207667431252","1.0436534332633178, 0.959862831688485, 0.9929674700963964, 0.9598628316884847, 1.0436534332633187","0.07623151411097157, 0.06280915992998731, 0.06349708747368771, 0.06280915992998695, 0.07623151411097209"
6.0,1.2244897959183674,"0.23178016440011878, -0.11659846111236424, 0.26963659342449314, -0.11659846111236188, 0.231780164400114","1.048856471193127, 0.9548622469449557, 0.9925625637238352, 0.9548622469449554, 1.0488564711931265","0.081117128092248, 0.06289034357454311, 0.0644626823855693, 0.06289034357454291, 0.08111712809224834"
6.0,1.3061224489795917,"0.22998493021152405, -0.11545960352351523, 0.2709493466239852, -0.11545960352351209, 0.2299849302115179","1.0545043186043155, 0.9493910722000036, 0.9922092183913604, 0.9493910722000031, 1.0545043186043153","0.08643534452009631, 0.06292843546085361, 0.0654693272104823, 0.06292843546085343, 0.08643534452009696"
6.0,1.3877551020408163,"0.22802442480166646, -0.1142296821095673, 0.2724105146158035, -0.11422968210956419, 0.2280244248016614","1.0606433209525106, 0.9433956213259425, 0.991922115443094, 0.943395621325942, 1.0606433209525103","0.09223083466201551, 0.0629162171763176, 0.06652350378307186, 0.0629162171763174, 0.09223083466201584"
6.0,1.469387755102041,"0.22588771691023107, -0.11290056196291487, 0.27402569010536915, -0.1129005619629096, 0.22588771691022452","1.067324392976511, 0.9368161618114452, 0.9917188904240877, 0.9368161618114451, 1.0673243929765115","0.09855265219840972, 0.06284562939592338, 0.06763321430359369, 0.06284562939592336, 0.09855265219841035"
6.0,1.5510204081632653,"0.2235637661835335, -0.1114635619386796, 0.275799591510295, -0.11146356193867918, 0.22356376618353027","1.0746031760817658, 0.9295865148184772, 0.9916206181995153, 0.9295865148184769, 1.074603176081767","0.10545437714267734, 0.0627077306838205, 0.06880828798968239, 0.06270773068382036, 0.10545437714267793"
6.0,1.6326530612244898,"0.2210416780103609, -0.10990952836954235, 0.27773570071836, -0.1099095283695429, 0.22104167801036378","1.0825400595692558, 0.9216337684130678, 0.9916523440353536, 0.9216337684130675, 1.0825400595692554","0.11299412744346071, 0.06249267818915765, 0.07006073300793324, 0.0624926781891577, 0.11299412744346034"
6.0,1.7142857142857142,"0.21831104658644931, -0.10822895822141027, 0.2798358232699235, -0.10822895822140838, 0.21831104658644618","1.0911999996665422, 0.9128781762825514, 0.9918436481018131, 0.9128781762825512, 1.091199999666543","0.12123437471509475, 0.06218974154676461, 0.07140513217885128, 0.0621897415467645, 0.12123437471509521"
6.0,1.7959183673469388,"0.2153624028043883, -0.10641218582776557, 0.28209956604675335, -0.10641218582776735, 0.21536240280439134","1.1006520519704064, 0.9032333377557555, 0.992229220547677, 0.9032333377557555, 1.1006520519704062","0.13024148301387317, 0.06178736439948501, 0.07285907579937899, 0.061787364399485116, 0.13024148301387292"
6.0,1.8775510204081634,"0.21218778201918848, -0.10444964856710315, 0.2845237330958295, -0.10444964856710445, 0.2121877820191898","1.1109685135260103, 0.8926067814320751, 0.9928494100838302, 0.8926067814320762, 1.1109685135260112","0.14008487111400938, 0.061273291178514586, 0.07444361715487663, 0.06127329117851454, 0.14008487111400908"
6.0,1.9591836734693877,"0.20878142204624606, -0.10233224664894047, 0.287101649205391, -0.10233224664893825, 0.2087814220462414","1.1222235530158442, 0.8809011017775574, 0.9937506904131964, 0.8809011017775561, 1.1222235530158433","0.15083568191924715, 0.06063477962081145, 0.07618372523710268, 0.060634779620811236, 0.15083568191924762"
6.0,2.0408163265306123,"0.20514059245630806, -0.10005180952408924, 0.289822434135564, -0.10005180952408926, 0.20514059245630617","1.1344911960361248, 0.8680158209940962, 0.9949859659395571, 0.8680158209940952, 1.1344911960361248","0.1625648319270318, 0.059858921144755245, 0.07810869436834979, 0.05985892114475518, 0.16256483192703253"
6.0,2.122448979591837,"0.20126654080629436, -0.09760167506026526, 0.29267026850794053, -0.0976016750602651, 0.20126654080629558","1.147842534306115, 0.853850159596979, 0.9966146121938124, 0.8538501595969796, 1.1478425343061154","0.17534031586926913, 0.05893309041311646, 0.08025245188166286, 0.05893309041311673, 0.1753403158692693"
6.0,2.204081632653061,"0.1971655186882884, -0.09497737618409463, 0.29562371499161316, -0.09497737618409335, 0.19716551868828663","1.1623420526466401, 0.8383068871535548, 0.9987021203996099, 0.8383068871535545, 1.162342052646641","0.1892236661389794, 0.05784554053956844, 0.08265368374698114, 0.05784554053956866, 0.1892236661389805"
6.0,2.2857142857142856,"0.19284982025251263, -0.09217741217381231, 0.29865518384260126, -0.0921774121738125, 0.1928498202525114","1.1780430273794242, 0.8212973749912095, 1.0013191952587337, 0.8212973749912098, 1.1780430273794245","0.20426552455628497, 0.05658614954058852, 0.08535567671835526, 0.056586149540588514, 0.20426552455628522"
6.0,2.36734693877551,"0.18833873011197347, -0.08920405818052846, 0.30173065613711103, -0.08920405818052826, 0.1883387301119723","1.1949820557930795, 0.8027478695931077, 1.004540149227626, 0.8027478695931076, 1.1949820557930795","0.22050038622873044, 0.05514730507621954, 0.08840575913611708, 0.055147305076219365, 0.22050038622873075"
6.0,2.4489795918367347,"0.18365924144698476, -0.08606413874089258, 0.3048097945878152, -0.08606413874089344, 0.18365924144698603","1.2131729349791935, 0.7826068365184786, 1.0084404570046566, 0.7826068365184788, 1.2131729349791933","0.23794072778871087, 0.053524887516032064, 0.0918542184783943, 0.05352488751603199, 0.2379407277887104"
6.0,2.5306122448979593,"0.17884637787524638, -0.0827696636706548, 0.30784657159081674, -0.0827696636706535, 0.17884637787524515","1.2326003144388689, 0.7608529888774692, 1.0130933933673247, 0.7608529888774687, 1.2326003144388686","0.25657092993215236, 0.05171927728740765, 0.09575259173216809, 0.0517192772874077, 0.2565709299321526"
6.0,2.6122448979591835,"0.17394294697057253, -0.07933820555370297, 0.3107905171662588, -0.07933820555370313, 0.17394294697057483","1.253213775638011, 0.7375033316413835, 1.0185657854412127, 0.7375033316413838, 1.2532137756380095","0.2763416229753934, 0.049736276026611896, 0.1001512743493136, 0.04973627602661216, 0.27634162297539194"
6.0,2.693877551020408,"0.16899858289176067, -0.07579289699237016, 0.3135886282012176, -0.07579289699236941, 0.16899858289176137","1.274923193561515, 0.7126202729673539, 1.024913066942264, 0.7126202729673531, 1.274923193561514","0.29716527637787793, 0.047587800971635924, 0.10509648089785327, 0.047587800971635966, 0.29716527637787743"
6.0,2.7755102040816326,"0.1640680098765544, -0.07216195215352036, 0.31618788455393065, -0.07216195215352125, 0.16406800987655634","1.297596338674592, 0.6863166561820688, 1.0321740102866777, 0.6863166561820702, 1.2975963386745903","0.31891395018060104, 0.045292200206562896, 0.11062671238166845, 0.04529220020656298, 0.3189139501805995"
6.0,2.857142857142857,"0.15920857575935343, -0.06847767507285021, 0.31853819862699406, -0.06847767507285063, 0.15920857575935354","1.3210596052388663, 0.6587575470842006, 1.0403656953538674, 0.6587575470842015, 1.3210596052388675","0.3414200542182599, 0.04287405480220943, 0.11676902456132333, 0.042874054802209405, 0.34142005421826"
6.0,2.938775510204082,"0.15447724703889432, -0.06477500098180178, 0.32059550788581515, -0.0647750009818025, 0.1544772470388946","1.3451024511653726, 0.6301578504928022, 1.0494793966836502, 0.6301578504928027, 1.3451024511653706","0.36448067000450957, 0.04036338952019273, 0.12353551644546307, 0.040363389520192805, 0.3644806700045085"
6.0,3.020408163265306,"0.1499273898293943, -0.061089709084648586, 0.32232463851050863, -0.06108970908464889, 0.14992738982939463","1.3694856136082025, 0.6007753478334579, 1.0594780771166796, 0.6007753478334587, 1.369485613608203","0.3878654888749542, 0.03779430279875093, 0.13092052732947623, 0.03779430279875097, 0.3878654888749541"
6.0,3.1020408163265305,"0.1456057422722698, -0.057456519812315546, 0.32370155508009046, -0.05745651981231588, 0.1456057422722713","1.3939525140919815, 0.5708994711973805, 1.070296029421277, 0.5708994711973809, 1.3939525140919804","0.4113277960507955, 0.035203132007679744, 0.1388990077526301, 0.03520313200767988, 0.41132779605079434"
6.0,3.183673469387755,"0.1415499804191543, -0.05390732143449797, 0.32471468203068765, -0.053907321434497876, 0.14154998041915418","1.418242648828092, 0.5408368932685301, 1.081840915806758, 0.54083689326853, 1.4182426488280928","0.4346173391521759, 0.03262636389179231, 0.147426399546697, 0.03262636389179233, 0.43461733915217643"
6.0,3.2653061224489797,"0.13778718312500277, -0.05046974686626114, 0.32536512748251734, -0.05046974686626095, 0.13778718312500166","1.4421053549013982, 0.5108956064095862, 1.0939980773780302, 0.5108956064095855, 1.4421053549013982","0.4574935345551421, 0.030098554177398706, 0.1564401413146637, 0.030098554177398675, 0.45749353455514297"
6.0,3.3469387755102042,"0.13433333605898945, -0.04716624757172547, 0.32566582302547176, -0.04716624757172615, 0.13433333605899045","1.4653122785402748, 0.4813694131127549, 1.1066366166939423, 0.48136941311275483, 1.465312278540274","0.47973740714399193, 0.02765051682656553, 0.16586265875936637, 0.02765051682656547, 0.47973740714399116"
6.0,3.4285714285714284,"0.13119382840473504, -0.04401371103298082, 0.32563976525649074, -0.04401371103298099, 0.13119382840473615","1.4876671653652667, 0.4525245878909447, 1.1196164934875787, 0.4525245878909457, 1.4876671653652653","0.501160944296296, 0.025307983629880973, 0.17560547003801155, 0.025307983629881056, 0.5011609442962941"
6.0,3.510204081632653,"0.1283647402664977, -0.041023571856956126, 0.32531766318091776, -0.0410235718569555, 0.12836474026649664","1.5090121452327676, 0.4245899658578994, 1.132795777818667, 0.42458996585789943, 1.5090121452327696","0.521613077370307, 0.023090838331383107, 0.18557389111638434, 0.02309083833138317, 0.5216130773703084"
6.0,3.5918367346938775,"0.12583463006537532, -0.038202299106425086, 0.3247353380820995, -0.03820229910642556, 0.12583463006537587","1.5292303260434748, 0.39775103279950474, 1.146037282314042, 0.397751032799505, 1.529230326043474","0.5409821200677232, 0.02101292541098537, 0.1956717920034542, 0.02101292541098533, 0.5409821200677226"
6.0,3.673469387755102,"0.12358651821017697, -0.03555211464151217, 0.32393119286266914, -0.03555211464151245, 0.12358651821017874","1.5482450721078496, 0.37214792739576436, 1.159214000992775, 0.3721479273957658, 1.5482450721078473","0.5591950303461034, 0.019082348725797504, 0.20580592371033885, 0.019082348725797588, 0.5591950303461006"
6.0,3.7551020408163267,"0.12159981072948534, -0.03307180522685366, 0.3229439889947376, -0.03307180522685366, 0.12159981072948445","1.5660167126261229, 0.34787676459885564, 1.1722130455500421, 0.34787676459885497, 1.5660167126261255","0.5762142154243736, 0.017302124939768043, 0.21588947356287638, 0.01730212493976801, 0.5762142154243759"
6.0,3.836734693877551,"0.11985198645243406, -0.03075752185807848, 0.32181107081128857, -0.03075752185807848, 0.11985198645243456","1.582537574114823, 0.324993414674754, 1.1849380224208466, 0.324993414674754, 1.5825375741148238","0.592032739366587, 0.01567104306494044, 0.22584466935409675, 0.015671043064940403, 0.5920327393665868"
6.0,3.9183673469387754,"0.11831995612250973, -0.028603498375990195, 0.3205670845069607, -0.02860349837599028, 0.11831995612251028","1.597826192512621, 0.303518812932837, 1.1973099891090866, 0.3035188129328372, 1.5978261925126196","0.6066687541862358, 0.014184596420105864, 0.23560440289145435, 0.014184596420105805, 0.6066687541862346"
6.0,4.0,"0.11698107247221134, -0.02660265670129703, 0.31924316845817124, -0.02660265670129737, 0.11698107247221207","1.6119214046209642, 0.283444971536773, 1.2092672476845268, 0.2834449715367734, 1.6119214046209653","0.6201598243044125, 0.012835884525172736, 0.2451129573348995, 0.012835884525172668, 0.6201598243044122"
